{"type": "FeatureCollection", "features": [{"id": "0", "type": "Feature", "properties": {"kind": "L1", "value": 36.78898123593087, "building_uid": 7}, "geometry": {"type": "MultiLineString", "coordinates": [[[-90.51396565586174, 14.64293952579238], [-90.51401132007871, 14.642610180151463]], [[-90.51401132007871, 14.642610180151463], [-90.51403163452653, 14.642673635757802]], [[-90.51401132007871, 14.642610180151463], [-90.51397445133043, 14.642666119955116]]]}}, {"id": "1", "type": "Feature", "properties": {"kind": "L1", "value": 40.477979313452984, "building_uid": 8}, "geometry": {"type": "MultiLineString", "coordinates": [[[-90.51498803354795, 14.642792182555993], [-90.51493613314128, 14.643154331959778]], [[-90.51493613314128, 14.643154331959778], [-90.5149141012498, 14.643084417087454]], [[-90.51493613314128, 14.643154331959778], [-90.51497698017145, 14.643092959305365]]]}}, {"id": "2", "type": "Feature", "properties": {"kind": "L1", "value": 33.664681526869046, "building_uid": 9}, "geometry": {"type": "MultiLineString", "coordinates": [[[-90.51527373123773, 14.642791612194864], [-90.5152306278825, 14.643092812575048]], [[-90.5152306278825, 14.643092812575048], [-90.5152122926219, 14.643034669364734]], [[-90.5152306278825, 14.643092812575048], [-90.51526458913445, 14.64304176368752]]]}}, {"id": "3", "type": "Feature", "properties": {"kind": "L1", "value": 33.891256416593315, "building_uid": 10}, "geometry": {"type": "MultiLineString", "coordinates": [[[-90.51542332503075, 14.643142827697439], [-90.51546868681844, 14.642839873286432]], [[-90.51546868681844, 14.642839873286432], [-90.51548676499944, 14.642898520285902]], [[-90.51546868681844, 14.642839873286432], [-90.51543416397082, 14.642891054266126]]]}}, {"id": "4", "type": "Feature", "properties": {"kind": "L1", "value": 17.28307660086443, "building_uid": 53}, "geometry": {"type": "MultiLineString", "coordinates": [[[-90.51436105369302, 14.642703159941263], [-90.51420195731691, 14.64268362955435]], [[-90.51420195731691, 14.64268362955435], [-90.5142324908715, 14.642674076939901]], [[-90.51420195731691, 14.64268362955435], [-90.51422909986898, 14.64270026240094]]]}}, {"id": "5", "type": "Feature", "properties": {"kind": "L1", "value": 35.42909315279489, "building_uid": 54}, "geometry": {"type": "MultiLineString", "coordinates": [[[-90.51445667084428, 14.642651012924754], [-90.51441388690077, 14.642968339104298]], [[-90.51441388690077, 14.642968339104298], [-90.51439409382337, 14.642907299189753]], [[-90.51441388690077, 14.642968339104298], [-90.51444919017737, 14.642914340945898]]]}}, {"id": "6", "type": "Feature", "properties": {"kind": "L1", "value": 22.506478053568436, "building_uid": 55}, "geometry": {"type": "MultiLineString", "coordinates": [[[-90.51459110583066, 14.642688296206805], [-90.51456268884046, 14.642889717059616]], [[-90.51456268884046, 14.642889717059616], [-90.5145503537222, 14.642850868644723]], [[-90.51456268884046, 14.642889717059616], [-90.51458532578724, 14.642855545760506]]]}}, {"id": "7", "type": "Feature", "properties": {"kind": "L1", "value": 24.95862684147774, "building_uid": 105}, "geometry": {"type": "MultiLineString", "coordinates": [[[-90.51479605058954, 14.64349784275727], [-90.51483344000378, 14.643275337270094]], [[-90.51483344000378, 14.643275337270094], [-90.514845979253, 14.643318745887493]], [[-90.51483344000378, 14.643275337270094], [-90.51480734624505, 14.643312592036665]]]}}, {"id": "8", "type": "Feature", "properties": {"kind": "L1", "value": 28.61713748653591, "building_uid": 106}, "geometry": {"type": "MultiLineString", "coordinates": [[[-90.5144723793107, 14.643821588353877], [-90.51450887970353, 14.6435655298763]], [[-90.51450887970353, 14.6435655298763], [-90.51452449298634, 14.643614947195031]], [[-90.51450887970353, 14.6435655298763], [-90.51448003420535, 14.643608939675994]]]}}, {"id": "9", "type": "Feature", "properties": {"kind": "L1", "value": 32.98836346509836, "building_uid": 107}, "geometry": {"type": "MultiLineString", "coordinates": [[[-90.51388730220394, 14.643472605631946], [-90.51384101921862, 14.643767179003268]], [[-90.51384101921862, 14.643767179003268], [-90.513823835537, 14.64370997536177]], [[-90.51384101921862, 14.643767179003268], [-90.51387498158141, 14.643717592991226]]]}}, {"id": "10", "type": "Feature", "properties": {"kind": "L1", "value": 34.25541795297077, "building_uid": 108}, "geometry": {"type": "MultiLineString", "coordinates": [[[-90.51411004246306, 14.64347997415575], [-90.5140645779559, 14.643786237880267]], [[-90.5140645779559, 14.643786237880267], [-90.51404623103066, 14.643726982582967]], [[-90.5140645779559, 14.643786237880267], [-90.51409940684631, 14.643734465500643]]]}}, {"id": "11", "type": "Feature", "properties": {"kind": "L1", "value": 42.837304777277545, "building_uid": 109}, "geometry": {"type": "MultiLineString", "coordinates": [[[-90.5142529404548, 14.643525809684508], [-90.5141982448326, 14.643909098521894]], [[-90.5141982448326, 14.643909098521894], [-90.51417488430495, 14.643835121867864]], [[-90.5141982448326, 14.643909098521894], [-90.51424143383407, 14.643844124116209]]]}}, {"id": "12", "type": "Feature", "properties": {"kind": "L1", "value": 32.8197985324824, "building_uid": 110}, "geometry": {"type": "MultiLineString", "coordinates": [[[-90.51434792545649, 14.643841196073572], [-90.51439022597879, 14.643547593076528]], [[-90.51439022597879, 14.643547593076528], [-90.5144080473029, 14.643604293088451]], [[-90.51439022597879, 14.643547593076528], [-90.51435706976503, 14.64359733093971]]]}}, {"id": "13", "type": "Feature", "properties": {"kind": "L1", "value": 21.859258423923386, "building_uid": 761}, "geometry": {"type": "MultiLineString", "coordinates": [[[-90.51469012218222, 14.645011421218847], [-90.51448883875466, 14.644987184667185]], [[-90.51448883875466, 14.644987184667185], [-90.5145274277799, 14.644975013525428]], [[-90.51448883875466, 14.644987184667185], [-90.51452321961324, 14.645008142143897]]]}}, {"id": "14", "type": "Feature", "properties": {"kind": "L1", "value": 15.22392938315006, "building_uid": 176}, "geometry": {"type": "MultiLineString", "coordinates": [[[-90.5152392017467, 14.644694717455861], [-90.51522094229212, 14.644831088927633]], [[-90.51522094229212, 14.644831088927633], [-90.51521241305178, 14.644804867386402]], [[-90.51522094229212, 14.644831088927633], [-90.51523609101245, 14.644807872658525]]]}}, {"id": "15", "type": "Feature", "properties": {"kind": "L1", "value": 20.50236496829438, "building_uid": 177}, "geometry": {"type": "MultiLineString", "coordinates": [[[-90.51507479001461, 14.644803622552095], [-90.5151025333759, 14.644620394767063]], [[-90.5151025333759, 14.644620394767063], [-90.51511341133964, 14.644655890020292]], [[-90.5151025333759, 14.644620394767063], [-90.51508159781342, 14.644651323822103]]]}}, {"id": "16", "type": "Feature", "properties": {"kind": "L1", "value": 20.282616047644378, "building_uid": 178}, "geometry": {"type": "MultiLineString", "coordinates": [[[-90.51497491727501, 14.64460162560315], [-90.51494747117601, 14.644782889481036]], [[-90.51494747117601, 14.644782889481036], [-90.51493670982957, 14.644747774669685]], [[-90.51494747117601, 14.644782889481036], [-90.51496818237855, 14.644752291947658]]]}}, {"id": "17", "type": "Feature", "properties": {"kind": "L1", "value": 20.12799841724209, "building_uid": 179}, "geometry": {"type": "MultiLineString", "coordinates": [[[-90.51487341192156, 14.64458694498568], [-90.51484610046394, 14.644766816326465]], [[-90.51484610046394, 14.644766816326465], [-90.51483543560522, 14.64473196500854]], [[-90.51484610046394, 14.644766816326465], [-90.514866666368, 14.644736460126557]]]}}, {"id": "18", "type": "Feature", "properties": {"kind": "L1", "value": 28.248554042442297, "building_uid": 183}, "geometry": {"type": "MultiLineString", "coordinates": [[[-90.51466395891295, 14.643668014383119], [-90.51492313532103, 14.643706004896194]], [[-90.51492313532103, 14.643706004896194], [-90.51487285849946, 14.643720447353047]], [[-90.51492313532103, 14.643706004896194], [-90.51487945468267, 14.643677790040849]]]}}, {"id": "19", "type": "Feature", "properties": {"kind": "L1", "value": 43.28319008559466, "building_uid": 184}, "geometry": {"type": "MultiLineString", "coordinates": [[[-90.51407951075056, 14.644196286504817], [-90.51447766284755, 14.644247362193461]], [[-90.51447766284755, 14.644247362193461], [-90.51440105908992, 14.644270869621183]], [[-90.51447766284755, 14.644247362193461], [-90.51440992722081, 14.644205338744602]]]}}, {"id": "20", "type": "Feature", "properties": {"kind": "L1", "value": 42.41577600932702, "building_uid": 185}, "geometry": {"type": "MultiLineString", "coordinates": [[[-90.51411940368932, 14.643952261707822], [-90.51372962144569, 14.64389940697617]], [[-90.51372962144569, 14.64389940697617], [-90.51380486249904, 14.643876910868373]], [[-90.51372962144569, 14.64389940697617], [-90.51379568541978, 14.643941064238241]]]}}, {"id": "21", "type": "Feature", "properties": {"kind": "L1", "value": 40.91080211325412, "building_uid": 186}, "geometry": {"type": "MultiLineString", "coordinates": [[[-90.51412321274398, 14.644278906676165], [-90.5140691309796, 14.644644703805058]], [[-90.5140691309796, 14.644644703805058], [-90.51404717759505, 14.644573948257815]], [[-90.5140691309796, 14.644644703805058], [-90.51411069029714, 14.644582849441205]]]}}, {"id": "22", "type": "Feature", "properties": {"kind": "L1", "value": 42.43015778866044, "building_uid": 187}, "geometry": {"type": "MultiLineString", "coordinates": [[[-90.51398150236587, 14.64428014986126], [-90.51392794463716, 14.644659878775935]], [[-90.51392794463716, 14.644659878775935], [-90.51390468678859, 14.644586641056154]], [[-90.51392794463716, 14.644659878775935], [-90.51397061844565, 14.644595455990117]]]}}, {"id": "23", "type": "Feature", "properties": {"kind": "L1", "value": 25.457554585228856, "building_uid": 188}, "geometry": {"type": "MultiLineString", "coordinates": [[[-90.51305500584868, 14.643435817549326], [-90.51328821675074, 14.643472294442219]], [[-90.51328821675074, 14.643472294442219], [-90.51324277788387, 14.643484874472158]], [[-90.51328821675074, 14.643472294442219], [-90.51324911125708, 14.64344649072824]]]}}, {"id": "24", "type": "Feature", "properties": {"kind": "L1", "value": 32.48237837282098, "building_uid": 191}, "geometry": {"type": "MultiLineString", "coordinates": [[[-90.51321618624912, 14.644443978901709], [-90.51291903916143, 14.644394970775487]], [[-90.51291903916143, 14.644394970775487], [-90.5129771550937, 14.644379400765906]], [[-90.51291903916143, 14.644394970775487], [-90.51296864588687, 14.644428307416709]]]}}, {"id": "25", "type": "Feature", "properties": {"kind": "L1", "value": 17.25454338089188, "building_uid": 192}, "geometry": {"type": "MultiLineString", "coordinates": [[[-90.51282055611658, 14.64438711375765], [-90.5126619874317, 14.644365660747122]], [[-90.5126619874317, 14.644365660747122], [-90.51269259225981, 14.644356500157793]], [[-90.5126619874317, 14.644365660747122], [-90.51268886740961, 14.644382598563938]]]}}, {"id": "26", "type": "Feature", "properties": {"kind": "L1", "value": 22.45612116190371, "building_uid": 193}, "geometry": {"type": "MultiLineString", "coordinates": [[[-90.5126347949069, 14.644216612103687], [-90.51260347947965, 14.644417164750044]], [[-90.51260347947965, 14.644417164750044], [-90.51259174498618, 14.644378235200989]], [[-90.51260347947965, 14.644417164750044], [-90.51262656655283, 14.64438338933024]]]}}, {"id": "27", "type": "Feature", "properties": {"kind": "L1", "value": 19.573174379918743, "building_uid": 846}, "geometry": {"type": "MultiLineString", "coordinates": [[[-90.51405616101164, 14.646933493825834], [-90.51408450316603, 14.6467588462169]], [[-90.51408450316603, 14.6467588462169], [-90.51409452786034, 14.646792835467988]], [[-90.51408450316603, 14.6467588462169], [-90.5140642037961, 14.646788170761976]]]}}, {"id": "28", "type": "Feature", "properties": {"kind": "L1", "value": 25.353343497295516, "building_uid": 194}, "geometry": {"type": "MultiLineString", "coordinates": [[[-90.51220202796473, 14.644292557665457], [-90.51243495211268, 14.644324581229222]], [[-90.51243495211268, 14.644324581229222], [-90.51238995182294, 14.6443379448027]], [[-90.51243495211268, 14.644324581229222], [-90.51239551199835, 14.6442996084066]]]}}, {"id": "29", "type": "Feature", "properties": {"kind": "L1", "value": 16.345712414393347, "building_uid": 195}, "geometry": {"type": "MultiLineString", "coordinates": [[[-90.51222183981696, 14.644161665753176], [-90.51237211410871, 14.644181578743174]], [[-90.51237211410871, 14.644181578743174], [-90.51234314643047, 14.644190335930553]], [[-90.51237211410871, 14.644181578743174], [-90.51234660387597, 14.64416560265038]]]}}, {"id": "30", "type": "Feature", "properties": {"kind": "L1", "value": 40.86607645060275, "building_uid": 196}, "geometry": {"type": "MultiLineString", "coordinates": [[[-90.51236831508265, 14.643887538797305], [-90.51242173223254, 14.643522057659437]], [[-90.51242173223254, 14.643522057659437], [-90.51244377855453, 14.643592701245083]], [[-90.51242173223254, 14.643522057659437], [-90.5123803210019, 14.643583909437647]]]}}, {"id": "31", "type": "Feature", "properties": {"kind": "L1", "value": 133.18748351988023, "building_uid": 302}, "geometry": {"type": "MultiLineString", "coordinates": [[[-90.51368660262939, 14.64297340162483], [-90.51246597218396, 14.642785824322159]], [[-90.51246597218396, 14.642785824322159], [-90.51270350971011, 14.642719374488639]], [[-90.51246597218396, 14.642785824322159], [-90.51267094092421, 14.642920276162894]]]}}, {"id": "32", "type": "Feature", "properties": {"kind": "L1", "value": 24.787671617926993, "building_uid": 303}, "geometry": {"type": "MultiLineString", "coordinates": [[[-90.51402559049605, 14.643328600720148], [-90.5137984576876, 14.643293440517855]], [[-90.5137984576876, 14.643293440517855], [-90.51384268051527, 14.64328112203694]], [[-90.5137984576876, 14.643293440517855], [-90.51383657573626, 14.643318505415936]]]}}, {"id": "33", "type": "Feature", "properties": {"kind": "L1", "value": 18.841731411139328, "building_uid": 304}, "geometry": {"type": "MultiLineString", "coordinates": [[[-90.51263157681619, 14.64326194617797], [-90.51260436498788, 14.643430078001249]], [[-90.51260436498788, 14.643430078001249], [-90.51259470131616, 14.643397362791763]], [[-90.51260436498788, 14.643430078001249], [-90.51262389358605, 14.643401841539356]]]}}, {"id": "34", "type": "Feature", "properties": {"kind": "L1", "value": 23.73326530150007, "building_uid": 305}, "geometry": {"type": "MultiLineString", "coordinates": [[[-90.5123616114612, 14.643297800363735], [-90.51257978000119, 14.643326872874532]], [[-90.51257978000119, 14.643326872874532], [-90.51253771054067, 14.643339557146843]], [[-90.51257978000119, 14.643326872874532], [-90.51254275830888, 14.643303649174005]]]}}, {"id": "35", "type": "Feature", "properties": {"kind": "L1", "value": 21.76031698309754, "building_uid": 306}, "geometry": {"type": "MultiLineString", "coordinates": [[[-90.51239232853246, 14.643512645162797], [-90.51241970649471, 14.643317889418187]], [[-90.51241970649471, 14.643317889418187], [-90.5124316513801, 14.643355444190684]], [[-90.51241970649471, 14.643317889418187], [-90.51239783647706, 14.64335093810573]]]}}, {"id": "36", "type": "Feature", "properties": {"kind": "L1", "value": 32.33895219353768, "building_uid": 307}, "geometry": {"type": "MultiLineString", "coordinates": [[[-90.5126607158442, 14.64336109644117], [-90.51295710664655, 14.643406569682297]], [[-90.51295710664655, 14.643406569682297], [-90.51289943468629, 14.643422718369335]], [[-90.51295710664655, 14.643406569682297], [-90.51290733006138, 14.643373935947269]]]}}, {"id": "37", "type": "Feature", "properties": {"kind": "L1", "value": 32.26921794128379, "building_uid": 500}, "geometry": {"type": "MultiLineString", "coordinates": [[[-90.51502545110884, 14.645756173956082], [-90.51498264032205, 14.64604468255536]], [[-90.51498264032205, 14.64604468255536], [-90.51496535350527, 14.64598886400207]], [[-90.51498264032205, 14.64604468255536], [-90.5150154470656, 14.645995910074758]]]}}, {"id": "38", "type": "Feature", "properties": {"kind": "L1", "value": 32.033283102036606, "building_uid": 501}, "geometry": {"type": "MultiLineString", "coordinates": [[[-90.51480341858364, 14.646039315831768], [-90.51484822921627, 14.645753251056176]], [[-90.51484822921627, 14.645753251056176], [-90.51486494138567, 14.645808791207964]], [[-90.51484822921627, 14.645753251056176], [-90.51481527218422, 14.645801416000289]]]}}, {"id": "39", "type": "Feature", "properties": {"kind": "L1", "value": 31.488551656320713, "building_uid": 502}, "geometry": {"type": "MultiLineString", "coordinates": [[[-90.51375564758428, 14.645773455269202], [-90.51346695462281, 14.645729755803723]], [[-90.51346695462281, 14.645729755803723], [-90.51352307730518, 14.645713919403706]], [[-90.51346695462281, 14.645729755803723], [-90.51351548978522, 14.645761434320427]]]}}, {"id": "40", "type": "Feature", "properties": {"kind": "L1", "value": 21.836279516887675, "building_uid": 762}, "geometry": {"type": "MultiLineString", "coordinates": [[[-90.51467766779817, 14.645115936568835], [-90.51447794717105, 14.645082776921196]], [[-90.51447794717105, 14.645082776921196], [-90.51451702757272, 14.645072351809363]], [[-90.51447794717105, 14.645082776921196], [-90.51451127009953, 14.645105223195747]]]}}, {"id": "41", "type": "Feature", "properties": {"kind": "L1", "value": 31.82536328251601, "building_uid": 503}, "geometry": {"type": "MultiLineString", "coordinates": [[[-90.51347890538558, 14.645576549631892], [-90.51377031559838, 14.645622977369536]], [[-90.51377031559838, 14.645622977369536], [-90.51371346352276, 14.645638542923638]], [[-90.51377031559838, 14.645622977369536], [-90.51372152470768, 14.645590580738522]]]}}, {"id": "42", "type": "Feature", "properties": {"kind": "L1", "value": 45.373318249344514, "building_uid": 504}, "geometry": {"type": "MultiLineString", "coordinates": [[[-90.51349606289847, 14.645492114935337], [-90.51391294502366, 14.645549222455877]], [[-90.51391294502366, 14.645549222455877], [-90.51383242255328, 14.645573177708187]], [[-90.51391294502366, 14.645549222455877], [-90.51384233803496, 14.645504564512914]]]}}, {"id": "43", "type": "Feature", "properties": {"kind": "L1", "value": 27.394881677174382, "building_uid": 505}, "geometry": {"type": "MultiLineString", "coordinates": [[[-90.51349787235928, 14.645341250640465], [-90.51374995797025, 14.645372941438104]], [[-90.51374995797025, 14.645372941438104], [-90.51370151331952, 14.645387942100193]], [[-90.51374995797025, 14.645372941438104], [-90.51370701574189, 14.645346452168113]]]}}, {"id": "44", "type": "Feature", "properties": {"kind": "L1", "value": 42.61385503190689, "building_uid": 506}, "geometry": {"type": "MultiLineString", "coordinates": [[[-90.51351810504026, 14.645186698498089], [-90.51390941555867, 14.645241817684548]], [[-90.51390941555867, 14.645241817684548], [-90.51383370086091, 14.645264029012925]], [[-90.51390941555867, 14.645241817684548], [-90.51384327110132, 14.645199624469889]]]}}, {"id": "45", "type": "Feature", "properties": {"kind": "L1", "value": 18.120558841389208, "building_uid": 507}, "geometry": {"type": "MultiLineString", "coordinates": [[[-90.51376577981509, 14.644785720954657], [-90.5135990853005, 14.644764392223061]], [[-90.5135990853005, 14.644764392223061], [-90.51363115224346, 14.644754540428282]], [[-90.5135990853005, 14.644764392223061], [-90.51362744896413, 14.64478197619299]]]}}, {"id": "46", "type": "Feature", "properties": {"kind": "L1", "value": 33.847568733911835, "building_uid": 508}, "geometry": {"type": "MultiLineString", "coordinates": [[[-90.51342159008044, 14.644965065025302], [-90.51346333475625, 14.644662016702856]], [[-90.51346333475625, 14.644662016702856], [-90.51348207695389, 14.644720383028423]], [[-90.51346333475625, 14.644662016702856], [-90.51342945917715, 14.644713512401083]]]}}, {"id": "47", "type": "Feature", "properties": {"kind": "L1", "value": 16.356271461677096, "building_uid": 509}, "geometry": {"type": "MultiLineString", "coordinates": [[[-90.51237743369191, 14.644497893112606], [-90.51235505337043, 14.644644031636325]], [[-90.51235505337043, 14.644644031636325], [-90.51234642317785, 14.644615700581603]], [[-90.51235505337043, 14.644644031636325], [-90.51237179695393, 14.644619384098844]]]}}, {"id": "48", "type": "Feature", "properties": {"kind": "L1", "value": 16.4206512177075, "building_uid": 510}, "geometry": {"type": "MultiLineString", "coordinates": [[[-90.51222399690595, 14.644625806689778], [-90.51224420271772, 14.644478781372793]], [[-90.51224420271772, 14.644478781372793], [-90.51225330405222, 14.644507094219879]], [[-90.51224420271772, 14.644478781372793], [-90.5122277763161, 14.644503768602046]]]}}, {"id": "49", "type": "Feature", "properties": {"kind": "L1", "value": 16.480963360321155, "building_uid": 511}, "geometry": {"type": "MultiLineString", "coordinates": [[[-90.51247399149482, 14.644663257142438], [-90.51249807213811, 14.644516234298658]], [[-90.51249807213811, 14.644516234298658], [-90.51250647090257, 14.644544865571124]], [[-90.51249807213811, 14.644516234298658], [-90.51248094359134, 14.644540902206174]]]}}, {"id": "50", "type": "Feature", "properties": {"kind": "L1", "value": 32.081560648674895, "building_uid": 512}, "geometry": {"type": "MultiLineString", "coordinates": [[[-90.51256663933381, 14.644819702525242], [-90.51260978764233, 14.644532955294794]], [[-90.51260978764233, 14.644532955294794], [-90.51262686023365, 14.644588482371521]], [[-90.51260978764233, 14.644532955294794], [-90.51257707281873, 14.644581380719439]]]}}, {"id": "51", "type": "Feature", "properties": {"kind": "L1", "value": 14.47335622319768, "building_uid": 513}, "geometry": {"type": "MultiLineString", "coordinates": [[[-90.51272624644342, 14.644548457380276], [-90.51270850753721, 14.644678056475774]], [[-90.51270850753721, 14.644678056475774], [-90.51270047188756, 14.64465310534282]], [[-90.51270850753721, 14.644678056475774], [-90.5127229739556, 14.644656024941309]]]}}, {"id": "52", "type": "Feature", "properties": {"kind": "L1", "value": 13.604993778693462, "building_uid": 514}, "geometry": {"type": "MultiLineString", "coordinates": [[[-90.51276536176357, 14.644728633582934], [-90.51264045409253, 14.64471088455326]], [[-90.51264045409253, 14.64471088455326], [-90.51266463591807, 14.64470382267707]], [[-90.51264045409253, 14.64471088455326], [-90.51266155418014, 14.644724380872436]]]}}, {"id": "53", "type": "Feature", "properties": {"kind": "L1", "value": 13.582116196427425, "building_uid": 515}, "geometry": {"type": "MultiLineString", "coordinates": [[[-90.51262989944354, 14.644789884754658], [-90.51275459704077, 14.644807604459247]], [[-90.51275459704077, 14.644807604459247], [-90.51273045583744, 14.644814654370014]], [[-90.51275459704077, 14.644807604459247], [-90.51273353247791, 14.644794130755407]]]}}, {"id": "54", "type": "Feature", "properties": {"kind": "L1", "value": 10.400897986880551, "building_uid": 847}, "geometry": {"type": "MultiLineString", "coordinates": [[[-90.5139197820046, 14.646872061220385], [-90.51401501558183, 14.646887253600429]], [[-90.51401501558183, 14.646887253600429], [-90.51399643446781, 14.646892336841951]], [[-90.51401501558183, 14.646887253600429], [-90.51399907231979, 14.646876662775433]]]}}, {"id": "55", "type": "Feature", "properties": {"kind": "L1", "value": 41.118338375187754, "building_uid": 516}, "geometry": {"type": "MultiLineString", "coordinates": [[[-90.51249850910848, 14.644729325519364], [-90.51212047168958, 14.644679341652289]], [[-90.51212047168958, 14.644679341652289], [-90.51219333464321, 14.644657291803005]], [[-90.51212047168958, 14.644679341652289], [-90.51218465599631, 14.644719511895703]]]}}, {"id": "56", "type": "Feature", "properties": {"kind": "L1", "value": 59.36269978855537, "building_uid": 517}, "geometry": {"type": "MultiLineString", "coordinates": [[[-90.51271339831541, 14.644907542391385], [-90.51216812169883, 14.64483189667614]], [[-90.51216812169883, 14.64483189667614], [-90.51227352649965, 14.644800735708221]], [[-90.51216812169883, 14.64483189667614], [-90.51226039218487, 14.644890481144847]]]}}, {"id": "57", "type": "Feature", "properties": {"kind": "L1", "value": 41.63601088018665, "building_uid": 518}, "geometry": {"type": "MultiLineString", "coordinates": [[[-90.51248844197926, 14.64501132144458], [-90.51210487299012, 14.6449665876136]], [[-90.51210487299012, 14.6449665876136], [-90.512178282834, 14.64494313096482]], [[-90.51210487299012, 14.6449665876136], [-90.51217051573056, 14.645006261400168]]]}}, {"id": "58", "type": "Feature", "properties": {"kind": "L1", "value": 17.168080392426138, "building_uid": 519}, "geometry": {"type": "MultiLineString", "coordinates": [[[-90.51212876720905, 14.645201215560428], [-90.5121509813896, 14.645047643554948]], [[-90.5121509813896, 14.645047643554948], [-90.51216028706435, 14.645077308336091]], [[-90.5121509813896, 14.645047643554948], [-90.51213362256846, 14.64507365217617]]]}}, {"id": "59", "type": "Feature", "properties": {"kind": "L1", "value": 16.41112329049757, "building_uid": 521}, "geometry": {"type": "MultiLineString", "coordinates": [[[-90.51210197668541, 14.64528889488802], [-90.51208205888713, 14.64543587062289]], [[-90.51208205888713, 14.64543587062289], [-90.51207290960511, 14.645407590469873]], [[-90.51208205888713, 14.64543587062289], [-90.51209842883806, 14.64541086867514]]]}}, {"id": "60", "type": "Feature", "properties": {"kind": "L1", "value": 11.601959286652418, "building_uid": 522}, "geometry": {"type": "MultiLineString", "coordinates": [[[-90.5120193968867, 14.645547917487058], [-90.51212593057411, 14.645562949239856]], [[-90.51212593057411, 14.645562949239856], [-90.51210531513739, 14.645568991568444]], [[-90.51212593057411, 14.645562949239856], [-90.51210792508314, 14.645551457560295]]]}}, {"id": "61", "type": "Feature", "properties": {"kind": "L1", "value": 21.395303936818735, "building_uid": 523}, "geometry": {"type": "MultiLineString", "coordinates": [[[-90.51257544781419, 14.645676935783138], [-90.51260752576384, 14.645486201753787]], [[-90.51260752576384, 14.645486201753787], [-90.51261826974878, 14.645523414298719]], [[-90.51260752576384, 14.645486201753787], [-90.51258515279348, 14.645518134704533]]]}}, {"id": "62", "type": "Feature", "properties": {"kind": "L1", "value": 25.634388156462073, "building_uid": 524}, "geometry": {"type": "MultiLineString", "coordinates": [[[-90.51249418227644, 14.645433572470248], [-90.51245574897294, 14.645662096951746]], [[-90.51245574897294, 14.645662096951746], [-90.51244287621805, 14.645617511445522]], [[-90.51245574897294, 14.645662096951746], [-90.51248255470706, 14.64562383705294]]]}}, {"id": "63", "type": "Feature", "properties": {"kind": "L1", "value": 17.582808516443606, "building_uid": 525}, "geometry": {"type": "MultiLineString", "coordinates": [[[-90.51229484546208, 14.64548340811936], [-90.51227175954115, 14.64564064367546]], [[-90.51227175954115, 14.64564064367546], [-90.51226229380524, 14.645610243097627]], [[-90.51227175954115, 14.64564064367546], [-90.512289594465, 14.64561404273037]]]}}, {"id": "64", "type": "Feature", "properties": {"kind": "L1", "value": 43.13512512188912, "building_uid": 697}, "geometry": {"type": "MultiLineString", "coordinates": [[[-90.51278977081154, 14.646209842745488], [-90.51239526774978, 14.646144202538027]], [[-90.51239526774978, 14.646144202538027], [-90.51247247451775, 14.646123635789833]], [[-90.51239526774978, 14.646144202538027], [-90.51246107740718, 14.646188565472173]]]}}, {"id": "65", "type": "Feature", "properties": {"kind": "L1", "value": 32.383525060901704, "building_uid": 698}, "geometry": {"type": "MultiLineString", "coordinates": [[[-90.51268232403473, 14.64657384322318], [-90.51272537739739, 14.646284325927153]], [[-90.51272537739739, 14.646284325927153], [-90.51274270788304, 14.646340347268113]], [[-90.51272537739739, 14.646284325927153], [-90.51269243909982, 14.646333261300349]]]}}, {"id": "66", "type": "Feature", "properties": {"kind": "L1", "value": 35.33559593319229, "building_uid": 699}, "geometry": {"type": "MultiLineString", "coordinates": [[[-90.51225689037669, 14.645856239465756], [-90.51258046697579, 14.645907641021294]], [[-90.51258046697579, 14.645907641021294], [-90.51251735256437, 14.645924952061428]], [[-90.51258046697579, 14.645907641021294], [-90.5125262773558, 14.645871695792223]]]}}, {"id": "67", "type": "Feature", "properties": {"kind": "L1", "value": 22.31871779335306, "building_uid": 700}, "geometry": {"type": "MultiLineString", "coordinates": [[[-90.5122695045195, 14.645779480226222], [-90.51206495431586, 14.645748060267858]], [[-90.51206495431586, 14.645748060267858], [-90.51210475911283, 14.645736922427151]], [[-90.51206495431586, 14.645748060267858], [-90.51209930368226, 14.645770588594994]]]}}, {"id": "68", "type": "Feature", "properties": {"kind": "L1", "value": 14.001328626330475, "building_uid": 310}, "geometry": {"type": "MultiLineString", "coordinates": [[[-90.51296837500347, 14.644055487794288], [-90.51309704264759, 14.644072923649853]], [[-90.51309704264759, 14.644072923649853], [-90.51307220647467, 14.644080351757006]], [[-90.51309704264759, 14.644072923649853], [-90.51307523382039, 14.644059174652083]]]}}, {"id": "69", "type": "Feature", "properties": {"kind": "L1", "value": 29.226276083389276, "building_uid": 702}, "geometry": {"type": "MultiLineString", "coordinates": [[[-90.51200624949804, 14.645966345277353], [-90.5120412895021, 14.645704543776196]], [[-90.5120412895021, 14.645704543776196], [-90.51205766629519, 14.645754881874502]], [[-90.5120412895021, 14.645704543776196], [-90.51201220991847, 14.64574911477494]]]}}, {"id": "70", "type": "Feature", "properties": {"kind": "L1", "value": 20.61156692291826, "building_uid": 703}, "geometry": {"type": "MultiLineString", "coordinates": [[[-90.51416898938095, 14.646033724732664], [-90.51414269372313, 14.64621815063771]], [[-90.51414269372313, 14.64621815063771], [-90.51413144923103, 14.646182557360593]], [[-90.51414269372313, 14.64621815063771], [-90.51416347100977, 14.646186885262079]]]}}, {"id": "71", "type": "Feature", "properties": {"kind": "L1", "value": 26.783975574458665, "building_uid": 704}, "geometry": {"type": "MultiLineString", "coordinates": [[[-90.51401464715303, 14.646256520951674], [-90.5140510188792, 14.646017173593794]], [[-90.5140510188792, 14.646017173593794], [-90.51406520496379, 14.646063551206927]], [[-90.5140510188792, 14.646017173593794], [-90.514023647222, 14.646057564931931]]]}}, {"id": "72", "type": "Feature", "properties": {"kind": "L1", "value": 27.239063171587944, "building_uid": 705}, "geometry": {"type": "MultiLineString", "coordinates": [[[-90.51368686230778, 14.64601613779402], [-90.51343680239934, 14.645980442164868]], [[-90.51343680239934, 14.645980442164868], [-90.51348522754964, 14.645966334230145]], [[-90.51343680239934, 14.645980442164868], [-90.51347902972651, 14.646007490628152]]]}}, {"id": "73", "type": "Feature", "properties": {"kind": "L1", "value": 27.454094828127662, "building_uid": 706}, "geometry": {"type": "MultiLineString", "coordinates": [[[-90.51340992590472, 14.646085943215947], [-90.51366195992946, 14.646121920849593]], [[-90.51366195992946, 14.646121920849593], [-90.51361315245853, 14.646136140156361]], [[-90.51366195992946, 14.646121920849593], [-90.51361939922099, 14.646094658857514]]]}}, {"id": "74", "type": "Feature", "properties": {"kind": "L1", "value": 41.022713592705486, "building_uid": 746}, "geometry": {"type": "MultiLineString", "coordinates": [[[-90.51455160681586, 14.643084980718555], [-90.51449942659792, 14.643452060291555]], [[-90.51449942659792, 14.643452060291555], [-90.51447701737695, 14.64338122874798]], [[-90.51449942659792, 14.643452060291555], [-90.51454075239656, 14.643389817008119]]]}}, {"id": "75", "type": "Feature", "properties": {"kind": "L1", "value": 40.8325781601116, "building_uid": 747}, "geometry": {"type": "MultiLineString", "coordinates": [[[-90.5143421612357, 14.643437969279832], [-90.51439483564457, 14.64307269101645]], [[-90.51439483564457, 14.64307269101645], [-90.51441699891863, 14.643143236714646]], [[-90.51439483564457, 14.64307269101645], [-90.51435357672223, 14.64313456713533]]]}}, {"id": "76", "type": "Feature", "properties": {"kind": "L1", "value": 17.60823105623894, "building_uid": 748}, "geometry": {"type": "MultiLineString", "coordinates": [[[-90.5142387599589, 14.643262045004814], [-90.51421562045999, 14.643419505309048]], [[-90.51421562045999, 14.643419505309048], [-90.51420614506452, 14.643389059564372]], [[-90.51421562045999, 14.643419505309048], [-90.51423348446667, 14.643392868054402]]]}}, {"id": "77", "type": "Feature", "properties": {"kind": "L1", "value": 37.98112409950899, "building_uid": 749}, "geometry": {"type": "MultiLineString", "coordinates": [[[-90.51419201293872, 14.643075924408494], [-90.51384355277386, 14.643024780491215]], [[-90.51384355277386, 14.643024780491215], [-90.51391115518267, 14.643005374706163]], [[-90.51384355277386, 14.643024780491215], [-90.51390227519107, 14.643062727201928]]]}}, {"id": "78", "type": "Feature", "properties": {"kind": "L1", "value": 20.72732813702754, "building_uid": 751}, "geometry": {"type": "MultiLineString", "coordinates": [[[-90.51543776409602, 14.643260414365106], [-90.5154106176427, 14.643445779911966]], [[-90.5154106176427, 14.643445779911966], [-90.51539944599853, 14.643409946270763]], [[-90.5154106176427, 14.643445779911966], [-90.51543163051471, 14.643414414258606]]]}}, {"id": "79", "type": "Feature", "properties": {"kind": "L1", "value": 20.7063568582567, "building_uid": 752}, "geometry": {"type": "MultiLineString", "coordinates": [[[-90.51528192693137, 14.643497768225549], [-90.51547182009726, 14.64352615721653]], [[-90.51547182009726, 14.64352615721653], [-90.51543493521162, 14.643536638469783]], [[-90.51547182009726, 14.64352615721653], [-90.5154398643094, 14.643505384319631]]]}}, {"id": "80", "type": "Feature", "properties": {"kind": "L1", "value": 16.273739288285757, "building_uid": 753}, "geometry": {"type": "MultiLineString", "coordinates": [[[-90.5149713436467, 14.643452979453059], [-90.51512040147843, 14.643476432815994]], [[-90.51512040147843, 14.643476432815994], [-90.51509134695009, 14.643484448202678]], [[-90.51512040147843, 14.643476432815994], [-90.51509541908997, 14.643459915056516]]]}}, {"id": "81", "type": "Feature", "properties": {"kind": "L1", "value": 43.15353142964225, "building_uid": 754}, "geometry": {"type": "MultiLineString", "coordinates": [[[-90.51510408858744, 14.643701619163636], [-90.51505111151432, 14.644088019150113]], [[-90.51505111151432, 14.644088019150113], [-90.5150271693612, 14.644013619993986]], [[-90.51505111151432, 14.644088019150113], [-90.5150942591271, 14.644022339382788]]]}}, {"id": "82", "type": "Feature", "properties": {"kind": "L1", "value": 24.83217157850315, "building_uid": 757}, "geometry": {"type": "MultiLineString", "coordinates": [[[-90.51523055654962, 14.643672210600334], [-90.51519799740564, 14.643894280853539]], [[-90.51519799740564, 14.643894280853539], [-90.51518462036816, 14.64385134863262]], [[-90.51519799740564, 14.643894280853539], [-90.51522317790128, 14.64385670747581]]]}}, {"id": "83", "type": "Feature", "properties": {"kind": "L1", "value": 15.82101316557324, "building_uid": 1305}, "geometry": {"type": "MultiLineString", "coordinates": [[[-90.51522957683838, 14.644216041943384], [-90.51537533281356, 14.64423299018646]], [[-90.51537533281356, 14.64423299018646], [-90.51534744151374, 14.644241912935755]], [[-90.51537533281356, 14.64423299018646], [-90.51535038419745, 14.644217923320298]]]}}, {"id": "84", "type": "Feature", "properties": {"kind": "L1", "value": 15.989830821770436, "building_uid": 758}, "geometry": {"type": "MultiLineString", "coordinates": [[[-90.51528307680975, 14.64374453797836], [-90.51542994578197, 14.64376495017498]], [[-90.51542994578197, 14.64376495017498], [-90.51540155202248, 14.643773336661704]], [[-90.51542994578197, 14.64376495017498], [-90.5154050961376, 14.643749163808256]]]}}, {"id": "85", "type": "Feature", "properties": {"kind": "L1", "value": 23.713148532190306, "building_uid": 759}, "geometry": {"type": "MultiLineString", "coordinates": [[[-90.5147404599376, 14.645076261398813], [-90.51476742949136, 14.644863664184472]], [[-90.51476742949136, 14.644863664184472], [-90.51478099742081, 14.644904419303803]], [[-90.51476742949136, 14.644863664184472], [-90.51474408448857, 14.644899980470285]]]}}, {"id": "86", "type": "Feature", "properties": {"kind": "L1", "value": 21.94953166453846, "building_uid": 760}, "geometry": {"type": "MultiLineString", "coordinates": [[[-90.51470387251491, 14.64490479673372], [-90.51450222532402, 14.644877026983485]], [[-90.51450222532402, 14.644877026983485], [-90.5145411870159, 14.644865466331206]], [[-90.51450222532402, 14.644877026983485], [-90.51453636538754, 14.644898654836805]]]}}, {"id": "87", "type": "Feature", "properties": {"kind": "L1", "value": 24.232565668201566, "building_uid": 766}, "geometry": {"type": "MultiLineString", "coordinates": [[[-90.5141823184049, 14.645923896668496], [-90.51421434193688, 14.645707223716286]], [[-90.51421434193688, 14.645707223716286], [-90.51422734768083, 14.645749133509392]], [[-90.51421434193688, 14.645707223716286], [-90.51418972693756, 14.64574386287793]]]}}, {"id": "88", "type": "Feature", "properties": {"kind": "L1", "value": 13.291394327655553, "building_uid": 767}, "geometry": {"type": "MultiLineString", "coordinates": [[[-90.51416292682391, 14.645653149963183], [-90.51428552454904, 14.64566614346165]], [[-90.51428552454904, 14.64566614346165], [-90.51426217426956, 14.645673877205706]], [[-90.51428552454904, 14.64566614346165], [-90.51426443031545, 14.645653699283296]]]}}, {"id": "89", "type": "Feature", "properties": {"kind": "L1", "value": 33.130587425877856, "building_uid": 768}, "geometry": {"type": "MultiLineString", "coordinates": [[[-90.51435131149553, 14.645239350469689], [-90.51404641854074, 14.645201235331403]], [[-90.51404641854074, 14.645201235331403], [-90.51410499285136, 14.645183053500295]], [[-90.51404641854074, 14.645201235331403], [-90.51409837494721, 14.645233234837878]]]}}, {"id": "90", "type": "Feature", "properties": {"kind": "L1", "value": 26.103703276674082, "building_uid": 769}, "geometry": {"type": "MultiLineString", "coordinates": [[[-90.5143375431769, 14.64533311804032], [-90.5140973062875, 14.645303167298927]], [[-90.5140973062875, 14.645303167298927], [-90.51414345215431, 14.645288826339717]], [[-90.5140973062875, 14.645303167298927], [-90.51413825182964, 14.64532836612942]]]}}, {"id": "91", "type": "Feature", "properties": {"kind": "L1", "value": 41.06111028678638, "building_uid": 771}, "geometry": {"type": "MultiLineString", "coordinates": [[[-90.51378021931846, 14.646266203986219], [-90.51340370550683, 14.646209577976146]], [[-90.51340370550683, 14.646209577976146], [-90.513476868954, 14.64618885769419]], [[-90.51340370550683, 14.646209577976146], [-90.51346703697395, 14.646250826581328]]]}}, {"id": "92", "type": "Feature", "properties": {"kind": "L1", "value": 42.29972926156532, "building_uid": 772}, "geometry": {"type": "MultiLineString", "coordinates": [[[-90.51375701615088, 14.646530876747711], [-90.51336924791335, 14.64647189291853]], [[-90.51336924791335, 14.64647189291853], [-90.51344465605442, 14.646450673899883]], [[-90.51336924791335, 14.64647189291853], [-90.51343441467297, 14.646514495029484]]]}}, {"id": "93", "type": "Feature", "properties": {"kind": "L1", "value": 30.53169658317491, "building_uid": 842}, "geometry": {"type": "MultiLineString", "coordinates": [[[-90.51374868118468, 14.64690452468031], [-90.51378537135162, 14.646631040015459]], [[-90.51378537135162, 14.646631040015459], [-90.51380246340541, 14.646683631606152]], [[-90.51378537135162, 14.646631040015459], [-90.513754978287, 14.646677592938845]]]}}, {"id": "94", "type": "Feature", "properties": {"kind": "L1", "value": 31.719934556290568, "building_uid": 843}, "geometry": {"type": "MultiLineString", "coordinates": [[[-90.51390670770138, 14.646618595258683], [-90.51386412267132, 14.646902121489418]], [[-90.51386412267132, 14.646902121489418], [-90.51384722737829, 14.646847224640238]], [[-90.51386412267132, 14.646902121489418], [-90.51389645604839, 14.646854233528463]]]}}, {"id": "95", "type": "Feature", "properties": {"kind": "L1", "value": 21.1159596283799, "building_uid": 844}, "geometry": {"type": "MultiLineString", "coordinates": [[[-90.51365156991424, 14.646872811947116], [-90.5136795475278, 14.646684016071163]], [[-90.5136795475278, 14.646684016071163], [-90.51369086657621, 14.646720539860647]], [[-90.5136795475278, 14.646684016071163], [-90.51365808595934, 14.646715935151613]]]}}, {"id": "96", "type": "Feature", "properties": {"kind": "L1", "value": 20.88350536575604, "building_uid": 845}, "geometry": {"type": "MultiLineString", "coordinates": [[[-90.5141394556673, 14.64671137941504], [-90.51394794643521, 14.646682677233736]], [[-90.51394794643521, 14.646682677233736], [-90.51398515147378, 14.646672120013646]], [[-90.51394794643521, 14.646682677233736], [-90.51398016790823, 14.646703639680172]]]}}, {"id": "97", "type": "Feature", "properties": {"kind": "L1", "value": 14.728535037078801, "building_uid": 520}, "geometry": {"type": "MultiLineString", "coordinates": [[[-90.51236618589977, 14.645280270282372], [-90.51223059904267, 14.645263661235752]], [[-90.51223059904267, 14.645263661235752], [-90.51225661763127, 14.645255513925497]], [[-90.51223059904267, 14.645263661235752], [-90.51225373381867, 14.645277829720545]]]}}, {"id": "98", "type": "Feature", "properties": {"kind": "L1", "value": 24.11179705202144, "building_uid": 914}, "geometry": {"type": "MultiLineString", "coordinates": [[[-90.51501937936908, 14.646390282151534], [-90.51504720248535, 14.646174159340214]], [[-90.51504720248535, 14.646174159340214], [-90.51506092188266, 14.646215623743458]], [[-90.51504720248535, 14.646174159340214], [-90.51502339657912, 14.646211044452565]]]}}, {"id": "99", "type": "Feature", "properties": {"kind": "L1", "value": 32.91848749303602, "building_uid": 915}, "geometry": {"type": "MultiLineString", "coordinates": [[[-90.51474677883573, 14.646429154808178], [-90.51479111960154, 14.646134936129302]], [[-90.51479111960154, 14.646134936129302], [-90.51480862486326, 14.646191915596834]], [[-90.51479111960154, 14.646134936129302], [-90.51475753981563, 14.646184617736012]]]}}, {"id": "100", "type": "Feature", "properties": {"kind": "L1", "value": 30.96058543828303, "building_uid": 916}, "geometry": {"type": "MultiLineString", "coordinates": [[[-90.51465167543664, 14.646116256418376], [-90.5146072691832, 14.64639257683535]], [[-90.5146072691832, 14.64639257683535], [-90.51459132963704, 14.646338836241265]], [[-90.5146072691832, 14.64639257683535], [-90.51463930704871, 14.646346144893574]]]}}, {"id": "101", "type": "Feature", "properties": {"kind": "L1", "value": 26.899030319533715, "building_uid": 918}, "geometry": {"type": "MultiLineString", "coordinates": [[[-90.51394945782863, 14.646287954929363], [-90.51419635271891, 14.64632349516922]], [[-90.51419635271891, 14.64632349516922], [-90.5141485147449, 14.646337370823847]], [[-90.51419635271891, 14.64632349516922], [-90.51415468556925, 14.64629673539308]]]}}, {"id": "102", "type": "Feature", "properties": {"kind": "L1", "value": 14.002900110360681, "building_uid": 919}, "geometry": {"type": "MultiLineString", "coordinates": [[[-90.5136857598938, 14.646016482017911], [-90.51381420939533, 14.646035483678057]], [[-90.51381420939533, 14.646035483678057], [-90.51378927681459, 14.646042609917462]], [[-90.51381420939533, 14.646035483678057], [-90.51379257605745, 14.646021468907609]]]}}, {"id": "103", "type": "Feature", "properties": {"kind": "L1", "value": 43.2825559706516, "building_uid": 1267}, "geometry": {"type": "MultiLineString", "coordinates": [[[-90.51449107404183, 14.644136348629706], [-90.5140932311756, 14.64408308112895]], [[-90.5140932311756, 14.64408308112895], [-90.51416996914791, 14.644059996530425]], [[-90.5140932311756, 14.64408308112895], [-90.51416072039119, 14.644125476524007]]]}}, {"id": "104", "type": "Feature", "properties": {"kind": "L1", "value": 43.2246331599534, "building_uid": 1268}, "geometry": {"type": "MultiLineString", "coordinates": [[[-90.51450470254693, 14.64402837510429], [-90.51410756385154, 14.643973978030608]], [[-90.51410756385154, 14.643973978030608], [-90.51418427224469, 14.643951156112553]], [[-90.51410756385154, 14.643973978030608], [-90.51417482736758, 14.644016520241047]]]}}, {"id": "105", "type": "Feature", "properties": {"kind": "L1", "value": 26.162809927885277, "building_uid": 1269}, "geometry": {"type": "MultiLineString", "coordinates": [[[-90.51429696564026, 14.643868006656765], [-90.51453690307609, 14.643903850124364]], [[-90.51453690307609, 14.643903850124364], [-90.51449029993113, 14.643917098485376]], [[-90.51453690307609, 14.643903850124364], [-90.51449652333606, 14.643877607712634]]]}}, {"id": "106", "type": "Feature", "properties": {"kind": "L1", "value": 24.09337049238252, "building_uid": 1271}, "geometry": {"type": "MultiLineString", "coordinates": [[[-90.51329199358918, 14.643417041024396], [-90.51351270756243, 14.643451563027588]], [[-90.51351270756243, 14.643451563027588], [-90.51346970362005, 14.64346346898072]], [[-90.51351270756243, 14.643451563027588], [-90.5134756975717, 14.643427142079704]]]}}, {"id": "107", "type": "Feature", "properties": {"kind": "L1", "value": 21.18591997484568, "building_uid": 1272}, "geometry": {"type": "MultiLineString", "coordinates": [[[-90.51229488801869, 14.644088997767343], [-90.51232073057437, 14.643899276292863]], [[-90.51232073057437, 14.643899276292863], [-90.51233251677043, 14.643935792185209]], [[-90.51232073057437, 14.643899276292863], [-90.5122995758656, 14.643931538821148]]]}}, {"id": "108", "type": "Feature", "properties": {"kind": "L1", "value": 23.4513134031835, "building_uid": 1297}, "geometry": {"type": "MultiLineString", "coordinates": [[[-90.51369226796479, 14.644371932968111], [-90.51366457708865, 14.644582057640916]], [[-90.51366457708865, 14.644582057640916], [-90.51365135460333, 14.64454169133074]], [[-90.51366457708865, 14.644582057640916], [-90.51368783816993, 14.64454624890106]]]}}, {"id": "109", "type": "Feature", "properties": {"kind": "L1", "value": 11.731918305356182, "building_uid": 1300}, "geometry": {"type": "MultiLineString", "coordinates": [[[-90.51530074674118, 14.644462769479704], [-90.5152865983045, 14.644567850715585]], [[-90.5152865983045, 14.644567850715585], [-90.51528004034115, 14.64454763920037]], [[-90.5152865983045, 14.644567850715585], [-90.51529828540656, 14.644549967854083]]]}}, {"id": "110", "type": "Feature", "properties": {"kind": "L1", "value": 17.609376162668443, "building_uid": 1302}, "geometry": {"type": "MultiLineString", "coordinates": [[[-90.51517980007877, 14.644387192506569], [-90.51534160957377, 14.644409229179972]], [[-90.51534160957377, 14.644409229179972], [-90.51531036663906, 14.644418550687933]], [[-90.51534160957377, 14.644409229179972], [-90.51531419281845, 14.644391918884436]]]}}, {"id": "111", "type": "Feature", "properties": {"kind": "L1", "value": 41.64409833317248, "building_uid": 1303}, "geometry": {"type": "MultiLineString", "coordinates": [[[-90.51497219385843, 14.644280184675798], [-90.51535592822434, 14.644324178999739]], [[-90.51535592822434, 14.644324178999739], [-90.51528255260895, 14.644347783501837]], [[-90.51535592822434, 14.644324178999739], [-90.51529019122216, 14.644284625628488]]]}}, {"id": "112", "type": "Feature", "properties": {"kind": "L1", "value": 32.64351290644161, "building_uid": 1405}, "geometry": {"type": "MultiLineString", "coordinates": [[[-90.512199311272, 14.646519580917687], [-90.51189950230845, 14.646477707915249]], [[-90.51189950230845, 14.646477707915249], [-90.51195748134404, 14.646460625763892]], [[-90.51189950230845, 14.646477707915249], [-90.51195021092465, 14.646509970052415]]]}}, {"id": "113", "type": "Feature", "properties": {"kind": "L1", "value": 32.81147000862158, "building_uid": 1406}, "geometry": {"type": "MultiLineString", "coordinates": [[[-90.51191603148354, 14.64631052072938], [-90.5122179152922, 14.646348821474001]], [[-90.5122179152922, 14.646348821474001], [-90.51215987028797, 14.646366721963979]], [[-90.5122179152922, 14.646348821474001], [-90.5121665204115, 14.646317036134358]]]}}, {"id": "114", "type": "Feature", "properties": {"kind": "L1", "value": 18.844250401687372, "building_uid": 1408}, "geometry": {"type": "MultiLineString", "coordinates": [[[-90.51212328581111, 14.646096165721962], [-90.51195006329617, 14.646073041038232]], [[-90.51195006329617, 14.646073041038232], [-90.51198346944072, 14.646062977655179]], [[-90.51195006329617, 14.646073041038232], [-90.51197945430837, 14.646091487671917]]]}}, {"id": "115", "type": "Feature", "properties": {"kind": "L1", "value": 33.14721660982433, "building_uid": 1409}, "geometry": {"type": "MultiLineString", "coordinates": [[[-90.5119374248739, 14.64618461784286], [-90.51224177202197, 14.646227727349098]], [[-90.51224177202197, 14.646227727349098], [-90.51218286303832, 14.646244958925726]], [[-90.51224177202197, 14.646227727349098], [-90.51219034810093, 14.646194867636158]]]}}, {"id": "116", "type": "Feature", "properties": {"kind": "L1", "value": 41.93660370555623, "building_uid": 1410}, "geometry": {"type": "MultiLineString", "coordinates": [[[-90.51373937349797, 14.646650138466141], [-90.5133543676899, 14.646595305500796]], [[-90.5133543676899, 14.646595305500796], [-90.51342891475583, 14.646573561435453]], [[-90.5133543676899, 14.646595305500796], [-90.51341939408282, 14.646636927873386]]]}}, {"id": "117", "type": "Feature", "properties": {"kind": "L1", "value": 18.356893206824026, "building_uid": 1411}, "geometry": {"type": "MultiLineString", "coordinates": [[[-90.51349284864413, 14.646808690016005], [-90.51332459405225, 14.64678293040587]], [[-90.51332459405225, 14.64678293040587], [-90.5133573284607, 14.646773753504137]], [[-90.51332459405225, 14.64678293040587], [-90.51335285581337, 14.6468014457788]]]}}, {"id": "118", "type": "Feature", "properties": {"kind": "L1", "value": 33.01707332849349, "building_uid": 1412}, "geometry": {"type": "MultiLineString", "coordinates": [[[-90.51418415570579, 14.646404807414005], [-90.51388167278333, 14.64635760059672]], [[-90.51388167278333, 14.64635760059672], [-90.51394059955594, 14.646341265200176]], [[-90.51388167278333, 14.64635760059672], [-90.51393240303187, 14.646391049610896]]]}}, {"id": "119", "type": "Feature", "properties": {"kind": "L1", "value": 32.70169127913318, "building_uid": 1413}, "geometry": {"type": "MultiLineString", "coordinates": [[[-90.51387333496893, 14.64643734705223], [-90.51417292870126, 14.646484102654862]], [[-90.51417292870126, 14.646484102654862], [-90.5141145647885, 14.646500282131553]], [[-90.51417292870126, 14.646484102654862], [-90.51412268293149, 14.646450973245605]]]}}, {"id": "120", "type": "Feature", "properties": {"kind": "L1", "value": 33.325458818411796, "building_uid": 1414}, "geometry": {"type": "MultiLineString", "coordinates": [[[-90.51417573615001, 14.64660023635362], [-90.51387013320905, 14.646554413182393]], [[-90.51387013320905, 14.646554413182393], [-90.51392950540401, 14.646537570251942]], [[-90.51387013320905, 14.646554413182393], [-90.51392154911423, 14.64658786812807]]]}}, {"id": "121", "type": "Feature", "properties": {"kind": "L1", "value": 33.84186860838223, "building_uid": 1426}, "geometry": {"type": "MultiLineString", "coordinates": [[[-90.51295425515728, 14.644589172600455], [-90.5129071162547, 14.644891417930909]], [[-90.5129071162547, 14.644891417930909], [-90.51288942155101, 14.64483275324126]], [[-90.5129071162547, 14.644891417930909], [-90.51294189993074, 14.644840511704597]]]}}, {"id": "122", "type": "Feature", "properties": {"kind": "L1", "value": 16.794714628609338, "building_uid": 1428}, "geometry": {"type": "MultiLineString", "coordinates": [[[-90.51324201949878, 14.645283980375382], [-90.51339567895455, 14.645309194824351]], [[-90.51339567895455, 14.645309194824351], [-90.51336563742363, 14.64531726957361]], [[-90.51339567895455, 14.645309194824351], [-90.51337001537293, 14.645291979268704]]]}}, {"id": "123", "type": "Feature", "properties": {"kind": "L1", "value": 21.76525968053125, "building_uid": 1429}, "geometry": {"type": "MultiLineString", "coordinates": [[[-90.51343624641113, 14.645193224740725], [-90.51323721764359, 14.645159933011735]], [[-90.51323721764359, 14.645159933011735], [-90.51327618410531, 14.645149588782415]], [[-90.51323721764359, 14.645159933011735], [-90.51327040369702, 14.645182346286129]]]}}, {"id": "124", "type": "Feature", "properties": {"kind": "L1", "value": 24.637799756347256, "building_uid": 1430}, "geometry": {"type": "MultiLineString", "coordinates": [[[-90.51279329232575, 14.64525194565242], [-90.51301955181387, 14.645283692991116]], [[-90.51301955181387, 14.645283692991116], [-90.51297578353875, 14.645296558090376]], [[-90.51301955181387, 14.645283692991116], [-90.51298129577887, 14.645259318778807]]]}}, {"id": "125", "type": "Feature", "properties": {"kind": "L1", "value": 10.577127723292586, "building_uid": 763}, "geometry": {"type": "MultiLineString", "coordinates": [[[-90.5145545425508, 14.645182852032152], [-90.5144574426082, 14.645168992116565]], [[-90.5144574426082, 14.645168992116565], [-90.51447624633417, 14.6451635137055]], [[-90.5144574426082, 14.645168992116565], [-90.51447383985294, 14.645179495073114]]]}}, {"id": "126", "type": "Feature", "properties": {"kind": "L1", "value": 24.285954885978594, "building_uid": 1431}, "geometry": {"type": "MultiLineString", "coordinates": [[[-90.51278045620472, 14.645339692595154], [-90.51300369207074, 14.645369551636483]], [[-90.51300369207074, 14.645369551636483], [-90.51296063579272, 14.645382510179614]], [[-90.51300369207074, 14.645369551636483], [-90.51296582017244, 14.64534576853099]]]}}, {"id": "127", "type": "Feature", "properties": {"kind": "L1", "value": 17.550170658175407, "building_uid": 1542}, "geometry": {"type": "MultiLineString", "coordinates": [[[-90.5150053784591, 14.645063370811908], [-90.51502653052515, 14.644906174627444]], [[-90.51502653052515, 14.644906174627444], [-90.51503634334215, 14.644936408928954]], [[-90.51502653052515, 14.644906174627444], [-90.51500904960282, 14.644932927576875]]]}}, {"id": "128", "type": "Feature", "properties": {"kind": "L1", "value": 20.394110635154835, "building_uid": 1543}, "geometry": {"type": "MultiLineString", "coordinates": [[[-90.51527842136323, 14.645008586068903], [-90.51509108175328, 14.644982658392342]], [[-90.51509108175328, 14.644982658392342], [-90.51512729011384, 14.644971941269489]], [[-90.51509108175328, 14.644982658392342], [-90.51512278832098, 14.645002774918568]]]}}, {"id": "129", "type": "Feature", "properties": {"kind": "L1", "value": 19.38596203693638, "building_uid": 1544}, "geometry": {"type": "MultiLineString", "coordinates": [[[-90.51522122735129, 14.64510771259823], [-90.51519527996578, 14.645281003927014]], [[-90.51519527996578, 14.645281003927014], [-90.51518493905526, 14.645247457571847]], [[-90.51519527996578, 14.645281003927014], [-90.5152150274131, 14.645251728170694]]]}}, {"id": "130", "type": "Feature", "properties": {"kind": "L1", "value": 34.191391168236905, "building_uid": 1545}, "geometry": {"type": "MultiLineString", "coordinates": [[[-90.51490274363896, 14.645287247652956], [-90.51521562981436, 14.645338236397004]], [[-90.51521562981436, 14.645338236397004], [-90.51515448901557, 14.645354742580954]], [[-90.51521562981436, 14.645338236397004], [-90.51516334210913, 14.645303245673624]]]}}, {"id": "131", "type": "Feature", "properties": {"kind": "L1", "value": 13.955459624498898, "building_uid": 1546}, "geometry": {"type": "MultiLineString", "coordinates": [[[-90.5150633127251, 14.645475109237054], [-90.5151917629445, 14.645491002832975]], [[-90.5151917629445, 14.645491002832975], [-90.51516710006302, 14.645498692530518]], [[-90.5151917629445, 14.645491002832975], [-90.51516985964764, 14.645477551349595]]]}}, {"id": "132", "type": "Feature", "properties": {"kind": "L1", "value": 43.56675819130563, "building_uid": 1549}, "geometry": {"type": "MultiLineString", "coordinates": [[[-90.51391716094595, 14.645393624579985], [-90.5143186474854, 14.6454393691193]], [[-90.5143186474854, 14.6454393691193], [-90.51424190211952, 14.645464117101886]], [[-90.5143186474854, 14.6454393691193], [-90.51424984465686, 14.645398037782595]]]}}, {"id": "133", "type": "Feature", "properties": {"kind": "L1", "value": 14.195048553572441, "building_uid": 1551}, "geometry": {"type": "MultiLineString", "coordinates": [[[-90.51390022891961, 14.64588787447994], [-90.51392046351127, 14.645761166025602]], [[-90.51392046351127, 14.645761166025602], [-90.51392779590361, 14.645785798565306]], [[-90.51392046351127, 14.645761166025602], [-90.51390579561716, 14.645782468229925]]]}}, {"id": "134", "type": "Feature", "properties": {"kind": "L1", "value": 13.57230077899817, "building_uid": 1552}, "geometry": {"type": "MultiLineString", "coordinates": [[[-90.512784276924, 14.645583614702849], [-90.51276805176727, 14.645705197915627]], [[-90.51276805176727, 14.645705197915627], [-90.51276043757449, 14.645681824332378]], [[-90.51276805176727, 14.645705197915627], [-90.51278154795891, 14.64568449477417]]]}}, {"id": "135", "type": "Feature", "properties": {"kind": "L1", "value": 9.719839505624714, "building_uid": 1553}, "geometry": {"type": "MultiLineString", "coordinates": [[[-90.51280597636074, 14.64549872369866], [-90.51279413132995, 14.645585767056577]], [[-90.51279413132995, 14.645585767056577], [-90.51278872175361, 14.645569014675601]], [[-90.51279413132995, 14.645585767056577], [-90.51280383500611, 14.645570964208476]]]}}, {"id": "136", "type": "Feature", "properties": {"kind": "L1", "value": 21.709841524236786, "building_uid": 1554}, "geometry": {"type": "MultiLineString", "coordinates": [[[-90.51276830702844, 14.645431218033945], [-90.51296784797695, 14.645458018915242]], [[-90.51296784797695, 14.645458018915242], [-90.51292935216837, 14.64546958184136]], [[-90.51296784797695, 14.645458018915242], [-90.51293400556744, 14.645436740074365]]]}}, {"id": "137", "type": "Feature", "properties": {"kind": "L1", "value": 29.318423412621648, "building_uid": 1556}, "geometry": {"type": "MultiLineString", "coordinates": [[[-90.51308022035535, 14.645030365038888], [-90.51281139725727, 14.644989848682336]], [[-90.51281139725727, 14.644989848682336], [-90.51286364194553, 14.644975070381745]], [[-90.51281139725727, 14.644989848682336], [-90.51285660713262, 14.645019315142367]]]}}, {"id": "138", "type": "Feature", "properties": {"kind": "L1", "value": 40.26682844765327, "building_uid": 1557}, "geometry": {"type": "MultiLineString", "coordinates": [[[-90.51304046015385, 14.644958809206074], [-90.51310636348344, 14.644600763334966]], [[-90.51310636348344, 14.644600763334966], [-90.51312550121538, 14.644671086703443]], [[-90.51310636348344, 14.644600763334966], [-90.51306333431904, 14.644660239876274]]]}}, {"id": "139", "type": "Feature", "properties": {"kind": "L1", "value": 34.70351435377429, "building_uid": 1558}, "geometry": {"type": "MultiLineString", "coordinates": [[[-90.51329734068668, 14.644634167752583], [-90.51324900191536, 14.644944108659923]], [[-90.51324900191536, 14.644944108659923], [-90.51323085661078, 14.644883950317341]], [[-90.51324900191536, 14.644944108659923], [-90.51328467117406, 14.644891906262178]]]}}, {"id": "140", "type": "Feature", "properties": {"kind": "L1", "value": 34.589598058331916, "building_uid": 1559}, "geometry": {"type": "MultiLineString", "coordinates": [[[-90.51316606375401, 14.644936502702507], [-90.51321828083033, 14.644628201670306]], [[-90.51321828083033, 14.644628201670306], [-90.51323558079272, 14.644688381921911]], [[-90.51321828083033, 14.644628201670306], [-90.51318205100436, 14.644679787672521]]]}}, {"id": "141", "type": "Feature", "properties": {"kind": "L1", "value": 21.83987671187951, "building_uid": 2593}, "geometry": {"type": "MultiLineString", "coordinates": [[[-90.51536096218564, 14.643822526022747], [-90.51533462397823, 14.644018142935034]], [[-90.51533462397823, 14.644018142935034], [-90.51532241582736, 14.643980517634773]], [[-90.51533462397823, 14.644018142935034], [-90.51535638034977, 14.643984852583722]]]}}, {"id": "142", "type": "Feature", "properties": {"kind": "L1", "value": 15.92286984176323, "building_uid": 2594}, "geometry": {"type": "MultiLineString", "coordinates": [[[-90.51533835135632, 14.644165422372447], [-90.51535664403322, 14.644022689991036]], [[-90.51535664403322, 14.644022689991036], [-90.51536571943177, 14.64405006725832]], [[-90.51535664403322, 14.644022689991036], [-90.51534093712249, 14.644047056511631]]]}}, {"id": "143", "type": "Feature", "properties": {"kind": "L1", "value": 13.813618575353553, "building_uid": 2595}, "geometry": {"type": "MultiLineString", "coordinates": [[[-90.51497855793745, 14.64419558636454], [-90.51510563057435, 14.644211855254813]], [[-90.51510563057435, 14.644211855254813], [-90.51508118482296, 14.644219363621804]], [[-90.51510563057435, 14.644211855254813], [-90.51508400955294, 14.644198449048888]]]}}, {"id": "144", "type": "Feature", "properties": {"kind": "L1", "value": 6.747392268262116, "building_uid": 2596}, "geometry": {"type": "MultiLineString", "coordinates": [[[-90.51530824199558, 14.644656305310997], [-90.51524639990052, 14.644646822935798]], [[-90.51524639990052, 14.644646822935798], [-90.51525843269903, 14.644643452518777]], [[-90.51524639990052, 14.644646822935798], [-90.5152567862897, 14.644653630935322]]]}}, {"id": "145", "type": "Feature", "properties": {"kind": "L1", "value": 41.208738883302765, "building_uid": 2597}, "geometry": {"type": "MultiLineString", "coordinates": [[[-90.5141694379935, 14.644657088124688], [-90.51422391345497, 14.6442886269945]], [[-90.51422391345497, 14.6442886269945], [-90.51424602676383, 14.644359897814923]], [[-90.51422391345497, 14.6442886269945], [-90.51418205157609, 14.644350931854188]]]}}, {"id": "146", "type": "Feature", "properties": {"kind": "L1", "value": 17.70577451494672, "building_uid": 2598}, "geometry": {"type": "MultiLineString", "coordinates": [[[-90.51426387583454, 14.644682116414451], [-90.514292783298, 14.644524667138677]], [[-90.514292783298, 14.644524667138677], [-90.51430121230838, 14.644555585538782]], [[-90.514292783298, 14.644524667138677], [-90.51427387467317, 14.644550827741474]]]}}, {"id": "147", "type": "Feature", "properties": {"kind": "L1", "value": 20.982730784913123, "building_uid": 2599}, "geometry": {"type": "MultiLineString", "coordinates": [[[-90.51426406538899, 14.644370732129802], [-90.51445703757759, 14.644395810175132]], [[-90.51445703757759, 14.644395810175132], [-90.51441988201063, 14.644407144897249]], [[-90.51445703757759, 14.644395810175132], [-90.51442423625477, 14.644375384104587]]]}}, {"id": "148", "type": "Feature", "properties": {"kind": "L1", "value": 31.729850985834815, "building_uid": 2689}, "geometry": {"type": "MultiLineString", "coordinates": [[[-90.51480159825013, 14.648330045524308], [-90.51450994342487, 14.648290967621632]], [[-90.51450994342487, 14.648290967621632], [-90.51456620180139, 14.648274050053015]], [[-90.51450994342487, 14.648290967621632], [-90.5145594166387, 14.648322051884985]]]}}, {"id": "149", "type": "Feature", "properties": {"kind": "L1", "value": 32.15190443877447, "building_uid": 2690}, "geometry": {"type": "MultiLineString", "coordinates": [[[-90.51480631722289, 14.64827033560031], [-90.51451187973495, 14.648223631409811]], [[-90.51451187973495, 14.648223631409811], [-90.51456930457915, 14.648207867195993]], [[-90.51451187973495, 14.648223631409811], [-90.5145611952572, 14.648256327024491]]]}}, {"id": "150", "type": "Feature", "properties": {"kind": "L1", "value": 23.554248601229823, "building_uid": 2691}, "geometry": {"type": "MultiLineString", "coordinates": [[[-90.51457648557573, 14.648385363125982], [-90.51479299192238, 14.648414371900405]], [[-90.51479299192238, 14.648414371900405], [-90.51475122922763, 14.648426930518088]], [[-90.51479299192238, 14.648414371900405], [-90.51475626604797, 14.648391296959966]]]}}, {"id": "151", "type": "Feature", "properties": {"kind": "L1", "value": 32.54565568836743, "building_uid": 2693}, "geometry": {"type": "MultiLineString", "coordinates": [[[-90.51483807370437, 14.648194479004863], [-90.51454419882603, 14.648126849077569]], [[-90.51454419882603, 14.648126849077569], [-90.51460333836367, 14.648114924183995]], [[-90.51454419882603, 14.648126849077569], [-90.51459159568753, 14.648163291433658]]]}}, {"id": "152", "type": "Feature", "properties": {"kind": "L1", "value": 33.21907964591617, "building_uid": 2694}, "geometry": {"type": "MultiLineString", "coordinates": [[[-90.51454565417018, 14.648004045411795], [-90.51484671393996, 14.648068356565187]], [[-90.51484671393996, 14.648068356565187], [-90.5147865601635, 14.64808147435988]], [[-90.51484671393996, 14.648068356565187], [-90.514797726554, 14.64803192454432]]]}}, {"id": "153", "type": "Feature", "properties": {"kind": "L1", "value": 40.939600360645485, "building_uid": 2695}, "geometry": {"type": "MultiLineString", "coordinates": [[[-90.51449560946563, 14.647811558484106], [-90.51487103458723, 14.647867875067618]], [[-90.51487103458723, 14.647867875067618], [-90.51479809529022, 14.647888561712165]], [[-90.51487103458723, 14.647867875067618], [-90.51480787355463, 14.647826772445011]]]}}, {"id": "154", "type": "Feature", "properties": {"kind": "L1", "value": 40.708473560818845, "building_uid": 2696}, "geometry": {"type": "MultiLineString", "coordinates": [[[-90.51450878518017, 14.647698303428154], [-90.51488114398107, 14.647759987769996]], [[-90.51488114398107, 14.647759987769996], [-90.51480829448712, 14.647779449126334]], [[-90.51488114398107, 14.647759987769996], [-90.51481900475528, 14.647718164497247]]]}}, {"id": "155", "type": "Feature", "properties": {"kind": "L1", "value": 32.66824763733843, "building_uid": 2697}, "geometry": {"type": "MultiLineString", "coordinates": [[[-90.51456169835842, 14.647922059892243], [-90.51486123027378, 14.647967270747166]], [[-90.51486123027378, 14.647967270747166], [-90.51480301164659, 14.647983724971178]], [[-90.51486123027378, 14.647967270747166], [-90.51481086162917, 14.647934426597425]]]}}, {"id": "156", "type": "Feature", "properties": {"kind": "L1", "value": 28.479278412168902, "building_uid": 2698}, "geometry": {"type": "MultiLineString", "coordinates": [[[-90.51478467629259, 14.647425689925859], [-90.51482790967516, 14.64717188927108]], [[-90.51482790967516, 14.64717188927108], [-90.51484210688386, 14.647221451358691]], [[-90.51482790967516, 14.64717188927108], [-90.5147980393888, 14.647214335789656]]]}}, {"id": "157", "type": "Feature", "properties": {"kind": "L1", "value": 28.480027238139673, "building_uid": 2699}, "geometry": {"type": "MultiLineString", "coordinates": [[[-90.5147676484851, 14.64715475404165], [-90.51472250301227, 14.64740824578141]], [[-90.51472250301227, 14.64740824578141], [-90.51470867922065, 14.647358582334354]], [[-90.51472250301227, 14.64740824578141], [-90.5147526931048, 14.647366012615887]]]}}, {"id": "158", "type": "Feature", "properties": {"kind": "L1", "value": 12.432295618292228, "building_uid": 2700}, "geometry": {"type": "MultiLineString", "coordinates": [[[-90.51484560970351, 14.647212632785546], [-90.51495938492106, 14.647231137621288]], [[-90.51495938492106, 14.647231137621288], [-90.51493715534669, 14.647237146271005]], [[-90.51495938492106, 14.647231137621288], [-90.51494036834481, 14.647218420548668]]]}}, {"id": "159", "type": "Feature", "properties": {"kind": "L1", "value": 11.747039812408888, "building_uid": 2701}, "geometry": {"type": "MultiLineString", "coordinates": [[[-90.51494592913852, 14.64731926351819], [-90.51483795713641, 14.647304767042812]], [[-90.51483795713641, 14.647304767042812], [-90.51485878682372, 14.647298509405262]], [[-90.51483795713641, 14.647304767042812], [-90.5148562697921, 14.64731627999485]]]}}, {"id": "160", "type": "Feature", "properties": {"kind": "L1", "value": 27.469436866131787, "building_uid": 2702}, "geometry": {"type": "MultiLineString", "coordinates": [[[-90.51491981775581, 14.647507780648086], [-90.51466744046428, 14.647473141163166]], [[-90.51466744046428, 14.647473141163166], [-90.51471619399916, 14.64745865122903]], [[-90.51466744046428, 14.647473141163166], [-90.51471017951195, 14.647500188749971]]]}}, {"id": "161", "type": "Feature", "properties": {"kind": "L1", "value": 12.289305387109783, "building_uid": 2703}, "geometry": {"type": "MultiLineString", "coordinates": [[[-90.5148945714996, 14.647472704144352], [-90.51491074473194, 14.647362811153478]], [[-90.51491074473194, 14.647362811153478], [-90.51491735353457, 14.647384061464315]], [[-90.51491074473194, 14.647362811153478], [-90.51489827276264, 14.647381399592296]]]}}, {"id": "162", "type": "Feature", "properties": {"kind": "L1", "value": 33.980844445161836, "building_uid": 2704}, "geometry": {"type": "MultiLineString", "coordinates": [[[-90.51461628044838, 14.647435649136382], [-90.51468456805317, 14.647135969796746]], [[-90.51468456805317, 14.647135969796746], [-90.51469820686579, 14.64719590970353]], [[-90.51468456805317, 14.647135969796746], [-90.51464617344425, 14.64718467058326]]]}}, {"id": "163", "type": "Feature", "properties": {"kind": "L1", "value": 33.56294729771333, "building_uid": 2705}, "geometry": {"type": "MultiLineString", "coordinates": [[[-90.5145135615394, 14.647426060060385], [-90.51455978638461, 14.647126228185433]], [[-90.51455978638461, 14.647126228185433], [-90.51457743756353, 14.647184380138613]], [[-90.51455978638461, 14.647126228185433], [-90.51452537766069, 14.647176772220037]]]}}, {"id": "164", "type": "Feature", "properties": {"kind": "L1", "value": 16.33827635319913, "building_uid": 2706}, "geometry": {"type": "MultiLineString", "coordinates": [[[-90.5143908932038, 14.647092742726835], [-90.51436591542593, 14.647238317174562]], [[-90.51436591542593, 14.647238317174562], [-90.51435780487094, 14.647209874635692]], [[-90.51436591542593, 14.647238317174562], [-90.51438308101031, 14.647213985611966]]]}}, {"id": "165", "type": "Feature", "properties": {"kind": "L1", "value": 16.25346840106994, "building_uid": 2708}, "geometry": {"type": "MultiLineString", "coordinates": [[[-90.51444116209196, 14.647251243881556], [-90.5144644017456, 14.647106172149073]], [[-90.5144644017456, 14.647106172149073], [-90.51447278371562, 14.64713438052912]], [[-90.5144644017456, 14.647106172149073], [-90.51444759487111, 14.64713055562601]]]}}, {"id": "166", "type": "Feature", "properties": {"kind": "L1", "value": 40.70921221158484, "building_uid": 2711}, "geometry": {"type": "MultiLineString", "coordinates": [[[-90.51452933338844, 14.647593536997487], [-90.51490269917582, 14.647649196033983]], [[-90.51490269917582, 14.647649196033983], [-90.51483019024721, 14.647669832429461]], [[-90.51490269917582, 14.647649196033983], [-90.51483985433177, 14.647608382035529]]]}}, {"id": "167", "type": "Feature", "properties": {"kind": "L1", "value": 19.54102015124629, "building_uid": 2712}, "geometry": {"type": "MultiLineString", "coordinates": [[[-90.51473169035125, 14.647543176758916], [-90.51491122486742, 14.647567818167321]], [[-90.51491122486742, 14.647567818167321], [-90.51487654290875, 14.647578125981019]], [[-90.51491122486742, 14.647567818167321], [-90.51488082140432, 14.647548577293076]]]}}, {"id": "168", "type": "Feature", "properties": {"kind": "L1", "value": 22.16368127330227, "building_uid": 701}, "geometry": {"type": "MultiLineString", "coordinates": [[[-90.51203674181912, 14.645931549679926], [-90.51224031108352, 14.645959904492917]], [[-90.51224031108352, 14.645959904492917], [-90.51220095018647, 14.645971517216124]], [[-90.51224031108352, 14.645959904492917], [-90.51220587340408, 14.645938012519737]]]}}, {"id": "169", "type": "Feature", "properties": {"kind": "L1", "value": 25.095756801264454, "building_uid": 2720}, "geometry": {"type": "MultiLineString", "coordinates": [[[-90.51436752175418, 14.648410981466554], [-90.5144004074855, 14.648186551490047]], [[-90.5144004074855, 14.648186551490047], [-90.51441393059244, 14.648229938255431]], [[-90.5144004074855, 14.648186551490047], [-90.51437496255701, 14.648224525780082]]]}}, {"id": "170", "type": "Feature", "properties": {"kind": "L1", "value": 21.991297544763206, "building_uid": 2728}, "geometry": {"type": "MultiLineString", "coordinates": [[[-90.51507605789163, 14.646434042783271], [-90.51487410776164, 14.646405660043094]], [[-90.51487410776164, 14.646405660043094], [-90.5149131775983, 14.646394185689804]], [[-90.51487410776164, 14.646405660043094], [-90.51490824950262, 14.646427423820503]]]}}, {"id": "171", "type": "Feature", "properties": {"kind": "L1", "value": 29.17978256910706, "building_uid": 2729}, "geometry": {"type": "MultiLineString", "coordinates": [[[-90.51481282644836, 14.646528129174854], [-90.51508051007683, 14.646567630986311]], [[-90.51508051007683, 14.646567630986311], [-90.51502855997619, 14.646582499306238]], [[-90.51508051007683, 14.646567630986311], [-90.51503541865199, 14.646538442390012]]]}}, {"id": "172", "type": "Feature", "properties": {"kind": "L1", "value": 54.58221104941755, "building_uid": 2730}, "geometry": {"type": "MultiLineString", "coordinates": [[[-90.5146974638723, 14.647059735603856], [-90.51477870763922, 14.646573053513869]], [[-90.51477870763922, 14.646573053513869], [-90.51480623259108, 14.64666795603722]], [[-90.51477870763922, 14.646573053513869], [-90.51472173002678, 14.646654584505745]]]}}, {"id": "173", "type": "Feature", "properties": {"kind": "L1", "value": 53.72052805033418, "building_uid": 2731}, "geometry": {"type": "MultiLineString", "coordinates": [[[-90.5149862414243, 14.646565292266214], [-90.51492003551888, 14.647046276519898]], [[-90.51492003551888, 14.647046276519898], [-90.5148902794631, 14.646953644291433]], [[-90.51492003551888, 14.647046276519898], [-90.51497379281732, 14.646964540843566]]]}}, {"id": "174", "type": "Feature", "properties": {"kind": "L1", "value": 18.725571144261593, "building_uid": 2734}, "geometry": {"type": "MultiLineString", "coordinates": [[[-90.51422296420729, 14.646916104594585], [-90.51439511535892, 14.646938950951245]], [[-90.51439511535892, 14.646938950951245], [-90.51436192756434, 14.646948976583555]], [[-90.51439511535892, 14.646938950951245], [-90.51436589437301, 14.646920643004586]]]}}, {"id": "175", "type": "Feature", "properties": {"kind": "L1", "value": 35.3536514465036, "building_uid": 2736}, "geometry": {"type": "MultiLineString", "coordinates": [[[-90.5145618165696, 14.646688202886228], [-90.51451233894319, 14.64700391597833]], [[-90.51451233894319, 14.64700391597833], [-90.51449389870153, 14.646942617678734]], [[-90.51451233894319, 14.64700391597833], [-90.51454871600153, 14.646950760987336]]]}}, {"id": "176", "type": "Feature", "properties": {"kind": "L1", "value": 25.39641296012885, "building_uid": 2738}, "geometry": {"type": "MultiLineString", "coordinates": [[[-90.51446361152239, 14.646763358088277], [-90.51442783286379, 14.646990116408004]], [[-90.51442783286379, 14.646990116408004], [-90.51441463213101, 14.646946069516407]], [[-90.51442783286379, 14.646990116408004], [-90.51445400420467, 14.64695195816876]]]}}, {"id": "177", "type": "Feature", "properties": {"kind": "L1", "value": 32.488022426695395, "building_uid": 2741}, "geometry": {"type": "MultiLineString", "coordinates": [[[-90.51384759328165, 14.646268460081021], [-90.5138923174547, 14.645978228155208]], [[-90.5138923174547, 14.645978228155208], [-90.51390940709192, 14.646034516532175]], [[-90.5138923174547, 14.645978228155208], [-90.51385901429893, 14.646027155562413]]]}}, {"id": "178", "type": "Feature", "properties": {"kind": "L1", "value": 13.63726458093446, "building_uid": 2742}, "geometry": {"type": "MultiLineString", "coordinates": [[[-90.51343264501442, 14.646267910701779], [-90.51341417360861, 14.646389783011426]], [[-90.51341417360861, 14.646389783011426], [-90.51340694144338, 14.64636617217979]], [[-90.51341417360861, 14.646389783011426], [-90.5134281020903, 14.646369212314173]]]}}, {"id": "179", "type": "Feature", "properties": {"kind": "L1", "value": 20.979695004400618, "building_uid": 2745}, "geometry": {"type": "MultiLineString", "coordinates": [[[-90.51358205363789, 14.646668777193089], [-90.51355425736448, 14.646856354837904]], [[-90.51355425736448, 14.646856354837904], [-90.51354301121117, 14.64682006678803]], [[-90.51355425736448, 14.646856354837904], [-90.5135755803208, 14.646824641656625]]]}}, {"id": "180", "type": "Feature", "properties": {"kind": "L1", "value": 20.61364228909213, "building_uid": 2746}, "geometry": {"type": "MultiLineString", "coordinates": [[[-90.51334371654455, 14.646689376152219], [-90.51353308453602, 14.646715510601101]], [[-90.51353308453602, 14.646715510601101], [-90.51349649053631, 14.646726357067768]], [[-90.51353308453602, 14.646715510601101], [-90.51350102825073, 14.646695189814384]]]}}, {"id": "181", "type": "Feature", "properties": {"kind": "L1", "value": 21.81981416652741, "building_uid": 2747}, "geometry": {"type": "MultiLineString", "coordinates": [[[-90.51372935177524, 14.648170214430193], [-90.51392932213257, 14.648200992794193]], [[-90.51392932213257, 14.648200992794193], [-90.51389040315122, 14.648211869884792]], [[-90.51392932213257, 14.648200992794193], [-90.51389574722407, 14.648178957859338]]]}}, {"id": "182", "type": "Feature", "properties": {"kind": "L1", "value": 18.282344275753804, "building_uid": 2748}, "geometry": {"type": "MultiLineString", "coordinates": [[[-90.5139360324765, 14.648138361090608], [-90.51376848179879, 14.648112572198352]], [[-90.51376848179879, 14.648112572198352], [-90.5138010911705, 14.648103458616]], [[-90.51376848179879, 14.648112572198352], [-90.51379661341149, 14.648131034867204]]]}}, {"id": "183", "type": "Feature", "properties": {"kind": "L1", "value": 16.620271726952193, "building_uid": 2749}, "geometry": {"type": "MultiLineString", "coordinates": [[[-90.51391504136227, 14.648287189118586], [-90.51376271642363, 14.648263784279662]], [[-90.51376271642363, 14.648263784279662], [-90.513792358983, 14.648255491527845]], [[-90.51376271642363, 14.648263784279662], [-90.51378829516794, 14.648280561840597]]]}}, {"id": "184", "type": "Feature", "properties": {"kind": "L1", "value": 19.649659617697207, "building_uid": 2750}, "geometry": {"type": "MultiLineString", "coordinates": [[[-90.5136985951173, 14.648324356738051], [-90.51372672809359, 14.648148977773296]], [[-90.51372672809359, 14.648148977773296], [-90.51373685429428, 14.648183082362355]], [[-90.51372672809359, 14.648148977773296], [-90.5137064030492, 14.648178452113775]]]}}, {"id": "185", "type": "Feature", "properties": {"kind": "L1", "value": 28.16587054567727, "building_uid": 2751}, "geometry": {"type": "MultiLineString", "coordinates": [[[-90.51394937934585, 14.648056939236053], [-90.5136921023972, 14.64801227461078]], [[-90.5136921023972, 14.64801227461078], [-90.51374261439473, 14.647999198698125]], [[-90.5136921023972, 14.64801227461078], [-90.51373485921711, 14.648041542522167]]]}}, {"id": "186", "type": "Feature", "properties": {"kind": "L1", "value": 26.80907086439295, "building_uid": 2752}, "geometry": {"type": "MultiLineString", "coordinates": [[[-90.51372350966511, 14.647913388375127], [-90.51396944373957, 14.647949699756625]], [[-90.51396944373957, 14.647949699756625], [-90.5139217129542, 14.647963356412385]], [[-90.51396944373957, 14.647949699756625], [-90.51392801771905, 14.64792287942233]]]}}, {"id": "187", "type": "Feature", "properties": {"kind": "L1", "value": 20.73200985280871, "building_uid": 2753}, "geometry": {"type": "MultiLineString", "coordinates": [[[-90.51378752657196, 14.647824965772118], [-90.51397793474317, 14.647851579601019]], [[-90.51397793474317, 14.647851579601019], [-90.51394111056932, 14.64786242469178]], [[-90.51397793474317, 14.647851579601019], [-90.5139457315426, 14.647831086404116]]]}}, {"id": "188", "type": "Feature", "properties": {"kind": "L1", "value": 8.85779374082235, "building_uid": 2755}, "geometry": {"type": "MultiLineString", "coordinates": [[[-90.51397398413829, 14.647613207455215], [-90.51396260190418, 14.64769245315138]], [[-90.51396260190418, 14.64769245315138], [-90.5139577853236, 14.647677152280924]], [[-90.51396260190418, 14.64769245315138], [-90.51397154480972, 14.647679025625376]]]}}, {"id": "189", "type": "Feature", "properties": {"kind": "L1", "value": 26.54169865155144, "building_uid": 2757}, "geometry": {"type": "MultiLineString", "coordinates": [[[-90.51379846354845, 14.647382105482945], [-90.5140419016422, 14.647418327525067]], [[-90.5140419016422, 14.647418327525067], [-90.51399463104595, 14.647431795023257]], [[-90.5140419016422, 14.647418327525067], [-90.51400092028356, 14.64739172873518]]]}}, {"id": "190", "type": "Feature", "properties": {"kind": "L1", "value": 33.35931705785153, "building_uid": 2758}, "geometry": {"type": "MultiLineString", "coordinates": [[[-90.51371163956321, 14.647531743592642], [-90.51401776101879, 14.647576286961328]], [[-90.51401776101879, 14.647576286961328], [-90.51395840591658, 14.647593404490461]], [[-90.51401776101879, 14.647576286961328], [-90.513966139988, 14.647543021488184]]]}}, {"id": "191", "type": "Feature", "properties": {"kind": "L1", "value": 33.27499223234239, "building_uid": 2759}, "geometry": {"type": "MultiLineString", "coordinates": [[[-90.51402482377317, 14.647491573122174], [-90.51371947623495, 14.647447142376842]], [[-90.51371947623495, 14.647447142376842], [-90.51377868126811, 14.6474300681744]], [[-90.51371947623495, 14.647447142376842], [-90.51377096671317, 14.647480323807933]]]}}, {"id": "192", "type": "Feature", "properties": {"kind": "L1", "value": 23.350834404488374, "building_uid": 2761}, "geometry": {"type": "MultiLineString", "coordinates": [[[-90.51407102469719, 14.647198896998049], [-90.51385645424978, 14.647169683580932]], [[-90.51385645424978, 14.647169683580932], [-90.51389788378879, 14.647157321298724]], [[-90.51385645424978, 14.647169683580932], [-90.51389281144384, 14.647192636430084]]]}}, {"id": "193", "type": "Feature", "properties": {"kind": "L1", "value": 23.36413834545332, "building_uid": 2762}, "geometry": {"type": "MultiLineString", "coordinates": [[[-90.51406282269568, 14.64726030899875], [-90.51384807810068, 14.647231442157713]], [[-90.51384807810068, 14.647231442157713], [-90.51388950911867, 14.647219002728576]], [[-90.51384807810068, 14.647231442157713], [-90.51388449694836, 14.647254346512014]]]}}, {"id": "194", "type": "Feature", "properties": {"kind": "L1", "value": 27.900689650622336, "building_uid": 2763}, "geometry": {"type": "MultiLineString", "coordinates": [[[-90.51379397928498, 14.647303334664072], [-90.51405042032869, 14.647337806550656]], [[-90.51405042032869, 14.647337806550656], [-90.51400094473917, 14.647352661340662]], [[-90.51405042032869, 14.647337806550656], [-90.51400693009265, 14.647310454944943]]]}}, {"id": "195", "type": "Feature", "properties": {"kind": "L1", "value": 20.374364563395126, "building_uid": 764}, "geometry": {"type": "MultiLineString", "coordinates": [[[-90.514449543263, 14.645240318599722], [-90.51463706825754, 14.645263572051475]], [[-90.51463706825754, 14.645263572051475], [-90.51460105844991, 14.645274789169916]], [[-90.51463706825754, 14.645263572051475], [-90.51460509591004, 14.645243925040747]]]}}, {"id": "196", "type": "Feature", "properties": {"kind": "L1", "value": 15.443158606153204, "building_uid": 2764}, "geometry": {"type": "MultiLineString", "coordinates": [[[-90.51408010998601, 14.647117318868988], [-90.51393832771222, 14.647097149838906]], [[-90.51393832771222, 14.647097149838906], [-90.51396577836397, 14.64708913807462]], [[-90.51393832771222, 14.647097149838906], [-90.51396227640578, 14.647112473354992]]]}}, {"id": "197", "type": "Feature", "properties": {"kind": "L1", "value": 14.711249473194586, "building_uid": 2765}, "geometry": {"type": "MultiLineString", "coordinates": [[[-90.51391039501733, 14.64701449403077], [-90.51389070893832, 14.64714599855305]], [[-90.51389070893832, 14.64714599855305], [-90.51388286068837, 14.647120541818063]], [[-90.51389070893832, 14.64714599855305], [-90.51390569385258, 14.647123781859472]]]}}, {"id": "198", "type": "Feature", "properties": {"kind": "L1", "value": 20.71938936473045, "building_uid": 2767}, "geometry": {"type": "MultiLineString", "coordinates": [[[-90.51380624521616, 14.64719459561968], [-90.51383398788354, 14.64700938644613]], [[-90.51383398788354, 14.64700938644613], [-90.51384503816313, 14.647045240766602]], [[-90.51383398788354, 14.64700938644613], [-90.51381288025696, 14.64704067473306]]]}}, {"id": "199", "type": "Feature", "properties": {"kind": "L1", "value": 18.869791393634877, "building_uid": 2768}, "geometry": {"type": "MultiLineString", "coordinates": [[[-90.51372205226134, 14.647165234582666], [-90.51374977251056, 14.64699692462476]], [[-90.51374977251056, 14.64699692462476], [-90.51375935974485, 14.647029713922635]], [[-90.51374977251056, 14.64699692462476], [-90.51373013605499, 14.647025151578003]]]}}, {"id": "200", "type": "Feature", "properties": {"kind": "L1", "value": 18.800185002825298, "building_uid": 2769}, "geometry": {"type": "MultiLineString", "coordinates": [[[-90.51366252780548, 14.646983198322316], [-90.5136362847483, 14.64715109659129]], [[-90.5136362847483, 14.64715109659129], [-90.51362646550069, 14.64711850347746]], [[-90.5136362847483, 14.64715109659129], [-90.51365561772019, 14.647122822702505]]]}}, {"id": "201", "type": "Feature", "properties": {"kind": "L1", "value": 34.55745772923367, "building_uid": 2770}, "geometry": {"type": "MultiLineString", "coordinates": [[[-90.51327593794797, 14.647094543979827], [-90.5135933235842, 14.647138891399296]], [[-90.5135933235842, 14.647138891399296], [-90.51353194373833, 14.647156971459127]], [[-90.5135933235842, 14.647138891399296], [-90.51353964376978, 14.647104734435963]]]}}, {"id": "202", "type": "Feature", "properties": {"kind": "L1", "value": 34.680292582738495, "building_uid": 2771}, "geometry": {"type": "MultiLineString", "coordinates": [[[-90.51360354048262, 14.64702385311499], [-90.51328502676985, 14.646979348673433]], [[-90.51328502676985, 14.646979348673433], [-90.51334662471398, 14.646961204297684]], [[-90.51328502676985, 14.646979348673433], [-90.5133388973779, 14.647013626999529]]]}}, {"id": "203", "type": "Feature", "properties": {"kind": "L1", "value": 53.52553707863032, "building_uid": 2772}, "geometry": {"type": "MultiLineString", "coordinates": [[[-90.51369503731773, 14.647653660363444], [-90.51320454090066, 14.647577891380283]], [[-90.51320454090066, 14.647577891380283], [-90.5133000269415, 14.647551261303928]], [[-90.51320454090066, 14.647577891380283], [-90.51328687107019, 14.64763198960962]]]}}, {"id": "204", "type": "Feature", "properties": {"kind": "L1", "value": 28.72997158050494, "building_uid": 2773}, "geometry": {"type": "MultiLineString", "coordinates": [[[-90.51322803045379, 14.647450555082871], [-90.51349157498076, 14.647489534673868]], [[-90.51349157498076, 14.647489534673868], [-90.51344042046229, 14.647504156940604]], [[-90.51349157498076, 14.647489534673868], [-90.51344718849437, 14.64746078144641]]]}}, {"id": "205", "type": "Feature", "properties": {"kind": "L1", "value": 29.203065715943865, "building_uid": 2774}, "geometry": {"type": "MultiLineString", "coordinates": [[[-90.51348334208218, 14.647382429279586], [-90.51321545791998, 14.647342807823302]], [[-90.51321545791998, 14.647342807823302], [-90.5132674547627, 14.647327944819338]], [[-90.51321545791998, 14.647342807823302], [-90.51326057525539, 14.647372034564428]]]}}, {"id": "206", "type": "Feature", "properties": {"kind": "L1", "value": 10.51215945699308, "building_uid": 2775}, "geometry": {"type": "MultiLineString", "coordinates": [[[-90.51335862458352, 14.64719364688197], [-90.5132622635733, 14.647178951846659]], [[-90.5132622635733, 14.647178951846659], [-90.51328100587138, 14.647173685693538]], [[-90.5132622635733, 14.647178951846659], [-90.51327845436576, 14.647189545295372]]]}}, {"id": "207", "type": "Feature", "properties": {"kind": "L1", "value": 13.280018432686125, "building_uid": 2776}, "geometry": {"type": "MultiLineString", "coordinates": [[[-90.51318037359209, 14.648111501890563], [-90.5131624446727, 14.648230189982378]], [[-90.5131624446727, 14.648230189982378], [-90.51315539052511, 14.64820720098241]], [[-90.5131624446727, 14.648230189982378], [-90.51317599847263, 14.648210151806]]]}}, {"id": "208", "type": "Feature", "properties": {"kind": "L1", "value": 28.133303993244823, "building_uid": 2777}, "geometry": {"type": "MultiLineString", "coordinates": [[[-90.51314400325734, 14.648054376661886], [-90.51340200423864, 14.648092998444085]], [[-90.51340200423864, 14.648092998444085], [-90.51335188560586, 14.648107229315258]], [[-90.51340200423864, 14.648092998444085], [-90.51335859153077, 14.648064766324376]]]}}, {"id": "209", "type": "Feature", "properties": {"kind": "L1", "value": 43.3478943787628, "building_uid": 2778}, "geometry": {"type": "MultiLineString", "coordinates": [[[-90.51317473054273, 14.64783127756725], [-90.51357286977658, 14.64788678092139]], [[-90.51357286977658, 14.64788678092139], [-90.51349588388503, 14.647909484174637]], [[-90.51357286977658, 14.64788678092139], [-90.51350552094448, 14.647843956515525]]]}}, {"id": "210", "type": "Feature", "properties": {"kind": "L1", "value": 35.70502132116649, "building_uid": 2779}, "geometry": {"type": "MultiLineString", "coordinates": [[[-90.51319044062217, 14.647716648855619], [-90.51351763389997, 14.647767191465245]], [[-90.51351763389997, 14.647767191465245], [-90.51345393845534, 14.647784955596546]], [[-90.51351763389997, 14.647767191465245], [-90.51346271418342, 14.647731104534282]]]}}, {"id": "211", "type": "Feature", "properties": {"kind": "L1", "value": 43.20782591154946, "building_uid": 2780}, "geometry": {"type": "MultiLineString", "coordinates": [[[-90.5135635132914, 14.648005980125326], [-90.51316718849804, 14.647947176705365]], [[-90.51316718849804, 14.647947176705365], [-90.51324413198644, 14.647925221066224]], [[-90.51316718849804, 14.647947176705365], [-90.51323392185826, 14.647990450038483]]]}}, {"id": "212", "type": "Feature", "properties": {"kind": "L1", "value": 13.318009178358945, "building_uid": 2781}, "geometry": {"type": "MultiLineString", "coordinates": [[[-90.5132472553685, 14.648243508962342], [-90.51326523484506, 14.64812448122183]], [[-90.51326523484506, 14.64812448122183], [-90.51327230931733, 14.648147535946768]], [[-90.51326523484506, 14.64812448122183], [-90.51325164240158, 14.64814457680452]]]}}, {"id": "213", "type": "Feature", "properties": {"kind": "L1", "value": 13.512457299657529, "building_uid": 2782}, "geometry": {"type": "MultiLineString", "coordinates": [[[-90.51335177040423, 14.64813598503593], [-90.51333367847312, 14.648256772030152]], [[-90.51333367847312, 14.648256772030152], [-90.51332647165468, 14.648233389165425]], [[-90.51333367847312, 14.648256772030152], [-90.51334744403954, 14.648236366817903]]]}}, {"id": "214", "type": "Feature", "properties": {"kind": "L1", "value": 21.86537184251166, "building_uid": 2785}, "geometry": {"type": "MultiLineString", "coordinates": [[[-90.51344139375192, 14.64827224044224], [-90.51347137078622, 14.64807688805366]], [[-90.51347137078622, 14.64807688805366], [-90.51348289672974, 14.648114764808799]], [[-90.51347137078622, 14.64807688805366], [-90.51344897748749, 14.648109831055999]]]}}, {"id": "215", "type": "Feature", "properties": {"kind": "L1", "value": 23.724618625606972, "building_uid": 2786}, "geometry": {"type": "MultiLineString", "coordinates": [[[-90.51255837994033, 14.648145537557927], [-90.51258912299994, 14.647933322101519]], [[-90.51258912299994, 14.647933322101519], [-90.51260197405762, 14.647974318521925]], [[-90.51258912299994, 14.647933322101519], [-90.51256512688693, 14.64796925869049]]]}}, {"id": "216", "type": "Feature", "properties": {"kind": "L1", "value": 38.812557713686346, "building_uid": 2787}, "geometry": {"type": "MultiLineString", "coordinates": [[[-90.51269721341893, 14.647181256997934], [-90.51274062054114, 14.646833200792269]], [[-90.51274062054114, 14.646833200792269], [-90.51276296903076, 14.646899862088397]], [[-90.51274062054114, 14.646833200792269], [-90.5127025360017, 14.646892717917975]]]}}, {"id": "217", "type": "Feature", "properties": {"kind": "L1", "value": 26.06413788708841, "building_uid": 2788}, "geometry": {"type": "MultiLineString", "coordinates": [[[-90.5128248285117, 14.646849134041707], [-90.51279160579291, 14.647082351574529]], [[-90.51279160579291, 14.647082351574529], [-90.51277738100089, 14.647037344212206]], [[-90.51279160579291, 14.647082351574529], [-90.5128178746056, 14.647042812191714]]]}}, {"id": "218", "type": "Feature", "properties": {"kind": "L1", "value": 25.75816955503072, "building_uid": 2789}, "geometry": {"type": "MultiLineString", "coordinates": [[[-90.51288418353994, 14.647087208829051], [-90.51291701750621, 14.646856729202922]], [[-90.51291701750621, 14.646856729202922], [-90.51293107507747, 14.646901208293826]], [[-90.51291701750621, 14.646856729202922], [-90.51289105688001, 14.646895804305236]]]}}, {"id": "219", "type": "Feature", "properties": {"kind": "L1", "value": 17.68220926053544, "building_uid": 2790}, "geometry": {"type": "MultiLineString", "coordinates": [[[-90.51317239088742, 14.647082393364162], [-90.51300995626784, 14.64705994879114]], [[-90.51300995626784, 14.64705994879114], [-90.51304134794697, 14.647050649958674]], [[-90.51300995626784, 14.64705994879114], [-90.51303745088494, 14.64707738431615]]]}}, {"id": "220", "type": "Feature", "properties": {"kind": "L1", "value": 34.925093963159554, "building_uid": 2791}, "geometry": {"type": "MultiLineString", "coordinates": [[[-90.51314983964639, 14.647188474329846], [-90.51282901161214, 14.647144104850012]], [[-90.51282901161214, 14.647144104850012], [-90.51289101734005, 14.647125745579704]], [[-90.51282901161214, 14.647144104850012], [-90.5128833134312, 14.647178549144856]]]}}, {"id": "221", "type": "Feature", "properties": {"kind": "L1", "value": 25.575429500217975, "building_uid": 2850}, "geometry": {"type": "MultiLineString", "coordinates": [[[-90.51217520758551, 14.647134622907211], [-90.51241224049187, 14.647145552794894]], [[-90.51241224049187, 14.647145552794894], [-90.51236832666002, 14.647163077711573]], [[-90.51241224049187, 14.647145552794894], [-90.51237022440628, 14.647124065576579]]]}}, {"id": "222", "type": "Feature", "properties": {"kind": "L1", "value": 18.339955884111248, "building_uid": 2792}, "geometry": {"type": "MultiLineString", "coordinates": [[[-90.51303376908373, 14.646928736071798], [-90.51320057629202, 14.646961486069097]], [[-90.51320057629202, 14.646961486069097], [-90.51316749736232, 14.646969276782652]], [[-90.51320057629202, 14.646961486069097], [-90.51317318374232, 14.646941822741033]]]}}, {"id": "223", "type": "Feature", "properties": {"kind": "L1", "value": 36.524590171083666, "building_uid": 2793}, "geometry": {"type": "MultiLineString", "coordinates": [[[-90.51279417343834, 14.64725325849938], [-90.51312944343911, 14.64730135197802]], [[-90.51312944343911, 14.64730135197802], [-90.51306449662697, 14.647320224756733]], [[-90.51312944343911, 14.64730135197802], [-90.5130728470913, 14.647265044269751]]]}}, {"id": "224", "type": "Feature", "properties": {"kind": "L1", "value": 37.03020935489017, "building_uid": 2794}, "geometry": {"type": "MultiLineString", "coordinates": [[[-90.51311592767682, 14.647406493713058], [-90.51277535977597, 14.647362289692497]], [[-90.51277535977597, 14.647362289692497], [-90.51284092922256, 14.647342276017689]], [[-90.51277535977597, 14.647362289692497], [-90.51283325403168, 14.64739832841718]]]}}, {"id": "225", "type": "Feature", "properties": {"kind": "L1", "value": 30.33467608547685, "building_uid": 2885}, "geometry": {"type": "MultiLineString", "coordinates": [[[-90.51337806806526, 14.64554686459871], [-90.5131006349274, 14.645500705958714]], [[-90.5131006349274, 14.645500705958714], [-90.51315493012403, 14.64548624189299]], [[-90.5131006349274, 14.645500705958714], [-90.51314691562968, 14.645531903644615]]]}}, {"id": "226", "type": "Feature", "properties": {"kind": "L1", "value": 37.25561706879657, "building_uid": 2795}, "geometry": {"type": "MultiLineString", "coordinates": [[[-90.51310748379434, 14.64750327724417], [-90.51276524675325, 14.647455946610938]], [[-90.51276524675325, 14.647455946610938], [-90.51283139018942, 14.647436362325758]], [[-90.51276524675325, 14.647455946610938], [-90.51282317211958, 14.647492689415833]]]}}, {"id": "227", "type": "Feature", "properties": {"kind": "L1", "value": 14.459948151054867, "building_uid": 2796}, "geometry": {"type": "MultiLineString", "coordinates": [[[-90.51250869051466, 14.648079733355608], [-90.51237583992095, 14.648061490307862]], [[-90.51237583992095, 14.648061490307862], [-90.51240150440528, 14.648053864496571]], [[-90.51237583992095, 14.648061490307862], [-90.51239833684231, 14.648075729656362]]]}}, {"id": "228", "type": "Feature", "properties": {"kind": "L1", "value": 14.157193650502593, "building_uid": 2797}, "geometry": {"type": "MultiLineString", "coordinates": [[[-90.51252226676996, 14.64798102187686], [-90.51239221605879, 14.647963035110577]], [[-90.51239221605879, 14.647963035110577], [-90.51241735078214, 14.647955593248955]], [[-90.51239221605879, 14.647963035110577], [-90.51241422771919, 14.647976997601008]]]}}, {"id": "229", "type": "Feature", "properties": {"kind": "L1", "value": 27.2615625219188, "building_uid": 2798}, "geometry": {"type": "MultiLineString", "coordinates": [[[-90.51239417067305, 14.647886284273714], [-90.5126443889777, 14.647922340683667]], [[-90.5126443889777, 14.647922340683667], [-90.51259590376203, 14.647936396118657]], [[-90.5126443889777, 14.647922340683667], [-90.51260216425464, 14.647895214004574]]]}}, {"id": "230", "type": "Feature", "properties": {"kind": "L1", "value": 32.468405059982985, "building_uid": 2800}, "geometry": {"type": "MultiLineString", "coordinates": [[[-90.51304654052524, 14.647894908365702], [-90.51274750728946, 14.647859349378425]], [[-90.51274750728946, 14.647859349378425], [-90.51280479758606, 14.647841186732268]], [[-90.51274750728946, 14.647859349378425], [-90.51279862342813, 14.647890403034102]]]}}, {"id": "231", "type": "Feature", "properties": {"kind": "L1", "value": 32.35753018931725, "building_uid": 2801}, "geometry": {"type": "MultiLineString", "coordinates": [[[-90.51275236070676, 14.647917664553193], [-90.51305037293811, 14.647953101547884]], [[-90.51305037293811, 14.647953101547884], [-90.51299327829574, 14.647971202339411]], [[-90.51305037293811, 14.647953101547884], [-90.51299943123348, 14.64792215408098]]]}}, {"id": "232", "type": "Feature", "properties": {"kind": "L1", "value": 17.27265189281016, "building_uid": 2803}, "geometry": {"type": "MultiLineString", "coordinates": [[[-90.51284948160443, 14.648131349713701], [-90.5130082521075, 14.648152595105568]], [[-90.5130082521075, 14.648152595105568], [-90.51297762868775, 14.648161809726343]], [[-90.5130082521075, 14.648152595105568], [-90.51298131754243, 14.648135678554487]]]}}, {"id": "233", "type": "Feature", "properties": {"kind": "L1", "value": 17.349920837373098, "building_uid": 2804}, "geometry": {"type": "MultiLineString", "coordinates": [[[-90.51286622365119, 14.648023002295416], [-90.51302574020823, 14.648044087049994]], [[-90.51302574020823, 14.648044087049994], [-90.51299499550433, 14.648053392189265]], [[-90.51302574020823, 14.648044087049994], [-90.5129986564655, 14.648027138215303]]]}}, {"id": "234", "type": "Feature", "properties": {"kind": "L1", "value": 27.84867938400845, "building_uid": 2805}, "geometry": {"type": "MultiLineString", "coordinates": [[[-90.51268221947932, 14.647766513775325], [-90.51242619406057, 14.64773254741709]], [[-90.51242619406057, 14.64773254741709], [-90.51247555042669, 14.647717635283223]], [[-90.51242619406057, 14.64773254741709], [-90.51246965280731, 14.647759773180825]]]}}, {"id": "235", "type": "Feature", "properties": {"kind": "L1", "value": 24.14999092299129, "building_uid": 2806}, "geometry": {"type": "MultiLineString", "coordinates": [[[-90.51263701017355, 14.647853377982631], [-90.51241535122394, 14.64782143728923]], [[-90.51241535122394, 14.64782143728923], [-90.51245830241277, 14.647808986081936]], [[-90.51241535122394, 14.64782143728923], [-90.51245275651262, 14.647845467765956]]]}}, {"id": "236", "type": "Feature", "properties": {"kind": "L1", "value": 26.341655224688385, "building_uid": 2807}, "geometry": {"type": "MultiLineString", "coordinates": [[[-90.5126877315194, 14.647663572652771], [-90.51244602173217, 14.64762830839187]], [[-90.51244602173217, 14.64762830839187], [-90.51249289590075, 14.647614809573879]], [[-90.51244602173217, 14.64762830839187], [-90.51248677293017, 14.647654591354934]]]}}, {"id": "237", "type": "Feature", "properties": {"kind": "L1", "value": 24.60708085519793, "building_uid": 2808}, "geometry": {"type": "MultiLineString", "coordinates": [[[-90.51259995552515, 14.647037751817162], [-90.51262808299735, 14.646817157538097]], [[-90.51262808299735, 14.646817157538097], [-90.51264213547329, 14.646859457485952]], [[-90.51262808299735, 14.646817157538097], [-90.51260383367696, 14.646854828116266]]]}}, {"id": "238", "type": "Feature", "properties": {"kind": "L1", "value": 13.444679309245478, "building_uid": 2809}, "geometry": {"type": "MultiLineString", "coordinates": [[[-90.51251994287432, 14.64705874869923], [-90.51264373750246, 14.647073710840909]], [[-90.51264373750246, 14.647073710840909], [-90.512619999355, 14.647081186176546]], [[-90.51264373750246, 14.647073710840909], [-90.51262259723144, 14.647060811392436]]]}}, {"id": "239", "type": "Feature", "properties": {"kind": "L1", "value": 16.612531133101907, "building_uid": 2810}, "geometry": {"type": "MultiLineString", "coordinates": [[[-90.51251030244607, 14.647126949398244], [-90.51266329628629, 14.647145195972765]], [[-90.51266329628629, 14.647145195972765], [-90.51263398030508, 14.647154478847037]], [[-90.51266329628629, 14.647145195972765], [-90.5126371484575, 14.647129298307778]]]}}, {"id": "240", "type": "Feature", "properties": {"kind": "L1", "value": 16.605807996779514, "building_uid": 2811}, "geometry": {"type": "MultiLineString", "coordinates": [[[-90.51265964209604, 14.647200660936717], [-90.51250689465637, 14.647181010642514]], [[-90.51250689465637, 14.647181010642514], [-90.5125362878378, 14.647172002504604]], [[-90.51250689465637, 14.647181010642514], [-90.51253287594578, 14.647197142480517]]]}}, {"id": "241", "type": "Feature", "properties": {"kind": "L1", "value": 32.30822406441025, "building_uid": 2812}, "geometry": {"type": "MultiLineString", "coordinates": [[[-90.51278302457837, 14.647364946433898], [-90.5124889922692, 14.647308125278839]], [[-90.5124889922692, 14.647308125278839], [-90.51254722195719, 14.64729422812298]], [[-90.5124889922692, 14.647308125278839], [-90.51253735605697, 14.647342621468216]]]}}, {"id": "242", "type": "Feature", "properties": {"kind": "L1", "value": 32.484343500187926, "building_uid": 2813}, "geometry": {"type": "MultiLineString", "coordinates": [[[-90.5124933919974, 14.64723331486221], [-90.51279219728171, 14.64727175427436]], [[-90.51279219728171, 14.64727175427436], [-90.51273469824292, 14.647289376182927]], [[-90.51279219728171, 14.64727175427436], [-90.51274137247214, 14.647240197244772]]]}}, {"id": "243", "type": "Feature", "properties": {"kind": "L1", "value": 18.325019700441857, "building_uid": 2814}, "geometry": {"type": "MultiLineString", "coordinates": [[[-90.5124547088338, 14.647548078661002], [-90.51262281332218, 14.647572901199533]], [[-90.51262281332218, 14.647572901199533], [-90.51259018746318, 14.647582235574157]], [[-90.51262281332218, 14.647572901199533], [-90.5125944974095, 14.647554568098021]]]}}, {"id": "244", "type": "Feature", "properties": {"kind": "L1", "value": 8.73162913100922, "building_uid": 2815}, "geometry": {"type": "MultiLineString", "coordinates": [[[-90.51254492919846, 14.647491630728968], [-90.51246530507336, 14.647477074965133]], [[-90.51246530507336, 14.647477074965133], [-90.51248100152846, 14.64747316089781]], [[-90.51246530507336, 14.647477074965133], [-90.5124784742018, 14.647486265837086]]]}}, {"id": "245", "type": "Feature", "properties": {"kind": "L1", "value": 31.84129590985557, "building_uid": 2816}, "geometry": {"type": "MultiLineString", "coordinates": [[[-90.51276027253384, 14.647440905135836], [-90.51247013906737, 14.647386652746048]], [[-90.51247013906737, 14.647386652746048], [-90.51252743903942, 14.647372610825354]], [[-90.51247013906737, 14.647386652746048], [-90.51251801915204, 14.647420362462237]]]}}, {"id": "246", "type": "Feature", "properties": {"kind": "L1", "value": 40.26104283875865, "building_uid": 2818}, "geometry": {"type": "MultiLineString", "coordinates": [[[-90.51308145075379, 14.64765967523092], [-90.51271237657728, 14.647603491732266]], [[-90.51271237657728, 14.647603491732266], [-90.51278415311955, 14.64758330366348]], [[-90.51271237657728, 14.647603491732266], [-90.51277439791103, 14.647644047700263]]]}}, {"id": "247", "type": "Feature", "properties": {"kind": "L1", "value": 11.396967973156563, "building_uid": 2819}, "geometry": {"type": "MultiLineString", "coordinates": [[[-90.51295702010259, 14.647778163558941], [-90.51306149656342, 14.647794067588638]], [[-90.51306149656342, 14.647794067588638], [-90.51304117828221, 14.647799782422364]], [[-90.51306149656342, 14.647794067588638], [-90.51304393970909, 14.64778258718312]]]}}, {"id": "248", "type": "Feature", "properties": {"kind": "L1", "value": 25.942697717916804, "building_uid": 2820}, "geometry": {"type": "MultiLineString", "coordinates": [[[-90.51193234936936, 14.648064000766547], [-90.51196676385968, 14.647832055608605]], [[-90.51196676385968, 14.647832055608605], [-90.51198066226398, 14.647876930396954]], [[-90.51196676385968, 14.647832055608605], [-90.5119403894246, 14.647871266302792]]]}}, {"id": "249", "type": "Feature", "properties": {"kind": "L1", "value": 25.282494708616785, "building_uid": 2821}, "geometry": {"type": "MultiLineString", "coordinates": [[[-90.51166832183483, 14.647960913590842], [-90.51190002813966, 14.647996561816392]], [[-90.51190002813966, 14.647996561816392], [-90.51185493387355, 14.648009167833788]], [[-90.51190002813966, 14.647996561816392], [-90.51186112349693, 14.647971032525641]]]}}, {"id": "250", "type": "Feature", "properties": {"kind": "L1", "value": 14.700811125476648, "building_uid": 2851}, "geometry": {"type": "MultiLineString", "coordinates": [[[-90.51226571318854, 14.647212806610325], [-90.51240182413001, 14.64722144455513]], [[-90.51240182413001, 14.64722144455513], [-90.51237640254443, 14.647231079760223]], [[-90.51240182413001, 14.64722144455513], [-90.51237790234941, 14.647208677906939]]]}}, {"id": "251", "type": "Feature", "properties": {"kind": "L1", "value": 25.53836905659402, "building_uid": 2822}, "geometry": {"type": "MultiLineString", "coordinates": [[[-90.51168135629689, 14.647854471994231], [-90.5119159332071, 14.647887077554351]], [[-90.5119159332071, 14.647887077554351], [-90.51187058276301, 14.647900471328914]], [[-90.5119159332071, 14.647887077554351], [-90.51187624408226, 14.647861863543975]]]}}, {"id": "252", "type": "Feature", "properties": {"kind": "L1", "value": 13.635948079355481, "building_uid": 2824}, "geometry": {"type": "MultiLineString", "coordinates": [[[-90.51206032244595, 14.648019152049256], [-90.51218523435061, 14.648038729269159]], [[-90.51218523435061, 14.648038729269159], [-90.51216089301734, 14.648045459966589]], [[-90.51218523435061, 14.648038729269159], [-90.51216429222596, 14.648024901386398]]]}}, {"id": "253", "type": "Feature", "properties": {"kind": "L1", "value": 13.041230082925821, "building_uid": 2825}, "geometry": {"type": "MultiLineString", "coordinates": [[[-90.51224454885657, 14.647987964082649], [-90.51222531785122, 14.64810427437025]], [[-90.51222531785122, 14.64810427437025], [-90.51221870615807, 14.648081609222297]], [[-90.51222531785122, 14.64810427437025], [-90.51223890123303, 14.648084774350908]]]}}, {"id": "254", "type": "Feature", "properties": {"kind": "L1", "value": 25.96414790858684, "building_uid": 2826}, "geometry": {"type": "MultiLineString", "coordinates": [[[-90.51210947054886, 14.647587635974865], [-90.51234734678371, 14.647624715943325]], [[-90.51234734678371, 14.647624715943325], [-90.51230100985433, 14.647637570213368]], [[-90.51234734678371, 14.647624715943325], [-90.5123074480609, 14.647598419361756]]]}}, {"id": "255", "type": "Feature", "properties": {"kind": "L1", "value": 30.730919938932573, "building_uid": 2827}, "geometry": {"type": "MultiLineString", "coordinates": [[[-90.51204260199658, 14.64776563156108], [-90.51232318052016, 14.647815056681722]], [[-90.51232318052016, 14.647815056681722], [-90.51226803155295, 14.647829187315049]], [[-90.51232318052016, 14.647815056681722], [-90.51227661325899, 14.64778300834683]]]}}, {"id": "256", "type": "Feature", "properties": {"kind": "L1", "value": 16.34604900567687, "building_uid": 2889}, "geometry": {"type": "MultiLineString", "coordinates": [[[-90.51335827492358, 14.645675028742678], [-90.51320827388157, 14.645653222256902]], [[-90.51320827388157, 14.645653222256902], [-90.51323735642318, 14.645644830874595]], [[-90.51320827388157, 14.645653222256902], [-90.51323357017787, 14.645669519007978]]]}}, {"id": "257", "type": "Feature", "properties": {"kind": "L1", "value": 37.21015213691758, "building_uid": 2829}, "geometry": {"type": "MultiLineString", "coordinates": [[[-90.51204199635481, 14.647810333045339], [-90.51170012524317, 14.647763414568711]], [[-90.51170012524317, 14.647763414568711], [-90.51176616657479, 14.64774378572848]], [[-90.51170012524317, 14.647763414568711], [-90.5117580200564, 14.647800052512226]]]}}, {"id": "258", "type": "Feature", "properties": {"kind": "L1", "value": 37.01048613832648, "building_uid": 2830}, "geometry": {"type": "MultiLineString", "coordinates": [[[-90.51204638787728, 14.647748207384327], [-90.51170572875559, 14.647706063648235]], [[-90.51170572875559, 14.647706063648235], [-90.51177113587926, 14.647685669060648]], [[-90.51170572875559, 14.647706063648235], [-90.51176381840483, 14.64774173638514]]]}}, {"id": "259", "type": "Feature", "properties": {"kind": "L1", "value": 24.686427200215086, "building_uid": 2832}, "geometry": {"type": "MultiLineString", "coordinates": [[[-90.51207979309903, 14.647909111999477], [-90.51230652499235, 14.647940764721483]], [[-90.51230652499235, 14.647940764721483], [-90.51226267926873, 14.647953685618019]], [[-90.51230652499235, 14.647940764721483], [-90.51226817514807, 14.647916369012771]]]}}, {"id": "260", "type": "Feature", "properties": {"kind": "L1", "value": 25.714142697582165, "building_uid": 2833}, "geometry": {"type": "MultiLineString", "coordinates": [[[-90.51209638053088, 14.647678144083464], [-90.51233188873069, 14.647715336140799]], [[-90.51233188873069, 14.647715336140799], [-90.51228597130262, 14.647727975213485]], [[-90.51233188873069, 14.647715336140799], [-90.51229242897422, 14.647689214121062]]]}}, {"id": "261", "type": "Feature", "properties": {"kind": "L1", "value": 25.252726276607323, "building_uid": 2834}, "geometry": {"type": "MultiLineString", "coordinates": [[[-90.51235929796691, 14.647559680685799], [-90.51212702871942, 14.647529675947116]], [[-90.51212702871942, 14.647529675947116], [-90.51217173507352, 14.64751600065471]], [[-90.51212702871942, 14.647529675947116], [-90.51216652532067, 14.647554228683715]]]}}, {"id": "262", "type": "Feature", "properties": {"kind": "L1", "value": 29.99023148650039, "building_uid": 2835}, "geometry": {"type": "MultiLineString", "coordinates": [[[-90.51214406616673, 14.646739418712318], [-90.51210070071468, 14.647007024636034]], [[-90.51210070071468, 14.647007024636034], [-90.5120853289915, 14.646954949305536]], [[-90.51210070071468, 14.647007024636034], [-90.51213179344118, 14.646962086635803]]]}}, {"id": "263", "type": "Feature", "properties": {"kind": "L1", "value": 14.282316521136314, "building_uid": 2836}, "geometry": {"type": "MultiLineString", "coordinates": [[[-90.51232242204073, 14.64680783966205], [-90.51245331951208, 14.6468279465035]], [[-90.51245331951208, 14.6468279465035], [-90.51242784725603, 14.646835073827798]], [[-90.51245331951208, 14.6468279465035], [-90.5124313384035, 14.646813529994743]]]}}, {"id": "264", "type": "Feature", "properties": {"kind": "L1", "value": 14.063645494611137, "building_uid": 2837}, "geometry": {"type": "MultiLineString", "coordinates": [[[-90.51231125184714, 14.646909838849707], [-90.51244065987419, 14.646926148285397]], [[-90.51244065987419, 14.646926148285397], [-90.51241578726868, 14.646933841357825]], [[-90.51244065987419, 14.646926148285397], [-90.51241861907384, 14.646912542675757]]]}}, {"id": "265", "type": "Feature", "properties": {"kind": "L1", "value": 23.47214011951203, "building_uid": 2838}, "geometry": {"type": "MultiLineString", "coordinates": [[[-90.51223704745921, 14.646979489293575], [-90.51227152828027, 14.646770128643386]], [[-90.51227152828027, 14.646770128643386], [-90.5122834538869, 14.646810915201572]], [[-90.51227152828027, 14.646770128643386], [-90.51224710259419, 14.64680524016168]]]}}, {"id": "266", "type": "Feature", "properties": {"kind": "L1", "value": 13.990370770106765, "building_uid": 2839}, "geometry": {"type": "MultiLineString", "coordinates": [[[-90.51229559933158, 14.647008907846313], [-90.51242437806422, 14.6470247909999]], [[-90.51242437806422, 14.6470247909999], [-90.51239965653272, 14.647032509549632]], [[-90.51242437806422, 14.6470247909999], [-90.51240241432376, 14.647011314449978]]]}}, {"id": "267", "type": "Feature", "properties": {"kind": "L1", "value": 22.5273423723285, "building_uid": 2840}, "geometry": {"type": "MultiLineString", "coordinates": [[[-90.51204532196951, 14.646728951493134], [-90.51201715191382, 14.646930595071275]], [[-90.51201715191382, 14.646930595071275], [-90.5120047523736, 14.646891726649393]], [[-90.51201715191382, 14.646930595071275], [-90.51203976376307, 14.646896363036047]]]}}, {"id": "268", "type": "Feature", "properties": {"kind": "L1", "value": 16.111589212352637, "building_uid": 2841}, "geometry": {"type": "MultiLineString", "coordinates": [[[-90.51183231644578, 14.646756385854493], [-90.51198030506934, 14.646776956000107]], [[-90.51198030506934, 14.646776956000107], [-90.51195169462311, 14.646785405827984]], [[-90.51198030506934, 14.646776956000107], [-90.51195526621213, 14.64676104903227]]]}}, {"id": "269", "type": "Feature", "properties": {"kind": "L1", "value": 12.59084622731974, "building_uid": 2842}, "geometry": {"type": "MultiLineString", "coordinates": [[[-90.51182664116921, 14.646871925001626], [-90.51194257396928, 14.646885935595877]], [[-90.51194257396928, 14.646885935595877], [-90.5119203434788, 14.646892936447202]], [[-90.51194257396928, 14.646885935595877], [-90.51192277613619, 14.646873855588497]]]}}, {"id": "270", "type": "Feature", "properties": {"kind": "L1", "value": 25.772775178184105, "building_uid": 2843}, "geometry": {"type": "MultiLineString", "coordinates": [[[-90.51182180242682, 14.646953313452835], [-90.51205832097494, 14.64698762320151]], [[-90.51205832097494, 14.64698762320151], [-90.51201247064874, 14.647000867935441]], [[-90.51205832097494, 14.64698762320151], [-90.51201842784282, 14.646961940424507]]]}}, {"id": "271", "type": "Feature", "properties": {"kind": "L1", "value": 36.31280290050922, "building_uid": 2844}, "geometry": {"type": "MultiLineString", "coordinates": [[[-90.51180943184757, 14.647016696491232], [-90.5121418793466, 14.647069990395034]], [[-90.5121418793466, 14.647069990395034], [-90.51207699267324, 14.647087688294505]], [[-90.5121418793466, 14.647069990395034], [-90.51208624608012, 14.647032972290111]]]}}, {"id": "272", "type": "Feature", "properties": {"kind": "L1", "value": 22.222162170389787, "building_uid": 2845}, "geometry": {"type": "MultiLineString", "coordinates": [[[-90.51198279017227, 14.64724737468826], [-90.51178002747443, 14.647210947777186]], [[-90.51178002747443, 14.647210947777186], [-90.51181994296245, 14.647200864716732]], [[-90.51178002747443, 14.647210947777186], [-90.51181361813634, 14.647234236459482]]]}}, {"id": "273", "type": "Feature", "properties": {"kind": "L1", "value": 20.910232292107025, "building_uid": 2846}, "geometry": {"type": "MultiLineString", "coordinates": [[[-90.51179321392176, 14.647108682788815], [-90.51198442462109, 14.647140671787685]], [[-90.51198442462109, 14.647140671787685], [-90.51194698834048, 14.647150608660683]], [[-90.51198442462109, 14.647140671787685], [-90.5119525425908, 14.647119138185133]]]}}, {"id": "274", "type": "Feature", "properties": {"kind": "L1", "value": 32.03360371622498, "building_uid": 2847}, "geometry": {"type": "MultiLineString", "coordinates": [[[-90.51204214147428, 14.64735474103645], [-90.51174999587168, 14.647301496541026]], [[-90.51174999587168, 14.647301496541026], [-90.51180757306446, 14.647287106334915]], [[-90.51174999587168, 14.647301496541026], [-90.51179832818163, 14.647335189158431]]]}}, {"id": "275", "type": "Feature", "properties": {"kind": "L1", "value": 42.111074164617605, "building_uid": 2848}, "geometry": {"type": "MultiLineString", "coordinates": [[[-90.5121388612181, 14.64757627427383], [-90.51175636741118, 14.64749861066647]], [[-90.51175636741118, 14.64749861066647], [-90.5118324412102, 14.64748121177088]], [[-90.51175636741118, 14.64749861066647], [-90.51181895640092, 14.647544164501564]]]}}, {"id": "276", "type": "Feature", "properties": {"kind": "L1", "value": 25.722753510246235, "building_uid": 2849}, "geometry": {"type": "MultiLineString", "coordinates": [[[-90.51174708532432, 14.647446137126503], [-90.51198237097896, 14.647485105958856]], [[-90.51198237097896, 14.647485105958856], [-90.5119363396417, 14.647497404677392]], [[-90.51198237097896, 14.647485105958856], [-90.5119431058089, 14.64745868017111]]]}}, {"id": "277", "type": "Feature", "properties": {"kind": "L1", "value": 21.023822048237307, "building_uid": 2853}, "geometry": {"type": "MultiLineString", "coordinates": [[[-90.51236724406047, 14.647488052020906], [-90.51217322464854, 14.64746839252965]], [[-90.51217322464854, 14.64746839252965], [-90.51221009965295, 14.647455989705641]], [[-90.51217322464854, 14.64746839252965], [-90.51220668615615, 14.64748792239684]]]}}, {"id": "278", "type": "Feature", "properties": {"kind": "L1", "value": 35.90208055772543, "building_uid": 2854}, "geometry": {"type": "MultiLineString", "coordinates": [[[-90.51204456992124, 14.647376383783056], [-90.5123769299049, 14.647398186649887]], [[-90.5123769299049, 14.647398186649887], [-90.51231479299719, 14.647421585418417]], [[-90.5123769299049, 14.647398186649887], [-90.51231857861366, 14.647366883907042]]]}}, {"id": "279", "type": "Feature", "properties": {"kind": "L1", "value": 29.000583947407403, "building_uid": 2855}, "geometry": {"type": "MultiLineString", "coordinates": [[[-90.51175678088092, 14.647378200035904], [-90.5120212654078, 14.647426403757864]], [[-90.5120212654078, 14.647426403757864], [-90.51196913970749, 14.647439431406193]], [[-90.5120212654078, 14.647426403757864], [-90.51197750932809, 14.647395901187876]]]}}, {"id": "280", "type": "Feature", "properties": {"kind": "L1", "value": 18.664185203144715, "building_uid": 2856}, "geometry": {"type": "MultiLineString", "coordinates": [[[-90.51171390938764, 14.647642495421403], [-90.51188534481325, 14.647666324898]], [[-90.51188534481325, 14.647666324898], [-90.51185220139558, 14.64767611338196]], [[-90.51188534481325, 14.647666324898], [-90.51185633891747, 14.647647897695794]]]}}, {"id": "281", "type": "Feature", "properties": {"kind": "L1", "value": 29.700779257346717, "building_uid": 750}, "geometry": {"type": "MultiLineString", "coordinates": [[[-90.51475596246581, 14.643201567465722], [-90.51502898157759, 14.643237994724679]], [[-90.51502898157759, 14.643237994724679], [-90.51497633132516, 14.643253859761323]], [[-90.51502898157759, 14.643237994724679], [-90.51498265606904, 14.643208924009981]]]}}, {"id": "282", "type": "Feature", "properties": {"kind": "L1", "value": 18.884979573931044, "building_uid": 2858}, "geometry": {"type": "MultiLineString", "coordinates": [[[-90.51213361281663, 14.646012764369058], [-90.51195987035811, 14.64599064825303]], [[-90.51195987035811, 14.64599064825303], [-90.51199328318931, 14.64598035926226]], [[-90.51195987035811, 14.64599064825303], [-90.51198944317542, 14.646008954865463]]]}}, {"id": "283", "type": "Feature", "properties": {"kind": "L1", "value": 20.558198187169126, "building_uid": 2859}, "geometry": {"type": "MultiLineString", "coordinates": [[[-90.51271605390176, 14.646649861209651], [-90.51252769285307, 14.646620583098203]], [[-90.51252769285307, 14.646620583098203], [-90.51256437724554, 14.646610389340163]], [[-90.51252769285307, 14.646620583098203], [-90.51255929368304, 14.646641390869801]]]}}, {"id": "284", "type": "Feature", "properties": {"kind": "L1", "value": 48.250239529478776, "building_uid": 2860}, "geometry": {"type": "MultiLineString", "coordinates": [[[-90.51246004833108, 14.646673211840172], [-90.51252802655478, 14.646242398385397]], [[-90.51252802655478, 14.646242398385397], [-90.51255310573737, 14.64632608242478]], [[-90.51252802655478, 14.646242398385397], [-90.51247830375738, 14.64631489418712]]]}}, {"id": "285", "type": "Feature", "properties": {"kind": "L1", "value": 12.571091446738777, "building_uid": 2863}, "geometry": {"type": "MultiLineString", "coordinates": [[[-90.51476449165901, 14.64597218599082], [-90.51464949812498, 14.645953178505682]], [[-90.51464949812498, 14.645953178505682], [-90.5146719921597, 14.645947160662333]], [[-90.51464949812498, 14.645953178505682], [-90.51466869189989, 14.645966087009695]]]}}, {"id": "286", "type": "Feature", "properties": {"kind": "L1", "value": 9.447664439664297, "building_uid": 2864}, "geometry": {"type": "MultiLineString", "coordinates": [[[-90.51456148832327, 14.645950553612028], [-90.51464805975425, 14.645963954012736]], [[-90.51464805975425, 14.645963954012736], [-90.51463120433017, 14.645968649269205]], [[-90.51464805975425, 14.645963954012736], [-90.51463353103108, 14.645954400805778]]]}}, {"id": "287", "type": "Feature", "properties": {"kind": "L1", "value": 21.97472397607064, "building_uid": 2865}, "geometry": {"type": "MultiLineString", "coordinates": [[[-90.51445521078077, 14.64577134402552], [-90.51442437605813, 14.645967569343803]], [[-90.51442437605813, 14.645967569343803], [-90.51441292998187, 14.645929463750182]], [[-90.51442437605813, 14.645967569343803], [-90.51444700044702, 14.645934538724982]]]}}, {"id": "288", "type": "Feature", "properties": {"kind": "L1", "value": 9.279881096273101, "building_uid": 2867}, "geometry": {"type": "MultiLineString", "coordinates": [[[-90.51512331103086, 14.645693333047566], [-90.5151110119073, 14.645776303182588]], [[-90.5151110119073, 14.645776303182588], [-90.51510603824893, 14.645760251752485]], [[-90.5151110119073, 14.645776303182588], [-90.51512044428448, 14.64576227602108]]]}}, {"id": "289", "type": "Feature", "properties": {"kind": "L1", "value": 42.18940050964711, "building_uid": 2869}, "geometry": {"type": "MultiLineString", "coordinates": [[[-90.51475708784255, 14.645646288674778], [-90.51514525098055, 14.645695554997491]], [[-90.51514525098055, 14.645695554997491], [-90.51507061488722, 14.645718568148292]], [[-90.51514525098055, 14.645695554997491], [-90.51507916892061, 14.645654681757792]]]}}, {"id": "290", "type": "Feature", "properties": {"kind": "L1", "value": 9.08681001174229, "building_uid": 2871}, "geometry": {"type": "MultiLineString", "coordinates": [[[-90.51512084250807, 14.645393914265812], [-90.51520435883657, 14.64540515375464]], [[-90.51520435883657, 14.64540515375464], [-90.5151882447866, 14.645409989305039]], [[-90.51520435883657, 14.64540515375464], [-90.51519019628489, 14.64539624363399]]]}}, {"id": "291", "type": "Feature", "properties": {"kind": "L1", "value": 10.57875152129244, "building_uid": 2872}, "geometry": {"type": "MultiLineString", "coordinates": [[[-90.51379790564494, 14.644808553068435], [-90.51380869370165, 14.644713568992266]], [[-90.51380869370165, 14.644713568992266], [-90.51381498420692, 14.644731673741138]], [[-90.51380869370165, 14.644713568992266], [-90.51379849227895, 14.644729898166661]]]}}, {"id": "292", "type": "Feature", "properties": {"kind": "L1", "value": 28.774435242984644, "building_uid": 2874}, "geometry": {"type": "MultiLineString", "coordinates": [[[-90.51396270677992, 14.64474153262569], [-90.51391692363384, 14.644997615688123]], [[-90.51391692363384, 14.644997615688123], [-90.51390299070944, 14.644947430016106]], [[-90.51391692363384, 14.644997615688123], [-90.51394745403098, 14.64495496533327]]]}}, {"id": "293", "type": "Feature", "properties": {"kind": "L1", "value": 8.755485918230248, "building_uid": 2875}, "geometry": {"type": "MultiLineString", "coordinates": [[[-90.51383749853687, 14.644756021208375], [-90.51391784995239, 14.644767661135273]], [[-90.51391784995239, 14.644767661135273], [-90.51390227481862, 14.644772163669767]], [[-90.51391784995239, 14.644767661135273], [-90.5139042958387, 14.644758938862134]]]}}, {"id": "294", "type": "Feature", "properties": {"kind": "L1", "value": 16.78082104669093, "building_uid": 2876}, "geometry": {"type": "MultiLineString", "coordinates": [[[-90.51435097090813, 14.644782561175845], [-90.51433119586028, 14.644932922973128]], [[-90.51433119586028, 14.644932922973128], [-90.51432172677441, 14.644904040800752]], [[-90.51433119586028, 14.644932922973128], [-90.51434783386489, 14.64490729551884]]]}}, {"id": "295", "type": "Feature", "properties": {"kind": "L1", "value": 27.70657045435044, "building_uid": 2877}, "geometry": {"type": "MultiLineString", "coordinates": [[[-90.51435691248672, 14.645124647857779], [-90.51410283315687, 14.645086580395795]], [[-90.51410283315687, 14.645086580395795], [-90.51415219276961, 14.64507257152708]], [[-90.51410283315687, 14.645086580395795], [-90.51414558315355, 14.645114389638417]]]}}, {"id": "296", "type": "Feature", "properties": {"kind": "L1", "value": 30.188682038545025, "building_uid": 2878}, "geometry": {"type": "MultiLineString", "coordinates": [[[-90.51414288082334, 14.6450251009076], [-90.5141976431899, 14.6447576545089]], [[-90.5141976431899, 14.6447576545089], [-90.51421093503922, 14.644810638845511]], [[-90.5141976431899, 14.6447576545089], [-90.51416449874563, 14.644801625677458]]]}}, {"id": "297", "type": "Feature", "properties": {"kind": "L1", "value": 15.718723959484146, "building_uid": 2879}, "geometry": {"type": "MultiLineString", "coordinates": [[[-90.5143710025638, 14.645012510185001], [-90.51422634056169, 14.644994475435535]], [[-90.51422634056169, 14.644994475435535], [-90.51425412789466, 14.644985839712318]], [[-90.51422634056169, 14.644994475435535], [-90.51425099654234, 14.645009649185077]]]}}, {"id": "298", "type": "Feature", "properties": {"kind": "L1", "value": 30.98739192373468, "building_uid": 2883}, "geometry": {"type": "MultiLineString", "coordinates": [[[-90.51380383199565, 14.645863097503868], [-90.51384800217012, 14.645586496320755]], [[-90.51384800217012, 14.645586496320755], [-90.5138640088325, 14.645640268384756]], [[-90.51384800217012, 14.645586496320755], [-90.51381598282453, 14.645632998581572]]]}}, {"id": "299", "type": "Feature", "properties": {"kind": "L1", "value": 13.701621994493836, "building_uid": 2884}, "geometry": {"type": "MultiLineString", "coordinates": [[[-90.51286544523025, 14.64559429842561], [-90.51284819423904, 14.645716926935604]], [[-90.51284819423904, 14.645716926935604], [-90.51284067524314, 14.645693279461009]], [[-90.51284819423904, 14.645716926935604], [-90.5128619671227, 14.645696118741135]]]}}, {"id": "300", "type": "Feature", "properties": {"kind": "L1", "value": 16.273467805401665, "building_uid": 2886}, "geometry": {"type": "MultiLineString", "coordinates": [[[-90.51319795665412, 14.645733028653869], [-90.51334729156514, 14.645754739197494]], [[-90.51334729156514, 14.645754739197494], [-90.51331833809388, 14.645763093162985]], [[-90.51334729156514, 14.645754739197494], [-90.51332210767232, 14.645738514671603]]]}}, {"id": "301", "type": "Feature", "properties": {"kind": "L1", "value": 18.32700485138799, "building_uid": 2887}, "geometry": {"type": "MultiLineString", "coordinates": [[[-90.51317121562823, 14.645597326132005], [-90.51314870622936, 14.645761425940403]], [[-90.51314870622936, 14.645761425940403], [-90.51313854006766, 14.645729828582295]], [[-90.51314870622936, 14.645761425940403], [-90.51316703257676, 14.645733533325398]]]}}, {"id": "302", "type": "Feature", "properties": {"kind": "L1", "value": 18.59124528105837, "building_uid": 2888}, "geometry": {"type": "MultiLineString", "coordinates": [[[-90.51304630818458, 14.645747367991586], [-90.51306927118549, 14.645580919018787]], [[-90.51306927118549, 14.645580919018787], [-90.51307955906921, 14.645612979517242]], [[-90.51306927118549, 14.645580919018787], [-90.51305065869172, 14.645609200121028]]]}}, {"id": "303", "type": "Feature", "properties": {"kind": "L1", "value": 18.40543846118304, "building_uid": 2890}, "geometry": {"type": "MultiLineString", "coordinates": [[[-90.51294470120327, 14.645742825337798], [-90.51296787337206, 14.64557809785078]], [[-90.51296787337206, 14.64557809785078], [-90.5129779738915, 14.645609863523187]], [[-90.51296787337206, 14.64557809785078], [-90.51294937241435, 14.645606049700692]]]}}, {"id": "304", "type": "Feature", "properties": {"kind": "L1", "value": 25.7413212462084, "building_uid": 2892}, "geometry": {"type": "MultiLineString", "coordinates": [[[-90.51248804646805, 14.64501039820842], [-90.51272449382485, 14.645043200160591]], [[-90.51272449382485, 14.645043200160591], [-90.5126787873282, 14.64505671251619]], [[-90.51272449382485, 14.645043200160591], [-90.51268448267219, 14.645017796373056]]]}}, {"id": "305", "type": "Feature", "properties": {"kind": "L1", "value": 17.722951279689923, "building_uid": 2893}, "geometry": {"type": "MultiLineString", "coordinates": [[[-90.51263531048988, 14.645138158873838], [-90.51247309232478, 14.645111936323838]], [[-90.51247309232478, 14.645111936323838], [-90.51250477273359, 14.64510333998597]], [[-90.51247309232478, 14.645111936323838], [-90.51250021974163, 14.645130038958046]]]}}, {"id": "306", "type": "Feature", "properties": {"kind": "L1", "value": 17.8705339576595, "building_uid": 2894}, "geometry": {"type": "MultiLineString", "coordinates": [[[-90.51237446542797, 14.645479201313476], [-90.51235147667832, 14.645639075304546]], [[-90.51235147667832, 14.645639075304546], [-90.51234176427472, 14.645608204476364]], [[-90.51235147667832, 14.645639075304546], [-90.51236952304318, 14.64561198811613]]]}}, {"id": "307", "type": "Feature", "properties": {"kind": "L1", "value": 17.977917048589298, "building_uid": 2895}, "geometry": {"type": "MultiLineString", "coordinates": [[[-90.51252712250896, 14.645242598866398], [-90.51269179343055, 14.645268491472248]], [[-90.51269179343055, 14.645268491472248], [-90.51265969707076, 14.645277349471915]], [[-90.51269179343055, 14.645268491472248], [-90.51266419276597, 14.645250246820803]]]}}, {"id": "308", "type": "Feature", "properties": {"kind": "L1", "value": 12.862009818015492, "building_uid": 2896}, "geometry": {"type": "MultiLineString", "coordinates": [[[-90.51267832828457, 14.645365984310049], [-90.51256044361277, 14.645347908354486]], [[-90.51256044361277, 14.645347908354486], [-90.5125833808249, 14.645341483713048]], [[-90.51256044361277, 14.645347908354486], [-90.51258024231454, 14.645360885956036]]]}}, {"id": "309", "type": "Feature", "properties": {"kind": "L1", "value": 21.347885315927826, "building_uid": 755}, "geometry": {"type": "MultiLineString", "coordinates": [[[-90.51464320451268, 14.644093382166277], [-90.51466762789762, 14.643902007787187]], [[-90.51466762789762, 14.643902007787187], [-90.51467981482989, 14.643938706498501]], [[-90.51466762789762, 14.643902007787187], [-90.51464658693459, 14.643934686712523]]]}}, {"id": "310", "type": "Feature", "properties": {"kind": "L1", "value": 12.521271819766895, "building_uid": 2898}, "geometry": {"type": "MultiLineString", "coordinates": [[[-90.51206813076364, 14.645239168783728], [-90.51218351048254, 14.645252390342526]], [[-90.51218351048254, 14.645252390342526], [-90.51216144875329, 14.645259488772655]], [[-90.51218351048254, 14.645252390342526], [-90.51216374439309, 14.64524049879988]]]}}, {"id": "311", "type": "Feature", "properties": {"kind": "L1", "value": 41.030401983441685, "building_uid": 3049}, "geometry": {"type": "MultiLineString", "coordinates": [[[-90.51392702523884, 14.645513119113202], [-90.51430476464633, 14.645559203493614]], [[-90.51430476464633, 14.645559203493614], [-90.51423229421678, 14.645581935622651]], [[-90.51430476464633, 14.645559203493614], [-90.51424029576911, 14.645519764798609]]]}}, {"id": "312", "type": "Feature", "properties": {"kind": "L1", "value": 17.327523498409587, "building_uid": 3239}, "geometry": {"type": "MultiLineString", "coordinates": [[[-90.51527707926775, 14.643500820550583], [-90.51511824007162, 14.643476640284455]], [[-90.51511824007162, 14.643476640284455], [-90.51514913068813, 14.643467951726786]], [[-90.51511824007162, 14.643476640284455], [-90.51514493232709, 14.643494094762747]]]}}, {"id": "313", "type": "Feature", "properties": {"kind": "L1", "value": 26.070564694508427, "building_uid": 3240}, "geometry": {"type": "MultiLineString", "coordinates": [[[-90.51411946668979, 14.643152835066537], [-90.51408262698229, 14.643385595965052]], [[-90.51408262698229, 14.643385595965052], [-90.51406909779963, 14.643340373669487]], [[-90.51408262698229, 14.643385595965052], [-90.51410951142877, 14.643346437056323]]]}}, {"id": "314", "type": "Feature", "properties": {"kind": "L1", "value": 13.414537469951526, "building_uid": 3241}, "geometry": {"type": "MultiLineString", "coordinates": [[[-90.51387921434318, 14.643117461710235], [-90.5138606619361, 14.643237288029889]], [[-90.5138606619361, 14.643237288029889], [-90.51385362222693, 14.643214041369552]], [[-90.5138606619361, 14.643237288029889], [-90.51387442732646, 14.643217094880011]]]}}, {"id": "315", "type": "Feature", "properties": {"kind": "L1", "value": 9.307764213946394, "building_uid": 12787}, "geometry": {"type": "MultiLineString", "coordinates": [[[-90.51433289831343, 14.644647202511749], [-90.5144182283607, 14.644660150418522]], [[-90.5144182283607, 14.644660150418522], [-90.51440163724165, 14.644664825579635]], [[-90.5144182283607, 14.644660150418522], [-90.51440388536287, 14.64465078134631]]]}}, {"id": "316", "type": "Feature", "properties": {"kind": "L1", "value": 10.640369313558654, "building_uid": 12789}, "geometry": {"type": "MultiLineString", "coordinates": [[[-90.51439800240681, 14.644501909552377], [-90.51430038197527, 14.64448757546619]], [[-90.51430038197527, 14.64448757546619], [-90.51431932120674, 14.644482140145982]], [[-90.51430038197527, 14.64448757546619], [-90.51431683240371, 14.644498207229733]]]}}, {"id": "317", "type": "Feature", "properties": {"kind": "L1", "value": 14.449991470784397, "building_uid": 12843}, "geometry": {"type": "MultiLineString", "coordinates": [[[-90.51223350405022, 14.644078779498587], [-90.51236641104077, 14.644095940600103]], [[-90.51236641104077, 14.644095940600103], [-90.51234083028969, 14.644103767380827]], [[-90.51236641104077, 14.644095940600103], [-90.51234380993051, 14.644081892534164]]]}}, {"id": "318", "type": "Feature", "properties": {"kind": "L1", "value": 18.212312275327886, "building_uid": 12849}, "geometry": {"type": "MultiLineString", "coordinates": [[[-90.51254781288125, 14.644252816915174], [-90.5125203104551, 14.644415143837728]], [[-90.5125203104551, 14.644415143837728], [-90.51251120333778, 14.644383456929495]], [[-90.5125203104551, 14.644415143837728], [-90.51253938784693, 14.644387983485304]]]}}, {"id": "319", "type": "Feature", "properties": {"kind": "L1", "value": 17.58963560149845, "building_uid": 12850}, "geometry": {"type": "MultiLineString", "coordinates": [[[-90.51219420752358, 14.645440293920705], [-90.5121692516183, 14.645597320837895]], [[-90.5121692516183, 14.645597320837895], [-90.51216014295449, 14.645566804190807]], [[-90.5121692516183, 14.645597320837895], [-90.512187407383, 14.645570911598615]]]}}, {"id": "320", "type": "Feature", "properties": {"kind": "L1", "value": 9.355728451999909, "building_uid": 12851}, "geometry": {"type": "MultiLineString", "coordinates": [[[-90.51203229377894, 14.645468317599995], [-90.51211833232398, 14.645479526317244]], [[-90.51211833232398, 14.645479526317244], [-90.5121017637642, 14.645484575004613]], [[-90.51211833232398, 14.645479526317244], [-90.51210370992024, 14.645470414215298]]]}}, {"id": "321", "type": "Feature", "properties": {"kind": "L1", "value": 8.310113387933484, "building_uid": 12852}, "geometry": {"type": "MultiLineString", "coordinates": [[[-90.51263797095972, 14.645414136388029], [-90.51262778587288, 14.645488547816154]], [[-90.51262778587288, 14.645488547816154], [-90.51262317204977, 14.645474221720335]], [[-90.51262778587288, 14.645488547816154], [-90.5126360920271, 14.645475898049389]]]}}, {"id": "322", "type": "Feature", "properties": {"kind": "L1", "value": 21.357342897567843, "building_uid": 756}, "geometry": {"type": "MultiLineString", "coordinates": [[[-90.51464612924333, 14.64377101206523], [-90.51484176030593, 14.643801730386782]], [[-90.51484176030593, 14.643801730386782], [-90.51480363313871, 14.643812261596938]], [[-90.51484176030593, 14.643801730386782], [-90.51480896667834, 14.64378006309808]]]}}, {"id": "323", "type": "Feature", "properties": {"kind": "L1", "value": 42.05537012102177, "building_uid": 12916}, "geometry": {"type": "MultiLineString", "coordinates": [[[-90.5151801455148, 14.645582580757177], [-90.51479321383104, 14.645533484984773]], [[-90.51479321383104, 14.645533484984773], [-90.51486761189095, 14.64551054234504]], [[-90.51479321383104, 14.645533484984773], [-90.51485908740719, 14.645574226068124]]]}}, {"id": "324", "type": "Feature", "properties": {"kind": "L1", "value": 9.121085368445627, "building_uid": 12918}, "geometry": {"type": "MultiLineString", "coordinates": [[[-90.5134070351877, 14.645043077102454], [-90.51341845333819, 14.644961435286698]], [[-90.51341845333819, 14.644961435286698], [-90.51342347134222, 14.644977173448353]], [[-90.51341845333819, 14.644961435286698], [-90.51340929599276, 14.644975294170534]]]}}, {"id": "325", "type": "Feature", "properties": {"kind": "L1", "value": 24.903328339704835, "building_uid": 12952}, "geometry": {"type": "MultiLineString", "coordinates": [[[-90.514888284997, 14.646376520300185], [-90.5149197177691, 14.646153647463551]], [[-90.5149197177691, 14.646153647463551], [-90.51493336887566, 14.646196632436398]], [[-90.5149197177691, 14.646153647463551], [-90.51489467157168, 14.646191459046793]]]}}, {"id": "326", "type": "Feature", "properties": {"kind": "L1", "value": 25.857490369221775, "building_uid": 12953}, "geometry": {"type": "MultiLineString", "coordinates": [[[-90.51456172449477, 14.646188128520473], [-90.51432384716226, 14.646157749810849]], [[-90.51432384716226, 14.646157749810849], [-90.51436960249626, 14.64614368067855]], [[-90.51432384716226, 14.646157749810849], [-90.51436432784341, 14.64618283196208]]]}}, {"id": "327", "type": "Feature", "properties": {"kind": "L1", "value": 9.538186429355, "building_uid": 12995}, "geometry": {"type": "MultiLineString", "coordinates": [[[-90.51283930666882, 14.645119481686335], [-90.51282719203121, 14.645204833606023]], [[-90.51282719203121, 14.645204833606023], [-90.51282197817861, 14.645188365629213]], [[-90.51282719203121, 14.645204833606023], [-90.51283679772229, 14.645190359539232]]]}}, {"id": "328", "type": "Feature", "properties": {"kind": "L1", "value": 5.4062476955786805, "building_uid": 12998}, "geometry": {"type": "MultiLineString", "coordinates": [[[-90.51276973145436, 14.645533530344444], [-90.51276298417615, 14.64558192375242]], [[-90.51276298417615, 14.64558192375242], [-90.5127600059487, 14.645572596632393]], [[-90.51276298417615, 14.64558192375242], [-90.51276840844862, 14.645573707143495]]]}}, {"id": "329", "type": "Feature", "properties": {"kind": "L1", "value": 42.344383818779754, "building_uid": 48}, "geometry": {"type": "MultiLineString", "coordinates": [[[-90.51369434084071, 14.644112221154671], [-90.5140839439656, 14.644161540744633]], [[-90.5140839439656, 14.644161540744633], [-90.51400904226395, 14.644184662968781]], [[-90.5140839439656, 14.644161540744633], [-90.51401760548517, 14.644120539121666]]]}}, {"id": "330", "type": "Feature", "properties": {"kind": "L1", "value": 28.711930938225333, "building_uid": 180}, "geometry": {"type": "MultiLineString", "coordinates": [[[-90.51453741693004, 14.644675840607544], [-90.51480102617052, 14.644713270176037]], [[-90.51480102617052, 14.644713270176037], [-90.51474999452955, 14.644728179005789]], [[-90.51480102617052, 14.644713270176037], [-90.51475649334704, 14.644684792304663]]]}}, {"id": "331", "type": "Feature", "properties": {"kind": "L1", "value": 28.494709295011035, "building_uid": 181}, "geometry": {"type": "MultiLineString", "coordinates": [[[-90.5145450276879, 14.644587078905014], [-90.51480718728557, 14.644620385873612]], [[-90.51480718728557, 14.644620385873612], [-90.51475677631119, 14.644635922684737]], [[-90.51480718728557, 14.644620385873612], [-90.5147625593262, 14.644592774558387]]]}}, {"id": "332", "type": "Feature", "properties": {"kind": "L1", "value": 21.178057139769432, "building_uid": 189}, "geometry": {"type": "MultiLineString", "coordinates": [[[-90.51305355710122, 14.64372567438521], [-90.51307946159746, 14.643536032467871]], [[-90.51307946159746, 14.643536032467871], [-90.5130912296318, 14.643572539040482]], [[-90.51307946159746, 14.643536032467871], [-90.51305830259552, 14.64356827547461]]]}}, {"id": "333", "type": "Feature", "properties": {"kind": "L1", "value": 26.30134954270398, "building_uid": 190}, "geometry": {"type": "MultiLineString", "coordinates": [[[-90.5130356356759, 14.644336114564966], [-90.5130692762558, 14.644100790090432]], [[-90.5130692762558, 14.644100790090432], [-90.5130836079652, 14.644146213779685]], [[-90.5130692762558, 14.644100790090432], [-90.51304274907615, 14.644140676963996]]]}}, {"id": "334", "type": "Feature", "properties": {"kind": "L1", "value": 32.876013926525225, "building_uid": 197}, "geometry": {"type": "MultiLineString", "coordinates": [[[-90.51263966696642, 14.643492334998008], [-90.51294223932497, 14.643529968430409]], [[-90.51294223932497, 14.643529968430409], [-90.51288412748839, 14.643548046865469]], [[-90.51294223932497, 14.643529968430409], [-90.51289066166159, 14.643498247062077]]]}}, {"id": "335", "type": "Feature", "properties": {"kind": "L1", "value": 32.643927012477484, "building_uid": 309}, "geometry": {"type": "MultiLineString", "coordinates": [[[-90.51302370208293, 14.644021169333843], [-90.51306451287653, 14.643728970088656]], [[-90.51306451287653, 14.643728970088656], [-90.51308248238705, 14.643785293055842]], [[-90.51306451287653, 14.643728970088656], [-90.51303174853666, 14.643778576103909]]]}}, {"id": "336", "type": "Feature", "properties": {"kind": "L1", "value": 27.745497389271808, "building_uid": 765}, "geometry": {"type": "MultiLineString", "coordinates": [[[-90.51469346065626, 14.645372217239006], [-90.51443845126532, 14.645337915295412]], [[-90.51443845126532, 14.645337915295412], [-90.51448765256562, 14.645323147369405]], [[-90.51443845126532, 14.645337915295412], [-90.5144816967443, 14.645365118508401]]]}}, {"id": "337", "type": "Feature", "properties": {"kind": "L1", "value": 19.573345795822064, "building_uid": 770}, "geometry": {"type": "MultiLineString", "coordinates": [[[-90.51394885267621, 14.64574166486907], [-90.51397683762735, 14.645566961120224]], [[-90.51397683762735, 14.645566961120224], [-90.51398693185914, 14.645600931164745]], [[-90.51397683762735, 14.645566961120224], [-90.5139565982143, 14.645596325223845]]]}}, {"id": "338", "type": "Feature", "properties": {"kind": "L1", "value": 32.43960322925749, "building_uid": 913}, "geometry": {"type": "MultiLineString", "coordinates": [[[-90.51459077375692, 14.646446788723377], [-90.51429265268997, 14.646406449014032]], [[-90.51429265268997, 14.646406449014032], [-90.51435019266133, 14.646389227828982]], [[-90.51429265268997, 14.646406449014032], [-90.51434318846974, 14.646438294330189]]]}}, {"id": "339", "type": "Feature", "properties": {"kind": "L1", "value": 13.894068335142553, "building_uid": 920}, "geometry": {"type": "MultiLineString", "coordinates": [[[-90.51367955575942, 14.646116001275542], [-90.51380696766114, 14.646135105609925]], [[-90.51380696766114, 14.646135105609925], [-90.51378221424294, 14.646142127846254]], [[-90.51380696766114, 14.646135105609925], [-90.51378553131465, 14.646121157620609]]]}}, {"id": "340", "type": "Feature", "properties": {"kind": "L1", "value": 25.00545003060956, "building_uid": 1296}, "geometry": {"type": "MultiLineString", "coordinates": [[[-90.5138177449396, 14.644378322833438], [-90.51378918790616, 14.644602491673872]], [[-90.51378918790616, 14.644602491673872], [-90.51377490318933, 14.644559508416714]], [[-90.51378918790616, 14.644602491673872], [-90.51381382522253, 14.644564208545638]]]}}, {"id": "341", "type": "Feature", "properties": {"kind": "L1", "value": 11.210342785849624, "building_uid": 1298}, "geometry": {"type": "MultiLineString", "coordinates": [[[-90.51372479534243, 14.644275552586356], [-90.51371244066588, 14.644376104180184]], [[-90.51371244066588, 14.644376104180184], [-90.51370595080702, 14.644356861329127]], [[-90.51371244066588, 14.644376104180184], [-90.51372340938349, 14.644358894754404]]]}}, {"id": "342", "type": "Feature", "properties": {"kind": "L1", "value": 30.55375076819195, "building_uid": 1301}, "geometry": {"type": "MultiLineString", "coordinates": [[[-90.51503289763983, 14.644596937833974], [-90.51507211403788, 14.644323584280897]], [[-90.51507211403788, 14.644323584280897], [-90.51508873654826, 14.644376360031131]], [[-90.51507211403788, 14.644323584280897], [-90.51504127470045, 14.644369905513969]]]}}, {"id": "343", "type": "Feature", "properties": {"kind": "L1", "value": 14.77195186783972, "building_uid": 1306}, "geometry": {"type": "MultiLineString", "coordinates": [[[-90.51483351950466, 14.643900212791703], [-90.51469754241405, 14.643883486509578]], [[-90.51469754241405, 14.643883486509578], [-90.51472364190543, 14.643875328264702]], [[-90.51469754241405, 14.643883486509578], [-90.51472073775587, 14.643897708429632]]]}}, {"id": "344", "type": "Feature", "properties": {"kind": "L1", "value": 34.649666491276385, "building_uid": 1407}, "geometry": {"type": "MultiLineString", "coordinates": [[[-90.51229798671297, 14.646293875775843], [-90.51234769135601, 14.645984632265108]], [[-90.51234769135601, 14.645984632265108], [-90.51236552871413, 14.646044776569061]], [[-90.51234769135601, 14.645984632265108], [-90.51231183494852, 14.646036595884889]]]}}, {"id": "345", "type": "Feature", "properties": {"kind": "L1", "value": 24.664288220876323, "building_uid": 1427}, "geometry": {"type": "MultiLineString", "coordinates": [[[-90.51310354495439, 14.644993836266794], [-90.51332933809512, 14.645030088270055]], [[-90.51332933809512, 14.645030088270055], [-90.51328526328409, 14.645042098491388]], [[-90.51332933809512, 14.645030088270055], [-90.51329155765639, 14.645004935890277]]]}}, {"id": "346", "type": "Feature", "properties": {"kind": "L1", "value": 12.785941170901912, "building_uid": 1547}, "geometry": {"type": "MultiLineString", "coordinates": [[[-90.51441455012271, 14.64555360135329], [-90.51453204616115, 14.645569548241978]], [[-90.51453204616115, 14.645569548241978], [-90.51450936422444, 14.645576326819691]], [[-90.51453204616115, 14.645569548241978], [-90.51451213306386, 14.645556988556889]]]}}, {"id": "347", "type": "Feature", "properties": {"kind": "L1", "value": 32.11356813931008, "building_uid": 1548}, "geometry": {"type": "MultiLineString", "coordinates": [[[-90.51468805176347, 14.645681535158547], [-90.51439334846934, 14.645638758437508]], [[-90.51439334846934, 14.645638758437508], [-90.51445048048495, 14.645622260160966]], [[-90.51439334846934, 14.645638758437508], [-90.51444305318262, 14.645670764316801]]]}}, {"id": "348", "type": "Feature", "properties": {"kind": "L1", "value": 18.83855116140423, "building_uid": 1550}, "geometry": {"type": "MultiLineString", "coordinates": [[[-90.51411901519708, 14.645586894868499], [-90.5141027804824, 14.645756337121501]], [[-90.5141027804824, 14.645756337121501], [-90.51409101315943, 14.64572428774727]], [[-90.5141027804824, 14.645756337121501], [-90.51412043327193, 14.645726959762568]]]}}, {"id": "349", "type": "Feature", "properties": {"kind": "L1", "value": 19.118883135277148, "building_uid": 1555}, "geometry": {"type": "MultiLineString", "coordinates": [[[-90.5130348342447, 14.645196547065314], [-90.512859257069, 14.64517191341495]], [[-90.512859257069, 14.64517191341495], [-90.51289322101444, 14.645161929717508]], [[-90.512859257069, 14.64517191341495], [-90.51288894389872, 14.645190827398746]]]}}, {"id": "350", "type": "Feature", "properties": {"kind": "L1", "value": 40.99510082711092, "building_uid": 2589}, "geometry": {"type": "MultiLineString", "coordinates": [[[-90.51455969742823, 14.644498197258814], [-90.51493701691707, 14.644544961664751]], [[-90.51493701691707, 14.644544961664751], [-90.51486456358539, 14.644567536120201]], [[-90.51493701691707, 14.644544961664751], [-90.51487268317192, 14.644505434118091]]]}}, {"id": "351", "type": "Feature", "properties": {"kind": "L1", "value": 41.16081999629184, "building_uid": 2590}, "geometry": {"type": "MultiLineString", "coordinates": [[[-90.51457394020801, 14.644383488525484], [-90.51495238279095, 14.64443342049967]], [[-90.51495238279095, 14.64443342049967], [-90.5148794508973, 14.644455513236828]], [[-90.51495238279095, 14.64443342049967], [-90.51488812045838, 14.644393226354854]]]}}, {"id": "352", "type": "Feature", "properties": {"kind": "L1", "value": 41.4911666251346, "building_uid": 2591}, "geometry": {"type": "MultiLineString", "coordinates": [[[-90.5149706863289, 14.644316831154887], [-90.5145870305434, 14.64428592697809]], [[-90.5145870305434, 14.64428592697809], [-90.51465925550423, 14.644259956301651]], [[-90.5145870305434, 14.64428592697809], [-90.51465388963996, 14.64432310122425]]]}}, {"id": "353", "type": "Feature", "properties": {"kind": "L1", "value": 14.710199777766231, "building_uid": 2600}, "geometry": {"type": "MultiLineString", "coordinates": [[[-90.5124193960834, 14.6441209045667], [-90.5124019820727, 14.644252702839374]], [[-90.5124019820727, 14.644252702839374], [-90.5123936966348, 14.644227379814122]], [[-90.5124019820727, 14.644252702839374], [-90.51241658049723, 14.64423024594462]]]}}, {"id": "354", "type": "Feature", "properties": {"kind": "L1", "value": 17.120167725435852, "building_uid": 2602}, "geometry": {"type": "MultiLineString", "coordinates": [[[-90.51283425764136, 14.644280755685815], [-90.51267681134308, 14.644260274136332]], [[-90.51267681134308, 14.644260274136332], [-90.51270712838844, 14.644251029817342]], [[-90.51267681134308, 14.644260274136332], [-90.51270357221294, 14.644276943505528]]]}}, {"id": "355", "type": "Feature", "properties": {"kind": "L1", "value": 28.86780270315246, "building_uid": 2604}, "geometry": {"type": "MultiLineString", "coordinates": [[[-90.51281375535962, 14.643961562373299], [-90.51254906966837, 14.643921641758432]], [[-90.51254906966837, 14.643921641758432], [-90.51260051266794, 14.643907095846078]], [[-90.51254906966837, 14.643921641758432], [-90.51259358132752, 14.643950659858765]]]}}, {"id": "356", "type": "Feature", "properties": {"kind": "L1", "value": 20.326075535485852, "building_uid": 2605}, "geometry": {"type": "MultiLineString", "coordinates": [[[-90.5128779490577, 14.64356809212284], [-90.5128519918466, 14.6437499598788]], [[-90.5128519918466, 14.6437499598788], [-90.51284090827198, 14.643714858123271]], [[-90.5128519918466, 14.6437499598788], [-90.51287248552072, 14.643719130369744]]]}}, {"id": "357", "type": "Feature", "properties": {"kind": "L1", "value": 54.647404499619185, "building_uid": 2606}, "geometry": {"type": "MultiLineString", "coordinates": [[[-90.51266893633165, 14.644164184926776], [-90.51273825546416, 14.643675163733567]], [[-90.51273825546416, 14.643675163733567], [-90.51276814439069, 14.643769509010838]], [[-90.51273825546416, 14.643675163733567], [-90.51268323682517, 14.643758099948059]]]}}, {"id": "358", "type": "Feature", "properties": {"kind": "L1", "value": 29.411460014264275, "building_uid": 2607}, "geometry": {"type": "MultiLineString", "coordinates": [[[-90.51252443738649, 14.643520387196158], [-90.51248346172606, 14.643783062811147]], [[-90.51248346172606, 14.643783062811147], [-90.51246808518924, 14.643732077768469]], [[-90.51248346172606, 14.643783062811147], [-90.51251369291002, 14.643738821873713]]]}}, {"id": "359", "type": "Feature", "properties": {"kind": "L1", "value": 12.299070536057545, "building_uid": 2692}, "geometry": {"type": "MultiLineString", "coordinates": [[[-90.51453435165459, 14.648435727402498], [-90.5145472699303, 14.648325338023128]], [[-90.5145472699303, 14.648325338023128], [-90.51455451186787, 14.648346410446695]], [[-90.5145472699303, 14.648325338023128], [-90.51453534482259, 14.648344284301386]]]}}, {"id": "360", "type": "Feature", "properties": {"kind": "L1", "value": 17.618064452220523, "building_uid": 2709}, "geometry": {"type": "MultiLineString", "coordinates": [[[-90.51434951184434, 14.647219356764612], [-90.51432666477648, 14.647376947274763]], [[-90.51432666477648, 14.647376947274763], [-90.51431712482078, 14.647346502028464]], [[-90.51432666477648, 14.647376947274763], [-90.5143444873303, 14.647350262319073]]]}}, {"id": "361", "type": "Feature", "properties": {"kind": "L1", "value": 42.273667222643965, "building_uid": 2710}, "geometry": {"type": "MultiLineString", "coordinates": [[[-90.51454594452343, 14.647495499068196], [-90.51415740889276, 14.647443192795816]], [[-90.51415740889276, 14.647443192795816], [-90.51423237644369, 14.647420700384979]], [[-90.51415740889276, 14.647443192795816], [-90.51422329444371, 14.647484647531234]]]}}, {"id": "362", "type": "Feature", "properties": {"kind": "L1", "value": 21.583008517185053, "building_uid": 2713}, "geometry": {"type": "MultiLineString", "coordinates": [[[-90.5142499723689, 14.648217680730857], [-90.51405150275876, 14.648191692147252]], [[-90.51405150275876, 14.648191692147252], [-90.51408973388158, 14.648180070381741]], [[-90.51405150275876, 14.648191692147252], [-90.51408522144564, 14.648212735399026]]]}}, {"id": "363", "type": "Feature", "properties": {"kind": "L1", "value": 25.035450352508132, "building_uid": 2714}, "geometry": {"type": "MultiLineString", "coordinates": [[[-90.51428591255824, 14.648182671392103], [-90.51425310439801, 14.64840656183056]], [[-90.51425310439801, 14.64840656183056], [-90.51423961407548, 14.64836327924373]], [[-90.51425310439801, 14.64840656183056], [-90.5142784884531, 14.64836867895953]]]}}, {"id": "364", "type": "Feature", "properties": {"kind": "L1", "value": 10.587275623505361, "building_uid": 2715}, "geometry": {"type": "MultiLineString", "coordinates": [[[-90.51414306958786, 14.6482901551472], [-90.51404572773556, 14.64827729886739]], [[-90.51404572773556, 14.64827729886739], [-90.51406448819658, 14.648271618743161]], [[-90.51404572773556, 14.64827729886739], [-90.51406225594326, 14.648287639695974]]]}}, {"id": "365", "type": "Feature", "properties": {"kind": "L1", "value": 24.962302757218207, "building_uid": 2716}, "geometry": {"type": "MultiLineString", "coordinates": [[[-90.51406608360382, 14.648106276338225], [-90.51429534587403, 14.648138309478393]], [[-90.51429534587403, 14.648138309478393], [-90.51425100846157, 14.648151369633597]], [[-90.51429534587403, 14.648138309478393], [-90.51425657039809, 14.648113636601336]]]}}, {"id": "366", "type": "Feature", "properties": {"kind": "L1", "value": 31.966918836921106, "building_uid": 2717}, "geometry": {"type": "MultiLineString", "coordinates": [[[-90.51438543157417, 14.648066236891108], [-90.51409149006761, 14.648027639057833]], [[-90.51409149006761, 14.648027639057833], [-90.51414812125007, 14.648010446266044]], [[-90.51409149006761, 14.648027639057833], [-90.51414141945024, 14.648058824508967]]]}}, {"id": "367", "type": "Feature", "properties": {"kind": "L1", "value": 50.16524831032723, "building_uid": 2718}, "geometry": {"type": "MultiLineString", "coordinates": [[[-90.51456928858282, 14.647950522896494], [-90.51410889367523, 14.647883885842466]], [[-90.51410889367523, 14.647883885842466], [-90.5141981306893, 14.647858077669051]], [[-90.51410889367523, 14.647883885842466], [-90.51418656039075, 14.647933851616667]]]}}, {"id": "368", "type": "Feature", "properties": {"kind": "L1", "value": 16.819169512146793, "building_uid": 2721}, "geometry": {"type": "MultiLineString", "coordinates": [[[-90.51445483233447, 14.648423581990036], [-90.51447533512625, 14.648272963145445]], [[-90.51447533512625, 14.648272963145445], [-90.5144846948278, 14.648301951770891]], [[-90.51447533512625, 14.648272963145445], [-90.5144585426957, 14.648298577333168]]]}}, {"id": "369", "type": "Feature", "properties": {"kind": "L1", "value": 20.045684774509095, "building_uid": 2722}, "geometry": {"type": "MultiLineString", "coordinates": [[[-90.51443976357551, 14.648194551882645], [-90.51446462364088, 14.64801509419199]], [[-90.51446462364088, 14.64801509419199], [-90.5144756971815, 14.648049668763251]], [[-90.51446462364088, 14.64801509419199], [-90.51444453776193, 14.648045577182433]]]}}, {"id": "370", "type": "Feature", "properties": {"kind": "L1", "value": 34.264893090900934, "building_uid": 2723}, "geometry": {"type": "MultiLineString", "coordinates": [[[-90.51444300241407, 14.647672994110088], [-90.51412809752442, 14.647630438082691]], [[-90.51412809752442, 14.647630438082691], [-90.51418887218746, 14.64761223759121]], [[-90.51412809752442, 14.647630438082691], [-90.51418148313313, 14.647664066178066]]]}}, {"id": "371", "type": "Feature", "properties": {"kind": "L1", "value": 23.61531331489361, "building_uid": 2724}, "geometry": {"type": "MultiLineString", "coordinates": [[[-90.51411611217131, 14.647715231751787], [-90.51433342278804, 14.647742536178676]], [[-90.51433342278804, 14.647742536178676], [-90.5142916622817, 14.647755469969725]], [[-90.51433342278804, 14.647742536178676], [-90.51429640315918, 14.647719703930548]]]}}, {"id": "372", "type": "Feature", "properties": {"kind": "L1", "value": 8.395565789288968, "building_uid": 2725}, "geometry": {"type": "MultiLineString", "coordinates": [[[-90.51416334307702, 14.647596075817546], [-90.51417331409385, 14.647520858425727]], [[-90.51417331409385, 14.647520858425727], [-90.51417803675285, 14.647535312986987]], [[-90.51417331409385, 14.647520858425727], [-90.51416497671248, 14.647533671907746]]]}}, {"id": "373", "type": "Feature", "properties": {"kind": "L1", "value": 18.5432549177351, "building_uid": 2727}, "geometry": {"type": "MultiLineString", "coordinates": [[[-90.51451880626529, 14.64777943357514], [-90.51434887432698, 14.64775321709584]], [[-90.51434887432698, 14.64775321709584], [-90.5143819524471, 14.647743985036298]], [[-90.51434887432698, 14.64775321709584], [-90.51437740045304, 14.647771953252553]]]}}, {"id": "374", "type": "Feature", "properties": {"kind": "L1", "value": 18.738945436925693, "building_uid": 2732}, "geometry": {"type": "MultiLineString", "coordinates": [[[-90.51440426540492, 14.646864729409286], [-90.51423199135317, 14.64684186675075]], [[-90.51423199135317, 14.64684186675075], [-90.51426520283724, 14.64683183397475]], [[-90.51423199135317, 14.64684186675075], [-90.51426123318616, 14.64686018778699]]]}}, {"id": "375", "type": "Feature", "properties": {"kind": "L1", "value": 18.953010909928725, "building_uid": 2733}, "geometry": {"type": "MultiLineString", "coordinates": [[[-90.5142410137048, 14.646773245589456], [-90.51441501594368, 14.646798021624956]], [[-90.51441501594368, 14.646798021624956], [-90.51438132509412, 14.646807849821304]], [[-90.51441501594368, 14.646798021624956], [-90.51438562695024, 14.646779211561409]]]}}, {"id": "376", "type": "Feature", "properties": {"kind": "L1", "value": 19.020135639687616, "building_uid": 2735}, "geometry": {"type": "MultiLineString", "coordinates": [[[-90.51442847215151, 14.646714027564899], [-90.51425379399785, 14.646689564690977]], [[-90.51425379399785, 14.646689564690977], [-90.51428758017421, 14.646679624122553]], [[-90.51425379399785, 14.646689564690977], [-90.51428333268048, 14.646708373635168]]]}}, {"id": "377", "type": "Feature", "properties": {"kind": "L1", "value": 9.184915056100982, "building_uid": 2737}, "geometry": {"type": "MultiLineString", "coordinates": [[[-90.51442831464337, 14.646699226323452], [-90.51451266739666, 14.646711040762058]], [[-90.51451266739666, 14.646711040762058], [-90.51449635181488, 14.646715840886523]], [[-90.51451266739666, 14.646711040762058], [-90.5144984031534, 14.646701957634832]]]}}, {"id": "378", "type": "Feature", "properties": {"kind": "L1", "value": 37.68316186651161, "building_uid": 2739}, "geometry": {"type": "MultiLineString", "coordinates": [[[-90.51426849328381, 14.646578949402233], [-90.5146153829628, 14.64662155063003]], [[-90.5146153829628, 14.64662155063003], [-90.5145488067736, 14.646642375248154]], [[-90.5146153829628, 14.64662155063003], [-90.51455620359106, 14.646585282155606]]]}}, {"id": "379", "type": "Feature", "properties": {"kind": "L1", "value": 32.2497283204704, "building_uid": 2743}, "geometry": {"type": "MultiLineString", "coordinates": [[[-90.5137480709375, 14.646392761745322], [-90.51345276415297, 14.64634577345626]], [[-90.51345276415297, 14.64634577345626], [-90.51351037119596, 14.646329988991637]], [[-90.51345276415297, 14.64634577345626], [-90.5135022126163, 14.646378592314326]]]}}, {"id": "380", "type": "Feature", "properties": {"kind": "L1", "value": 9.080494044521227, "building_uid": 2754}, "geometry": {"type": "MultiLineString", "coordinates": [[[-90.51385917303774, 14.647676395775138], [-90.51387066429949, 14.647595133779689]], [[-90.51387066429949, 14.647595133779689], [-90.51387563616325, 14.647610809099607]], [[-90.51387066429949, 14.647595133779689], [-90.51386152658982, 14.647608917811636]]]}}, {"id": "381", "type": "Feature", "properties": {"kind": "L1", "value": 23.90579640618012, "building_uid": 2756}, "geometry": {"type": "MultiLineString", "coordinates": [[[-90.51398840329905, 14.64775155338415], [-90.51376873283817, 14.647721645250376]], [[-90.51376873283817, 14.647721645250376], [-90.51381114713205, 14.64770898924692]], [[-90.51376873283817, 14.647721645250376], [-90.51380595414949, 14.647745143672964]]]}}, {"id": "382", "type": "Feature", "properties": {"kind": "L1", "value": 12.90802167202131, "building_uid": 2760}, "geometry": {"type": "MultiLineString", "coordinates": [[[-90.5137473655362, 14.647691947968028], [-90.5137647468633, 14.647576578003187]], [[-90.5137647468633, 14.647576578003187], [-90.51377161217977, 14.647598920494593]], [[-90.5137647468633, 14.647576578003187], [-90.51375158041836, 14.647596059791155]]]}}, {"id": "383", "type": "Feature", "properties": {"kind": "L1", "value": 18.785270514657324, "building_uid": 2784}, "geometry": {"type": "MultiLineString", "coordinates": [[[-90.51356765481906, 14.648297255987984], [-90.51360057616805, 14.648130613998047]], [[-90.51360057616805, 14.648130613998047], [-90.51360907591443, 14.648163528955802]], [[-90.51360057616805, 14.648130613998047], [-90.51358014168255, 14.648158110614874]]]}}, {"id": "384", "type": "Feature", "properties": {"kind": "L1", "value": 27.921060611243472, "building_uid": 2802}, "geometry": {"type": "MultiLineString", "coordinates": [[[-90.51275796249016, 14.647922619903941], [-90.51272268922477, 14.648172495388486]], [[-90.51272268922477, 14.648172495388486], [-90.5127073898487, 14.648124299849144]], [[-90.51272268922477, 14.648172495388486], [-90.51275077599453, 14.648130105290303]]]}}, {"id": "385", "type": "Feature", "properties": {"kind": "L1", "value": 12.558158819938845, "building_uid": 2817}, "geometry": {"type": "MultiLineString", "coordinates": [[[-90.5127958904065, 14.647785148440818], [-90.5126805625888, 14.647768963476425]], [[-90.5126805625888, 14.647768963476425], [-90.51270287219212, 14.647762406588893]], [[-90.5126805625888, 14.647768963476425], [-90.51270006198108, 14.647781387795735]]]}}, {"id": "386", "type": "Feature", "properties": {"kind": "L1", "value": 20.492615994788373, "building_uid": 2823}, "geometry": {"type": "MultiLineString", "coordinates": [[[-90.51203902693669, 14.64789189354706], [-90.51201393301294, 14.648075393840736]], [[-90.51201393301294, 14.648075393840736], [-90.5120025509125, 14.648040067253437]], [[-90.51201393301294, 14.648075393840736], [-90.51203441225118, 14.648044197330718]]]}}, {"id": "387", "type": "Feature", "properties": {"kind": "L1", "value": 12.896423177534619, "building_uid": 2852}, "geometry": {"type": "MultiLineString", "coordinates": [[[-90.51214745445179, 14.647074458104562], [-90.51226673614751, 14.647083688876549]], [[-90.51226673614751, 14.647083688876549], [-90.51224431359113, 14.647091831706929]], [[-90.51226673614751, 14.647083688876549], [-90.5122459163289, 14.647072199686791]]]}}, {"id": "388", "type": "Feature", "properties": {"kind": "L1", "value": 18.407449017338507, "building_uid": 2857}, "geometry": {"type": "MultiLineString", "coordinates": [[[-90.51220629981928, 14.645996631579555], [-90.51218024477417, 14.64616096852141]], [[-90.51218024477417, 14.64616096852141], [-90.51217070068932, 14.646129036401538]], [[-90.51218024477417, 14.64616096852141], [-90.51219923442427, 14.646133324702062]]]}}, {"id": "389", "type": "Feature", "properties": {"kind": "L1", "value": 10.633209118209097, "building_uid": 2862}, "geometry": {"type": "MultiLineString", "coordinates": [[[-90.51475988887344, 14.645761071050028], [-90.5147452771459, 14.64585606678451]], [[-90.5147452771459, 14.64585606678451], [-90.51473967867378, 14.645837645264335]], [[-90.5147452771459, 14.64585606678451], [-90.51475617271001, 14.645840050155378]]]}}, {"id": "390", "type": "Feature", "properties": {"kind": "L1", "value": 12.97199489886362, "building_uid": 2866}, "geometry": {"type": "MultiLineString", "coordinates": [[[-90.51451491848101, 14.645723244447078], [-90.51439593596086, 14.645705575736395]], [[-90.51439593596086, 14.645705575736395], [-90.51441903681854, 14.645698986947762]], [[-90.51439593596086, 14.645705575736395], [-90.5144159690125, 14.645718569849612]]]}}, {"id": "391", "type": "Feature", "properties": {"kind": "L1", "value": 41.47384522744324, "building_uid": 2873}, "geometry": {"type": "MultiLineString", "coordinates": [[[-90.51396542592326, 14.64511793981118], [-90.51403141543169, 14.644748836181646]], [[-90.51403141543169, 14.644748836181646], [-90.51405149753583, 14.644821170984494]], [[-90.51403141543169, 14.644748836181646], [-90.51398741065529, 14.64481030998161]]]}}, {"id": "392", "type": "Feature", "properties": {"kind": "L1", "value": 18.142327241774268, "building_uid": 2880}, "geometry": {"type": "MultiLineString", "coordinates": [[[-90.51397630826472, 14.645284787058579], [-90.51400364247478, 14.64512307370477]], [[-90.51400364247478, 14.64512307370477], [-90.51401272687646, 14.645154635543284]], [[-90.51400364247478, 14.64512307370477], [-90.51398464879937, 14.645150136695896]]]}}, {"id": "393", "type": "Feature", "properties": {"kind": "L1", "value": 41.889632954121645, "building_uid": 2881}, "geometry": {"type": "MultiLineString", "coordinates": [[[-90.51414069133199, 14.644768082816771], [-90.51406470349302, 14.645139189826386]], [[-90.51406470349302, 14.645139189826386], [-90.51404625979835, 14.64506566908565]], [[-90.51406470349302, 14.645139189826386], [-90.51411069459108, 14.64507817570513]]]}}, {"id": "394", "type": "Feature", "properties": {"kind": "L1", "value": 14.084288772779919, "building_uid": 2882}, "geometry": {"type": "MultiLineString", "coordinates": [[[-90.5136091463182, 14.645135163964964], [-90.51362585678056, 14.64500897821749]], [[-90.51362585678056, 14.64500897821749], [-90.5136337825451, 14.645033226003576]], [[-90.51362585678056, 14.64500897821749], [-90.513611873092, 14.645030475681931]]]}}, {"id": "395", "type": "Feature", "properties": {"kind": "L1", "value": 29.042099666077196, "building_uid": 2891}, "geometry": {"type": "MultiLineString", "coordinates": [[[-90.51218008314781, 14.64535556201187], [-90.51244743683175, 14.64538831254446]], [[-90.51244743683175, 14.64538831254446], [-90.51239613266577, 14.645404377579052]], [[-90.51244743683175, 14.64538831254446], [-90.51240181908727, 14.645360374728437]]]}}, {"id": "396", "type": "Feature", "properties": {"kind": "L1", "value": 8.254065163332102, "building_uid": 2897}, "geometry": {"type": "MultiLineString", "coordinates": [[[-90.51250219694828, 14.645170377311072], [-90.51249020436796, 14.645244020373877]], [[-90.51249020436796, 14.645244020373877], [-90.51248598488648, 14.645229684807465]], [[-90.51249020436796, 14.645244020373877], [-90.5124987714389, 14.645231658627946]]]}}, {"id": "397", "type": "Feature", "properties": {"kind": "L1", "value": 13.913778605512764, "building_uid": 12745}, "geometry": {"type": "MultiLineString", "coordinates": [[[-90.51408405916969, 14.646241273563739], [-90.51421191470236, 14.646258662729362]], [[-90.51421191470236, 14.646258662729362], [-90.51418722977215, 14.646266032361583]], [[-90.51421191470236, 14.646258662729362], [-90.51419024904172, 14.646244989132592]]]}}, {"id": "398", "type": "Feature", "properties": {"kind": "L1", "value": 25.05280681474597, "building_uid": 12746}, "geometry": {"type": "MultiLineString", "coordinates": [[[-90.51429513563393, 14.646284143564408], [-90.51452561035741, 14.646313576942292]], [[-90.51452561035741, 14.646313576942292], [-90.51448127889553, 14.64632720826992]], [[-90.51452561035741, 14.646313576942292], [-90.51448638938929, 14.646289275367206]]]}}, {"id": "399", "type": "Feature", "properties": {"kind": "L1", "value": 33.20346851450129, "building_uid": 12782}, "geometry": {"type": "MultiLineString", "coordinates": [[[-90.51352615581658, 14.644452992014298], [-90.51322107223835, 14.644411322837396]], [[-90.51322107223835, 14.644411322837396], [-90.51327998962931, 14.644393769438475]], [[-90.51322107223835, 14.644411322837396], [-90.51327275466838, 14.644443982332657]]]}}, {"id": "400", "type": "Feature", "properties": {"kind": "L1", "value": 18.061147315742975, "building_uid": 12783}, "geometry": {"type": "MultiLineString", "coordinates": [[[-90.51315044594283, 14.643725992476003], [-90.51317460491533, 14.64356454176961]], [[-90.51317460491533, 14.64356454176961], [-90.51318424196266, 14.643595794713448]], [[-90.51317460491533, 14.64356454176961], [-90.51315620969054, 14.643591818439427]]]}}, {"id": "401", "type": "Feature", "properties": {"kind": "L1", "value": 24.64380003929577, "building_uid": 12784}, "geometry": {"type": "MultiLineString", "coordinates": [[[-90.51358856062672, 14.643420110973594], [-90.51355679577372, 14.643640571794272]], [[-90.51355679577372, 14.643640571794272], [-90.513543414505, 14.643597996663871]], [[-90.51355679577372, 14.643640571794272], [-90.51358169255137, 14.643603224782447]]]}}, {"id": "402", "type": "Feature", "properties": {"kind": "L1", "value": 51.694848283972945, "building_uid": 12785}, "geometry": {"type": "MultiLineString", "coordinates": [[[-90.51323101998281, 14.644154829458618], [-90.5132785169784, 14.643690140033678]], [[-90.5132785169784, 14.643690140033678], [-90.51331024907815, 14.643778279068409]], [[-90.5132785169784, 14.643690140033678], [-90.51322956617608, 14.643770461658532]]]}}, {"id": "403", "type": "Feature", "properties": {"kind": "L1", "value": 80.07428742612936, "building_uid": 12786}, "geometry": {"type": "MultiLineString", "coordinates": [[[-90.5135336131314, 14.643636323837026], [-90.51343040046022, 14.644352659849101]], [[-90.51343040046022, 14.644352659849101], [-90.51338692106494, 14.644214321887898]], [[-90.51343040046022, 14.644352659849101], [-90.51351129699792, 14.644231309460434]]]}}, {"id": "404", "type": "Feature", "properties": {"kind": "L1", "value": 13.475789472915439, "building_uid": 12788}, "geometry": {"type": "MultiLineString", "coordinates": [[[-90.51431480723798, 14.644560375563579], [-90.51443818687518, 14.644580102488703]], [[-90.51443818687518, 14.644580102488703], [-90.51441411031371, 14.64458668011856]], [[-90.51443818687518, 14.644580102488703], [-90.51441753546118, 14.644566373401672]]]}}, {"id": "405", "type": "Feature", "properties": {"kind": "L1", "value": 17.84943100620512, "building_uid": 12846}, "geometry": {"type": "MultiLineString", "coordinates": [[[-90.51253203833708, 14.644079311289785], [-90.51236782775776, 14.64405838256471]], [[-90.51236782775776, 14.64405838256471], [-90.51239940972661, 14.644048662631622]], [[-90.51236782775776, 14.64405838256471], [-90.51239577591181, 14.644075689660838]]]}}, {"id": "406", "type": "Feature", "properties": {"kind": "L1", "value": 12.17480534342442, "building_uid": 12847}, "geometry": {"type": "MultiLineString", "coordinates": [[[-90.5124619019276, 14.643867740063053], [-90.51244657480764, 14.643976703847803]], [[-90.51244657480764, 14.643976703847803], [-90.51243989346032, 14.643955691574119]], [[-90.51244657480764, 14.643976703847803], [-90.51245881259395, 14.643958214231114]]]}}, {"id": "407", "type": "Feature", "properties": {"kind": "L1", "value": 12.079758081487515, "building_uid": 12848}, "geometry": {"type": "MultiLineString", "coordinates": [[[-90.51241544588942, 14.643935818665426], [-90.51230450155086, 14.643920330729776]], [[-90.51230450155086, 14.643920330729776], [-90.51232595606126, 14.64391400806215]], [[-90.51230450155086, 14.643920330729776], [-90.51232326692389, 14.643932268139537]]]}}, {"id": "408", "type": "Feature", "properties": {"kind": "L1", "value": 17.766197710775568, "building_uid": 12856}, "geometry": {"type": "MultiLineString", "coordinates": [[[-90.51188568544319, 14.647603060059947], [-90.5117225253398, 14.647580193542192]], [[-90.5117225253398, 14.647580193542192], [-90.51175408515716, 14.647570911522433]], [[-90.5117225253398, 14.647580193542192], [-90.51175011482319, 14.64759776521934]]]}}, {"id": "409", "type": "Feature", "properties": {"kind": "L1", "value": 15.167756565772306, "building_uid": 12915}, "geometry": {"type": "MultiLineString", "coordinates": [[[-90.51506008052147, 14.645461984414084], [-90.51492047054614, 14.645444721234306]], [[-90.51492047054614, 14.645444721234306], [-90.51494727516078, 14.645436361427327]], [[-90.51492047054614, 14.645444721234306], [-90.51494427776909, 14.645459339354883]]]}}, {"id": "410", "type": "Feature", "properties": {"kind": "L1", "value": 20.26570085625042, "building_uid": 12919}, "geometry": {"type": "MultiLineString", "coordinates": [[[-90.51398079663618, 14.644324767055732], [-90.51379455201112, 14.64429959403892]], [[-90.51379455201112, 14.64429959403892], [-90.51383049637097, 14.644288830186852]], [[-90.51379455201112, 14.64429959403892], [-90.51382612562247, 14.64431948371253]]]}}, {"id": "411", "type": "Feature", "properties": {"kind": "L1", "value": 18.382779875432327, "building_uid": 12951}, "geometry": {"type": "MultiLineString", "coordinates": [[[-90.51452093901293, 14.64598348415774], [-90.51454889140084, 14.645819668632027]], [[-90.51454889140084, 14.645819668632027], [-90.51455804629522, 14.645851662378016]], [[-90.51454889140084, 14.645819668632027], [-90.51452960312923, 14.645847061801623]]]}}, {"id": "412", "type": "Feature", "properties": {"kind": "L1", "value": 17.471843488261513, "building_uid": 12956}, "geometry": {"type": "MultiLineString", "coordinates": [[[-90.51441749228853, 14.647406170487567], [-90.5144410640502, 14.647250016125081]], [[-90.5144410640502, 14.647250016125081], [-90.51445034797139, 14.647280260688513]], [[-90.5144410640502, 14.647250016125081], [-90.51442323482853, 14.64727638112819]]]}}, {"id": "413", "type": "Feature", "properties": {"kind": "L1", "value": 12.526412508633683, "building_uid": 12987}, "geometry": {"type": "MultiLineString", "coordinates": [[[-90.51510711345804, 14.644194398893074], [-90.51522257462543, 14.644207338378067]], [[-90.51522257462543, 14.644207338378067], [-90.5152005226262, 14.64421449468586]], [[-90.51522257462543, 14.644207338378067], [-90.51520276927903, 14.64419549121605]]]}}, {"id": "414", "type": "Feature", "properties": {"kind": "L1", "value": 14.605587041268489, "building_uid": 12997}, "geometry": {"type": "MultiLineString", "coordinates": [[[-90.51294630215969, 14.645562190684021], [-90.5128120402229, 14.645544287671752]], [[-90.5128120402229, 14.645544287671752], [-90.51283793099108, 14.645536483954107]], [[-90.5128120402229, 14.645544287671752], [-90.51283482250489, 14.645558581656132]]]}}, {"id": "415", "type": "Feature", "properties": {"kind": "L1", "value": 18.904480005997264, "building_uid": 1000003}, "geometry": {"type": "MultiLineString", "coordinates": [[[-90.514360075188, 14.642961449946371], [-90.51438840598115, 14.642792918798804]], [[-90.51438840598115, 14.642792918798804], [-90.51439790146595, 14.642825798478427]], [[-90.51438840598115, 14.642792918798804], [-90.51436863993897, 14.64282113555672]]]}}, {"id": "416", "type": "Feature", "properties": {"kind": "L1", "value": 11.104665803930798, "building_uid": 1000002}, "geometry": {"type": "MultiLineString", "coordinates": [[[-90.51437233456835, 14.64296070761217], [-90.514359252377, 14.643060209638556]], [[-90.514359252377, 14.643060209638556], [-90.5143529855583, 14.643041097157305]], [[-90.514359252377, 14.643060209638556], [-90.51437026179545, 14.643043250335467]]]}}, {"id": "417", "type": "Feature", "properties": {"kind": "L1", "value": 13.913354613574864, "building_uid": 1000004}, "geometry": {"type": "MultiLineString", "coordinates": [[[-90.51508224683609, 14.643104912155964], [-90.51506527141923, 14.643229507014807]], [[-90.51506527141923, 14.643229507014807], [-90.5150575318889, 14.643205525778585]], [[-90.51506527141923, 14.643229507014807], [-90.51507916493533, 14.643208319735042]]]}}, {"id": "418", "type": "Feature", "properties": {"kind": "L1", "value": 7.354462899041053, "building_uid": 1000005}, "geometry": {"type": "MultiLineString", "coordinates": [[[-90.51247488133505, 14.64345987432902], [-90.51254258863352, 14.643468131547554]], [[-90.51254258863352, 14.643468131547554], [-90.51252959906363, 14.643472206740466]], [[-90.51254258863352, 14.643468131547554], [-90.51253103274138, 14.643461062924864]]]}}, {"id": "419", "type": "Feature", "properties": {"kind": "L1", "value": 16.60208068194083, "building_uid": 1000012}, "geometry": {"type": "MultiLineString", "coordinates": [[[-90.51300282148863, 14.644322529542952], [-90.51315510549107, 14.644345101163388]], [[-90.51315510549107, 14.644345101163388], [-90.51312554272154, 14.644353541820772]], [[-90.51315510549107, 14.644345101163388], [-90.5131294617823, 14.644328477785884]]]}}, {"id": "420", "type": "Feature", "properties": {"kind": "L1", "value": 14.462730972862381, "building_uid": 1000007}, "geometry": {"type": "MultiLineString", "coordinates": [[[-90.51400930290481, 14.64366454076876], [-90.51398565489376, 14.643793144968871]], [[-90.51398565489376, 14.643793144968871], [-90.5139787767548, 14.64376788788278]], [[-90.51398565489376, 14.643793144968871], [-90.51400110598954, 14.643771780060462]]]}}, {"id": "421", "type": "Feature", "properties": {"kind": "L1", "value": 6.046856875665316, "building_uid": 1000008}, "geometry": {"type": "MultiLineString", "coordinates": [[[-90.51441719750288, 14.644515749936339], [-90.51442522724601, 14.644461688035786]], [[-90.51442522724601, 14.644461688035786], [-90.51442846509627, 14.644472148176945]], [[-90.51442522724601, 14.644461688035786], [-90.5144190784292, 14.64447082658329]]]}}, {"id": "422", "type": "Feature", "properties": {"kind": "L1", "value": 7.010401194533898, "building_uid": 1000009}, "geometry": {"type": "MultiLineString", "coordinates": [[[-90.51467366476896, 14.643837759406019], [-90.51466639592086, 14.643900691158581]], [[-90.51466639592086, 14.643900691158581], [-90.5146622501374, 14.643888685869188]], [[-90.51466639592086, 14.643900691158581], [-90.51467317683085, 14.643889882233076]]]}}, {"id": "423", "type": "Feature", "properties": {"kind": "L1", "value": 20.590840316301502, "building_uid": 1000011}, "geometry": {"type": "MultiLineString", "coordinates": [[[-90.51499884468166, 14.643998987597408], [-90.51480914818623, 14.643976907448636]], [[-90.51480914818623, 14.643976907448636], [-90.51484544973081, 14.643965298888284]], [[-90.51480914818623, 14.643976907448636], [-90.51484161599619, 14.643996520595323]]]}}, {"id": "424", "type": "Feature", "properties": {"kind": "L1", "value": 17.93658799086918, "building_uid": 182}, "geometry": {"type": "MultiLineString", "coordinates": [[[-90.51458993408394, 14.644150351862347], [-90.51475508464677, 14.644170330954063]], [[-90.51475508464677, 14.644170330954063], [-90.51472341473405, 14.644180300386594]], [[-90.51475508464677, 14.644170330954063], [-90.51472688365538, 14.644153118655636]]]}}, {"id": "425", "type": "Feature", "properties": {"kind": "L1", "value": 22.931710033723302, "building_uid": 1000013}, "geometry": {"type": "MultiLineString", "coordinates": [[[-90.5147524616193, 14.64416372364088], [-90.51496408669695, 14.644185154077473]], [[-90.51496408669695, 14.644185154077473], [-90.5149238667444, 14.644198685005398]], [[-90.51496408669695, 14.644185154077473], [-90.51492758765586, 14.644163854148477]]]}}, {"id": "426", "type": "Feature", "properties": {"kind": "L1", "value": 10.89683576626421, "building_uid": 1000016}, "geometry": {"type": "MultiLineString", "coordinates": [[[-90.51464165920447, 14.64527792653806], [-90.514741963582, 14.645290284766995]], [[-90.514741963582, 14.645290284766995], [-90.51472270938187, 14.645296299082421]], [[-90.514741963582, 14.645290284766995], [-90.51472485512392, 14.64527979031406]]]}}, {"id": "427", "type": "Feature", "properties": {"kind": "L1", "value": 9.8466745294172, "building_uid": 1000019}, "geometry": {"type": "MultiLineString", "coordinates": [[[-90.51492924375536, 14.645436450212603], [-90.51483842851333, 14.645426745133841]], [[-90.51483842851333, 14.645426745133841], [-90.51485573236648, 14.64542103080837]], [[-90.51483842851333, 14.645426745133841], [-90.51485404728241, 14.645435977779766]]]}}, {"id": "428", "type": "Feature", "properties": {"kind": "L1", "value": 9.1482449544694, "building_uid": 1000015}, "geometry": {"type": "MultiLineString", "coordinates": [[[-90.51461526285759, 14.645181637514497], [-90.51453128065657, 14.645169647676797]], [[-90.51453128065657, 14.645169647676797], [-90.51454754429078, 14.64516490979521]], [[-90.51453128065657, 14.645169647676797], [-90.51454546250926, 14.645178732155967]]]}}, {"id": "429", "type": "Feature", "properties": {"kind": "L1", "value": 39.81601787114463, "building_uid": 2861}, "geometry": {"type": "MultiLineString", "coordinates": [[[-90.5122421425184, 14.646630374976471], [-90.51229460005399, 14.646274342379982]], [[-90.51229460005399, 14.646274342379982], [-90.51231600044576, 14.646343194283254]], [[-90.51229460005399, 14.646274342379982], [-90.51225418263395, 14.646334560525814]]]}}, {"id": "430", "type": "Feature", "properties": {"kind": "L1", "value": 11.199983285423427, "building_uid": 1000023}, "geometry": {"type": "MultiLineString", "coordinates": [[[-90.51207070531746, 14.64745685224584], [-90.51217422597264, 14.647465689850057]], [[-90.51217422597264, 14.647465689850057], [-90.5121546944185, 14.647472606912244]], [[-90.51217422597264, 14.647465689850057], [-90.51215622889397, 14.64745556895869]]]}}, {"id": "431", "type": "Feature", "properties": {"kind": "L1", "value": 13.605177587055705, "building_uid": 1000020}, "geometry": {"type": "MultiLineString", "coordinates": [[[-90.51213593817513, 14.647099325059479], [-90.5121323749556, 14.647222178159229]], [[-90.5121323749556, 14.647222178159229], [-90.51212235531983, 14.647199616387828]], [[-90.5121323749556, 14.647222178159229], [-90.5121436863432, 14.647200202842033]]]}}, {"id": "432", "type": "Feature", "properties": {"kind": "L1", "value": 14.514462166759477, "building_uid": 1000021}, "geometry": {"type": "MultiLineString", "coordinates": [[[-90.51213446030681, 14.647210711548722], [-90.51226907910583, 14.647214353411913]], [[-90.51226907910583, 14.647214353411913], [-90.5122443617245, 14.647224771422328]], [[-90.51226907910583, 14.647214353411913], [-90.51224499405814, 14.647202615153365]]]}}, {"id": "433", "type": "Feature", "properties": {"kind": "L1", "value": 18.1545203401998, "building_uid": 1000024}, "geometry": {"type": "MultiLineString", "coordinates": [[[-90.51420787506099, 14.647379259225817], [-90.51421966439682, 14.647215662691504]], [[-90.51421966439682, 14.647215662691504], [-90.51423173010909, 14.647246286628308]], [[-90.51421966439682, 14.647215662691504], [-90.51420332478364, 14.647244346279841]]]}}, {"id": "434", "type": "Feature", "properties": {"kind": "L1", "value": 27.5175477587978, "building_uid": 1000001}, "geometry": {"type": "MultiLineString", "coordinates": [[[-90.51426810991121, 14.643003968320535], [-90.5142308791036, 14.643249890769937]], [[-90.5142308791036, 14.643249890769937], [-90.51421627822496, 14.64320225060372]], [[-90.5142308791036, 14.643249890769937], [-90.51425897703044, 14.643208378365447]]]}}, {"id": "435", "type": "Feature", "properties": {"kind": "L1", "value": 22.368942713235185, "building_uid": 1000017}, "geometry": {"type": "MultiLineString", "coordinates": [[[-90.5146266833528, 14.645717436535035], [-90.51459689399293, 14.645917414001676]], [[-90.51459689399293, 14.645917414001676], [-90.51458493269523, 14.64587871431333]], [[-90.51459689399293, 14.645917414001676], [-90.51461965463515, 14.645883617236985]]]}}, {"id": "436", "type": "Feature", "properties": {"kind": "L2", "value": 26.603618089948892, "building_uid": 7}, "geometry": {"type": "MultiLineString", "coordinates": [[[-90.51386618044748, 14.64275877759318], [-90.51411079557549, 14.642790928298792]], [[-90.51411079557549, 14.642790928298792], [-90.51406366514261, 14.642805231065111]], [[-90.51411079557549, 14.642790928298792], [-90.5140692473526, 14.642764970194943]]]}}, {"id": "437", "type": "Feature", "properties": {"kind": "L2", "value": 37.648310823515004, "building_uid": 8}, "geometry": {"type": "MultiLineString", "coordinates": [[[-90.5147891044408, 14.642949757704207], [-90.51513506237315, 14.642996756700711]], [[-90.51513506237315, 14.642996756700711], [-90.51506827334903, 14.643016707972965]], [[-90.51513506237315, 14.642996756700711], [-90.51507643361406, 14.64295976727857]]]}}, {"id": "438", "type": "Feature", "properties": {"kind": "L2", "value": 22.787863597582184, "building_uid": 9}, "geometry": {"type": "MultiLineString", "coordinates": [[[-90.51535688356358, 14.64295641649779], [-90.51514747562402, 14.642928008235431]], [[-90.51514747562402, 14.642928008235431], [-90.51518789945098, 14.642915924507655]], [[-90.51514747562402, 14.642928008235431], [-90.5151829670024, 14.642950390641623]]]}}, {"id": "439", "type": "Feature", "properties": {"kind": "L2", "value": 20.2909500204889, "building_uid": 10}, "geometry": {"type": "MultiLineString", "coordinates": [[[-90.515352858557, 14.642978129224613], [-90.51553915335754, 14.643004571732554]], [[-90.51553915335754, 14.643004571732554], [-90.51550308970435, 14.643015109720775]], [[-90.51553915335754, 14.643004571732554], [-90.51550768082863, 14.642984447745032]]]}}, {"id": "440", "type": "Feature", "properties": {"kind": "L2", "value": 7.3990099740892346, "building_uid": 53}, "geometry": {"type": "MultiLineString", "coordinates": [[[-90.51428579929701, 14.642660237811487], [-90.51427721169931, 14.64272655170988]], [[-90.51427721169931, 14.64272655170988], [-90.51427301136877, 14.64271382483858]], [[-90.51427721169931, 14.64272655170988], [-90.51428452523383, 14.642715238260259]]]}}, {"id": "441", "type": "Feature", "properties": {"kind": "L2", "value": 15.803982017340676, "building_uid": 54}, "geometry": {"type": "MultiLineString", "coordinates": [[[-90.51436258619468, 14.642800385210723], [-90.51450797160965, 14.642818966805319]], [[-90.51450797160965, 14.642818966805319], [-90.51448000569077, 14.642827563074103]], [[-90.51450797160965, 14.642818966805319], [-90.51448323194892, 14.64280363429186]]]}}, {"id": "442", "type": "Feature", "properties": {"kind": "L2", "value": 19.317163654692614, "building_uid": 55}, "geometry": {"type": "MultiLineString", "coordinates": [[[-90.51466567805548, 14.642800880254825], [-90.5144881166512, 14.642777132982868]], [[-90.5144881166512, 14.642777132982868], [-90.51452236328795, 14.642766825168813]], [[-90.5144881166512, 14.642777132982868], [-90.5145182401184, 14.642796049751096]]]}}, {"id": "443", "type": "Feature", "properties": {"kind": "L2", "value": 21.810613696612076, "building_uid": 105}, "geometry": {"type": "MultiLineString", "coordinates": [[[-90.51471489083231, 14.643370684157729], [-90.51491459981031, 14.643402495834405]], [[-90.51491459981031, 14.643402495834405], [-90.51487563856043, 14.643413164479856]], [[-90.51491459981031, 14.643402495834405], [-90.51488116192614, 14.643380294744851]]]}}, {"id": "444", "type": "Feature", "properties": {"kind": "L2", "value": 13.72393180214011, "building_uid": 106}, "geometry": {"type": "MultiLineString", "coordinates": [[[-90.51442756694956, 14.643685037639377], [-90.51455369210565, 14.643702080580486]], [[-90.51455369210565, 14.643702080580486], [-90.5145293509011, 14.643709370694424]], [[-90.51455369210565, 14.643702080580486], [-90.51453231002101, 14.64368861201612]]]}}, {"id": "445", "type": "Feature", "properties": {"kind": "L2", "value": 21.63516694155663, "building_uid": 107}, "geometry": {"type": "MultiLineString", "coordinates": [[[-90.51396337480219, 14.643634668970549], [-90.51376494668742, 14.64360511563323]], [[-90.51376494668742, 14.64360511563323], [-90.51380347970996, 14.643594143089507]], [[-90.51376494668742, 14.64360511563323], [-90.51379834843058, 14.643626801968656]]]}}, {"id": "446", "type": "Feature", "properties": {"kind": "L2", "value": 20.456236345078015, "building_uid": 108}, "geometry": {"type": "MultiLineString", "coordinates": [[[-90.51418123329837, 14.643646322854252], [-90.5139933871869, 14.643619889154568]], [[-90.5139933871869, 14.643619889154568], [-90.51402973127223, 14.643609221975286]], [[-90.5139933871869, 14.643619889154568], [-90.51402514164818, 14.643640139182395]]]}}, {"id": "447", "type": "Feature", "properties": {"kind": "L2", "value": 17.862865345813155, "building_uid": 109}, "geometry": {"type": "MultiLineString", "coordinates": [[[-90.51430767234407, 14.643728557080136], [-90.51414351303102, 14.643706351112108]], [[-90.51414351303102, 14.643706351112108], [-90.51417519658644, 14.643696866891045]], [[-90.51414351303102, 14.643706351112108], [-90.51417134101301, 14.64372388552625]]]}}, {"id": "448", "type": "Feature", "properties": {"kind": "L2", "value": 12.335146747133557, "building_uid": 110}, "geometry": {"type": "MultiLineString", "coordinates": [[[-90.51431240624035, 14.643686655243906], [-90.51442574524525, 14.643702133901028]], [[-90.51442574524525, 14.643702133901028], [-90.51440385747983, 14.643708655335425]], [[-90.51442574524525, 14.643702133901028], [-90.51440654499771, 14.643690001103442]]]}}, {"id": "449", "type": "Feature", "properties": {"kind": "L2", "value": 13.108961955827976, "building_uid": 761}, "geometry": {"type": "MultiLineString", "coordinates": [[[-90.51458201622545, 14.645058065159192], [-90.5145969446867, 14.644940540767566]], [[-90.5145969446867, 14.644940540767566], [-90.51460444152634, 14.644963071936267]], [[-90.5145969446867, 14.644940540767566], [-90.51458403593885, 14.644960614907628]]]}}, {"id": "450", "type": "Feature", "properties": {"kind": "L2", "value": 13.775606413601082, "building_uid": 176}, "geometry": {"type": "MultiLineString", "coordinates": [[[-90.51516670119581, 14.6447548594035], [-90.51529344285954, 14.64477094696504]], [[-90.51529344285954, 14.64477094696504], [-90.51526907283915, 14.644778460935967]], [[-90.51529344285954, 14.64477094696504], [-90.51527186609262, 14.644757600890983]]]}}, {"id": "451", "type": "Feature", "properties": {"kind": "L2", "value": 18.11245984143213, "building_uid": 177}, "geometry": {"type": "MultiLineString", "coordinates": [[[-90.51500553374673, 14.644700077279548], [-90.51517178967532, 14.644723940014565]], [[-90.51517178967532, 14.644723940014565], [-90.51513958224214, 14.644733296421858]], [[-90.51517178967532, 14.644723940014565], [-90.51514372548282, 14.64470593283099]]]}}, {"id": "452", "type": "Feature", "properties": {"kind": "L2", "value": 10.009858916535325, "building_uid": 178}, "geometry": {"type": "MultiLineString", "coordinates": [[[-90.51500713491272, 14.644698851555608], [-90.51491525355988, 14.644685663523136]], [[-90.51491525355988, 14.644685663523136], [-90.51493305302452, 14.644680492763756]], [[-90.51491525355988, 14.644685663523136], [-90.51493076320682, 14.644695615254253]]]}}, {"id": "453", "type": "Feature", "properties": {"kind": "L2", "value": 12.46750670077974, "building_uid": 179}, "geometry": {"type": "MultiLineString", "coordinates": [[[-90.51491697292207, 14.644685116272276], [-90.5148025394871, 14.644668645029626]], [[-90.5148025394871, 14.644668645029626], [-90.5148247118061, 14.644662213499336]], [[-90.5148025394871, 14.644668645029626], [-90.51482185192933, 14.644681047774034]]]}}, {"id": "454", "type": "Feature", "properties": {"kind": "L2", "value": 17.431461948617446, "building_uid": 183}, "geometry": {"type": "MultiLineString", "coordinates": [[[-90.514805586421, 14.643609153585606], [-90.51478150776596, 14.64376486576006]], [[-90.51478150776596, 14.64376486576006], [-90.51477235434335, 14.643734659600309]], [[-90.51478150776596, 14.64376486576006], [-90.51479939026565, 14.64373862265801]]]}}, {"id": "455", "type": "Feature", "properties": {"kind": "L2", "value": 17.26854632474884, "building_uid": 184}, "geometry": {"type": "MultiLineString", "coordinates": [[[-90.51428905145505, 14.644144495095384], [-90.51426812205732, 14.644299153764171]], [[-90.51426812205732, 14.644299153764171], [-90.5142584892207, 14.644269397733575]], [[-90.51426812205732, 14.644299153764171], [-90.51428534229173, 14.644272842452915]]]}}, {"id": "456", "type": "Feature", "properties": {"kind": "L2", "value": 29.128991637339585, "building_uid": 185}, "geometry": {"type": "MultiLineString", "coordinates": [[[-90.51390587139707, 14.64405614483933], [-90.51394315363, 14.64379552399455]], [[-90.51394315363, 14.64379552399455], [-90.51395902129589, 14.643845832632438]], [[-90.51394315363, 14.64379552399455], [-90.51391377031443, 14.643839696438722]]]}}, {"id": "457", "type": "Feature", "properties": {"kind": "L2", "value": 11.113277086848337, "building_uid": 186}, "geometry": {"type": "MultiLineString", "coordinates": [[[-90.5141472020061, 14.644468956845536], [-90.5140451417922, 14.6444546536378]], [[-90.5140451417922, 14.6444546536378], [-90.51406488310467, 14.64444884735362]], [[-90.5140451417922, 14.6444546536378], [-90.51406239966317, 14.64446564517172]]]}}, {"id": "458", "type": "Feature", "properties": {"kind": "L2", "value": 21.967782232707506, "building_uid": 187}, "geometry": {"type": "MultiLineString", "coordinates": [[[-90.5140556876734, 14.644483513001997], [-90.51385375942195, 14.644456515606393]], [[-90.51385375942195, 14.644456515606393], [-90.51389270500349, 14.6444447917942]], [[-90.51385375942195, 14.644456515606393], [-90.51388801748695, 14.644478026623338]]]}}, {"id": "459", "type": "Feature", "properties": {"kind": "L2", "value": 21.68143829860295, "building_uid": 188}, "geometry": {"type": "MultiLineString", "coordinates": [[[-90.5131875648531, 14.643357366206384], [-90.51315565769667, 14.643550745836642]], [[-90.51315565769667, 14.643550745836642], [-90.51314465324623, 14.643513067773698]], [[-90.51315565769667, 14.643550745836642], [-90.51317822924186, 14.643518319314923]]]}}, {"id": "460", "type": "Feature", "properties": {"kind": "L2", "value": 13.379136143172252, "building_uid": 191}, "geometry": {"type": "MultiLineString", "coordinates": [[[-90.51305724623931, 14.644479056186622], [-90.51307797911467, 14.644359893578805]], [[-90.51307797911467, 14.644359893578805], [-90.51308456603056, 14.644383199363087]], [[-90.51307797911467, 14.644359893578805], [-90.51306387605734, 14.6443797869948]]]}}, {"id": "461", "type": "Feature", "properties": {"kind": "L2", "value": 14.280636858394507, "building_uid": 192}, "geometry": {"type": "MultiLineString", "coordinates": [[[-90.51275039033531, 14.644312499215598], [-90.51273215319253, 14.644440275313512]], [[-90.51273215319253, 14.644440275313512], [-90.51272436612813, 14.644415613616635]], [[-90.51273215319253, 14.644440275313512], [-90.51274655164791, 14.644418615221769]]]}}, {"id": "462", "type": "Feature", "properties": {"kind": "L2", "value": 10.63002943262616, "building_uid": 193}, "geometry": {"type": "MultiLineString", "coordinates": [[[-90.51266789116733, 14.644324104586186], [-90.51257038324572, 14.644309672261889]], [[-90.51257038324572, 14.644309672261889], [-90.51258931061088, 14.644304264000738]], [[-90.51257038324572, 14.644309672261889], [-90.512586804753, 14.644320312579959]]]}}, {"id": "463", "type": "Feature", "properties": {"kind": "L2", "value": 10.65038316498293, "building_uid": 846}, "geometry": {"type": "MultiLineString", "coordinates": [[[-90.51411913591795, 14.646853677034578], [-90.51402152828155, 14.646838663001652]], [[-90.51402152828155, 14.646838663001652], [-90.5140405242368, 14.64683335206984]], [[-90.51402152828155, 14.646838663001652], [-90.51403791734757, 14.646849416873192]]]}}, {"id": "464", "type": "Feature", "properties": {"kind": "L2", "value": 14.87491295328882, "building_uid": 194}, "geometry": {"type": "MultiLineString", "coordinates": [[[-90.51232813900404, 14.644242043389612], [-90.51230884103785, 14.64437509555913]], [[-90.51230884103785, 14.64437509555913], [-90.51230078822661, 14.644349390213693]], [[-90.51230884103785, 14.64437509555913], [-90.51232388981354, 14.644352566418087]]]}}, {"id": "465", "type": "Feature", "properties": {"kind": "L2", "value": 14.605022079042396, "building_uid": 195}, "geometry": {"type": "MultiLineString", "coordinates": [[[-90.51230611399093, 14.64410625774964], [-90.51228783991543, 14.6442369867684]], [[-90.51228783991543, 14.6442369867684], [-90.51227980320127, 14.644211786779723]], [[-90.51228783991543, 14.6442369867684], [-90.51230250140969, 14.644214794466398]]]}}, {"id": "466", "type": "Feature", "properties": {"kind": "L2", "value": 11.333907950575815, "building_uid": 196}, "geometry": {"type": "MultiLineString", "coordinates": [[[-90.51234296876072, 14.643697586103459], [-90.51244707862875, 14.643712010354777]], [[-90.51244707862875, 14.643712010354777], [-90.51242695528799, 14.643717963409104]], [[-90.51244707862875, 14.643712010354777], [-90.51242945973259, 14.643700828182517]]]}}, {"id": "467", "type": "Feature", "properties": {"kind": "L2", "value": 73.44571867674662, "building_uid": 302}, "geometry": {"type": "MultiLineString", "coordinates": [[[-90.51302316641495, 14.6432072927156], [-90.51312940738245, 14.642551934707965]], [[-90.51312940738245, 14.642551934707965], [-90.51316704387943, 14.642679468934348]], [[-90.51312940738245, 14.642551934707965], [-90.51305325622641, 14.642661982921522]]]}}, {"id": "468", "type": "Feature", "properties": {"kind": "L2", "value": 12.808814446510892, "building_uid": 303}, "geometry": {"type": "MultiLineString", "coordinates": [[[-90.51390269364413, 14.64336815714184], [-90.51392135450517, 14.64325388414745]], [[-90.51392135450517, 14.64325388414745], [-90.5139278924595, 14.643276133126964]], [[-90.51392135450517, 14.64325388414745], [-90.51390805156187, 14.643273061770216]]]}}, {"id": "469", "type": "Feature", "properties": {"kind": "L2", "value": 11.871731948598033, "building_uid": 304}, "geometry": {"type": "MultiLineString", "coordinates": [[[-90.51267237386972, 14.643354358944805], [-90.51256356795612, 14.6433376652253]], [[-90.51256356795612, 14.6433376652253], [-90.51258473952703, 14.643331737074972]], [[-90.51256356795612, 14.6433376652253], [-90.51258184104007, 14.64334964524196]]]}}, {"id": "470", "type": "Feature", "properties": {"kind": "L2", "value": 20.46568365707317, "building_uid": 305}, "geometry": {"type": "MultiLineString", "coordinates": [[[-90.51245782119763, 14.643403921012752], [-90.51248357022511, 14.643220752271427]], [[-90.51248357022511, 14.643220752271427], [-90.51249480445604, 14.643256072715111]], [[-90.51248357022511, 14.643220752271427], [-90.51246300138706, 14.643251834731164]]]}}, {"id": "471", "type": "Feature", "properties": {"kind": "L2", "value": 16.903002179705823, "building_uid": 306}, "geometry": {"type": "MultiLineString", "coordinates": [[[-90.51232832694043, 14.64340491413033], [-90.51248370811737, 14.643425620429271]], [[-90.51248370811737, 14.643425620429271], [-90.51245374589308, 14.643434654130305]], [[-90.51248370811737, 14.643425620429271], [-90.51245734106625, 14.643409080230935]]]}}, {"id": "472", "type": "Feature", "properties": {"kind": "L2", "value": 18.632557668518672, "building_uid": 307}, "geometry": {"type": "MultiLineString", "coordinates": [[[-90.51279545620683, 14.643466965738998], [-90.51282236622279, 14.643300700471302]], [[-90.51282236622279, 14.643300700471302], [-90.51283192256466, 14.643333052507005]], [[-90.51282236622279, 14.643300700471302], [-90.51280305438759, 14.643328623439206]]]}}, {"id": "473", "type": "Feature", "properties": {"kind": "L2", "value": 30.015799325689095, "building_uid": 500}, "geometry": {"type": "MultiLineString", "coordinates": [[[-90.51486622811632, 14.645881042714734], [-90.51514186339547, 14.645919813726731]], [[-90.51514186339547, 14.645919813726731], [-90.51508853542079, 14.645935468945988]], [[-90.51514186339547, 14.645919813726731], [-90.51509526718687, 14.645890103165518]]]}}, {"id": "474", "type": "Feature", "properties": {"kind": "L2", "value": 13.573357817891225, "building_uid": 501}, "geometry": {"type": "MultiLineString", "coordinates": [[[-90.51476357455832, 14.645887040243057], [-90.51488807329366, 14.645905526637346]], [[-90.51488807329366, 14.645905526637346], [-90.51486390156859, 14.645912421159752]], [[-90.51488807329366, 14.645905526637346], [-90.51486711134447, 14.645891930379081]]]}}, {"id": "475", "type": "Feature", "properties": {"kind": "L2", "value": 20.063591463453463, "building_uid": 502}, "geometry": {"type": "MultiLineString", "coordinates": [[[-90.51359700145014, 14.645841151863227], [-90.51362560069629, 14.645662059291581]], [[-90.51362560069629, 14.645662059291581], [-90.5136359646007, 14.645696875412177]], [[-90.51362560069629, 14.645662059291581], [-90.51360486891498, 14.645692168368885]]]}}, {"id": "476", "type": "Feature", "properties": {"kind": "L2", "value": 9.905106003366694, "building_uid": 762}, "geometry": {"type": "MultiLineString", "coordinates": [[[-90.51457008291574, 14.645143458969219], [-90.514585532027, 14.645055254560503]], [[-90.514585532027, 14.645055254560503], [-90.51459038910328, 14.645072513989126]], [[-90.514585532027, 14.645055254560503], [-90.5145750742936, 14.645069971269148]]]}}, {"id": "477", "type": "Feature", "properties": {"kind": "L2", "value": 11.252098236098277, "building_uid": 503}, "geometry": {"type": "MultiLineString", "coordinates": [[[-90.51363304024319, 14.64554960776723], [-90.51361618068961, 14.64564991931969]], [[-90.51361618068961, 14.64564991931969], [-90.51361052817985, 14.645630349264017]], [[-90.51361618068961, 14.64564991931969], [-90.51362794518079, 14.645633124119247]]]}}, {"id": "478", "type": "Feature", "properties": {"kind": "L2", "value": 12.016261084851248, "building_uid": 504}, "geometry": {"type": "MultiLineString", "coordinates": [[[-90.51371227100731, 14.64546692380592], [-90.51369673682446, 14.645574413762786]], [[-90.51369673682446, 14.645574413762786], [-90.51369022088949, 14.645553651606882]], [[-90.51369673682446, 14.645574413762786], [-90.51370888426347, 14.645556208325008]]]}}, {"id": "479", "type": "Feature", "properties": {"kind": "L2", "value": 15.411943128222875, "building_uid": 505}, "geometry": {"type": "MultiLineString", "coordinates": [[[-90.51363307112413, 14.645288057403489], [-90.51361475916684, 14.645426134738996]], [[-90.51361475916684, 14.645426134738996], [-90.51360609131716, 14.64539959967373]], [[-90.51361475916684, 14.645426134738996], [-90.51363006553008, 14.645402613578886]]]}}, {"id": "480", "type": "Feature", "properties": {"kind": "L2", "value": 19.371733639647772, "building_uid": 506}, "geometry": {"type": "MultiLineString", "coordinates": [[[-90.51372662774298, 14.64512766252194], [-90.51370089276458, 14.645300853814941]], [[-90.51370089276458, 14.645300853814941], [-90.51369052203596, 14.64526734307231]], [[-90.51370089276458, 14.645300853814941], [-90.51372059302747, 14.645271578711354]]]}}, {"id": "481", "type": "Feature", "properties": {"kind": "L2", "value": 15.990470329051847, "building_uid": 507}, "geometry": {"type": "MultiLineString", "coordinates": [[[-90.5136727664411, 14.644846665708803], [-90.51369209865146, 14.644703447495766]], [[-90.51369209865146, 14.644703447495766], [-90.5137010278387, 14.64473099836781]], [[-90.51369209865146, 14.644703447495766], [-90.51367616109737, 14.644727816536836]]]}}, {"id": "482", "type": "Feature", "properties": {"kind": "L2", "value": 7.962198072537459, "building_uid": 508}, "geometry": {"type": "MultiLineString", "coordinates": [[[-90.51340585239636, 14.644808760682313], [-90.51347907248856, 14.644818321048499]], [[-90.51347907248856, 14.644818321048499], [-90.51346497052484, 14.644822613663658]], [[-90.51347907248856, 14.644818321048499], [-90.51346663047482, 14.644810562582878]]]}}, {"id": "483", "type": "Feature", "properties": {"kind": "L2", "value": 14.120896731752843, "building_uid": 509}, "geometry": {"type": "MultiLineString", "coordinates": [[[-90.51230145109513, 14.64456155607213], [-90.51243103598702, 14.644580368661721]], [[-90.51243103598702, 14.644580368661721], [-90.51240591402875, 14.64458762267887]], [[-90.51243103598702, 14.644580368661721], [-90.5124091804214, 14.644566294656162]]]}}, {"id": "484", "type": "Feature", "properties": {"kind": "L2", "value": 15.130280478985432, "building_uid": 510}, "geometry": {"type": "MultiLineString", "coordinates": [[[-90.51216452842147, 14.644543230627509], [-90.51230367122207, 14.644561357417048]], [[-90.51230367122207, 14.644561357417048], [-90.51227687631973, 14.644569522300213]], [[-90.51230367122207, 14.644561357417048], [-90.51228002363725, 14.644546621165457]]]}}, {"id": "485", "type": "Feature", "properties": {"kind": "L2", "value": 12.460067925504461, "building_uid": 511}, "geometry": {"type": "MultiLineString", "coordinates": [[[-90.51254311454325, 14.64459860844094], [-90.51242894910855, 14.64458088298914]], [[-90.51242894910855, 14.64458088298914], [-90.51245118173178, 14.644574700849663]], [[-90.51242894910855, 14.64458088298914], [-90.51244810409007, 14.644593491022487]]]}}, {"id": "486", "type": "Feature", "properties": {"kind": "L2", "value": 12.496534452134599, "building_uid": 512}, "geometry": {"type": "MultiLineString", "coordinates": [[[-90.51253085261557, 14.644668147273574], [-90.51264557441039, 14.644684510540973]], [[-90.51264557441039, 14.644684510540973], [-90.51262335919546, 14.64469098538209]], [[-90.51264557441039, 14.644684510540973], [-90.51262620031883, 14.64467210364517]]]}}, {"id": "487", "type": "Feature", "properties": {"kind": "L2", "value": 13.520238665031256, "building_uid": 513}, "geometry": {"type": "MultiLineString", "coordinates": [[[-90.51277954964677, 14.644621323534649], [-90.51265520434947, 14.644605190306967]], [[-90.51265520434947, 14.644605190306967], [-90.51267914396323, 14.644597881822648]], [[-90.51265520434947, 14.644605190306967], [-90.51267634277568, 14.644618347468649]]]}}, {"id": "488", "type": "Feature", "properties": {"kind": "L2", "value": 9.50416811664048, "building_uid": 514}, "geometry": {"type": "MultiLineString", "coordinates": [[[-90.51269654055136, 14.644762236952046], [-90.51270927529322, 14.644677281199455]], [[-90.51270927529322, 14.644677281199455], [-90.51271434233735, 14.644693728398684]], [[-90.51270927529322, 14.644677281199455], [-90.51269959161317, 14.64469163242446]]]}}, {"id": "489", "type": "Feature", "properties": {"kind": "L2", "value": 8.196402607779854, "building_uid": 515}, "geometry": {"type": "MultiLineString", "coordinates": [[[-90.51269773998236, 14.64476211173232], [-90.51268675649139, 14.644835377497008]], [[-90.51268675649139, 14.644835377497008], [-90.51268238686765, 14.644821193359913]], [[-90.51268675649139, 14.644835377497008], [-90.51269510788626, 14.644823001101031]]]}}, {"id": "490", "type": "Feature", "properties": {"kind": "L2", "value": 8.647564085276032, "building_uid": 847}, "geometry": {"type": "MultiLineString", "coordinates": [[[-90.51397388532646, 14.646841112509868], [-90.51396091225175, 14.646918202319542]], [[-90.51396091225175, 14.646918202319542], [-90.51395657121743, 14.646903161310464]], [[-90.51396091225175, 14.646918202319542], [-90.51396995632761, 14.646905296490903]]]}}, {"id": "491", "type": "Feature", "properties": {"kind": "L2", "value": 16.53411568586105, "building_uid": 516}, "geometry": {"type": "MultiLineString", "coordinates": [[[-90.51229916892292, 14.644778334764682], [-90.51231981179622, 14.644630332552067]], [[-90.51231981179622, 14.644630332552067], [-90.51232891872564, 14.644658858438955]], [[-90.51231981179622, 14.644630332552067], [-90.5123032213549, 14.64465546088878]]]}}, {"id": "492", "type": "Feature", "properties": {"kind": "L2", "value": 16.52079449757549, "building_uid": 517}, "geometry": {"type": "MultiLineString", "coordinates": [[[-90.51242994847048, 14.644943593667982], [-90.51245157138685, 14.644795845702784]], [[-90.51245157138685, 14.644795845702784], [-90.51246047860977, 14.644824406154294]], [[-90.51245157138685, 14.644795845702784], [-90.51243482536395, 14.644820847304366]]]}}, {"id": "493", "type": "Feature", "properties": {"kind": "L2", "value": 17.276853068462138, "building_uid": 518}, "geometry": {"type": "MultiLineString", "coordinates": [[[-90.51228712442416, 14.645066435725727], [-90.51230619046919, 14.644911473482763]], [[-90.51230619046919, 14.644911473482763], [-90.51231618746361, 14.644941131190608]], [[-90.51230619046919, 14.644911473482763], [-90.51228928159966, 14.6449379931703]]]}}, {"id": "494", "type": "Feature", "properties": {"kind": "L2", "value": 12.08956811709259, "building_uid": 519}, "geometry": {"type": "MultiLineString", "coordinates": [[[-90.5120843370628, 14.645116814501549], [-90.51219541155392, 14.64513204460336]], [[-90.51219541155392, 14.64513204460336], [-90.51217395582711, 14.645138424674933]], [[-90.51219541155392, 14.64513204460336], [-90.51217660020652, 14.645120143275326]]]}}, {"id": "495", "type": "Feature", "properties": {"kind": "L2", "value": 8.607940024393255, "building_uid": 521}, "geometry": {"type": "MultiLineString", "coordinates": [[[-90.51213160817656, 14.645367468880949], [-90.51205242740957, 14.645357296625395]], [[-90.51205242740957, 14.645357296625395], [-90.51206766293701, 14.645352624417708]], [[-90.51205242740957, 14.645357296625395], [-90.51206589673858, 14.645365656514667]]]}}, {"id": "496", "type": "Feature", "properties": {"kind": "L2", "value": 8.791182516569773, "building_uid": 522}, "geometry": {"type": "MultiLineString", "coordinates": [[[-90.51207851287508, 14.64551613638199], [-90.5120668145769, 14.645594730355972]], [[-90.5120668145769, 14.645594730355972], [-90.51206211193217, 14.64557952159869]], [[-90.5120668145769, 14.645594730355972], [-90.51207575812711, 14.645581446981167]]]}}, {"id": "497", "type": "Feature", "properties": {"kind": "L2", "value": 13.710219039955131, "building_uid": 523}, "geometry": {"type": "MultiLineString", "coordinates": [[[-90.5125287188168, 14.645571562118164], [-90.51265425479023, 14.645591575406693]], [[-90.51265425479023, 14.645591575406693], [-90.51262976249939, 14.645598278534532]], [[-90.51265425479023, 14.645591575406693], [-90.51263323738372, 14.645577617008646]]]}}, {"id": "498", "type": "Feature", "properties": {"kind": "L2", "value": 12.129466526528748, "building_uid": 524}, "geometry": {"type": "MultiLineString", "coordinates": [[[-90.51253049662682, 14.645556687636596], [-90.51241943465868, 14.645538981778559]], [[-90.51241943465868, 14.645538981778559], [-90.51244110304849, 14.645533051523186]], [[-90.51241943465868, 14.645538981778559], [-90.51243802879537, 14.645551330824176]]]}}, {"id": "499", "type": "Feature", "properties": {"kind": "L2", "value": 10.243759031830873, "building_uid": 525}, "geometry": {"type": "MultiLineString", "coordinates": [[[-90.51233034664698, 14.645568573676034], [-90.51223625837339, 14.645555478112046]], [[-90.51223625837339, 14.645555478112046], [-90.51225444984493, 14.645550109007507]], [[-90.51223625837339, 14.645555478112046], [-90.51225217607316, 14.645565594666607]]]}}, {"id": "500", "type": "Feature", "properties": {"kind": "L2", "value": 19.264358258778774, "building_uid": 697}, "geometry": {"type": "MultiLineString", "coordinates": [[[-90.51257746430045, 14.646262791373152], [-90.512607574158, 14.646091254065286]], [[-90.512607574158, 14.646091254065286], [-90.51261700836905, 14.646124825015262]], [[-90.512607574158, 14.646091254065286], [-90.51258722443825, 14.64611986935558]]]}}, {"id": "501", "type": "Feature", "properties": {"kind": "L2", "value": 10.11892938977756, "building_uid": 698}, "geometry": {"type": "MultiLineString", "coordinates": [[[-90.51265739162659, 14.64642253575203], [-90.51275030985357, 14.646435633397521]], [[-90.51275030985357, 14.646435633397521], [-90.5127323302805, 14.646440905813117]], [[-90.51275030985357, 14.646435633397521], [-90.51273460441891, 14.646425612787917]]]}}, {"id": "502", "type": "Feature", "properties": {"kind": "L2", "value": 26.312254484554963, "building_uid": 699}, "geometry": {"type": "MultiLineString", "coordinates": [[[-90.5124383355596, 14.645764645744755], [-90.5123990217059, 14.64599923484305]], [[-90.5123990217059, 14.64599923484305], [-90.51238578203298, 14.64595347759652]], [[-90.5123990217059, 14.64599923484305], [-90.51242651357883, 14.645959948120844]]]}}, {"id": "503", "type": "Feature", "properties": {"kind": "L2", "value": 8.460219129351524, "building_uid": 700}, "geometry": {"type": "MultiLineString", "coordinates": [[[-90.5121611130486, 14.645801516020597], [-90.51217334576172, 14.645726024515623]], [[-90.51217334576172, 14.645726024515623], [-90.51217768220516, 14.645740714892044]], [[-90.51217334576172, 14.645726024515623], [-90.51216457467898, 14.645738701554908]]]}}, {"id": "504", "type": "Feature", "properties": {"kind": "L2", "value": 10.36610268835871, "building_uid": 310}, "geometry": {"type": "MultiLineString", "coordinates": [[[-90.51302607947528, 14.644110579732168], [-90.51303933816341, 14.644017831728195]], [[-90.51303933816341, 14.644017831728195], [-90.51304498668966, 14.64403573448372]], [[-90.51303933816341, 14.644017831728195], [-90.51302888305894, 14.644033552268167]]]}}, {"id": "505", "type": "Feature", "properties": {"kind": "L2", "value": 10.610746643087166, "building_uid": 702}, "geometry": {"type": "MultiLineString", "coordinates": [[[-90.51197495721595, 14.645829251748648], [-90.51207258182212, 14.645841637301002]], [[-90.51207258182212, 14.645841637301002], [-90.5120538109867, 14.645847426115735]], [[-90.51207258182212, 14.645841637301002], [-90.5120559614785, 14.645831358443072]]]}}, {"id": "506", "type": "Feature", "properties": {"kind": "L2", "value": 14.253048541365606, "building_uid": 703}, "geometry": {"type": "MultiLineString", "coordinates": [[[-90.51422133591252, 14.646134789594068], [-90.51409034721713, 14.646117085761794]], [[-90.51409034721713, 14.646117085761794], [-90.51411562738484, 14.646109515334373]], [[-90.51409034721713, 14.646117085761794], [-90.51411255347412, 14.646131074248066]]]}}, {"id": "507", "type": "Feature", "properties": {"kind": "L2", "value": 12.964756947414699, "building_uid": 704}, "geometry": {"type": "MultiLineString", "coordinates": [[[-90.51397333491556, 14.646128276789163], [-90.51409233115407, 14.64614541774743]], [[-90.51409233115407, 14.64614541774743], [-90.51406927362216, 14.646152103316673]], [[-90.51409233115407, 14.64614541774743], [-90.51407224979454, 14.646132518193172]]]}}, {"id": "508", "type": "Feature", "properties": {"kind": "L2", "value": 11.900232385877214, "building_uid": 705}, "geometry": {"type": "MultiLineString", "coordinates": [[[-90.51355382375644, 14.646051471758156], [-90.51356984091353, 14.645945108263751]], [[-90.51356984091353, 14.645945108263751], [-90.51357617153194, 14.645965705977392]], [[-90.51356984091353, 14.645945108263751], [-90.51355770370913, 14.645963069775707]]]}}, {"id": "509", "type": "Feature", "properties": {"kind": "L2", "value": 13.189444746246892, "building_uid": 706}, "geometry": {"type": "MultiLineString", "coordinates": [[[-90.51354481930258, 14.646044988901727], [-90.51352706649261, 14.646162875227605]], [[-90.51352706649261, 14.646162875227605], [-90.51352005012659, 14.646140046035471]], [[-90.51352706649261, 14.646162875227605], [-90.51354051866714, 14.64614296790206]]]}}, {"id": "510", "type": "Feature", "properties": {"kind": "L2", "value": 16.924229226026487, "building_uid": 746}, "geometry": {"type": "MultiLineString", "coordinates": [[[-90.51460328890992, 14.643279000246611], [-90.51444774458385, 14.643258040751006]], [[-90.51444774458385, 14.643258040751006], [-90.51447775835868, 14.643249039526257]], [[-90.51444774458385, 14.643258040751006], [-90.51447411921535, 14.64327464029209]]]}}, {"id": "511", "type": "Feature", "properties": {"kind": "L2", "value": 16.532858718978826, "building_uid": 747}, "geometry": {"type": "MultiLineString", "coordinates": [[[-90.51429254557317, 14.643244947655067], [-90.5144444513866, 14.643265712629947]], [[-90.5144444513866, 14.643265712629947], [-90.51441511401953, 14.643274449702362]], [[-90.5144444513866, 14.643265712629947], [-90.51441871937803, 14.64324944778818]]]}}, {"id": "512", "type": "Feature", "properties": {"kind": "L2", "value": 14.211514325851144, "building_uid": 748}, "geometry": {"type": "MultiLineString", "coordinates": [[[-90.5141619260191, 14.64333168329251], [-90.514292454421, 14.643349867006224]], [[-90.514292454421, 14.643349867006224], [-90.51426721604496, 14.643357312720354]], [[-90.514292454421, 14.643349867006224], [-90.514270373229, 14.643335829285897]]]}}, {"id": "513", "type": "Feature", "properties": {"kind": "L2", "value": 19.973583551971227, "building_uid": 749}, "geometry": {"type": "MultiLineString", "coordinates": [[[-90.51400397033447, 14.643139560155872], [-90.51403159529944, 14.642961144864964]], [[-90.51403159529944, 14.642961144864964], [-90.5140420768124, 14.642995758072251]], [[-90.51403159529944, 14.642961144864964], [-90.51401109910876, 14.64299121132558]]]}}, {"id": "514", "type": "Feature", "properties": {"kind": "L2", "value": 13.995901315032109, "building_uid": 751}, "geometry": {"type": "MultiLineString", "coordinates": [[[-90.51548846939417, 14.643362020914301], [-90.51535991237039, 14.64334417334905]], [[-90.51535991237039, 14.64334417334905], [-90.5153847642278, 14.643336828948843]], [[-90.51535991237039, 14.64334417334905], [-90.51538166540064, 14.643357987914234]]]}}, {"id": "515", "type": "Feature", "properties": {"kind": "L2", "value": 15.846650484568578, "building_uid": 752}, "geometry": {"type": "MultiLineString", "coordinates": [[[-90.51538803091684, 14.64344121652554], [-90.51536571608241, 14.643582708951376]], [[-90.51536571608241, 14.643582708951376], [-90.51535747742646, 14.643555225435808]], [[-90.51536571608241, 14.643582708951376], [-90.5153820443884, 14.643558898192602]]]}}, {"id": "516", "type": "Feature", "properties": {"kind": "L2", "value": 15.312634042223351, "building_uid": 753}, "geometry": {"type": "MultiLineString", "coordinates": [[[-90.51505720565264, 14.643396428664234], [-90.51503453945024, 14.643532983625464]], [[-90.51503453945024, 14.643532983625464], [-90.51502679312593, 14.643506366166578]], [[-90.51503453945024, 14.643532983625464], [-90.51505050280336, 14.643510096755092]]]}}, {"id": "517", "type": "Feature", "properties": {"kind": "L2", "value": 12.96448956577385, "building_uid": 754}, "geometry": {"type": "MultiLineString", "coordinates": [[[-90.51501798492205, 14.64388707111226], [-90.51513721526047, 14.643902567200067]], [[-90.51513721526047, 14.643902567200067], [-90.51511425810831, 14.643909570287498]], [[-90.51513721526047, 14.643902567200067], [-90.5151169486548, 14.643889946431267]]]}}, {"id": "518", "type": "Feature", "properties": {"kind": "L2", "value": 13.28583666783758, "building_uid": 757}, "geometry": {"type": "MultiLineString", "coordinates": [[[-90.51527529318213, 14.643791725933845], [-90.51515326080595, 14.643774765509416]], [[-90.51515326080595, 14.643774765509416], [-90.51517685298265, 14.64376779726402]], [[-90.51515326080595, 14.643774765509416], [-90.51517390818182, 14.643787882309747]]]}}, {"id": "519", "type": "Feature", "properties": {"kind": "L2", "value": 12.155675145555335, "building_uid": 1305}, "geometry": {"type": "MultiLineString", "coordinates": [[[-90.51530914190265, 14.644169999318967], [-90.51529576773443, 14.644279032831909]], [[-90.51529576773443, 14.644279032831909], [-90.51528872632528, 14.644258168636668]], [[-90.51529576773443, 14.644279032831909], [-90.51530765759212, 14.644260369858618]]]}}, {"id": "520", "type": "Feature", "properties": {"kind": "L2", "value": 15.084807552318802, "building_uid": 758}, "geometry": {"type": "MultiLineString", "coordinates": [[[-90.51534662200987, 14.643822194650493], [-90.51536640056187, 14.64368729352327]], [[-90.51536640056187, 14.64368729352327], [-90.51537452674837, 14.643713373566168]], [[-90.51536640056187, 14.64368729352327], [-90.51535110419894, 14.643710118257665]]]}}, {"id": "521", "type": "Feature", "properties": {"kind": "L2", "value": 11.531555134660877, "building_uid": 759}, "geometry": {"type": "MultiLineString", "coordinates": [[[-90.51480703793955, 14.644976347409065], [-90.51470085151587, 14.644963578166276]], [[-90.51470085151587, 14.644963578166276], [-90.51472120758456, 14.644957154293085]], [[-90.51470085151587, 14.644963578166276], [-90.51471899047709, 14.644974631192037]]]}}, {"id": "522", "type": "Feature", "properties": {"kind": "L2", "value": 11.51538069625909, "building_uid": 760}, "geometry": {"type": "MultiLineString", "coordinates": [[[-90.51459556684378, 14.644942411289362], [-90.51461053096988, 14.64483941246861]], [[-90.51461053096988, 14.64483941246861], [-90.51461676031347, 14.644859313645414]], [[-90.51461053096988, 14.64483941246861], [-90.51459887678809, 14.644856850745395]]]}}, {"id": "523", "type": "Feature", "properties": {"kind": "L2", "value": 14.833085801046044, "building_uid": 766}, "geometry": {"type": "MultiLineString", "coordinates": [[[-90.51413021854366, 14.645806017803132], [-90.51426644183168, 14.645825102567095]], [[-90.51426644183168, 14.645825102567095], [-90.51424009294928, 14.64583285348335]], [[-90.51426644183168, 14.645825102567095], [-90.51424340661771, 14.64581043299402]]]}}, {"id": "524", "type": "Feature", "properties": {"kind": "L2", "value": 10.291682576442563, "building_uid": 767}, "geometry": {"type": "MultiLineString", "coordinates": [[[-90.51422939211663, 14.645613434754612], [-90.51421905924632, 14.645705858685211]], [[-90.51421905924632, 14.645705858685211], [-90.51421290845721, 14.645688255454276]], [[-90.51421905924632, 14.645705858685211], [-90.51422895594207, 14.645689956105036]]]}}, {"id": "525", "type": "Feature", "properties": {"kind": "L2", "value": 12.12525304126703, "building_uid": 768}, "geometry": {"type": "MultiLineString", "coordinates": [[[-90.51419170124805, 14.645274613697467], [-90.51420602873982, 14.645165972198523]], [[-90.51420602873982, 14.645165972198523], [-90.5142128633598, 14.64518684378325]], [[-90.51420602873982, 14.645165972198523], [-90.51419400007643, 14.645184485668617]]]}}, {"id": "526", "type": "Feature", "properties": {"kind": "L2", "value": 12.569399128080827, "building_uid": 769}, "geometry": {"type": "MultiLineString", "coordinates": [[[-90.5142248308697, 14.64526182969159], [-90.51421001856208, 14.645374455706136]], [[-90.51421001856208, 14.645374455706136], [-90.51420292590373, 14.6453528219847]], [[-90.51421001856208, 14.645374455706136], [-90.51422248102814, 14.645355259894204]]]}}, {"id": "527", "type": "Feature", "properties": {"kind": "L2", "value": 13.340525862208542, "building_uid": 771}, "geometry": {"type": "MultiLineString", "coordinates": [[[-90.51358251405551, 14.646297440471363], [-90.51360141068895, 14.646178341634537]], [[-90.51360141068895, 14.646178341634537], [-90.51360832499536, 14.646201484735396]], [[-90.51360141068895, 14.646178341634537], [-90.51358764592095, 14.646198374615402]]]}}, {"id": "528", "type": "Feature", "properties": {"kind": "L2", "value": 17.87125122980123, "building_uid": 772}, "geometry": {"type": "MultiLineString", "coordinates": [[[-90.51355033424527, 14.646581137308162], [-90.5135759297269, 14.646421632509144]], [[-90.5135759297269, 14.646421632509144], [-90.51358513764168, 14.64645265092309]], [[-90.5135759297269, 14.646421632509144], [-90.51355744286707, 14.646448438272547]]]}}, {"id": "529", "type": "Feature", "properties": {"kind": "L2", "value": 11.718122184327806, "building_uid": 842}, "geometry": {"type": "MultiLineString", "coordinates": [[[-90.5137131216026, 14.646760927299985], [-90.5138209309757, 14.646774637390283]], [[-90.5138209309757, 14.646774637390283], [-90.51380019903912, 14.64678102421622]], [[-90.5138209309757, 14.646774637390283], [-90.51380257951918, 14.646763280346791]]]}}, {"id": "530", "type": "Feature", "properties": {"kind": "L2", "value": 11.43073499886615, "building_uid": 843}, "geometry": {"type": "MultiLineString", "coordinates": [[[-90.5139378864789, 14.646767828919169], [-90.51383294394152, 14.646752887825455]], [[-90.51383294394152, 14.646752887825455], [-90.51385326309965, 14.646746960060387]], [[-90.51383294394152, 14.646752887825455], [-90.51385066887552, 14.646764232089037]]]}}, {"id": "531", "type": "Feature", "properties": {"kind": "L2", "value": 12.43000958925597, "building_uid": 844}, "geometry": {"type": "MultiLineString", "coordinates": [[[-90.5136084845857, 14.646770396595484], [-90.51372263288134, 14.646786431412842]], [[-90.51372263288134, 14.646786431412842], [-90.51370055012039, 14.646792918502776]], [[-90.51372263288134, 14.646786431412842], [-90.5137033342426, 14.646774131338868]]]}}, {"id": "532", "type": "Feature", "properties": {"kind": "L2", "value": 12.197506903223678, "building_uid": 845}, "geometry": {"type": "MultiLineString", "coordinates": [[[-90.51403509170339, 14.646751479994645], [-90.51405231037381, 14.646642576690436]], [[-90.51405231037381, 14.646642576690436], [-90.51405864372744, 14.646663733645626]], [[-90.51405231037381, 14.646642576690436], [-90.51403973485816, 14.64666089970066]]]}}, {"id": "533", "type": "Feature", "properties": {"kind": "L2", "value": 10.022330358796003, "building_uid": 520}, "geometry": {"type": "MultiLineString", "coordinates": [[[-90.51229258819102, 14.645316879913068], [-90.51230419673921, 14.64522705162336]], [[-90.51230419673921, 14.64522705162336], [-90.512309890944, 14.64524428934529]], [[-90.51230419673921, 14.64522705162336], [-90.51229429416978, 14.645242378732963]]]}}, {"id": "534", "type": "Feature", "properties": {"kind": "L2", "value": 11.819603671481532, "building_uid": 914}, "geometry": {"type": "MultiLineString", "coordinates": [[[-90.51508769850538, 14.646288860357242], [-90.5149788833767, 14.646275581126162]], [[-90.5149788833767, 14.646275581126162], [-90.51499976020976, 14.64626903342343]], [[-90.5149788833767, 14.646275581126162], [-90.51499745453968, 14.646286942864343]]]}}, {"id": "535", "type": "Feature", "properties": {"kind": "L2", "value": 11.15777561937044, "building_uid": 915}, "geometry": {"type": "MultiLineString", "coordinates": [[[-90.51482016380882, 14.646289361828718], [-90.51471773467924, 14.64627472910645]], [[-90.51471773467924, 14.64627472910645], [-90.5147375714791, 14.646268952262048]], [[-90.51471773467924, 14.64627472910645], [-90.51473503080322, 14.646285810657268]]]}}, {"id": "536", "type": "Feature", "properties": {"kind": "L2", "value": 18.586257053091195, "building_uid": 916}, "geometry": {"type": "MultiLineString", "coordinates": [[[-90.51454428380295, 14.646241439364124], [-90.51471466087385, 14.646267393867909]], [[-90.51471466087385, 14.646267393867909], [-90.51468152482452, 14.64627671016207]], [[-90.51471466087385, 14.646267393867909], [-90.51468603128734, 14.646248668483732]]]}}, {"id": "537", "type": "Feature", "properties": {"kind": "L2", "value": 9.372289495764823, "building_uid": 918}, "geometry": {"type": "MultiLineString", "coordinates": [[[-90.51407926445478, 14.646263848045514], [-90.5140665460585, 14.646347602114869]], [[-90.5140665460585, 14.646347602114869], [-90.51406158032208, 14.646331374087078]], [[-90.5140665460585, 14.646347602114869], [-90.51407612250985, 14.646333467356747]]]}}, {"id": "538", "type": "Feature", "properties": {"kind": "L2", "value": 11.786149174115907, "building_uid": 919}, "geometry": {"type": "MultiLineString", "coordinates": [[[-90.51375819874055, 14.6459733519657], [-90.51374177053424, 14.646078613746038]], [[-90.51374177053424, 14.646078613746038], [-90.51373561006811, 14.646058181903943]], [[-90.51374177053424, 14.646078613746038], [-90.51375388660858, 14.646060885759974]]]}}, {"id": "539", "type": "Feature", "properties": {"kind": "L2", "value": 7.978781307521984, "building_uid": 1267}, "geometry": {"type": "MultiLineString", "coordinates": [[[-90.51429719536713, 14.64407401283831], [-90.51428710977191, 14.64414541708266]], [[-90.51428710977191, 14.64414541708266], [-90.51428273902025, 14.644131644256019]], [[-90.51428710977191, 14.64414541708266], [-90.51429513678656, 14.644133304220343]]]}}, {"id": "540", "type": "Feature", "properties": {"kind": "L2", "value": 17.194656088752193, "building_uid": 1268}, "geometry": {"type": "MultiLineString", "coordinates": [[[-90.51429502033042, 14.644078083203318], [-90.5143172459793, 14.643924270091418]], [[-90.5143172459793, 14.643924270091418], [-90.51432657043749, 14.643953979529133]], [[-90.5143172459793, 14.643924270091418], [-90.51429986421716, 14.643950321462706]]]}}, {"id": "541", "type": "Feature", "properties": {"kind": "L2", "value": 14.798375787269983, "building_uid": 1269}, "geometry": {"type": "MultiLineString", "coordinates": [[[-90.5144273462423, 14.643819861086115], [-90.51440652243502, 14.643951995752127]], [[-90.51440652243502, 14.643951995752127], [-90.51439882587484, 14.643926331144327]], [[-90.51440652243502, 14.643951995752127], [-90.51442176811258, 14.643929758489747]]]}}, {"id": "542", "type": "Feature", "properties": {"kind": "L2", "value": 10.283264830468319, "building_uid": 1271}, "geometry": {"type": "MultiLineString", "coordinates": [[[-90.51340991730781, 14.643388443162026], [-90.51339478381335, 14.643480160938779]], [[-90.51339478381335, 14.643480160938779], [-90.51338956457944, 14.643462290634849]], [[-90.51339478381335, 14.643480160938779], [-90.51340548929171, 14.643464781428865]]]}}, {"id": "543", "type": "Feature", "properties": {"kind": "L2", "value": 17.26474890932231, "building_uid": 1272}, "geometry": {"type": "MultiLineString", "coordinates": [[[-90.51222841116162, 14.643983885115233], [-90.51238720746103, 14.644004388922163]], [[-90.51238720746103, 14.644004388922163], [-90.51235664378068, 14.644013740336955]], [[-90.51238720746103, 14.644004388922163], [-90.51236020380496, 14.64398760441877]]]}}, {"id": "544", "type": "Feature", "properties": {"kind": "L2", "value": 6.668030436868074, "building_uid": 1297}, "geometry": {"type": "MultiLineString", "coordinates": [[[-90.51370910491093, 14.644480828388174], [-90.51364774016561, 14.644473162220729]], [[-90.51364774016561, 14.644473162220729], [-90.513659528766, 14.644469501873798]], [[-90.51364774016561, 14.644473162220729], [-90.51365819770277, 14.644479601732858]]]}}, {"id": "545", "type": "Feature", "properties": {"kind": "L2", "value": 7.168989491486755, "building_uid": 1300}, "geometry": {"type": "MultiLineString", "coordinates": [[[-90.51532664837887, 14.644519518868211], [-90.51526069667423, 14.644511101323559]], [[-90.51526069667423, 14.644511101323559], [-90.51527338194423, 14.644507199695902]], [[-90.51526069667423, 14.644511101323559], [-90.51527192042037, 14.644518054508366]]]}}, {"id": "546", "type": "Feature", "properties": {"kind": "L2", "value": 7.88295505510872, "building_uid": 1302}, "geometry": {"type": "MultiLineString", "coordinates": [[[-90.51526577100324, 14.644362948833717], [-90.51525563863407, 14.644433472879278]], [[-90.51525563863407, 14.644433472879278], [-90.51525135276609, 14.644419855750748]], [[-90.51525563863407, 14.644433472879278], [-90.51526359772167, 14.644421523411257]]]}}, {"id": "547", "type": "Feature", "properties": {"kind": "L2", "value": 10.789011195246998, "building_uid": 1303}, "geometry": {"type": "MultiLineString", "coordinates": [[[-90.51516991458496, 14.644253785056604], [-90.51515820742927, 14.644350578770661]], [[-90.51515820742927, 14.644350578770661], [-90.51515192643728, 14.644332070365563]], [[-90.51515820742927, 14.644350578770661], [-90.5151687325385, 14.644333997217188]]]}}, {"id": "548", "type": "Feature", "properties": {"kind": "L2", "value": 26.400962781935203, "building_uid": 1405}, "geometry": {"type": "MultiLineString", "coordinates": [[[-90.51206679848777, 14.646380606532286], [-90.51203201501953, 14.646616682387604]], [[-90.51203201501953, 14.646616682387604], [-90.51201782503041, 14.646571028476796]], [[-90.51203201501953, 14.646616682387604], [-90.5120588148379, 14.646576753345437]]]}}, {"id": "549", "type": "Feature", "properties": {"kind": "L2", "value": 13.149784873665192, "building_uid": 1406}, "geometry": {"type": "MultiLineString", "coordinates": [[[-90.51205909060894, 14.646388567356663], [-90.51207485611775, 14.64627077493949]], [[-90.51207485611775, 14.64627077493949], [-90.5120822245642, 14.646293423566496]], [[-90.51207485611775, 14.64627077493949], [-90.51206177231417, 14.646290828786736]]]}}, {"id": "550", "type": "Feature", "properties": {"kind": "L2", "value": 12.405059660870467, "building_uid": 1408}, "geometry": {"type": "MultiLineString", "coordinates": [[[-90.5120444923112, 14.646029092374343], [-90.5120288567755, 14.646140114415594]], [[-90.5120288567755, 14.646140114415594], [-90.51202205255072, 14.646118703691243]], [[-90.5120288567755, 14.646140114415594], [-90.51204132924728, 14.646121277084024]]]}}, {"id": "551", "type": "Feature", "properties": {"kind": "L2", "value": 13.426771604082507, "building_uid": 1409}, "geometry": {"type": "MultiLineString", "coordinates": [[[-90.51209856595625, 14.646146159184584], [-90.51208063088612, 14.64626618610101]], [[-90.51208063088612, 14.64626618610101], [-90.51207346171716, 14.64624295390404]], [[-90.51208063088612, 14.64626618610101], [-90.51209430193724, 14.646245905766756]]]}}, {"id": "552", "type": "Feature", "properties": {"kind": "L2", "value": 9.772392594298505, "building_uid": 1410}, "geometry": {"type": "MultiLineString", "coordinates": [[[-90.51354030834007, 14.646666396610298], [-90.51355343277, 14.646579047507931]], [[-90.51355343277, 14.646579047507931], [-90.51355863702197, 14.646595960588796]], [[-90.51355343277, 14.646579047507931], [-90.51354347061128, 14.646593800495939]]]}}, {"id": "553", "type": "Feature", "properties": {"kind": "L2", "value": 9.227549332469955, "building_uid": 1411}, "geometry": {"type": "MultiLineString", "coordinates": [[[-90.51340207140035, 14.646836982749477], [-90.51341537127756, 14.646754637700615]], [[-90.51341537127756, 14.646754637700615], [-90.51342010930686, 14.646770658176155]], [[-90.51341537127756, 14.646754637700615], [-90.51340581173764, 14.646768469208892]]]}}, {"id": "554", "type": "Feature", "properties": {"kind": "L2", "value": 8.88834010221034, "building_uid": 1412}, "geometry": {"type": "MultiLineString", "coordinates": [[[-90.51402638768454, 14.646420844359035], [-90.51403944075275, 14.646341563744423]], [[-90.51403944075275, 14.646341563744423], [-90.51404395746701, 14.646357008447307]], [[-90.51403944075275, 14.646341563744423], [-90.51403019200174, 14.646354860097103]]]}}, {"id": "555", "type": "Feature", "properties": {"kind": "L2", "value": 8.971760076351627, "building_uid": 1413}, "geometry": {"type": "MultiLineString", "coordinates": [[[-90.51402971925378, 14.646420712501028], [-90.51401654436542, 14.646500737297012]], [[-90.51401654436542, 14.646500737297012], [-90.51401198512468, 14.646485147677826]], [[-90.51401654436542, 14.646500737297012], [-90.51402587980995, 14.6464873160781]]]}}, {"id": "556", "type": "Feature", "properties": {"kind": "L2", "value": 14.983569479648736, "building_uid": 1414}, "geometry": {"type": "MultiLineString", "coordinates": [[[-90.5140123539441, 14.646644213168265], [-90.51403351535717, 14.646510436461453]], [[-90.51403351535717, 14.646510436461453], [-90.51404129342048, 14.646536426468572]], [[-90.51403351535717, 14.646510436461453], [-90.51401806579852, 14.646532943603315]]]}}, {"id": "557", "type": "Feature", "properties": {"kind": "L2", "value": 15.545656224744787, "building_uid": 1426}, "geometry": {"type": "MultiLineString", "coordinates": [[[-90.51285938455557, 14.644729754016044], [-90.51300198691592, 14.644750836503759]], [[-90.51300198691592, 14.644750836503759], [-90.51297430833023, 14.644758750322351]], [[-90.51300198691592, 14.644750836503759], [-90.51297796884332, 14.644735279808348]]]}}, {"id": "558", "type": "Feature", "properties": {"kind": "L2", "value": 14.725547946688135, "building_uid": 1428}, "geometry": {"type": "MultiLineString", "coordinates": [[[-90.51333020249959, 14.64523100104125], [-90.51330749593095, 14.645362174180569]], [[-90.51330749593095, 14.645362174180569], [-90.51330022404282, 14.645336528933054]], [[-90.51330749593095, 14.645362174180569], [-90.51332299948123, 14.64534026613367]]]}}, {"id": "559", "type": "Feature", "properties": {"kind": "L2", "value": 13.82113594394864, "building_uid": 1429}, "geometry": {"type": "MultiLineString", "coordinates": [[[-90.51332587526251, 14.645238104015386], [-90.51334758876146, 14.645115053775593]], [[-90.51334758876146, 14.645115053775593], [-90.5133543354665, 14.645139144930964]], [[-90.51334758876146, 14.645115053775593], [-90.51333297041666, 14.645135571177004]]]}}, {"id": "560", "type": "Feature", "properties": {"kind": "L2", "value": 12.275522193080404, "building_uid": 1430}, "geometry": {"type": "MultiLineString", "coordinates": [[[-90.51291454536323, 14.645212940962198], [-90.51289829874484, 14.645322697732727]], [[-90.51289829874484, 14.645322697732727], [-90.51289171516598, 14.645301466060426]], [[-90.51289829874484, 14.645322697732727], [-90.51291077210233, 14.645304140039013]]]}}, {"id": "561", "type": "Feature", "properties": {"kind": "L2", "value": 8.932067073661507, "building_uid": 763}, "geometry": {"type": "MultiLineString", "coordinates": [[[-90.51449998228512, 14.645215839331387], [-90.51451200286583, 14.64513600482638]], [[-90.51451200286583, 14.64513600482638], [-90.51451675477762, 14.645151464967364]], [[-90.51451200286583, 14.64513600482638], [-90.51450289321775, 14.645149486538987]]]}}, {"id": "562", "type": "Feature", "properties": {"kind": "L2", "value": 6.668606028670017, "building_uid": 1431}, "geometry": {"type": "MultiLineString", "coordinates": [[[-90.5128962849537, 14.64532478208094], [-90.51288786329611, 14.645384462201628]], [[-90.51288786329611, 14.645384462201628], [-90.51288420872385, 14.645372951443685]], [[-90.51288786329611, 14.645384462201628], [-90.51289457091504, 14.645374337536419]]]}}, {"id": "563", "type": "Feature", "properties": {"kind": "L2", "value": 14.001927742897552, "building_uid": 1542}, "geometry": {"type": "MultiLineString", "coordinates": [[[-90.51508036128115, 14.644992987651012], [-90.51495154772292, 14.644976557773385]], [[-90.51495154772292, 14.644976557773385], [-90.51497632301646, 14.644968935369535]], [[-90.51495154772292, 14.644976557773385], [-90.51497347031696, 14.644990136397753]]]}}, {"id": "564", "type": "Feature", "properties": {"kind": "L2", "value": 19.24219700373332, "building_uid": 1543}, "geometry": {"type": "MultiLineString", "coordinates": [[[-90.51519731462979, 14.64490957507576], [-90.51517218845429, 14.645081669418737]], [[-90.51517218845429, 14.645081669418737], [-90.51516180261913, 14.645048407609332]], [[-90.51517218845429, 14.645081669418737], [-90.51519168311836, 14.645052543051616]]]}}, {"id": "565", "type": "Feature", "properties": {"kind": "L2", "value": 5.980244917073557, "building_uid": 1544}, "geometry": {"type": "MultiLineString", "coordinates": [[[-90.51523570682015, 14.645198254624711], [-90.51518080051414, 14.645190461900356]], [[-90.51518080051414, 14.645190461900356], [-90.51519142943691, 14.645187355996669]], [[-90.51518080051414, 14.645190461900356], [-90.51519007639551, 14.645196392848579]]]}}, {"id": "566", "type": "Feature", "properties": {"kind": "L2", "value": 19.561906765283283, "building_uid": 1545}, "geometry": {"type": "MultiLineString", "coordinates": [[[-90.5150741680869, 14.645225598120758], [-90.5150442052958, 14.645399886025483]], [[-90.5150442052958, 14.645399886025483], [-90.5150345056991, 14.645365828589481]], [[-90.5150442052958, 14.645399886025483], [-90.51506476710769, 14.645370760068483]]]}}, {"id": "567", "type": "Feature", "properties": {"kind": "L2", "value": 10.552923440058889, "building_uid": 1546}, "geometry": {"type": "MultiLineString", "coordinates": [[[-90.51512136561196, 14.645530340620592], [-90.5151337100458, 14.645435771465708]], [[-90.5151337100458, 14.645435771465708], [-90.51513968244616, 14.645453929081738]], [[-90.5151337100458, 14.645435771465708], [-90.51512326250551, 14.645451897354445]]]}}, {"id": "568", "type": "Feature", "properties": {"kind": "L2", "value": 11.922921033648283, "building_uid": 1549}, "geometry": {"type": "MultiLineString", "coordinates": [[[-90.51412433299402, 14.645363009108037], [-90.51411147536204, 14.64546998475729]], [[-90.51411147536204, 14.64546998475729], [-90.5141045189249, 14.645449536087167]], [[-90.51411147536204, 14.64546998475729], [-90.51412309299124, 14.645451652282013]]]}}, {"id": "569", "type": "Feature", "properties": {"kind": "L2", "value": 11.200257149871115, "building_uid": 1551}, "geometry": {"type": "MultiLineString", "coordinates": [[[-90.51396168927006, 14.6458322921221], [-90.51385900317503, 14.64581674837433]], [[-90.51385900317503, 14.64581674837433], [-90.5138789656404, 14.64581111549954]], [[-90.51385900317503, 14.64581674837433], [-90.51387626678928, 14.645828016223344]]]}}, {"id": "570", "type": "Feature", "properties": {"kind": "L2", "value": 8.05703829380193, "building_uid": 1552}, "geometry": {"type": "MultiLineString", "coordinates": [[[-90.51281323065484, 14.645649095472985], [-90.5127390980462, 14.645639717141098]], [[-90.5127390980462, 14.645639717141098], [-90.51275334961366, 14.645635316462997]], [[-90.5127390980462, 14.645639717141098], [-90.51275172126132, 14.645647517684642]]]}}, {"id": "571", "type": "Feature", "properties": {"kind": "L2", "value": 9.607520839087533, "building_uid": 1553}, "geometry": {"type": "MultiLineString", "coordinates": [[[-90.51284423854608, 14.645547944974746], [-90.51275586915202, 14.645536545773117]], [[-90.51275586915202, 14.645536545773117], [-90.51277287674172, 14.645531339807466]], [[-90.51275586915202, 14.645536545773117], [-90.51277089750805, 14.645545884217608]]]}}, {"id": "572", "type": "Feature", "properties": {"kind": "L2", "value": 13.997196485136852, "building_uid": 1554}, "geometry": {"type": "MultiLineString", "coordinates": [[[-90.51285920366566, 14.645507247102884], [-90.51287695131269, 14.645381989885815]], [[-90.51287695131269, 14.645381989885815], [-90.51288460848458, 14.64540615471603]], [[-90.51287695131269, 14.645381989885815], [-90.51286286021345, 14.64540323369245]]]}}, {"id": "573", "type": "Feature", "properties": {"kind": "L2", "value": 25.023812130245286, "building_uid": 1556}, "geometry": {"type": "MultiLineString", "coordinates": [[[-90.51296356808777, 14.644898411179955], [-90.51292804946034, 14.645121802610007]], [[-90.51292804946034, 14.645121802610007], [-90.5129150940577, 14.6450783873796]], [[-90.51292804946034, 14.645121802610007], [-90.51295388120334, 14.645084233284882]]]}}, {"id": "574", "type": "Feature", "properties": {"kind": "L2", "value": 16.41943596073766, "building_uid": 1557}, "geometry": {"type": "MultiLineString", "coordinates": [[[-90.51299843417029, 14.644766704333344], [-90.51314838955675, 14.644792868200474]], [[-90.51314838955675, 14.644792868200474], [-90.51311893701333, 14.64480046606551]], [[-90.51314838955675, 14.644792868200474], [-90.51312347979841, 14.644775785342294]]]}}, {"id": "575", "type": "Feature", "properties": {"kind": "L2", "value": 9.371039704103788, "building_uid": 1558}, "geometry": {"type": "MultiLineString", "coordinates": [[[-90.51323019040177, 14.644782783951749], [-90.51331615225573, 14.644795492462913]], [[-90.51331615225573, 14.644795492462913], [-90.51329946739666, 14.644800263006504]], [[-90.51331615225573, 14.644795492462913], [-90.51330167395338, 14.644786114794744]]]}}, {"id": "576", "type": "Feature", "properties": {"kind": "L2", "value": 9.042660037571212, "building_uid": 1559}, "geometry": {"type": "MultiLineString", "coordinates": [[[-90.51323356353497, 14.644788997572745], [-90.51315078110703, 14.644775706803607]], [[-90.51315078110703, 14.644775706803607], [-90.51316694020583, 14.64477130345184]], [[-90.51315078110703, 14.644775706803607], [-90.51316463254955, 14.644784928370521]]]}}, {"id": "577", "type": "Feature", "properties": {"kind": "L2", "value": 16.104284820621, "building_uid": 2593}, "geometry": {"type": "MultiLineString", "coordinates": [[[-90.5154218692216, 14.643929789124156], [-90.51527371697127, 14.643910879814328]], [[-90.51527371697127, 14.643910879814328], [-90.51530221286811, 14.643902115330032]], [[-90.51527371697127, 14.643910879814328], [-90.51529892968333, 14.643926499373896]]]}}, {"id": "578", "type": "Feature", "properties": {"kind": "L2", "value": 7.731960058014776, "building_uid": 2594}, "geometry": {"type": "MultiLineString", "coordinates": [[[-90.51531190409112, 14.644089732099218], [-90.51538309131041, 14.644098380260722]], [[-90.51538309131041, 14.644098380260722], [-90.51536943702325, 14.644102670950584]], [[-90.51538309131041, 14.644098380260722], [-90.51537093858366, 14.644090954415507]]]}}, {"id": "579", "type": "Feature", "properties": {"kind": "L2", "value": 8.376033433262235, "building_uid": 2595}, "geometry": {"type": "MultiLineString", "coordinates": [[[-90.51504716030915, 14.644166211283293], [-90.51503702819235, 14.644241230352211]], [[-90.51503702819235, 14.644241230352211], [-90.51503235205334, 14.644226798468754]], [[-90.51503702819235, 14.644241230352211], [-90.51504537745964, 14.644228466089258]]]}}, {"id": "580", "type": "Feature", "properties": {"kind": "L2", "value": 5.449544595355695, "building_uid": 2596}, "geometry": {"type": "MultiLineString", "coordinates": [[[-90.51527338763549, 14.644675878627131], [-90.5152812542573, 14.644627249623317]], [[-90.5152812542573, 14.644627249623317], [-90.51528405002647, 14.644636711564829]], [[-90.5152812542573, 14.644627249623317], [-90.51527560665672, 14.644635416819808]]]}}, {"id": "581", "type": "Feature", "properties": {"kind": "L2", "value": 11.493216735146452, "building_uid": 2597}, "geometry": {"type": "MultiLineString", "coordinates": [[[-90.51414390103399, 14.64446546147457], [-90.51424945049055, 14.644480253646176]], [[-90.51424945049055, 14.644480253646176], [-90.51422903426261, 14.644486258449426]], [[-90.51424945049055, 14.644480253646176], [-90.51423160259733, 14.64446888634556]]]}}, {"id": "582", "type": "Feature", "properties": {"kind": "L2", "value": 12.608297022442793, "building_uid": 2598}, "geometry": {"type": "MultiLineString", "coordinates": [[[-90.51422075054788, 14.644593370847232], [-90.51433590860705, 14.644613412695447]], [[-90.51433590860705, 14.644613412695447], [-90.51431329496157, 14.644619256656256]], [[-90.51433590860705, 14.644613412695447], [-90.51431677478956, 14.644600303109334]]]}}, {"id": "583", "type": "Feature", "properties": {"kind": "L2", "value": 15.938223679539648, "building_uid": 2599}, "geometry": {"type": "MultiLineString", "coordinates": [[[-90.51437033424644, 14.644311915120474], [-90.51435076869252, 14.644454627221005]], [[-90.51435076869252, 14.644454627221005], [-90.51434192576309, 14.64442714888111]], [[-90.51435076869252, 14.644454627221005], [-90.51436670459378, 14.644430369126137]]]}}, {"id": "584", "type": "Feature", "properties": {"kind": "L2", "value": 7.017757014384463, "building_uid": 2689}, "geometry": {"type": "MultiLineString", "coordinates": [[[-90.51465133204864, 14.648341908066268], [-90.5146602095836, 14.648279105166818]], [[-90.5146602095836, 14.648279105166818], [-90.5146640526998, 14.648291219470016]], [[-90.5146602095836, 14.648279105166818], [-90.51465314815702, 14.648289758366438]]]}}, {"id": "585", "type": "Feature", "properties": {"kind": "L2", "value": 8.439400582433597, "building_uid": 2690}, "geometry": {"type": "MultiLineString", "coordinates": [[[-90.51465280280073, 14.648284606151222], [-90.51466539410767, 14.648209360946721]], [[-90.51466539410767, 14.648209360946721], [-90.5146696442443, 14.648224036176273]], [[-90.51466539410767, 14.648209360946721], [-90.5146565793332, 14.648221963843268]]]}}, {"id": "586", "type": "Feature", "properties": {"kind": "L2", "value": 12.370575711801374, "building_uid": 2691}, "geometry": {"type": "MultiLineString", "coordinates": [[[-90.5146925631375, 14.648344514513537], [-90.51467691433194, 14.64845522055995]], [[-90.51467691433194, 14.64845522055995], [-90.51467013984268, 14.648433866035068]], [[-90.51467691433194, 14.64845522055995], [-90.51468936187878, 14.64843644158434]]]}}, {"id": "587", "type": "Feature", "properties": {"kind": "L2", "value": 14.99699587403176, "building_uid": 2693}, "geometry": {"type": "MultiLineString", "coordinates": [[[-90.51467513173473, 14.648226585163666], [-90.51470714072333, 14.648094743001765]], [[-90.51470714072333, 14.648094743001765], [-90.51471278467567, 14.648121275009254]], [[-90.51470714072333, 14.648094743001765], [-90.51468989278062, 14.648116006826696]]]}}, {"id": "588", "type": "Feature", "properties": {"kind": "L2", "value": 10.806327205190701, "building_uid": 2694}, "geometry": {"type": "MultiLineString", "coordinates": [[[-90.51470692795498, 14.647988525630707], [-90.51468544008954, 14.648083876435589]], [[-90.51468544008954, 14.648083876435589], [-90.5146810570869, 14.648064824713979]], [[-90.51468544008954, 14.648083876435589], [-90.51469761294398, 14.648068361286972]]]}}, {"id": "589", "type": "Feature", "properties": {"kind": "L2", "value": 12.150182844286986, "building_uid": 2695}, "geometry": {"type": "MultiLineString", "coordinates": [[[-90.51467473849259, 14.647893956130568], [-90.51469190548133, 14.647785477564149]], [[-90.51469190548133, 14.647785477564149], [-90.51469821137896, 14.647806553270218]], [[-90.51469190548133, 14.647785477564149], [-90.51467937615745, 14.647803727846222]]]}}, {"id": "590", "type": "Feature", "properties": {"kind": "L2", "value": 13.487658422177857, "building_uid": 2696}, "geometry": {"type": "MultiLineString", "coordinates": [[[-90.51468446867545, 14.647789202842896], [-90.51470546040125, 14.6476690884947]], [[-90.51470546040125, 14.6476690884947], [-90.51471208318134, 14.64769258806827]], [[-90.51470546040125, 14.6476690884947], [-90.51469122764054, 14.647689133149305]]]}}, {"id": "591", "type": "Feature", "properties": {"kind": "L2", "value": 11.225754323167143, "building_uid": 2697}, "geometry": {"type": "MultiLineString", "coordinates": [[[-90.5147194430109, 14.647894560061795], [-90.51470348556946, 14.647994770668344]], [[-90.51470348556946, 14.647994770668344], [-90.51469767821074, 14.647975293162231]], [[-90.51470348556946, 14.647994770668344], [-90.51471507787298, 14.647977919513538]]]}}, {"id": "592", "type": "Feature", "properties": {"kind": "L2", "value": 8.544935399024471, "building_uid": 2698}, "geometry": {"type": "MultiLineString", "coordinates": [[[-90.51484540049692, 14.647305104329117], [-90.51476718551083, 14.647292474868763]], [[-90.51476718551083, 14.647292474868763], [-90.51478245930981, 14.64728832759268]], [[-90.51476718551083, 14.647292474868763], [-90.51478026645017, 14.647301200619825]]]}}, {"id": "593", "type": "Feature", "properties": {"kind": "L2", "value": 6.330842274930895, "building_uid": 2699}, "geometry": {"type": "MultiLineString", "coordinates": [[[-90.51477401396843, 14.64728638550591], [-90.51471613756851, 14.647276614321266]], [[-90.51471613756851, 14.647276614321266], [-90.51472747662199, 14.647273622663297]], [[-90.51471613756851, 14.647276614321266], [-90.51472578004666, 14.64728314826154]]]}}, {"id": "594", "type": "Feature", "properties": {"kind": "L2", "value": 9.825337595172044, "building_uid": 2700}, "geometry": {"type": "MultiLineString", "coordinates": [[[-90.51491000763677, 14.647178113174826], [-90.51489498697639, 14.64726565724434]], [[-90.51489498697639, 14.64726565724434], [-90.51489010949183, 14.6472485527803]], [[-90.51489498697639, 14.64726565724434], [-90.51490530980026, 14.647251024959884]]]}}, {"id": "595", "type": "Feature", "properties": {"kind": "L2", "value": 10.76199199682619, "building_uid": 2701}, "geometry": {"type": "MultiLineString", "coordinates": [[[-90.51488512224235, 14.647360168726701], [-90.51489876402229, 14.647263861845436]], [[-90.51489876402229, 14.647263861845436], [-90.51490465219419, 14.647282441197838]], [[-90.51489876402229, 14.647263861845436], [-90.51488793039276, 14.64728019596383]]]}}, {"id": "596", "type": "Feature", "properties": {"kind": "L2", "value": 7.052615087450617, "building_uid": 2702}, "geometry": {"type": "MultiLineString", "coordinates": [[[-90.5147890618243, 14.647522003928353], [-90.51479819636276, 14.647458917947983]], [[-90.51479819636276, 14.647458917947983], [-90.51480201744921, 14.647471104715102]], [[-90.51479819636276, 14.647458917947983], [-90.51479106379625, 14.647469601307062]]]}}, {"id": "597", "type": "Feature", "properties": {"kind": "L2", "value": 6.235442457555425, "building_uid": 2703}, "geometry": {"type": "MultiLineString", "coordinates": [[[-90.51493129317919, 14.647421752216879], [-90.5148740230602, 14.647413763078738]], [[-90.5148740230602, 14.647413763078738], [-90.51488509751005, 14.647410498299623]], [[-90.5148740230602, 14.647413763078738], [-90.5148837103513, 14.647419924107092]]]}}, {"id": "598", "type": "Feature", "properties": {"kind": "L2", "value": 11.87859046378768, "building_uid": 2704}, "geometry": {"type": "MultiLineString", "coordinates": [[[-90.51459662519525, 14.647274188898749], [-90.51470422337646, 14.647297430036867]], [[-90.51470422337646, 14.647297430036867], [-90.51468270227744, 14.64730207184946]], [[-90.51470422337646, 14.647297430036867], [-90.51468673764295, 14.647284362781315]]]}}, {"id": "599", "type": "Feature", "properties": {"kind": "L2", "value": 14.114401063436718, "building_uid": 2705}, "geometry": {"type": "MultiLineString", "coordinates": [[[-90.51447191980492, 14.647266681278415], [-90.5146014281756, 14.64728560695921]], [[-90.5146014281756, 14.64728560695921], [-90.51457631024923, 14.647292834046908]], [[-90.5146014281756, 14.64728560695921], [-90.51457959631874, 14.647271518884924]]]}}, {"id": "600", "type": "Feature", "properties": {"kind": "L2", "value": 8.273680436802218, "building_uid": 2706}, "geometry": {"type": "MultiLineString", "coordinates": [[[-90.51434054569161, 14.647159372519095], [-90.51441626295335, 14.647171687378842]], [[-90.51441626295335, 14.647171687378842], [-90.51440146920785, 14.64717568614356]], [[-90.51441626295335, 14.647171687378842], [-90.51440360743935, 14.647163224196264]]]}}, {"id": "601", "type": "Feature", "properties": {"kind": "L2", "value": 8.501802609366475, "building_uid": 2708}, "geometry": {"type": "MultiLineString", "coordinates": [[[-90.51449175236041, 14.6471846255271], [-90.5144138114918, 14.647172790499516]], [[-90.5144138114918, 14.647172790499516], [-90.51442896663447, 14.647168521777575]], [[-90.5144138114918, 14.647172790499516], [-90.51442691171366, 14.647181349696188]]]}}, {"id": "602", "type": "Feature", "properties": {"kind": "L2", "value": 11.826294736545, "building_uid": 2711}, "geometry": {"type": "MultiLineString", "coordinates": [[[-90.51472431994993, 14.647568565538917], [-90.51470771253682, 14.647674167634083]], [[-90.51470771253682, 14.647674167634083], [-90.51470155494215, 14.647653659368586]], [[-90.51470771253682, 14.647674167634083], [-90.5147198907064, 14.64765639269944]]]}}, {"id": "603", "type": "Feature", "properties": {"kind": "L2", "value": 6.530748912607271, "building_uid": 2712}, "geometry": {"type": "MultiLineString", "coordinates": [[[-90.51482568663634, 14.647526288510198], [-90.5148172285649, 14.647584706448843]], [[-90.5148172285649, 14.647584706448843], [-90.51481369011711, 14.647573421486436]], [[-90.5148172285649, 14.647584706448843], [-90.51482383326018, 14.647574813558247]]]}}, {"id": "604", "type": "Feature", "properties": {"kind": "L2", "value": 9.161755037095554, "building_uid": 701}, "geometry": {"type": "MultiLineString", "coordinates": [[[-90.51214454553008, 14.645904762901441], [-90.51213250734872, 14.645986691313306]], [[-90.51213250734872, 14.645986691313306], [-90.51212757682138, 14.645970850182302]], [[-90.51213250734872, 14.645986691313306], [-90.51214180199723, 14.645972831501421]]]}}, {"id": "605", "type": "Feature", "properties": {"kind": "L2", "value": 9.974228498575341, "building_uid": 2720}, "geometry": {"type": "MultiLineString", "coordinates": [[[-90.51433815576614, 14.648292403952782], [-90.51442977350371, 14.648305128999981]], [[-90.51442977350371, 14.648305128999981], [-90.51441206199692, 14.648310361867063]], [[-90.51442977350371, 14.648305128999981], [-90.51441427146034, 14.648295283014248]]]}}, {"id": "606", "type": "Feature", "properties": {"kind": "L2", "value": 8.90834009873105, "building_uid": 2728}, "geometry": {"type": "MultiLineString", "coordinates": [[[-90.51498098736573, 14.646380027487048], [-90.5149691782641, 14.646459675380566]], [[-90.5149691782641, 14.646459675380566], [-90.51496440418069, 14.646444266473683]], [[-90.5149691782641, 14.646459675380566], [-90.51497823342189, 14.646446210085166]]]}}, {"id": "607", "type": "Feature", "properties": {"kind": "L2", "value": 16.585165955370172, "building_uid": 2729}, "geometry": {"type": "MultiLineString", "coordinates": [[[-90.51495819858815, 14.646473815030367], [-90.51493513788876, 14.646621945201947]], [[-90.51493513788876, 14.646621945201947], [-90.51492645800205, 14.646593197164579]], [[-90.51493513788876, 14.646621945201947], [-90.51495217781937, 14.646596992628758]]]}}, {"id": "608", "type": "Feature", "properties": {"kind": "L2", "value": 32.411503572083, "building_uid": 2730}, "geometry": {"type": "MultiLineString", "coordinates": [[[-90.51458967005601, 14.646792909739276], [-90.51488650163564, 14.646839879314381]], [[-90.51488650163564, 14.646839879314381], [-90.51482861981226, 14.64685579265982]], [[-90.51488650163564, 14.646839879314381], [-90.514836775121, 14.64680693846536]]]}}, {"id": "609", "type": "Feature", "properties": {"kind": "L2", "value": 20.660597229537224, "building_uid": 2731}, "geometry": {"type": "MultiLineString", "coordinates": [[[-90.51504813770626, 14.646818179866301], [-90.514858139369, 14.646793388903195]], [[-90.514858139369, 14.646793388903195], [-90.51489473098981, 14.646782247073057]], [[-90.514858139369, 14.646793388903195], [-90.51489042652662, 14.646813518052479]]]}}, {"id": "610", "type": "Feature", "properties": {"kind": "L2", "value": 9.842433651818936, "building_uid": 2734}, "geometry": {"type": "MultiLineString", "coordinates": [[[-90.51431520679631, 14.646883479350986], [-90.51430287275188, 14.646971576224647]], [[-90.51430287275188, 14.646971576224647], [-90.51429746030557, 14.646954592645724]], [[-90.51430287275188, 14.646971576224647], [-90.51431275657684, 14.646956622650697]]]}}, {"id": "611", "type": "Feature", "properties": {"kind": "L2", "value": 9.351060834512529, "building_uid": 2736}, "geometry": {"type": "MultiLineString", "coordinates": [[[-90.51457996278108, 14.64685243043808], [-90.51449419278923, 14.646839688429084]], [[-90.51449419278923, 14.646839688429084], [-90.51451084578895, 14.646834939818412]], [[-90.51449419278923, 14.646839688429084], [-90.51450863339178, 14.646849056317004]]]}}, {"id": "612", "type": "Feature", "properties": {"kind": "L2", "value": 9.157812737227358, "building_uid": 2738}, "geometry": {"type": "MultiLineString", "coordinates": [[[-90.51448771450238, 14.646883017595762], [-90.51440372991529, 14.646870456898567]], [[-90.51440372991529, 14.646870456898567], [-90.51442004354932, 14.646865822349799]], [[-90.51440372991529, 14.646870456898567], [-90.51441786263311, 14.646879644994673]]]}}, {"id": "613", "type": "Feature", "properties": {"kind": "L2", "value": 18.503876004089864, "building_uid": 2741}, "geometry": {"type": "MultiLineString", "coordinates": [[[-90.51378506281853, 14.646110943610644], [-90.51395484797739, 14.64613574460448]], [[-90.51395484797739, 14.64613574460448], [-90.51392191936213, 14.646145221283826]], [[-90.51395484797739, 14.64613574460448], [-90.51392622553892, 14.646117277009047]]]}}, {"id": "614", "type": "Feature", "properties": {"kind": "L2", "value": 7.599258228005307, "building_uid": 2742}, "geometry": {"type": "MultiLineString", "coordinates": [[[-90.51345828595025, 14.64633385755382], [-90.51338853268305, 14.646323836155865]], [[-90.51338853268305, 14.646323836155865], [-90.51340204627448, 14.64631991244895]], [[-90.51338853268305, 14.646323836155865], [-90.51340030626181, 14.646331392854115]]]}}, {"id": "615", "type": "Feature", "properties": {"kind": "L2", "value": 9.16455969086385, "building_uid": 2745}, "geometry": {"type": "MultiLineString", "coordinates": [[[-90.51361023595214, 14.64676847669732], [-90.51352607507205, 14.64675665532978]], [[-90.51352607507205, 14.64675665532978], [-90.51354235647581, 14.646751872257687]], [[-90.51352607507205, 14.64675665532978], [-90.51354030393051, 14.646765723925151]]]}}, {"id": "616", "type": "Feature", "properties": {"kind": "L2", "value": 11.479398694391309, "building_uid": 2746}, "geometry": {"type": "MultiLineString", "coordinates": [[[-90.51343092633972, 14.646753779705342], [-90.5134458747179, 14.646651107083812]], [[-90.5134458747179, 14.646651107083812], [-90.51345207867183, 14.646670947826992]], [[-90.5134458747179, 14.646651107083812], [-90.51343425163475, 14.646668487539454]]]}}, {"id": "617", "type": "Feature", "properties": {"kind": "L2", "value": 6.915718791299925, "building_uid": 2747}, "geometry": {"type": "MultiLineString", "coordinates": [[[-90.5138343471742, 14.648154750327857], [-90.51382432671058, 14.648216456936982]], [[-90.51382432671058, 14.648216456936982], [-90.51382078594197, 14.648204447294296]], [[-90.51382432671058, 14.648216456936982], [-90.51383150013017, 14.648206096507648]]]}}, {"id": "618", "type": "Feature", "properties": {"kind": "L2", "value": 7.473120143659607, "building_uid": 2748}, "geometry": {"type": "MultiLineString", "coordinates": [[[-90.51384684396396, 14.648158806851656], [-90.51385767029416, 14.648092126465516]], [[-90.51385767029416, 14.648092126465516], [-90.5138614967902, 14.648105103979411]], [[-90.51385767029416, 14.648092126465516], [-90.51384991900471, 14.648103322133041]]]}}, {"id": "619", "type": "Feature", "properties": {"kind": "L2", "value": 12.904251160154363, "building_uid": 2749}, "geometry": {"type": "MultiLineString", "coordinates": [[[-90.51382954680217, 14.648333059397935], [-90.51384821096427, 14.64821791402262]], [[-90.51384821096427, 14.64821791402262], [-90.51385482428398, 14.6482403213677]], [[-90.51384821096427, 14.64821791402262], [-90.51383483145894, 14.648237249538083]]]}}, {"id": "620", "type": "Feature", "properties": {"kind": "L2", "value": 11.749520454149922, "building_uid": 2750}, "geometry": {"type": "MultiLineString", "coordinates": [[[-90.51365880587407, 14.648228478241565], [-90.5137665173597, 14.648244856261135]], [[-90.5137665173597, 14.648244856261135], [-90.51374557154024, 14.64825075137848]], [[-90.5137665173597, 14.648244856261135], [-90.51374841527215, 14.648233023740131]]]}}, {"id": "621", "type": "Feature", "properties": {"kind": "L2", "value": 11.394423664154054, "building_uid": 2751}, "geometry": {"type": "MultiLineString", "coordinates": [[[-90.51381146155003, 14.648085273500053], [-90.51383002014934, 14.64798394041271]], [[-90.51383002014934, 14.64798394041271], [-90.51383545347176, 14.648003835435757]], [[-90.51383002014934, 14.64798394041271], [-90.51381785890953, 14.64800078097655]]]}}, {"id": "622", "type": "Feature", "properties": {"kind": "L2", "value": 11.993406593732129, "building_uid": 2752}, "geometry": {"type": "MultiLineString", "coordinates": [[[-90.51385481936255, 14.64787798534911], [-90.51383813400514, 14.647985102843412]], [[-90.51383813400514, 14.647985102843412], [-90.51383185896556, 14.647964313482035]], [[-90.51383813400514, 14.647985102843412], [-90.5138504578763, 14.647967059637436]]]}}, {"id": "623", "type": "Feature", "properties": {"kind": "L2", "value": 10.579469393590447, "building_uid": 2753}, "geometry": {"type": "MultiLineString", "coordinates": [[[-90.51388970575134, 14.647790972960156], [-90.51387575554132, 14.647885572449358]], [[-90.51387575554132, 14.647885572449358], [-90.51387007148433, 14.647867277202339]], [[-90.51387575554132, 14.647885572449358], [-90.51388649687479, 14.647869573195113]]]}}, {"id": "624", "type": "Feature", "properties": {"kind": "L2", "value": 8.636380904158694, "building_uid": 2755}, "geometry": {"type": "MultiLineString", "coordinates": [[[-90.51400797288584, 14.647658232685108], [-90.5139286131629, 14.64764742791559]], [[-90.5139286131629, 14.64764742791559], [-90.5139439360494, 14.647642855700589]], [[-90.5139286131629, 14.64764742791559], [-90.51394206000845, 14.647655917113125]]]}}, {"id": "625", "type": "Feature", "properties": {"kind": "L2", "value": 8.25213967588627, "building_uid": 2757}, "geometry": {"type": "MultiLineString", "coordinates": [[[-90.51392596584044, 14.647363371473654], [-90.51391439931695, 14.647437061594454]], [[-90.51391439931695, 14.647437061594454], [-90.5139100984576, 14.647422752569534]], [[-90.51391439931695, 14.647437061594454], [-90.51392289331024, 14.647424656247416]]]}}, {"id": "626", "type": "Feature", "properties": {"kind": "L2", "value": 8.955528652093248, "building_uid": 2758}, "geometry": {"type": "MultiLineString", "coordinates": [[[-90.51387084143074, 14.647514009825738], [-90.51385855910056, 14.647594020823618]], [[-90.51385855910056, 14.647594020823618], [-90.51385383923606, 14.64757850716181]], [[-90.51385855910056, 14.647594020823618], [-90.51386773159575, 14.647580528649437]]]}}, {"id": "627", "type": "Feature", "properties": {"kind": "L2", "value": 9.74112351716258, "building_uid": 2759}, "geometry": {"type": "MultiLineString", "coordinates": [[[-90.5138654699441, 14.647512872626722], [-90.51387883001293, 14.647425842967067]], [[-90.51387883001293, 14.647425842967067], [-90.5138839638498, 14.647442717532346]], [[-90.51387883001293, 14.647425842967067], [-90.5138688528448, 14.647440518665304]]]}}, {"id": "628", "type": "Feature", "properties": {"kind": "L2", "value": 4.943774141781469, "building_uid": 2761}, "geometry": {"type": "MultiLineString", "coordinates": [[[-90.51396691581401, 14.647162175728681], [-90.51396056310968, 14.647206404897451]], [[-90.51396056310968, 14.647206404897451], [-90.51395787484869, 14.647197865068616]], [[-90.51396056310968, 14.647206404897451], [-90.51396555437347, 14.647198910630301]]]}}, {"id": "629", "type": "Feature", "properties": {"kind": "L2", "value": 8.913852902853847, "building_uid": 2762}, "geometry": {"type": "MultiLineString", "coordinates": [[[-90.51394979447699, 14.647285758850078], [-90.51396110629399, 14.647205992353229]], [[-90.51396110629399, 14.647205992353229], [-90.51396598083949, 14.64722138183147]], [[-90.51396110629399, 14.647205992353229], [-90.51395213095537, 14.64721952007403]]]}}, {"id": "630", "type": "Feature", "properties": {"kind": "L2", "value": 9.181876173229526, "building_uid": 2763}, "geometry": {"type": "MultiLineString", "coordinates": [[[-90.51392802538646, 14.647279488126708], [-90.5139163741922, 14.647361653155041]], [[-90.5139163741922, 14.647361653155041], [-90.51391135293188, 14.647345800987017]], [[-90.5139163741922, 14.647361653155041], [-90.51392561928189, 14.647347718601225]]]}}, {"id": "631", "type": "Feature", "properties": {"kind": "L2", "value": 9.100406774525153, "building_uid": 764}, "geometry": {"type": "MultiLineString", "coordinates": [[[-90.51453797164986, 14.645292720182937], [-90.51454863985141, 14.645211170503982]], [[-90.51454863985141, 14.645211170503982], [-90.51455378580168, 14.645226830247871]], [[-90.51454863985141, 14.645211170503982], [-90.51453962643347, 14.645225074403855]]]}}, {"id": "632", "type": "Feature", "properties": {"kind": "L2", "value": 14.660902622187526, "building_uid": 2764}, "geometry": {"type": "MultiLineString", "coordinates": [[[-90.51399938611233, 14.647172758282586], [-90.51401905156688, 14.647041710444256]], [[-90.51401905156688, 14.647041710444256], [-90.51402686391118, 14.647067082701748]], [[-90.51401905156688, 14.647041710444256], [-90.51400411004636, 14.647063846057765]]]}}, {"id": "633", "type": "Feature", "properties": {"kind": "L2", "value": 8.127409372523594, "building_uid": 2765}, "geometry": {"type": "MultiLineString", "coordinates": [[[-90.5139378624221, 14.647085540665133], [-90.51386324154538, 14.647074951914654]], [[-90.51386324154538, 14.647074951914654], [-90.51387768670504, 14.647070730498509]], [[-90.51386324154538, 14.647074951914654], [-90.51387584817665, 14.647083012000978]]]}}, {"id": "634", "type": "Feature", "properties": {"kind": "L2", "value": 10.110085889467255, "building_uid": 2767}, "geometry": {"type": "MultiLineString", "coordinates": [[[-90.5137737048253, 14.647095401335447], [-90.51386652829667, 14.647108580724852]], [[-90.51386652829667, 14.647108580724852], [-90.513848558799, 14.647113830501958]], [[-90.51386652829667, 14.647108580724852], [-90.5138508471377, 14.647098553119676]]]}}, {"id": "635", "type": "Feature", "properties": {"kind": "L2", "value": 8.811882746089235, "building_uid": 2768}, "geometry": {"type": "MultiLineString", "coordinates": [[[-90.51369554799456, 14.647074777989898], [-90.51377627679656, 14.64708738121391]], [[-90.51377627679656, 14.64708738121391], [-90.5137605496175, 14.64709174012501]], [[-90.51377627679656, 14.64708738121391], [-90.51376273791674, 14.647078453346722]]]}}, {"id": "636", "type": "Feature", "properties": {"kind": "L2", "value": 10.390413273111442, "building_uid": 2769}, "geometry": {"type": "MultiLineString", "coordinates": [[[-90.51360175177288, 14.647060086956412], [-90.51369706080072, 14.647074207950752]], [[-90.51369706080072, 14.647074207950752], [-90.5136785590218, 14.647079491595568]], [[-90.51369706080072, 14.647074207950752], [-90.51368101085112, 14.64706380512458]]]}}, {"id": "637", "type": "Feature", "properties": {"kind": "L2", "value": 14.307710458028511, "building_uid": 2770}, "geometry": {"type": "MultiLineString", "coordinates": [[[-90.51344406013298, 14.647052748900878], [-90.51342520134111, 14.647180686580098]], [[-90.51342520134111, 14.647180686580098], [-90.51341751278976, 14.647155944456584]], [[-90.51342520134111, 14.647180686580098], [-90.51343972664573, 14.64715904833806]]]}}, {"id": "638", "type": "Feature", "properties": {"kind": "L2", "value": 11.498894833844567, "building_uid": 2771}, "geometry": {"type": "MultiLineString", "coordinates": [[[-90.51343670510505, 14.647053011722512], [-90.513451862092, 14.646950190169056]], [[-90.513451862092, 14.646950190169056], [-90.51345804117503, 14.646970075073153]], [[-90.513451862092, 14.646950190169056], [-90.51344018825425, 14.646967580455067]]]}}, {"id": "639", "type": "Feature", "properties": {"kind": "L2", "value": 20.061083646032756, "building_uid": 2772}, "geometry": {"type": "MultiLineString", "coordinates": [[[-90.51343520548127, 14.6477052673886], [-90.51346437259313, 14.64752628459749]], [[-90.51346437259313, 14.64752628459749], [-90.51347462416864, 14.64756112752991]], [[-90.51346437259313, 14.64752628459749], [-90.51344354727642, 14.647556327065029]]]}}, {"id": "640", "type": "Feature", "properties": {"kind": "L2", "value": 9.201622930665817, "building_uid": 2773}, "geometry": {"type": "MultiLineString", "coordinates": [[[-90.51336621382471, 14.647428954942288], [-90.51335339157077, 14.647511134884873]], [[-90.51335339157077, 14.647511134884873], [-90.51334858127892, 14.647495183644688]], [[-90.51335339157077, 14.647511134884873], [-90.51336285022832, 14.647497293996496]]]}}, {"id": "641", "type": "Feature", "properties": {"kind": "L2", "value": 19.379298916167055, "building_uid": 2774}, "geometry": {"type": "MultiLineString", "coordinates": [[[-90.51333589734975, 14.647449157059516], [-90.51336290259967, 14.647276080113809]], [[-90.51336290259967, 14.647276080113809], [-90.51337303330187, 14.647309674641162]], [[-90.51336290259967, 14.647276080113809], [-90.51334298188019, 14.64730522998079]]]}}, {"id": "642", "type": "Feature", "properties": {"kind": "L2", "value": 5.998981364102753, "building_uid": 2775}, "geometry": {"type": "MultiLineString", "coordinates": [[[-90.51330613767101, 14.647213068873203], [-90.5133147504794, 14.647159529864611]], [[-90.5133147504794, 14.647159529864611], [-90.51331783730589, 14.647169943199309]], [[-90.5133147504794, 14.647159529864611], [-90.51330854131174, 14.647168525658163]]]}}, {"id": "643", "type": "Feature", "properties": {"kind": "L2", "value": 9.06645409050553, "building_uid": 2776}, "geometry": {"type": "MultiLineString", "coordinates": [[[-90.51321302270013, 14.648176804727212], [-90.51312979557558, 14.648164887140016]], [[-90.51312979557558, 14.648164887140016], [-90.51314591608538, 14.648160198394693]], [[-90.51312979557558, 14.648164887140016], [-90.51314384682004, 14.648173896290357]]]}}, {"id": "644", "type": "Feature", "properties": {"kind": "L2", "value": 11.366582309967663, "building_uid": 2777}, "geometry": {"type": "MultiLineString", "coordinates": [[[-90.51328101738636, 14.648022943967096], [-90.5132649900698, 14.64812443120593]], [[-90.5132649900698, 14.64812443120593], [-90.51325908454008, 14.648104716546056]], [[-90.5132649900698, 14.64812443120593], [-90.51327670587573, 14.648107354396181]]]}}, {"id": "645", "type": "Feature", "properties": {"kind": "L2", "value": 11.82230700622363, "building_uid": 2778}, "geometry": {"type": "MultiLineString", "coordinates": [[[-90.51338157407672, 14.647806170128543], [-90.51336602615892, 14.647911888521795]], [[-90.51336602615892, 14.647911888521795], [-90.51335966641184, 14.647891446365808]], [[-90.51336602615892, 14.647911888521795], [-90.51337802238919, 14.647894005316859]]]}}, {"id": "646", "type": "Feature", "properties": {"kind": "L2", "value": 12.548378521800288, "building_uid": 2779}, "geometry": {"type": "MultiLineString", "coordinates": [[[-90.51336315962097, 14.647685942627803], [-90.51334491483804, 14.647797897801087]], [[-90.51334491483804, 14.647797897801087], [-90.5133385024857, 14.647776103224366]], [[-90.51334491483804, 14.647797897801087], [-90.51335794135024, 14.647779106040073]]]}}, {"id": "647", "type": "Feature", "properties": {"kind": "L2", "value": 13.798244500074594, "building_uid": 2780}, "geometry": {"type": "MultiLineString", "coordinates": [[[-90.51337499474855, 14.647914966709807], [-90.51335570695241, 14.648038190280133]], [[-90.51335570695241, 14.648038190280133], [-90.51334850537658, 14.648014267345781]], [[-90.51335570695241, 14.648038190280133], [-90.51336990080527, 14.648017441822393]]]}}, {"id": "648", "type": "Feature", "properties": {"kind": "L2", "value": 9.601873093400743, "building_uid": 2781}, "geometry": {"type": "MultiLineString", "coordinates": [[[-90.51321217395724, 14.64817768506558], [-90.51330031626766, 14.648190305112013]], [[-90.51330031626766, 14.648190305112013], [-90.5132832438385, 14.648195271014751]], [[-90.51330031626766, 14.648190305112013], [-90.51328543506949, 14.648180764155443]]]}}, {"id": "649", "type": "Feature", "properties": {"kind": "L2", "value": 9.326774214880366, "building_uid": 2782}, "geometry": {"type": "MultiLineString", "coordinates": [[[-90.513385540484, 14.648202457627875], [-90.51329990840468, 14.648190299432109]], [[-90.51329990840468, 14.648190299432109], [-90.51331648572899, 14.648185456391685]], [[-90.51329990840468, 14.648190299432109], [-90.51331437468619, 14.648199550103978]]]}}, {"id": "650", "type": "Feature", "properties": {"kind": "L2", "value": 14.725522265824704, "building_uid": 2785}, "geometry": {"type": "MultiLineString", "coordinates": [[[-90.51338881730851, 14.64816473628093], [-90.51352394725917, 14.648184392200056]], [[-90.51352394725917, 14.648184392200056], [-90.51349774695352, 14.648191949492407]], [[-90.51352394725917, 14.648184392200056], [-90.51350115982845, 14.648169709193754]]]}}, {"id": "651", "type": "Feature", "properties": {"kind": "L2", "value": 13.132226730836713, "building_uid": 2786}, "geometry": {"type": "MultiLineString", "coordinates": [[[-90.51263407757236, 14.648047713769524], [-90.51251342539813, 14.648031145879184]], [[-90.51251342539813, 14.648031145879184], [-90.51253673334821, 14.64802422025974]], [[-90.51251342539813, 14.648031145879184], [-90.51253385664565, 14.648044077750678]]]}}, {"id": "652", "type": "Feature", "properties": {"kind": "L2", "value": 8.41740748638813, "building_uid": 2787}, "geometry": {"type": "MultiLineString", "coordinates": [[[-90.5127576822502, 14.6470118115333], [-90.51268015176933, 14.647002646260463]], [[-90.51268015176933, 14.647002646260463], [-90.51269500074883, 14.646997927381435]], [[-90.51268015176933, 14.647002646260463], [-90.5126934093796, 14.647010687766425]]]}}, {"id": "653", "type": "Feature", "properties": {"kind": "L2", "value": 9.7449662263934, "building_uid": 2788}, "geometry": {"type": "MultiLineString", "coordinates": [[[-90.51285299728177, 14.646971789484239], [-90.51276343705433, 14.646959696128762]], [[-90.51276343705433, 14.646959696128762], [-90.5127807207658, 14.646954518037484]], [[-90.51276343705433, 14.646959696128762], [-90.51277862099306, 14.64696925834582]]]}}, {"id": "654", "type": "Feature", "properties": {"kind": "L2", "value": 14.086794498488944, "building_uid": 2789}, "geometry": {"type": "MultiLineString", "coordinates": [[[-90.5128358689118, 14.64696322769626], [-90.51296533216941, 14.646980710323373]], [[-90.51296533216941, 14.646980710323373], [-90.51294034770156, 14.646988195283717]], [[-90.51296533216941, 14.646980710323373], [-90.51294338320884, 14.646966887516776]]]}}, {"id": "655", "type": "Feature", "properties": {"kind": "L2", "value": 12.02118651466338, "building_uid": 2790}, "geometry": {"type": "MultiLineString", "coordinates": [[[-90.51308333730115, 14.647124928996675], [-90.51309900983524, 14.647017413184644]], [[-90.51309900983524, 14.647017413184644], [-90.51310550300488, 14.64703819140268]], [[-90.51309900983524, 14.647017413184644], [-90.51308683501345, 14.647035611933964]]]}}, {"id": "656", "type": "Feature", "properties": {"kind": "L2", "value": 12.628105821157625, "building_uid": 2791}, "geometry": {"type": "MultiLineString", "coordinates": [[[-90.51299766462847, 14.647109818624823], [-90.51298118657314, 14.647222760659565]], [[-90.51298118657314, 14.647222760659565], [-90.51297436833217, 14.64720093258746]], [[-90.51298118657314, 14.647222760659565], [-90.51299397849417, 14.647203644633755]]]}}, {"id": "657", "type": "Feature", "properties": {"kind": "L2", "value": 6.084621713994396, "building_uid": 2850}, "geometry": {"type": "MultiLineString", "coordinates": [[[-90.5122950590795, 14.647112635984453], [-90.51229238898107, 14.64716753977707]], [[-90.51229238898107, 14.64716753977707], [-90.51228810648685, 14.64715736810055]], [[-90.51229238898107, 14.64716753977707], [-90.51229763944825, 14.647157807559656]]]}}, {"id": "658", "type": "Feature", "properties": {"kind": "L2", "value": 12.944410740910012, "building_uid": 2792}, "geometry": {"type": "MultiLineString", "coordinates": [[[-90.51312904325533, 14.646887798179343], [-90.5131053020947, 14.647002423987736]], [[-90.5131053020947, 14.647002423987736], [-90.51309965420924, 14.646979693010163]], [[-90.5131053020947, 14.647002423987736], [-90.51311955670499, 14.646983600460894]]]}}, {"id": "659", "type": "Feature", "properties": {"kind": "L2", "value": 13.528207969411504, "building_uid": 2793}, "geometry": {"type": "MultiLineString", "coordinates": [[[-90.5129709564581, 14.647216854483466], [-90.5129526603554, 14.647337756107756]], [[-90.5129526603554, 14.647337756107756], [-90.51294548063834, 14.647314335656866]], [[-90.5129526603554, 14.647337756107756], [-90.5129664728374, 14.647317346925618]]]}}, {"id": "660", "type": "Feature", "properties": {"kind": "L2", "value": 11.151596029364423, "building_uid": 2794}, "geometry": {"type": "MultiLineString", "coordinates": [[[-90.51293880770595, 14.647434318983466], [-90.51295247968737, 14.64733446454069]], [[-90.51295247968737, 14.64733446454069], [-90.51295867037008, 14.647353689414576]], [[-90.51295247968737, 14.64733446454069], [-90.51294133259844, 14.647351439210636]]]}}, {"id": "661", "type": "Feature", "properties": {"kind": "L2", "value": 19.01431844169309, "building_uid": 2885}, "geometry": {"type": "MultiLineString", "coordinates": [[[-90.51322449301864, 14.645608440960782], [-90.51325420991495, 14.645439129671626]], [[-90.51325420991495, 14.645439129671626], [-90.51326352205912, 14.645472264799409]], [[-90.51325420991495, 14.645439129671626], [-90.51323412471935, 14.645467373800846]]]}}, {"id": "662", "type": "Feature", "properties": {"kind": "L2", "value": 11.717766148947508, "building_uid": 2795}, "geometry": {"type": "MultiLineString", "coordinates": [[[-90.51294401036745, 14.647427211880617], [-90.51292872011722, 14.647532012093771]], [[-90.51292872011722, 14.647532012093771], [-90.51292239339304, 14.647511757570411]], [[-90.51292872011722, 14.647532012093771], [-90.51294058991405, 14.647514274117706]]]}}, {"id": "663", "type": "Feature", "properties": {"kind": "L2", "value": 12.96194514524405, "building_uid": 2796}, "geometry": {"type": "MultiLineString", "coordinates": [[[-90.51243386651237, 14.648128583727361], [-90.51245066390774, 14.648012639952995]], [[-90.51245066390774, 14.648012639952995], [-90.51245768490429, 14.648035038398028]], [[-90.51245066390774, 14.648012639952995], [-90.51243755347141, 14.648032273806507]]]}}, {"id": "664", "type": "Feature", "properties": {"kind": "L2", "value": 9.423575324908555, "building_uid": 2797}, "geometry": {"type": "MultiLineString", "coordinates": [[[-90.51245109246011, 14.648014169225421], [-90.51246339035669, 14.647929887778718]], [[-90.51246339035669, 14.647929887778718], [-90.51246847815464, 14.647946176787451]], [[-90.51246339035669, 14.647929887778718], [-90.51245384428924, 14.647944152742737]]]}}, {"id": "665", "type": "Feature", "properties": {"kind": "L2", "value": 7.405976184896887, "building_uid": 2798}, "geometry": {"type": "MultiLineString", "coordinates": [[[-90.5125243100421, 14.64787122209418], [-90.51251424957492, 14.647937402926964]], [[-90.51251424957492, 14.647937402926964], [-90.51251032763267, 14.64792457898645]], [[-90.51251424957492, 14.647937402926964], [-90.5125218186705, 14.647926234785954]]]}}, {"id": "666", "type": "Feature", "properties": {"kind": "L2", "value": 5.667224035198625, "building_uid": 2800}, "geometry": {"type": "MultiLineString", "coordinates": [[[-90.5128938367009, 14.64790253752228], [-90.51290021107272, 14.647851720314105]], [[-90.51290021107272, 14.647851720314105], [-90.51290346736218, 14.647861456082504]], [[-90.51290021107272, 14.647851720314105], [-90.51289464392688, 14.647860406958339]]]}}, {"id": "667", "type": "Feature", "properties": {"kind": "L2", "value": 7.553732776112278, "building_uid": 2801}, "geometry": {"type": "MultiLineString", "coordinates": [[[-90.51290561512825, 14.64790151648402], [-90.51289711847487, 14.647969249708519]], [[-90.51289711847487, 14.647969249708519], [-90.5128927783008, 14.647956273069077]], [[-90.51289711847487, 14.647969249708519], [-90.51290453888353, 14.647957671488514]]]}}, {"id": "668", "type": "Feature", "properties": {"kind": "L2", "value": 11.931903245030913, "building_uid": 2803}, "geometry": {"type": "MultiLineString", "coordinates": [[[-90.51292132997209, 14.648195363853718], [-90.51293640372202, 14.648088580990443]], [[-90.51293640372202, 14.648088580990443], [-90.51294294184298, 14.64810917707136]], [[-90.51293640372202, 14.648088580990443], [-90.51292440102186, 14.648106696165986]]]}}, {"id": "669", "type": "Feature", "properties": {"kind": "L2", "value": 12.56580060509499, "building_uid": 2804}, "geometry": {"type": "MultiLineString", "coordinates": [[[-90.51295382443818, 14.647977304163051], [-90.51293813940282, 14.64808978520741]], [[-90.51293813940282, 14.64808978520741], [-90.51293121739957, 14.648068105960006]], [[-90.51293813940282, 14.64808978520741], [-90.51295074759788, 14.648070687476526]]]}}, {"id": "670", "type": "Feature", "properties": {"kind": "L2", "value": 12.768621323599373, "building_uid": 2805}, "geometry": {"type": "MultiLineString", "coordinates": [[[-90.51254620847176, 14.647806675032127], [-90.51256220503033, 14.64769238622656]], [[-90.51256220503033, 14.64769238622656], [-90.51256922749606, 14.647714418788633]], [[-90.51256220503033, 14.64769238622656], [-90.51254938344645, 14.64771178599856]]]}}, {"id": "671", "type": "Feature", "properties": {"kind": "L2", "value": 8.161584577616662, "building_uid": 2806}, "geometry": {"type": "MultiLineString", "coordinates": [[[-90.51252063702273, 14.647873874157959], [-90.51253172434728, 14.647800941163755]], [[-90.51253172434728, 14.647800941163755], [-90.51253604635016, 14.647815073514122]], [[-90.51253172434728, 14.647800941163755], [-90.51252338293473, 14.647813248709747]]]}}, {"id": "672", "type": "Feature", "properties": {"kind": "L2", "value": 9.80332036907581, "building_uid": 2807}, "geometry": {"type": "MultiLineString", "coordinates": [[[-90.51256013657265, 14.64768973065335], [-90.5125736166453, 14.647602150450384]], [[-90.5125736166453, 14.647602150450384], [-90.51257877653187, 14.647619134682508]], [[-90.5125736166453, 14.647602150450384], [-90.51256356992336, 14.64761691606645]]]}}, {"id": "673", "type": "Feature", "properties": {"kind": "L2", "value": 16.5414048860813, "building_uid": 2808}, "geometry": {"type": "MultiLineString", "coordinates": [[[-90.51253786517226, 14.6469182502519], [-90.51269017338382, 14.646936659083394]], [[-90.51269017338382, 14.646936659083394], [-90.51266096759586, 14.646945856136524]], [[-90.51269017338382, 14.646936659083394], [-90.51266416391799, 14.646920788417514]]]}}, {"id": "674", "type": "Feature", "properties": {"kind": "L2", "value": 7.227099380474, "building_uid": 2809}, "geometry": {"type": "MultiLineString", "coordinates": [[[-90.51257770965418, 14.64709862404443], [-90.51258597071372, 14.647033835511204]], [[-90.51258597071372, 14.647033835511204], [-90.51259009792484, 14.647046259006247]], [[-90.51258597071372, 14.647033835511204], [-90.51257884867879, 14.647044899357104]]]}}, {"id": "675", "type": "Feature", "properties": {"kind": "L2", "value": 8.305176375096886, "building_uid": 2810}, "geometry": {"type": "MultiLineString", "coordinates": [[[-90.51259148405764, 14.647098838687807], [-90.51258211466167, 14.647173306706947]], [[-90.51258211466167, 14.647173306706947], [-90.5125773480219, 14.647159037485237]], [[-90.51258211466167, 14.647173306706947], [-90.51259027792568, 14.647160579550512]]]}}, {"id": "676", "type": "Feature", "properties": {"kind": "L2", "value": 4.551874517747079, "building_uid": 2811}, "geometry": {"type": "MultiLineString", "coordinates": [[[-90.51258050215087, 14.647211218276036], [-90.51258603458982, 14.647170453327103]], [[-90.51258603458982, 14.647170453327103], [-90.51258857078687, 14.647178297724148]], [[-90.51258603458982, 14.647170453327103], [-90.51258149275628, 14.647177387166348]]]}}, {"id": "677", "type": "Feature", "properties": {"kind": "L2", "value": 8.105938826070469, "building_uid": 2812}, "geometry": {"type": "MultiLineString", "coordinates": [[[-90.5126286872489, 14.647372447771408], [-90.51264332954258, 14.647300624027757]], [[-90.51264332954258, 14.647300624027757], [-90.51264691085196, 14.647314847863369]], [[-90.51264332954258, 14.647300624027757], [-90.51263444006538, 14.647312437959679]]]}}, {"id": "678", "type": "Feature", "properties": {"kind": "L2", "value": 9.249595330357682, "building_uid": 2813}, "geometry": {"type": "MultiLineString", "coordinates": [[[-90.51264841599524, 14.647211116629316], [-90.51263717323872, 14.647293952598659]], [[-90.51263717323872, 14.647293952598659], [-90.51263201969869, 14.647278012425923]], [[-90.51263717323872, 14.647293952598659], [-90.51264640253997, 14.64727986281792]]]}}, {"id": "679", "type": "Feature", "properties": {"kind": "L2", "value": 9.138293531341338, "building_uid": 2814}, "geometry": {"type": "MultiLineString", "coordinates": [[[-90.51253240396171, 14.647601298555408], [-90.51254511817629, 14.647519681333383]], [[-90.51254511817629, 14.647519681333383], [-90.51254989920244, 14.647535521682393]], [[-90.51254511817629, 14.647519681333383], [-90.51253572795571, 14.64753342911412]]]}}, {"id": "680", "type": "Feature", "properties": {"kind": "L2", "value": 6.434023663191885, "building_uid": 2815}, "geometry": {"type": "MultiLineString", "coordinates": [[[-90.51249960928625, 14.64751291462268], [-90.51251062497981, 14.647455791077416]], [[-90.51251062497981, 14.647455791077416], [-90.51251358745463, 14.647467051889313]], [[-90.51251062497981, 14.647455791077416], [-90.5125036690627, 14.647465238871224]]]}}, {"id": "681", "type": "Feature", "properties": {"kind": "L2", "value": 11.772568320645751, "building_uid": 2816}, "geometry": {"type": "MultiLineString", "coordinates": [[[-90.51260490473148, 14.64746599825135], [-90.51262550681265, 14.647361559714117]], [[-90.51262550681265, 14.647361559714117], [-90.5126308393057, 14.64738218580355]], [[-90.51262550681265, 14.647361559714117], [-90.51261270559324, 14.647378795009027]]]}}, {"id": "682", "type": "Feature", "properties": {"kind": "L2", "value": 23.920329074516513, "building_uid": 2818}, "geometry": {"type": "MultiLineString", "coordinates": [[[-90.5128797708699, 14.647738328556176], [-90.51291405636539, 14.647524838541496]], [[-90.51291405636539, 14.647524838541496], [-90.51292637593268, 14.647566357510922]], [[-90.51291405636539, 14.647524838541496], [-90.51288930752902, 14.647560714638596]]]}}, {"id": "683", "type": "Feature", "properties": {"kind": "L2", "value": 6.455284256555364, "building_uid": 2819}, "geometry": {"type": "MultiLineString", "coordinates": [[[-90.51301388435913, 14.647757308692471], [-90.51300463229938, 14.64781492246591]], [[-90.51300463229938, 14.64781492246591], [-90.51300130757971, 14.647803717929287]], [[-90.51300463229938, 14.64781492246591], [-90.5130113111057, 14.647805240678036]]]}}, {"id": "684", "type": "Feature", "properties": {"kind": "L2", "value": 9.145908431624004, "building_uid": 2820}, "geometry": {"type": "MultiLineString", "coordinates": [[[-90.51199155050563, 14.647953934267377], [-90.51190756275496, 14.647942122105711]], [[-90.51190756275496, 14.647942122105711], [-90.51192381198341, 14.647937351650093]], [[-90.51190756275496, 14.647942122105711], [-90.5119217610253, 14.64795117474725]]]}}, {"id": "685", "type": "Feature", "properties": {"kind": "L2", "value": 13.946726135904262, "building_uid": 2821}, "geometry": {"type": "MultiLineString", "coordinates": [[[-90.51179427378482, 14.647916516078668], [-90.51177407615302, 14.64804095938178]], [[-90.51177407615302, 14.64804095938178], [-90.51176693360371, 14.648016740484286]], [[-90.51177407615302, 14.64804095938178], [-90.51178854081604, 14.648020064705904]]]}}, {"id": "686", "type": "Feature", "properties": {"kind": "L2", "value": 10.942069504362891, "building_uid": 2851}, "geometry": {"type": "MultiLineString", "coordinates": [[[-90.51233707046404, 14.647167807772197], [-90.51233046684524, 14.647266443412313]], [[-90.51233046684524, 14.647266443412313], [-90.51232310075756, 14.64724802113318]], [[-90.51233046684524, 14.647266443412313], [-90.51234022689943, 14.64724910799192]]]}}, {"id": "687", "type": "Feature", "properties": {"kind": "L2", "value": 12.300055168015758, "building_uid": 2822}, "geometry": {"type": "MultiLineString", "coordinates": [[[-90.5117905798433, 14.64792577324672], [-90.51180670962745, 14.647815776357222]], [[-90.51180670962745, 14.647815776357222], [-90.51181333534554, 14.647837041922644]], [[-90.51180670962745, 14.647815776357222], [-90.51179423649367, 14.647834387207107]]]}}, {"id": "688", "type": "Feature", "properties": {"kind": "L2", "value": 13.252026045384786, "building_uid": 2824}, "geometry": {"type": "MultiLineString", "coordinates": [[[-90.51213254970709, 14.647969845580112], [-90.51211300707338, 14.648088035752721]], [[-90.51211300707338, 14.648088035752721], [-90.51210628866417, 14.648065004209137]], [[-90.51211300707338, 14.648088035752721], [-90.51212681014391, 14.648068220627259]]]}}, {"id": "689", "type": "Feature", "properties": {"kind": "L2", "value": 11.452626043536734, "building_uid": 2825}, "geometry": {"type": "MultiLineString", "coordinates": [[[-90.51218247754082, 14.648037897940515], [-90.51228738918037, 14.648054340502606]], [[-90.51228738918037, 14.648054340502606], [-90.51226694526333, 14.648059993522685]], [[-90.51228738918037, 14.648054340502606], [-90.51226980019945, 14.64804272668034]]]}}, {"id": "690", "type": "Feature", "properties": {"kind": "L2", "value": 8.134194499287405, "building_uid": 2826}, "geometry": {"type": "MultiLineString", "coordinates": [[[-90.51223437408376, 14.6475698979269], [-90.51222244321602, 14.647642454048492]], [[-90.51222244321602, 14.647642454048492], [-90.51221830684072, 14.647628320592165]], [[-90.51222244321602, 14.647642454048492], [-90.51223090480846, 14.6476302842338]]]}}, {"id": "691", "type": "Feature", "properties": {"kind": "L2", "value": 10.883696523120227, "building_uid": 2827}, "geometry": {"type": "MultiLineString", "coordinates": [[[-90.5121918809529, 14.647741970774758], [-90.5121739015131, 14.647838717546714]], [[-90.5121739015131, 14.647838717546714], [-90.51216876138548, 14.647819701504655]], [[-90.5121739015131, 14.647838717546714], [-90.51218555960676, 14.647822660648053]]]}}, {"id": "692", "type": "Feature", "properties": {"kind": "L2", "value": 10.27534468406185, "building_uid": 2889}, "geometry": {"type": "MultiLineString", "coordinates": [[[-90.51327623417896, 14.645710027649075], [-90.51329031461036, 14.645618223372715]], [[-90.51329031461036, 14.645618223372715], [-90.51329573231642, 14.645636022682549]], [[-90.51329031461036, 14.645618223372715], [-90.51327979242524, 14.645633705235339]]]}}, {"id": "693", "type": "Feature", "properties": {"kind": "L2", "value": 7.002178887475333, "building_uid": 2829}, "geometry": {"type": "MultiLineString", "coordinates": [[[-90.51186652645842, 14.647818191254016], [-90.51187559508067, 14.64775555647976]], [[-90.51187559508067, 14.64775555647976], [-90.51187938895104, 14.647767656035128]], [[-90.51187559508067, 14.64775555647976], [-90.51186851362635, 14.64776616347795]]]}}, {"id": "694", "type": "Feature", "properties": {"kind": "L2", "value": 6.573801412655288, "building_uid": 2830}, "geometry": {"type": "MultiLineString", "coordinates": [[[-90.5118722143818, 14.647756590919169], [-90.5118799021964, 14.64769768023289]], [[-90.5118799021964, 14.64769768023289], [-90.51188362304448, 14.647708991124476]], [[-90.5118799021964, 14.64769768023289], [-90.51187339433886, 14.647707725826862]]]}}, {"id": "695", "type": "Feature", "properties": {"kind": "L2", "value": 13.73023673074503, "building_uid": 2832}, "geometry": {"type": "MultiLineString", "coordinates": [[[-90.51220220039515, 14.64786355040812], [-90.51218411766312, 14.647986326364176]], [[-90.51218411766312, 14.647986326364176], [-90.51217673651777, 14.647962583732257]], [[-90.51218411766312, 14.647986326364176], [-90.51219805422168, 14.647965559874468]]]}}, {"id": "696", "type": "Feature", "properties": {"kind": "L2", "value": 11.753783204244883, "building_uid": 2833}, "geometry": {"type": "MultiLineString", "coordinates": [[[-90.51222286511411, 14.647644336256178], [-90.51220540411174, 14.64774914402348]], [[-90.51220540411174, 14.64774914402348], [-90.51219947019672, 14.647728709495636]], [[-90.51220540411174, 14.64774914402348], [-90.51221766804758, 14.647731583313435]]]}}, {"id": "697", "type": "Feature", "properties": {"kind": "L2", "value": 6.521379341517917, "building_uid": 2834}, "geometry": {"type": "MultiLineString", "coordinates": [[[-90.5122471426586, 14.647515478880058], [-90.51223918400076, 14.647573877808139]], [[-90.51223918400076, 14.647573877808139], [-90.51223555667914, 14.647562637389575]], [[-90.51223918400076, 14.647573877808139], [-90.51224569652088, 14.647563947265462]]]}}, {"id": "698", "type": "Feature", "properties": {"kind": "L2", "value": 12.150608385386613, "building_uid": 2835}, "geometry": {"type": "MultiLineString", "coordinates": [[[-90.51206670329633, 14.646864668676626], [-90.51217806363105, 14.646881774666614]], [[-90.51217806363105, 14.646881774666614], [-90.51215639322565, 14.64688783816083]], [[-90.51217806363105, 14.646881774666614], [-90.51215936333702, 14.646869509863109]]]}}, {"id": "699", "type": "Feature", "properties": {"kind": "L2", "value": 9.730539901385495, "building_uid": 2836}, "geometry": {"type": "MultiLineString", "coordinates": [[[-90.51239490587237, 14.646774479776598], [-90.51238083566732, 14.646861306405663]], [[-90.51238083566732, 14.646861306405663], [-90.51237584820046, 14.646844410199293]], [[-90.51238083566732, 14.646861306405663], [-90.51239092391131, 14.646846725952253]]]}}, {"id": "700", "type": "Feature", "properties": {"kind": "L2", "value": 10.639022274911005, "building_uid": 2837}, "geometry": {"type": "MultiLineString", "coordinates": [[[-90.51238229228922, 14.64687033752935], [-90.51236961941996, 14.646965649622242]], [[-90.51236961941996, 14.646965649622242], [-90.51236364200028, 14.646947330318548]], [[-90.51236961941996, 14.646965649622242], [-90.51238019105043, 14.646949416089335]]]}}, {"id": "701", "type": "Feature", "properties": {"kind": "L2", "value": 15.171716924793456, "building_uid": 2838}, "geometry": {"type": "MultiLineString", "coordinates": [[[-90.5123237845512, 14.646885658365086], [-90.51218479122292, 14.646863959556859]], [[-90.51218479122292, 14.646863959556859], [-90.51221186915174, 14.64685645457975]], [[-90.51218479122292, 14.646863959556859], [-90.51220810158205, 14.646879330865167]]]}}, {"id": "702", "type": "Feature", "properties": {"kind": "L2", "value": 12.47319608309187, "building_uid": 2839}, "geometry": {"type": "MultiLineString", "coordinates": [[[-90.51236726084255, 14.646960957917793], [-90.5123527165397, 14.647072740944488]], [[-90.5123527165397, 14.647072740944488], [-90.5123456484097, 14.647051282088748]], [[-90.5123527165397, 14.647072740944488], [-90.51236505731937, 14.647053675869447]]]}}, {"id": "703", "type": "Feature", "properties": {"kind": "L2", "value": 9.582906600955651, "building_uid": 2840}, "geometry": {"type": "MultiLineString", "coordinates": [[[-90.51207528825415, 14.646835606438163], [-90.5119871856533, 14.646823940121926]], [[-90.5119871856533, 14.646823940121926], [-90.51200416807905, 14.646818804572264]], [[-90.5119871856533, 14.646823940121926], [-90.51200214245452, 14.646833304985622]]]}}, {"id": "704", "type": "Feature", "properties": {"kind": "L2", "value": 15.346074121534816, "building_uid": 2841}, "geometry": {"type": "MultiLineString", "coordinates": [[[-90.51189624840438, 14.646835289317133], [-90.51191637309023, 14.646698052558175]], [[-90.51191637309023, 14.646698052558175], [-90.51192463946676, 14.646724584422985]], [[-90.51191637309023, 14.646698052558175], [-90.51190081105598, 14.646721272191163]]]}}, {"id": "705", "type": "Feature", "properties": {"kind": "L2", "value": 8.686921379674327, "building_uid": 2842}, "geometry": {"type": "MultiLineString", "coordinates": [[[-90.51188957182126, 14.646839992576242], [-90.51187964330829, 14.646917868034652]], [[-90.51187964330829, 14.646917868034652], [-90.5118746822057, 14.646902935162988]], [[-90.51187964330829, 14.646917868034652], [-90.51188820372813, 14.646904569252673]]]}}, {"id": "706", "type": "Feature", "properties": {"kind": "L2", "value": 10.645122875527196, "building_uid": 2843}, "geometry": {"type": "MultiLineString", "coordinates": [[[-90.51194733938019, 14.64692291207945], [-90.51193278398857, 14.647018024631324]], [[-90.51193278398857, 14.647018024631324], [-90.51192716511913, 14.646999586579136]], [[-90.51193278398857, 14.647018024631324], [-90.51194367952691, 14.647001982185202]]]}}, {"id": "707", "type": "Feature", "properties": {"kind": "L2", "value": 5.383393758445839, "building_uid": 2844}, "geometry": {"type": "MultiLineString", "coordinates": [[[-90.51197971331447, 14.647019351204783], [-90.51197159781896, 14.647067335793887]], [[-90.51197159781896, 14.647067335793887], [-90.5119689030596, 14.64705797018655]], [[-90.51197159781896, 14.647067335793887], [-90.51197723463385, 14.647059305878601]]]}}, {"id": "708", "type": "Feature", "properties": {"kind": "L2", "value": 7.7703918650847035, "building_uid": 2845}, "geometry": {"type": "MultiLineString", "coordinates": [[[-90.51188795014421, 14.647194647094597], [-90.5118748674757, 14.647263675411889]], [[-90.5118748674757, 14.647263675411889], [-90.5118712461556, 14.64725008662447]], [[-90.5118748674757, 14.647263675411889], [-90.51188323156737, 14.647252239838918]]]}}, {"id": "709", "type": "Feature", "properties": {"kind": "L2", "value": 16.06754408180507, "building_uid": 2846}, "geometry": {"type": "MultiLineString", "coordinates": [[[-90.5119014424276, 14.64705315262001], [-90.51187619608308, 14.647196201991305]], [[-90.51187619608308, 14.647196201991305], [-90.51186835342617, 14.647168195050291]], [[-90.51187619608308, 14.647196201991305], [-90.5118931911309, 14.647172350229438]]]}}, {"id": "710", "type": "Feature", "properties": {"kind": "L2", "value": 11.67508446721097, "building_uid": 2847}, "geometry": {"type": "MultiLineString", "coordinates": [[[-90.51188610263615, 14.647379951771338], [-90.51190603465315, 14.647276285891113]], [[-90.51190603465315, 14.647276285891113], [-90.51191142152105, 14.647296716786895]], [[-90.51190603465315, 14.647276285891113], [-90.51189342197249, 14.647293436273618]]]}}, {"id": "711", "type": "Feature", "properties": {"kind": "L2", "value": 18.679386415035623, "building_uid": 2848}, "geometry": {"type": "MultiLineString", "coordinates": [[[-90.51192992260884, 14.647620035467249], [-90.51196530590981, 14.647454849616036]], [[-90.51196530590981, 14.647454849616036], [-90.51197323293894, 14.647487703240529]], [[-90.51196530590981, 14.647454849616036], [-90.51194455162751, 14.647481879682378]]]}}, {"id": "712", "type": "Feature", "properties": {"kind": "L2", "value": 7.262271971708126, "building_uid": 2849}, "geometry": {"type": "MultiLineString", "coordinates": [[[-90.51187037822524, 14.647433284342334], [-90.51185907804519, 14.647497958798875]], [[-90.51185907804519, 14.647497958798875], [-90.51185551160339, 14.647485305885699]], [[-90.51185907804519, 14.647497958798875], [-90.51186674106496, 14.647487165726773]]]}}, {"id": "713", "type": "Feature", "properties": {"kind": "L2", "value": 10.2284639654075, "building_uid": 2853}, "geometry": {"type": "MultiLineString", "coordinates": [[[-90.51226532250965, 14.647524173426826], [-90.51227514618041, 14.647432271162295]], [[-90.51227514618041, 14.647432271162295], [-90.51228134404688, 14.647449737924312]], [[-90.51227514618041, 14.647432271162295], [-90.51226538700847, 14.647448121095564]]]}}, {"id": "714", "type": "Feature", "properties": {"kind": "L2", "value": 9.0634463975307, "building_uid": 2854}, "geometry": {"type": "MultiLineString", "coordinates": [[[-90.51221357645473, 14.647346440654188], [-90.51220792333304, 14.647428129894724]], [[-90.51220792333304, 14.647428129894724], [-90.51220185615581, 14.64741285756573]], [[-90.51220792333304, 14.647428129894724], [-90.51221603989899, 14.647413787985776]]]}}, {"id": "715", "type": "Feature", "properties": {"kind": "L2", "value": 7.613780343210652, "building_uid": 2855}, "geometry": {"type": "MultiLineString", "coordinates": [[[-90.51189552219215, 14.64736849961113], [-90.51188252405274, 14.64743610425283]], [[-90.51188252405274, 14.64743610425283], [-90.51187901100269, 14.647422780480053]], [[-90.51188252405274, 14.64743610425283], [-90.51189074923052, 14.647424919780525]]]}}, {"id": "716", "type": "Feature", "properties": {"kind": "L2", "value": 7.529619168984837, "building_uid": 2856}, "geometry": {"type": "MultiLineString", "coordinates": [[[-90.5117946900868, 14.647688078101677], [-90.51180456409733, 14.64762074224747]], [[-90.51180456409733, 14.64762074224747], [-90.51180862010436, 14.647633760205737]], [[-90.51180456409733, 14.64762074224747], [-90.51179692853472, 14.647632135092932]]]}}, {"id": "717", "type": "Feature", "properties": {"kind": "L2", "value": 14.630930239515322, "building_uid": 750}, "geometry": {"type": "MultiLineString", "coordinates": [[[-90.51488325652345, 14.643285253442244], [-90.5149016874757, 14.643154308823274]], [[-90.5149016874757, 14.643154308823274], [-90.5149097144226, 14.643179560807798]], [[-90.5149016874757, 14.643154308823274], [-90.51488697888796, 14.643176527290274]]]}}, {"id": "718", "type": "Feature", "properties": {"kind": "L2", "value": 6.424023452224872, "building_uid": 2858}, "geometry": {"type": "MultiLineString", "coordinates": [[[-90.5120428778069, 14.64603047707623], [-90.5120506053522, 14.645972935576683]], [[-90.5120506053522, 14.645972935576683], [-90.51205420009235, 14.645984001561954]], [[-90.5120506053522, 14.645972935576683], [-90.51204420919923, 14.64598272971513]]]}}, {"id": "719", "type": "Feature", "properties": {"kind": "L2", "value": 15.528675116793512, "building_uid": 2859}, "geometry": {"type": "MultiLineString", "coordinates": [[[-90.51261051583909, 14.646704484029334], [-90.51263323088638, 14.64656596031269]], [[-90.51263323088638, 14.64656596031269], [-90.51264113945014, 14.646592938622696]], [[-90.51263323088638, 14.64656596031269], [-90.51261708759957, 14.646589200052551]]]}}, {"id": "720", "type": "Feature", "properties": {"kind": "L2", "value": 33.09048937176671, "building_uid": 2860}, "geometry": {"type": "MultiLineString", "coordinates": [[[-90.51234230494667, 14.646435110205305], [-90.51264577008713, 14.646480499945072]], [[-90.51264577008713, 14.646480499945072], [-90.51258682301449, 14.646497245590758]], [[-90.51264577008713, 14.646480499945072], [-90.51259470400235, 14.646447299525228]]]}}, {"id": "721", "type": "Feature", "properties": {"kind": "L2", "value": 10.319724594948447, "building_uid": 2863}, "geometry": {"type": "MultiLineString", "coordinates": [[[-90.51469898184133, 14.646008636316768], [-90.5147150079305, 14.645916728192226]], [[-90.5147150079305, 14.645916728192226], [-90.51472008199029, 14.645934706438368]], [[-90.5147150079305, 14.645916728192226], [-90.51470412404602, 14.645932068765982]]]}}, {"id": "722", "type": "Feature", "properties": {"kind": "L2", "value": 8.389867973252864, "building_uid": 2864}, "geometry": {"type": "MultiLineString", "coordinates": [[[-90.51459866270217, 14.645994678691777], [-90.5146108853683, 14.645919828940041]], [[-90.5146108853683, 14.645919828940041], [-90.51461516792514, 14.64593440216358]], [[-90.5146108853683, 14.645919828940041], [-90.5146021718144, 14.645932390481832]]]}}, {"id": "723", "type": "Feature", "properties": {"kind": "L2", "value": 14.373265849348268, "building_uid": 2865}, "geometry": {"type": "MultiLineString", "coordinates": [[[-90.51437388036311, 14.645859638400676], [-90.51450570650549, 14.645879274954794]], [[-90.51450570650549, 14.645879274954794], [-90.51448010675261, 14.645886563994619]], [[-90.51450570650549, 14.645879274954794], [-90.51448351622908, 14.645864867220705]]]}}, {"id": "724", "type": "Feature", "properties": {"kind": "L2", "value": 8.338821582815008, "building_uid": 2867}, "geometry": {"type": "MultiLineString", "coordinates": [[[-90.51515545003919, 14.645740197844406], [-90.51507887290546, 14.645729438380387]], [[-90.51507887290546, 14.645729438380387], [-90.51509368747402, 14.645725086883369]], [[-90.51507887290546, 14.645729438380387], [-90.51509181931614, 14.645737690435373]]]}}, {"id": "725", "type": "Feature", "properties": {"kind": "L2", "value": 17.358417566260144, "building_uid": 2869}, "geometry": {"type": "MultiLineString", "coordinates": [[[-90.51496157889972, 14.645593176103953], [-90.51494075984174, 14.645748667721577]], [[-90.51494075984174, 14.645748667721577], [-90.51493103460281, 14.645718769801103]], [[-90.51494075984174, 14.645748667721577], [-90.51495803247776, 14.645722196336987]]]}}, {"id": "726", "type": "Feature", "properties": {"kind": "L2", "value": 8.937864563821956, "building_uid": 2871}, "geometry": {"type": "MultiLineString", "coordinates": [[[-90.51515692309621, 14.645439523867063], [-90.51516827824183, 14.645359544159977]], [[-90.51516827824183, 14.645359544159977], [-90.51517316338418, 14.645374975858635]], [[-90.51516827824183, 14.645359544159977], [-90.51515927659872, 14.645373106954004]]]}}, {"id": "727", "type": "Feature", "properties": {"kind": "L2", "value": 7.325766756610194, "building_uid": 2872}, "geometry": {"type": "MultiLineString", "coordinates": [[[-90.51376952022775, 14.644757424669084], [-90.51383707912476, 14.644764697387545]], [[-90.51383707912476, 14.644764697387545], [-90.51382420191867, 14.644768938786598]], [[-90.51383707912476, 14.644764697387545], [-90.51382546466787, 14.64475781946274]]]}}, {"id": "728", "type": "Feature", "properties": {"kind": "L2", "value": 9.85064394270487, "building_uid": 2874}, "geometry": {"type": "MultiLineString", "coordinates": [[[-90.51398483692367, 14.64487720378854], [-90.5138947935332, 14.644861944524747]], [[-90.5138947935332, 14.644861944524747], [-90.51391243965907, 14.644857300458435]], [[-90.5138947935332, 14.644861944524747], [-90.51390979021491, 14.644872120431765]]]}}, {"id": "729", "type": "Feature", "properties": {"kind": "L2", "value": 7.912844578762359, "building_uid": 2875}, "geometry": {"type": "MultiLineString", "coordinates": [[[-90.51388307657285, 14.644726490022993], [-90.5138722719105, 14.64479719232678]], [[-90.5138722719105, 14.64479719232678], [-90.51386809241784, 14.644783487562897]], [[-90.5138722719105, 14.64479719232678], [-90.51388036834467, 14.644785265871409]]]}}, {"id": "730", "type": "Feature", "properties": {"kind": "L2", "value": 14.30445832412796, "building_uid": 2876}, "geometry": {"type": "MultiLineString", "coordinates": [[[-90.51440690649632, 14.6448659480971], [-90.51427526029097, 14.644849536035911]], [[-90.51427526029097, 14.644849536035911], [-90.514300547487, 14.644841677288165]], [[-90.51427526029097, 14.644849536035911], [-90.51429769788243, 14.644863344545769]]]}}, {"id": "731", "type": "Feature", "properties": {"kind": "L2", "value": 11.45981101177743, "building_uid": 2877}, "geometry": {"type": "MultiLineString", "coordinates": [[[-90.51422178682341, 14.645156773021753], [-90.5142379587813, 14.645054455296787]], [[-90.5142379587813, 14.645054455296787], [-90.5142439100715, 14.645074332412513]], [[-90.5142379587813, 14.645054455296787], [-90.51422614478608, 14.645071670721736]]]}}, {"id": "732", "type": "Feature", "properties": {"kind": "L2", "value": 8.092664994137454, "building_uid": 2878}, "geometry": {"type": "MultiLineString", "coordinates": [[[-90.51413344346143, 14.64488423133942], [-90.51420708060131, 14.644898524081457]], [[-90.51420708060131, 14.644898524081457], [-90.51419249220471, 14.644901993216967]], [[-90.51420708060131, 14.644898524081457], [-90.51419497383053, 14.64488987349981]]]}}, {"id": "733", "type": "Feature", "properties": {"kind": "L2", "value": 13.461922031523109, "building_uid": 2879}, "geometry": {"type": "MultiLineString", "coordinates": [[[-90.51430660355405, 14.64494318115198], [-90.51429073955482, 14.645063804488915]], [[-90.51429073955482, 14.645063804488915], [-90.5142831432602, 14.645040634611208]], [[-90.51429073955482, 14.645063804488915], [-90.51430408692022, 14.64504324561908]]]}}, {"id": "734", "type": "Feature", "properties": {"kind": "L2", "value": 12.98236548213718, "building_uid": 2883}, "geometry": {"type": "MultiLineString", "coordinates": [[[-90.51388542947629, 14.645733805407298], [-90.5137664047386, 14.645715788410778]], [[-90.5137664047386, 14.645715788410778], [-90.51378954348502, 14.645709259279243]], [[-90.5137664047386, 14.645715788410778], [-90.51378641520627, 14.645728849128572]]]}}, {"id": "735", "type": "Feature", "properties": {"kind": "L2", "value": 9.646707502469871, "building_uid": 2884}, "geometry": {"type": "MultiLineString", "coordinates": [[[-90.5129011584903, 14.645661524795912], [-90.51281248099032, 14.64564970055858]], [[-90.51281248099032, 14.64564970055858], [-90.51282958132754, 14.645644546284354]], [[-90.51281248099032, 14.64564970055858], [-90.51282752829427, 14.645659141396926]]]}}, {"id": "736", "type": "Feature", "properties": {"kind": "L2", "value": 7.708143191496808, "building_uid": 2886}, "geometry": {"type": "MultiLineString", "coordinates": [[[-90.51327790471632, 14.645709449933841], [-90.51326734348918, 14.645778317939898]], [[-90.51326734348918, 14.645778317939898], [-90.513263279087, 14.645764965700776]], [[-90.51326734348918, 14.645778317939898], [-90.51327523658188, 14.645766703935092]]]}}, {"id": "737", "type": "Feature", "properties": {"kind": "L2", "value": 9.997588005284006, "building_uid": 2887}, "geometry": {"type": "MultiLineString", "coordinates": [[[-90.51320593322279, 14.64568535358512], [-90.51311398865214, 14.645673398480959]], [[-90.51311398865214, 14.645673398480959], [-90.51313169254493, 14.645667999071147]], [[-90.51311398865214, 14.645673398480959], [-90.51312961678902, 14.645683131897522]]]}}, {"id": "738", "type": "Feature", "properties": {"kind": "L2", "value": 12.263271223142386, "building_uid": 2888}, "geometry": {"type": "MultiLineString", "coordinates": [[[-90.51300140475514, 14.645656769761002], [-90.51311417463472, 14.645671517238753]], [[-90.51311417463472, 14.645671517238753], [-90.51309245349469, 14.645678124287825]], [[-90.51311417463472, 14.645671517238753], [-90.51309501408302, 14.64565956389585]]]}}, {"id": "739", "type": "Feature", "properties": {"kind": "L2", "value": 11.05899244507138, "building_uid": 2890}, "geometry": {"type": "MultiLineString", "coordinates": [[[-90.51290545734409, 14.645653683741896], [-90.51300711724987, 14.64566723943852]], [[-90.51300711724987, 14.64566723943852], [-90.51298751338503, 14.645673148235613]], [[-90.51300711724987, 14.64566723943852], [-90.51298986704596, 14.645656416394349]]]}}, {"id": "740", "type": "Feature", "properties": {"kind": "L2", "value": 12.027331133717642, "building_uid": 2892}, "geometry": {"type": "MultiLineString", "coordinates": [[[-90.51261414101201, 14.644973018086885], [-90.51259839924752, 14.645080580338435]], [[-90.51259839924752, 14.645080580338435], [-90.51259191468422, 14.645059787992766]], [[-90.51259839924752, 14.645080580338435], [-90.51261059056804, 14.64506237888194]]]}}, {"id": "741", "type": "Feature", "properties": {"kind": "L2", "value": 12.008872365308738, "building_uid": 2893}, "geometry": {"type": "MultiLineString", "coordinates": [[[-90.51254507634543, 14.645178556041465], [-90.51256332644849, 14.64507153918174]], [[-90.51256332644849, 14.64507153918174], [-90.51256930900406, 14.645092439087488]], [[-90.51256332644849, 14.64507153918174], [-90.51255072781277, 14.645089435361724]]]}}, {"id": "742", "type": "Feature", "properties": {"kind": "L2", "value": 10.363038655097313, "building_uid": 2894}, "geometry": {"type": "MultiLineString", "coordinates": [[[-90.51241058253716, 14.64556562780106], [-90.5123153595866, 14.645552648810023]], [[-90.5123153595866, 14.645552648810023], [-90.51233374661122, 14.645547165198995]], [[-90.5123153595866, 14.645552648810023], [-90.51233149307987, 14.645562837610813]]]}}, {"id": "743", "type": "Feature", "properties": {"kind": "L2", "value": 9.729621320680856, "building_uid": 2895}, "geometry": {"type": "MultiLineString", "coordinates": [[[-90.51261665402856, 14.645212161082378], [-90.51260226189233, 14.645298929283115]], [[-90.51260226189233, 14.645298929283115], [-90.51259733790606, 14.645282017166402]], [[-90.51260226189233, 14.645298929283115], [-90.51261240336329, 14.645284385921675]]]}}, {"id": "744", "type": "Feature", "properties": {"kind": "L2", "value": 12.125818524652011, "building_uid": 2896}, "geometry": {"type": "MultiLineString", "coordinates": [[[-90.5126106347889, 14.645411048733017], [-90.51262813709474, 14.645302843944489]], [[-90.51262813709474, 14.645302843944489], [-90.51263435833644, 14.645323897635713]], [[-90.51262813709474, 14.645302843944489], [-90.51261557086661, 14.645321016990605]]]}}, {"id": "745", "type": "Feature", "properties": {"kind": "L2", "value": 7.0369153936590445, "building_uid": 755}, "geometry": {"type": "MultiLineString", "coordinates": [[[-90.51462302015172, 14.643993775860332], [-90.51468781227787, 14.644001614091811]], [[-90.51468781227787, 14.644001614091811], [-90.5146753874888, 14.644005525316363]], [[-90.51468781227787, 14.644001614091811], [-90.51467674842239, 14.643994861329734]]]}}, {"id": "746", "type": "Feature", "properties": {"kind": "L2", "value": 10.161029796483088, "building_uid": 2898}, "geometry": {"type": "MultiLineString", "coordinates": [[[-90.51213133021973, 14.645200199409762], [-90.51212031101682, 14.645291359729638]], [[-90.51212031101682, 14.645291359729638], [-90.51211439434839, 14.645273929060519]], [[-90.51212031101682, 14.645291359729638], [-90.51213022240337, 14.645275742675771]]]}}, {"id": "747", "type": "Feature", "properties": {"kind": "L2", "value": 14.350489875750402, "building_uid": 3049}, "geometry": {"type": "MultiLineString", "coordinates": [[[-90.51412417252341, 14.64547184683715], [-90.51410761728928, 14.64560047591566]], [[-90.51410761728928, 14.64560047591566], [-90.51409945124884, 14.645575798023954]], [[-90.51410761728928, 14.64560047591566], [-90.51412178498968, 14.645578522793476]]]}}, {"id": "748", "type": "Feature", "properties": {"kind": "L2", "value": 15.22902807291536, "building_uid": 3239}, "geometry": {"type": "MultiLineString", "coordinates": [[[-90.51518674597504, 14.643556690469282], [-90.51520857334108, 14.643420770389605]], [[-90.51520857334108, 14.643420770389605], [-90.5152164166012, 14.643447203736615]], [[-90.51520857334108, 14.643420770389605], [-90.51519281716256, 14.643443611213824]]]}}, {"id": "749", "type": "Feature", "properties": {"kind": "L2", "value": 13.345402537480009, "building_uid": 3240}, "geometry": {"type": "MultiLineString", "coordinates": [[[-90.51416223546259, 14.643278395955601], [-90.5140398582466, 14.64326003506625]], [[-90.5140398582466, 14.64326003506625], [-90.51406363450526, 14.643253292269202]], [[-90.5140398582466, 14.64326003506625], [-90.51406044655268, 14.643273434119143]]]}}, {"id": "750", "type": "Feature", "properties": {"kind": "L2", "value": 9.735754089822944, "building_uid": 3241}, "geometry": {"type": "MultiLineString", "coordinates": [[[-90.5138252774914, 14.643170819939455], [-90.51391459879962, 14.64318392979394]], [[-90.51391459879962, 14.64318392979394], [-90.51389727016681, 14.64318890410572]], [[-90.51391459879962, 14.64318392979394], [-90.51389954639103, 14.643174202861704]]]}}, {"id": "751", "type": "Feature", "properties": {"kind": "L2", "value": 8.61000429048804, "building_uid": 12787}, "geometry": {"type": "MultiLineString", "coordinates": [[[-90.51436941241779, 14.64469210181291], [-90.51438171424931, 14.644615251124193]], [[-90.51438171424931, 14.644615251124193], [-90.51438615612703, 14.644630193561534]], [[-90.51438171424931, 14.644615251124193], [-90.51437281267535, 14.644628168838079]]]}}, {"id": "752", "type": "Feature", "properties": {"kind": "L2", "value": 8.514586831428314, "building_uid": 12789}, "geometry": {"type": "MultiLineString", "coordinates": [[[-90.51435508253292, 14.644456714283587], [-90.51434330184125, 14.644532770744158]], [[-90.51434330184125, 14.644532770744158], [-90.51433883445661, 14.644518015155345]], [[-90.51434330184125, 14.644532770744158], [-90.51435204000084, 14.644519954108151]]]}}, {"id": "753", "type": "Feature", "properties": {"kind": "L2", "value": 4.033805393270154, "building_uid": 12843}, "geometry": {"type": "MultiLineString", "coordinates": [[[-90.512297497323, 14.644105421570169], [-90.51230241775906, 14.644069298546595]], [[-90.51230241775906, 14.644069298546595], [-90.51230466185426, 14.644076251183517]], [[-90.51230241775906, 14.644069298546595], [-90.51229838989245, 14.644075441340735]]]}}, {"id": "754", "type": "Feature", "properties": {"kind": "L2", "value": 8.298922060185633, "building_uid": 12849}, "geometry": {"type": "MultiLineString", "coordinates": [[[-90.51257204812417, 14.644340081194928], [-90.51249607523026, 14.644327879555016]], [[-90.51249607523026, 14.644327879555016], [-90.51251090546832, 14.644323839153383]], [[-90.51249607523026, 14.644327879555016], [-90.5125087869204, 14.64433634333663]]]}}, {"id": "755", "type": "Feature", "properties": {"kind": "L2", "value": 11.971593694302976, "building_uid": 12850}, "geometry": {"type": "MultiLineString", "coordinates": [[[-90.51223661457648, 14.6455270754765], [-90.51212684458505, 14.645510539272323]], [[-90.51212684458505, 14.645510539272323], [-90.51214817724615, 14.645504503323336]], [[-90.51212684458505, 14.645510539272323], [-90.51214530607929, 14.64552256998485]]]}}, {"id": "756", "type": "Feature", "properties": {"kind": "L2", "value": 8.724348079672016, "building_uid": 12851}, "geometry": {"type": "MultiLineString", "coordinates": [[[-90.51206994526265, 14.645512979474288], [-90.51208068083376, 14.645434864450031]], [[-90.51208068083376, 14.645434864450031], [-90.51208551640205, 14.64544990716624]], [[-90.51208068083376, 14.645434864450031], [-90.51207195337466, 14.645448140235867]]]}}, {"id": "757", "type": "Feature", "properties": {"kind": "L2", "value": 7.092039563909219, "building_uid": 12852}, "geometry": {"type": "MultiLineString", "coordinates": [[[-90.51266549115937, 14.645455573709821], [-90.51260026567799, 14.645447110490467]], [[-90.51260026567799, 14.645447110490467], [-90.51261282328, 14.64544327692861]], [[-90.51260026567799, 14.645447110490467], [-90.5126113538194, 14.645454012167555]]]}}, {"id": "758", "type": "Feature", "properties": {"kind": "L2", "value": 6.961818169632372, "building_uid": 756}, "geometry": {"type": "MultiLineString", "coordinates": [[[-90.51474908695657, 14.643755327584689], [-90.51473880257024, 14.64381741490595]], [[-90.51473880257024, 14.64381741490595], [-90.51473527669847, 14.643805314518799]], [[-90.51473880257024, 14.64381741490595], [-90.51474605677112, 14.643807007204138]]]}}, {"id": "759", "type": "Feature", "properties": {"kind": "L2", "value": 9.814860843897607, "building_uid": 12916}, "geometry": {"type": "MultiLineString", "coordinates": [[[-90.51498079539037, 14.64560199246905], [-90.51499256388233, 14.645514073426599]], [[-90.51499256388233, 14.645514073426599], [-90.51499806335543, 14.645530978236444]], [[-90.51499256388233, 14.645514073426599], [-90.51498279806121, 14.645529041302035]]]}}, {"id": "760", "type": "Feature", "properties": {"kind": "L2", "value": 8.610552590471583, "building_uid": 12918}, "geometry": {"type": "MultiLineString", "coordinates": [[[-90.51337316387524, 14.644997008874018], [-90.51345232465698, 14.64500750350929]], [[-90.51345232465698, 14.64500750350929], [-90.51343706476595, 14.645012115652339]], [[-90.51345232465698, 14.64500750350929], [-90.51343888693297, 14.644999086822178]]]}}, {"id": "761", "type": "Feature", "properties": {"kind": "L2", "value": 16.81791682138739, "building_uid": 12952}, "geometry": {"type": "MultiLineString", "coordinates": [[[-90.51482670536008, 14.64625475007589], [-90.51498129744253, 14.64627541766779]], [[-90.51498129744253, 14.64627541766779], [-90.51495148158742, 14.646284393279613]], [[-90.51498129744253, 14.64627541766779], [-90.51495507008727, 14.646258949590711]]]}}, {"id": "762", "type": "Feature", "properties": {"kind": "L2", "value": 20.292603172788738, "building_uid": 12953}, "geometry": {"type": "MultiLineString", "coordinates": [[[-90.51443054229607, 14.64626381728344], [-90.51445502931843, 14.64608206110333]], [[-90.51445502931843, 14.64608206110333], [-90.5144663698811, 14.64611702162176]], [[-90.51445502931843, 14.64608206110333], [-90.51443481165421, 14.64611299140213]]]}}, {"id": "763", "type": "Feature", "properties": {"kind": "L2", "value": 5.774567022951831, "building_uid": 12995}, "geometry": {"type": "MultiLineString", "coordinates": [[[-90.51285978622474, 14.645165728258904], [-90.51280671248036, 14.645158587031235]], [[-90.51280671248036, 14.645158587031235], [-90.5128169526708, 14.645155513843234]], [[-90.51280671248036, 14.645158587031235], [-90.51281571274818, 14.645164249081041]]]}}, {"id": "764", "type": "Feature", "properties": {"kind": "L2", "value": 3.3723771334671477, "building_uid": 12998}, "geometry": {"type": "MultiLineString", "coordinates": [[[-90.51278186056476, 14.645559776410195], [-90.51275085506737, 14.645555677685882]], [[-90.51275085506737, 14.645555677685882], [-90.5127568310008, 14.64555386908415]], [[-90.51275085506737, 14.645555677685882], [-90.51275611934315, 14.645558972170507]]]}}, {"id": "765", "type": "Feature", "properties": {"kind": "L2", "value": 22.375576887602403, "building_uid": 48}, "geometry": {"type": "MultiLineString", "coordinates": [[[-90.51387575836985, 14.64423710221943], [-90.5139025263466, 14.644036659832919]], [[-90.5139025263466, 14.644036659832919], [-90.51391507553485, 14.644075195169371]], [[-90.5139025263466, 14.644036659832919], [-90.51388027316023, 14.644070789495567]]]}}, {"id": "766", "type": "Feature", "properties": {"kind": "L2", "value": 9.939280993841562, "building_uid": 180}, "geometry": {"type": "MultiLineString", "coordinates": [[[-90.51467587596218, 14.644650132164475], [-90.5146625670997, 14.644738978689617]], [[-90.5146625670997, 14.644738978689617], [-90.514657266349, 14.644721778995974]], [[-90.5146625670997, 14.644738978689617], [-90.51467269262326, 14.644723969464435]]]}}, {"id": "767", "type": "Feature", "properties": {"kind": "L2", "value": 9.846855188049014, "building_uid": 181}, "geometry": {"type": "MultiLineString", "coordinates": [[[-90.51468201810899, 14.644559630530237], [-90.5146701968288, 14.644647834318574]], [[-90.5146701968288, 14.644647834318574], [-90.51466468223838, 14.644630873546458]], [[-90.5146701968288, 14.644647834318574], [-90.51467999690891, 14.644632819178756]]]}}, {"id": "768", "type": "Feature", "properties": {"kind": "L2", "value": 8.459444009421508, "building_uid": 189}, "geometry": {"type": "MultiLineString", "coordinates": [[[-90.5130276075492, 14.643625815946226], [-90.51310541117013, 14.643635890903804]], [[-90.51310541117013, 14.643635890903804], [-90.51309043371975, 14.643640467473311]], [[-90.51310541117013, 14.643635890903804], [-90.51309218300773, 14.643627661932983]]]}}, {"id": "769", "type": "Feature", "properties": {"kind": "L2", "value": 24.525502103377587, "building_uid": 190}, "geometry": {"type": "MultiLineString", "coordinates": [[[-90.51293976518221, 14.644203181823418], [-90.51316514680222, 14.64423372278488]], [[-90.51316514680222, 14.64423372278488], [-90.5131216423948, 14.64424673440098]], [[-90.51316514680222, 14.64423372278488], [-90.51312694514749, 14.644209639395168]]]}}, {"id": "770", "type": "Feature", "properties": {"kind": "L2", "value": 10.476120862421226, "building_uid": 197}, "geometry": {"type": "MultiLineString", "coordinates": [[[-90.51279711146363, 14.643464215244032], [-90.5127847947816, 14.643558088278098]], [[-90.5127847947816, 14.643558088278098], [-90.51277887785902, 14.643540059116125]], [[-90.5127847947816, 14.643558088278098], [-90.51279517678874, 14.643542086295534]]]}}, {"id": "771", "type": "Feature", "properties": {"kind": "L2", "value": 11.459630333711774, "building_uid": 309}, "geometry": {"type": "MultiLineString", "coordinates": [[[-90.51309678534419, 14.643882044039108], [-90.5129914296634, 14.64386809537968]], [[-90.5129914296634, 14.64386809537968], [-90.51301173753431, 14.643861953610207]], [[-90.5129914296634, 14.64386809537968], [-90.51300931565876, 14.643879293867371]]]}}, {"id": "772", "type": "Feature", "properties": {"kind": "L2", "value": 10.123246849519923, "building_uid": 765}, "geometry": {"type": "MultiLineString", "coordinates": [[[-90.51455952862685, 14.645400360215909], [-90.51457238325933, 14.645309772384644]], [[-90.51457238325933, 14.645309772384644], [-90.51457791753919, 14.645327250326316]], [[-90.51457238325933, 14.645309772384644], [-90.51456218888066, 14.64532513462591]]]}}, {"id": "773", "type": "Feature", "properties": {"kind": "L2", "value": 13.92801837008723, "building_uid": 770}, "geometry": {"type": "MultiLineString", "coordinates": [[[-90.51402668783246, 14.645664006735178], [-90.51389900249627, 14.64564461924062]], [[-90.51389900249627, 14.64564461924062], [-90.5139238300548, 14.645637625816732]], [[-90.51389900249627, 14.64564461924062], [-90.51392046381828, 14.645658641089279]]]}}, {"id": "774", "type": "Feature", "properties": {"kind": "L2", "value": 14.288631489897755, "building_uid": 913}, "geometry": {"type": "MultiLineString", "coordinates": [[[-90.51443258818166, 14.646490542627706], [-90.51445083821406, 14.646362695199572]], [[-90.51445083821406, 14.646362695199572], [-90.51445862924095, 14.646387370871603]], [[-90.51445083821406, 14.646362695199572], [-90.51443643113376, 14.646384367175806]]]}}, {"id": "775", "type": "Feature", "properties": {"kind": "L2", "value": 13.268126091308915, "building_uid": 920}, "geometry": {"type": "MultiLineString", "coordinates": [[[-90.5137526307509, 14.646066323000037], [-90.51373389265368, 14.646184783900592]], [[-90.51373389265368, 14.646184783900592], [-90.51372700499988, 14.646161769478034]], [[-90.51373389265368, 14.646184783900592], [-90.5137475733056, 14.646164853508921]]]}}, {"id": "776", "type": "Feature", "properties": {"kind": "L2", "value": 7.075545557132896, "building_uid": 1296}, "geometry": {"type": "MultiLineString", "coordinates": [[[-90.5138360412542, 14.644494341141042], [-90.51377089161731, 14.644486473366014]], [[-90.51377089161731, 14.644486473366014], [-90.51378338377545, 14.644482538090692]], [[-90.51377089161731, 14.644486473366014], [-90.51378201770727, 14.644493260894244]]]}}, {"id": "777", "type": "Feature", "properties": {"kind": "L2", "value": 7.941424432256354, "building_uid": 1298}, "geometry": {"type": "MultiLineString", "coordinates": [[[-90.5137551985986, 14.644330088501604], [-90.51368203741677, 14.644321568260196]], [[-90.51368203741677, 14.644321568260196], [-90.51369603840271, 14.644317091948409]], [[-90.51368203741677, 14.644321568260196], [-90.51369455904887, 14.644329133359715]]]}}, {"id": "778", "type": "Feature", "properties": {"kind": "L2", "value": 23.848123384878946, "building_uid": 1301}, "geometry": {"type": "MultiLineString", "coordinates": [[[-90.51494293471569, 14.644445360031371], [-90.51516207702338, 14.644475162041065]], [[-90.51516207702338, 14.644475162041065], [-90.51511976771195, 14.644487794123167]], [[-90.51516207702338, 14.644475162041065], [-90.51512494216837, 14.644451726070763]]]}}, {"id": "779", "type": "Feature", "properties": {"kind": "L2", "value": 4.498770405660376, "building_uid": 1306}, "geometry": {"type": "MultiLineString", "coordinates": [[[-90.51476291448542, 14.643912009159113], [-90.5147681474241, 14.643871690161124]], [[-90.5147681474241, 14.643871690161124], [-90.51477069914041, 14.64387942908431]], [[-90.5147681474241, 14.643871690161124], [-90.51476369864706, 14.643878567806702]]]}}, {"id": "780", "type": "Feature", "properties": {"kind": "L2", "value": 15.31388535913285, "building_uid": 1407}, "geometry": {"type": "MultiLineString", "coordinates": [[[-90.51225264956905, 14.646128560066794], [-90.51239302856266, 14.646149947964018]], [[-90.51239302856266, 14.646149947964018], [-90.51236572646197, 14.646157623379999]], [[-90.51239302856266, 14.646149947964018], [-90.51236944002694, 14.646134518952827]]]}}, {"id": "781", "type": "Feature", "properties": {"kind": "L2", "value": 15.937027026632096, "building_uid": 1427}, "geometry": {"type": "MultiLineString", "coordinates": [[[-90.51322847090763, 14.644940938020248], [-90.51320441210298, 14.64508298656633]], [[-90.51320441210298, 14.64508298656633], [-90.5131964411977, 14.645055258742945]], [[-90.51320441210298, 14.64508298656633], [-90.51322110488819, 14.645059218509045]]]}}, {"id": "782", "type": "Feature", "properties": {"kind": "L2", "value": 11.48178208039956, "building_uid": 1547}, "geometry": {"type": "MultiLineString", "coordinates": [[[-90.51448065198606, 14.645510211114685], [-90.51446594428573, 14.645612938493796]], [[-90.51446594428573, 14.645612938493796], [-90.51445969200027, 14.645593107624354]], [[-90.51446594428573, 14.645612938493796], [-90.51447752845587, 14.645595528314045]]]}}, {"id": "783", "type": "Feature", "properties": {"kind": "L2", "value": 8.905088161348525, "building_uid": 1548}, "geometry": {"type": "MultiLineString", "coordinates": [[[-90.51453460843392, 14.645699929202738], [-90.51454679175175, 14.645620364481676]], [[-90.51454679175175, 14.645620364481676], [-90.5145514907599, 14.645635789111157]], [[-90.51454679175175, 14.645620364481676], [-90.51453767601136, 14.64563378390289]]]}}, {"id": "784", "type": "Feature", "properties": {"kind": "L2", "value": 14.742708203647183, "building_uid": 1550}, "geometry": {"type": "MultiLineString", "coordinates": [[[-90.51404279963049, 14.645665431121904], [-90.5141789960677, 14.645677800850553]], [[-90.5141789960677, 14.645677800850553], [-90.51415323501688, 14.645686766742381]], [[-90.5141789960677, 14.645677800850553], [-90.51415538275747, 14.645664350657626]]]}}, {"id": "785", "type": "Feature", "properties": {"kind": "L2", "value": 10.391424110682905, "building_uid": 1555}, "geometry": {"type": "MultiLineString", "coordinates": [[[-90.51294016982524, 14.64523068577639], [-90.51295392146876, 14.64513777473468]], [[-90.51295392146876, 14.64513777473468], [-90.51295949483686, 14.645155747604019]], [[-90.51295392146876, 14.64513777473468], [-90.51294336281482, 14.645153484265814]]]}}, {"id": "786", "type": "Feature", "properties": {"kind": "L2", "value": 11.250706709921849, "building_uid": 2589}, "geometry": {"type": "MultiLineString", "coordinates": [[[-90.51475494808555, 14.644471169721264], [-90.51474176618981, 14.644571989348368]], [[-90.51474176618981, 14.644571989348368], [-90.5147354029971, 14.644552629839229]], [[-90.51474176618981, 14.644571989348368], [-90.51475290812748, 14.64455479941246]]]}}, {"id": "787", "type": "Feature", "properties": {"kind": "L2", "value": 7.834578607855493, "building_uid": 2590}, "geometry": {"type": "MultiLineString", "coordinates": [[[-90.5147680426835, 14.644373388343212], [-90.51475828024505, 14.644443520828908]], [[-90.51475828024505, 14.644443520828908], [-90.51475396131544, 14.64443000511813]], [[-90.51475828024505, 14.644443520828908], [-90.5147661382858, 14.644431611892628]]]}}, {"id": "788", "type": "Feature", "properties": {"kind": "L2", "value": 9.868928047361814, "building_uid": 2591}, "geometry": {"type": "MultiLineString", "coordinates": [[[-90.51477508334108, 14.64434580282029], [-90.51478263347522, 14.644256955466398]], [[-90.51478263347522, 14.644256955466398], [-90.51478897812028, 14.644273681404608]], [[-90.51478263347522, 14.644256955466398], [-90.51477355173387, 14.644272438747683]]]}}, {"id": "789", "type": "Feature", "properties": {"kind": "L2", "value": 8.485633683584473, "building_uid": 2600}, "geometry": {"type": "MultiLineString", "coordinates": [[[-90.51244973330564, 14.644191693821204], [-90.51237164486169, 14.644181913580063]], [[-90.51237164486169, 14.644181913580063], [-90.51238664835587, 14.644177260171183]], [[-90.51237164486169, 14.644181913580063], [-90.51238495023169, 14.644190112556146]]]}}, {"id": "790", "type": "Feature", "properties": {"kind": "L2", "value": 8.312032153385537, "building_uid": 2602}, "geometry": {"type": "MultiLineString", "coordinates": [[[-90.51275042774837, 14.644307727540282], [-90.51276064122166, 14.644233302306905]], [[-90.51276064122166, 14.644233302306905], [-90.51276525106304, 14.644247633245405]], [[-90.51276064122166, 14.644233302306905], [-90.51275232876182, 14.644245952235941]]]}}, {"id": "791", "type": "Feature", "properties": {"kind": "L2", "value": 14.932423458926397, "building_uid": 2604}, "geometry": {"type": "MultiLineString", "coordinates": [[[-90.51267080788394, 14.644008253036112], [-90.51269201709817, 14.643874951165417]], [[-90.51269201709817, 14.643874951165417], [-90.51269974513326, 14.643900859057943]], [[-90.51269201709817, 14.643874951165417], [-90.51267660023872, 14.643897368282808]]]}}, {"id": "792", "type": "Feature", "properties": {"kind": "L2", "value": 12.431228423021807, "building_uid": 2605}, "geometry": {"type": "MultiLineString", "coordinates": [[[-90.51292209158714, 14.643666753924023], [-90.51280784934026, 14.643651298067258]], [[-90.51280784934026, 14.643651298067258], [-90.51282989884812, 14.643644698175889]], [[-90.51280784934026, 14.643651298067258], [-90.51282721528368, 14.643663501071888]]]}}, {"id": "793", "type": "Feature", "properties": {"kind": "L2", "value": 49.99563448880904, "building_uid": 2606}, "geometry": {"type": "MultiLineString", "coordinates": [[[-90.51247383783313, 14.643888801510537], [-90.51293335418521, 14.64395054695458]], [[-90.51293335418521, 14.64395054695458], [-90.51284470116806, 14.643977170331635]], [[-90.51293335418521, 14.64395054695458], [-90.51285542184, 14.643901539555195]]]}}, {"id": "794", "type": "Feature", "properties": {"kind": "L2", "value": 10.501448003185121, "building_uid": 2607}, "geometry": {"type": "MultiLineString", "coordinates": [[[-90.5125521146922, 14.643658847250348], [-90.5124557844622, 14.64364460275445]], [[-90.5124557844622, 14.64364460275445], [-90.51247448204721, 14.643639257339428]], [[-90.5124557844622, 14.64364460275445], [-90.51247200880927, 14.643655112134105]]]}}, {"id": "795", "type": "Feature", "properties": {"kind": "L2", "value": 8.222356677275812, "building_uid": 2692}, "geometry": {"type": "MultiLineString", "coordinates": [[[-90.51450291067307, 14.648376328266675], [-90.51457871091976, 14.648384737153913]], [[-90.51457871091976, 14.648384737153913], [-90.514564241226, 14.64838945071534]], [[-90.51457871091976, 14.648384737153913], [-90.51456570127047, 14.648376975180023]]]}}, {"id": "796", "type": "Feature", "properties": {"kind": "L2", "value": 15.089173469864537, "building_uid": 2709}, "geometry": {"type": "MultiLineString", "coordinates": [[[-90.51440740291766, 14.647307677725472], [-90.51426877372528, 14.647288626296488]], [[-90.51426877372528, 14.647288626296488], [-90.51429555582146, 14.647280671439317]], [[-90.51426877372528, 14.647288626296488], [-90.5142922479099, 14.647303487748713]]]}}, {"id": "797", "type": "Feature", "properties": {"kind": "L2", "value": 16.414126973297968, "building_uid": 2710}, "geometry": {"type": "MultiLineString", "coordinates": [[[-90.51434124633144, 14.64754278567392], [-90.51436210700126, 14.647395906343371]], [[-90.51436210700126, 14.647395906343371], [-90.51437107713335, 14.647424246596257]], [[-90.51436210700126, 14.647395906343371], [-90.51434557440098, 14.647420813243405]]]}}, {"id": "798", "type": "Feature", "properties": {"kind": "L2", "value": 12.794115739664683, "building_uid": 2713}, "geometry": {"type": "MultiLineString", "coordinates": [[[-90.51414282585239, 14.648261958542351], [-90.5141586492501, 14.64814741437515]], [[-90.5141586492501, 14.64814741437515], [-90.51416572529345, 14.6481694789719]], [[-90.5141586492501, 14.64814741437515], [-90.5141458368634, 14.648166874686964]]]}}, {"id": "799", "type": "Feature", "properties": {"kind": "L2", "value": 16.959743381466673, "building_uid": 2714}, "geometry": {"type": "MultiLineString", "coordinates": [[[-90.51434739979193, 14.64830543584777], [-90.51419161720214, 14.648283797354718]], [[-90.51419161720214, 14.648283797354718], [-90.51422173315476, 14.648274899896007]], [[-90.51419161720214, 14.648283797354718], [-90.51421797603182, 14.648300539282063]]]}}, {"id": "800", "type": "Feature", "properties": {"kind": "L2", "value": 7.2538141034228465, "building_uid": 2715}, "geometry": {"type": "MultiLineString", "coordinates": [[[-90.51409892238607, 14.648251260761068], [-90.51408987493073, 14.648316193262891]], [[-90.51408987493073, 14.648316193262891], [-90.51408587773287, 14.648303678961229]], [[-90.51408987493073, 14.648316193262891], [-90.5140971520416, 14.648305168031834]]]}}, {"id": "801", "type": "Feature", "properties": {"kind": "L2", "value": 7.175484256036659, "building_uid": 2716}, "geometry": {"type": "MultiLineString", "coordinates": [[[-90.51418544373455, 14.648090211803368], [-90.5141759857153, 14.648154374066822]], [[-90.5141759857153, 14.648154374066822], [-90.51417212980977, 14.64814196559298]], [[-90.5141759857153, 14.648154374066822], [-90.51418327037277, 14.64814352223717]]]}}, {"id": "802", "type": "Feature", "properties": {"kind": "L2", "value": 12.093239751893604, "building_uid": 2717}, "geometry": {"type": "MultiLineString", "coordinates": [[[-90.51424595968372, 14.647992806061417], [-90.51423096191131, 14.648101069975437]], [[-90.51423096191131, 14.648101069975437], [-90.51422428144535, 14.648080211688212]], [[-90.51423096191131, 14.648101069975437], [-90.5142430794201, 14.648082680091592]]]}}, {"id": "803", "type": "Feature", "properties": {"kind": "L2", "value": 13.882524270505526, "building_uid": 2718}, "geometry": {"type": "MultiLineString", "coordinates": [[[-90.51432962063436, 14.64797922668601], [-90.51434856150888, 14.647855182268685]], [[-90.51434856150888, 14.647855182268685], [-90.51435589722905, 14.647879225441777]], [[-90.51434856150888, 14.647855182268685], [-90.51433435928897, 14.647876108064567]]]}}, {"id": "804", "type": "Feature", "properties": {"kind": "L2", "value": 9.058628984325487, "building_uid": 2721}, "geometry": {"type": "MultiLineString", "coordinates": [[[-90.51442342304914, 14.648342896734531], [-90.51450674442603, 14.648353648395783]], [[-90.51450674442603, 14.648353648395783], [-90.51449070805108, 14.648358556233962]], [[-90.51450674442603, 14.648353648395783], [-90.51449257487386, 14.648344842836115]]]}}, {"id": "805", "type": "Feature", "properties": {"kind": "L2", "value": 18.823284251886808, "building_uid": 2722}, "geometry": {"type": "MultiLineString", "coordinates": [[[-90.51436565186349, 14.64809345911727], [-90.51453873538316, 14.648116186929396]], [[-90.51453873538316, 14.648116186929396], [-90.51450538886682, 14.648126310699045]], [[-90.51453873538316, 14.648116186929396], [-90.514509335114, 14.648097823820747]]]}}, {"id": "806", "type": "Feature", "properties": {"kind": "L2", "value": 8.641143155320252, "building_uid": 2723}, "geometry": {"type": "MultiLineString", "coordinates": [[[-90.51428003808539, 14.647690375312887], [-90.51429106180228, 14.647613056981317]], [[-90.51429106180228, 14.647613056981317], [-90.51429577604391, 14.6476279789911]], [[-90.51429106180228, 14.647613056981317], [-90.51428235121037, 14.64762616465406]]]}}, {"id": "807", "type": "Feature", "properties": {"kind": "L2", "value": 10.58600772888499, "building_uid": 2724}, "geometry": {"type": "MultiLineString", "coordinates": [[[-90.51421848152528, 14.64777630500859], [-90.51423105340794, 14.647681462969826]], [[-90.51423105340794, 14.647681462969826], [-90.51423700835626, 14.647699688755987]], [[-90.51423105340794, 14.647681462969826], [-90.51422054086427, 14.64769761961515]]]}}, {"id": "808", "type": "Feature", "properties": {"kind": "L2", "value": 6.4245188322641456, "building_uid": 2725}, "geometry": {"type": "MultiLineString", "coordinates": [[[-90.51413876910998, 14.647554752674038], [-90.51419788806524, 14.64756218156611]], [[-90.51419788806524, 14.64756218156611], [-90.5141865271297, 14.647565700040879]], [[-90.51419788806524, 14.64756218156611], [-90.51418781701197, 14.647555969948383]]]}}, {"id": "809", "type": "Feature", "properties": {"kind": "L2", "value": 16.198154796491252, "building_uid": 2727}, "geometry": {"type": "MultiLineString", "coordinates": [[[-90.51444560123294, 14.64769406398906], [-90.51442207933265, 14.647838586709211]], [[-90.51442207933265, 14.647838586709211], [-90.51441379615393, 14.647810454621489]], [[-90.51442207933265, 14.647838586709211], [-90.5144388897511, 14.64781432597093]]]}}, {"id": "810", "type": "Feature", "properties": {"kind": "L2", "value": 7.0787803977263515, "building_uid": 2732}, "geometry": {"type": "MultiLineString", "coordinates": [[[-90.51431369297178, 14.646884978186366], [-90.51432256377016, 14.646821618003846]], [[-90.51432256377016, 14.646821618003846], [-90.51432645645127, 14.646833832771582]], [[-90.51432256377016, 14.646821618003846], [-90.51431545522084, 14.646832372766918]]]}}, {"id": "811", "type": "Feature", "properties": {"kind": "L2", "value": 8.694548404569723, "building_uid": 2733}, "geometry": {"type": "MultiLineString", "coordinates": [[[-90.51433385197325, 14.646746775943276], [-90.514322177657, 14.646824491301608]], [[-90.514322177657, 14.646824491301608], [-90.51431754690351, 14.64680944378258]], [[-90.514322177657, 14.646824491301608], [-90.51433104062193, 14.646811365207025]]]}}, {"id": "812", "type": "Feature", "properties": {"kind": "L2", "value": 9.349091035116285, "building_uid": 2735}, "geometry": {"type": "MultiLineString", "coordinates": [[[-90.51434730842867, 14.646659998886065], [-90.51433495770202, 14.646743593400462]], [[-90.51433495770202, 14.646743593400462], [-90.51432993915968, 14.646727424552337]], [[-90.51433495770202, 14.646743593400462], [-90.5143444536705, 14.646729457305032]]]}}, {"id": "813", "type": "Feature", "properties": {"kind": "L2", "value": 6.426646819607156, "building_uid": 2737}, "geometry": {"type": "MultiLineString", "coordinates": [[[-90.51446624555055, 14.646733865282986], [-90.51447473648426, 14.646676401809515]], [[-90.51447473648426, 14.646676401809515], [-90.51447818609388, 14.646687516470974]], [[-90.51447473648426, 14.646676401809515], [-90.51446820871597, 14.646686118985526]]]}}, {"id": "814", "type": "Feature", "properties": {"kind": "L2", "value": 16.46004034112245, "building_uid": 2739}, "geometry": {"type": "MultiLineString", "coordinates": [[[-90.51445149418252, 14.646526488702365], [-90.51443238199897, 14.64667401145233]], [[-90.51443238199897, 14.64667401145233], [-90.51442303912785, 14.646645698452206]], [[-90.51443238199897, 14.64667401145233], [-90.51444865348489, 14.64664884404604]]]}}, {"id": "815", "type": "Feature", "properties": {"kind": "L2", "value": 13.908419380384542, "building_uid": 2743}, "geometry": {"type": "MultiLineString", "coordinates": [[[-90.51361082453589, 14.646307269383604], [-90.51359001049926, 14.646431265905223]], [[-90.51359001049926, 14.646431265905223], [-90.51358301854808, 14.646407077253926]], [[-90.51359001049926, 14.646431265905223], [-90.51360454802521, 14.646410502951806]]]}}, {"id": "816", "type": "Feature", "properties": {"kind": "L2", "value": 8.47667965563736, "building_uid": 2754}, "geometry": {"type": "MultiLineString", "coordinates": [[[-90.51382596109788, 14.647630542739376], [-90.51390387624562, 14.647640986809819]], [[-90.51390387624562, 14.647640986809819], [-90.51388884651888, 14.647645505532742]], [[-90.51390387624562, 14.647640986809819], [-90.5138906599285, 14.647632681873633]]]}}, {"id": "817", "type": "Feature", "properties": {"kind": "L2", "value": 12.116648712036152, "building_uid": 2756}, "geometry": {"type": "MultiLineString", "coordinates": [[[-90.51388635300759, 14.647682398929918], [-90.51387078310029, 14.647790799753121]], [[-90.51387078310029, 14.647790799753121], [-90.51386419446808, 14.647769869565389]], [[-90.51387078310029, 14.647790799753121], [-90.51388301618752, 14.647772432137062]]]}}, {"id": "818", "type": "Feature", "properties": {"kind": "L2", "value": 9.401792688368126, "building_uid": 2760}, "geometry": {"type": "MultiLineString", "coordinates": [[[-90.51371290110761, 14.647628100177707], [-90.51379921130263, 14.64764042578717]], [[-90.51379921130263, 14.64764042578717], [-90.51378249653, 14.647645294309026]], [[-90.51379921130263, 14.64764042578717], [-90.5137846366322, 14.647631088951487]]]}}, {"id": "819", "type": "Feature", "properties": {"kind": "L2", "value": 16.02062794723613, "building_uid": 2784}, "geometry": {"type": "MultiLineString", "coordinates": [[[-90.51351113007503, 14.64820026770426], [-90.51365710094228, 14.648227602263917]], [[-90.51365710094228, 14.648227602263917], [-90.51362826896855, 14.648234659836259]], [[-90.51365710094228, 14.648227602263917], [-90.51363301509464, 14.648210635294564]]]}}, {"id": "820", "type": "Feature", "properties": {"kind": "L2", "value": 24.58719177411993, "building_uid": 2802}, "geometry": {"type": "MultiLineString", "coordinates": [[[-90.51285332881316, 14.648062678384262], [-90.5126273229578, 14.648032436861309]], [[-90.5126273229578, 14.648032436861309], [-90.51267091456221, 14.648019319961202]], [[-90.5126273229578, 14.648032436861309], [-90.51266566368483, 14.648056517043589]]]}}, {"id": "821", "type": "Feature", "properties": {"kind": "L2", "value": 10.601460768672368, "building_uid": 2817}, "geometry": {"type": "MultiLineString", "coordinates": [[[-90.51273120927732, 14.647824450123982], [-90.51274524370673, 14.647729661806057]], [[-90.51274524370673, 14.647729661806057], [-90.5127509288897, 14.647747998210972]], [[-90.51274524370673, 14.647729661806057], [-90.5127344707216, 14.647745688357634]]]}}, {"id": "822", "type": "Feature", "properties": {"kind": "L2", "value": 8.699467558099927, "building_uid": 2823}, "geometry": {"type": "MultiLineString", "coordinates": [[[-90.51206648558846, 14.647988829553514], [-90.51198647438086, 14.647978457830671]], [[-90.51198647438086, 14.647978457830671], [-90.51200187776281, 14.647973753518773]], [[-90.51198647438086, 14.647978457830671], [-90.51200007690926, 14.647986922135734]]]}}, {"id": "823", "type": "Feature", "properties": {"kind": "L2", "value": 6.877310153668914, "building_uid": 2852}, "geometry": {"type": "MultiLineString", "coordinates": [[[-90.51220962300175, 14.647048108121368], [-90.5122045675911, 14.64711003887445]], [[-90.5122045675911, 14.64711003887445], [-90.51220010741733, 14.647098397186326]], [[-90.5122045675911, 14.64711003887445], [-90.51221086046897, 14.647099229233069]]]}}, {"id": "824", "type": "Feature", "properties": {"kind": "L2", "value": 14.731700082376195, "building_uid": 2857}, "geometry": {"type": "MultiLineString", "coordinates": [[[-90.51212572939818, 14.646068649332404], [-90.51226081521938, 14.646088950752677]], [[-90.51226081521938, 14.646088950752677], [-90.51223456689017, 14.64609638751657]], [[-90.51226081521938, 14.646088950752677], [-90.51223809181008, 14.646074154265712]]]}}, {"id": "825", "type": "Feature", "properties": {"kind": "L2", "value": 7.932191231839777, "building_uid": 2862}, "geometry": {"type": "MultiLineString", "coordinates": [[[-90.5147161900052, 14.645803262955704], [-90.51478897602162, 14.645813874874309]], [[-90.51478897602162, 14.645813874874309], [-90.51477486144518, 14.645817941134267]], [[-90.51478897602162, 14.645813874874309], [-90.51477670398302, 14.645805961551783]]]}}, {"id": "826", "type": "Feature", "properties": {"kind": "L2", "value": 4.463717832139492, "building_uid": 2866}, "geometry": {"type": "MultiLineString", "coordinates": [[[-90.51445854941234, 14.645694479092366], [-90.51445230502144, 14.64573434110543]], [[-90.51445230502144, 14.64573434110543], [-90.51444997628616, 14.645726601783961]], [[-90.51445230502144, 14.64573434110543], [-90.51445689749328, 14.645727629525807]]]}}, {"id": "827", "type": "Feature", "properties": {"kind": "L2", "value": 5.310570363360507, "building_uid": 2873}, "geometry": {"type": "MultiLineString", "coordinates": [[[-90.51397414920382, 14.64492927428155], [-90.51402269223261, 14.644937501724907]], [[-90.51402269223261, 14.644937501724907], [-90.51401317898812, 14.644940005181727]], [[-90.51402269223261, 14.644937501724907], [-90.5140146075063, 14.644932015631113]]]}}, {"id": "828", "type": "Feature", "properties": {"kind": "L2", "value": 12.407723789128532, "building_uid": 2880}, "geometry": {"type": "MultiLineString", "coordinates": [[[-90.51393317800347, 14.645194829899921], [-90.5140467727578, 14.645213030853164]], [[-90.5140467727578, 14.645213030853164], [-90.51402460229083, 14.64521907982141]], [[-90.5140467727578, 14.645213030853164], [-90.51402776249627, 14.64520038362642]]]}}, {"id": "829", "type": "Feature", "properties": {"kind": "L2", "value": 6.251383894606307, "building_uid": 2881}, "geometry": {"type": "MultiLineString", "coordinates": [[[-90.51413113882722, 14.644959157083704], [-90.51407425608866, 14.644948115575138]], [[-90.51407425608866, 14.644948115575138], [-90.51408552530259, 14.644945435898673]], [[-90.51407425608866, 14.644948115575138], [-90.51408360818108, 14.644954798055602]]]}}, {"id": "830", "type": "Feature", "properties": {"kind": "L2", "value": 13.285826681891074, "building_uid": 2882}, "geometry": {"type": "MultiLineString", "coordinates": [[[-90.51355637259391, 14.645064397485617], [-90.51367863051948, 14.64507974468279]], [[-90.51367863051948, 14.64507974468279], [-90.5136551375007, 14.645087023855826]], [[-90.51367863051948, 14.64507974468279], [-90.51365780220999, 14.645066901805144]]]}}, {"id": "831", "type": "Feature", "properties": {"kind": "L2", "value": 17.166329470977658, "building_uid": 2891}, "geometry": {"type": "MultiLineString", "coordinates": [[[-90.51232370152488, 14.645295007992067], [-90.51230381841091, 14.645448866636098]], [[-90.51230381841091, 14.645448866636098], [-90.51229406530553, 14.645419341730548]], [[-90.51230381841091, 14.645448866636098], [-90.51232077961176, 14.64542261422721]]]}}, {"id": "832", "type": "Feature", "properties": {"kind": "L2", "value": 7.046253878670977, "building_uid": 2897}, "geometry": {"type": "MultiLineString", "coordinates": [[[-90.51246391533273, 14.645202214884344], [-90.51252848598871, 14.64521218279691]], [[-90.51252848598871, 14.64521218279691], [-90.51251591645284, 14.645215689736833]], [[-90.51252848598871, 14.64521218279691], [-90.51251764716788, 14.645205062260796]]]}}, {"id": "833", "type": "Feature", "properties": {"kind": "L2", "value": 6.2605264550501065, "building_uid": 12745}, "geometry": {"type": "MultiLineString", "coordinates": [[[-90.51415200499298, 14.646221962860684], [-90.51414396886958, 14.646277973448928]], [[-90.51414396886958, 14.646277973448928], [-90.51414056296301, 14.646267159565788]], [[-90.51414396886958, 14.646277973448928], [-90.51415028805764, 14.646268482199241]]]}}, {"id": "834", "type": "Feature", "properties": {"kind": "L2", "value": 10.665907249692655, "building_uid": 12746}, "geometry": {"type": "MultiLineString", "coordinates": [[[-90.5144168085691, 14.646251094284235], [-90.51440393739306, 14.646346626276417]], [[-90.51440393739306, 14.646346626276417], [-90.51439797685194, 14.6463282507912]], [[-90.51440393739306, 14.646346626276417], [-90.51441456403579, 14.646330369206462]]]}}, {"id": "835", "type": "Feature", "properties": {"kind": "L2", "value": 24.94211547027139, "building_uid": 12782}, "geometry": {"type": "MultiLineString", "coordinates": [[[-90.51338968923969, 14.64432059280377], [-90.51335753874461, 14.644543722138923]], [[-90.51335753874461, 14.644543722138923], [-90.51334399563378, 14.644500631584387]], [[-90.51335753874461, 14.644543722138923], [-90.51338273716894, 14.64450592315309]]]}}, {"id": "836", "type": "Feature", "properties": {"kind": "L2", "value": 16.585065747904324, "building_uid": 12783}, "geometry": {"type": "MultiLineString", "coordinates": [[[-90.5130863891563, 14.64363446706778], [-90.51323866172703, 14.643656067156577]], [[-90.51323866172703, 14.643656067156577], [-90.51320918537827, 14.643664683014384]], [[-90.51323866172703, 14.643656067156577], [-90.51321293574198, 14.643639620781356]]]}}, {"id": "837", "type": "Feature", "properties": {"kind": "L2", "value": 20.165990377856943, "building_uid": 12784}, "geometry": {"type": "MultiLineString", "coordinates": [[[-90.51366532351051, 14.643542994993213], [-90.51348003293145, 14.643517687743905]], [[-90.51348003293145, 14.643517687743905], [-90.51351581600474, 14.643507026679856]], [[-90.51348003293145, 14.643517687743905], [-90.51351142196566, 14.643537523291652]]]}}, {"id": "838", "type": "Feature", "properties": {"kind": "L2", "value": 40.776893473858784, "building_uid": 12785}, "geometry": {"type": "MultiLineString", "coordinates": [[[-90.51306652920336, 14.643904246047395], [-90.51344300790443, 14.643940723311774]], [[-90.51344300790443, 14.643940723311774], [-90.51337160005573, 14.643965093324532]], [[-90.51344300790443, 14.643940723311774], [-90.51337793348675, 14.643903129534891]]]}}, {"id": "839", "type": "Feature", "properties": {"kind": "L2", "value": 28.193037098685174, "building_uid": 12786}, "geometry": {"type": "MultiLineString", "coordinates": [[[-90.51361152981497, 14.644012182365065], [-90.51335248407176, 14.643976801299916]], [[-90.51335248407176, 14.643976801299916], [-90.51340251067138, 14.643961896679052]], [[-90.51335248407176, 14.643976801299916], [-90.5133963675216, 14.644004532415485]]]}}, {"id": "840", "type": "Feature", "properties": {"kind": "L2", "value": 9.027632201757251, "building_uid": 12788}, "geometry": {"type": "MultiLineString", "coordinates": [[[-90.51438328378876, 14.644530002451395], [-90.51436971031256, 14.644610475615693]], [[-90.51436971031256, 14.644610475615693], [-90.51436518445647, 14.644594771913871]], [[-90.51436971031256, 14.644610475615693], [-90.51437915686982, 14.644597005935559]]]}}, {"id": "841", "type": "Feature", "properties": {"kind": "L2", "value": 16.33134077124673, "building_uid": 12846}, "geometry": {"type": "MultiLineString", "coordinates": [[[-90.51244009923785, 14.644141987378404], [-90.51245976683398, 14.643995706502025]], [[-90.51245976683398, 14.643995706502025], [-90.51246890106992, 14.644023840122534]], [[-90.51245976683398, 14.643995706502025], [-90.51244350264633, 14.644020603080893]]]}}, {"id": "842", "type": "Feature", "properties": {"kind": "L2", "value": 7.9924311420925775, "building_uid": 12847}, "geometry": {"type": "MultiLineString", "coordinates": [[[-90.51249097335149, 14.643927120160122], [-90.5124175033923, 14.643917323746264]], [[-90.5124175033923, 14.643917323746264], [-90.51243167113572, 14.643913053333797]], [[-90.5124175033923, 14.643917323746264], [-90.51242997020574, 14.643925145588488]]]}}, {"id": "843", "type": "Feature", "properties": {"kind": "L2", "value": 9.384913676030385, "building_uid": 12848}, "geometry": {"type": "MultiLineString", "coordinates": [[[-90.51235379389354, 14.643970034736922], [-90.51236615353703, 14.64388611467025]], [[-90.51236615353703, 14.64388611467025], [-90.5123711986332, 14.643902343274979]], [[-90.51236615353703, 14.64388611467025], [-90.51235662778669, 14.643900309029672]]]}}, {"id": "844", "type": "Feature", "properties": {"kind": "L2", "value": 6.877707323967278, "building_uid": 12856}, "geometry": {"type": "MultiLineString", "coordinates": [[[-90.51179955934705, 14.64762237469311], [-90.51180865142085, 14.647560878935986]], [[-90.51180865142085, 14.647560878935986], [-90.51181234215133, 14.647572773961897]], [[-90.51180865142085, 14.647560878935986], [-90.51180166460469, 14.647571277543591]]]}}, {"id": "845", "type": "Feature", "properties": {"kind": "L2", "value": 10.85343412412332, "building_uid": 12915}, "geometry": {"type": "MultiLineString", "coordinates": [[[-90.5149966193411, 14.645404721245024], [-90.51498393171303, 14.645501984422685]], [[-90.51498393171303, 14.645501984422685], [-90.51497778764217, 14.645483310240705]], [[-90.51498393171303, 14.645501984422685], [-90.51499467534519, 14.645485398454717]]]}}, {"id": "846", "type": "Feature", "properties": {"kind": "L2", "value": 16.992056530282426, "building_uid": 12919}, "geometry": {"type": "MultiLineString", "coordinates": [[[-90.51387683501235, 14.644388200331543], [-90.51389851360648, 14.644236160796638]], [[-90.51389851360648, 14.644236160796638], [-90.51390778327249, 14.644265503731233]], [[-90.51389851360648, 14.644236160796638], [-90.51388138495632, 14.644261935708357]]]}}, {"id": "847", "type": "Feature", "properties": {"kind": "L2", "value": 7.6015632066619565, "building_uid": 12951}, "geometry": {"type": "MultiLineString", "coordinates": [[[-90.51450012699414, 14.645895949874756], [-90.51456970343754, 14.645907202913072]], [[-90.51456970343754, 14.645907202913072], [-90.51455611497428, 14.645910888834157]], [[-90.51456970343754, 14.645907202913072], [-90.5145580688302, 14.645899437508401]]]}}, {"id": "848", "type": "Feature", "properties": {"kind": "L2", "value": 8.501474223142255, "building_uid": 12956}, "geometry": {"type": "MultiLineString", "coordinates": [[[-90.51446829904393, 14.647333676903795], [-90.5143902573107, 14.647322509704988]], [[-90.5143902573107, 14.647322509704988], [-90.51440537275927, 14.647318111635387]], [[-90.5143902573107, 14.647322509704988], [-90.51440343379242, 14.647330956145979]]]}}, {"id": "849", "type": "Feature", "properties": {"kind": "L2", "value": 12.063454958946012, "building_uid": 12987}, "geometry": {"type": "MultiLineString", "coordinates": [[[-90.51515844445616, 14.644254998829217], [-90.51517124361625, 14.644146738454843]], [[-90.51517124361625, 14.644146738454843], [-90.51517832213257, 14.644167415189706]], [[-90.51517124361625, 14.644146738454843], [-90.51515952511187, 14.644165308608278]]]}}, {"id": "850", "type": "Feature", "properties": {"kind": "L2", "value": 9.608622472732575, "building_uid": 12997}, "geometry": {"type": "MultiLineString", "coordinates": [[[-90.51287312252187, 14.645596237445641], [-90.51288521984839, 14.645510240928004]], [[-90.51288521984839, 14.645510240928004], [-90.51289049281324, 14.645526824318907]], [[-90.51288521984839, 14.645510240928004], [-90.51287556132536, 14.645524833262717]]]}}, {"id": "851", "type": "Feature", "properties": {"kind": "L2", "value": 8.578648318557248, "building_uid": 1000003}, "geometry": {"type": "MultiLineString", "coordinates": [[[-90.51441351529851, 14.642883442950367], [-90.51433496588999, 14.642870925791641]], [[-90.51433496588999, 14.642870925791641], [-90.51435029053523, 14.642866730507127]], [[-90.51433496588999, 14.642870925791641], [-90.51434811721894, 14.642879658839243]]]}}, {"id": "852", "type": "Feature", "properties": {"kind": "L2", "value": 10.831960777506731, "building_uid": 1000002}, "geometry": {"type": "MultiLineString", "coordinates": [[[-90.51441563748439, 14.643016670341673], [-90.5143159494703, 14.643004246899638]], [[-90.5143159494703, 14.643004246899638], [-90.51433509759694, 14.642998295048082]], [[-90.5143159494703, 14.643004246899638], [-90.51433294055019, 14.64301470254216]]]}}, {"id": "853", "type": "Feature", "properties": {"kind": "L2", "value": 9.485746113656884, "building_uid": 1000004}, "geometry": {"type": "MultiLineString", "coordinates": [[[-90.51511738245456, 14.643172843838773], [-90.515030135812, 14.643161575325529]], [[-90.515030135812, 14.643161575325529], [-90.51504692853364, 14.643156437987157]], [[-90.515030135812, 14.643161575325529], [-90.51504497201276, 14.643170797765046]]]}}, {"id": "854", "type": "Feature", "properties": {"kind": "L2", "value": 6.591809193188332, "building_uid": 1000005}, "geometry": {"type": "MultiLineString", "coordinates": [[[-90.51251253620288, 14.643434460358487], [-90.51250493376196, 14.643493545522531]], [[-90.51250493376196, 14.643493545522531], [-90.51250118239275, 14.643482210017956]], [[-90.51250493376196, 14.643493545522531], [-90.51251144119276, 14.643483461289467]]]}}, {"id": "855", "type": "Feature", "properties": {"kind": "L2", "value": 6.3733192726611865, "building_uid": 1000012}, "geometry": {"type": "MultiLineString", "coordinates": [[[-90.5130834129811, 14.644305356556508], [-90.513074513985, 14.64436227417324]], [[-90.513074513985, 14.64436227417324], [-90.51307118578436, 14.644351224865845]], [[-90.513074513985, 14.64436227417324], [-90.51308106827852, 14.644352689529027]]]}}, {"id": "856", "type": "Feature", "properties": {"kind": "L2", "value": 10.947582553930749, "building_uid": 1000007}, "geometry": {"type": "MultiLineString", "coordinates": [[[-90.51404747117789, 14.643737557318204], [-90.5139474866363, 14.643720128411303]], [[-90.5139474866363, 14.643720128411303], [-90.51396712305845, 14.643715059482915]], [[-90.5139474866363, 14.643720128411303], [-90.51396409691804, 14.643731515727291]]]}}, {"id": "857", "type": "Feature", "properties": {"kind": "L2", "value": 4.846175016215813, "building_uid": 1000008}, "geometry": {"type": "MultiLineString", "coordinates": [[[-90.51444346305979, 14.644491851496722], [-90.51439896169158, 14.644485586473655]], [[-90.51439896169158, 14.644485586473655], [-90.51440757197099, 14.644483059901775]], [[-90.51439896169158, 14.644485586473655], [-90.5144064841862, 14.644490384262415]]]}}, {"id": "858", "type": "Feature", "properties": {"kind": "L2", "value": 6.443827388904023, "building_uid": 1000009}, "geometry": {"type": "MultiLineString", "coordinates": [[[-90.51469973689227, 14.643872477457816], [-90.51464032380082, 14.643865973103425]], [[-90.51464032380082, 14.643865973103425], [-90.51465165777813, 14.643862262759393]], [[-90.51464032380082, 14.643865973103425], [-90.51465052844154, 14.64387204142844]]]}}, {"id": "859", "type": "Feature", "properties": {"kind": "L2", "value": 10.765630577654486, "building_uid": 1000011}, "geometry": {"type": "MultiLineString", "coordinates": [[[-90.51489806749281, 14.644036229338788], [-90.51490992535493, 14.643939665743753]], [[-90.51490992535493, 14.643939665743753], [-90.51491615904038, 14.643958144840244]], [[-90.51490992535493, 14.643939665743753], [-90.51489939292306, 14.643956193182657]]]}}, {"id": "860", "type": "Feature", "properties": {"kind": "L2", "value": 17.570280780683444, "building_uid": 182}, "geometry": {"type": "MultiLineString", "coordinates": [[[-90.51466245832518, 14.644239096301975], [-90.51468256038147, 14.644081586540564]], [[-90.51468256038147, 14.644081586540564], [-90.51469259069565, 14.644111791278853]], [[-90.51468256038147, 14.644081586540564], [-90.51466524261457, 14.644108482732042]]]}}, {"id": "861", "type": "Feature", "properties": {"kind": "L2", "value": 16.495707457887775, "building_uid": 1000013}, "geometry": {"type": "MultiLineString", "coordinates": [[[-90.51486619089164, 14.644100331685328], [-90.51485035739701, 14.644248546078071]], [[-90.51485035739701, 14.644248546078071], [-90.51484036032448, 14.644220377507732]], [[-90.51485035739701, 14.644248546078071], [-90.51486609448317, 14.644222983505315]]]}}, {"id": "862", "type": "Feature", "properties": {"kind": "L2", "value": 9.69113524767085, "building_uid": 1000016}, "geometry": {"type": "MultiLineString", "coordinates": [[[-90.51469745604197, 14.645240679611554], [-90.5146861667363, 14.645327531703256]], [[-90.5146861667363, 14.645327531703256], [-90.51468067304197, 14.645310859722803]], [[-90.5146861667363, 14.645327531703256], [-90.51469575306713, 14.645312717793036]]]}}, {"id": "863", "type": "Feature", "properties": {"kind": "L2", "value": 6.3767664597787, "building_uid": 1000019}, "geometry": {"type": "MultiLineString", "coordinates": [[[-90.51488060865313, 14.645460228001635], [-90.51488706361064, 14.645402967353128]], [[-90.51488706361064, 14.645402967353128], [-90.5148908646269, 14.645413877707117]], [[-90.51488706361064, 14.645402967353128], [-90.51488092252396, 14.645412815307823]]]}}, {"id": "864", "type": "Feature", "properties": {"kind": "L2", "value": 8.782291328585027, "building_uid": 1000015}, "geometry": {"type": "MultiLineString", "coordinates": [[[-90.51456736063845, 14.645214890278744], [-90.51457918286896, 14.64513639491918]], [[-90.51457918286896, 14.64513639491918], [-90.51458385447695, 14.645151596001675]], [[-90.51457918286896, 14.64513639491918], [-90.51457022543113, 14.645149650219107]]]}}, {"id": "865", "type": "Feature", "properties": {"kind": "L2", "value": 15.089984707272963, "building_uid": 2861}, "geometry": {"type": "MultiLineString", "coordinates": [[[-90.51219907556722, 14.646442680588438], [-90.5123376670804, 14.64646203676039]], [[-90.5123376670804, 14.64646203676039], [-90.51231086536268, 14.646469933336206]], [[-90.5123376670804, 14.64646203676039], [-90.5123142261652, 14.64644712313648]]]}}, {"id": "866", "type": "Feature", "properties": {"kind": "L2", "value": 9.859482191592031, "building_uid": 1000023}, "geometry": {"type": "MultiLineString", "coordinates": [[[-90.51211847054752, 14.647505633567102], [-90.51212646073553, 14.647416908539519]], [[-90.51212646073553, 14.647416908539519], [-90.51213271510854, 14.647433648508759]], [[-90.51212646073553, 14.647416908539519], [-90.5121173097366, 14.647432333443682]]]}}, {"id": "867", "type": "Feature", "properties": {"kind": "L2", "value": 7.991540208618042, "building_uid": 1000020}, "geometry": {"type": "MultiLineString", "coordinates": [[[-90.51217121607537, 14.647161770483317], [-90.51209709706052, 14.64715973273]], [[-90.51209709706052, 14.64715973273], [-90.51211070889667, 14.647154002648586]], [[-90.51209709706052, 14.64715973273], [-90.51211035507967, 14.647166201547565]]]}}, {"id": "868", "type": "Feature", "properties": {"kind": "L2", "value": 11.076646560465091, "building_uid": 1000021}, "geometry": {"type": "MultiLineString", "coordinates": [[[-90.5122031968482, 14.647162521464812], [-90.51220034255758, 14.647262543514852]], [[-90.51220034255758, 14.647262543514852], [-90.51219217649933, 14.647244178474924]], [[-90.51220034255758, 14.647262543514852], [-90.51220954336374, 14.647244648249508]]]}}, {"id": "869", "type": "Feature", "properties": {"kind": "L2", "value": 9.591146542257269, "building_uid": 1000024}, "geometry": {"type": "MultiLineString", "coordinates": [[[-90.51416938357045, 14.647294429316835], [-90.51425815589937, 14.647300492593546]], [[-90.51425815589937, 14.647300492593546], [-90.5142415385043, 14.647306698862169]], [[-90.51425815589937, 14.647300492593546], [-90.51424259127162, 14.647292088251872]]]}}, {"id": "870", "type": "Feature", "properties": {"kind": "L2", "value": 14.053418091316754, "building_uid": 1000001}, "geometry": {"type": "MultiLineString", "coordinates": [[[-90.51418499603369, 14.643117673279702], [-90.51431399302139, 14.64313618579965]], [[-90.51431399302139, 14.64313618579965], [-90.51428900368856, 14.643143445897854]], [[-90.51431399302139, 14.64313618579965], [-90.51429221795925, 14.643122214495131]]]}}, {"id": "871", "type": "Feature", "properties": {"kind": "L2", "value": 16.830745380259742, "building_uid": 1000017}, "geometry": {"type": "MultiLineString", "coordinates": [[[-90.51468906093073, 14.645828336508279], [-90.51453451644771, 14.645806514007788]], [[-90.51453451644771, 14.645806514007788], [-90.51456442393217, 14.645797751643451]], [[-90.51453451644771, 14.645806514007788], [-90.51456063490325, 14.645823187547462]]]}}, {"id": "872", "type": "Feature", "properties": {"kind": "a1", "value": 18.879818312940188, "building_uid": 7}, "geometry": {"type": "MultiLineString", "coordinates": [[[-90.51389276633242, 14.64268848687316], [-90.51406636255403, 14.642711303296423]], [[-90.51388573595831, 14.642739192151582], [-90.51389979670137, 14.64263778159382]], [[-90.51405933221743, 14.642762008586173], [-90.5140733928855, 14.64266059800575]]]}}, {"id": "873", "type": "Feature", "properties": {"kind": "a1", "value": 27.745385386631824, "building_uid": 8}, "geometry": {"type": "MultiLineString", "coordinates": [[[-90.51480385775835, 14.64292265412151], [-90.5150588156606, 14.642957290636646]], [[-90.51479318526, 14.642997124039097], [-90.51481453024537, 14.642848184201855]], [[-90.5150481432429, 14.64303176057903], [-90.515069488067, 14.642882820692199]]]}}, {"id": "874", "type": "Feature", "properties": {"kind": "a1", "value": 22.68259803880937, "building_uid": 9}, "geometry": {"type": "MultiLineString", "coordinates": [[[-90.51543053703668, 14.642908538002068], [-90.5152220964534, 14.642880261039974]], [[-90.51543924990521, 14.642847655161123], [-90.51542182416057, 14.642969420841643]], [[-90.51523080937585, 14.642819378215593], [-90.5152133835234, 14.64294114386299]]]}}, {"id": "875", "type": "Feature", "properties": {"kind": "a1", "value": 20.24125806707889, "building_uid": 10}, "geometry": {"type": "MultiLineString", "coordinates": [[[-90.51538066487787, 14.643034434951051], [-90.5155665035011, 14.643060812687857]], [[-90.51537253715126, 14.643088715993509], [-90.51538879259829, 14.642980153907443]], [[-90.51555837581718, 14.643115093743745], [-90.51557463117888, 14.64300653163082]]]}}, {"id": "876", "type": "Feature", "properties": {"kind": "a1", "value": 7.3361663047689945, "building_uid": 53}, "geometry": {"type": "MultiLineString", "coordinates": [[[-90.51422436192242, 14.642653154515367], [-90.51421584724638, 14.642718905170009]], [[-90.5142041023844, 14.642650667484844], [-90.51424462146119, 14.642655641544186]], [[-90.51419558770266, 14.64271641813783], [-90.51423610679085, 14.642721392200503]]]}}, {"id": "877", "type": "Feature", "properties": {"kind": "a1", "value": 7.70716686535161, "building_uid": 54}, "geometry": {"type": "MultiLineString", "coordinates": [[[-90.51445062349495, 14.642734426173671], [-90.51452152394101, 14.642743487887012]], [[-90.51444783133364, 14.642755135302217], [-90.51445341565542, 14.64271371704498]], [[-90.51451873178597, 14.642764197017426], [-90.5145243160952, 14.642722778756452]]]}}, {"id": "878", "type": "Feature", "properties": {"kind": "a1", "value": 16.897780690704117, "building_uid": 55}, "geometry": {"type": "MultiLineString", "coordinates": [[[-90.51465484779975, 14.642785528421205], [-90.51449952512716, 14.64276475538394]], [[-90.51466124851558, 14.642740160622546], [-90.51464844707975, 14.642830896219118]], [[-90.51450592587298, 14.642719387594415], [-90.51449312437721, 14.642810123172708]]]}}, {"id": "879", "type": "Feature", "properties": {"kind": "a1", "value": 21.76506463646424, "building_uid": 105}, "geometry": {"type": "MultiLineString", "coordinates": [[[-90.51471596208849, 14.643361869939191], [-90.51491525398876, 14.643393615178738]], [[-90.51470618046892, 14.643420080418915], [-90.51472574370038, 14.643303659457976]], [[-90.51490547241768, 14.643451825674765], [-90.51492503555221, 14.643335404681222]]]}}, {"id": "880", "type": "Feature", "properties": {"kind": "a1", "value": 13.714039520709775, "building_uid": 106}, "geometry": {"type": "MultiLineString", "coordinates": [[[-90.5144445298991, 14.643743275321885], [-90.51457056417892, 14.643760305974538]], [[-90.5144392822609, 14.643780088176184], [-90.51444977753454, 14.64370646246709]], [[-90.51456531656045, 14.643797118834883], [-90.51457581179466, 14.643723493113693]]]}}, {"id": "881", "type": "Feature", "properties": {"kind": "a1", "value": 21.454563670558855, "building_uid": 107}, "geometry": {"type": "MultiLineString", "coordinates": [[[-90.5139442701949, 14.643595903412502], [-90.51374749853157, 14.643566596766988]], [[-90.51395330036885, 14.643538429096898], [-90.51393524001382, 14.64365337772676]], [[-90.51375652875312, 14.643509122466783], [-90.51373846830288, 14.64362407106584]]]}}, {"id": "882", "type": "Feature", "properties": {"kind": "a1", "value": 9.273034179233944, "building_uid": 108}, "geometry": {"type": "MultiLineString", "coordinates": [[[-90.51416131557376, 14.643556391010444], [-90.51407616291819, 14.64354440834339]], [[-90.51416500776466, 14.64353151908122], [-90.51415762338155, 14.643581262939435]], [[-90.51407985511807, 14.643519536416976], [-90.51407247071702, 14.643569280269565]]]}}, {"id": "883", "type": "Feature", "properties": {"kind": "a1", "value": 17.817093032994308, "building_uid": 109}, "geometry": {"type": "MultiLineString", "coordinates": [[[-90.51427749335461, 14.643878655167299], [-90.51411375458547, 14.643856506062544]], [[-90.51428431810648, 14.643830829373647], [-90.5142706685981, 14.643926480960115]], [[-90.5141205793706, 14.643808680279092], [-90.51410692979567, 14.643904331845148]]]}}, {"id": "884", "type": "Feature", "properties": {"kind": "a1", "value": 12.253549113520421, "building_uid": 110}, "geometry": {"type": "MultiLineString", "coordinates": [[[-90.51423989178893, 14.643814047319639], [-90.51435248110315, 14.643829423629231]], [[-90.51423515390148, 14.643846933076782], [-90.51424462967418, 14.643781161562087]], [[-90.5143477432314, 14.643862309391226], [-90.51435721897266, 14.643796537866839]]]}}, {"id": "885", "type": "Feature", "properties": {"kind": "a1", "value": 12.993227216647938, "building_uid": 761}, "geometry": {"type": "MultiLineString", "coordinates": [[[-90.51452001106527, 14.64504733040178], [-90.51453480775862, 14.64493084360349]], [[-90.51455590416582, 14.64505165228503], [-90.51448411796704, 14.645043008513197]], [[-90.51457070084123, 14.644935165481563], [-90.51449891467833, 14.644926521720091]]]}}, {"id": "886", "type": "Feature", "properties": {"kind": "a1", "value": 5.369599358411506, "building_uid": 176}, "geometry": {"type": "MultiLineString", "coordinates": [[[-90.51531283627891, 14.644768304347018], [-90.5153622389735, 14.64477457510226]], [[-90.51531090407059, 14.644782734117536], [-90.5153147684868, 14.644753874576434]], [[-90.51536030676823, 14.644789004873676], [-90.51536417117835, 14.644760145330768]]]}}, {"id": "887", "type": "Feature", "properties": {"kind": "a1", "value": 17.826914487988688, "building_uid": 177}, "geometry": {"type": "MultiLineString", "coordinates": [[[-90.51500483102976, 14.644714221145348], [-90.51516846592106, 14.64473770768415]], [[-90.51499759410974, 14.644762016397081], [-90.51501206794495, 14.644666425892716]], [[-90.5151612290341, 14.644785502946352], [-90.5151757028032, 14.64468991242104]]]}}, {"id": "888", "type": "Feature", "properties": {"kind": "a1", "value": 9.989524175529368, "building_uid": 178}, "geometry": {"type": "MultiLineString", "coordinates": [[[-90.51504274814698, 14.644739143922212], [-90.51495105342762, 14.644725982692012]], [[-90.5150468035076, 14.64471236129144], [-90.51503869278486, 14.644765926552699]], [[-90.51495510879862, 14.644699200064533], [-90.51494699805511, 14.644752765319213]]]}}, {"id": "889", "type": "Feature", "properties": {"kind": "a1", "value": 12.27257232298143, "building_uid": 179}, "geometry": {"type": "MultiLineString", "coordinates": [[[-90.51500213302577, 14.64464324352783], [-90.51488948881025, 14.64462702986357]], [[-90.51500712892684, 14.644610341853042], [-90.5149971371224, 14.644676145202187]], [[-90.51489448472697, 14.64459412819375], [-90.51488449289123, 14.644659931532969]]]}}, {"id": "890", "type": "Feature", "properties": {"kind": "a1", "value": 17.339762758671746, "building_uid": 183}, "geometry": {"type": "MultiLineString", "coordinates": [[[-90.51485045663502, 14.643616400655059], [-90.51482650467639, 14.643771293706232]], [[-90.51480272972489, 14.643609404620031], [-90.51489818354978, 14.64362339668075]], [[-90.51477877773509, 14.643764297661217], [-90.51487423162231, 14.643778289741913]]]}}, {"id": "891", "type": "Feature", "properties": {"kind": "a1", "value": 17.252410145527126, "building_uid": 184}, "geometry": {"type": "MultiLineString", "coordinates": [[[-90.51440073929314, 14.64415911029624], [-90.514379829526, 14.644313624469916]], [[-90.51435312900652, 14.644153002858198], [-90.514448349584, 14.644165217724943]], [[-90.51433221920799, 14.644307517022503], [-90.51442743984825, 14.644319731907993]]]}}, {"id": "892", "type": "Feature", "properties": {"kind": "a1", "value": 16.11980155808851, "building_uid": 185}, "geometry": {"type": "MultiLineString", "coordinates": [[[-90.51396275672481, 14.644061774770368], [-90.51398338846087, 14.64391754881929]], [[-90.51400719689396, 14.644067801006589], [-90.51391831655948, 14.644055748526029]], [[-90.51402782860279, 14.643923575047145], [-90.51393894832276, 14.643911522583313]]]}}, {"id": "893", "type": "Feature", "properties": {"kind": "a1", "value": 11.074830571422353, "building_uid": 186}, "geometry": {"type": "MultiLineString", "coordinates": [[[-90.51411246293509, 14.644350559171144], [-90.51401075585784, 14.644336305439216]], [[-90.51411685491871, 14.64432085202958], [-90.51410807094962, 14.64438026631237]], [[-90.51401514785425, 14.644306598301647], [-90.51400636385956, 14.64436601257644]]]}}, {"id": "894", "type": "Feature", "properties": {"kind": "a1", "value": 21.8166699843714, "building_uid": 187}, "geometry": {"type": "MultiLineString", "coordinates": [[[-90.51403697459405, 14.644516533166362], [-90.51383643534442, 14.644489721460888]], [[-90.51404523604091, 14.644457958639894], [-90.51402871314025, 14.644575107691578]], [[-90.51384469684123, 14.644431146949659], [-90.51382817384064, 14.64454829597087]]]}}, {"id": "895", "type": "Feature", "properties": {"kind": "a1", "value": 21.555188600672405, "building_uid": 188}, "geometry": {"type": "MultiLineString", "coordinates": [[[-90.51331975401604, 14.643359623055202], [-90.51328803276502, 14.643551876683773]], [[-90.51326051533059, 14.64335035770774], [-90.51337899270894, 14.643368888388334]], [[-90.51322879403189, 14.643542611320436], [-90.5133472715056, 14.643561142032782]]]}}, {"id": "896", "type": "Feature", "properties": {"kind": "a1", "value": 13.283147652440576, "building_uid": 191}, "geometry": {"type": "MultiLineString", "coordinates": [[[-90.51297107703871, 14.644464661796311], [-90.51299166120876, 14.64434635413413]], [[-90.51300753110434, 14.644470674127883], [-90.51293462297603, 14.644458649459326]], [[-90.51302811525643, 14.644352366459534], [-90.51295520716401, 14.644340341803316]]]}}, {"id": "897", "type": "Feature", "properties": {"kind": "a1", "value": 7.2836119832936665, "building_uid": 192}, "geometry": {"type": "MultiLineString", "coordinates": [[[-90.51272168318462, 14.644387315210855], [-90.51271238160865, 14.644452485377276]], [[-90.51270160234976, 14.644384598358476], [-90.51274176402026, 14.644390032061564]], [[-90.51269230076824, 14.644449768523202], [-90.51273246244985, 14.644455202229699]]]}}, {"id": "898", "type": "Feature", "properties": {"kind": "a1", "value": 10.558345515979452, "building_uid": 193}, "geometry": {"type": "MultiLineString", "coordinates": [[[-90.51259661359913, 14.644407506358814], [-90.51249976319879, 14.644393171324804]], [[-90.51260103063616, 14.644379217788627], [-90.51259219656039, 14.644435794928675]], [[-90.51250418024735, 14.644364882758346], [-90.51249534614851, 14.644421459890948]]]}}, {"id": "899", "type": "Feature", "properties": {"kind": "a1", "value": 10.563697860484506, "building_uid": 846}, "geometry": {"type": "MultiLineString", "coordinates": [[[-90.51411299191409, 14.64689260398744], [-90.51401617870715, 14.646877712151339]], [[-90.5141175805708, 14.646864326605371], [-90.5141084032556, 14.646920881369184]], [[-90.51402076737536, 14.646849434773051], [-90.5140115900372, 14.646905989529293]]]}}, {"id": "900", "type": "Feature", "properties": {"kind": "a1", "value": 14.848259605360353, "building_uid": 194}, "geometry": {"type": "MultiLineString", "coordinates": [[[-90.51237346723754, 14.644248538283243], [-90.51235420387557, 14.64438135205351]], [[-90.51233254345594, 14.644242911738312], [-90.51241439102239, 14.644254164821305]], [[-90.51231328007094, 14.644375725501426], [-90.51239512768349, 14.644386978598707]]]}}, {"id": "901", "type": "Feature", "properties": {"kind": "a1", "value": 14.566070437896997, "building_uid": 195}, "geometry": {"type": "MultiLineString", "coordinates": [[[-90.51240143869946, 14.644101933282883], [-90.512383213417, 14.64423231366339]], [[-90.51236126474315, 14.64409660994201], [-90.51244161265886, 14.644107256617108]], [[-90.51234303943838, 14.644226990315747], [-90.51242338739868, 14.644237637004386]]]}}, {"id": "902", "type": "Feature", "properties": {"kind": "a1", "value": 11.315229371073658, "building_uid": 196}, "geometry": {"type": "MultiLineString", "coordinates": [[[-90.5123567777523, 14.643825528858663], [-90.51246071610544, 14.643839929341787]], [[-90.51235234054585, 14.64385588779022], [-90.51236121495685, 14.643795169926749]], [[-90.51245627891235, 14.643870288277512], [-90.51246515329662, 14.64380957040572]]]}}, {"id": "903", "type": "Feature", "properties": {"kind": "a1", "value": 67.78325052838774, "building_uid": 302}, "geometry": {"type": "MultiLineString", "coordinates": [[[-90.51302855240776, 14.643193898182103], [-90.51312660248853, 14.642589066521436]], [[-90.51321491772384, 14.643222537365617], [-90.51284218716432, 14.643165258856671]], [[-90.51331296733173, 14.642617705549192], [-90.51294023771797, 14.642560427351777]]]}}, {"id": "904", "type": "Feature", "properties": {"kind": "a1", "value": 8.782725796801971, "building_uid": 303}, "geometry": {"type": "MultiLineString", "coordinates": [[[-90.51385743311594, 14.643347120282671], [-90.51387022847929, 14.643268765778275]], [[-90.51388157631544, 14.64335085763786], [-90.51383328991764, 14.6433433829251]], [[-90.51389437167087, 14.64327250313084], [-90.51384608528893, 14.643265028423322]]]}}, {"id": "905", "type": "Feature", "properties": {"kind": "a1", "value": 7.665107188397086, "building_uid": 304}, "geometry": {"type": "MultiLineString", "coordinates": [[[-90.51273979449424, 14.64331286258609], [-90.51266954282802, 14.643302084139933]], [[-90.5127431156288, 14.64329234300976], [-90.51273647335874, 14.64333338216224]], [[-90.51267286396863, 14.643281564565594], [-90.51266622168649, 14.643322603714095]]]}}, {"id": "906", "type": "Feature", "properties": {"kind": "a1", "value": 9.153063428821042, "building_uid": 305}, "geometry": {"type": "MultiLineString", "coordinates": [[[-90.5125262816909, 14.643338127787297], [-90.51253779765068, 14.643256207472504]], [[-90.51255152361462, 14.643341491445835], [-90.5125010397684, 14.643334764126145]], [[-90.5125630395656, 14.643259571128356], [-90.51251255573698, 14.64325284381403]]]}}, {"id": "907", "type": "Feature", "properties": {"kind": "a1", "value": 16.614650640287437, "building_uid": 306}, "geometry": {"type": "MultiLineString", "coordinates": [[[-90.51239310496968, 14.64338230578006], [-90.51254583546681, 14.643402658803062]], [[-90.51238683362013, 14.643426916300085], [-90.51239937631523, 14.643337695259312]], [[-90.51253956414624, 14.643447269331915], [-90.51255210678337, 14.64335804827349]]]}}, {"id": "908", "type": "Feature", "properties": {"kind": "a1", "value": 18.304122323635966, "building_uid": 307}, "geometry": {"type": "MultiLineString", "coordinates": [[[-90.51268323846821, 14.643451723640208], [-90.51270967422032, 14.643288389149173]], [[-90.51273356638714, 14.643459445169281], [-90.51263291055456, 14.643444002100786]], [[-90.51276000210477, 14.643296110666896], [-90.51265934634115, 14.643280667621102]]]}}, {"id": "909", "type": "Feature", "properties": {"kind": "a1", "value": 24.437715159147047, "building_uid": 500}, "geometry": {"type": "MultiLineString", "coordinates": [[[-90.51495358753274, 14.64580736194302], [-90.51517799917079, 14.645838927746858]], [[-90.51494386108493, 14.64587290881902], [-90.5149633139716, 14.645741815065364]], [[-90.51516827278526, 14.645904474642363], [-90.51518772554736, 14.645773380849691]]]}}, {"id": "910", "type": "Feature", "properties": {"kind": "a1", "value": 7.675767443492077, "building_uid": 501}, "geometry": {"type": "MultiLineString", "coordinates": [[[-90.51476178519208, 14.645985284180913], [-90.51483218956163, 14.645995738295827]], [[-90.51475856394605, 14.646005848102911], [-90.51476500643719, 14.645964720258748]], [[-90.51482896832172, 14.646016302219788], [-90.51483541080064, 14.645975174371689]]]}}, {"id": "911", "type": "Feature", "properties": {"kind": "a1", "value": 9.07903566234745, "building_uid": 502}, "geometry": {"type": "MultiLineString", "coordinates": [[[-90.51361808263431, 14.645848623924142], [-90.51363102416657, 14.645767582209322]], [[-90.51364305412648, 14.645852403929661], [-90.51359311114344, 14.645844843916063]], [[-90.51365599565023, 14.645771362212074], [-90.5136060526842, 14.645763802204032]]]}}, {"id": "912", "type": "Feature", "properties": {"kind": "a1", "value": 9.670386425367086, "building_uid": 762}, "geometry": {"type": "MultiLineString", "coordinates": [[[-90.51462263711291, 14.645150039071078], [-90.51463772011037, 14.645063924820453]], [[-90.51464917152673, 14.64515444457718], [-90.51459610270064, 14.645145633562125]], [[-90.51466425451468, 14.645068330323278], [-90.5146111857076, 14.645059519314765]]]}}, {"id": "913", "type": "Feature", "properties": {"kind": "a1", "value": 11.234906368053029, "building_uid": 503}, "geometry": {"type": "MultiLineString", "coordinates": [[[-90.51367933671851, 14.645559979866656], [-90.51366250294326, 14.645660138161452]], [[-90.51364847485071, 14.645555062997815], [-90.51371019858836, 14.645564896731619]], [[-90.51363164106253, 14.645655221288262], [-90.51369336482603, 14.64566505503076]]]}}, {"id": "914", "type": "Feature", "properties": {"kind": "a1", "value": 6.893242560559883, "building_uid": 504}, "geometry": {"type": "MultiLineString", "coordinates": [[[-90.51367061641663, 14.645517024842166], [-90.51366170507193, 14.645578687475714]], [[-90.51365161625615, 14.645514421984117], [-90.51368961657784, 14.64551962769873]], [[-90.51364270490646, 14.645576084616124], [-90.51368070523809, 14.645581290333814]]]}}, {"id": "915", "type": "Feature", "properties": {"kind": "a1", "value": 6.354829025221989, "building_uid": 505}, "geometry": {"type": "MultiLineString", "coordinates": [[[-90.51356431927167, 14.645300218768053], [-90.51355676866172, 14.645357152393165]], [[-90.51354677628218, 14.64529801335612], [-90.51358186226172, 14.645302424178718]], [[-90.51353922566797, 14.645354946979966], [-90.51357431165604, 14.64535935780509]]]}}, {"id": "916", "type": "Feature", "properties": {"kind": "a1", "value": 8.899397725239396, "building_uid": 506}, "geometry": {"type": "MultiLineString", "coordinates": [[[-90.51381672230332, 14.64514274444028], [-90.51380489966114, 14.645222308739422]], [[-90.51379220612958, 14.645139291234058], [-90.51384123847824, 14.64514619764403]], [[-90.51378038347914, 14.645218855530615], [-90.51382941584433, 14.645225761945767]]]}}, {"id": "917", "type": "Feature", "properties": {"kind": "a1", "value": 15.884792049867889, "building_uid": 507}, "geometry": {"type": "MultiLineString", "coordinates": [[[-90.51366520900993, 14.644844326002755], [-90.51368441346146, 14.644702054295713]], [[-90.51370904717862, 14.644849935329098], [-90.51362137084483, 14.644838716668497]], [[-90.51372825160352, 14.644707663614117], [-90.51364057532298, 14.644696444969393]]]}}, {"id": "918", "type": "Feature", "properties": {"kind": "a1", "value": 7.951644837623463, "building_uid": 508}, "geometry": {"type": "MultiLineString", "coordinates": [[[-90.51332297580335, 14.64471872146632], [-90.51339609881121, 14.644728269181934]], [[-90.51332003386447, 14.644740079581439], [-90.5133259177413, 14.644697363351032]], [[-90.51339315687899, 14.644749627299056], [-90.51339904074251, 14.644706911064638]]]}}, {"id": "919", "type": "Feature", "properties": {"kind": "a1", "value": 13.864432459115049, "building_uid": 509}, "geometry": {"type": "MultiLineString", "coordinates": [[[-90.51239542030108, 14.64454281009391], [-90.5125226516727, 14.644561280957246]], [[-90.5123897288719, 14.64457997246453], [-90.51240111172733, 14.644505647722745]], [[-90.51251696026347, 14.644598443334225], [-90.51252834307898, 14.64452411857971]]]}}, {"id": "920", "type": "Feature", "properties": {"kind": "a1", "value": 15.06410027493257, "building_uid": 510}, "geometry": {"type": "MultiLineString", "coordinates": [[[-90.51215911704837, 14.644580513195145], [-90.51229765125699, 14.644598560704644]], [[-90.51215355606391, 14.644620976947373], [-90.51216467802959, 14.644540049442336]], [[-90.5122920902964, 14.644639024464066], [-90.51230321221429, 14.644558096944646]]]}}, {"id": "921", "type": "Feature", "properties": {"kind": "a1", "value": 12.356608550423266, "building_uid": 511}, "geometry": {"type": "MultiLineString", "coordinates": [[[-90.51253987975718, 14.644615592707366], [-90.51242666226145, 14.644598014432216]], [[-90.51254529613448, 14.644582523581636], [-90.51253446337745, 14.64464866183263]], [[-90.51243207865443, 14.644564945311679], [-90.51242124586602, 14.64463108355228]]]}}, {"id": "922", "type": "Feature", "properties": {"kind": "a1", "value": 12.406068763462825, "building_uid": 512}, "geometry": {"type": "MultiLineString", "coordinates": [[[-90.51243213980082, 14.64477159530296], [-90.51254603113134, 14.644787840168107]], [[-90.51242713426436, 14.644804861213526], [-90.51243714533499, 14.644738329391974]], [[-90.51254102561087, 14.644821106083725], [-90.51255103664946, 14.644754574252051]]]}}, {"id": "923", "type": "Feature", "properties": {"kind": "a1", "value": 13.502536878339017, "building_uid": 513}, "geometry": {"type": "MultiLineString", "coordinates": [[[-90.51273634492621, 14.644631408873334], [-90.51261216243321, 14.64461529674514]], [[-90.51274130953881, 14.644595137039774], [-90.512731380311, 14.644667680706426]], [[-90.51261712706501, 14.644579024917347], [-90.5126071977988, 14.644651568572467]]]}}, {"id": "924", "type": "Feature", "properties": {"kind": "a1", "value": 9.500375217706255, "building_uid": 514}, "geometry": {"type": "MultiLineString", "coordinates": [[[-90.512679814621, 14.644759840918471], [-90.51269254428672, 14.644674919071694]], [[-90.51270598157186, 14.644763559060017], [-90.51265364767148, 14.644756122774119]], [[-90.51271871122819, 14.644678637210271], [-90.51266637734662, 14.6446712009303]]]}}, {"id": "925", "type": "Feature", "properties": {"kind": "a1", "value": 8.143787049678687, "building_uid": 515}, "geometry": {"type": "MultiLineString", "coordinates": [[[-90.51272132896784, 14.64476574797977], [-90.51271041599101, 14.644838543428337]], [[-90.51269889852131, 14.64476256046676], [-90.51274375941539, 14.644768935490715]], [[-90.51268798553755, 14.644835355913148], [-90.51273284644545, 14.644841730941458]]]}}, {"id": "926", "type": "Feature", "properties": {"kind": "a1", "value": 8.633928915999734, "building_uid": 847}, "geometry": {"type": "MultiLineString", "coordinates": [[[-90.51398056298724, 14.646842326827194], [-90.51396761037014, 14.646919295085134]], [[-90.51395684654636, 14.64683854360297], [-90.51400427942933, 14.646846110049127]], [[-90.51394389392165, 14.646915511858339], [-90.51399132681985, 14.646923078309639]]]}}, {"id": "927", "type": "Feature", "properties": {"kind": "a1", "value": 16.32994323881961, "building_uid": 516}, "geometry": {"type": "MultiLineString", "coordinates": [[[-90.51221088396979, 14.644771268471972], [-90.51223127198956, 14.644625093889736]], [[-90.5122559247159, 14.644777223502608], [-90.51216584322754, 14.644765313432988]], [[-90.51227631270763, 14.644631048911867], [-90.51218623127534, 14.644619138859255]]]}}, {"id": "928", "type": "Feature", "properties": {"kind": "a1", "value": 16.517286766474662, "building_uid": 517}, "geometry": {"type": "MultiLineString", "coordinates": [[[-90.51260039102483, 14.644973326085166], [-90.51262200924474, 14.644825609457099]], [[-90.51264590696371, 14.644979640432783], [-90.51255487509002, 14.644967011729042]], [[-90.51266752515511, 14.644831923795852], [-90.51257649333841, 14.644819295109839]]]}}, {"id": "929", "type": "Feature", "properties": {"kind": "a1", "value": 17.154115254953403, "building_uid": 518}, "geometry": {"type": "MultiLineString", "coordinates": [[[-90.51217926935968, 14.645052245862708], [-90.51219820002733, 14.644898384519168]], [[-90.51222667868763, 14.64505777521561], [-90.51213186003568, 14.645046716500499]], [[-90.51224560932393, 14.644903913863141], [-90.51215079073471, 14.644892855165894]]]}}, {"id": "930", "type": "Feature", "properties": {"kind": "a1", "value": 12.04584702628199, "building_uid": 519}, "geometry": {"type": "MultiLineString", "coordinates": [[[-90.5120731593746, 14.645075105537629], [-90.51218383215027, 14.645090280562872]], [[-90.51206848348166, 14.645107431312596], [-90.51207783526539, 14.645042779762269]], [[-90.51217915627252, 14.645122606342532], [-90.51218850802589, 14.645057954782816]]]}}, {"id": "931", "type": "Feature", "properties": {"kind": "a1", "value": 8.58504674397409, "building_uid": 521}, "geometry": {"type": "MultiLineString", "coordinates": [[[-90.51226872559323, 14.645376503702101], [-90.51218975539453, 14.645366358545349]], [[-90.51227185162264, 14.645353437778326], [-90.51226559956277, 14.645399569625692]], [[-90.5121928814317, 14.645343292623895], [-90.5121866293563, 14.645389424466618]]]}}, {"id": "932", "type": "Feature", "properties": {"kind": "a1", "value": 8.644356229444346, "building_uid": 522}, "geometry": {"type": "MultiLineString", "coordinates": [[[-90.51207245784079, 14.645513586333898], [-90.5120609549205, 14.645590867666895]], [[-90.51204864507737, 14.645510226519104], [-90.51209627060531, 14.645516946146369]], [[-90.5120371421493, 14.645587507849656], [-90.51208476769283, 14.645594227481805]]]}}, {"id": "933", "type": "Feature", "properties": {"kind": "a1", "value": 8.055070135917047, "building_uid": 523}, "geometry": {"type": "MultiLineString", "coordinates": [[[-90.51256467257372, 14.645638273428132], [-90.5126384278771, 14.645650031697203]], [[-90.5125610494821, 14.645659816135414], [-90.51256829566424, 14.645616730720642]], [[-90.51263480479216, 14.645671574406721], [-90.51264205096102, 14.645628488987478]]]}}, {"id": "934", "type": "Feature", "properties": {"kind": "a1", "value": 11.932807657227388, "building_uid": 524}, "geometry": {"type": "MultiLineString", "coordinates": [[[-90.51256211068574, 14.64550689776775], [-90.5124528494192, 14.645489478999062]], [[-90.51256747793711, 14.645474984328422], [-90.51255674343209, 14.645538811206618]], [[-90.51245821668515, 14.645457565564646], [-90.51244748215099, 14.64552139243303]]]}}, {"id": "935", "type": "Feature", "properties": {"kind": "a1", "value": 4.582903253962286, "building_uid": 525}, "geometry": {"type": "MultiLineString", "coordinates": [[[-90.51241818746479, 14.645588958283714], [-90.51237609377966, 14.64558309954538]], [[-90.51241999272223, 14.645576663408393], [-90.51241638220705, 14.645601253158969]], [[-90.5123778990393, 14.645570804670742], [-90.51237428851974, 14.645595394419956]]]}}, {"id": "936", "type": "Feature", "properties": {"kind": "a1", "value": 19.036762522958533, "building_uid": 697}, "geometry": {"type": "MultiLineString", "coordinates": [[[-90.51268254626262, 14.646278178460015], [-90.5127123003178, 14.646108667727177]], [[-90.51273477793596, 14.64628686910789], [-90.5126303145953, 14.646269487801042]], [[-90.51276453195433, 14.646117358362343], [-90.51266006868728, 14.646099977080917]]]}}, {"id": "937", "type": "Feature", "properties": {"kind": "a1", "value": 10.090422799694352, "building_uid": 698}, "geometry": {"type": "MultiLineString", "coordinates": [[[-90.51262524073825, 14.64633624764164], [-90.5127178971607, 14.646349308395996]], [[-90.51262121629529, 14.646363310966372], [-90.51262926517968, 14.646309184316632]], [[-90.51271387272836, 14.646376371724052], [-90.5127219215915, 14.646322245067658]]]}}, {"id": "938", "type": "Feature", "properties": {"kind": "a1", "value": 25.88460110538144, "building_uid": 699}, "geometry": {"type": "MultiLineString", "coordinates": [[[-90.51247783024135, 14.645773388403013], [-90.51243915539442, 14.646004164734835]], [[-90.51240672084819, 14.645762092131623], [-90.51254893964531, 14.645784684653774]], [[-90.51236804593266, 14.645992868440398], [-90.51251026486699, 14.646015461008636]]]}}, {"id": "939", "type": "Feature", "properties": {"kind": "a1", "value": 8.418546539246513, "building_uid": 700}, "geometry": {"type": "MultiLineString", "coordinates": [[[-90.51222298655168, 14.64581052959891], [-90.51223515899046, 14.645735409936803]], [[-90.51224613326971, 14.645814084965645], [-90.51219983983475, 14.64580697422998]], [[-90.51225830570121, 14.645738965301135], [-90.51221201228083, 14.64573185457028]]]}}, {"id": "940", "type": "Feature", "properties": {"kind": "a1", "value": 0.6338427080772817, "building_uid": 310}, "geometry": {"type": "MultiLineString", "coordinates": [[[-90.51306501031112, 14.64406052832447], [-90.51306582102217, 14.644054857181663]], [[-90.51306675775352, 14.64406076512153], [-90.51306326286876, 14.644060291527387]], [[-90.5130675684645, 14.644055093978714], [-90.51306407357983, 14.6440546203846]]]}}, {"id": "941", "type": "Feature", "properties": {"kind": "a1", "value": 10.585798341082409, "building_uid": 702}, "geometry": {"type": "MultiLineString", "coordinates": [[[-90.51194864050161, 14.645845902871283], [-90.51204603557379, 14.645858259314348]], [[-90.51194483308751, 14.645874350337403], [-90.51195244791413, 14.64581745540488]], [[-90.51204222817152, 14.645886706783985], [-90.51204984297446, 14.645829811844433]]]}}, {"id": "942", "type": "Feature", "properties": {"kind": "a1", "value": 14.145833072136156, "building_uid": 703}, "geometry": {"type": "MultiLineString", "coordinates": [[[-90.51423306147815, 14.646110057629292], [-90.51410305812895, 14.646092486979187]], [[-90.51423847554041, 14.646072085870362], [-90.51422764741294, 14.646148029387685]], [[-90.51410847221221, 14.646054515226698], [-90.51409764404278, 14.646130458731148]]]}}, {"id": "943", "type": "Feature", "properties": {"kind": "a1", "value": 7.688484106794931, "building_uid": 704}, "geometry": {"type": "MultiLineString", "coordinates": [[[-90.51400945062306, 14.646067477537684], [-90.51408001889105, 14.646077642625903]], [[-90.51400631843407, 14.646088089323834], [-90.51401258281115, 14.646046865751368]], [[-90.51407688670821, 14.646098254414008], [-90.514083151073, 14.646057030837639]]]}}, {"id": "944", "type": "Feature", "properties": {"kind": "a1", "value": 11.867192625692294, "building_uid": 705}, "geometry": {"type": "MultiLineString", "coordinates": [[[-90.51348561524398, 14.64604145526394], [-90.51350158796166, 14.645935387086393]], [[-90.51351829820284, 14.646046120624218], [-90.51345293228727, 14.646036789899272]], [[-90.51353427090585, 14.645940052442045], [-90.5134689050196, 14.645930721726362]]]}}, {"id": "945", "type": "Feature", "properties": {"kind": "a1", "value": 13.132835325578057, "building_uid": 706}, "geometry": {"type": "MultiLineString", "coordinates": [[[-90.51354834584464, 14.646050435520706], [-90.51353066923114, 14.646167815876034]], [[-90.51351217724559, 14.646045272484482], [-90.51358451444632, 14.646055598551557]], [[-90.51349450061413, 14.646162652834137], [-90.51356683785077, 14.646172978912553]]]}}, {"id": "946", "type": "Feature", "properties": {"kind": "a1", "value": 16.86091521254275, "building_uid": 746}, "geometry": {"type": "MultiLineString", "coordinates": [[[-90.51461606951831, 14.64317963054058], [-90.51446110715352, 14.643158749474377]], [[-90.51462250353256, 14.643134368065642], [-90.5146096354999, 14.64322489301477]], [[-90.5144675411976, 14.643113487008561], [-90.5144546731053, 14.643204011939439]]]}}, {"id": "947", "type": "Feature", "properties": {"kind": "a1", "value": 16.456032922724262, "building_uid": 747}, "geometry": {"type": "MultiLineString", "coordinates": [[[-90.51427766014486, 14.643379842022306], [-90.51442886016139, 14.643400510529386]], [[-90.51427129158628, 14.643424005510035], [-90.51428402869945, 14.643335678533852]], [[-90.51442249163117, 14.643444674025865], [-90.51443522868766, 14.643356347032187]]]}}, {"id": "948", "type": "Feature", "properties": {"kind": "a1", "value": 7.483741065952926, "building_uid": 748}, "geometry": {"type": "MultiLineString", "coordinates": [[[-90.51428305775728, 14.643352407593197], [-90.51435179363784, 14.643361983057329]], [[-90.51428010728732, 14.643372484422057], [-90.5142860082264, 14.64333233076418]], [[-90.51434884317374, 14.643382059888019], [-90.51435474410113, 14.643341906226492]]]}}, {"id": "949", "type": "Feature", "properties": {"kind": "a1", "value": 19.666990202604484, "building_uid": 749}, "geometry": {"type": "MultiLineString", "coordinates": [[[-90.51392409276372, 14.64312540842971], [-90.51395129374613, 14.642949731822169]], [[-90.51397822355202, 14.64313335348442], [-90.51386996198136, 14.643117463363003]], [[-90.51400542449434, 14.642957676864013], [-90.51389716300386, 14.642941786768318]]]}}, {"id": "950", "type": "Feature", "properties": {"kind": "a1", "value": 13.801705220248552, "building_uid": 751}, "geometry": {"type": "MultiLineString", "coordinates": [[[-90.5155869484127, 14.643322145339239], [-90.51546017515028, 14.643304545469238]], [[-90.51559237140931, 14.643285116556822], [-90.51558152541324, 14.643359174121134]], [[-90.51546559816678, 14.64326751669301], [-90.51545475213092, 14.643341574244943]]]}}, {"id": "951", "type": "Feature", "properties": {"kind": "a1", "value": 8.52770716813393, "building_uid": 752}, "geometry": {"type": "MultiLineString", "coordinates": [[[-90.51540697163051, 14.643445197574744], [-90.51539496314997, 14.643521340228501]], [[-90.5153835099534, 14.643441690060595], [-90.51543043330875, 14.643448705086643]], [[-90.51537150146535, 14.643517832711918], [-90.51541842483573, 14.643524847742839]]]}}, {"id": "952", "type": "Feature", "properties": {"kind": "a1", "value": 15.26993694806474, "building_uid": 753}, "geometry": {"type": "MultiLineString", "coordinates": [[[-90.51505717405195, 14.643396619046253], [-90.515034571051, 14.643532793243466]], [[-90.51501521499023, 14.643390017016168], [-90.51509913311739, 14.643403221069144]], [[-90.51499261196538, 14.643526191205396], [-90.51507653014036, 14.643539395274344]]]}}, {"id": "953", "type": "Feature", "properties": {"kind": "a1", "value": 12.855659971246498, "building_uid": 754}, "geometry": {"type": "MultiLineString", "coordinates": [[[-90.51506836793597, 14.643723691332594], [-90.51518659732463, 14.643739057301028]], [[-90.51506363323597, 14.643758224490606], [-90.5150731026336, 14.643689158174162]], [[-90.51518186264205, 14.64377359046427], [-90.51519133200485, 14.643704524137377]]]}}, {"id": "954", "type": "Feature", "properties": {"kind": "a1", "value": 13.2229651279049, "building_uid": 757}, "geometry": {"type": "MultiLineString", "coordinates": [[[-90.51528141480733, 14.643747181754785], [-90.51515995993846, 14.643730301597941]], [[-90.51528661605151, 14.643711706474157], [-90.51527621356054, 14.643782657034933]], [[-90.51516516120091, 14.643694826322994], [-90.51515475867342, 14.643765776872408]]]}}, {"id": "955", "type": "Feature", "properties": {"kind": "a1", "value": 6.925949664087966, "building_uid": 1305}, "geometry": {"type": "MultiLineString", "coordinates": [[[-90.51539392929197, 14.644197777948342], [-90.51538630910434, 14.64425990207513]], [[-90.5153747870478, 14.644195552202545], [-90.5154130715368, 14.644200003692621]], [[-90.51536716685504, 14.644257676327886], [-90.51540545135428, 14.644262127820861]]]}}, {"id": "956", "type": "Feature", "properties": {"kind": "a1", "value": 10.919862456592252, "building_uid": 758}, "geometry": {"type": "MultiLineString", "coordinates": [[[-90.51537111104828, 14.643792436945374], [-90.51538542869213, 14.643694782282191]], [[-90.51540120122483, 14.643796618929935], [-90.51534102087352, 14.643788254957085]], [[-90.51541551885622, 14.643698964262882], [-90.51535533852982, 14.643690600297775]]]}}, {"id": "957", "type": "Feature", "properties": {"kind": "a1", "value": 6.940517498529516, "building_uid": 759}, "geometry": {"type": "MultiLineString", "coordinates": [[[-90.51483657214847, 14.644901495465767], [-90.5147726615542, 14.644893810035922]], [[-90.51483894025696, 14.644882828169392], [-90.51483420403933, 14.64492016276203]], [[-90.51477502966782, 14.644875142741023], [-90.51477029343995, 14.644912477330708]]]}}, {"id": "958", "type": "Feature", "properties": {"kind": "a1", "value": 11.369732454186305, "building_uid": 760}, "geometry": {"type": "MultiLineString", "coordinates": [[[-90.51445065727795, 14.644943608657453], [-90.51446543220125, 14.644841912600832]], [[-90.51448199288924, 14.64494792418408], [-90.51441932166858, 14.644939293126786]], [[-90.51449676779902, 14.644846228123274], [-90.5144340966054, 14.644837597074357]]]}}, {"id": "959", "type": "Feature", "properties": {"kind": "a1", "value": 14.774061376461761, "building_uid": 766}, "geometry": {"type": "MultiLineString", "coordinates": [[[-90.51411750550028, 14.64587706430111], [-90.51425318676334, 14.645896073136372]], [[-90.51411164826841, 14.645916694513552], [-90.5141233627289, 14.645837434088063]], [[-90.51424732955425, 14.645935703355937], [-90.51425904396918, 14.64585644291621]]]}}, {"id": "960", "type": "Feature", "properties": {"kind": "a1", "value": 10.161889296049086, "building_uid": 767}, "geometry": {"type": "MultiLineString", "coordinates": [[[-90.51424141945036, 14.645615668030278], [-90.5142312168975, 14.645706926360232]], [[-90.51421329992968, 14.645612688032847], [-90.51426953897236, 14.645618648024419]], [[-90.51420309736571, 14.645703946359776], [-90.5142593364306, 14.645709906357398]]]}}, {"id": "961", "type": "Feature", "properties": {"kind": "a1", "value": 8.280466270400213, "building_uid": 768}, "geometry": {"type": "MultiLineString", "coordinates": [[[-90.51430121552647, 14.645273995422215], [-90.51431099989165, 14.645199802959135]], [[-90.51432407648885, 14.645276853279384], [-90.51427835456506, 14.64527113756289]], [[-90.51433386084676, 14.645202660814167], [-90.5142881389375, 14.645196945101949]]]}}, {"id": "962", "type": "Feature", "properties": {"kind": "a1", "value": 12.338227905333042, "building_uid": 769}, "geometry": {"type": "MultiLineString", "coordinates": [[[-90.51435740574541, 14.645268052218066], [-90.51434286592415, 14.64537860687992]], [[-90.51432334048141, 14.645263805369597], [-90.51439147101155, 14.64527229906174]], [[-90.51430880064403, 14.645374360026713], [-90.5143769312064, 14.645382853728334]]]}}, {"id": "963", "type": "Feature", "properties": {"kind": "a1", "value": 13.334814020432532, "building_uid": 771}, "geometry": {"type": "MultiLineString", "coordinates": [[[-90.51336395407372, 14.646283254746576], [-90.51338284272914, 14.646164206938792]], [[-90.51340063650801, 14.646288771796977], [-90.51332727164218, 14.646277737690674]], [[-90.51341952514507, 14.646169723983219], [-90.51334616031598, 14.646158689888855]]]}}, {"id": "964", "type": "Feature", "properties": {"kind": "a1", "value": 17.79449166230061, "building_uid": 772}, "geometry": {"type": "MultiLineString", "coordinates": [[[-90.51344428901757, 14.6465641399174], [-90.51346977463365, 14.646405320237351]], [[-90.51349322650051, 14.646571583817355], [-90.51339535153961, 14.64655669600765]], [[-90.51351871208394, 14.646412764126618], [-90.51342083718835, 14.646397876338296]]]}}, {"id": "965", "type": "Feature", "properties": {"kind": "a1", "value": 7.32281761826016, "building_uid": 842}, "geometry": {"type": "MultiLineString", "coordinates": [[[-90.5137149249545, 14.64684053945047], [-90.51378229655344, 14.64684910708556]], [[-90.51371228498228, 14.64686021747409], [-90.51371756492594, 14.646820861426713]], [[-90.5137796565869, 14.646868785110861], [-90.51378493651923, 14.646829429060116]]]}}, {"id": "966", "type": "Feature", "properties": {"kind": "a1", "value": 11.256913435063325, "building_uid": 843}, "geometry": {"type": "MultiLineString", "coordinates": [[[-90.51395245536183, 14.646657056033707], [-90.51384910868255, 14.646642342156573]], [[-90.51395698917769, 14.646626870309955], [-90.51394792154406, 14.646687241757107]], [[-90.51385364251159, 14.64661215643698], [-90.51384457485159, 14.64667252787581]]]}}, {"id": "967", "type": "Feature", "properties": {"kind": "a1", "value": 12.341215283959173, "building_uid": 844}, "geometry": {"type": "MultiLineString", "coordinates": [[[-90.51365334537303, 14.646802515716095], [-90.51376667826837, 14.646818435969427]], [[-90.51364843981321, 14.646835618205891], [-90.51365825093056, 14.646769413225888]], [[-90.51376177272444, 14.646851538464196], [-90.51377158381001, 14.64678533347424]]]}}, {"id": "968", "type": "Feature", "properties": {"kind": "a1", "value": 12.190820747520775, "building_uid": 845}, "geometry": {"type": "MultiLineString", "coordinates": [[[-90.51396407822392, 14.646741987574158], [-90.51398128748853, 14.646633143976697]], [[-90.51399761648592, 14.646747014092682], [-90.51393053996425, 14.646736961051042]], [[-90.51401482573516, 14.646638170490236], [-90.51394774924421, 14.646628117458564]]]}}, {"id": "969", "type": "Feature", "properties": {"kind": "a1", "value": 9.913088154280558, "building_uid": 520}, "geometry": {"type": "MultiLineString", "coordinates": [[[-90.5122088050539, 14.645318130681114], [-90.51222028710364, 14.645229281518526]], [[-90.51223618219838, 14.64532148440431], [-90.5121814279108, 14.645314776954821]], [[-90.51224766423769, 14.645232635238685], [-90.51219290997096, 14.645225927795275]]]}}, {"id": "970", "type": "Feature", "properties": {"kind": "a1", "value": 11.656018938985655, "building_uid": 914}, "geometry": {"type": "MultiLineString", "coordinates": [[[-90.5151218787051, 14.646332145804267], [-90.51501456956537, 14.64631905037187]], [[-90.51512591381893, 14.64630080266958], [-90.51511784358938, 14.646363488938627]], [[-90.51501860469362, 14.646287707241376], [-90.51501053443523, 14.646350393502038]]]}}, {"id": "971", "type": "Feature", "properties": {"kind": "a1", "value": 11.102135748486035, "building_uid": 915}, "geometry": {"type": "MultiLineString", "coordinates": [[[-90.51480364879004, 14.646388434856778], [-90.51470173039566, 14.64637387508864]], [[-90.51480813511452, 14.646358666272706], [-90.51479916246365, 14.646418203440499]], [[-90.514706216733, 14.646344106508623], [-90.51469724405646, 14.646403643668314]]]}}, {"id": "972", "type": "Feature", "properties": {"kind": "a1", "value": 7.0318733111489555, "building_uid": 916}, "geometry": {"type": "MultiLineString", "coordinates": [[[-90.51465120268257, 14.64632976194807], [-90.51471566270217, 14.646339581492594]], [[-90.51464817696346, 14.646348589596432], [-90.51465422840091, 14.646310934299564]], [[-90.51471263698816, 14.646358409142625], [-90.51471868841543, 14.64632075384241]]]}}, {"id": "973", "type": "Feature", "properties": {"kind": "a1", "value": 9.279815245186908, "building_uid": 918}, "geometry": {"type": "MultiLineString", "coordinates": [[[-90.5142488109876, 14.646268276884065], [-90.51423621814271, 14.64635120459022]], [[-90.51422325831334, 14.64626459873301], [-90.51427436366318, 14.646271955032443]], [[-90.51421066545949, 14.64634752643632], [-90.51426177082722, 14.646354882741438]]]}}, {"id": "974", "type": "Feature", "properties": {"kind": "a1", "value": 11.771276274887855, "building_uid": 919}, "geometry": {"type": "MultiLineString", "coordinates": [[[-90.51376677912042, 14.645974617427905], [-90.51375037164863, 14.64607974638]], [[-90.51373438557738, 14.645969825084462], [-90.5137991726656, 14.645979409767055]], [[-90.51371797809124, 14.646074954031937], [-90.51378276520815, 14.646084538723777]]]}}, {"id": "975", "type": "Feature", "properties": {"kind": "a1", "value": 7.9409828709598544, "building_uid": 1267}, "geometry": {"type": "MultiLineString", "coordinates": [[[-90.51413901225256, 14.644053181236476], [-90.51412897438871, 14.644124247197936]], [[-90.51411711478458, 14.644050249320856], [-90.51416090972145, 14.644056113150135]], [[-90.5141070769141, 14.644121315280294], [-90.51415087186423, 14.644127179113612]]]}}, {"id": "976", "type": "Feature", "properties": {"kind": "a1", "value": 16.86911493865773, "building_uid": 1268}, "geometry": {"type": "MultiLineString", "coordinates": [[[-90.5141097608994, 14.644058693762974], [-90.51413156587724, 14.643907792784427]], [[-90.5141562578361, 14.644065062686622], [-90.51406326396688, 14.644052324830438]], [[-90.51417806278417, 14.643914161698877], [-90.5140850689745, 14.64390142386109]]]}}, {"id": "977", "type": "Feature", "properties": {"kind": "a1", "value": 10.391962952213362, "building_uid": 1269}, "geometry": {"type": "MultiLineString", "coordinates": [[[-90.51441102907657, 14.643866760365157], [-90.5143964058252, 14.643959550178126]], [[-90.51438243788941, 14.643862489120446], [-90.51443962026542, 14.64387103160653]], [[-90.51436781462688, 14.643955278929793], [-90.51442499702522, 14.643963821423116]]]}}, {"id": "978", "type": "Feature", "properties": {"kind": "a1", "value": 8.812096288893372, "building_uid": 1271}, "geometry": {"type": "MultiLineString", "coordinates": [[[-90.51333899394338, 14.643381909090772], [-90.51332602548966, 14.643460505316297]], [[-90.5133147762594, 14.643378121180422], [-90.5133632116286, 14.643385696998715]], [[-90.51330180779772, 14.643456717403303], [-90.51335024318286, 14.643464293226897]]]}}, {"id": "979", "type": "Feature", "properties": {"kind": "a1", "value": 11.693546727064781, "building_uid": 1272}, "geometry": {"type": "MultiLineString", "coordinates": [[[-90.51224609292265, 14.644008897858836], [-90.51235364688227, 14.64402278524962]], [[-90.51224181381039, 14.644040312831656], [-90.51225037203295, 14.643977482885669]], [[-90.51234936778444, 14.644054200226755], [-90.51235792597816, 14.643991370272133]]]}}, {"id": "980", "type": "Feature", "properties": {"kind": "a1", "value": 6.659027093788608, "building_uid": 1297}, "geometry": {"type": "MultiLineString", "coordinates": [[[-90.51380973968098, 14.644531926796311], [-90.51374845777006, 14.64452427100372]], [[-90.51381209865355, 14.644514027267167], [-90.5138073807078, 14.644549826325344]], [[-90.51375081674732, 14.644506371475956], [-90.51374609879218, 14.644542170531372]]]}}, {"id": "981", "type": "Feature", "properties": {"kind": "a1", "value": 7.112974953488447, "building_uid": 1300}, "geometry": {"type": "MultiLineString", "coordinates": [[[-90.51533083033256, 14.644485591767301], [-90.51526539394773, 14.644477239995489]], [[-90.5153334037559, 14.644466478774309], [-90.5153282569085, 14.644504704760168]], [[-90.5152679673764, 14.644458127004086], [-90.51526282051833, 14.64449635298676]]]}}, {"id": "982", "type": "Feature", "properties": {"kind": "a1", "value": 7.867680075150863, "building_uid": 1302}, "geometry": {"type": "MultiLineString", "coordinates": [[[-90.51530924944853, 14.644369029779954], [-90.51529913672607, 14.64443941717348]], [[-90.51528756103522, 14.644366076003516], [-90.51533093786276, 14.644371983554455]], [[-90.51527744830629, 14.644436463395047], [-90.51532082514677, 14.644442370949973]]]}}, {"id": "983", "type": "Feature", "properties": {"kind": "a1", "value": 10.655615952546931, "building_uid": 1303}, "geometry": {"type": "MultiLineString", "coordinates": [[[-90.5153077036896, 14.644271631748769], [-90.51529614133764, 14.644367228722158]], [[-90.5152782474812, 14.64426825455558], [-90.5153371598995, 14.644275008938358]], [[-90.51526668511713, 14.644363851525553], [-90.51532559755967, 14.644370605915174]]]}}, {"id": "984", "type": "Feature", "properties": {"kind": "a1", "value": 25.87635609483223, "building_uid": 1405}, "geometry": {"type": "MultiLineString", "coordinates": [[[-90.51209057992462, 14.646386351484493], [-90.51205648765331, 14.646617736345076]], [[-90.51201928282296, 14.646376393733874], [-90.51216187703629, 14.64639630921424]], [[-90.51198519048175, 14.646607778572628], [-90.51212778483487, 14.646627694096644]]]}}, {"id": "985", "type": "Feature", "properties": {"kind": "a1", "value": 7.968967713182793, "building_uid": 1406}, "geometry": {"type": "MultiLineString", "coordinates": [[[-90.51199362341113, 14.646362897906279], [-90.51200317756849, 14.64629151393341]], [[-90.51201561910256, 14.646365688509357], [-90.51197162772061, 14.6463601073012]], [[-90.51202517325319, 14.646294304534502], [-90.51198118188466, 14.64628872333032]]]}}, {"id": "986", "type": "Feature", "properties": {"kind": "a1", "value": 12.311143683825621, "building_uid": 1408}, "geometry": {"type": "MultiLineString", "coordinates": [[[-90.51207163781704, 14.646033213720523], [-90.5120561206673, 14.646143395242202]], [[-90.51203768740893, 14.64602868142618], [-90.51210558822737, 14.646037746010123]], [[-90.51202217024327, 14.646138862943008], [-90.51209007109352, 14.646147927536658]]]}}, {"id": "987", "type": "Feature", "properties": {"kind": "a1", "value": 13.331969144754114, "building_uid": 1409}, "geometry": {"type": "MultiLineString", "coordinates": [[[-90.51215883671425, 14.646141541697498], [-90.51214102831108, 14.646260721149273]], [[-90.51212211374124, 14.646136340169976], [-90.51219555968994, 14.646146743219493]], [[-90.51210430531955, 14.646255519615924], [-90.51217775130529, 14.646265922677095]]]}}, {"id": "988", "type": "Feature", "properties": {"kind": "a1", "value": 9.657898841134376, "building_uid": 1410}, "geometry": {"type": "MultiLineString", "coordinates": [[[-90.51339605398589, 14.646645103592338], [-90.51340902470211, 14.646558777892274]], [[-90.51342265373736, 14.646648892108097], [-90.51336945423581, 14.64664131507369]], [[-90.51343562444389, 14.646562566404956], [-90.51338242496175, 14.64655498937668]]]}}, {"id": "989", "type": "Feature", "properties": {"kind": "a1", "value": 9.179718701401725, "building_uid": 1411}, "geometry": {"type": "MultiLineString", "coordinates": [[[-90.51336900022588, 14.64683615159259], [-90.51338223117564, 14.64675423337979]], [[-90.51339424190967, 14.646840016114531], [-90.51334375854341, 14.64683228706805]], [[-90.51340747285076, 14.646758097898879], [-90.51335698950186, 14.646750368858102]]]}}, {"id": "990", "type": "Feature", "properties": {"kind": "a1", "value": 8.857221254510806, "building_uid": 1412}, "geometry": {"type": "MultiLineString", "coordinates": [[[-90.51392078029886, 14.646403867496943], [-90.51393378770206, 14.646324864462233]], [[-90.51394512367222, 14.64640766673253], [-90.51389643692676, 14.646400068258947]], [[-90.51395813106735, 14.646328663695138], [-90.51390944433803, 14.646321065226903]]]}}, {"id": "991", "type": "Feature", "properties": {"kind": "a1", "value": 8.964207254390551, "building_uid": 1413}, "geometry": {"type": "MultiLineString", "coordinates": [[[-90.51413469485952, 14.64643725183396], [-90.51412153109752, 14.646517209273238]], [[-90.51411005740009, 14.646433406930958], [-90.51415933232023, 14.646441096734474]], [[-90.51409689362981, 14.646513364367495], [-90.51414616856647, 14.646521054176501]]]}}, {"id": "992", "type": "Feature", "properties": {"kind": "a1", "value": 14.913477763026158, "building_uid": 1414}, "geometry": {"type": "MultiLineString", "coordinates": [[[-90.51401784398959, 14.64663736312909], [-90.5140389064071, 14.646504212215845]], [[-90.51405887210859, 14.646643515088059], [-90.51397681587407, 14.646631211163234]], [[-90.5140799345031, 14.64651036416735], [-90.51399787831456, 14.646498060257455]]]}}, {"id": "993", "type": "Feature", "properties": {"kind": "a1", "value": 14.575910665444098, "building_uid": 1426}, "geometry": {"type": "MultiLineString", "coordinates": [[[-90.5128645184582, 14.644757393903484], [-90.5129982252304, 14.644777161257565]], [[-90.51285842753474, 14.644796447602221], [-90.51287060937838, 14.644718340204138]], [[-90.51299213432894, 14.64481621496338], [-90.51300431612859, 14.644738107551131]]]}}, {"id": "994", "type": "Feature", "properties": {"kind": "a1", "value": 14.614693883573636, "building_uid": 1428}, "geometry": {"type": "MultiLineString", "coordinates": [[[-90.51335459610566, 14.645216676516688], [-90.51333206048933, 14.645346862188424]], [[-90.51331448193822, 14.645210094224014], [-90.51339471027663, 14.645223258802806]], [[-90.51329194630013, 14.645340279888304], [-90.51337217468205, 14.64535344448199]]]}}, {"id": "995", "type": "Feature", "properties": {"kind": "a1", "value": 13.564886200940236, "building_uid": 1429}, "geometry": {"type": "MultiLineString", "coordinates": [[[-90.51335429882639, 14.645236049761145], [-90.51337560973259, 14.64511528092013]], [[-90.51339151138603, 14.64524227433949], [-90.51331708626977, 14.645229825177156]], [[-90.5134128222736, 14.645121505492016], [-90.51333839719466, 14.645109056342617]]]}}, {"id": "996", "type": "Feature", "properties": {"kind": "a1", "value": 7.375992010114714, "building_uid": 1430}, "geometry": {"type": "MultiLineString", "coordinates": [[[-90.51295536963988, 14.64522911636392], [-90.51294560754904, 14.645295065909593]], [[-90.51293504857648, 14.645226265013099], [-90.51297569070408, 14.645231967713054]], [[-90.51292528647997, 14.645292214556992], [-90.51296592861893, 14.645297917260494]]]}}, {"id": "997", "type": "Feature", "properties": {"kind": "a1", "value": 4.390918755205348, "building_uid": 763}, "geometry": {"type": "MultiLineString", "coordinates": [[[-90.51467014617351, 14.645180070454368], [-90.5146760553461, 14.645140824566134]], [[-90.51468223902425, 14.645181796430158], [-90.51465805332309, 14.64517834447798]], [[-90.51468814819482, 14.645142550541284], [-90.51466396249768, 14.645139098590377]]]}}, {"id": "998", "type": "Feature", "properties": {"kind": "a1", "value": 6.644263762747868, "building_uid": 1431}, "geometry": {"type": "MultiLineString", "coordinates": [[[-90.51265496425157, 14.645338425676863], [-90.51264657327054, 14.645397887929413]], [[-90.51263664211147, 14.64533597480649], [-90.51267328639229, 14.645340876545847]], [[-90.51262825112582, 14.645395437057639], [-90.51266489541591, 14.645400338799815]]]}}, {"id": "999", "type": "Feature", "properties": {"kind": "a1", "value": 7.05609720980283, "building_uid": 1542}, "geometry": {"type": "MultiLineString", "coordinates": [[[-90.51502164629528, 14.64496267305974], [-90.51495673231571, 14.644954393421276]], [[-90.51502419749788, 14.644943712695325], [-90.51501909509197, 14.644981633424022]], [[-90.51495928352357, 14.644935433058434], [-90.51495418110714, 14.644973353784003]]]}}, {"id": "1000", "type": "Feature", "properties": {"kind": "a1", "value": 9.286918120458722, "building_uid": 1543}, "geometry": {"type": "MultiLineString", "coordinates": [[[-90.51510826476806, 14.64492184466903], [-90.51509613802148, 14.645004903059103]], [[-90.51508267198504, 14.644918302635139], [-90.51513385755234, 14.64492538670023]], [[-90.51507054522945, 14.645001361022414], [-90.51512173081477, 14.645008445093099]]]}}, {"id": "1001", "type": "Feature", "properties": {"kind": "a1", "value": 5.978673913166858, "building_uid": 1544}, "geometry": {"type": "MultiLineString", "coordinates": [[[-90.51510423191775, 14.645260848026151], [-90.51504934003013, 14.645253057316184]], [[-90.51510663247093, 14.645244814981186], [-90.51510183136403, 14.645276881071007]], [[-90.51505174058704, 14.64523702427239], [-90.51504693947268, 14.64526909035988]]]}}, {"id": "1002", "type": "Feature", "properties": {"kind": "a1", "value": 8.176878666970879, "building_uid": 1545}, "geometry": {"type": "MultiLineString", "coordinates": [[[-90.51504795146992, 14.645248331361719], [-90.51503542701822, 14.645321183719053]], [[-90.51502550343805, 14.645244673169872], [-90.51507039950287, 14.645251989551518]], [[-90.51501297897954, 14.645317525524877], [-90.51505787505798, 14.645324841911178]]]}}, {"id": "1003", "type": "Feature", "properties": {"kind": "a1", "value": 10.486064492259175, "building_uid": 1546}, "geometry": {"type": "MultiLineString", "coordinates": [[[-90.51505167349588, 14.645531466619987], [-90.51506393974984, 14.645437496624432]], [[-90.51508062855414, 14.645535049393212], [-90.51502271843916, 14.645527883843297]], [[-90.51509289479645, 14.64544107939425], [-90.51503498470476, 14.645433913851154]]]}}, {"id": "1004", "type": "Feature", "properties": {"kind": "a1", "value": 11.762318663066251, "building_uid": 1549}, "geometry": {"type": "MultiLineString", "coordinates": [[[-90.51425021015523, 14.645355866151986], [-90.51423752577654, 14.645461400850143]], [[-90.51421769168196, 14.645352161249892], [-90.51428272863032, 14.64535957104971]], [[-90.5142050072885, 14.645457695943886], [-90.51427004426641, 14.64546510575202]]]}}, {"id": "1005", "type": "Feature", "properties": {"kind": "a1", "value": 5.955677815130913, "building_uid": 1551}, "geometry": {"type": "MultiLineString", "coordinates": [[[-90.51383081506579, 14.64587119441217], [-90.51377621227287, 14.645862929079955]], [[-90.51383336187175, 14.64585524585208], [-90.51382826825926, 14.645887142972155]], [[-90.51377875908251, 14.645846980521068], [-90.5137736654627, 14.645878877638747]]]}}, {"id": "1006", "type": "Feature", "properties": {"kind": "a1", "value": 8.035042442381384, "building_uid": 1552}, "geometry": {"type": "MultiLineString", "coordinates": [[[-90.51295062785357, 14.64564783008004], [-90.51287669761551, 14.645638477394062]], [[-90.51295350970261, 14.645626236274817], [-90.51294774600362, 14.645669423885108]], [[-90.51287957947137, 14.645616883590861], [-90.51287381575875, 14.645660071197101]]]}}, {"id": "1007", "type": "Feature", "properties": {"kind": "a1", "value": 5.91027273467935, "building_uid": 1553}, "geometry": {"type": "MultiLineString", "coordinates": [[[-90.51283688238384, 14.645563935446152], [-90.51278252004856, 14.645556922984023]], [[-90.5128390431382, 14.645548057097272], [-90.51283472162898, 14.645579813794946]], [[-90.5127846808066, 14.645541044636243], [-90.51278035929002, 14.645572801331708]]]}}, {"id": "1008", "type": "Feature", "properties": {"kind": "a1", "value": 13.891687122891366, "building_uid": 1554}, "geometry": {"type": "MultiLineString", "coordinates": [[[-90.51289312647069, 14.645511474664158], [-90.51291074032001, 14.645387161617057]], [[-90.512931431157, 14.645516619383942], [-90.51285482178722, 14.64550632993834]], [[-90.51294904498606, 14.645392306330649], [-90.51287243565676, 14.645382016897427]]]}}, {"id": "1009", "type": "Feature", "properties": {"kind": "a1", "value": 17.88353777700104, "building_uid": 1556}, "geometry": {"type": "MultiLineString", "coordinates": [[[-90.51290436771932, 14.644942174726795], [-90.51287898390731, 14.645101823814072]], [[-90.5128551750394, 14.644934760512797], [-90.51295356040423, 14.644949588930881]], [[-90.51282979119438, 14.645094409589325], [-90.51292817662524, 14.645109238028919]]]}}, {"id": "1010", "type": "Feature", "properties": {"kind": "a1", "value": 16.393583195608795, "building_uid": 1557}, "geometry": {"type": "MultiLineString", "coordinates": [[[-90.51301844718792, 14.644670347506501], [-90.51316816640717, 14.644696470155479]], [[-90.51301039800866, 14.644714078211557], [-90.51302649636258, 14.644626616800515]], [[-90.51316011725496, 14.644740200870155], [-90.5131762155548, 14.644652739439877]]]}}, {"id": "1011", "type": "Feature", "properties": {"kind": "a1", "value": 9.265598680009134, "building_uid": 1558}, "geometry": {"type": "MultiLineString", "coordinates": [[[-90.51323567100218, 14.644656793423824], [-90.51332066558403, 14.644669358932113]], [[-90.51323179919139, 14.644681619051243], [-90.51323954281163, 14.644631967796158]], [[-90.51331679378214, 14.644694184562395], [-90.51332453738459, 14.64464453330158]]]}}, {"id": "1012", "type": "Feature", "properties": {"kind": "a1", "value": 8.891586297164084, "building_uid": 1559}, "geometry": {"type": "MultiLineString", "coordinates": [[[-90.51321415104509, 14.644899020708381], [-90.51313275160761, 14.644885951972539]], [[-90.51321817790969, 14.64487524519027], [-90.51321012417922, 14.644922796226231]], [[-90.51313677848027, 14.644862176457158], [-90.51312872473366, 14.644909727487656]]]}}, {"id": "1013", "type": "Feature", "properties": {"kind": "a1", "value": 11.884072351269426, "building_uid": 2593}, "geometry": {"type": "MultiLineString", "coordinates": [[[-90.51545166925364, 14.643907371024069], [-90.51534234108182, 14.643893417022452]], [[-90.51545596887168, 14.643875437807461], [-90.5154473696336, 14.64393930424032]], [[-90.51534664071477, 14.64386148381028], [-90.51533804144687, 14.643925350234273]]]}}, {"id": "1014", "type": "Feature", "properties": {"kind": "a1", "value": 7.706483168178238, "building_uid": 2594}, "geometry": {"type": "MultiLineString", "coordinates": [[[-90.51526665983553, 14.644067154399456], [-90.51533761248099, 14.644075774077619]], [[-90.51526400386082, 14.644087878647296], [-90.51526931580943, 14.644046430151484]], [[-90.51533495651258, 14.644096498327286], [-90.51534026844858, 14.644055049827813]]]}}, {"id": "1015", "type": "Feature", "properties": {"kind": "a1", "value": 8.375887323880642, "building_uid": 2595}, "geometry": {"type": "MultiLineString", "coordinates": [[[-90.51502754497993, 14.64416378696302], [-90.51501741303359, 14.644238804721441]], [[-90.51500442983776, 14.644160827568765], [-90.51505066012307, 14.644166746355062]], [[-90.51499429788402, 14.644235845324985], [-90.51504052818413, 14.644241764115696]]]}}, {"id": "1016", "type": "Feature", "properties": {"kind": "a1", "value": 5.432959783724023, "building_uid": 2596}, "geometry": {"type": "MultiLineString", "coordinates": [[[-90.51527874216963, 14.644676514475421], [-90.51528658484955, 14.644628033465791]], [[-90.51529368060716, 14.644678805203501], [-90.51526380373254, 14.644674223746431]], [[-90.51530152328404, 14.644630324192873], [-90.51527164641551, 14.644625742737793]]]}}, {"id": "1017", "type": "Feature", "properties": {"kind": "a1", "value": 11.283380393870173, "building_uid": 2597}, "geometry": {"type": "MultiLineString", "coordinates": [[[-90.51411826611432, 14.644323262081354], [-90.51422188844232, 14.644337784187474]], [[-90.51411379142212, 14.64435352863684], [-90.5141227408046, 14.644292995525518]], [[-90.5142174137634, 14.644368050747113], [-90.51422636311932, 14.644307517627485]]]}}, {"id": "1018", "type": "Feature", "properties": {"kind": "a1", "value": 12.464158665155994, "building_uid": 2598}, "geometry": {"type": "MultiLineString", "coordinates": [[[-90.51420635758235, 14.644638685652287], [-90.51432019917192, 14.644658498392372]], [[-90.51420025268095, 14.644671937054113], [-90.5142124624811, 14.644605434249916]], [[-90.51431409428616, 14.644691749799753], [-90.51432630405502, 14.644625246984452]]]}}, {"id": "1019", "type": "Feature", "properties": {"kind": "a1", "value": 15.78366508311592, "building_uid": 2599}, "geometry": {"type": "MultiLineString", "coordinates": [[[-90.51426872857408, 14.644313290028512], [-90.5142493526904, 14.644454618180578]], [[-90.51422518125109, 14.644307630619334], [-90.51431227590065, 14.644318949429874]], [[-90.51420580534116, 14.644448958763515], [-90.51429290004319, 14.644460277589825]]]}}, {"id": "1020", "type": "Feature", "properties": {"kind": "a1", "value": 6.926410528231722, "building_uid": 2689}, "geometry": {"type": "MultiLineString", "coordinates": [[[-90.5145412548333, 14.64832541473484], [-90.51455001684293, 14.648263429316852]], [[-90.51456035470166, 14.648327973942129], [-90.51452215496566, 14.648322855526054]], [[-90.51456911670624, 14.648265988522605], [-90.51453091698032, 14.648260870109603]]]}}, {"id": "1021", "type": "Feature", "properties": {"kind": "a1", "value": 8.111515659606084, "building_uid": 2690}, "geometry": {"type": "MultiLineString", "coordinates": [[[-90.51459347065075, 14.648253726969813], [-90.51460557278006, 14.64818140517396]], [[-90.51461575551014, 14.648257261760419], [-90.51457118579245, 14.648250192177183]], [[-90.51462785763269, 14.648184939962311], [-90.51458328792847, 14.648177870383595]]]}}, {"id": "1022", "type": "Feature", "properties": {"kind": "a1", "value": 12.31784679075342, "building_uid": 2691}, "geometry": {"type": "MultiLineString", "coordinates": [[[-90.51474180018634, 14.648352298321544], [-90.51472621810595, 14.648462532496357]], [[-90.5147078331903, 14.648347747110828], [-90.51477576718457, 14.648356849527516]], [[-90.51469225109398, 14.648457981280776], [-90.51476018512011, 14.648467083707185]]]}}, {"id": "1023", "type": "Feature", "properties": {"kind": "a1", "value": 7.8135496575851, "building_uid": 2693}, "geometry": {"type": "MultiLineString", "coordinates": [[[-90.51461292755313, 14.648207358623015], [-90.51462960450377, 14.648138667856026]], [[-90.51463409356172, 14.648212229628887], [-90.51459176154579, 14.648202487615372]], [[-90.51465077050662, 14.648143538859417], [-90.51460843850214, 14.64813379685085]]]}}, {"id": "1024", "type": "Feature", "properties": {"kind": "a1", "value": 10.599823613198602, "building_uid": 2694}, "geometry": {"type": "MultiLineString", "coordinates": [[[-90.5148019121758, 14.648011283010296], [-90.51478083496826, 14.648104811722751]], [[-90.51477309276096, 14.648005126774539], [-90.5148307315928, 14.648017439242732]], [[-90.51475201554265, 14.648098655482588], [-90.51480965439605, 14.648110967959582]]]}}, {"id": "1025", "type": "Feature", "properties": {"kind": "a1", "value": 12.042982638054687, "building_uid": 2695}, "geometry": {"type": "MultiLineString", "coordinates": [[[-90.5148038744014, 14.647911803128654], [-90.51482088986846, 14.647804281641996]], [[-90.51483700545695, 14.647916773015504], [-90.51477074334811, 14.647906833237311]], [[-90.51485402090901, 14.647809251523983], [-90.51478775883015, 14.647799311755515]]]}}, {"id": "1026", "type": "Feature", "properties": {"kind": "a1", "value": 13.250879675615579, "building_uid": 2696}, "geometry": {"type": "MultiLineString", "coordinates": [[[-90.51451442024981, 14.647767214675286], [-90.51453504354623, 14.647649208989277]], [[-90.5145507818223, 14.647773238343227], [-90.51447805868023, 14.647761191001974]], [[-90.51457140510087, 14.647655232651065], [-90.5144986819945, 14.647643185322107]]]}}, {"id": "1027", "type": "Feature", "properties": {"kind": "a1", "value": 10.862428642613324, "building_uid": 2697}, "geometry": {"type": "MultiLineString", "coordinates": [[[-90.51481128613061, 14.647912922701043], [-90.5147958451948, 14.648009889966522]], [[-90.5147814071929, 14.647908412706615], [-90.51484116507017, 14.647917432691816]], [[-90.5147659662449, 14.648005379968124], [-90.51482572414655, 14.648014399961268]]]}}, {"id": "1028", "type": "Feature", "properties": {"kind": "a1", "value": 8.101225404592695, "building_uid": 2698}, "geometry": {"type": "MultiLineString", "coordinates": [[[-90.5148499870928, 14.647402623615818], [-90.51477583351728, 14.64739064995818]], [[-90.51485367657443, 14.64738096475266], [-90.51484629761009, 14.647424282478774]], [[-90.51477952300561, 14.647368991097293], [-90.51477214402787, 14.647412308818858]]]}}, {"id": "1029", "type": "Feature", "properties": {"kind": "a1", "value": 6.327458273037336, "building_uid": 2699}, "geometry": {"type": "MultiLineString", "coordinates": [[[-90.51498807895811, 14.647153462351042], [-90.51493023351027, 14.647143696446554]], [[-90.51499108815503, 14.647136566765738], [-90.51498506976054, 14.647170357936218]], [[-90.51493324271122, 14.647126800862665], [-90.51492722430862, 14.647160592030318]]]}}, {"id": "1030", "type": "Feature", "properties": {"kind": "a1", "value": 9.728593200561797, "building_uid": 2700}, "geometry": {"type": "MultiLineString", "coordinates": [[[-90.5149197642549, 14.647179898471789], [-90.51490489149782, 14.647266580546887]], [[-90.51489305462722, 14.647175554416451], [-90.51494647388412, 14.647184242524224]], [[-90.5148781818605, 14.647262236488265], [-90.5149316011367, 14.64727092460261]]]}}, {"id": "1031", "type": "Feature", "properties": {"kind": "a1", "value": 10.48772782413289, "building_uid": 2701}, "geometry": {"type": "MultiLineString", "coordinates": [[[-90.51471875326696, 14.647380215359997], [-90.5147320474649, 14.647286362834175]], [[-90.5147476723761, 14.647384098345857], [-90.51468983415943, 14.647376332370698]], [[-90.51476096656252, 14.647290245816514], [-90.51470312836892, 14.647282479848403]]]}}, {"id": "1032", "type": "Feature", "properties": {"kind": "a1", "value": 7.044015197051624, "building_uid": 2702}, "geometry": {"type": "MultiLineString", "coordinates": [[[-90.51469880456897, 14.647509381829462], [-90.51470792799299, 14.647446372782982]], [[-90.51471821977977, 14.647512046608702], [-90.5146793893589, 14.647506717048667]], [[-90.51472734319859, 14.647449037560618], [-90.51468851278811, 14.64744370800379]]]}}, {"id": "1033", "type": "Feature", "properties": {"kind": "a1", "value": 6.197110526496545, "building_uid": 2703}, "geometry": {"type": "MultiLineString", "coordinates": [[[-90.51482375240516, 14.647467135226131], [-90.51476683434686, 14.64745919517313]], [[-90.51482619900027, 14.647450510538402], [-90.51482130580949, 14.647483759913754]], [[-90.51476928094597, 14.647442570486652], [-90.51476438774718, 14.647475819859508]]]}}, {"id": "1034", "type": "Feature", "properties": {"kind": "a1", "value": 9.889993059216067, "building_uid": 2704}, "geometry": {"type": "MultiLineString", "coordinates": [[[-90.51464453969275, 14.647172053586617], [-90.51473412480419, 14.647191403899802]], [[-90.51463857721254, 14.647198219733196], [-90.51465050217105, 14.647145887439612]], [[-90.51472816233334, 14.647217570050227], [-90.51474008727314, 14.64716523774894]]]}}, {"id": "1035", "type": "Feature", "properties": {"kind": "a1", "value": 13.663172506836483, "building_uid": 2705}, "geometry": {"type": "MultiLineString", "coordinates": [[[-90.51448753515578, 14.64720695049488], [-90.514612903194, 14.64722527112111]], [[-90.51448188994996, 14.647243568163342], [-90.51449318035874, 14.647170332825885]], [[-90.51460725800754, 14.647261888795766], [-90.5146185483776, 14.64718865344592]]]}}, {"id": "1036", "type": "Feature", "properties": {"kind": "a1", "value": 8.117261557315942, "building_uid": 2706}, "geometry": {"type": "MultiLineString", "coordinates": [[[-90.51435216093519, 14.647108710016356], [-90.5144264467013, 14.647120792050274]], [[-90.51434843805626, 14.647130407515654], [-90.51435588381305, 14.64708701251685]], [[-90.51442272382909, 14.647142489551856], [-90.51443016957244, 14.647099094548485]]]}}, {"id": "1037", "type": "Feature", "properties": {"kind": "a1", "value": 8.403924686097143, "building_uid": 2708}, "geometry": {"type": "MultiLineString", "coordinates": [[[-90.5144857402242, 14.647218346678244], [-90.51440869664737, 14.64720664789907]], [[-90.51448934500318, 14.647195843680965], [-90.51448213544411, 14.647240849675308]], [[-90.51441230143364, 14.647184144904172], [-90.51440509185998, 14.647229150893754]]]}}, {"id": "1038", "type": "Feature", "properties": {"kind": "a1", "value": 11.712023103474111, "building_uid": 2711}, "geometry": {"type": "MultiLineString", "coordinates": [[[-90.51485301062007, 14.64758949915715], [-90.51483656373269, 14.64769408088986]], [[-90.51482078545222, 14.64758469533691], [-90.51488523579005, 14.647594302973136]], [[-90.51480433855063, 14.647689277065032], [-90.51486878891686, 14.647698884710433]]]}}, {"id": "1039", "type": "Feature", "properties": {"kind": "a1", "value": 6.491450291359797, "building_uid": 2712}, "geometry": {"type": "MultiLineString", "coordinates": [[[-90.51504841160795, 14.647511597036013], [-90.51504000449137, 14.647569663463596]], [[-90.51503051938468, 14.647509141477354], [-90.51506630383184, 14.647514052593356]], [[-90.51502211226368, 14.647567207903576], [-90.51505789671967, 14.647572119022295]]]}}, {"id": "1040", "type": "Feature", "properties": {"kind": "a1", "value": 9.109395264958586, "building_uid": 701}, "geometry": {"type": "MultiLineString", "coordinates": [[[-90.51220280465198, 14.645913419359756], [-90.51219083528937, 14.645994879553959]], [[-90.51217770420614, 14.645909923311272], [-90.51222790509905, 14.645916915405648]], [[-90.51216573483488, 14.645991383502777], [-90.51221593574512, 14.645998375602549]]]}}, {"id": "1041", "type": "Feature", "properties": {"kind": "a1", "value": 9.921197044313883, "building_uid": 2720}, "geometry": {"type": "MultiLineString", "coordinates": [[[-90.51428778945989, 14.648368191011915], [-90.51437892010433, 14.648380848426228]], [[-90.51428388926252, 14.648394808433757], [-90.51429168965579, 14.6483415735898]], [[-90.51437501991725, 14.648407465851275], [-90.51438282028995, 14.648354231000917]]]}}, {"id": "1042", "type": "Feature", "properties": {"kind": "a1", "value": 8.789113449586608, "building_uid": 2728}, "geometry": {"type": "MultiLineString", "coordinates": [[[-90.51502887324571, 14.646389123045472], [-90.51501722220944, 14.64646770495958]], [[-90.51500465963522, 14.646385719982186], [-90.51505308685736, 14.646392526106352]], [[-90.51499300859089, 14.646464301893774], [-90.51504143582913, 14.646471108022979]]]}}, {"id": "1043", "type": "Feature", "properties": {"kind": "a1", "value": 5.7552221175283185, "building_uid": 2729}, "geometry": {"type": "MultiLineString", "coordinates": [[[-90.51500277501327, 14.646562560944243], [-90.51499477272371, 14.646613963631257]], [[-90.51498693618247, 14.64656022361758], [-90.5150186138446, 14.64656489826988]], [[-90.51497893388947, 14.646611626303493], [-90.51501061155845, 14.646616300957998]]]}}, {"id": "1044", "type": "Feature", "properties": {"kind": "a1", "value": 20.319942243455447, "building_uid": 2730}, "geometry": {"type": "MultiLineString", "coordinates": [[[-90.51457158338226, 14.646965137752465], [-90.51475767793559, 14.646994584754191]], [[-90.51456250976636, 14.647019492561276], [-90.51458065699151, 14.646910782942363]], [[-90.51474860436201, 14.64704893957718], [-90.51476675150252, 14.646940229929923]]]}}, {"id": "1045", "type": "Feature", "properties": {"kind": "a1", "value": 8.27041936875321, "building_uid": 2731}, "geometry": {"type": "MultiLineString", "coordinates": [[[-90.51508730610674, 14.64664231894023], [-90.5150112499825, 14.646632395178743]], [[-90.51509036393568, 14.646620104300611], [-90.51508424827682, 14.64666453357968]], [[-90.51501430781865, 14.646610180541293], [-90.51500819214537, 14.646654609816018]]]}}, {"id": "1046", "type": "Feature", "properties": {"kind": "a1", "value": 9.73865558556281, "building_uid": 2734}, "geometry": {"type": "MultiLineString", "coordinates": [[[-90.51435448953046, 14.646896830642229], [-90.51434228554918, 14.646983998631725]], [[-90.51432763021154, 14.646893266081808], [-90.51438134885076, 14.646900395199678]], [[-90.5143154262203, 14.646980434068281], [-90.51436914487944, 14.646987563192203]]]}}, {"id": "1047", "type": "Feature", "properties": {"kind": "a1", "value": 9.345958517631516, "building_uid": 2736}, "geometry": {"type": "MultiLineString", "coordinates": [[[-90.51467201076905, 14.646950754731478], [-90.51458628752847, 14.646938019702258]], [[-90.51467593484529, 14.646925716534547], [-90.51466808669146, 14.646975792928153]], [[-90.51459021161375, 14.646912981508251], [-90.51458236344183, 14.646963057896015]]]}}, {"id": "1048", "type": "Feature", "properties": {"kind": "a1", "value": 9.156334808678366, "building_uid": 2738}, "geometry": {"type": "MultiLineString", "coordinates": [[[-90.51441688330014, 14.64686076803499], [-90.51433291228341, 14.646848209341247]], [[-90.51442075304024, 14.64683624162057], [-90.51441301355875, 14.646885294449165]], [[-90.51433678203216, 14.646823682929632], [-90.51432904253335, 14.646872735752616]]]}}, {"id": "1049", "type": "Feature", "properties": {"kind": "a1", "value": 9.1791442676913, "building_uid": 2741}, "geometry": {"type": "MultiLineString", "coordinates": [[[-90.51380682744214, 14.646167161896745], [-90.51389105210767, 14.646179464837632]], [[-90.51380303650981, 14.646191762471735], [-90.51381061837318, 14.646142561321508]], [[-90.5138872611841, 14.64620406541542], [-90.51389484302997, 14.646154864259602]]]}}, {"id": "1050", "type": "Feature", "properties": {"kind": "a1", "value": 7.52523158560507, "building_uid": 2742}, "geometry": {"type": "MultiLineString", "coordinates": [[[-90.51346638447366, 14.646299865731327], [-90.51339731070345, 14.646289941958893]], [[-90.51346944230185, 14.64627969048113], [-90.51346332664461, 14.646320040981367]], [[-90.51340036853755, 14.646269766710567], [-90.51339425286852, 14.646310117207063]]]}}, {"id": "1051", "type": "Feature", "properties": {"kind": "a1", "value": 9.085572949610652, "building_uid": 2745}, "geometry": {"type": "MultiLineString", "coordinates": [[[-90.51353586283602, 14.646732676811025], [-90.51345242733628, 14.646720957304629]], [[-90.51353947399294, 14.646708306797105], [-90.5135322516779, 14.64675704682471]], [[-90.51345603850179, 14.646696587293407], [-90.51344881616953, 14.646745327315625]]]}}, {"id": "1052", "type": "Feature", "properties": {"kind": "a1", "value": 11.410829174981554, "building_uid": 2746}, "geometry": {"type": "MultiLineString", "coordinates": [[[-90.51347168664894, 14.64675892133984], [-90.5134865457188, 14.646656862003876]], [[-90.51350313446116, 14.646763261408006], [-90.51344023883864, 14.646754581267611]], [[-90.51351799351741, 14.646661202067817], [-90.51345509792213, 14.646652521935875]]]}}, {"id": "1053", "type": "Feature", "properties": {"kind": "a1", "value": 6.819693690794293, "building_uid": 2747}, "geometry": {"type": "MultiLineString", "coordinates": [[[-90.5139005375076, 14.648166234823874], [-90.51389065619544, 14.648227084639217]], [[-90.51388178757205, 14.64816334868956], [-90.51391928744387, 14.648169120956759]], [[-90.51387190625512, 14.648224198503321], [-90.5139094061365, 14.648229970773679]]]}}, {"id": "1054", "type": "Feature", "properties": {"kind": "a1", "value": 7.395104561105979, "building_uid": 2748}, "geometry": {"type": "MultiLineString", "coordinates": [[[-90.5137997017621, 14.64815070225022], [-90.51381041508391, 14.648084717977786]], [[-90.51382003380051, 14.648153831399284], [-90.51377936972453, 14.648147573099475]], [[-90.51383074711671, 14.648087847124984], [-90.51379008305199, 14.648081588828886]]]}}, {"id": "1055", "type": "Feature", "properties": {"kind": "a1", "value": 12.721685884017479, "building_uid": 2749}, "geometry": {"type": "MultiLineString", "coordinates": [[[-90.51381500523432, 14.648330326089592], [-90.51383340534876, 14.64821680975704]], [[-90.513849983575, 14.648335700394735], [-90.51378002689617, 14.648324951779449]], [[-90.5138683836728, 14.648222184056692], [-90.5137984270273, 14.648211435452383]]]}}, {"id": "1056", "type": "Feature", "properties": {"kind": "a1", "value": 8.65348038616643, "building_uid": 2750}, "geometry": {"type": "MultiLineString", "coordinates": [[[-90.51368298416939, 14.64827009279792], [-90.51376231331373, 14.648282155150461]], [[-90.51367926733447, 14.648293263250453], [-90.51368670100315, 14.648246922345171]], [[-90.51375859648653, 14.64830532560552], [-90.51376603013978, 14.648258984695174]]]}}, {"id": "1057", "type": "Feature", "properties": {"kind": "a1", "value": 11.370901074159658, "building_uid": 2751}, "geometry": {"type": "MultiLineString", "coordinates": [[[-90.51388564375712, 14.648097748106675], [-90.51390416401308, 14.647996624199836]], [[-90.51391680352576, 14.648103157508501], [-90.51385448399067, 14.648092338700911]], [[-90.5139353237687, 14.648002033597043], [-90.51387300425968, 14.64799121479869]]]}}, {"id": "1058", "type": "Feature", "properties": {"kind": "a1", "value": 11.853352514328435, "building_uid": 2752}, "geometry": {"type": "MultiLineString", "coordinates": [[[-90.51386791588055, 14.647905311927243], [-90.51385142536996, 14.648011178548805]], [[-90.51383529474742, 14.64790049537253], [-90.51390053701587, 14.647910128477585]], [[-90.51381880422228, 14.648006361989417], [-90.51388404651983, 14.648015995103842]]]}}, {"id": "1059", "type": "Feature", "properties": {"kind": "a1", "value": 10.461849965387955, "building_uid": 2753}, "geometry": {"type": "MultiLineString", "coordinates": [[[-90.51369656532468, 14.647816575534678], [-90.51368277012554, 14.647910123269796]], [[-90.51366774007428, 14.647812546225762], [-90.51372539057671, 14.647820604840184]], [[-90.51365394486372, 14.647906093957307], [-90.513711595389, 14.64791415257887]]]}}, {"id": "1060", "type": "Feature", "properties": {"kind": "a1", "value": 6.56182347529102, "building_uid": 2755}, "geometry": {"type": "MultiLineString", "coordinates": [[[-90.51400390673709, 14.64766802745396], [-90.51394361012349, 14.647659818114525]], [[-90.51400643631047, 14.647650415970457], [-90.51400137716308, 14.647685638937347]], [[-90.51394613970137, 14.64764220663241], [-90.51394108054497, 14.647677429596524]]]}}, {"id": "1061", "type": "Feature", "properties": {"kind": "a1", "value": 8.161548700495153, "building_uid": 2757}, "geometry": {"type": "MultiLineString", "coordinates": [[[-90.51400748913306, 14.647376775891345], [-90.51399604961038, 14.647449657059136]], [[-90.51398503200308, 14.647373434622695], [-90.51402994626409, 14.647380117157928]], [[-90.5139735924735, 14.647446315788253], [-90.5140185067483, 14.647452998327939]]]}}, {"id": "1062", "type": "Feature", "properties": {"kind": "a1", "value": 8.943450371382395, "building_uid": 2758}, "geometry": {"type": "MultiLineString", "coordinates": [[[-90.51397737673219, 14.647529689081477], [-90.51396511100303, 14.647609592180352]], [[-90.51395275589256, 14.647526106496096], [-90.51400199757303, 14.64753327166437]], [[-90.51394049015511, 14.647606009592321], [-90.51398973185219, 14.647613174765898]]]}}, {"id": "1063", "type": "Feature", "properties": {"kind": "a1", "value": 9.62671032268554, "building_uid": 2759}, "geometry": {"type": "MultiLineString", "coordinates": [[[-90.51365094680246, 14.647509508228344], [-90.51366415003365, 14.647423500790405]], [[-90.51367744859286, 14.647513364642203], [-90.51362444501348, 14.647505651811613]], [[-90.51369065181443, 14.647427357201193], [-90.5136376482543, 14.647419644376743]]]}}, {"id": "1064", "type": "Feature", "properties": {"kind": "a1", "value": 4.923222901379282, "building_uid": 2761}, "geometry": {"type": "MultiLineString", "coordinates": [[[-90.51388416517688, 14.647150796094234], [-90.51387783886524, 14.647194841397837]], [[-90.51387059335703, 14.64714894829593], [-90.51389773699707, 14.647152643891776]], [[-90.51386426704286, 14.647192993598757], [-90.51389141068799, 14.647196689196168]]]}}, {"id": "1065", "type": "Feature", "properties": {"kind": "a1", "value": 8.91362369414653, "building_uid": 2762}, "geometry": {"type": "MultiLineString", "coordinates": [[[-90.51401258673457, 14.647294238320688], [-90.51402389823942, 14.647214473868427]], [[-90.51403716482622, 14.64729754220028], [-90.51398800864409, 14.647290934438608]], [[-90.51404847632273, 14.647217777745473], [-90.51399932015727, 14.647211169988896]]]}}, {"id": "1066", "type": "Feature", "properties": {"kind": "a1", "value": 8.915979644485013, "building_uid": 2763}, "geometry": {"type": "MultiLineString", "coordinates": [[[-90.51388857072196, 14.64727757810068], [-90.51387725691924, 14.647357363720587]], [[-90.5138639861102, 14.647274273550952], [-90.51391315533489, 14.647280882647927]], [[-90.51385267229914, 14.647354059168304], [-90.51390184154052, 14.647360668270382]]]}}, {"id": "1067", "type": "Feature", "properties": {"kind": "a1", "value": 6.718062604311854, "building_uid": 764}, "geometry": {"type": "MultiLineString", "coordinates": [[[-90.51442162287233, 14.645283064485337], [-90.51442949833717, 14.645222863246024]], [[-90.51444017271237, 14.645285364782962], [-90.51440307303292, 14.645280764186294]], [[-90.51444804817243, 14.645225163542243], [-90.51441094850254, 14.64522056294838]]]}}, {"id": "1068", "type": "Feature", "properties": {"kind": "a1", "value": 12.347043385263534, "building_uid": 2764}, "geometry": {"type": "MultiLineString", "coordinates": [[[-90.51409091006632, 14.647142198016256], [-90.51410747177022, 14.64703183280948]], [[-90.51412491724864, 14.647147035384885], [-90.51405690288631, 14.647137360642871]], [[-90.51414147893665, 14.647036670173112], [-90.51407346460608, 14.647026995441102]]]}}, {"id": "1069", "type": "Feature", "properties": {"kind": "a1", "value": 5.948317797156052, "building_uid": 2765}, "geometry": {"type": "MultiLineString", "coordinates": [[[-90.51392995464461, 14.647044181363613], [-90.51387534085673, 14.647036431632591]], [[-90.51393234259064, 14.64702822967853], [-90.51392756669807, 14.647060133048596]], [[-90.51387772880642, 14.647020479948674], [-90.51387295290648, 14.647052383316414]]]}}, {"id": "1070", "type": "Feature", "properties": {"kind": "a1", "value": 10.106791518395767, "building_uid": 2767}, "geometry": {"type": "MultiLineString", "coordinates": [[[-90.51369271917707, 14.647149172019168], [-90.51378551241383, 14.64716234714918]], [[-90.51368865947605, 14.647176275203192], [-90.51369677887656, 14.647122068834868]], [[-90.51378145272345, 14.647189450336553], [-90.51378957210267, 14.647135243961516]]]}}, {"id": "1071", "type": "Feature", "properties": {"kind": "a1", "value": 8.748508713731075, "building_uid": 2768}, "geometry": {"type": "MultiLineString", "coordinates": [[[-90.51368888531637, 14.647118877320644], [-90.51376903354108, 14.647131389908552]], [[-90.51368502976867, 14.647142287134546], [-90.51369274086288, 14.647095467506505]], [[-90.51376517800124, 14.647154799725069], [-90.51377288907972, 14.647107980091798]]]}}, {"id": "1072", "type": "Feature", "properties": {"kind": "a1", "value": 10.292068645940162, "building_uid": 2769}, "geometry": {"type": "MultiLineString", "coordinates": [[[-90.51359496172326, 14.647005719607634], [-90.51368936863327, 14.647019706946882]], [[-90.51359065175625, 14.647033294133832], [-90.51359927168865, 14.646978145081116]], [[-90.51368505867721, 14.647047281476617], [-90.51369367858769, 14.646992132416829]]]}}, {"id": "1073", "type": "Feature", "properties": {"kind": "a1", "value": 14.099000264710975, "building_uid": 2770}, "geometry": {"type": "MultiLineString", "coordinates": [[[-90.51353405808322, 14.647067623409818], [-90.51351547443721, 14.64719369484473]], [[-90.51349521130525, 14.647062195470514], [-90.51357290486415, 14.64707305134292]], [[-90.51347662763851, 14.647188266898942], [-90.51355432123889, 14.647199122784313]]]}}, {"id": "1074", "type": "Feature", "properties": {"kind": "a1", "value": 11.446040699315459, "building_uid": 2771}, "geometry": {"type": "MultiLineString", "coordinates": [[[-90.5133354462907, 14.647039861765647], [-90.51335053365337, 14.64693751284041]], [[-90.51336698337575, 14.647044268508347], [-90.51330390920761, 14.64703545501887]], [[-90.51338207072475, 14.64694191957883], [-90.51331899658396, 14.646933106097894]]]}}, {"id": "1075", "type": "Feature", "properties": {"kind": "a1", "value": 19.84009230928495, "building_uid": 2772}, "geometry": {"type": "MultiLineString", "coordinates": [[[-90.51329970766047, 14.647665120615814], [-90.5133285535656, 14.647488109517848]], [[-90.51335425078543, 14.647673545954687], [-90.51324516454174, 14.647656695264793]], [[-90.51338309665006, 14.64749653484334], [-90.51327401048738, 14.647479684180198]]]}}, {"id": "1076", "type": "Feature", "properties": {"kind": "a1", "value": 9.073230475187302, "building_uid": 2773}, "geometry": {"type": "MultiLineString", "coordinates": [[[-90.51358899432294, 14.64742954987693], [-90.513576351061, 14.647510583168053]], [[-90.51356402524452, 14.647425857019746], [-90.51361396340263, 14.64743324273157]], [[-90.51355138197405, 14.64750689030812], [-90.51360132014923, 14.647514276025433]]]}}, {"id": "1077", "type": "Feature", "properties": {"kind": "a1", "value": 9.384781453292817, "building_uid": 2774}, "geometry": {"type": "MultiLineString", "coordinates": [[[-90.51332743621542, 14.647408728123319], [-90.51334051400995, 14.647324912435192]], [[-90.5133532626418, 14.64741254790127], [-90.5133016097904, 14.647404908342637]], [[-90.51336634042721, 14.647328732210209], [-90.51331468759406, 14.64732109265745]]]}}, {"id": "1078", "type": "Feature", "properties": {"kind": "a1", "value": 5.948061668805392, "building_uid": 2775}, "geometry": {"type": "MultiLineString", "coordinates": [[[-90.51328675941991, 14.647209735638945], [-90.51329529912661, 14.647156651073919]], [[-90.51330311654084, 14.647212229928842], [-90.51327040229957, 14.647207241347955]], [[-90.51331165624389, 14.647159145362624], [-90.51327894200989, 14.647154156784127]]]}}, {"id": "1079", "type": "Feature", "properties": {"kind": "a1", "value": 8.991980437189339, "building_uid": 2776}, "geometry": {"type": "MultiLineString", "coordinates": [[[-90.51329649095561, 14.648149529900197], [-90.51321394747572, 14.648137710237085]], [[-90.513300132998, 14.648125420587062], [-90.513292848912, 14.6481736392131]], [[-90.51321758952652, 14.648113600926612], [-90.5132103054237, 14.64816181954733]]]}}, {"id": "1080", "type": "Feature", "properties": {"kind": "a1", "value": 11.360473293689921, "building_uid": 2777}, "geometry": {"type": "MultiLineString", "coordinates": [[[-90.51320614735971, 14.648012120440507], [-90.51319012862508, 14.64811355312424]], [[-90.51317489245929, 14.648007441684573], [-90.51323740226213, 14.648016799192446]], [[-90.51315887371132, 14.648108874363977], [-90.51322138354084, 14.648118231880508]]]}}, {"id": "1081", "type": "Feature", "properties": {"kind": "a1", "value": 11.818811104919101, "building_uid": 2778}, "geometry": {"type": "MultiLineString", "coordinates": [[[-90.51352220148905, 14.647825835578818], [-90.51350665823183, 14.647931522730385]], [[-90.51348963566873, 14.647821295696517], [-90.51355476731146, 14.64783037545677]], [[-90.51347409239693, 14.647926982843533], [-90.51353922406884, 14.647936062612875]]]}}, {"id": "1082", "type": "Feature", "properties": {"kind": "a1", "value": 7.222880382090807, "building_uid": 2779}, "geometry": {"type": "MultiLineString", "coordinates": [[[-90.5133501073357, 14.647697379718098], [-90.51333960558821, 14.647761821415875]], [[-90.5133302506598, 14.647694312360372], [-90.51336996401243, 14.647700447074218]], [[-90.51331974890694, 14.647758754056373], [-90.51335946227032, 14.64776488877376]]]}}, {"id": "1083", "type": "Feature", "properties": {"kind": "a1", "value": 13.72343589517362, "building_uid": 2780}, "geometry": {"type": "MultiLineString", "coordinates": [[[-90.51349701184094, 14.647930193229286], [-90.51347782867919, 14.648052748750741]], [[-90.51345924828172, 14.647924590204882], [-90.51353477540309, 14.647935796247856]], [[-90.51344006510047, 14.648047145720048], [-90.51351559226083, 14.648058351775596]]]}}, {"id": "1084", "type": "Feature", "properties": {"kind": "a1", "value": 9.559163704863751, "building_uid": 2781}, "geometry": {"type": "MultiLineString", "coordinates": [[[-90.5131348082685, 14.648208117985419], [-90.51322255852213, 14.64822068192803]], [[-90.51313093687632, 14.648233748082331], [-90.5131386796593, 14.648182487888256]], [[-90.51321868713946, 14.648246312027945], [-90.51322642990341, 14.648195051827855]]]}}, {"id": "1085", "type": "Feature", "properties": {"kind": "a1", "value": 9.291989182122052, "building_uid": 2782}, "geometry": {"type": "MultiLineString", "coordinates": [[[-90.51342256335627, 14.648182872323247], [-90.51333725065248, 14.648170759487062]], [[-90.51342629573566, 14.648157954178524], [-90.51341883097558, 14.648207790467728]], [[-90.51334098304088, 14.648145841345173], [-90.51333351826278, 14.648195677628712]]]}}, {"id": "1086", "type": "Feature", "properties": {"kind": "a1", "value": 14.401736930711195, "building_uid": 2785}, "geometry": {"type": "MultiLineString", "coordinates": [[[-90.51345194889234, 14.64813053944108], [-90.51358410759163, 14.648149763127705]], [[-90.51344602539703, 14.6481691403702], [-90.51345787238446, 14.64809193851137]], [[-90.51357818411785, 14.648188364063692], [-90.51359003106222, 14.648111162191121]]]}}, {"id": "1087", "type": "Feature", "properties": {"kind": "a1", "value": 13.043905910686592, "building_uid": 2786}, "geometry": {"type": "MultiLineString", "coordinates": [[[-90.51263956753952, 14.64800672430341], [-90.5125197268326, 14.647990267846884]], [[-90.51264463832968, 14.64797172118575], [-90.51263449674686, 14.648041727420626]], [[-90.51252479764054, 14.647955264734723], [-90.51251465602212, 14.648025270958584]]]}}, {"id": "1088", "type": "Feature", "properties": {"kind": "a1", "value": 8.34473880182486, "building_uid": 2787}, "geometry": {"type": "MultiLineString", "coordinates": [[[-90.512753006808, 14.646885593793723], [-90.51267614570249, 14.646876507651424]], [[-90.51275580654234, 14.646863144058717], [-90.51275020707271, 14.646908043528574]], [[-90.51267894544424, 14.646854057918539], [-90.51267334595977, 14.646898957384153]]]}}, {"id": "1089", "type": "Feature", "properties": {"kind": "a1", "value": 9.733367364504373, "building_uid": 2788}, "geometry": {"type": "MultiLineString", "coordinates": [[[-90.51282141811203, 14.646889336456773], [-90.51273196451936, 14.64687725748864]], [[-90.51282514003275, 14.646863208684588], [-90.51281769618991, 14.646915464228702]], [[-90.51273568645001, 14.646851129719504], [-90.51272824258731, 14.646903385257527]]]}}, {"id": "1090", "type": "Feature", "properties": {"kind": "a1", "value": 7.04094586498104, "building_uid": 2789}, "geometry": {"type": "MultiLineString", "coordinates": [[[-90.51288097391027, 14.646883107944328], [-90.5129456829867, 14.64689184620824]], [[-90.51287828136145, 14.64690200828964], [-90.51288366645836, 14.646864207598885]], [[-90.51294299044307, 14.646910746555145], [-90.5129483755296, 14.646872945861206]]]}}, {"id": "1091", "type": "Feature", "properties": {"kind": "a1", "value": 4.588451219256967, "building_uid": 2790}, "geometry": {"type": "MultiLineString", "coordinates": [[[-90.51312857539601, 14.64708626500426], [-90.5131345575481, 14.647045226535601]], [[-90.51314122070657, 14.647088012280832], [-90.51311593008577, 14.647084517727038]], [[-90.51314720285646, 14.64704697381149], [-90.51312191224005, 14.647043479259063]]]}}, {"id": "1092", "type": "Feature", "properties": {"kind": "a1", "value": 12.556134748652616, "building_uid": 2791}, "geometry": {"type": "MultiLineString", "coordinates": [[[-90.51309728466366, 14.647124443134576], [-90.51308090056872, 14.647236741496114]], [[-90.51306268181592, 14.647119657644541], [-90.51313188751375, 14.647129228619693]], [[-90.5130462977045, 14.647231956000962], [-90.51311550343529, 14.647241526986349]]]}}, {"id": "1093", "type": "Feature", "properties": {"kind": "a1", "value": 6.031001771413447, "building_uid": 2850}, "geometry": {"type": "MultiLineString", "coordinates": [[[-90.51238204270909, 14.647117351578032], [-90.51237939616166, 14.64717177154242]], [[-90.51236527411453, 14.647116578570326], [-90.51239881130398, 14.647118124584551]], [[-90.51236262756302, 14.647170998533873], [-90.5123961647606, 14.647172544549774]]]}}, {"id": "1094", "type": "Feature", "properties": {"kind": "a1", "value": 4.351235544541851, "building_uid": 2792}, "geometry": {"type": "MultiLineString", "coordinates": [[[-90.51323572189419, 14.646913794284888], [-90.5132277413748, 14.64695232550851]], [[-90.51322384915838, 14.646911463320658], [-90.51324759463036, 14.646916125248547]], [[-90.51321586863713, 14.646949994543567], [-90.51323961411283, 14.646954656472882]]]}}, {"id": "1095", "type": "Feature", "properties": {"kind": "a1", "value": 13.222408601781352, "building_uid": 2793}, "geometry": {"type": "MultiLineString", "coordinates": [[[-90.51283908786748, 14.647200948889672], [-90.51282120527434, 14.64731911756348]], [[-90.51280267616909, 14.647195725718088], [-90.51287549956852, 14.64720617205581]], [[-90.51278479355776, 14.647313894386137], [-90.51285761699357, 14.647324340735382]]]}}, {"id": "1096", "type": "Feature", "properties": {"kind": "a1", "value": 10.626070378220355, "building_uid": 2794}, "geometry": {"type": "MultiLineString", "coordinates": [[[-90.51292251061193, 14.647427490917645], [-90.51293553829947, 14.647332342177357]], [[-90.5129518291346, 14.647431296059969], [-90.51289319209089, 14.647423685771782]], [[-90.51296485681024, 14.647336147316114], [-90.51290621979032, 14.647328537035067]]]}}, {"id": "1097", "type": "Feature", "properties": {"kind": "a1", "value": 18.98880062775795, "building_uid": 2885}, "geometry": {"type": "MultiLineString", "coordinates": [[[-90.51317941027062, 14.645600582742114], [-90.51320908731756, 14.645431498684978]], [[-90.51323151030849, 14.64560925092432], [-90.51312731023873, 14.64559191454886]], [[-90.5132611873188, 14.64544016685454], [-90.51315698732229, 14.64542283050437]]]}}, {"id": "1098", "type": "Feature", "properties": {"kind": "a1", "value": 11.492074151756242, "building_uid": 2795}, "geometry": {"type": "MultiLineString", "coordinates": [[[-90.51307614678909, 14.647449775798313], [-90.51306115109648, 14.64755255750726]], [[-90.51304447628985, 14.647445395841306], [-90.51310781729029, 14.647454155751195]], [[-90.51302948058346, 14.647548177545971], [-90.51309282161151, 14.647556937464431]]]}}, {"id": "1099", "type": "Feature", "properties": {"kind": "a1", "value": 12.954312348040224, "building_uid": 2796}, "geometry": {"type": "MultiLineString", "coordinates": [[[-90.51243331530374, 14.64812826737698], [-90.512450102808, 14.648012391877593]], [[-90.5124690205527, 14.648133170675445], [-90.51239761005726, 14.648123364073292]], [[-90.5124858080394, 14.648017295170614], [-90.5124143975791, 14.648007488579326]]]}}, {"id": "1100", "type": "Feature", "properties": {"kind": "a1", "value": 9.190545374640202, "building_uid": 2797}, "geometry": {"type": "MultiLineString", "coordinates": [[[-90.51247193093516, 14.6480154051985], [-90.51248392471715, 14.647933207894965]], [[-90.51249725875391, 14.64801890834689], [-90.51244660311768, 14.648011902047472]], [[-90.51250925252707, 14.647936711040607], [-90.51245859690849, 14.647929704746682]]]}}, {"id": "1101", "type": "Feature", "properties": {"kind": "a1", "value": 7.194733418524264, "building_uid": 2798}, "geometry": {"type": "MultiLineString", "coordinates": [[[-90.51250733006115, 14.647848916994057], [-90.51249755654891, 14.647913210130906]], [[-90.51248751914805, 14.647846062341761], [-90.51252714097504, 14.647851771644753]], [[-90.51247774563043, 14.647910355476892], [-90.51251736746818, 14.647916064783303]]]}}, {"id": "1102", "type": "Feature", "properties": {"kind": "a1", "value": 5.661602441927869, "building_uid": 2800}, "geometry": {"type": "MultiLineString", "coordinates": [[[-90.51301563744627, 14.647916892569642], [-90.5130220054685, 14.647866125761878]], [[-90.51303128044016, 14.647918752544648], [-90.51299999445284, 14.647915032593616]], [[-90.51303764845896, 14.647867985735912], [-90.51300636247848, 14.64786426578684]]]}}, {"id": "1103", "type": "Feature", "properties": {"kind": "a1", "value": 7.50263664500301, "building_uid": 2801}, "geometry": {"type": "MultiLineString", "coordinates": [[[-90.51300642407105, 14.647915802626938], [-90.512997984921, 14.647983077688203]], [[-90.51298569431871, 14.647913337716508], [-90.51302715382415, 14.64791826753558]], [[-90.51297725516268, 14.647980612776056], [-90.5130187146801, 14.647985542598562]]]}}, {"id": "1104", "type": "Feature", "properties": {"kind": "a1", "value": 11.878701044274772, "building_uid": 2803}, "geometry": {"type": "MultiLineString", "coordinates": [[[-90.51294516229517, 14.648198535785156], [-90.51296016882326, 14.648092229044101]], [[-90.51297791908934, 14.648202918894098], [-90.51291240550304, 14.648194152671804]], [[-90.51299292560262, 14.648096612148521], [-90.51292741204594, 14.648087845935269]]]}}, {"id": "1105", "type": "Feature", "properties": {"kind": "a1", "value": 12.537713128617412, "building_uid": 2804}, "geometry": {"type": "MultiLineString", "coordinates": [[[-90.51293500576573, 14.647974756294142], [-90.5129193557811, 14.648086985914574]], [[-90.51290042396357, 14.647970185242002], [-90.51296958757015, 14.647979327341359]], [[-90.51288477396243, 14.64808241485743], [-90.51295393760203, 14.64809155696681]]]}}, {"id": "1106", "type": "Feature", "properties": {"kind": "a1", "value": 12.683067839825526, "building_uid": 2805}, "geometry": {"type": "MultiLineString", "coordinates": [[[-90.5123481929365, 14.64781110716716], [-90.51236408241411, 14.647697584159596]], [[-90.5123831732501, 14.647815748176502], [-90.51231321262522, 14.647806466152783]], [[-90.51239906271081, 14.647702225163792], [-90.51232910211972, 14.647692943150354]]]}}, {"id": "1107", "type": "Feature", "properties": {"kind": "a1", "value": 8.113592205157692, "building_uid": 2806}, "geometry": {"type": "MultiLineString", "coordinates": [[[-90.51259040312198, 14.647885541446781], [-90.51260142522884, 14.64781303731197]], [[-90.51261274412833, 14.647888760789803], [-90.51256806211663, 14.647882322101712]], [[-90.51262376622836, 14.647816256652819], [-90.51257908423032, 14.647809817969069]]]}}, {"id": "1108", "type": "Feature", "properties": {"kind": "a1", "value": 9.78923826807184, "building_uid": 2807}, "geometry": {"type": "MultiLineString", "coordinates": [[[-90.51262960415504, 14.647702904076903], [-90.51264306483883, 14.64761544967146]], [[-90.51265655182895, 14.647706835684298], [-90.51260265648257, 14.64769897246654]], [[-90.51267001250281, 14.647619381275673], [-90.51261611717631, 14.64761151806427]]]}}, {"id": "1109", "type": "Feature", "properties": {"kind": "a1", "value": 16.497101151733663, "building_uid": 2808}, "geometry": {"type": "MultiLineString", "coordinates": [[[-90.51253345839602, 14.646954170034931], [-90.51268535869568, 14.646972529567858]], [[-90.51252780120315, 14.646998537334044], [-90.51253911558516, 14.646909802735166]], [[-90.51267970153171, 14.647016896875343], [-90.5126910158559, 14.64692816225972]]]}}, {"id": "1110", "type": "Feature", "properties": {"kind": "a1", "value": 7.222865108529402, "building_uid": 2809}, "geometry": {"type": "MultiLineString", "coordinates": [[[-90.51255219643093, 14.64709555814006], [-90.5125604526575, 14.64703080756773]], [[-90.51257214822641, 14.647097969631936], [-90.51253224463619, 14.647093146646545]], [[-90.51258040444743, 14.647033219057993], [-90.51254050086828, 14.647028396075813]]]}}, {"id": "1111", "type": "Feature", "properties": {"kind": "a1", "value": 8.140540933702141, "building_uid": 2810}, "geometry": {"type": "MultiLineString", "coordinates": [[[-90.51253543158836, 14.647093569597283], [-90.51252624790651, 14.64716656141453]], [[-90.512512940393, 14.647090887213558], [-90.51255792278464, 14.647096251978928]], [[-90.51250375670409, 14.647163879028769], [-90.51254873910985, 14.647169243798192]]]}}, {"id": "1112", "type": "Feature", "properties": {"kind": "a1", "value": 4.439587217988447, "building_uid": 2811}, "geometry": {"type": "MultiLineString", "coordinates": [[[-90.51264387049723, 14.647217625687711], [-90.51264926644916, 14.647177866340183]], [[-90.51265612167566, 14.647219201745033], [-90.51263161931907, 14.647216049629774]], [[-90.51266151762552, 14.647179442396872], [-90.51263701527309, 14.647176290282864]]]}}, {"id": "1113", "type": "Feature", "properties": {"kind": "a1", "value": 8.098985691804966, "building_uid": 2812}, "geometry": {"type": "MultiLineString", "coordinates": [[[-90.51251987673349, 14.647349599326272], [-90.51253450649885, 14.647277837203852]], [[-90.51254198904569, 14.647353872406896], [-90.5124977644225, 14.647345326243672]], [[-90.51255661880457, 14.647282110282024], [-90.51251239419432, 14.647273564123706]]]}}, {"id": "1114", "type": "Feature", "properties": {"kind": "a1", "value": 8.961793164256962, "building_uid": 2813}, "geometry": {"type": "MultiLineString", "coordinates": [[[-90.51252932698682, 14.647250121129137], [-90.51251843400331, 14.647330379635354]], [[-90.51250459666612, 14.647246939492387], [-90.51255405730863, 14.647253302763366]], [[-90.51249370367415, 14.647327197996074], [-90.51254316433361, 14.647333561272113]]]}}, {"id": "1115", "type": "Feature", "properties": {"kind": "a1", "value": 8.952323082371096, "building_uid": 2814}, "geometry": {"type": "MultiLineString", "coordinates": [[[-90.51249234066393, 14.647593821273103], [-90.5125047961491, 14.647513865021063]], [[-90.51251697788958, 14.64759745928305], [-90.5124677034395, 14.647590183260684]], [[-90.51252943336645, 14.647517503028325], [-90.512480158933, 14.647510227011308]]]}}, {"id": "1116", "type": "Feature", "properties": {"kind": "a1", "value": 6.418927012162746, "building_uid": 2815}, "geometry": {"type": "MultiLineString", "coordinates": [[[-90.51249118492953, 14.647511351629019], [-90.51250217477808, 14.647454362117898]], [[-90.51250874531875, 14.647514561555516], [-90.51247362454103, 14.64750814170127]], [[-90.5125197351632, 14.647457572042889], [-90.51248461439371, 14.647451152191655]]]}}, {"id": "1117", "type": "Feature", "properties": {"kind": "a1", "value": 8.432981195859611, "building_uid": 2816}, "geometry": {"type": "MultiLineString", "coordinates": [[[-90.51262873453663, 14.647436581422195], [-90.51264349230709, 14.647361769518096]], [[-90.51265178659791, 14.647440891889003], [-90.51260568247662, 14.647432270953237]], [[-90.51266654436131, 14.647366079982286], [-90.51262044025412, 14.64735745905176]]]}}, {"id": "1118", "type": "Feature", "properties": {"kind": "a1", "value": 23.72383620675917, "building_uid": 2818}, "geometry": {"type": "MultiLineString", "coordinates": [[[-90.51280981602427, 14.647726388139024], [-90.51284381994476, 14.647514651852445]], [[-90.51287505917671, 14.647736320033896], [-90.51274457288068, 14.647716456226746]], [[-90.51290906303917, 14.647524583728309], [-90.51277857685919, 14.647504719959178]]]}}, {"id": "1119", "type": "Feature", "properties": {"kind": "a1", "value": 6.4464581523912985, "building_uid": 2819}, "geometry": {"type": "MultiLineString", "coordinates": [[[-90.5130346970447, 14.647760621348231], [-90.51302545764003, 14.647818156349837]], [[-90.51301696855128, 14.647757922697204], [-90.51305242553876, 14.647763319997978]], [[-90.51300772914233, 14.647815457697407], [-90.51304318613838, 14.647820855000985]]]}}, {"id": "1120", "type": "Feature", "properties": {"kind": "a1", "value": 9.030344202088935, "building_uid": 2820}, "geometry": {"type": "MultiLineString", "coordinates": [[[-90.51197950689564, 14.648027574586848], [-90.5118965803565, 14.648015911670862]], [[-90.51198310063674, 14.648003353376083], [-90.51197591315332, 14.648051795797393]], [[-90.51190017410612, 14.647991690462764], [-90.51189298660567, 14.648040132878739]]]}}, {"id": "1121", "type": "Feature", "properties": {"kind": "a1", "value": 13.850040211342275, "building_uid": 2821}, "geometry": {"type": "MultiLineString", "coordinates": [[[-90.51176420345817, 14.647897580073211], [-90.51174414583397, 14.648021160666156]], [[-90.511726124045, 14.647891721634702], [-90.51180228287438, 14.647903438505791]], [[-90.51170606640106, 14.64801530222114], [-90.51178222526993, 14.648027019105244]]]}}, {"id": "1122", "type": "Feature", "properties": {"kind": "a1", "value": 10.795329266967707, "building_uid": 2851}, "geometry": {"type": "MultiLineString", "coordinates": [[[-90.5123223058194, 14.647168167614591], [-90.512315790753, 14.647265480485471]], [[-90.51229232049194, 14.647166264684458], [-90.512352291148, 14.647170070540941]], [[-90.51228580541262, 14.647263577552437], [-90.51234577609453, 14.647267383414722]]]}}, {"id": "1123", "type": "Feature", "properties": {"kind": "a1", "value": 7.104489146498963, "building_uid": 2822}, "geometry": {"type": "MultiLineString", "coordinates": [[[-90.51169338806135, 14.647909388837787], [-90.51170270462384, 14.647845854846262]], [[-90.51171296506156, 14.647912110024107], [-90.51167381106185, 14.647906667649897]], [[-90.5117222816188, 14.64784857603094], [-90.51168312762965, 14.647843133660007]]]}}, {"id": "1124", "type": "Feature", "properties": {"kind": "a1", "value": 13.146363702585091, "building_uid": 2824}, "geometry": {"type": "MultiLineString", "coordinates": [[[-90.51213251000702, 14.647970759163291], [-90.51211312319249, 14.648088006970518]], [[-90.51209638192978, 14.64796509665697], [-90.51216863808703, 14.647976421664284]], [[-90.51207699509752, 14.648082344458286], [-90.51214925129024, 14.648093669477422]]]}}, {"id": "1125", "type": "Feature", "properties": {"kind": "a1", "value": 11.236898585349023, "building_uid": 2825}, "geometry": {"type": "MultiLineString", "coordinates": [[[-90.51218287230242, 14.648045172961949], [-90.51228580777642, 14.648061305804397]], [[-90.51217790121001, 14.648075238380459], [-90.51218784339282, 14.648015107543058]], [[-90.51228083669696, 14.648091371227222], [-90.51229077885387, 14.648031240381185]]]}}, {"id": "1126", "type": "Feature", "properties": {"kind": "a1", "value": 8.12464905201152, "building_uid": 2826}, "geometry": {"type": "MultiLineString", "coordinates": [[[-90.51231011207602, 14.647581912670386], [-90.51229819523209, 14.647654383655267]], [[-90.51228778131596, 14.64757843198853], [-90.51233244283713, 14.647585393350209]], [[-90.51227586446525, 14.64765090297116], [-90.51232052599997, 14.647657864337342]]]}}, {"id": "1127", "type": "Feature", "properties": {"kind": "a1", "value": 10.816116735804826, "building_uid": 2827}, "geometry": {"type": "MultiLineString", "coordinates": [[[-90.51224070206092, 14.64776816968478], [-90.51222283427701, 14.647864315736701]], [[-90.51221107618704, 14.64776295085227], [-90.5122703279368, 14.647773388513727]], [[-90.51219320839138, 14.64785909689999], [-90.51225246016466, 14.647869534569855]]]}}, {"id": "1128", "type": "Feature", "properties": {"kind": "a1", "value": 10.16072574723512, "building_uid": 2889}, "geometry": {"type": "MultiLineString", "coordinates": [[[-90.51304319443634, 14.645730280636153], [-90.5130571179005, 14.645639500443302]], [[-90.51307116664353, 14.645734347449894], [-90.51301522223072, 14.645726213819211]], [[-90.51308509009698, 14.645643567253616], [-90.5130291457056, 14.64563543362977]]]}}, {"id": "1129", "type": "Feature", "properties": {"kind": "a1", "value": 6.952658041857913, "building_uid": 2829}, "geometry": {"type": "MultiLineString", "coordinates": [[[-90.5120026886516, 14.647835691129481], [-90.51201169310268, 14.647773499310075]], [[-90.51202185207609, 14.647838321155014], [-90.51198352522785, 14.647833061102435]], [[-90.5120308565221, 14.647776129334042], [-90.51199252968398, 14.647770869284601]]]}}, {"id": "1130", "type": "Feature", "properties": {"kind": "a1", "value": 6.560081929641763, "building_uid": 2830}, "geometry": {"type": "MultiLineString", "coordinates": [[[-90.51173395459698, 14.647739136675476], [-90.51174162640193, 14.64768034894564]], [[-90.51175206909707, 14.647741377461882], [-90.5117158400975, 14.647736895887727]], [[-90.51175974089747, 14.647682589730701], [-90.51172351190701, 14.647678108159221]]]}}, {"id": "1131", "type": "Feature", "properties": {"kind": "a1", "value": 6.630701972404494, "building_uid": 2832}, "geometry": {"type": "MultiLineString", "coordinates": [[[-90.5121889839495, 14.647944068382058], [-90.51218025130369, 14.648003360204427]], [[-90.5121707141043, 14.647941517747617], [-90.51220725379535, 14.647946619015121]], [[-90.51216198145391, 14.648000809568558], [-90.51219852115415, 14.648005910838927]]]}}, {"id": "1132", "type": "Feature", "properties": {"kind": "a1", "value": 11.429633314255625, "building_uid": 2833}, "geometry": {"type": "MultiLineString", "coordinates": [[[-90.51223892331762, 14.64763624573019], [-90.5122219438696, 14.647738163075278]], [[-90.51220751913088, 14.647631286360298], [-90.51227032750646, 14.647641205096049]], [[-90.51219053966949, 14.647733203700913], [-90.51225334807184, 14.647743122445622]]]}}, {"id": "1133", "type": "Feature", "properties": {"kind": "a1", "value": 6.339724323479458, "building_uid": 2834}, "geometry": {"type": "MultiLineString", "coordinates": [[[-90.51233918211709, 14.647529381198103], [-90.51233144517234, 14.647586153412842]], [[-90.51232168868297, 14.64752712138404], [-90.51235667555179, 14.647531641010913]], [[-90.51231395173399, 14.647583893597501], [-90.51234893861127, 14.64758841322691]]]}}, {"id": "1134", "type": "Feature", "properties": {"kind": "a1", "value": 11.937440535519274, "building_uid": 2835}, "geometry": {"type": "MultiLineString", "coordinates": [[[-90.51210122286605, 14.646765569248586], [-90.51221062947441, 14.646782375111473]], [[-90.51209604442245, 14.64679752494629], [-90.51210640130739, 14.646733613550445]], [[-90.51220545104549, 14.646814330814014], [-90.51221580790107, 14.646750419408507]]]}}, {"id": "1135", "type": "Feature", "properties": {"kind": "a1", "value": 6.0127502544783065, "building_uid": 2836}, "geometry": {"type": "MultiLineString", "coordinates": [[[-90.5123824074344, 14.646785193149093], [-90.51237371309185, 14.646838845550155]], [[-90.51236587537691, 14.646782653688675], [-90.51239893949246, 14.646787732608386]], [[-90.51235718103064, 14.646836306088517], [-90.51239024515363, 14.646841385010674]]]}}, {"id": "1136", "type": "Feature", "properties": {"kind": "a1", "value": 10.623397151339883, "building_uid": 2837}, "geometry": {"type": "MultiLineString", "coordinates": [[[-90.5123691649889, 14.64686881180399], [-90.51235651072643, 14.646963983914107]], [[-90.5123398393415, 14.646865115724205], [-90.51239849063786, 14.646872507880232]], [[-90.51232718506711, 14.646960287830789], [-90.51238583638734, 14.64696767999388]]]}}, {"id": "1137", "type": "Feature", "properties": {"kind": "a1", "value": 8.768310843734069, "building_uid": 2838}, "geometry": {"type": "MultiLineString", "coordinates": [[[-90.51226410880285, 14.646946255729922], [-90.51218377926516, 14.646933715151473]], [[-90.51226797296296, 14.64692279293493], [-90.5122602446415, 14.646969718524682]], [[-90.51218764343318, 14.646910252359108], [-90.51217991509591, 14.646957177943607]]]}}, {"id": "1138", "type": "Feature", "properties": {"kind": "a1", "value": 12.081091590691358, "building_uid": 2839}, "geometry": {"type": "MultiLineString", "coordinates": [[[-90.51238020378405, 14.646952649298942], [-90.5123661167003, 14.647060918342406]], [[-90.51234684252923, 14.646948534719826], [-90.51241356504089, 14.646956763873472]], [[-90.51233275543002, 14.647056803758758], [-90.51239947797261, 14.64706503292145]]]}}, {"id": "1139", "type": "Feature", "properties": {"kind": "a1", "value": 9.500870415358804, "building_uid": 2840}, "geometry": {"type": "MultiLineString", "coordinates": [[[-90.51195547769521, 14.646804975714847], [-90.51186812933801, 14.64679340922816]], [[-90.51195904170245, 14.646779462833914], [-90.51195191368664, 14.646830488595546]], [[-90.51187169335475, 14.646767896350104], [-90.51186456531995, 14.646818922105982]]]}}, {"id": "1140", "type": "Feature", "properties": {"kind": "a1", "value": 7.312479030806571, "building_uid": 2841}, "geometry": {"type": "MultiLineString", "coordinates": [[[-90.51179145218464, 14.646786610987064], [-90.51180104172617, 14.646721217012818]], [[-90.51181160220479, 14.646789411919771], [-90.51177130216527, 14.646783810052684]], [[-90.51182119174074, 14.646724017943782], [-90.51178089171239, 14.646718416080178]]]}}, {"id": "1141", "type": "Feature", "properties": {"kind": "a1", "value": 6.689013985916972, "building_uid": 2842}, "geometry": {"type": "MultiLineString", "coordinates": [[[-90.5118708221136, 14.646843018365145], [-90.51186317705778, 14.646902983224576]], [[-90.51185234497655, 14.646840785383002], [-90.51188929925125, 14.646845251345882]], [[-90.51184469991597, 14.646900750241047], [-90.51188165420018, 14.646905216206683]]]}}, {"id": "1142", "type": "Feature", "properties": {"kind": "a1", "value": 10.535525617655367, "building_uid": 2843}, "geometry": {"type": "MultiLineString", "coordinates": [[[-90.51203593999533, 14.646933237944978], [-90.51202153449495, 14.647027371273337]], [[-90.51200693442202, 14.646929030361834], [-90.51206494557034, 14.64693744552469]], [[-90.51199252891011, 14.647023163686507], [-90.51205054008149, 14.647031578856717]]]}}, {"id": "1143", "type": "Feature", "properties": {"kind": "a1", "value": 5.308401582672121, "building_uid": 2844}, "geometry": {"type": "MultiLineString", "coordinates": [[[-90.51211895862319, 14.647042739707263], [-90.51211095620626, 14.647090055866954]], [[-90.5121043789513, 14.647040402348578], [-90.51213353829553, 14.647045077065082]], [[-90.51209637653149, 14.647087718507292], [-90.51212553588148, 14.647092393225748]]]}}, {"id": "1144", "type": "Feature", "properties": {"kind": "a1", "value": 7.420538185862825, "building_uid": 2845}, "geometry": {"type": "MultiLineString", "coordinates": [[[-90.5118828114272, 14.647196894681274], [-90.51187031779054, 14.647262815071052]], [[-90.51186249916302, 14.647193245522812], [-90.51190312369235, 14.647200543838066]], [[-90.51185000552086, 14.647259165910597], [-90.51189063006119, 14.647266464229851]]]}}, {"id": "1145", "type": "Feature", "properties": {"kind": "a1", "value": 15.943343552295119, "building_uid": 2846}, "geometry": {"type": "MultiLineString", "coordinates": [[[-90.51202319100034, 14.647056279018246], [-90.51199813988336, 14.647198222657448]], [[-90.51197945347374, 14.647048962050562], [-90.51206692853117, 14.647063595978151]], [[-90.51195440233097, 14.647190905680821], [-90.51204187743998, 14.64720553962629]]]}}, {"id": "1146", "type": "Feature", "properties": {"kind": "a1", "value": 8.197873724857343, "building_uid": 2847}, "geometry": {"type": "MultiLineString", "coordinates": [[[-90.51186345970396, 14.647375729130781], [-90.51187745534314, 14.647302938243273]], [[-90.51188588901582, 14.64737981699451], [-90.51184103039327, 14.647371641265003]], [[-90.51189988464829, 14.647307026104551], [-90.51185502603916, 14.647298850379954]]]}}, {"id": "1147", "type": "Feature", "properties": {"kind": "a1", "value": 11.454620636634065, "building_uid": 2848}, "geometry": {"type": "MultiLineString", "coordinates": [[[-90.51204818940214, 14.647611464278478], [-90.5120698871941, 14.647510168574598]], [[-90.51207940203724, 14.647617801790348], [-90.51201697676947, 14.647605126762697]], [[-90.51210109981645, 14.647516506081443], [-90.51203867457423, 14.647503831063835]]]}}, {"id": "1148", "type": "Feature", "properties": {"kind": "a1", "value": 7.183373611059821, "building_uid": 2849}, "geometry": {"type": "MultiLineString", "coordinates": [[[-90.51195081088636, 14.647450067152734], [-90.51193963349421, 14.647514038984065]], [[-90.5119310990148, 14.647446802448531], [-90.5119705227588, 14.64745333185535]], [[-90.51191992161738, 14.647510774278057], [-90.51195934537189, 14.647517303688492]]]}}, {"id": "1149", "type": "Feature", "properties": {"kind": "a1", "value": 3.918027648469433, "building_uid": 2853}, "geometry": {"type": "MultiLineString", "coordinates": [[[-90.5123904526159, 14.647484698704032], [-90.51239421556727, 14.647449495405978]], [[-90.51240129993721, 14.647485797790832], [-90.51237960529478, 14.64748359961675]], [[-90.51240506288691, 14.647450594492334], [-90.5123833682478, 14.647448396319138]]]}}, {"id": "1150", "type": "Feature", "properties": {"kind": "a1", "value": 8.592415082035586, "building_uid": 2854}, "geometry": {"type": "MultiLineString", "coordinates": [[[-90.51220373172136, 14.647329262486467], [-90.51219837239313, 14.647406706300488]], [[-90.5121798686924, 14.647327697127212], [-90.51222759475107, 14.647330827843323]], [[-90.512174509356, 14.647405140939384], [-90.512222235431, 14.6474082716592]]]}}, {"id": "1151", "type": "Feature", "properties": {"kind": "a1", "value": 7.406124414442712, "building_uid": 2855}, "geometry": {"type": "MultiLineString", "coordinates": [[[-90.51191327252553, 14.647375953848837], [-90.51190062889792, 14.647441714663831]], [[-90.51189300941489, 14.647372260883866], [-90.51193353563716, 14.647379646812142]], [[-90.5118803657818, 14.647438021696859], [-90.511920892015, 14.647445407629137]]]}}, {"id": "1152", "type": "Feature", "properties": {"kind": "a1", "value": 7.480512571555109, "building_uid": 2856}, "geometry": {"type": "MultiLineString", "coordinates": [[[-90.51174620721865, 14.647680917786404], [-90.51175601684669, 14.647614021086808]], [[-90.51176682036274, 14.647683782990606], [-90.5117255940754, 14.647678052580462]], [[-90.51177662998492, 14.647616886289184], [-90.5117354037093, 14.647611155882686]]]}}, {"id": "1153", "type": "Feature", "properties": {"kind": "a1", "value": 14.498468610628501, "building_uid": 750}, "geometry": {"type": "MultiLineString", "coordinates": [[[-90.51481697828903, 14.643275366528677], [-90.51483524241257, 14.643145607432459]], [[-90.51485696065829, 14.643280701238169], [-90.51477699592282, 14.643270031812614]], [[-90.51487522475978, 14.643150942135224], [-90.51479526006842, 14.643140272723109]]]}}, {"id": "1154", "type": "Feature", "properties": {"kind": "a1", "value": 6.349887364235721, "building_uid": 2858}, "geometry": {"type": "MultiLineString", "coordinates": [[[-90.51198692007249, 14.646022420419916], [-90.51199455845202, 14.645965542978905]], [[-90.51200444580861, 14.646024651461078], [-90.51196939433692, 14.646020189377486]], [[-90.51201208418388, 14.645967774018798], [-90.51197703272072, 14.64596331193774]]]}}, {"id": "1155", "type": "Feature", "properties": {"kind": "a1", "value": 15.40467200469404, "building_uid": 2859}, "geometry": {"type": "MultiLineString", "coordinates": [[[-90.51263064656256, 14.64670701264897], [-90.51265318020893, 14.646569595099615]], [[-90.51267298938428, 14.646713594325837], [-90.51258830374461, 14.646700430964769]], [[-90.51269552300627, 14.646576176768404], [-90.51261083741538, 14.646563013423508]]]}}, {"id": "1156", "type": "Feature", "properties": {"kind": "a1", "value": 32.947849541319485, "building_uid": 2860}, "geometry": {"type": "MultiLineString", "coordinates": [[[-90.51235469699508, 14.646383996338962], [-90.51265685395542, 14.646429190396006]], [[-90.51234077118941, 14.646472251076435], [-90.51236862278384, 14.646295741598303]], [[-90.512642928262, 14.646517445169872], [-90.51267077963197, 14.646340935618953]]]}}, {"id": "1157", "type": "Feature", "properties": {"kind": "a1", "value": 10.316681416563984, "building_uid": 2863}, "geometry": {"type": "MultiLineString", "coordinates": [[[-90.51470446377441, 14.646009359224644], [-90.51472048513553, 14.645917478202124]], [[-90.51473277521802, 14.646014038793503], [-90.51467615233254, 14.646004679652526]], [[-90.51474879656833, 14.645922157767258], [-90.5146921737045, 14.645912798633725]]]}}, {"id": "1158", "type": "Feature", "properties": {"kind": "a1", "value": 8.138317900876974, "building_uid": 2864}, "geometry": {"type": "MultiLineString", "coordinates": [[[-90.51459446336452, 14.645992971765443], [-90.51460631956466, 14.645920366204468]], [[-90.5146168354282, 14.645996434761201], [-90.5145720913019, 14.64598950876765]], [[-90.51462869162152, 14.64592382919797], [-90.51458394750885, 14.645916903208919]]]}}, {"id": "1159", "type": "Feature", "properties": {"kind": "a1", "value": 14.092855726252312, "building_uid": 2865}, "geometry": {"type": "MultiLineString", "coordinates": [[[-90.51442444879943, 14.645825353143726], [-90.51455370311562, 14.645844606575595]], [[-90.51441851620227, 14.645863106162263], [-90.51443038139348, 14.64578760012461]], [[-90.51454777053904, 14.64588235960078], [-90.51455963568915, 14.64580685354984]]]}}, {"id": "1160", "type": "Feature", "properties": {"kind": "a1", "value": 8.202501745428888, "building_uid": 2867}, "geometry": {"type": "MultiLineString", "coordinates": [[[-90.51498623146006, 14.64574869689952], [-90.51491090619406, 14.645738113273229]], [[-90.51498949260139, 14.645726695639718], [-90.51498297031773, 14.645770698159144]], [[-90.51491416734241, 14.645716112015617], [-90.51490764504473, 14.645760114530656]]]}}, {"id": "1161", "type": "Feature", "properties": {"kind": "a1", "value": 17.232987688388675, "building_uid": 2869}, "geometry": {"type": "MultiLineString", "coordinates": [[[-90.51510329915301, 14.645600695758024], [-90.51508263062692, 14.645755063839601]], [[-90.51505573356494, 14.645594658823137], [-90.5151508647453, 14.64560673268358]], [[-90.51503506500748, 14.645749026895402], [-90.51513019625057, 14.645761100774468]]]}}, {"id": "1162", "type": "Feature", "properties": {"kind": "a1", "value": 8.866311819059774, "building_uid": 2871}, "geometry": {"type": "MultiLineString", "coordinates": [[[-90.51508355643851, 14.645445741221309], [-90.51509482070624, 14.64536640180557]], [[-90.5151080033535, 14.645449031331907], [-90.51505910952469, 14.645442451108256]], [[-90.51511926761299, 14.645369691913642], [-90.51507037380065, 14.645363111695037]]]}}, {"id": "1163", "type": "Feature", "properties": {"kind": "a1", "value": 7.1885577123612165, "building_uid": 2872}, "geometry": {"type": "MultiLineString", "coordinates": [[[-90.51354927854005, 14.64481900488994], [-90.51361557208318, 14.644826141457708]], [[-90.51354707954721, 14.6448383682139], [-90.51355147753226, 14.644799641565873]], [[-90.51361337309586, 14.644845504783188], [-90.51361777106982, 14.644806778132116]]]}}, {"id": "1164", "type": "Feature", "properties": {"kind": "a1", "value": 9.828006517176727, "building_uid": 2874}, "geometry": {"type": "MultiLineString", "coordinates": [[[-90.5139699484463, 14.644958866285686], [-90.51388011195104, 14.644943642077978]], [[-90.51397463947663, 14.64493262644025], [-90.51396525741434, 14.644985106130797]], [[-90.51388480299114, 14.644917402235958], [-90.5138754209093, 14.644969881919673]]]}}, {"id": "1165", "type": "Feature", "properties": {"kind": "a1", "value": 4.814103421755135, "building_uid": 2875}, "geometry": {"type": "MultiLineString", "coordinates": [[[-90.51391502352301, 14.644728991547808], [-90.5139084500709, 14.644772006195177]], [[-90.51390176943082, 14.644727071542885], [-90.51392827761559, 14.64473091155201]], [[-90.51389519597629, 14.644770086189487], [-90.51392170416588, 14.64477392620015]]]}}, {"id": "1166", "type": "Feature", "properties": {"kind": "a1", "value": 6.553962042438798, "building_uid": 2876}, "geometry": {"type": "MultiLineString", "coordinates": [[[-90.51439362701645, 14.644830444206109], [-90.51433330986784, 14.644822924597653]], [[-90.51439594402994, 14.6448128264939], [-90.51439131000234, 14.64484806191821]], [[-90.51433562688588, 14.644805306886783], [-90.5143309928492, 14.644840542308414]]]}}, {"id": "1167", "type": "Feature", "properties": {"kind": "a1", "value": 11.442429918079933, "building_uid": 2877}, "geometry": {"type": "MultiLineString", "coordinates": [[[-90.51428762351867, 14.645166217210082], [-90.51430377092021, 14.64506405466121]], [[-90.51431910290259, 14.64517093361162], [-90.51425614413678, 14.645161500804484]], [[-90.51433525029059, 14.645068771058364], [-90.51427229155185, 14.645059338260008]]]}}, {"id": "1168", "type": "Feature", "properties": {"kind": "a1", "value": 4.619297016179189, "building_uid": 2878}, "geometry": {"type": "MultiLineString", "coordinates": [[[-90.51415370904807, 14.644796696591676], [-90.514195741146, 14.644804854892168]], [[-90.51415119523095, 14.644808973522096], [-90.5141562228648, 14.644784419661182]], [[-90.51419322733096, 14.644817131823379], [-90.51419825496062, 14.644792577960867]]]}}, {"id": "1169", "type": "Feature", "properties": {"kind": "a1", "value": 13.176201813864521, "building_uid": 2879}, "geometry": {"type": "MultiLineString", "coordinates": [[[-90.51431572407056, 14.644945448561117], [-90.51430019677873, 14.64506351175044]], [[-90.5142793452544, 14.644940913281665], [-90.51435210288913, 14.644949983835108]], [[-90.5142638179442, 14.645058976465585], [-90.51433657561569, 14.645068047029834]]]}}, {"id": "1170", "type": "Feature", "properties": {"kind": "a1", "value": 12.950945807415188, "building_uid": 2883}, "geometry": {"type": "MultiLineString", "coordinates": [[[-90.51389816884019, 14.645654656834285], [-90.51377943220336, 14.64563668345517]], [[-90.51390370698637, 14.645619975816825], [-90.51389263069139, 14.645689337851241]], [[-90.51378497036684, 14.645602002443365], [-90.51377389403724, 14.645671364466475]]]}}, {"id": "1171", "type": "Feature", "properties": {"kind": "a1", "value": 9.610791243379936, "building_uid": 2884}, "geometry": {"type": "MultiLineString", "coordinates": [[[-90.51272833698681, 14.645678203925637], [-90.51263998966114, 14.645666423646626]], [[-90.51273196685145, 14.645652399129697], [-90.51272470712081, 14.645704008721351]], [[-90.51264361953548, 14.645640618853632], [-90.51263635978545, 14.645692228439383]]]}}, {"id": "1172", "type": "Feature", "properties": {"kind": "a1", "value": 7.7015584188668385, "building_uid": 2886}, "geometry": {"type": "MultiLineString", "coordinates": [[[-90.51331094703471, 14.645714319255422], [-90.5133003948392, 14.645783128433234]], [[-90.51328974478407, 14.645711237134579], [-90.51333214928627, 14.645717401374418]], [[-90.51327919258242, 14.64578004631043], [-90.51332159709692, 14.645786210554196]]]}}, {"id": "1173", "type": "Feature", "properties": {"kind": "a1", "value": 9.86216326651629, "building_uid": 2887}, "geometry": {"type": "MultiLineString", "coordinates": [[[-90.51321248926963, 14.645630317349374], [-90.51312179017764, 14.645618524192214]], [[-90.51321612310134, 14.645603825635403], [-90.51320885543655, 14.645656809063091]], [[-90.51312542401959, 14.645592032481321], [-90.5131181563343, 14.645645015902854]]]}}, {"id": "1174", "type": "Feature", "properties": {"kind": "a1", "value": 7.155588495777921, "building_uid": 2888}, "geometry": {"type": "MultiLineString", "coordinates": [[[-90.51303875006744, 14.64560857659744], [-90.51310455100008, 14.645617181708102]], [[-90.513036098563, 14.645627795967249], [-90.51304140157113, 14.6455893572275]], [[-90.51310189950104, 14.645636401079534], [-90.51310720249839, 14.64559796233654]]]}}, {"id": "1175", "type": "Feature", "properties": {"kind": "a1", "value": 11.043325560516678, "building_uid": 2890}, "geometry": {"type": "MultiLineString", "coordinates": [[[-90.51289565552514, 14.645698599326511], [-90.51299717143186, 14.645712135826678]], [[-90.51289148450071, 14.645728250439202], [-90.5128998265478, 14.645668948213498]], [[-90.51299300042025, 14.645741786943274], [-90.51300134244171, 14.645682484709761]]]}}, {"id": "1176", "type": "Feature", "properties": {"kind": "a1", "value": 11.796405931336093, "building_uid": 2892}, "geometry": {"type": "MultiLineString", "coordinates": [[[-90.51267462913862, 14.644983625005853], [-90.51265918964353, 14.645089122066613]], [[-90.51264212231848, 14.644979115371251], [-90.51270713596082, 14.64498813463613]], [[-90.51262668280886, 14.645084612427477], [-90.51269169648027, 14.645093631701407]]]}}, {"id": "1177", "type": "Feature", "properties": {"kind": "a1", "value": 11.876482271822171, "building_uid": 2893}, "geometry": {"type": "MultiLineString", "coordinates": [[[-90.51242496944222, 14.645178147878019], [-90.51244301840588, 14.645072310828768]], [[-90.51245758105311, 14.645183419695735], [-90.51239235783363, 14.645172876055975]], [[-90.51247563000237, 14.6450775826416], [-90.5124104068117, 14.645067039011609]]]}}, {"id": "1178", "type": "Feature", "properties": {"kind": "a1", "value": 5.091448571300134, "building_uid": 2894}, "geometry": {"type": "MultiLineString", "coordinates": [[[-90.51230638038719, 14.645612630580134], [-90.51225959654046, 14.645606253874629]], [[-90.51230834524627, 14.645598965786936], [-90.51230441552774, 14.645626295373253]], [[-90.51226156140225, 14.645592589082268], [-90.51225763167828, 14.645619918666915]]]}}, {"id": "1179", "type": "Feature", "properties": {"kind": "a1", "value": 9.715319005191079, "building_uid": 2895}, "geometry": {"type": "MultiLineString", "coordinates": [[[-90.51265075708768, 14.645217551768766], [-90.51263638611995, 14.64530419242641]], [[-90.51262406046408, 14.645213354238674], [-90.51267745371281, 14.645221749295944]], [[-90.51260968948664, 14.645299994893083], [-90.51266308275476, 14.645308389956815]]]}}, {"id": "1180", "type": "Feature", "properties": {"kind": "a1", "value": 12.0838863123154, "building_uid": 2896}, "geometry": {"type": "MultiLineString", "coordinates": [[[-90.5126108038504, 14.64541072718459], [-90.51262824563155, 14.645302896578299]], [[-90.51264402977249, 14.645415821648372], [-90.5125775779306, 14.645405632716303]], [[-90.51266147153859, 14.645307991037129], [-90.51259501972679, 14.645297802114953]]]}}, {"id": "1181", "type": "Feature", "properties": {"kind": "a1", "value": 7.0351631502853715, "building_uid": 755}, "geometry": {"type": "MultiLineString", "coordinates": [[[-90.51459807091241, 14.644043603404262], [-90.51466284691718, 14.644051439693056]], [[-90.5145956563234, 14.644062523546301], [-90.51460048550076, 14.644024683262094]], [[-90.5146604323334, 14.644070359836622], [-90.51466526150026, 14.644032519549372]]]}}, {"id": "1182", "type": "Feature", "properties": {"kind": "a1", "value": 10.118334939154595, "building_uid": 2898}, "geometry": {"type": "MultiLineString", "coordinates": [[[-90.51214162059169, 14.645201629275721], [-90.51213064769354, 14.64529240655713]], [[-90.51211364935045, 14.645198424267079], [-90.51216959183428, 14.645204834281131]], [[-90.51210267644139, 14.645289201545392], [-90.51215861894707, 14.645295611565624]]]}}, {"id": "1183", "type": "Feature", "properties": {"kind": "a1", "value": 14.093693860715534, "building_uid": 3049}, "geometry": {"type": "MultiLineString", "coordinates": [[[-90.51409926544974, 14.645473788826148], [-90.51408300645056, 14.645600116137112]], [[-90.51406034011445, 14.645469039838046], [-90.51413819078778, 14.645478537807993]], [[-90.5140440810942, 14.645595367142878], [-90.51412193180967, 14.645604865125089]]]}}, {"id": "1184", "type": "Feature", "properties": {"kind": "a1", "value": 15.17249454632171, "building_uid": 3239}, "geometry": {"type": "MultiLineString", "coordinates": [[[-90.51518020608137, 14.643554964398682], [-90.51520195242303, 14.643419548885678]], [[-90.51522193140312, 14.643561316210253], [-90.51513848076324, 14.64354861257999]], [[-90.51524367772105, 14.64342590068948], [-90.51516022712863, 14.643413197074755]]]}}, {"id": "1185", "type": "Feature", "properties": {"kind": "a1", "value": 13.104862286825666, "building_uid": 3240}, "geometry": {"type": "MultiLineString", "coordinates": [[[-90.51420662691349, 14.643192195306387], [-90.5140864554875, 14.643174165387643]], [[-90.51421218241786, 14.643157094811459], [-90.51420107140645, 14.643227295800807]], [[-90.51409201100962, 14.643139064898477], [-90.51408089996269, 14.643209265876296]]]}}, {"id": "1186", "type": "Feature", "properties": {"kind": "a1", "value": 9.597691833390854, "building_uid": 3241}, "geometry": {"type": "MultiLineString", "coordinates": [[[-90.51390147741047, 14.643147859137013], [-90.51398953205772, 14.643160783051927]], [[-90.51389749519134, 14.643173578742232], [-90.51390545962816, 14.643122139531528]], [[-90.51398554984814, 14.643186502660207], [-90.51399351426588, 14.64313506344338]]]}}, {"id": "1187", "type": "Feature", "properties": {"kind": "a1", "value": 8.555946665517519, "building_uid": 12787}, "geometry": {"type": "MultiLineString", "coordinates": [[[-90.51437242727286, 14.644692555500887], [-90.5143846518668, 14.644616187316355]], [[-90.51439595857822, 14.64469612611973], [-90.51434889596862, 14.644688984879789]], [[-90.51440818316463, 14.644619757932727], [-90.51436112057013, 14.644612616697723]]]}}, {"id": "1188", "type": "Feature", "properties": {"kind": "a1", "value": 5.182987015461548, "building_uid": 12789}, "geometry": {"type": "MultiLineString", "coordinates": [[[-90.51448556545012, 14.644470789573045], [-90.51447839435176, 14.64451708656052]], [[-90.51447129998832, 14.644468695002317], [-90.51449983091234, 14.644472884142948]], [[-90.51446412888717, 14.644514991988897], [-90.51449265981677, 14.644519181131315]]]}}, {"id": "1189", "type": "Feature", "properties": {"kind": "a1", "value": 4.023615877005495, "building_uid": 12843}, "geometry": {"type": "MultiLineString", "coordinates": [[[-90.5123439307425, 14.644111411892531], [-90.51234883874226, 14.644075380114689]], [[-90.51235503317335, 14.644112845448635], [-90.51233282831187, 14.644109978335923]], [[-90.51235994117141, 14.644076813670276], [-90.51233773631334, 14.644073946558581]]]}}, {"id": "1190", "type": "Feature", "properties": {"kind": "a1", "value": 8.145607706333974, "building_uid": 12849}, "geometry": {"type": "MultiLineString", "coordinates": [[[-90.51257836036505, 14.644345343504146], [-90.5125037909925, 14.644333367279339]], [[-90.51258205058558, 14.644323562886965], [-90.51257467014348, 14.644367124121123]], [[-90.51250748121979, 14.644311586664447], [-90.51250010076413, 14.644355147894023]]]}}, {"id": "1191", "type": "Feature", "properties": {"kind": "a1", "value": 6.702388908131979, "building_uid": 12850}, "geometry": {"type": "MultiLineString", "coordinates": [[[-90.51212267522268, 14.645513237546306], [-90.51206121965828, 14.645503979602356]], [[-90.51212552787818, 14.645495287376779], [-90.51211982256649, 14.6455311877157]], [[-90.51206407231842, 14.645486029434341], [-90.51205836699745, 14.64552192977024]]]}}, {"id": "1192", "type": "Feature", "properties": {"kind": "a1", "value": 3.5700564200524236, "building_uid": 12851}, "geometry": {"type": "MultiLineString", "coordinates": [[[-90.51206983534914, 14.645489854036047], [-90.51207422841075, 14.645457888892052]], [[-90.51207968479541, 14.645491137177943], [-90.51205998590305, 14.645488570893743]], [[-90.51208407785568, 14.645459172033547], [-90.512064378966, 14.645456605750152]]]}}, {"id": "1193", "type": "Feature", "properties": {"kind": "a1", "value": 7.04892963077873, "building_uid": 12852}, "geometry": {"type": "MultiLineString", "coordinates": [[[-90.5127683311465, 14.645434091122349], [-90.5127035021446, 14.645425679376935]], [[-90.51277092306087, 14.645415155619807], [-90.51276573923141, 14.645453026624756]], [[-90.51270609406421, 14.645406743875967], [-90.51270091022428, 14.645444614877778]]]}}, {"id": "1194", "type": "Feature", "properties": {"kind": "a1", "value": 6.8944968038704255, "building_uid": 756}, "geometry": {"type": "MultiLineString", "coordinates": [[[-90.51475460549104, 14.643751149937597], [-90.5147444205575, 14.643812636869797]], [[-90.51473565962405, 14.643748175060878], [-90.51477355135879, 14.643754124812853]], [[-90.51472547468565, 14.64380966199145], [-90.51476336643013, 14.64381561174668]]]}}, {"id": "1195", "type": "Feature", "properties": {"kind": "a1", "value": 9.753506612748241, "building_uid": 12916}, "geometry": {"type": "MultiLineString", "coordinates": [[[-90.5151265119639, 14.645619381930294], [-90.5151382068347, 14.64553201246739]], [[-90.51515343320509, 14.64562279781038], [-90.51509959072405, 14.64561596604722]], [[-90.51516512806583, 14.645535428344497], [-90.51511128560492, 14.6455285965873]]]}}, {"id": "1196", "type": "Feature", "properties": {"kind": "a1", "value": 8.59065577504225, "building_uid": 12918}, "geometry": {"type": "MultiLineString", "coordinates": [[[-90.51337044543443, 14.645017812929522], [-90.51344942330257, 14.64502828331643]], [[-90.513367219188, 14.645040881128004], [-90.51337367167979, 14.644994744730852]], [[-90.5134461970639, 14.645051351517264], [-90.51345264954017, 14.645005215115402]]]}}, {"id": "1197", "type": "Feature", "properties": {"kind": "a1", "value": 11.770745835383423, "building_uid": 12952}, "geometry": {"type": "MultiLineString", "coordinates": [[[-90.51490258347836, 14.646309679449232], [-90.51501078146003, 14.646324144536473]], [[-90.51489812631377, 14.646341282195788], [-90.51490704064094, 14.646278076702302]], [[-90.51500632430998, 14.646355747287467], [-90.51501523860806, 14.646292541785114]]]}}, {"id": "1198", "type": "Feature", "properties": {"kind": "a1", "value": 20.09578730598974, "building_uid": 12953}, "geometry": {"type": "MultiLineString", "coordinates": [[[-90.51440712966753, 14.646259731281694], [-90.51443137921082, 14.646079737941413]], [[-90.51446259136254, 14.646266814156423], [-90.51435166797823, 14.646252648394277]], [[-90.51448684086321, 14.64608682080346], [-90.51437591756417, 14.646072655066693]]]}}, {"id": "1199", "type": "Feature", "properties": {"kind": "a1", "value": 5.77167236013338, "building_uid": 12995}, "geometry": {"type": "MultiLineString", "coordinates": [[[-90.51297681073177, 14.645131680865324], [-90.51292376359186, 14.645124543244794]], [[-90.51297901004702, 14.64511618663256], [-90.51297461141603, 14.645147175097996]], [[-90.51292596291061, 14.645109049013099], [-90.51292156427263, 14.645140037476391]]]}}, {"id": "1200", "type": "Feature", "properties": {"kind": "a1", "value": 3.3658412744989623, "building_uid": 12998}, "geometry": {"type": "MultiLineString", "coordinates": [[[-90.51326078566309, 14.645482339775686], [-90.51322984024729, 14.645478249059018]], [[-90.51326204613828, 14.645473301122735], [-90.51325952518776, 14.645491378428611]], [[-90.51323110072367, 14.645469210406429], [-90.51322857977078, 14.64548728771158]]]}}, {"id": "1201", "type": "Feature", "properties": {"kind": "a1", "value": 22.123910497310202, "building_uid": 48}, "geometry": {"type": "MultiLineString", "coordinates": [[[-90.51378729909774, 14.644224880185087], [-90.51381376608022, 14.644026692270486]], [[-90.5138483665483, 14.644232610808622], [-90.5137262316541, 14.644217149546167]], [[-90.51387483347905, 14.64403442287869], [-90.51375269868828, 14.644018961646896]]]}}, {"id": "1202", "type": "Feature", "properties": {"kind": "a1", "value": 9.870079912012445, "building_uid": 180}, "geometry": {"type": "MultiLineString", "coordinates": [[[-90.51466478976153, 14.64468506539432], [-90.51465157355176, 14.644773293334026]], [[-90.51463760411485, 14.644681205141044], [-90.51469197540966, 14.644688925644566]], [[-90.51462438789494, 14.644769433077554], [-90.51467875921004, 14.64477715358747]]]}}, {"id": "1203", "type": "Feature", "properties": {"kind": "a1", "value": 6.364870284916834, "building_uid": 181}, "geometry": {"type": "MultiLineString", "coordinates": [[[-90.51467407406658, 14.644538105417537], [-90.5146664329568, 14.644595119119884]], [[-90.51465650646466, 14.644535873564207], [-90.51469164166903, 14.644540337269593]], [[-90.51464886535062, 14.644592887265288], [-90.51468400056356, 14.644597350973216]]]}}, {"id": "1204", "type": "Feature", "properties": {"kind": "a1", "value": 8.405436648055911, "building_uid": 189}, "geometry": {"type": "MultiLineString", "coordinates": [[[-90.51314830440994, 14.6435523156289], [-90.51322561129855, 14.643562326222032]], [[-90.51314521986092, 14.643574895913302], [-90.51315138895798, 14.643529735344318]], [[-90.51322252675696, 14.643584906508666], [-90.51322869583913, 14.643539745935216]]]}}, {"id": "1205", "type": "Feature", "properties": {"kind": "a1", "value": 10.318432033527642, "building_uid": 190}, "geometry": {"type": "MultiLineString", "coordinates": [[[-90.51302744223624, 14.644220743910033], [-90.51312226537489, 14.64423359317317]], [[-90.51302348299888, 14.644248440365365], [-90.513031401472, 14.644193047454412]], [[-90.51311830614871, 14.64426128963193], [-90.51312622459953, 14.644205896714132]]]}}, {"id": "1206", "type": "Feature", "properties": {"kind": "a1", "value": 10.463064679865997, "building_uid": 197}, "geometry": {"type": "MultiLineString", "coordinates": [[[-90.51270099221219, 14.643452320482705], [-90.51268869084163, 14.643546076513323]], [[-90.51267210336111, 14.643448727419504], [-90.51272988106479, 14.64345591354246]], [[-90.51265980197896, 14.64354248344672], [-90.51271757970581, 14.643549669576487]]]}}, {"id": "1207", "type": "Feature", "properties": {"kind": "a1", "value": 11.229245889000593, "building_uid": 309}, "geometry": {"type": "MultiLineString", "coordinates": [[[-90.51308028225431, 14.643998993886132], [-90.51297704459289, 14.643985325635377]], [[-90.51308449382704, 14.643968839634557], [-90.51307607067974, 14.64402914813738]], [[-90.51298125617888, 14.643955171387823], [-90.51297283300507, 14.644015479882611]]]}}, {"id": "1208", "type": "Feature", "properties": {"kind": "a1", "value": 6.904105907306074, "building_uid": 765}, "geometry": {"type": "MultiLineString", "coordinates": [[[-90.51447319537097, 14.645380789694608], [-90.51448196231956, 14.645319008339508]], [[-90.5144922321015, 14.645383350379305], [-90.5144541586411, 14.645378229008422]], [[-90.51450099904513, 14.645321569022672], [-90.51446292559473, 14.645316447654851]]]}}, {"id": "1209", "type": "Feature", "properties": {"kind": "a1", "value": 13.803848680850013, "building_uid": 770}, "geometry": {"type": "MultiLineString", "coordinates": [[[-90.51402235697398, 14.645688387597238], [-90.51389580995242, 14.645669172939973]], [[-90.51402827759604, 14.645651425300368], [-90.51401643634892, 14.645725349893526]], [[-90.51390173059414, 14.64563221064954], [-90.51388988930772, 14.645706135229846]]]}}, {"id": "1210", "type": "Feature", "properties": {"kind": "a1", "value": 14.28690113419531, "building_uid": 913}, "geometry": {"type": "MultiLineString", "coordinates": [[[-90.51450891563874, 14.646500595462362], [-90.51452716341956, 14.646372763503841]], [[-90.51454830479021, 14.646505925318957], [-90.51446952649029, 14.646495265599384]], [[-90.51456655254962, 14.646378093353873], [-90.51448777429248, 14.646367433647427]]]}}, {"id": "1211", "type": "Feature", "properties": {"kind": "a1", "value": 8.111327996011823, "building_uid": 920}, "geometry": {"type": "MultiLineString", "coordinates": [[[-90.51379524152667, 14.646083483433713], [-90.51378378620537, 14.646155903252122]], [[-90.51377292668717, 14.646080137530602], [-90.51381755636719, 14.6460868293348]], [[-90.51376147135906, 14.646152557346802], [-90.51380610105268, 14.646159249155412]]]}}, {"id": "1212", "type": "Feature", "properties": {"kind": "a1", "value": 7.069969637901522, "building_uid": 1296}, "geometry": {"type": "MultiLineString", "coordinates": [[[-90.51396417009822, 14.644393166010225], [-90.51389907182161, 14.64438530447526]], [[-90.51396659246417, 14.644374151765543], [-90.51396174773159, 14.64441218025479]], [[-90.51390149419287, 14.644366290232114], [-90.51389664944965, 14.644404318718289]]]}}, {"id": "1213", "type": "Feature", "properties": {"kind": "a1", "value": 7.901518312399276, "building_uid": 1298}, "geometry": {"type": "MultiLineString", "coordinates": [[[-90.51354073561996, 14.644390177180725], [-90.51346794207721, 14.644381699685104]], [[-90.51354334778063, 14.644368915262095], [-90.51353812345845, 14.644411439099207]], [[-90.51347055424453, 14.644360437768372], [-90.51346532990905, 14.644402961601703]]]}}, {"id": "1214", "type": "Feature", "properties": {"kind": "a1", "value": 23.70160553709138, "building_uid": 1301}, "geometry": {"type": "MultiLineString", "coordinates": [[[-90.51494522077013, 14.6444828183136], [-90.51516301675021, 14.644512437230263]], [[-90.51493609427713, 14.64454643325674], [-90.51495434725487, 14.644419203368958]], [[-90.51515389031606, 14.644576052191498], [-90.51517214317612, 14.64444882226752]]]}}, {"id": "1215", "type": "Feature", "properties": {"kind": "a1", "value": 4.495975639657134, "building_uid": 1306}, "geometry": {"type": "MultiLineString", "coordinates": [[[-90.51471767601461, 14.643906377628923], [-90.51472290571027, 14.643866083680535]], [[-90.51473009173151, 14.643907905149222], [-90.51470526029802, 14.643904850107987]], [[-90.51473532142501, 14.643867611200216], [-90.5147104899958, 14.643864556160224]]]}}, {"id": "1216", "type": "Feature", "properties": {"kind": "a1", "value": 15.260399265673069, "building_uid": 1407}, "geometry": {"type": "MultiLineString", "coordinates": [[[-90.51226710352974, 14.646045607599095], [-90.51240699217959, 14.64606692077932]], [[-90.51226053625089, 14.64608646668605], [-90.51227367080492, 14.646004748511436]], [[-90.51240042492475, 14.646107779874145], [-90.51241355943077, 14.64602606168379]]]}}, {"id": "1217", "type": "Feature", "properties": {"kind": "a1", "value": 15.633810203988105, "building_uid": 1427}, "geometry": {"type": "MultiLineString", "coordinates": [[[-90.51336126595777, 14.644946964367994], [-90.51333766497528, 14.645086310334444]], [[-90.51331832927826, 14.644940070890478], [-90.51340420264124, 14.644953857837988]], [[-90.51329472827081, 14.645079416848493], [-90.51338060168374, 14.64509320381288]]]}}, {"id": "1218", "type": "Feature", "properties": {"kind": "a1", "value": 6.159037751378491, "building_uid": 1547}, "geometry": {"type": "MultiLineString", "coordinates": [[[-90.51456089932054, 14.645508180257666], [-90.51455300986375, 14.645563285107674]], [[-90.51454391981625, 14.645505875876228], [-90.5145778788254, 14.645510484637912]], [[-90.51453603035546, 14.645560980725017], [-90.51456998937257, 14.64556558948915]]]}}, {"id": "1219", "type": "Feature", "properties": {"kind": "a1", "value": 8.388022544328123, "building_uid": 1548}, "geometry": {"type": "MultiLineString", "coordinates": [[[-90.51459456011183, 14.64570237417815], [-90.51460603599742, 14.645627429302156]], [[-90.51461765296126, 14.645705726094944], [-90.51457146726345, 14.645699022259178]], [[-90.51462912883956, 14.645630781216616], [-90.51458294315636, 14.645624077385508]]]}}, {"id": "1220", "type": "Feature", "properties": {"kind": "a1", "value": 6.675658675725573, "building_uid": 1550}, "geometry": {"type": "MultiLineString", "coordinates": [[[-90.51410303170248, 14.645632769362518], [-90.51416470292271, 14.645638370502658]], [[-90.51410130581469, 14.645650782509557], [-90.51410475758973, 14.645614756215405]], [[-90.51416297703979, 14.645656383650932], [-90.51416642880514, 14.645620357354302]]]}}, {"id": "1221", "type": "Feature", "properties": {"kind": "a1", "value": 7.007725133147615, "building_uid": 1555}, "geometry": {"type": "MultiLineString", "coordinates": [[[-90.51288636913857, 14.645212489931817], [-90.51289564292972, 14.64514983297678]], [[-90.5129056756533, 14.64521519865919], [-90.51286706262455, 14.645209781202912]], [[-90.51291494943933, 14.64515254170256], [-90.51287633642082, 14.645147124249483]]]}}, {"id": "1222", "type": "Feature", "properties": {"kind": "a1", "value": 11.232635473070834, "building_uid": 2589}, "geometry": {"type": "MultiLineString", "coordinates": [[[-90.51488977740584, 14.644488208324729], [-90.51487661674133, 14.644588866029228]], [[-90.51485876180799, 14.644484364291886], [-90.51492079300546, 14.6444920523536]], [[-90.51484560113012, 14.644585021992473], [-90.51490763235431, 14.644592710062017]]]}}, {"id": "1223", "type": "Feature", "properties": {"kind": "a1", "value": 7.830444384195515, "building_uid": 2590}, "geometry": {"type": "MultiLineString", "coordinates": [[[-90.51462032077546, 14.644353999273836], [-90.51461056344444, 14.644424094738007]], [[-90.5145987223156, 14.644351149301759], [-90.51464191923618, 14.644356849243989]], [[-90.51458896497815, 14.644421244763981], [-90.51463216191162, 14.64442694471011]]]}}, {"id": "1224", "type": "Feature", "properties": {"kind": "a1", "value": 9.810157143529148, "building_uid": 2591}, "geometry": {"type": "MultiLineString", "coordinates": [[[-90.51491646880743, 14.644356093710108], [-90.51492397392455, 14.644267775441802]], [[-90.51494368224621, 14.644358285844339], [-90.51488925536971, 14.644353901572773]], [[-90.51495118735279, 14.644269967573466], [-90.51489676049738, 14.64426558330703]]]}}, {"id": "1225", "type": "Feature", "properties": {"kind": "a1", "value": 8.48254312039353, "building_uid": 2600}, "geometry": {"type": "MultiLineString", "coordinates": [[[-90.51243319137113, 14.644185621813667], [-90.51235513137162, 14.64417584512949]], [[-90.51243620384639, 14.64416282161908], [-90.51243017889487, 14.644208422008072]], [[-90.51235814385448, 14.644153044937152], [-90.51235211888775, 14.644198645321659]]]}}, {"id": "1226", "type": "Feature", "properties": {"kind": "a1", "value": 8.30371237826491, "building_uid": 2602}, "geometry": {"type": "MultiLineString", "coordinates": [[[-90.5127894855502, 14.644312696647665], [-90.51279968878812, 14.644238345905132]], [[-90.5128123951816, 14.64431567686414], [-90.5127665759198, 14.644309716429031]], [[-90.51282259841224, 14.644241326119424], [-90.51277677916498, 14.644235365688681]]]}}, {"id": "1227", "type": "Feature", "properties": {"kind": "a1", "value": 14.926369400418201, "building_uid": 2604}, "geometry": {"type": "MultiLineString", "coordinates": [[[-90.51262449805824, 14.644001282570422], [-90.51264569869959, 14.643868034752815]], [[-90.51266555553678, 14.644007474977522], [-90.5125834405832, 14.643995090156427]], [[-90.51268675615512, 14.643874227152422], [-90.51260464124755, 14.643861842346318]]]}}, {"id": "1228", "type": "Feature", "properties": {"kind": "a1", "value": 12.357522481353953, "building_uid": 2605}, "geometry": {"type": "MultiLineString", "coordinates": [[[-90.5128457604415, 14.64365108998846], [-90.51273219556714, 14.643635725735882]], [[-90.51285049459185, 14.64361791925128], [-90.5128410262889, 14.643684260725228]], [[-90.51273692973349, 14.643602555003616], [-90.51272746139854, 14.643668896467744]]]}}, {"id": "1229", "type": "Feature", "properties": {"kind": "a1", "value": 16.416350977173856, "building_uid": 2606}, "geometry": {"type": "MultiLineString", "coordinates": [[[-90.51271221226817, 14.643804461633765], [-90.51286309702269, 14.64382473603702]], [[-90.51270596513176, 14.64384853295138], [-90.51271845940063, 14.643760390315432]], [[-90.51285684991454, 14.643868807363283], [-90.51286934412688, 14.643780664710045]]]}}, {"id": "1230", "type": "Feature", "properties": {"kind": "a1", "value": 10.453276611398906, "building_uid": 2607}, "geometry": {"type": "MultiLineString", "coordinates": [[[-90.5125561966409, 14.643581006308565], [-90.5124603083216, 14.643566827160845]], [[-90.51256056562825, 14.643552998641168], [-90.51255182765186, 14.643609013975647]], [[-90.51246467732025, 14.643538819497095], [-90.51245593932124, 14.643594834824276]]]}}, {"id": "1231", "type": "Feature", "properties": {"kind": "a1", "value": 8.14989110000897, "building_uid": 2692}, "geometry": {"type": "MultiLineString", "coordinates": [[[-90.51462728600379, 14.648366716154529], [-90.51470241821306, 14.648375050892358]], [[-90.51462471777597, 14.648388660757114], [-90.51462985423075, 14.6483447715518]], [[-90.51469984999235, 14.648396995496922], [-90.5147049864329, 14.648353106287662]]]}}, {"id": "1232", "type": "Feature", "properties": {"kind": "a1", "value": 6.251855536713265, "building_uid": 2709}, "geometry": {"type": "MultiLineString", "coordinates": [[[-90.51443590592464, 14.647273117918166], [-90.51437846807661, 14.647265224410127]], [[-90.51443833817545, 14.647256341394671], [-90.51443347367325, 14.647289894441565]], [[-90.51438090033152, 14.647248447887886], [-90.51437603582114, 14.647282000932254]]]}}, {"id": "1233", "type": "Feature", "properties": {"kind": "a1", "value": 16.342504417756572, "building_uid": 2710}, "geometry": {"type": "MultiLineString", "coordinates": [[[-90.5141363004827, 14.647530140737002], [-90.5141570702582, 14.647383902349446]], [[-90.51418136146327, 14.64753620719541], [-90.51409123950602, 14.647524074270233]], [[-90.51420213121075, 14.647389968799288], [-90.51411200930954, 14.647377835891254]]]}}, {"id": "1234", "type": "Feature", "properties": {"kind": "a1", "value": 11.293631993001327, "building_uid": 2713}, "geometry": {"type": "MultiLineString", "coordinates": [[[-90.51408779383762, 14.648244363262004], [-90.51410176150341, 14.648143252751098]], [[-90.51411894949963, 14.648248442938954], [-90.51405663817745, 14.648240283581059]], [[-90.51413291715201, 14.648147332424003], [-90.51407060585666, 14.648139173074195]]]}}, {"id": "1235", "type": "Feature", "properties": {"kind": "a1", "value": 10.348250833922066, "building_uid": 2714}, "geometry": {"type": "MultiLineString", "coordinates": [[[-90.51433585005306, 14.64834004642388], [-90.5142407968676, 14.648326843366199]], [[-90.51433991836917, 14.648312283298013], [-90.51433178173535, 14.64836780954945]], [[-90.5142448651949, 14.648299080243817], [-90.51423672853869, 14.648354606488288]]]}}, {"id": "1236", "type": "Feature", "properties": {"kind": "a1", "value": 5.813112362774819, "building_uid": 2715}, "geometry": {"type": "MultiLineString", "coordinates": [[[-90.51411651719052, 14.648262070383865], [-90.51410926668134, 14.648314106448282]], [[-90.51410048306978, 14.648259952655504], [-90.51413255131175, 14.648264188111163]], [[-90.51409323255704, 14.648311988718843], [-90.51412530080613, 14.648316224176657]]]}}, {"id": "1237", "type": "Feature", "properties": {"kind": "a1", "value": 7.171695963649675, "building_uid": 2716}, "geometry": {"type": "MultiLineString", "coordinates": [[[-90.51426404356943, 14.64810127460361], [-90.51425459056487, 14.648165402999306]], [[-90.51424428339567, 14.64809851356856], [-90.51428380374395, 14.64810403563705]], [[-90.51423483038575, 14.648162641962584], [-90.51427435074477, 14.648168164034427]]]}}, {"id": "1238", "type": "Feature", "properties": {"kind": "a1", "value": 11.991388465808457, "building_uid": 2717}, "geometry": {"type": "MultiLineString", "coordinates": [[[-90.51432284241761, 14.648000021628837], [-90.51430797099465, 14.648107373736778]], [[-90.51428976354077, 14.647995677979672], [-90.51435592129653, 14.6480043652735]], [[-90.51427489210269, 14.648103030083044], [-90.5143410498887, 14.64811171738601]]]}}, {"id": "1239", "type": "Feature", "properties": {"kind": "a1", "value": 10.727154003456235, "building_uid": 2718}, "geometry": {"type": "MultiLineString", "coordinates": [[[-90.5144928002754, 14.6479915007646], [-90.51450743599835, 14.6478956504834]], [[-90.51452233504332, 14.647995775572767], [-90.51446326550922, 14.647987225952857]], [[-90.51453697075432, 14.647899925287762], [-90.51447790124413, 14.647891375675464]]]}}, {"id": "1240", "type": "Feature", "properties": {"kind": "a1", "value": 8.970308046322316, "building_uid": 2721}, "geometry": {"type": "MultiLineString", "coordinates": [[[-90.51454034571276, 14.648355531803308], [-90.51462285472972, 14.648366178596923]], [[-90.51453706505913, 14.6483796310235], [-90.51454362636525, 14.648331432582916]], [[-90.51461957408456, 14.648390277819647], [-90.5146261353737, 14.648342079373984]]]}}, {"id": "1241", "type": "Feature", "properties": {"kind": "a1", "value": 18.55540209601168, "building_uid": 2722}, "geometry": {"type": "MultiLineString", "coordinates": [[[-90.51436666939813, 14.648095028257805], [-90.51453728969372, 14.648117432621104]], [[-90.51435976581914, 14.648144863061397], [-90.51437357297218, 14.648045193453324]], [[-90.51453038615095, 14.648167267435642], [-90.51454419323153, 14.648067597805682]]]}}, {"id": "1242", "type": "Feature", "properties": {"kind": "a1", "value": 8.601928806396774, "building_uid": 2723}, "geometry": {"type": "MultiLineString", "coordinates": [[[-90.51416435205334, 14.647674071106502], [-90.51417532578132, 14.647597103664655]], [[-90.51418806833426, 14.647677276322137], [-90.5141406357735, 14.64767086588856]], [[-90.5141990420545, 14.647600308877903], [-90.51415160950924, 14.647593898449088]]]}}, {"id": "1243", "type": "Feature", "properties": {"kind": "a1", "value": 10.41138660022989, "building_uid": 2724}, "geometry": {"type": "MultiLineString", "coordinates": [[[-90.5140865255839, 14.647775295115503], [-90.51409889014228, 14.647682017556168]], [[-90.51411526757906, 14.647778906564426], [-90.5140577835903, 14.647771683663166]], [[-90.51412763212595, 14.647685629001701], [-90.51407014816013, 14.647678406107213]]]}}, {"id": "1244", "type": "Feature", "properties": {"kind": "a1", "value": 6.306469096103682, "building_uid": 2725}, "geometry": {"type": "MultiLineString", "coordinates": [[[-90.51419471715211, 14.647565572600438], [-90.51425274981082, 14.647572864974421]], [[-90.51419247012292, 14.647582522832193], [-90.51419696418073, 14.647548622368587]], [[-90.51425050278583, 14.647589815207418], [-90.51425499683523, 14.647555914741332]]]}}, {"id": "1245", "type": "Feature", "properties": {"kind": "a1", "value": 6.470379654550926, "building_uid": 2727}, "geometry": {"type": "MultiLineString", "coordinates": [[[-90.51447609171119, 14.647717613201497], [-90.51446669586062, 14.647775343043765]], [[-90.51445830318427, 14.647714868855116], [-90.51449388023877, 14.64772035754658]], [[-90.5144489073294, 14.647772598695962], [-90.51448448439251, 14.647778087390273]]]}}, {"id": "1246", "type": "Feature", "properties": {"kind": "a1", "value": 7.029308940470313, "building_uid": 2732}, "geometry": {"type": "MultiLineString", "coordinates": [[[-90.5142611346773, 14.646877427068512], [-90.51426994349438, 14.646814509695432]], [[-90.51428052158384, 14.64687999996453], [-90.51424174777148, 14.646874854170946]], [[-90.51428933039574, 14.646817082589875], [-90.51425055659375, 14.646811936799438]]]}}, {"id": "1247", "type": "Feature", "properties": {"kind": "a1", "value": 5.753682272741571, "building_uid": 2733}, "geometry": {"type": "MultiLineString", "coordinates": [[[-90.51420277130842, 14.646776394944553], [-90.51419504571187, 14.646827823653538]], [[-90.51418692444375, 14.646774138437236], [-90.51421861817359, 14.646778651450843]], [[-90.51417919884375, 14.646825567145125], [-90.5142108925805, 14.646830080160917]]]}}, {"id": "1248", "type": "Feature", "properties": {"kind": "a1", "value": 6.152768181404099, "building_uid": 2735}, "geometry": {"type": "MultiLineString", "coordinates": [[[-90.51422604569606, 14.646668936842863], [-90.51421791748064, 14.646723951558641]], [[-90.514209093874, 14.646666562736671], [-90.51424299751868, 14.64667131094787]], [[-90.51420096565464, 14.646721577451215], [-90.5142348693072, 14.64672632566488]]]}}, {"id": "1249", "type": "Feature", "properties": {"kind": "a1", "value": 6.304476621095091, "building_uid": 2737}, "geometry": {"type": "MultiLineString", "coordinates": [[[-90.51438385782991, 14.646751135727294], [-90.5143921873735, 14.646694764637719]], [[-90.51440122760162, 14.646753568637592], [-90.51436648805881, 14.646748702815755]], [[-90.51440955714106, 14.646697197546724], [-90.51437481760652, 14.646692331727474]]]}}, {"id": "1250", "type": "Feature", "properties": {"kind": "a1", "value": 16.406014160436072, "building_uid": 2739}, "geometry": {"type": "MultiLineString", "coordinates": [[[-90.51435803133458, 14.646515338238103], [-90.51433898182337, 14.646662376762436]], [[-90.51431272401872, 14.646509774214055], [-90.51440333865416, 14.64652090225368]], [[-90.51429367447898, 14.646656812730058], [-90.51438428917149, 14.646667940786335]]]}}, {"id": "1251", "type": "Feature", "properties": {"kind": "a1", "value": 13.836437431881098, "building_uid": 2743}, "geometry": {"type": "MultiLineString", "coordinates": [[[-90.5136719721622, 14.646310936029552], [-90.51365126587976, 14.646434290827532]], [[-90.51363396260274, 14.646304888086418], [-90.51370998172477, 14.646316983966791]], [[-90.51361325630069, 14.64642824287781], [-90.51368927546191, 14.646440338771352]]]}}, {"id": "1252", "type": "Feature", "properties": {"kind": "a1", "value": 8.351187655818649, "building_uid": 2754}, "geometry": {"type": "MultiLineString", "coordinates": [[[-90.51384995171979, 14.647608249640514], [-90.5139267133767, 14.647618539084181]], [[-90.51384678118974, 14.647630670250193], [-90.51385312224882, 14.647585829030643]], [[-90.51392354285397, 14.6476409596961], [-90.5139298838984, 14.647596118472077]]]}}, {"id": "1253", "type": "Feature", "properties": {"kind": "a1", "value": 0.9490475743077695, "building_uid": 2756}, "geometry": {"type": "MultiLineString", "coordinates": [[[-90.51382881645155, 14.647726364878238], [-90.51382759692251, 14.647734855471136]], [[-90.51382620021111, 14.64772600867734], [-90.51383143269199, 14.647726721079106]], [[-90.51382498068199, 14.647734499270213], [-90.51383021316305, 14.647735211672035]]]}}, {"id": "1254", "type": "Feature", "properties": {"kind": "a1", "value": 7.2208465174771845, "building_uid": 2760}, "geometry": {"type": "MultiLineString", "coordinates": [[[-90.51368123548653, 14.647610999596793], [-90.51374752418329, 14.647620466029231]], [[-90.51367831855512, 14.647630361255324], [-90.51368415241714, 14.647591637938119]], [[-90.51374460725731, 14.647639827689476], [-90.51375044110847, 14.64760110436884]]]}}, {"id": "1255", "type": "Feature", "properties": {"kind": "a1", "value": 8.24491791060427, "building_uid": 2784}, "geometry": {"type": "MultiLineString", "coordinates": [[[-90.51345005046858, 14.648244821392796], [-90.5135251734813, 14.648258888988503]], [[-90.51344571574941, 14.648266763320995], [-90.51345438518653, 14.648222879464347]], [[-90.51352083876887, 14.648280830919209], [-90.5135295081925, 14.648236947057546]]]}}, {"id": "1256", "type": "Feature", "properties": {"kind": "a1", "value": 13.133752957219258, "building_uid": 2802}, "geometry": {"type": "MultiLineString", "coordinates": [[[-90.51279981116035, 14.648015469493822], [-90.51267908551728, 14.647999315366825]], [[-90.51280478879242, 14.647980207905144], [-90.51279483352576, 14.648050731082039]], [[-90.51268406316746, 14.647964053783674], [-90.51267410786458, 14.648034576949522]]]}}, {"id": "1257", "type": "Feature", "properties": {"kind": "a1", "value": 10.491272439248858, "building_uid": 2817}, "geometry": {"type": "MultiLineString", "coordinates": [[[-90.51256432042061, 14.647841740577036], [-90.51257820905232, 14.647747937481265]], [[-90.51259322436032, 14.647845797177233], [-90.51253541648256, 14.647837683973403]], [[-90.51260711298052, 14.647751994077867], [-90.51254930512575, 14.647743880881233]]]}}, {"id": "1258", "type": "Feature", "properties": {"kind": "a1", "value": 8.665891409735195, "building_uid": 2823}, "geometry": {"type": "MultiLineString", "coordinates": [[[-90.51208863964779, 14.648035778877574], [-90.51200893722958, 14.648025447189918]], [[-90.5120918231921, 14.648012499370173], [-90.51208545610238, 14.648059058384796]], [[-90.5120121207818, 14.648002167684892], [-90.51200575367626, 14.648048726694764]]]}}, {"id": "1259", "type": "Feature", "properties": {"kind": "a1", "value": 6.809552316788015, "building_uid": 2852}, "geometry": {"type": "MultiLineString", "coordinates": [[[-90.51218410966277, 14.64704670589653], [-90.51217910405302, 14.647108026482982]], [[-90.51216521476404, 14.647045243849968], [-90.51220300456198, 14.647048167941596]], [[-90.5121602091492, 14.647106564435186], [-90.51219799895733, 14.647109488529269]]]}}, {"id": "1260", "type": "Feature", "properties": {"kind": "a1", "value": 14.587566066998988, "building_uid": 2857}, "geometry": {"type": "MultiLineString", "coordinates": [[[-90.5120771379167, 14.646033294287227], [-90.51221090203663, 14.646053397104016]], [[-90.51207094359066, 14.646072364506061], [-90.51208333223941, 14.645994224067763]], [[-90.51220470773255, 14.646092467330003], [-90.51221709633735, 14.646014326877403]]]}}, {"id": "1261", "type": "Feature", "properties": {"kind": "a1", "value": 7.8547084842575705, "building_uid": 2862}, "geometry": {"type": "MultiLineString", "coordinates": [[[-90.51459356333062, 14.645813650108911], [-90.51466563835422, 14.645824158406574]], [[-90.51459032539158, 14.645834702017279], [-90.51459680126872, 14.645792598200373]], [[-90.51466240042157, 14.645845210316986], [-90.5146688762859, 14.645803106495991]]]}}, {"id": "1262", "type": "Feature", "properties": {"kind": "a1", "value": 4.411992882932454, "building_uid": 2866}, "geometry": {"type": "MultiLineString", "coordinates": [[[-90.51449624998423, 14.645700616564541], [-90.51449007795871, 14.645740016664089]], [[-90.51448410958722, 14.645698813818276], [-90.51450839038154, 14.645702419310208]], [[-90.51447793755969, 14.645738213917172], [-90.51450221835803, 14.645741819410405]]]}}, {"id": "1263", "type": "Feature", "properties": {"kind": "a1", "value": 5.274199621175181, "building_uid": 2873}, "geometry": {"type": "MultiLineString", "coordinates": [[[-90.51400323073209, 14.644772913437968], [-90.51405144127085, 14.64478108452255]], [[-90.51400071297569, 14.644786994997597], [-90.51400574848802, 14.644758831878242]], [[-90.51404892351727, 14.644795166083167], [-90.51405395902397, 14.644767002961848]]]}}, {"id": "1264", "type": "Feature", "properties": {"kind": "a1", "value": 10.225389232095932, "building_uid": 2880}, "geometry": {"type": "MultiLineString", "coordinates": [[[-90.51393556222959, 14.645229878639869], [-90.51402917736452, 14.645244878320614]], [[-90.51393094036477, 14.645257222127238], [-90.51394018409273, 14.645202535152174]], [[-90.51402455551037, 14.645272221811581], [-90.51403379921696, 14.645217534829307]]]}}, {"id": "1265", "type": "Feature", "properties": {"kind": "a1", "value": 6.234324692605789, "building_uid": 2881}, "geometry": {"type": "MultiLineString", "coordinates": [[[-90.51409917179089, 14.645112886296618], [-90.51404244424239, 14.645101874905249]], [[-90.51410256473174, 14.645096317072797], [-90.51409577884931, 14.645129455520289]], [[-90.51404583718707, 14.645085305682885], [-90.514039051297, 14.645118444127462]]]}}, {"id": "1266", "type": "Feature", "properties": {"kind": "a1", "value": 9.552900305949152, "building_uid": 2882}, "geometry": {"type": "MultiLineString", "coordinates": [[[-90.51355904388917, 14.645069307059805], [-90.51364695093442, 14.645080342151681]], [[-90.51355564363824, 14.645094983324821], [-90.51356244413881, 14.645043630794559]], [[-90.51364355069313, 14.64510601841955], [-90.5136503511744, 14.645054665883587]]]}}, {"id": "1267", "type": "Feature", "properties": {"kind": "a1", "value": 6.897020750213415, "building_uid": 2891}, "geometry": {"type": "MultiLineString", "coordinates": [[[-90.51224172960289, 14.645310658626117], [-90.5122337410247, 14.645372475345013]], [[-90.51222268198211, 14.645308325290822], [-90.51226077722434, 14.64531299195992]], [[-90.51221469339886, 14.645370142008247], [-90.5122527886512, 14.645374808680291]]]}}, {"id": "1268", "type": "Feature", "properties": {"kind": "a1", "value": 6.8680162852979265, "building_uid": 2897}, "geometry": {"type": "MultiLineString", "coordinates": [[[-90.5125524100919, 14.64518786841214], [-90.51261534741306, 14.645197584158893]], [[-90.51254941637212, 14.645206251403783], [-90.51255540381092, 14.645169485420348]], [[-90.51261235369815, 14.645215967152142], [-90.51261834112724, 14.6451792011655]]]}}, {"id": "1269", "type": "Feature", "properties": {"kind": "a1", "value": 6.234378244557052, "building_uid": 12745}, "geometry": {"type": "MultiLineString", "coordinates": [[[-90.51417846031478, 14.64622242246651], [-90.51417045776223, 14.646278199118468]], [[-90.51416127375089, 14.646220085059365], [-90.51419564687926, 14.646224759872439]], [[-90.51415327119425, 14.646275861710077], [-90.51418764433078, 14.64628053652565]]]}}, {"id": "1270", "type": "Feature", "properties": {"kind": "a1", "value": 6.5229387714061895, "building_uid": 12746}, "geometry": {"type": "MultiLineString", "coordinates": [[[-90.51425238752972, 14.646273215986918], [-90.51424451587448, 14.646331640384416]], [[-90.51423438510683, 14.646270916813151], [-90.51427038995323, 14.646275515159351]], [[-90.5142265134471, 14.646329341209311], [-90.51426251830247, 14.646333939558183]]]}}, {"id": "1271", "type": "Feature", "properties": {"kind": "a1", "value": 20.717872549314052, "building_uid": 12782}, "geometry": {"type": "MultiLineString", "coordinates": [[[-90.51342630758778, 14.644368468197502], [-90.51339960218495, 14.644553807943506]], [[-90.51336919899559, 14.644360667947105], [-90.51348341618629, 14.644376268434492]], [[-90.51334249354784, 14.644546007679256], [-90.5134567108284, 14.644561608194362]]]}}, {"id": "1272", "type": "Feature", "properties": {"kind": "a1", "value": 9.239318411098793, "building_uid": 12783}, "geometry": {"type": "MultiLineString", "coordinates": [[[-90.5131926257972, 14.643603303480553], [-90.51327745480555, 14.643615336573268]], [[-90.51318891805752, 14.643628080867062], [-90.51319633353562, 14.643578526093812]], [[-90.51327374707473, 14.643640113962578], [-90.51328116253505, 14.643590559183725]]]}}, {"id": "1273", "type": "Feature", "properties": {"kind": "a1", "value": 16.00474856758956, "building_uid": 12784}, "geometry": {"type": "MultiLineString", "coordinates": [[[-90.51363242229816, 14.643550938036947], [-90.51348536633124, 14.643530852915989]], [[-90.5136386110721, 14.64350798499109], [-90.51362623352047, 14.643593891082126]], [[-90.51349155513198, 14.643487899878393], [-90.51347917752672, 14.643573805952899]]]}}, {"id": "1274", "type": "Feature", "properties": {"kind": "a1", "value": 29.568058037781157, "building_uid": 12785}, "geometry": {"type": "MultiLineString", "coordinates": [[[-90.51308672829828, 14.643952579841637], [-90.51335971981096, 14.64397903020619]], [[-90.5130785781303, 14.644032316767863], [-90.51309487845563, 14.643872842913703]], [[-90.51335156973765, 14.644058767157212], [-90.51336786987363, 14.643899293253462]]]}}, {"id": "1275", "type": "Feature", "properties": {"kind": "a1", "value": 19.969639357062988, "building_uid": 12786}, "geometry": {"type": "MultiLineString", "coordinates": [[[-90.51362674291966, 14.643728120054016], [-90.51344325633697, 14.643703059080941]], [[-90.51363446489091, 14.643674526163128], [-90.5136190209425, 14.643781713943836]], [[-90.51345097835, 14.643649465202925], [-90.51343553431809, 14.643756652957887]]]}}, {"id": "1276", "type": "Feature", "properties": {"kind": "a1", "value": 8.955240904353559, "building_uid": 12788}, "geometry": {"type": "MultiLineString", "coordinates": [[[-90.51441529261436, 14.644539146414989], [-90.51440182799217, 14.644618974279986]], [[-90.51439069529654, 14.644535213601575], [-90.51443988993346, 14.644543079225926]], [[-90.51437723066617, 14.644615041463807], [-90.51442642531948, 14.644622907093694]]]}}, {"id": "1277", "type": "Feature", "properties": {"kind": "a1", "value": 11.481423553519557, "building_uid": 12846}, "geometry": {"type": "MultiLineString", "coordinates": [[[-90.51242160630788, 14.644121450025793], [-90.51243543322921, 14.644018610174728]], [[-90.51245329423631, 14.644125488670984], [-90.51238991838132, 14.644117411376472]], [[-90.51246712114371, 14.644022648815772], [-90.51240374531658, 14.644014571529548]]]}}, {"id": "1278", "type": "Feature", "properties": {"kind": "a1", "value": 7.9821173921227455, "building_uid": 12847}, "geometry": {"type": "MultiLineString", "coordinates": [[[-90.51249026226336, 14.643946513221422], [-90.51241688710647, 14.643936729448043]], [[-90.51249327692017, 14.643925081377837], [-90.51248724760562, 14.643967945064825]], [[-90.51241990176996, 14.643915297606496], [-90.51241387244202, 14.64395816128942]]]}}, {"id": "1279", "type": "Feature", "properties": {"kind": "a1", "value": 9.352646071310257, "building_uid": 12848}, "geometry": {"type": "MultiLineString", "coordinates": [[[-90.51234406313321, 14.643968638912135], [-90.51235638028473, 14.64388500738405]], [[-90.51236983240429, 14.64397223657768], [-90.51231829386343, 14.643965041243874]], [[-90.51238214954668, 14.643888605046742], [-90.51233061102408, 14.643881409718633]]]}}, {"id": "1280", "type": "Feature", "properties": {"kind": "a1", "value": 6.669686461798848, "building_uid": 12856}, "geometry": {"type": "MultiLineString", "coordinates": [[[-90.51176107503905, 14.647607446694893], [-90.51176989212603, 14.64754781092106]], [[-90.51177945083917, 14.647610021997709], [-90.5117426992396, 14.64760487139069]], [[-90.51178826792149, 14.647550386222422], [-90.5117515163312, 14.64754523561831]]]}}, {"id": "1281", "type": "Feature", "properties": {"kind": "a1", "value": 6.819026903480908, "building_uid": 12915}, "geometry": {"type": "MultiLineString", "coordinates": [[[-90.51496443231923, 14.645413903200408], [-90.5149564608923, 14.645475011988045]], [[-90.51494560282472, 14.645411574875824], [-90.51498326181438, 14.645416231523525]], [[-90.51493763139287, 14.645472683662014], [-90.51497529039236, 14.645477340312606]]]}}, {"id": "1282", "type": "Feature", "properties": {"kind": "a1", "value": 16.73815908585675, "building_uid": 12919}, "geometry": {"type": "MultiLineString", "coordinates": [[[-90.51392902527924, 14.644394060828262], [-90.51395037991597, 14.644244293077039]], [[-90.51397517310745, 14.644400298203974], [-90.51388287745513, 14.64438782344379]], [[-90.51399652771481, 14.64425053044375], [-90.51390423212123, 14.644238055701573]]]}}, {"id": "1283", "type": "Feature", "properties": {"kind": "a1", "value": 7.574004590846642, "building_uid": 12951}, "geometry": {"type": "MultiLineString", "coordinates": [[[-90.51449253519408, 14.645942500016101], [-90.51456185940937, 14.645953712262283]], [[-90.51448908034469, 14.645962748447289], [-90.51449599004255, 14.645922251584722]], [[-90.51455840456585, 14.645973960695466], [-90.51456531425198, 14.645933463828923]]]}}, {"id": "1284", "type": "Feature", "properties": {"kind": "a1", "value": 8.46255252219271, "building_uid": 12956}, "geometry": {"type": "MultiLineString", "coordinates": [[[-90.51455283334839, 14.647285285036563], [-90.5144751489158, 14.647274168994052]], [[-90.51455625856782, 14.6472625948643], [-90.5145494081279, 14.647307975208616]], [[-90.51447857414267, 14.647251478824153], [-90.51447172368785, 14.647296859163754]]]}}, {"id": "1285", "type": "Feature", "properties": {"kind": "a1", "value": 12.000167018537612, "building_uid": 12987}, "geometry": {"type": "MultiLineString", "coordinates": [[[-90.5151593704585, 14.644254973713906], [-90.51517210247056, 14.644147281300775]], [[-90.51519255362193, 14.64425869254944], [-90.51512618729697, 14.644251254873812]], [[-90.51520528561858, 14.644151000132], [-90.51513891932444, 14.644143562464983]]]}}, {"id": "1286", "type": "Feature", "properties": {"kind": "a1", "value": 5.655672160908581, "building_uid": 12997}, "geometry": {"type": "MultiLineString", "coordinates": [[[-90.5128320628304, 14.645601763908138], [-90.51283918337477, 14.64555114603007]], [[-90.51284765976716, 14.64560384370245], [-90.5128164658941, 14.645599684112826]], [[-90.51285478030816, 14.645553225823354], [-90.51282358644183, 14.645549066235773]]]}}, {"id": "1287", "type": "Feature", "properties": {"kind": "a1", "value": 8.498780415975489, "building_uid": 1000003}, "geometry": {"type": "MultiLineString", "coordinates": [[[-90.51441298879665, 14.642945354888354], [-90.51433517066812, 14.642932954261953]], [[-90.51441680976264, 14.642922625210314], [-90.51440916782951, 14.64296808456617]], [[-90.51433899164148, 14.6429102245864], [-90.51433134969358, 14.64295568393728]]]}}, {"id": "1288", "type": "Feature", "properties": {"kind": "a1", "value": 6.7672012449475, "building_uid": 1000002}, "geometry": {"type": "MultiLineString", "coordinates": [[[-90.51424171212263, 14.643058992794328], [-90.51417943264553, 14.6430512312822]], [[-90.51424410365415, 14.64304080176729], [-90.51423932059048, 14.643077183821248]], [[-90.51418182418189, 14.643033040256586], [-90.51417704110854, 14.643069422307699]]]}}, {"id": "1289", "type": "Feature", "properties": {"kind": "a1", "value": 9.408466817461886, "building_uid": 1000004}, "geometry": {"type": "MultiLineString", "coordinates": [[[-90.5151934801266, 14.643156898540695], [-90.51510694427003, 14.64314572185957]], [[-90.5151969239641, 14.643131622550788], [-90.51519003628782, 14.643182174530379]], [[-90.51511038811687, 14.643120445872455], [-90.51510350042194, 14.643170997846461]]]}}, {"id": "1290", "type": "Feature", "properties": {"kind": "a1", "value": 3.8506502525415276, "building_uid": 1000005}, "geometry": {"type": "MultiLineString", "coordinates": [[[-90.51225280535819, 14.643488628783482], [-90.51224836429898, 14.64352314377309]], [[-90.51224217032424, 14.643487331610466], [-90.51226344039235, 14.64348992595603]], [[-90.51223772926345, 14.64352184659961], [-90.5122589993347, 14.643524440946095]]]}}, {"id": "1291", "type": "Feature", "properties": {"kind": "a1", "value": 6.272689335048198, "building_uid": 1000012}, "geometry": {"type": "MultiLineString", "coordinates": [[[-90.51335326315473, 14.644284125978869], [-90.51334450473584, 14.64434014493026]], [[-90.51333600208515, 14.644281567773378], [-90.51337052422491, 14.644286684183134]], [[-90.51332724366222, 14.644337586723452], [-90.5133617658101, 14.644342703135841]]]}}, {"id": "1292", "type": "Feature", "properties": {"kind": "a1", "value": 10.79966312274337, "building_uid": 1000007}, "geometry": {"type": "MultiLineString", "coordinates": [[[-90.51417556345005, 14.643691179456104], [-90.51407692986126, 14.643673986098012]], [[-90.5141808612026, 14.643662369947213], [-90.5141702656955, 14.64371998896458]], [[-90.51408222762555, 14.643645176593305], [-90.51407163209497, 14.64370279560232]]]}}, {"id": "1293", "type": "Feature", "properties": {"kind": "a1", "value": 4.747428776230663, "building_uid": 1000008}, "geometry": {"type": "MultiLineString", "coordinates": [[[-90.51424131866277, 14.644539701009936], [-90.51419772406237, 14.644533563605307]], [[-90.51424320977667, 14.644526967680154], [-90.51423942754855, 14.64455243433966]], [[-90.51419961517861, 14.644520830276262], [-90.51419583294579, 14.644546296934289]]]}}, {"id": "1294", "type": "Feature", "properties": {"kind": "a1", "value": 6.3498169016093025, "building_uid": 1000009}, "geometry": {"type": "MultiLineString", "coordinates": [[[-90.51448174072338, 14.643924851887176], [-90.51442319442499, 14.643918442370328]], [[-90.51448371567639, 14.643907751341693], [-90.51447976576986, 14.64394195243257]], [[-90.5144251693823, 14.643901341826048], [-90.51442121946715, 14.643935542914521]]]}}, {"id": "1295", "type": "Feature", "properties": {"kind": "a1", "value": 7.34896159498021, "building_uid": 1000011}, "geometry": {"type": "MultiLineString", "coordinates": [[[-90.51471337616054, 14.644045945887132], [-90.51472147077104, 14.64398002852364]], [[-90.51473368719695, 14.644048310207218], [-90.51469306512486, 14.644043581565336]], [[-90.51474178180167, 14.643982392842087], [-90.51470115974111, 14.643977664203485]]]}}, {"id": "1296", "type": "Feature", "properties": {"kind": "a1", "value": 9.591073758434506, "building_uid": 182}, "geometry": {"type": "MultiLineString", "coordinates": [[[-90.51457528422638, 14.644192349452505], [-90.51458625735205, 14.644106369747002]], [[-90.51460177706561, 14.644195554543748], [-90.51454879138842, 14.644189144358368]], [[-90.51461275018151, 14.64410957483541], [-90.51455976452385, 14.64410316465569]]]}}, {"id": "1297", "type": "Feature", "properties": {"kind": "a1", "value": 8.515912597300485, "building_uid": 1000013}, "geometry": {"type": "MultiLineString", "coordinates": [[[-90.51481575427312, 14.644112295490354], [-90.51480758021437, 14.64418881119925]], [[-90.51479217757466, 14.644109907965937], [-90.51483933097245, 14.644114683012456]], [[-90.51478400350811, 14.644186423672751], [-90.51483115692153, 14.644191198723439]]]}}, {"id": "1298", "type": "Feature", "properties": {"kind": "a1", "value": 9.587774612384061, "building_uid": 1000016}, "geometry": {"type": "MultiLineString", "coordinates": [[[-90.51470168639979, 14.645241835282238], [-90.51469051750153, 14.64532776105492]], [[-90.51467521005101, 14.645238573025708], [-90.51472816274982, 14.645245097535874]], [[-90.51466404114304, 14.64532449879554], [-90.51471699386133, 14.645331023311401]]]}}, {"id": "1299", "type": "Feature", "properties": {"kind": "a1", "value": 6.28550502914004, "building_uid": 1000019}, "geometry": {"type": "MultiLineString", "coordinates": [[[-90.51497582569661, 14.645427582074717], [-90.51498218824739, 14.645371140908285]], [[-90.51499321695498, 14.645429440472988], [-90.51495843443875, 14.645425723675189]], [[-90.51499957950152, 14.645372999305394], [-90.51496479699378, 14.645369282509924]]]}}, {"id": "1300", "type": "Feature", "properties": {"kind": "a1", "value": 4.450152314500883, "building_uid": 1000015}, "geometry": {"type": "MultiLineString", "coordinates": [[[-90.5145692449969, 14.645186975262117], [-90.5145752355433, 14.645147200185995]], [[-90.5145815009069, 14.645188725005854], [-90.51455698908723, 14.645185225517759]], [[-90.51458749145124, 14.645148949929087], [-90.51456297963568, 14.64514545044229]]]}}, {"id": "1301", "type": "Feature", "properties": {"kind": "a1", "value": 15.012318074703218, "building_uid": 2861}, "geometry": {"type": "MultiLineString", "coordinates": [[[-90.51219899390829, 14.646358241477737], [-90.51233687205313, 14.646377498017477]], [[-90.51219306033725, 14.64639851327278], [-90.51220492747592, 14.646317969682075]], [[-90.51233093850564, 14.646417769819863], [-90.51234280559724, 14.646337226214463]]]}}, {"id": "1302", "type": "Feature", "properties": {"kind": "a1", "value": 9.782325847924199, "building_uid": 1000023}, "geometry": {"type": "MultiLineString", "coordinates": [[[-90.51212325504541, 14.647506022833186], [-90.51213118270364, 14.647417992131542]], [[-90.51215038027111, 14.64750833835181], [-90.51209612982082, 14.647503707311483]], [[-90.51215830791888, 14.647420307647561], [-90.51210405748948, 14.647415676612441]]]}}, {"id": "1303", "type": "Feature", "properties": {"kind": "a1", "value": 5.1638293048599735, "building_uid": 1000020}, "geometry": {"type": "MultiLineString", "coordinates": [[[-90.5121763126869, 14.647139709200594], [-90.51212841980278, 14.647138392486388]], [[-90.51217671840863, 14.647125720574785], [-90.51217590696498, 14.647153697826369]], [[-90.51212882552751, 14.64712440386114], [-90.51212801407785, 14.647152381111606]]]}}, {"id": "1304", "type": "Feature", "properties": {"kind": "a1", "value": 10.976641310517083, "building_uid": 1000021}, "geometry": {"type": "MultiLineString", "coordinates": [[[-90.51219178268848, 14.64716313539527], [-90.51218895416262, 14.647262254397578]], [[-90.51216124083261, 14.647162309234744], [-90.51222232454523, 14.647163961551817]], [[-90.51215841229315, 14.647261428234527], [-90.51221949603298, 14.647263080556653]]]}}, {"id": "1305", "type": "Feature", "properties": {"kind": "a1", "value": 9.586394868209027, "building_uid": 1000024}, "geometry": {"type": "MultiLineString", "coordinates": [[[-90.51404127054724, 14.647332046850037], [-90.51412999889965, 14.647338107173612]], [[-90.51403940315325, 14.64735796273575], [-90.51404313794026, 14.647306130964195]], [[-90.51412813151583, 14.647364023061659], [-90.51413186628253, 14.647312191285431]]]}}, {"id": "1306", "type": "Feature", "properties": {"kind": "a1", "value": 13.89878243394196, "building_uid": 1000001}, "geometry": {"type": "MultiLineString", "coordinates": [[[-90.51417194478346, 14.643208456689555], [-90.51429952241203, 14.643226765523977]], [[-90.51416630331487, 14.643245720426258], [-90.51417758624912, 14.643171192952313]], [[-90.51429388096354, 14.643264029267035], [-90.51430516385761, 14.643189501780366]]]}}, {"id": "1307", "type": "Feature", "properties": {"kind": "a1", "value": 9.342590657062827, "building_uid": 1000017}, "geometry": {"type": "MultiLineString", "coordinates": [[[-90.51467476076355, 14.645797185012638], [-90.51458897456207, 14.64578507155384]], [[-90.5146784932936, 14.645772128292553], [-90.51467102823219, 14.645822241732482]], [[-90.51459270710123, 14.645760014836615], [-90.51458524202161, 14.645810128270831]]]}}, {"id": "1308", "type": "Feature", "properties": {"kind": "a2", "value": 17.107542102225125, "building_uid": 7}, "geometry": {"type": "MultiLineString", "coordinates": [[[-90.51396894709146, 14.642776470941225], [-90.513990181769, 14.642623319257273]], [[-90.51401613725594, 14.642782673324945], [-90.5139217569312, 14.642770268548333]], [[-90.5140373719027, 14.642629521631696], [-90.51394299163952, 14.64261711687369]]]}}, {"id": "1309", "type": "Feature", "properties": {"kind": "a2", "value": 32.52542096143588, "building_uid": 8}, "geometry": {"type": "MultiLineString", "coordinates": [[[-90.51495218854843, 14.64279447278632], [-90.51491048479592, 14.643085472030785]], [[-90.51486252382972, 14.642782291655966], [-90.5150418532827, 14.642806653883634]], [[-90.51482081996637, 14.643073290866356], [-90.515000149641, 14.643097653162163]]]}}, {"id": "1310", "type": "Feature", "properties": {"kind": "a2", "value": 1.6277908345218746, "building_uid": 9}, "geometry": {"type": "MultiLineString", "coordinates": [[[-90.51532735882147, 14.642887117560438], [-90.51532527464752, 14.642901681526242]], [[-90.51532287126858, 14.642886508799851], [-90.51533184637438, 14.642887726320941]], [[-90.51532078709435, 14.642901072765573], [-90.51532976220072, 14.642902290286836]]]}}, {"id": "1311", "type": "Feature", "properties": {"kind": "a2", "value": 1.4230824697297066, "building_uid": 10}, "geometry": {"type": "MultiLineString", "coordinates": [[[-90.51547263181801, 14.643053984314294], [-90.5154745365437, 14.643041263360017]], [[-90.5154765514921, 14.643054540659946], [-90.51546871214397, 14.643053427968574]], [[-90.51547845621756, 14.643041819705607], [-90.51547061686989, 14.64304070701437]]]}}, {"id": "1312", "type": "Feature", "properties": {"kind": "a2", "value": 3.7193418474635105, "building_uid": 53}, "geometry": {"type": "MultiLineString", "coordinates": [[[-90.51423722346324, 14.642688131329665], [-90.51420298570817, 14.642683928354865]], [[-90.51423851851176, 14.642678130908866], [-90.51423592841455, 14.642698131750429]], [[-90.51420428075812, 14.642673927934492], [-90.514201690658, 14.642693928775202]]]}}, {"id": "1313", "type": "Feature", "properties": {"kind": "a2", "value": 12.954499822342767, "building_uid": 54}, "geometry": {"type": "MultiLineString", "coordinates": [[[-90.51449389557988, 14.642680942532236], [-90.51447825184715, 14.642796971532457]], [[-90.51445814393234, 14.642676373194446], [-90.51452964722979, 14.64268551186476]], [[-90.5144425001819, 14.642792402189395], [-90.51451400351476, 14.642801540870256]]]}}, {"id": "1314", "type": "Feature", "properties": {"kind": "a2", "value": 16.897780690704117, "building_uid": 55}, "geometry": {"type": "MultiLineString", "coordinates": [[[-90.51458785413607, 14.642699528897122], [-90.51456651876777, 14.642850754930755]], [[-90.51454125733454, 14.642693297105229], [-90.51463445094174, 14.642705760680087]], [[-90.51451992193627, 14.642844523129721], [-90.51461311560341, 14.642856986722853]]]}}, {"id": "1315", "type": "Feature", "properties": {"kind": "a2", "value": 21.765064636464235, "building_uid": 105}, "geometry": {"type": "MultiLineString", "coordinates": [[[-90.51479930537903, 14.64347476006043], [-90.51483191065573, 14.643280725093863]], [[-90.51485909297857, 14.643484283624899], [-90.51473951778713, 14.643465236481381]], [[-90.51489169820678, 14.64329024864203], [-90.51477212311232, 14.643271201531117]]]}}, {"id": "1316", "type": "Feature", "properties": {"kind": "a2", "value": 0.9845058543141932, "building_uid": 106}, "geometry": {"type": "MultiLineString", "coordinates": [[[-90.51450691917971, 14.643756195203707], [-90.51450817489064, 14.64374738610904]], [[-90.5145096335116, 14.643756561979382], [-90.51450420484782, 14.64375582842801]], [[-90.51451088922242, 14.64374775288468], [-90.51450546055885, 14.64374701933337]]]}}, {"id": "1317", "type": "Feature", "properties": {"kind": "a2", "value": 1.611125088064, "building_uid": 107}, "geometry": {"type": "MultiLineString", "coordinates": [[[-90.51384701456529, 14.643574056746635], [-90.51384475414123, 14.643588443472444]], [[-90.5138425816108, 14.64357339650774], [-90.51385144751983, 14.64357471698545]], [[-90.51384032118648, 14.643587783233462], [-90.51384918709604, 14.643589103711353]]]}}, {"id": "1318", "type": "Feature", "properties": {"kind": "a2", "value": 8.923652057768777, "building_uid": 108}, "geometry": {"type": "MultiLineString", "coordinates": [[[-90.51412466106108, 14.643510508310786], [-90.51411281742396, 14.64359029104988]], [[-90.51410007776467, 14.643507048946198], [-90.51414924435868, 14.643513967672888]], [[-90.51408823411926, 14.643586831682693], [-90.51413740072988, 14.643593750414587]]]}}, {"id": "1319", "type": "Feature", "properties": {"kind": "a2", "value": 8.974986369255932, "building_uid": 109}, "geometry": {"type": "MultiLineString", "coordinates": [[[-90.5142013537067, 14.643827428570756], [-90.51418989421718, 14.64390773268605]], [[-90.51417660972345, 14.643824081415323], [-90.5142260976911, 14.643830775723677]], [[-90.51416515022551, 14.643904385528023], [-90.51421463821003, 14.643911079841555]]]}}, {"id": "1320", "type": "Feature", "properties": {"kind": "a2", "value": 6.1664405779447415, "building_uid": 110}, "geometry": {"type": "MultiLineString", "coordinates": [[[-90.51429221255174, 14.643849317691824], [-90.51430016033262, 14.643794153269793]], [[-90.51430921028202, 14.643851639127181], [-90.51427521482202, 14.643846996255279]], [[-90.51431715805893, 14.64379647470392], [-90.51428316260689, 14.643791831834475]]]}}, {"id": "1321", "type": "Feature", "properties": {"kind": "a2", "value": 6.6191648188978425, "building_uid": 761}, "geometry": {"type": "MultiLineString", "coordinates": [[[-90.5145578845582, 14.6449927565235], [-90.51449693427381, 14.644985417479043]], [[-90.51456014593617, 14.644974953895412], [-90.51455562317962, 14.645010559151478]], [[-90.51449919565644, 14.64496761485231], [-90.51449467289056, 14.645003220105677]]]}}, {"id": "1322", "type": "Feature", "properties": {"kind": "a2", "value": 4.176757342647761, "building_uid": 176}, "geometry": {"type": "MultiLineString", "coordinates": [[[-90.51534004240062, 14.644752732642731], [-90.51533503284996, 14.644790146808932]], [[-90.51532851398197, 14.644751269429657], [-90.51535157081953, 14.644754195855262]], [[-90.51532350442946, 14.644788683595307], [-90.51534656127072, 14.644791610022013]]]}}, {"id": "1323", "type": "Feature", "properties": {"kind": "a2", "value": 1.5154019424226135, "building_uid": 177}, "geometry": {"type": "MultiLineString", "coordinates": [[[-90.51508562316374, 14.644732735933607], [-90.51508767377359, 14.644719192923313]], [[-90.5150897961681, 14.644733334885496], [-90.51508145015941, 14.644732136981657]], [[-90.51509184677772, 14.644719791875124], [-90.51508350076949, 14.644718593971437]]]}}, {"id": "1324", "type": "Feature", "properties": {"kind": "a2", "value": 0.6966471045743674, "building_uid": 178}, "geometry": {"type": "MultiLineString", "coordinates": [[[-90.51499737213052, 14.644729450375676], [-90.51499642943986, 14.644735676247159]], [[-90.51499545375432, 14.644729175030115], [-90.51499929050671, 14.644729725721225]], [[-90.51499451106362, 14.644735400901583], [-90.5149983478161, 14.644735951592722]]]}}, {"id": "1325", "type": "Feature", "properties": {"kind": "a2", "value": 0.9400338290724902, "building_uid": 179}, "geometry": {"type": "MultiLineString", "coordinates": [[[-90.5149464486737, 14.644630936454291], [-90.51494517315592, 14.644639336950108]], [[-90.51494386023224, 14.644630563894848], [-90.51494903711514, 14.644631309013715]], [[-90.51494258471439, 14.644638964390627], [-90.51494776159748, 14.644639709509553]]]}}, {"id": "1326", "type": "Feature", "properties": {"kind": "a2", "value": 17.33976275867175, "building_uid": 183}, "geometry": {"type": "MultiLineString", "coordinates": [[[-90.51475893575031, 14.643682187356916], [-90.51491802558677, 14.64370550698086]], [[-90.514751750297, 14.643728655289145], [-90.51476612119899, 14.64363571942382]], [[-90.51491084016465, 14.64375197492308], [-90.51492521100428, 14.64365903903778]]]}}, {"id": "1327", "type": "Feature", "properties": {"kind": "a2", "value": 17.252410145527122, "building_uid": 184}, "geometry": {"type": "MultiLineString", "coordinates": [[[-90.51431093393096, 14.644226188181886], [-90.51446963491169, 14.644246546560407]], [[-90.51430466090547, 14.644272542418982], [-90.51431720695223, 14.644179833944039]], [[-90.51446336191759, 14.644292900806873], [-90.51447590790157, 14.64420019231319]]]}}, {"id": "1328", "type": "Feature", "properties": {"kind": "a2", "value": 18.85430485743564, "building_uid": 185}, "geometry": {"type": "MultiLineString", "coordinates": [[[-90.51405970400172, 14.644001409037466], [-90.51388644120904, 14.643977914523255]], [[-90.51406694331442, 14.643950801438546], [-90.51405246468381, 14.644052016635436]], [[-90.51389368055898, 14.64392730693577], [-90.51387920185388, 14.644028522109785]]]}}, {"id": "1329", "type": "Feature", "properties": {"kind": "a2", "value": 0.782652910100296, "building_uid": 186}, "geometry": {"type": "MultiLineString", "coordinates": [[[-90.51406212670526, 14.6443399333302], [-90.51406109208253, 14.644346931290775]], [[-90.51405997042933, 14.644339631132134], [-90.5140642829812, 14.644340235528245]], [[-90.51405893580653, 14.644346629092688], [-90.51406324835853, 14.644347233488835]]]}}, {"id": "1330", "type": "Feature", "properties": {"kind": "a2", "value": 1.518257781397551, "building_uid": 187}, "geometry": {"type": "MultiLineString", "coordinates": [[[-90.51393766317555, 14.644496333506602], [-90.51393574674357, 14.644509921161996]], [[-90.51393347641928, 14.64449577374546], [-90.51394184993184, 14.644496893267668]], [[-90.51393155998706, 14.644509361400784], [-90.51393993350011, 14.644510480923145]]]}}, {"id": "1331", "type": "Feature", "properties": {"kind": "a2", "value": 10.87232656328706, "building_uid": 188}, "geometry": {"type": "MultiLineString", "coordinates": [[[-90.51325409393091, 14.643447960679763], [-90.51335369287602, 14.643463539053062]], [[-90.51324929379194, 14.643477052181858], [-90.51325889406799, 14.643418869177308]], [[-90.51334889274919, 14.643492630559189], [-90.51335849300096, 14.64343444754657]]]}}, {"id": "1332", "type": "Feature", "properties": {"kind": "a2", "value": 13.283147652440578, "building_uid": 191}, "geometry": {"type": "MultiLineString", "coordinates": [[[-90.5130421258882, 14.644415528523433], [-90.51292061237545, 14.644395487393579]], [[-90.51304830113678, 14.644380036222726], [-90.51303595063675, 14.644451020823565]], [[-90.51292678764194, 14.644359995099036], [-90.51291443710603, 14.644430979687542]]]}}, {"id": "1333", "type": "Feature", "properties": {"kind": "a2", "value": 6.730001085670665, "building_uid": 192}, "geometry": {"type": "MultiLineString", "coordinates": [[[-90.51274795664767, 14.64442408408674], [-90.5126861081496, 14.644415716497845]], [[-90.51275053494432, 14.644406019056904], [-90.51274537835037, 14.644442149116461]], [[-90.51268868645099, 14.644397651469463], [-90.51268352984755, 14.644433781526109]]]}}, {"id": "1334", "type": "Feature", "properties": {"kind": "a2", "value": 5.345264138188213, "building_uid": 193}, "geometry": {"type": "MultiLineString", "coordinates": [[[-90.51255191543538, 14.644376469925895], [-90.51254446135653, 14.644424207767093]], [[-90.51253720601062, 14.644374292699846], [-90.51256662486058, 14.644378647151056]], [[-90.51252975192882, 14.644422030540087], [-90.51255917078468, 14.644426384993206]]]}}, {"id": "1335", "type": "Feature", "properties": {"kind": "a2", "value": 10.563697860484508, "building_uid": 846}, "geometry": {"type": "MultiLineString", "coordinates": [[[-90.51405693713113, 14.646932286978508], [-90.51407223348029, 14.64683802916891]], [[-90.51408598106168, 14.646936754764551], [-90.51402789320234, 14.64692781918902]], [[-90.51410127739936, 14.646842496951171], [-90.514043189563, 14.646833561383207]]]}}, {"id": "1336", "type": "Feature", "properties": {"kind": "a2", "value": 14.848259605360354, "building_uid": 194}, "geometry": {"type": "MultiLineString", "coordinates": [[[-90.51229562920608, 14.64430556782557], [-90.51243204192517, 14.644324322493729]], [[-90.51228985033286, 14.644345411973203], [-90.51230140807601, 14.644265723677341]], [[-90.51242626307501, 14.644364166648499], [-90.51243782077205, 14.644284478338362]]]}}, {"id": "1337", "type": "Feature", "properties": {"kind": "a2", "value": 7.331131560145877, "building_uid": 195}, "geometry": {"type": "MultiLineString", "coordinates": [[[-90.51235862668446, 14.644162657948739], [-90.5124260254427, 14.64417158899439]], [[-90.51235587476758, 14.644182344148518], [-90.51236137860056, 14.644142971748822]], [[-90.51242327353147, 14.644191275195883], [-90.51242877735315, 14.644151902792753]]]}}, {"id": "1338", "type": "Feature", "properties": {"kind": "a2", "value": 0.7876554462127386, "building_uid": 196}, "geometry": {"type": "MultiLineString", "coordinates": [[[-90.51240823214296, 14.643836251259502], [-90.51240926170946, 14.643829206952041]], [[-90.51241040269467, 14.643836551981428], [-90.51240606159125, 14.643835950537557]], [[-90.5124114322611, 14.643829507673948], [-90.51240709115784, 14.643828906230116]]]}}, {"id": "1339", "type": "Feature", "properties": {"kind": "a2", "value": 36.71530802093912, "building_uid": 302}, "geometry": {"type": "MultiLineString", "coordinates": [[[-90.51324582096021, 14.642917336689326], [-90.51290933419708, 14.642865627937166]], [[-90.51326175374955, 14.642819053177526], [-90.51322988814955, 14.64301562019706]], [[-90.51292526712515, 14.64276734447106], [-90.51289340124768, 14.64296391139919]]]}}, {"id": "1340", "type": "Feature", "properties": {"kind": "a2", "value": 9.150969258975238, "building_uid": 303}, "geometry": {"type": "MultiLineString", "coordinates": [[[-90.51390575658608, 14.643314433155663], [-90.51382190501624, 14.643301452898745]], [[-90.5139097561581, 14.643289941228359], [-90.51390175701273, 14.643338925082714]], [[-90.51382590459687, 14.64327696097429], [-90.51381790543428, 14.64332594482295]]]}}, {"id": "1341", "type": "Feature", "properties": {"kind": "a2", "value": 9.759656701004133, "building_uid": 304}, "geometry": {"type": "MultiLineString", "coordinates": [[[-90.512711716242, 14.643263928824217], [-90.5126976210735, 14.643351017906044]], [[-90.51268488168733, 14.643259811813534], [-90.51273855079816, 14.64326804583196]], [[-90.51267078650903, 14.64334690089214], [-90.51272445563949, 14.643355134917016]]]}}, {"id": "1342", "type": "Feature", "properties": {"kind": "a2", "value": 6.738162328256294, "building_uid": 305}, "geometry": {"type": "MultiLineString", "coordinates": [[[-90.51250106932358, 14.643293040617065], [-90.51256301002321, 14.643301294639402]], [[-90.5124985260279, 14.643311132669835], [-90.5125036126186, 14.643274948564182]], [[-90.5125604667323, 14.64331938669362], [-90.51256555331348, 14.643283202585065]]]}}, {"id": "1343", "type": "Feature", "properties": {"kind": "a2", "value": 1.1931937022600323, "building_uid": 306}, "geometry": {"type": "MultiLineString", "coordinates": [[[-90.51246871959998, 14.643397821870723], [-90.51247022082532, 14.643387142736382]], [[-90.51247201013868, 14.64339826035846], [-90.5124654290613, 14.643397383382942]], [[-90.51247351136386, 14.643387581224077], [-90.51246693028679, 14.643386704248643]]]}}, {"id": "1344", "type": "Feature", "properties": {"kind": "a2", "value": 9.446078497101551, "building_uid": 307}, "geometry": {"type": "MultiLineString", "coordinates": [[[-90.51265316907956, 14.64336341509641], [-90.51273974362759, 14.643376697688128]], [[-90.51264907633836, 14.643388702358896], [-90.51265726181934, 14.64333812783365]], [[-90.51273565089558, 14.643401984953636], [-90.51274383635818, 14.643351410422346]]]}}, {"id": "1345", "type": "Feature", "properties": {"kind": "a2", "value": 14.256841419031842, "building_uid": 500}, "geometry": {"type": "MultiLineString", "coordinates": [[[-90.51507525041303, 14.645759411968928], [-90.51505633625716, 14.645886877771071]], [[-90.51503597422175, 14.64575388746045], [-90.51511452660738, 14.645764936471059]], [[-90.51501706004466, 14.645881353255957], [-90.51509561247269, 14.645892402279856]]]}}, {"id": "1346", "type": "Feature", "properties": {"kind": "a2", "value": 7.327836799668148, "building_uid": 501}, "geometry": {"type": "MultiLineString", "coordinates": [[[-90.51479186199346, 14.64602323089452], [-90.5148021127554, 14.64595779158686]], [[-90.51481202591123, 14.64602622496841], [-90.51477169807652, 14.646020236818964]], [[-90.51482227666763, 14.645960785658954], [-90.51478194884403, 14.645954797513097]]]}}, {"id": "1347", "type": "Feature", "properties": {"kind": "a2", "value": 11.774700687034056, "building_uid": 502}, "geometry": {"type": "MultiLineString", "coordinates": [[[-90.51367852975453, 14.645816273460278], [-90.51357057705597, 14.645799932661955]], [[-90.51368356485737, 14.645784742277616], [-90.51367349464951, 14.645847804642525]], [[-90.51357561217314, 14.645768401483966], [-90.51356554193664, 14.645831463839533]]]}}, {"id": "1348", "type": "Feature", "properties": {"kind": "a2", "value": 9.670386425367086, "building_uid": 762}, "geometry": {"type": "MultiLineString", "coordinates": [[[-90.51467440262978, 14.64511432445203], [-90.51458595460211, 14.645099639432399]], [[-90.51467892752349, 14.645088490175047], [-90.51466987773452, 14.645140158728703]], [[-90.51459047950532, 14.645073805158692], [-90.51458142969736, 14.645125473705797]]]}}, {"id": "1349", "type": "Feature", "properties": {"kind": "a2", "value": 11.23490636805303, "building_uid": 503}, "geometry": {"type": "MultiLineString", "coordinates": [[[-90.51361948339586, 14.645601864119666], [-90.51372235627726, 14.645618253898753]], [[-90.51361443318939, 14.645631911595155], [-90.51362453360026, 14.645571816643782]], [[-90.5137173060837, 14.645648301378586], [-90.51372740646876, 14.645588206418525]]]}}, {"id": "1350", "type": "Feature", "properties": {"kind": "a2", "value": 8.35778878221754, "building_uid": 504}, "geometry": {"type": "MultiLineString", "coordinates": [[[-90.51362776579205, 14.645542596531689], [-90.51370455570132, 14.645553115780482]], [[-90.5136245244822, 14.645565025607304], [-90.5136310071009, 14.645520167455889]], [[-90.51370131439877, 14.645575544858353], [-90.51370779700285, 14.645530686702424]]]}}, {"id": "1351", "type": "Feature", "properties": {"kind": "a2", "value": 7.701649763272144, "building_uid": 505}, "geometry": {"type": "MultiLineString", "coordinates": [[[-90.51352510897925, 14.64532423087916], [-90.51359597895802, 14.645333140277154]], [[-90.51352236371757, 14.645344930861054], [-90.5135278542401, 14.64530353089712]], [[-90.51359323370262, 14.6453538402609], [-90.51359872421259, 14.645312440293264]]]}}, {"id": "1352", "type": "Feature", "properties": {"kind": "a2", "value": 9.43396944226697, "building_uid": 506}, "geometry": {"type": "MultiLineString", "coordinates": [[[-90.51376749630045, 14.645176425388321], [-90.513854125671, 14.645188627784286]], [[-90.51376373636613, 14.645201728452022], [-90.51377125623344, 14.645151122324378]], [[-90.51385036574597, 14.645213930850892], [-90.51385788559472, 14.645163324717426]]]}}, {"id": "1353", "type": "Feature", "properties": {"kind": "a2", "value": 15.884792049867889, "building_uid": 507}, "geometry": {"type": "MultiLineString", "coordinates": [[[-90.51374787487671, 14.64478253870697], [-90.51360174761457, 14.644763841571264]], [[-90.51375363600643, 14.644739857166172], [-90.51374211374342, 14.644825220247125]], [[-90.5136075087709, 14.644721160038406], [-90.51359598645466, 14.644806523103483]]]}}, {"id": "1354", "type": "Feature", "properties": {"kind": "a2", "value": 0.5536510413512588, "building_uid": 508}, "geometry": {"type": "MultiLineString", "coordinates": [[[-90.51335919589265, 14.644725973835822], [-90.51335987871937, 14.644721016817927]], [[-90.51336072329728, 14.644726173279103], [-90.51335766848803, 14.644725774392537]], [[-90.51336140612396, 14.644721216261194], [-90.51335835131478, 14.644720817374651]]]}}, {"id": "1355", "type": "Feature", "properties": {"kind": "a2", "value": 0.9640744079370052, "building_uid": 509}, "geometry": {"type": "MultiLineString", "coordinates": [[[-90.51245969555345, 14.644547738671221], [-90.51245837641213, 14.644556352396517]], [[-90.5124570414107, 14.644547353369843], [-90.5124623496962, 14.64454812397257]], [[-90.5124557222693, 14.644555967095107], [-90.51246103055499, 14.64455673769789]]]}}, {"id": "1356", "type": "Feature", "properties": {"kind": "a2", "value": 7.5973233573604375, "building_uid": 510}, "geometry": {"type": "MultiLineString", "coordinates": [[[-90.51222370984482, 14.644623548974215], [-90.51223305844918, 14.644555524944934]], [[-90.5122446700615, 14.644626279560772], [-90.51220274962898, 14.644620818385844]], [[-90.51225401865977, 14.644558255529663], [-90.51221209823942, 14.644552794358386]]]}}, {"id": "1357", "type": "Feature", "properties": {"kind": "a2", "value": 12.356608550423271, "building_uid": 511}, "geometry": {"type": "MultiLineString", "coordinates": [[[-90.51247424376474, 14.64466191879182], [-90.51249229824039, 14.644551688359554]], [[-90.51250820902949, 14.644667192232093], [-90.51244027850242, 14.64465664534684]], [[-90.51252626348945, 14.644556961794624], [-90.51245833299376, 14.64454641491977]]]}}, {"id": "1358", "type": "Feature", "properties": {"kind": "a2", "value": 0.9349521636031569, "building_uid": 512}, "geometry": {"type": "MultiLineString", "coordinates": [[[-90.51248845672531, 14.644783896075417], [-90.51248971420034, 14.644775539408947]], [[-90.51249103166346, 14.644784263364619], [-90.51248588178717, 14.64478352878619]], [[-90.51249228913841, 14.644775906698117], [-90.5124871392623, 14.644775172119743]]]}}, {"id": "1359", "type": "Feature", "properties": {"kind": "a2", "value": 0.9693925662431866, "building_uid": 513}, "geometry": {"type": "MultiLineString", "coordinates": [[[-90.51267484773281, 14.644619012690718], [-90.51267365961934, 14.644627692943631]], [[-90.51267217309005, 14.64461866566072], [-90.51267752237557, 14.644619359720693]], [[-90.5126709849765, 14.644627345913603], [-90.5126763342622, 14.64462803997363]]]}}, {"id": "1360", "type": "Feature", "properties": {"kind": "a2", "value": 9.500375217706255, "building_uid": 514}, "geometry": {"type": "MultiLineString", "coordinates": [[[-90.51272979100654, 14.64472357707349], [-90.51264256790873, 14.644711182909566]], [[-90.51273361001151, 14.644698100533569], [-90.51272597200021, 14.644749053613152]], [[-90.5126463869231, 14.644685706372615], [-90.51263874889301, 14.644736659446275]]]}}, {"id": "1361", "type": "Feature", "properties": {"kind": "a2", "value": 8.143787049678686, "building_uid": 515}, "geometry": {"type": "MultiLineString", "coordinates": [[[-90.5126784883695, 14.64479683337013], [-90.51275325659492, 14.644807458032757]], [[-90.51267521458986, 14.644818672020195], [-90.51268176214813, 14.644774994719874]], [[-90.51274998282219, 14.644829296685007], [-90.51275653036664, 14.644785619380325]]]}}, {"id": "1362", "type": "Feature", "properties": {"kind": "a2", "value": 8.633928915999734, "building_uid": 847}, "geometry": {"type": "MultiLineString", "coordinates": [[[-90.51393455932828, 14.64687450525224], [-90.5140136140358, 14.646887116654364]], [[-90.51393067333714, 14.646897595696066], [-90.51393844531822, 14.64685141480819]], [[-90.51400972805229, 14.646910207100753], [-90.5140175000181, 14.64686402620774]]]}}, {"id": "1363", "type": "Feature", "properties": {"kind": "a2", "value": 16.32994323881961, "building_uid": 516}, "geometry": {"type": "MultiLineString", "coordinates": [[[-90.5122961458184, 14.64470810661973], [-90.51214601016237, 14.64468825572071]], [[-90.51230226245401, 14.64466425427294], [-90.51229002917893, 14.644751958965823]], [[-90.51215212682602, 14.644644403382422], [-90.51213989349488, 14.64473210805831]]]}}, {"id": "1364", "type": "Feature", "properties": {"kind": "a2", "value": 16.517286766474665, "building_uid": 517}, "geometry": {"type": "MultiLineString", "coordinates": [[[-90.51268706001703, 14.644909991672748], [-90.51253534027506, 14.644888943847949]], [[-90.51269354546673, 14.644865676679528], [-90.51268057456329, 14.644954306665236]], [[-90.51254182575326, 14.644844628863586], [-90.51252885479282, 14.644933258831559]]]}}, {"id": "1365", "type": "Feature", "properties": {"kind": "a2", "value": 17.154115254953403, "building_uid": 518}, "geometry": {"type": "MultiLineString", "coordinates": [[[-90.51226775026372, 14.644984530425694], [-90.51210971914531, 14.644966099932228]], [[-90.51227342923573, 14.644938371993263], [-90.51226207128772, 14.645030688857446]], [[-90.51211539814871, 14.644919941508732], [-90.51210404013796, 14.645012258355049]]]}}, {"id": "1366", "type": "Feature", "properties": {"kind": "a2", "value": 6.821725080953911, "building_uid": 519}, "geometry": {"type": "MultiLineString", "coordinates": [[[-90.51212408236398, 14.645113203922158], [-90.51213290915302, 14.645052182190575]], [[-90.51214288500798, 14.645115782088466], [-90.51210527972066, 14.6451106257544]], [[-90.51215171179216, 14.645054760355379], [-90.51211410651457, 14.645049604024319]]]}}, {"id": "1367", "type": "Feature", "properties": {"kind": "a2", "value": 0.5978345507755877, "building_uid": 521}, "geometry": {"type": "MultiLineString", "coordinates": [[[-90.51222960327975, 14.645368754064975], [-90.51222887770508, 14.64537410818891]], [[-90.51222795351005, 14.645368542136305], [-90.51223125304946, 14.645368965993631]], [[-90.51222722793533, 14.64537389626022], [-90.51223052747483, 14.645374320117575]]]}}, {"id": "1368", "type": "Feature", "properties": {"kind": "a2", "value": 8.644356229444346, "building_uid": 522}, "geometry": {"type": "MultiLineString", "coordinates": [[[-90.5120270184698, 14.645546627087832], [-90.51210639429773, 14.645557826907075]], [[-90.51202356745479, 14.645569811467428], [-90.51203046948369, 14.645523442708024]], [[-90.5121029432905, 14.645581011289117], [-90.51210984530383, 14.645534642524822]]]}}, {"id": "1369", "type": "Feature", "properties": {"kind": "a2", "value": 7.612788831815124, "building_uid": 523}, "geometry": {"type": "MultiLineString", "coordinates": [[[-90.51259584329905, 14.645678085663207], [-90.51260725714626, 14.645610219467162]], [[-90.51261675498445, 14.64568141945997], [-90.51257493161457, 14.645674751864671]], [[-90.51262816882574, 14.645613553261926], [-90.51258634546771, 14.645606885670619]]]}}, {"id": "1370", "type": "Feature", "properties": {"kind": "a2", "value": 6.7607521708123395, "building_uid": 524}, "geometry": {"type": "MultiLineString", "coordinates": [[[-90.51251254819539, 14.645468053137723], [-90.51250241190112, 14.645528323640859]], [[-90.51249397699743, 14.645465092491317], [-90.51253111939408, 14.645471013782725]], [[-90.5124838406985, 14.645525362992881], [-90.51252098310448, 14.64553128428743]]]}}, {"id": "1371", "type": "Feature", "properties": {"kind": "a2", "value": 5.14488641731441, "building_uid": 525}, "geometry": {"type": "MultiLineString", "coordinates": [[[-90.51240051818348, 14.645563024649663], [-90.51239376305901, 14.645609033181044]], [[-90.51238634153196, 14.645561051588638], [-90.5124146948354, 14.645564997709876]], [[-90.51237958640473, 14.64560706011915], [-90.5124079397137, 14.645611006242113]]]}}, {"id": "1372", "type": "Feature", "properties": {"kind": "a2", "value": 19.036762522958533, "building_uid": 697}, "geometry": {"type": "MultiLineString", "coordinates": [[[-90.51278447606012, 14.646207907491634], [-90.51261037055372, 14.646178938668042]], [[-90.51279340225527, 14.646157054264826], [-90.51277554985896, 14.646258760717247]], [[-90.51261929678567, 14.646128085453947], [-90.51260144431573, 14.646229791880938]]]}}, {"id": "1373", "type": "Feature", "properties": {"kind": "a2", "value": 0.7022786396555601, "building_uid": 698}, "geometry": {"type": "MultiLineString", "coordinates": [[[-90.51267110211334, 14.646345917301707], [-90.51267203578134, 14.646339638744738]], [[-90.51267303673794, 14.646346190009858], [-90.51266916748875, 14.646345644593534]], [[-90.51267397040588, 14.646339911452875], [-90.5126701011568, 14.646339366036582]]]}}, {"id": "1374", "type": "Feature", "properties": {"kind": "a2", "value": 25.88460110538144, "building_uid": 699}, "geometry": {"type": "MultiLineString", "coordinates": [[[-90.51233997706086, 14.64586994981381], [-90.51257700863498, 14.645907603272562]], [[-90.5123283748084, 14.645939182739122], [-90.51235157930249, 14.645800716886397]], [[-90.51256540645113, 14.645976836220925], [-90.51258861080802, 14.645838370322112]]]}}, {"id": "1375", "type": "Feature", "properties": {"kind": "a2", "value": 8.418546539246513, "building_uid": 700}, "geometry": {"type": "MultiLineString", "coordinates": [[[-90.51226765060927, 14.645778895507549], [-90.51219049493908, 14.645767044022682]], [[-90.51227130241766, 14.645756359620039], [-90.51226399879977, 14.645801431394835]], [[-90.51219414675477, 14.64574450813758], [-90.51218684312228, 14.645789579907563]]]}}, {"id": "1376", "type": "Feature", "properties": {"kind": "a2", "value": 6.884204346337356, "building_uid": 310}, "geometry": {"type": "MultiLineString", "coordinates": [[[-90.5130337838707, 14.644053406305417], [-90.51309704746456, 14.6440619791966]], [[-90.5130311423133, 14.644071884693044], [-90.5130364254274, 14.644034927917671]], [[-90.51309440591211, 14.644080457585746], [-90.51309968901629, 14.644043500807324]]]}}, {"id": "1377", "type": "Feature", "properties": {"kind": "a2", "value": 0.737240075133741, "building_uid": 702}, "geometry": {"type": "MultiLineString", "coordinates": [[[-90.51199689608862, 14.645855383101537], [-90.51199777998235, 14.645848779093875]], [[-90.5119989309904, 14.645855641272082], [-90.51199486118685, 14.645855124930975]], [[-90.51199981488408, 14.6458490372644], [-90.51199574508064, 14.645848520923328]]]}}, {"id": "1378", "type": "Feature", "properties": {"kind": "a2", "value": 0.9903252793010324, "building_uid": 703}, "geometry": {"type": "MultiLineString", "coordinates": [[[-90.51416869151365, 14.646096841751183], [-90.51416742808527, 14.646105702874667]], [[-90.5141659611207, 14.646096472725363], [-90.51417142190662, 14.64609721077698]], [[-90.51416469769222, 14.646105333848812], [-90.51417015847835, 14.646106071900489]]]}}, {"id": "1379", "type": "Feature", "properties": {"kind": "a2", "value": 11.336363126523793, "building_uid": 704}, "geometry": {"type": "MultiLineString", "coordinates": [[[-90.51403703756306, 14.646123212173023], [-90.51405243194314, 14.646021907994655]], [[-90.51406825259492, 14.646127708608951], [-90.51400582253314, 14.646118715733106]], [[-90.51408364696165, 14.64602640442634], [-90.5140212169266, 14.646017411558976]]]}}, {"id": "1380", "type": "Feature", "properties": {"kind": "a2", "value": 11.867192625692292, "building_uid": 705}, "geometry": {"type": "MultiLineString", "coordinates": [[[-90.51354807317183, 14.645996196909467], [-90.51343913004565, 14.645980645429793]], [[-90.51355286506475, 14.645964376465963], [-90.51354328127678, 14.646028017352574]], [[-90.51344392195323, 14.64594882499092], [-90.51343433813595, 14.646012465868264]]]}}, {"id": "1381", "type": "Feature", "properties": {"kind": "a2", "value": 13.132835325578057, "building_uid": 706}, "geometry": {"type": "MultiLineString", "coordinates": [[[-90.51347922652957, 14.646100520630963], [-90.51359978856071, 14.646117730752206]], [[-90.51347392353524, 14.646135734734488], [-90.51348452952129, 14.646065306526959]], [[-90.51359448558433, 14.646152944861402], [-90.51360509153447, 14.646082516642533]]]}}, {"id": "1382", "type": "Feature", "properties": {"kind": "a2", "value": 1.17364397412166, "building_uid": 746}, "geometry": {"type": "MultiLineString", "coordinates": [[[-90.514539334757, 14.643163939017313], [-90.51453784190322, 14.643174441022326]], [[-90.51453609880028, 14.643163502974339], [-90.51454257071376, 14.643164375060236]], [[-90.51453460594635, 14.643174004979317], [-90.51454107786012, 14.643174877065299]]]}}, {"id": "1383", "type": "Feature", "properties": {"kind": "a2", "value": 8.315440446604045, "building_uid": 747}, "geometry": {"type": "MultiLineString", "coordinates": [[[-90.51434789663851, 14.643427370234507], [-90.51435862365383, 14.643352982340167]], [[-90.51437081762376, 14.643430503451533], [-90.51432497565428, 14.643424237015317]], [[-90.51438154463183, 14.643356115554955], [-90.51433570267685, 14.643349849123215]]]}}, {"id": "1384", "type": "Feature", "properties": {"kind": "a2", "value": 9.13785003637895, "building_uid": 748}, "geometry": {"type": "MultiLineString", "coordinates": [[[-90.51432342983921, 14.643316338048393], [-90.51431142155013, 14.643398052606349]], [[-90.51429825131788, 14.643312830588087], [-90.51434860836177, 14.643319845506094]], [[-90.5142862430201, 14.643394545143323], [-90.51433660008142, 14.64340156006677]]]}}, {"id": "1385", "type": "Feature", "properties": {"kind": "a2", "value": 19.666990202604484, "building_uid": 749}, "geometry": {"type": "MultiLineString", "coordinates": [[[-90.51402791126348, 14.643050811545706], [-90.51384747527942, 14.643024328675935]], [[-90.5140360713366, 14.642998108527308], [-90.5140197511844, 14.64310351456299]], [[-90.51385563539263, 14.6429716256704], [-90.51383931516025, 14.643077031680354]]]}}, {"id": "1386", "type": "Feature", "properties": {"kind": "a2", "value": 1.0167598151601853, "building_uid": 751}, "geometry": {"type": "MultiLineString", "coordinates": [[[-90.5155242275973, 14.643308798944545], [-90.51552289595777, 14.64331789188042]], [[-90.51552142581166, 14.643308409990407], [-90.51552702938292, 14.643309187898653]], [[-90.51552009417203, 14.64331750292625], [-90.51552569774351, 14.643318280834565]]]}}, {"id": "1387", "type": "Feature", "properties": {"kind": "a2", "value": 14.614995518932117, "building_uid": 752}, "geometry": {"type": "MultiLineString", "coordinates": [[[-90.5153339520463, 14.643473250118248], [-90.51546798274654, 14.643493287667217]], [[-90.51532777790429, 14.64351239866349], [-90.515340126185, 14.643434101572383]], [[-90.51546180862661, 14.64353243621961], [-90.51547415686316, 14.643454139114198]]]}}, {"id": "1388", "type": "Feature", "properties": {"kind": "a2", "value": 15.26993694806474, "building_uid": 753}, "geometry": {"type": "MultiLineString", "coordinates": [[[-90.51497594076403, 14.643453702783585], [-90.5151158043597, 14.643475709488182]], [[-90.51496915986954, 14.643494555041476], [-90.51498272165476, 14.643412850524962]], [[-90.51510902348912, 14.643516561754058], [-90.51512258522654, 14.643434857221576]]]}}, {"id": "1389", "type": "Feature", "properties": {"kind": "a2", "value": 7.319644786184654, "building_uid": 754}, "geometry": {"type": "MultiLineString", "coordinates": [[[-90.51513197556177, 14.643698603994052], [-90.51512298969011, 14.643764144653593]], [[-90.51511178063137, 14.643695979345868], [-90.51515217049293, 14.643701228640552]], [[-90.51510279475409, 14.64376152000371], [-90.51514318462692, 14.64376676930179]]]}}, {"id": "1390", "type": "Feature", "properties": {"kind": "a2", "value": 0.9489982470404357, "building_uid": 757}, "geometry": {"type": "MultiLineString", "coordinates": [[[-90.51522130951685, 14.643734498311902], [-90.51522006522167, 14.64374298505596]], [[-90.5152186945106, 14.64373413487059], [-90.51522392452313, 14.64373486175319]], [[-90.51521745021532, 14.643742621614619], [-90.51522268022804, 14.643743348497269]]]}}, {"id": "1391", "type": "Feature", "properties": {"kind": "a2", "value": 7.545872584567405, "building_uid": 1305}, "geometry": {"type": "MultiLineString", "coordinates": [[[-90.5153553598536, 14.644224798268263], [-90.51542487854664, 14.644232881750511]], [[-90.51535286909461, 14.644245103664499], [-90.5153578506118, 14.644204492871902]], [[-90.51542238779375, 14.644253187148475], [-90.5154273692988, 14.644212576352427]]]}}, {"id": "1392", "type": "Feature", "properties": {"kind": "a2", "value": 10.919862456592254, "building_uid": 758}, "geometry": {"type": "MultiLineString", "coordinates": [[[-90.51532811959646, 14.643736639609742], [-90.51542842015382, 14.643750579608401]], [[-90.51532382428069, 14.643765936004433], [-90.51533241491046, 14.643707343214718]], [[-90.51542412485048, 14.643779876006972], [-90.51543271545538, 14.6437212832095]]]}}, {"id": "1393", "type": "Feature", "properties": {"kind": "a2", "value": 7.6956884048413485, "building_uid": 759}, "geometry": {"type": "MultiLineString", "coordinates": [[[-90.51480024061146, 14.64493215011272], [-90.51480899308714, 14.644863155392796]], [[-90.51482149995694, 14.644934706575402], [-90.51477898126679, 14.644929593648175]], [[-90.51483025242634, 14.644865711853663], [-90.51478773374876, 14.644860598930066]]]}}, {"id": "1394", "type": "Feature", "properties": {"kind": "a2", "value": 5.816652176436037, "building_uid": 760}, "geometry": {"type": "MultiLineString", "coordinates": [[[-90.51448476311151, 14.644896440153026], [-90.51443132637439, 14.644889081103301]], [[-90.51448703065333, 14.644880832108088], [-90.51448249556921, 14.644912048197872]], [[-90.51443359391973, 14.644873473059459], [-90.51442905882855, 14.644904689147053]]]}}, {"id": "1395", "type": "Feature", "properties": {"kind": "a2", "value": 7.458833924494683, "building_uid": 766}, "geometry": {"type": "MultiLineString", "coordinates": [[[-90.51418041766608, 14.645919914918784], [-90.51419027458616, 14.645853222537168]], [[-90.51420096768572, 14.645922793959498], [-90.51415986764728, 14.645917035876337]], [[-90.5142108246, 14.64585610157607], [-90.51416972457315, 14.645850343496535]]]}}, {"id": "1396", "type": "Feature", "properties": {"kind": "a2", "value": 10.161889296049088, "building_uid": 767}, "geometry": {"type": "MultiLineString", "coordinates": [[[-90.51418945234444, 14.645656330126313], [-90.51428318401075, 14.645666264255679]], [[-90.51418639132432, 14.645683707597385], [-90.51419251336324, 14.645628952655015]], [[-90.51428012300173, 14.64569364172978], [-90.51428624501845, 14.64563888678136]]]}}, {"id": "1397", "type": "Feature", "properties": {"kind": "a2", "value": 9.63410121051129, "building_uid": 768}, "geometry": {"type": "MultiLineString", "coordinates": [[[-90.51435043789819, 14.645242440951053], [-90.5142617775262, 14.64523135742266]], [[-90.5143538530654, 14.645216544667413], [-90.51434702272968, 14.64526833723447]], [[-90.51426519270325, 14.645205461141904], [-90.51425836234787, 14.645257253703178]]]}}, {"id": "1398", "type": "Feature", "properties": {"kind": "a2", "value": 6.187851349357515, "building_uid": 769}, "geometry": {"type": "MultiLineString", "coordinates": [[[-90.51437860977629, 14.64532687942556], [-90.51432166190068, 14.645319779670116]], [[-90.51438079742582, 14.645310245864408], [-90.51437642212622, 14.645343512986614]], [[-90.51432384955427, 14.645303146110157], [-90.51431947424655, 14.64533641322998]]]}}, {"id": "1399", "type": "Feature", "properties": {"kind": "a2", "value": 6.682355779688805, "building_uid": 771}, "geometry": {"type": "MultiLineString", "coordinates": [[[-90.51340403564792, 14.646228338576478], [-90.51334276116457, 14.646219123106512]], [[-90.51340687522529, 14.646210441356892], [-90.51340119606989, 14.646246235795935]], [[-90.51334560074653, 14.646201225888422], [-90.5133399215819, 14.646237020324469]]]}}, {"id": "1400", "type": "Feature", "properties": {"kind": "a2", "value": 17.794491662300608, "building_uid": 772}, "geometry": {"type": "MultiLineString", "coordinates": [[[-90.51353859426612, 14.646497136648605], [-90.51337546941276, 14.646472323481579]], [[-90.51354623998411, 14.646449490746681], [-90.51353094854315, 14.64654478254959]], [[-90.51338311516339, 14.64642467759034], [-90.51336782365715, 14.64651996937187]]]}}, {"id": "1401", "type": "Feature", "properties": {"kind": "a2", "value": 9.149722261354327, "building_uid": 842}, "geometry": {"type": "MultiLineString", "coordinates": [[[-90.51374311309895, 14.646885802136504], [-90.51375410840359, 14.646803844403617]], [[-90.51376836696598, 14.646889013665954], [-90.51371785923313, 14.646882590604426]], [[-90.51377936226176, 14.64680705593044], [-90.5137288545466, 14.646800632874175]]]}}, {"id": "1402", "type": "Feature", "properties": {"kind": "a2", "value": 6.47906275978312, "building_uid": 843}, "geometry": {"type": "MultiLineString", "coordinates": [[[-90.51390513118692, 14.646620742793571], [-90.51389643285037, 14.646678655407344]], [[-90.5138872864323, 14.64661820216467], [-90.51392297594218, 14.646623283421166]], [[-90.51387858809137, 14.646676114777062], [-90.51391427761001, 14.646681196036319]]]}}, {"id": "1403", "type": "Feature", "properties": {"kind": "a2", "value": 0.9302624505944549, "building_uid": 844}, "geometry": {"type": "MultiLineString", "coordinates": [[[-90.51370939554201, 14.64681463454559], [-90.51371062809301, 14.646806317153112]], [[-90.51371195840272, 14.646814994551477], [-90.51370683268134, 14.646814274539675]], [[-90.51371319095361, 14.646806677158974], [-90.5137080652324, 14.646805957147226]]]}}, {"id": "1404", "type": "Feature", "properties": {"kind": "a2", "value": 6.108887316309847, "building_uid": 845}, "geometry": {"type": "MultiLineString", "coordinates": [[[-90.51400069319983, 14.646691763794097], [-90.51394467252065, 14.646683367754774]], [[-90.51400328029045, 14.646675401155203], [-90.51399810610862, 14.646708126432888]], [[-90.51394725961515, 14.646667005117127], [-90.5139420854256, 14.646699730392308]]]}}, {"id": "1405", "type": "Feature", "properties": {"kind": "a2", "value": 5.060927883721889, "building_uid": 520}, "geometry": {"type": "MultiLineString", "coordinates": [[[-90.51223784083642, 14.645276559656107], [-90.51219125132592, 14.645270852541955]], [[-90.51223959937091, 14.645262951604249], [-90.51223608230156, 14.645290167707891]], [[-90.51219300986313, 14.645257244490901], [-90.51218949278834, 14.645284460592958]]]}}, {"id": "1406", "type": "Feature", "properties": {"kind": "a2", "value": 0.8118104217574, "building_uid": 914}, "geometry": {"type": "MultiLineString", "coordinates": [[[-90.5150677557503, 14.646329236370262], [-90.51506869251493, 14.64632195981776]], [[-90.51506999788911, 14.646329509982907], [-90.51506551361148, 14.646328962757597]], [[-90.51507093465369, 14.646322233430393], [-90.51506645037617, 14.64632168620511]]]}}, {"id": "1407", "type": "Feature", "properties": {"kind": "a2", "value": 0.8149738069623709, "building_uid": 915}, "geometry": {"type": "MultiLineString", "coordinates": [[[-90.51475214071, 14.64638479701212], [-90.51475323847046, 14.646377512943943]], [[-90.51475438516523, 14.64638511764877], [-90.5147498962548, 14.646384476375452]], [[-90.51475548292564, 14.64637783358057], [-90.51475099401533, 14.646377192307291]]]}}, {"id": "1408", "type": "Feature", "properties": {"kind": "a2", "value": 13.705848614452407, "building_uid": 916}, "geometry": {"type": "MultiLineString", "coordinates": [[[-90.51469326171538, 14.646273509990086], [-90.51467360365902, 14.646395833453266]], [[-90.51465556994967, 14.646267768214399], [-90.51473095348403, 14.64627925175996]], [[-90.51463591187395, 14.646390091671234], [-90.51471129544704, 14.646401575229484]]]}}, {"id": "1409", "type": "Feature", "properties": {"kind": "a2", "value": 4.718484685756266, "building_uid": 918}, "geometry": {"type": "MultiLineString", "coordinates": [[[-90.51422086006845, 14.64630662361206], [-90.51426416906642, 14.646312857860975]], [[-90.51421893909558, 14.646319273417278], [-90.51422278104098, 14.646293973806781]], [[-90.51426224809587, 14.646325507666923], [-90.51426609003664, 14.646300208054962]]]}}, {"id": "1410", "type": "Feature", "properties": {"kind": "a2", "value": 11.771276274887855, "building_uid": 919}, "geometry": {"type": "MultiLineString", "coordinates": [[[-90.51370458605312, 14.64601919520521], [-90.51381256472781, 14.64603516859188]], [[-90.51369966413982, 14.64605073393811], [-90.51370950796426, 14.645987656471915]], [[-90.51380764282888, 14.646066707329402], [-90.51381748662463, 14.64600362985396]]]}}, {"id": "1411", "type": "Feature", "properties": {"kind": "a2", "value": 7.9409828709598544, "building_uid": 1267}, "geometry": {"type": "MultiLineString", "coordinates": [[[-90.51417048911647, 14.644093600690992], [-90.51409749752989, 14.644083827738406]], [[-90.51417350044117, 14.644072280897353], [-90.51416747779085, 14.644114920484464]], [[-90.51410050886122, 14.644062507946789], [-90.51409448619765, 14.644105147529864]]]}}, {"id": "1412", "type": "Feature", "properties": {"kind": "a2", "value": 8.712215087609366, "building_uid": 1268}, "geometry": {"type": "MultiLineString", "coordinates": [[[-90.51416068636811, 14.643988725349937], [-90.51408064042327, 14.643977761193003]], [[-90.51416406473481, 14.643965345068096], [-90.5141573080003, 14.644012105631578]], [[-90.51408401879793, 14.643954380913614], [-90.51407726204752, 14.644001141472192]]]}}, {"id": "1413", "type": "Feature", "properties": {"kind": "a2", "value": 13.688692291500047, "building_uid": 1269}, "geometry": {"type": "MultiLineString", "coordinates": [[[-90.51434094839551, 14.643903778395769], [-90.51446648651901, 14.643922532132276]], [[-90.51433516982212, 14.643940446302246], [-90.514346726966, 14.643867110488737]], [[-90.51446070796499, 14.64395920004503], [-90.51447226507013, 14.643885864218964]]]}}, {"id": "1414", "type": "Feature", "properties": {"kind": "a2", "value": 7.818994701781777, "building_uid": 1271}, "geometry": {"type": "MultiLineString", "coordinates": [[[-90.51329669569523, 14.64341560549746], [-90.51336832374398, 14.643426808905033]], [[-90.51329324360935, 14.643436527083571], [-90.51330014778014, 14.643394683911168]], [[-90.51336487166435, 14.643447730493229], [-90.5133717758226, 14.643405887316653]]]}}, {"id": "1415", "type": "Feature", "properties": {"kind": "a2", "value": 11.693546727064781, "building_uid": 1272}, "geometry": {"type": "MultiLineString", "coordinates": [[[-90.51229273800763, 14.644068199845258], [-90.51230700178645, 14.64396348327414]], [[-90.51232500419977, 14.644072366091306], [-90.51226047181743, 14.644064033594926]], [[-90.5123392679642, 14.643967649515876], [-90.51227473561067, 14.643959317028125]]]}}, {"id": "1416", "type": "Feature", "properties": {"kind": "a2", "value": 0.4638176129665226, "building_uid": 1297}, "geometry": {"type": "MultiLineString", "coordinates": [[[-90.5137793725575, 14.644526020989849], [-90.51377882489183, 14.644530176814055]], [[-90.51377809202565, 14.64452586102491], [-90.51378065308934, 14.64452618095478]], [[-90.51377754435995, 14.644530016849103], [-90.5137801054237, 14.64453033677899]]]}}, {"id": "1417", "type": "Feature", "properties": {"kind": "a2", "value": 4.041601344477385, "building_uid": 1300}, "geometry": {"type": "MultiLineString", "coordinates": [[[-90.515300549179, 14.644463315839795], [-90.51529567509864, 14.644499515927293]], [[-90.51528939486906, 14.644461892193606], [-90.51531170348919, 14.644464739485468]], [[-90.51528452078698, 14.644498092280589], [-90.51530682941055, 14.644500939573476]]]}}, {"id": "1418", "type": "Feature", "properties": {"kind": "a2", "value": 7.867680075150863, "building_uid": 1302}, "geometry": {"type": "MultiLineString", "coordinates": [[[-90.51526804571483, 14.64439930060626], [-90.51534034046483, 14.64440914634226]], [[-90.51526501195157, 14.644420416831027], [-90.51527107947717, 14.644378184381338]], [[-90.51533730670806, 14.644430262569015], [-90.51534337422069, 14.644388030115335]]]}}, {"id": "1419", "type": "Feature", "properties": {"kind": "a2", "value": 10.65561595254693, "building_uid": 1303}, "geometry": {"type": "MultiLineString", "coordinates": [[[-90.51525282880222, 14.644313801770748], [-90.51535101623342, 14.644325058690907]], [[-90.51524936021003, 14.64434248087471], [-90.51525629739288, 14.644285122666535]], [[-90.51534754765338, 14.644353737798292], [-90.51535448481198, 14.644296379583265]]]}}, {"id": "1420", "type": "Feature", "properties": {"kind": "a2", "value": 25.87635609483223, "building_uid": 1405}, "geometry": {"type": "MultiLineString", "coordinates": [[[-90.51219236238605, 14.646518640140657], [-90.51195470524746, 14.64648544763603]], [[-90.51220259002778, 14.646449224670693], [-90.5121821347343, 14.646588055608785]], [[-90.51196493295912, 14.64641603218789], [-90.51194447752582, 14.646554863082333]]]}}, {"id": "1421", "type": "Feature", "properties": {"kind": "a2", "value": 9.691153712105006, "building_uid": 1406}, "geometry": {"type": "MultiLineString", "coordinates": [[[-90.51195381849, 14.646321549673745], [-90.5120429824958, 14.646332862158184]], [[-90.51195033274571, 14.64634759292651], [-90.51195730423295, 14.646295506420742]], [[-90.51203949676143, 14.646358905413889], [-90.51204646822883, 14.646306818902236]]]}}, {"id": "1422", "type": "Feature", "properties": {"kind": "a2", "value": 12.311143683825618, "building_uid": 1408}, "geometry": {"type": "MultiLineString", "coordinates": [[[-90.51212046328155, 14.646095858266523], [-90.51200729521506, 14.646080750684138]], [[-90.5121251183972, 14.64606280380469], [-90.51211580816368, 14.646128912727956]], [[-90.51201195034663, 14.646047696227164], [-90.51200264008128, 14.646113805140716]]]}}, {"id": "1423", "type": "Feature", "properties": {"kind": "a2", "value": 6.40742175304331, "building_uid": 1409}, "geometry": {"type": "MultiLineString", "coordinates": [[[-90.51212051706622, 14.646196964853957], [-90.51217934796826, 14.646205297990635]], [[-90.51211794935905, 14.646214148345873], [-90.51212308477278, 14.646179781361937]], [[-90.51217678026536, 14.646222481483903], [-90.51218191567054, 14.646188114497267]]]}}, {"id": "1424", "type": "Feature", "properties": {"kind": "a2", "value": 9.657898841134376, "building_uid": 1410}, "geometry": {"type": "MultiLineString", "coordinates": [[[-90.51344687229033, 14.646608254714815], [-90.5133582064055, 14.64659562676246]], [[-90.51345076336615, 14.646582356984123], [-90.5134429812131, 14.646634152445248]], [[-90.51336209749101, 14.64656972903483], [-90.51335431531855, 14.64662152448983]]]}}, {"id": "1425", "type": "Feature", "properties": {"kind": "a2", "value": 4.037292504101059, "building_uid": 1411}, "geometry": {"type": "MultiLineString", "coordinates": [[[-90.51339411809771, 14.646798025186726], [-90.51335711330822, 14.64679235978497]], [[-90.5133958637922, 14.646787216754774], [-90.51339237240298, 14.646808833618621]], [[-90.51335885900437, 14.646781551353577], [-90.5133553676118, 14.646803168216321]]]}}, {"id": "1426", "type": "Feature", "properties": {"kind": "a2", "value": 8.857221254510806, "building_uid": 1412}, "geometry": {"type": "MultiLineString", "coordinates": [[[-90.51396785630938, 14.646370697888182], [-90.5138867116985, 14.646358034064946]], [[-90.5139717584348, 14.646346996962123], [-90.5139639541827, 14.646394398813996]], [[-90.51389061383198, 14.64633433314156], [-90.51388280956375, 14.646381734988084]]]}}, {"id": "1427", "type": "Feature", "properties": {"kind": "a2", "value": 8.964207254390551, "building_uid": 1413}, "geometry": {"type": "MultiLineString", "coordinates": [[[-90.51408705056603, 14.64647082223116], [-90.51416917539812, 14.646483638869833]], [[-90.51408310134178, 14.646494809447267], [-90.51409099978899, 14.646446835014805]], [[-90.51416522618213, 14.646507626088685], [-90.51417312461284, 14.646459651650737]]]}}, {"id": "1428", "type": "Feature", "properties": {"kind": "a2", "value": 14.913477763026156, "building_uid": 1414}, "geometry": {"type": "MultiLineString", "coordinates": [[[-90.5140967554003, 14.64658104082677], [-90.51395999501564, 14.646560534500852]], [[-90.51410307404977, 14.646541095539364], [-90.51409043674737, 14.646620986113525]], [[-90.5139663136881, 14.646520589220904], [-90.51395367633972, 14.646600479780142]]]}}, {"id": "1429", "type": "Feature", "properties": {"kind": "a2", "value": 8.357454450102525, "building_uid": 1426}, "geometry": {"type": "MultiLineString", "coordinates": [[[-90.51293719245837, 14.64472995693194], [-90.51292555121812, 14.644804598246843]], [[-90.51291419324923, 14.64472655670384], [-90.5129601916686, 14.644733357157877]], [[-90.51290255200175, 14.644801198016415], [-90.51294855043557, 14.644807998475105]]]}}, {"id": "1430", "type": "Feature", "properties": {"kind": "a2", "value": 7.378896613023244, "building_uid": 1428}, "geometry": {"type": "MultiLineString", "coordinates": [[[-90.51330957252898, 14.645276230266786], [-90.51337708407826, 14.645287308435618]], [[-90.51330615900373, 14.645295949309578], [-90.51331298605336, 14.645256511223813]], [[-90.51337367055855, 14.645307027480305], [-90.51338049759708, 14.645267589390746]]]}}, {"id": "1431", "type": "Feature", "properties": {"kind": "a2", "value": 13.169880125497, "building_uid": 1429}, "geometry": {"type": "MultiLineString", "coordinates": [[[-90.51342516917025, 14.645185737526562], [-90.51330473940526, 14.645165593141654]], [[-90.51343137625697, 14.645150561897667], [-90.51341896208064, 14.645220913154889]], [[-90.51331094650958, 14.645130417518853], [-90.51329853229805, 14.645200768763871]]]}}, {"id": "1432", "type": "Feature", "properties": {"kind": "a2", "value": 10.48682458035182, "building_uid": 1430}, "geometry": {"type": "MultiLineString", "coordinates": [[[-90.51290233609103, 14.64525533467818], [-90.51299864110472, 14.64526884758623]], [[-90.51289817234533, 14.645283463833088], [-90.5129064998351, 14.645227205522977]], [[-90.51299447737048, 14.645296976744724], [-90.51300280483731, 14.645240718427438]]]}}, {"id": "1433", "type": "Feature", "properties": {"kind": "a2", "value": 6.277780823409557, "building_uid": 763}, "geometry": {"type": "MultiLineString", "coordinates": [[[-90.51470191634645, 14.645164560585439], [-90.51464428517565, 14.645156334431805]], [[-90.51470445107176, 14.64514772743201], [-90.51469938162055, 14.64518139373876]], [[-90.51464681990505, 14.645139501279667], [-90.51464175044563, 14.645173167583833]]]}}, {"id": "1434", "type": "Feature", "properties": {"kind": "a2", "value": 3.3478590107988566, "building_uid": 1431}, "geometry": {"type": "MultiLineString", "coordinates": [[[-90.51263538204965, 14.64536609872795], [-90.51266615547469, 14.645370214877678]], [[-90.51263411373706, 14.645375087149466], [-90.51263665036207, 14.6453571103064]], [[-90.5126648871633, 14.645379203299553], [-90.51266742378593, 14.645361226455774]]]}}, {"id": "1435", "type": "Feature", "properties": {"kind": "a2", "value": 7.815569958882406, "building_uid": 1542}, "geometry": {"type": "MultiLineString", "coordinates": [[[-90.51498447950426, 14.644993535116923], [-90.51499389910236, 14.644923531368013]], [[-90.51500604976799, 14.644996286434987], [-90.51496290924138, 14.644990783796937]], [[-90.51501546935965, 14.644926282684162], [-90.51497232884594, 14.644920780049947]]]}}, {"id": "1436", "type": "Feature", "properties": {"kind": "a2", "value": 4.747596723027527, "building_uid": 1543}, "geometry": {"type": "MultiLineString", "coordinates": [[[-90.51512400702286, 14.644966391755272], [-90.51508039577114, 14.644960355971559]], [[-90.51512586682801, 14.644953653586994], [-90.51512214721737, 14.644979129923492]], [[-90.51508225557866, 14.644947617804009], [-90.5150785359633, 14.644973094139047]]]}}, {"id": "1437", "type": "Feature", "properties": {"kind": "a2", "value": 0.4937884954269976, "building_uid": 1544}, "geometry": {"type": "MultiLineString", "coordinates": [[[-90.51507711643339, 14.645254745682722], [-90.51507645551297, 14.645259159662698]], [[-90.51507575635158, 14.645254552638418], [-90.51507847651521, 14.645254938727014]], [[-90.51507509543113, 14.645258966618385], [-90.51507781559484, 14.645259352706995]]]}}, {"id": "1438", "type": "Feature", "properties": {"kind": "a2", "value": 8.812139262096025, "building_uid": 1545}, "geometry": {"type": "MultiLineString", "coordinates": [[[-90.51500136921291, 14.645278186876661], [-90.51508200928181, 14.645291328198084]], [[-90.5149973199659, 14.645301740549321], [-90.51500541845861, 14.645254633203757]], [[-90.51507796004275, 14.645314881873443], [-90.51508605851961, 14.645267774522482]]]}}, {"id": "1439", "type": "Feature", "properties": {"kind": "a2", "value": 5.29942632559687, "building_uid": 1546}, "geometry": {"type": "MultiLineString", "coordinates": [[[-90.51503341787603, 14.645481463908443], [-90.51508219537503, 14.645487499334264]], [[-90.51503155817365, 14.645495711021994], [-90.51503527757802, 14.645467216794817]], [[-90.51508033567563, 14.645501746448689], [-90.51508405507404, 14.64547325221977]]]}}, {"id": "1440", "type": "Feature", "properties": {"kind": "a2", "value": 5.599725964595565, "building_uid": 1549}, "geometry": {"type": "MultiLineString", "coordinates": [[[-90.51421806601631, 14.645405693693641], [-90.51426966992173, 14.645411573306601]], [[-90.5142162543251, 14.64542076635978], [-90.51421987770709, 14.645390621027436]], [[-90.51426785823388, 14.645426645973684], [-90.51427148160917, 14.645396500639452]]]}}, {"id": "1441", "type": "Feature", "properties": {"kind": "a2", "value": 4.855531028704718, "building_uid": 1551}, "geometry": {"type": "MultiLineString", "coordinates": [[[-90.51380005295366, 14.645888732569267], [-90.51380697438242, 14.645845390925713]], [[-90.51381340787478, 14.64589075420248], [-90.51378669803292, 14.64588671093532]], [[-90.5138203293011, 14.64584741255814], [-90.51379361946411, 14.645843369292571]]]}}, {"id": "1442", "type": "Feature", "properties": {"kind": "a2", "value": 0.559604121139273, "building_uid": 1552}, "geometry": {"type": "MultiLineString", "coordinates": [[[-90.51291399722419, 14.645640647220157], [-90.51291332824235, 14.645645660259586]], [[-90.51291245255113, 14.645640451821581], [-90.51291554189726, 14.645640842618716]], [[-90.51291178356925, 14.645645464861003], [-90.51291487291545, 14.645645855658161]]]}}, {"id": "1443", "type": "Feature", "properties": {"kind": "a2", "value": 5.910272734679349, "building_uid": 1553}, "geometry": {"type": "MultiLineString", "coordinates": [[[-90.51281330247558, 14.645533965302672], [-90.51280609995405, 14.645586893130298]], [[-90.51279699377709, 14.645531861564038], [-90.51282961117457, 14.645536069040215]], [[-90.51278979125189, 14.645584789390558], [-90.51282240865673, 14.645588996868941]]]}}, {"id": "1444", "type": "Feature", "properties": {"kind": "a2", "value": 13.891687122891366, "building_uid": 1554}, "geometry": {"type": "MultiLineString", "coordinates": [[[-90.51283809229673, 14.645440743471726], [-90.51296577450961, 14.645457892794138]], [[-90.51283280805131, 14.645478037371882], [-90.51284337653935, 14.64540344957106]], [[-90.51296049028443, 14.645495186700487], [-90.51297105873198, 14.645420598887283]]]}}, {"id": "1445", "type": "Feature", "properties": {"kind": "a2", "value": 14.0349983520573, "building_uid": 1556}, "geometry": {"type": "MultiLineString", "coordinates": [[[-90.51295601986511, 14.64503169705429], [-90.51282733178395, 14.645012301472267]], [[-90.51296199621721, 14.644994109275187], [-90.51295004350995, 14.645069284832807]], [[-90.51283330815639, 14.644974713699789], [-90.51282135540843, 14.645049889244161]]]}}, {"id": "1446", "type": "Feature", "properties": {"kind": "a2", "value": 16.393583195608787, "building_uid": 1557}, "geometry": {"type": "MultiLineString", "coordinates": [[[-90.51307989139619, 14.644756293338007], [-90.5131067221734, 14.64461052434412]], [[-90.5131248071653, 14.644764130201303], [-90.51303497563168, 14.64474845646653]], [[-90.51315163791546, 14.644618361197786], [-90.51306180643593, 14.64460268748227]]]}}, {"id": "1447", "type": "Feature", "properties": {"kind": "a2", "value": 5.298380141612142, "building_uid": 1558}, "geometry": {"type": "MultiLineString", "coordinates": [[[-90.51328185836142, 14.644639415972641], [-90.5132744782199, 14.644686736390462]], [[-90.51326727753931, 14.644637260345208], [-90.51329643918396, 14.644641571599205]], [[-90.51325989739489, 14.644684580762092], [-90.51328905904535, 14.644688892017964]]]}}, {"id": "1448", "type": "Feature", "properties": {"kind": "a2", "value": 8.891586297164084, "building_uid": 1559}, "geometry": {"type": "MultiLineString", "coordinates": [[[-90.51316673986396, 14.644932112202897], [-90.51318016278162, 14.644852860484077]], [[-90.51319115969889, 14.644936032829666], [-90.51314232003031, 14.644928191573689]], [[-90.51320458260848, 14.64485678110812], [-90.51315574295604, 14.644848939857603]]]}}, {"id": "1449", "type": "Feature", "properties": {"kind": "a2", "value": 4.102065704995766, "building_uid": 2593}, "geometry": {"type": "MultiLineString", "coordinates": [[[-90.51539947864148, 14.643882023195781], [-90.51539453168775, 14.64391876486294]], [[-90.51538815748533, 14.643880578260497], [-90.51541079979789, 14.643883468130545]], [[-90.5153832105298, 14.64391731992713], [-90.51540585284592, 14.643920209798232]]]}}, {"id": "1450", "type": "Feature", "properties": {"kind": "a2", "value": 0.5367478379048407, "building_uid": 2594}, "geometry": {"type": "MultiLineString", "coordinates": [[[-90.51530182784059, 14.644073869941042], [-90.51530244447365, 14.644069058541227]], [[-90.5153033103715, 14.644074050050708], [-90.51530034530968, 14.644073689831377]], [[-90.51530392700452, 14.644069238650882], [-90.51530096194278, 14.644068878431566]]]}}, {"id": "1451", "type": "Feature", "properties": {"kind": "a2", "value": 8.375887323880642, "building_uid": 2595}, "geometry": {"type": "MultiLineString", "coordinates": [[[-90.5149839537656, 14.644196363515668], [-90.51506100425344, 14.644206228163167]], [[-90.5149809141775, 14.644218868842003], [-90.5149869933527, 14.644173858189154]], [[-90.51505796467275, 14.644228733491708], [-90.51506404383314, 14.644183722834446]]]}}, {"id": "1452", "type": "Feature", "properties": {"kind": "a2", "value": 5.432959783724023, "building_uid": 2596}, "geometry": {"type": "MultiLineString", "coordinates": [[[-90.51530756095316, 14.644656091544734], [-90.5152577660686, 14.644648456394187]], [[-90.51530991356755, 14.644641547212498], [-90.51530520833829, 14.644670635876878]], [[-90.51526011868604, 14.64463391206295], [-90.51525541345069, 14.644663000725334]]]}}, {"id": "1453", "type": "Feature", "properties": {"kind": "a2", "value": 6.385721309576184, "building_uid": 2597}, "geometry": {"type": "MultiLineString", "coordinates": [[[-90.51416585650848, 14.644359071575506], [-90.51417429804117, 14.644301974704037]], [[-90.51418344972292, 14.644361537223059], [-90.51414826329466, 14.644356605926683]], [[-90.51419189125134, 14.644304440350258], [-90.51415670483158, 14.644299509056543]]]}}, {"id": "1454", "type": "Feature", "properties": {"kind": "a2", "value": 6.36849030572921, "building_uid": 2598}, "geometry": {"type": "MultiLineString", "coordinates": [[[-90.51425807958724, 14.644676908049378], [-90.51426847715776, 14.64462027600804]], [[-90.51427552959953, 14.644679945022428], [-90.51424062957562, 14.64467387107509]], [[-90.51428592716597, 14.64462331297964], [-90.51425102715024, 14.644617239035206]]]}}, {"id": "1455", "type": "Feature", "properties": {"kind": "a2", "value": 8.01889649417717, "building_uid": 2599}, "geometry": {"type": "MultiLineString", "coordinates": [[[-90.51422216689161, 14.644379162092614], [-90.51429591438533, 14.64438874611264]], [[-90.51421921377084, 14.644400702644297], [-90.51422512001147, 14.644357621540768]], [[-90.51429296127132, 14.644410286666359], [-90.51429886749841, 14.644367205558758]]]}}, {"id": "1456", "type": "Feature", "properties": {"kind": "a2", "value": 6.926410528231723, "building_uid": 2689}, "geometry": {"type": "MultiLineString", "coordinates": [[[-90.51457746896487, 14.648298687258439], [-90.51451380271524, 14.64829015678944]], [[-90.51458009749652, 14.648280091623047], [-90.51457484043254, 14.648317282893702]], [[-90.51451643125192, 14.648271561155584], [-90.51451117417787, 14.64830875242317]]]}}, {"id": "1457", "type": "Feature", "properties": {"kind": "a2", "value": 4.348061702679843, "building_uid": 2690}, "geometry": {"type": "MultiLineString", "coordinates": [[[-90.51461943083484, 14.648220724095737], [-90.51457961259976, 14.648214408046998]], [[-90.51462137702757, 14.648209093983422], [-90.51461748464183, 14.648232354207986]], [[-90.51458155879442, 14.648202777935337], [-90.51457766640482, 14.648226038158606]]]}}, {"id": "1458", "type": "Feature", "properties": {"kind": "a2", "value": 12.317846790753418, "building_uid": 2691}, "geometry": {"type": "MultiLineString", "coordinates": [[[-90.51467739744889, 14.648399830251162], [-90.51479062085566, 14.648415000554657]], [[-90.51467272293868, 14.648432900517454], [-90.5146820719569, 14.648366759984471]], [[-90.51478594636137, 14.64844807082581], [-90.51479529534774, 14.64838193028311]]]}}, {"id": "1459", "type": "Feature", "properties": {"kind": "a2", "value": 9.72017200954724, "building_uid": 2693}, "geometry": {"type": "MultiLineString", "coordinates": [[[-90.51466515075583, 14.648183112516055], [-90.51457738130983, 14.648162913956117]], [[-90.51467137462653, 14.648157476804775], [-90.51465892688321, 14.6482087482269]], [[-90.5145836051894, 14.648137278248655], [-90.51457115742834, 14.648188549663136]]]}}, {"id": "1460", "type": "Feature", "properties": {"kind": "a2", "value": 10.599823613198602, "building_uid": 2694}, "geometry": {"type": "MultiLineString", "coordinates": [[[-90.51474334122277, 14.648047786908695], [-90.51483940593339, 14.648068307816462]], [[-90.51473701801702, 14.64807584551208], [-90.51474966442633, 14.648019728304828]], [[-90.51483308273842, 14.648096366424252], [-90.51484572912618, 14.648040249208188]]]}}, {"id": "1461", "type": "Feature", "properties": {"kind": "a2", "value": 12.042982638054685, "building_uid": 2695}, "geometry": {"type": "MultiLineString", "coordinates": [[[-90.51475716372966, 14.64784975923524], [-90.51486760055275, 14.647866325524122]], [[-90.51475205908092, 14.647882015678586], [-90.51476226837615, 14.647817502791462]], [[-90.51486249591899, 14.647898581972333], [-90.51487270518423, 14.647834069075477]]]}}, {"id": "1462", "type": "Feature", "properties": {"kind": "a2", "value": 6.862020691973157, "building_uid": 2696}, "geometry": {"type": "MultiLineString", "coordinates": [[[-90.51449334859765, 14.647703012901017], [-90.51455611520862, 14.647713410761135]], [[-90.51449014466081, 14.647721345817901], [-90.51449655253371, 14.647684679983978]], [[-90.51455291127657, 14.647731743679664], [-90.51455931913989, 14.647695077842444]]]}}, {"id": "1463", "type": "Feature", "properties": {"kind": "a2", "value": 10.862428642613324, "building_uid": 2697}, "geometry": {"type": "MultiLineString", "coordinates": [[[-90.51475376739347, 14.647953889879712], [-90.51485336394218, 14.647968922778672]], [[-90.514749135234, 14.647982980076563], [-90.51475839955108, 14.647924799682515]], [[-90.5148487317949, 14.647998012979487], [-90.51485799608763, 14.647939832577505]]]}}, {"id": "1464", "type": "Feature", "properties": {"kind": "a2", "value": 4.433312556240708, "building_uid": 2698}, "geometry": {"type": "MultiLineString", "coordinates": [[[-90.51480954527345, 14.647416391110774], [-90.51481627533276, 14.647376882468656]], [[-90.51482171921238, 14.647418356834306], [-90.51479737133485, 14.647414425386637]], [[-90.51482844926969, 14.647378848191504], [-90.51480410139617, 14.647374916745203]]]}}, {"id": "1465", "type": "Feature", "properties": {"kind": "a2", "value": 3.1659426987171173, "building_uid": 2699}, "geometry": {"type": "MultiLineString", "coordinates": [[[-90.51496166548371, 14.6471344898669], [-90.51495664698236, 14.64716266893401]], [[-90.51495298257854, 14.647133024055579], [-90.51497034838903, 14.647135955677914]], [[-90.51494796407617, 14.64716120312233], [-90.51496532988871, 14.64716413474538]]]}}, {"id": "1466", "type": "Feature", "properties": {"kind": "a2", "value": 9.728593200561797, "building_uid": 2700}, "geometry": {"type": "MultiLineString", "coordinates": [[[-90.51486781185305, 14.647215999250987], [-90.5149568439083, 14.647230479760468]], [[-90.51486334992036, 14.647242003855462], [-90.51487227378416, 14.647189994646205]], [[-90.51495238198525, 14.647256484368228], [-90.51496130582976, 14.647204475152398]]]}}, {"id": "1467", "type": "Feature", "properties": {"kind": "a2", "value": 5.499969522817991, "building_uid": 2701}, "geometry": {"type": "MultiLineString", "coordinates": [[[-90.5147506766365, 14.647336682742539], [-90.51470012410107, 14.647329895449818]], [[-90.51475276802661, 14.6473219172948], [-90.51474858524593, 14.647351448190195]], [[-90.51470221549435, 14.647315130003049], [-90.51469803270734, 14.647344660896495]]]}}, {"id": "1468", "type": "Feature", "properties": {"kind": "a2", "value": 7.044015197051624, "building_uid": 2702}, "geometry": {"type": "MultiLineString", "coordinates": [[[-90.51473572495807, 14.647482318635154], [-90.51467100760796, 14.647473435973353]], [[-90.51473846200216, 14.647463415923065], [-90.51473298791325, 14.647501221347108]], [[-90.51467374465723, 14.647454533262867], [-90.51466827055793, 14.647492338683701]]]}}, {"id": "1469", "type": "Feature", "properties": {"kind": "a2", "value": 0.4342446601949632, "building_uid": 2703}, "geometry": {"type": "MultiLineString", "coordinates": [[[-90.51479500763222, 14.647465106744603], [-90.51479557911819, 14.64746122365799]], [[-90.51479620414183, 14.647465273664832], [-90.51479381112263, 14.647464939824367]], [[-90.51479677562777, 14.647461390578211], [-90.51479438260863, 14.64746105673776]]]}}, {"id": "1470", "type": "Feature", "properties": {"kind": "a2", "value": 9.37570648523979, "building_uid": 2704}, "geometry": {"type": "MultiLineString", "coordinates": [[[-90.51467991158972, 14.647223071241694], [-90.51469875289717, 14.647140386251685]], [[-90.51470538958817, 14.647228574438413], [-90.51465443359298, 14.647217568042377]], [[-90.51472423088721, 14.647145889444944], [-90.51467327490883, 14.647134883055822]]]}}, {"id": "1471", "type": "Feature", "properties": {"kind": "a2", "value": 13.663172506836482, "building_uid": 2705}, "geometry": {"type": "MultiLineString", "coordinates": [[[-90.51454081031757, 14.647277140240352], [-90.5145596280163, 14.647155081390247]], [[-90.5145784207229, 14.6472826365403], [-90.5145031999151, 14.647271643934603]], [[-90.51459723840227, 14.647160577684], [-90.51452201763321, 14.647149585090702]]]}}, {"id": "1472", "type": "Feature", "properties": {"kind": "a2", "value": 4.719066872028635, "building_uid": 2706}, "geometry": {"type": "MultiLineString", "coordinates": [[[-90.51439291104245, 14.64709372753402], [-90.51438569659003, 14.64713577453804]], [[-90.51437995496845, 14.64709162032573], [-90.51440586711684, 14.647095834741624]], [[-90.51437274051374, 14.647133667328974], [-90.51439865266667, 14.647137881746415]]]}}, {"id": "1473", "type": "Feature", "properties": {"kind": "a2", "value": 8.403924686097143, "building_uid": 2708}, "geometry": {"type": "MultiLineString", "coordinates": [[[-90.51444121034922, 14.647250002267763], [-90.51445322651618, 14.647174992315037]], [[-90.51446432341604, 14.647253511966762], [-90.51441809728352, 14.647246492566577]], [[-90.51447633957571, 14.647178502011647], [-90.51443011345776, 14.647171482616237]]]}}, {"id": "1474", "type": "Feature", "properties": {"kind": "a2", "value": 11.712023103474111, "building_uid": 2711}, "geometry": {"type": "MultiLineString", "coordinates": [[[-90.51479107857841, 14.64763378350582], [-90.51489849578618, 14.647649796530496]], [[-90.51478614441467, 14.64766515800981], [-90.51479601274, 14.64760240900142]], [[-90.51489356163664, 14.647681171039087], [-90.51490342993358, 14.647618422021514]]]}}, {"id": "1475", "type": "Feature", "properties": {"kind": "a2", "value": 3.2799874702468514, "building_uid": 2712}, "geometry": {"type": "MultiLineString", "coordinates": [[[-90.51502914048785, 14.647538562216397], [-90.51505927561364, 14.647542698282592]], [[-90.51502786602565, 14.64754736411267], [-90.5150304149499, 14.647529760320097]], [[-90.51505800115255, 14.647551500179214], [-90.51506055007455, 14.64753389638594]]]}}, {"id": "1476", "type": "Feature", "properties": {"kind": "a2", "value": 9.109395264958584, "building_uid": 701}, "geometry": {"type": "MultiLineString", "coordinates": [[[-90.51215498592396, 14.645948322471305], [-90.51223865402427, 14.645959976435845]], [[-90.51215139496558, 14.645972760507961], [-90.51215857688109, 14.645923884434431]], [[-90.51223506307456, 14.645984414475201], [-90.51224224497275, 14.645935538396271]]]}}, {"id": "1477", "type": "Feature", "properties": {"kind": "a2", "value": 0.7105526945088058, "building_uid": 2720}, "geometry": {"type": "MultiLineString", "coordinates": [[[-90.51433288922132, 14.648377696939963], [-90.5143338203388, 14.648371342506712]], [[-90.5143348472442, 14.648377968900602], [-90.51433093119844, 14.648377424979303]], [[-90.51433577836164, 14.648371614467333], [-90.51433186231597, 14.648371070546071]]]}}, {"id": "1478", "type": "Feature", "properties": {"kind": "a2", "value": 8.78911344958661, "building_uid": 2728}, "geometry": {"type": "MultiLineString", "coordinates": [[[-90.5150634037576, 14.646434085760674], [-90.51498269170399, 14.646422742238283]], [[-90.51506689905706, 14.646410511184119], [-90.51505990845696, 14.646457660337017]], [[-90.51498618701153, 14.64639916766425], [-90.5149791963953, 14.646446316812105]]]}}, {"id": "1479", "type": "Feature", "properties": {"kind": "a2", "value": 7.353332049562596, "building_uid": 2729}, "geometry": {"type": "MultiLineString", "coordinates": [[[-90.51496504560158, 14.646583285045566], [-90.51503250213914, 14.64659323952554]], [[-90.51496197830068, 14.64660298790149], [-90.51496811290167, 14.64656358218949]], [[-90.51502943484381, 14.646612942383262], [-90.5150355694336, 14.64657353666766]]]}}, {"id": "1480", "type": "Feature", "properties": {"kind": "a2", "value": 12.279828029219063, "building_uid": 2730}, "geometry": {"type": "MultiLineString", "coordinates": [[[-90.5146554915616, 14.647034607784217], [-90.51467376973106, 14.646925114756467]], [[-90.51468922997984, 14.647039946503591], [-90.51462175314578, 14.6470292690602]], [[-90.51470750813385, 14.646930453470668], [-90.5146400313307, 14.646919776037624]]]}}, {"id": "1481", "type": "Feature", "properties": {"kind": "a2", "value": 7.791165366536007, "building_uid": 2731}, "geometry": {"type": "MultiLineString", "coordinates": [[[-90.51505407898784, 14.646602478138158], [-90.51504447709624, 14.646672235986344]], [[-90.51503258433415, 14.646599673596748], [-90.51507557364242, 14.646605282677653]], [[-90.51502298243616, 14.646669431443017], [-90.51506597175721, 14.646675040527766]]]}}, {"id": "1482", "type": "Feature", "properties": {"kind": "a2", "value": 4.964432755485177, "building_uid": 2734}, "geometry": {"type": "MultiLineString", "coordinates": [[[-90.51432556759984, 14.646937386182096], [-90.5143712074846, 14.646943443090404]], [[-90.51432370126571, 14.646950716759974], [-90.51432743393363, 14.646924055604151]], [[-90.51436934115306, 14.646956773669071], [-90.51437307381579, 14.646930112511674]]]}}, {"id": "1483", "type": "Feature", "properties": {"kind": "a2", "value": 0.6578961131162941, "building_uid": 2736}, "geometry": {"type": "MultiLineString", "coordinates": [[[-90.51462960951069, 14.64694144966778], [-90.51462868878308, 14.64694732477348]], [[-90.51462779919737, 14.646941180740034], [-90.514631419824, 14.646941718595517]], [[-90.51462687846971, 14.646947055845713], [-90.51463049909643, 14.646947593701222]]]}}, {"id": "1484", "type": "Feature", "properties": {"kind": "a2", "value": 0.6965810446999967, "building_uid": 2738}, "geometry": {"type": "MultiLineString", "coordinates": [[[-90.51437538846515, 14.646851378891679], [-90.51437440711476, 14.646857598491769]], [[-90.51437347200259, 14.646851092257013], [-90.51437730492772, 14.646851665526336]], [[-90.51437249065215, 14.646857311857083], [-90.5143763235774, 14.646857885126446]]]}}, {"id": "1485", "type": "Feature", "properties": {"kind": "a2", "value": 8.811044172616677, "building_uid": 2741}, "geometry": {"type": "MultiLineString", "coordinates": [[[-90.51384287496575, 14.646212670124623], [-90.51385500457717, 14.646133956616396]], [[-90.51386712910526, 14.646216212975629], [-90.51381862082742, 14.646209127271208]], [[-90.51387925870864, 14.646137499464823], [-90.51383075044689, 14.646130413765558]]]}}, {"id": "1486", "type": "Feature", "properties": {"kind": "a2", "value": 4.319736988283694, "building_uid": 2742}, "geometry": {"type": "MultiLineString", "coordinates": [[[-90.51343477308457, 14.646275601723879], [-90.51342892208937, 14.646314205971093]], [[-90.51342287788285, 14.64627389274977], [-90.51344666828656, 14.646277310697402]], [[-90.51341702688573, 14.646312496996371], [-90.51344081729331, 14.646315914945234]]]}}, {"id": "1487", "type": "Feature", "properties": {"kind": "a2", "value": 0.6645712740719318, "building_uid": 2745}, "geometry": {"type": "MultiLineString", "coordinates": [[[-90.51349458533485, 14.646723846124436], [-90.51349370483399, 14.64672978799836]], [[-90.5134927544499, 14.64672358894593], [-90.51349641621981, 14.64672410330292]], [[-90.513491873949, 14.646729530819847], [-90.51349553571902, 14.646730045176866]]]}}, {"id": "1488", "type": "Feature", "properties": {"kind": "a2", "value": 11.410829174981554, "building_uid": 2746}, "geometry": {"type": "MultiLineString", "coordinates": [[[-90.51342670318182, 14.646700658219897], [-90.51353152919664, 14.646715125113513]], [[-90.51342224545309, 14.6467312760184], [-90.51343116090862, 14.646670040421045]], [[-90.51352707148152, 14.64674574291624], [-90.51353598690983, 14.646684507310441]]]}}, {"id": "1489", "type": "Feature", "properties": {"kind": "a2", "value": 6.819693690794293, "building_uid": 2747}, "geometry": {"type": "MultiLineString", "coordinates": [[[-90.51386434689039, 14.648191849912289], [-90.51392684681674, 14.648201469547208]], [[-90.51386138274451, 14.648210104894591], [-90.51386731103553, 14.64817359492984]], [[-90.51392388267566, 14.648219724531092], [-90.5139298109571, 14.648183214563185]]]}}, {"id": "1490", "type": "Feature", "properties": {"kind": "a2", "value": 7.39510456110598, "building_uid": 2748}, "geometry": {"type": "MultiLineString", "coordinates": [[[-90.51383894507137, 14.648122925848735], [-90.51377117177944, 14.648112494375045]], [[-90.51384215936575, 14.648103130612329], [-90.51383573077614, 14.648142721084968]], [[-90.51377438607945, 14.648092699140495], [-90.51376795747858, 14.648132289609421]]]}}, {"id": "1491", "type": "Feature", "properties": {"kind": "a2", "value": 12.72168588401748, "building_uid": 2749}, "geometry": {"type": "MultiLineString", "coordinates": [[[-90.51388250247925, 14.648282525325524], [-90.51376590811805, 14.64826461050858]], [[-90.51388802264796, 14.648248470444889], [-90.51387698230798, 14.648316580205663]], [[-90.51377142830343, 14.64823055563343], [-90.5137603879301, 14.648298665383225]]]}}, {"id": "1492", "type": "Feature", "properties": {"kind": "a2", "value": 8.65348038616643, "building_uid": 2750}, "geometry": {"type": "MultiLineString", "coordinates": [[[-90.51371645402081, 14.648314741400274], [-90.51372884345578, 14.648237506553915]], [[-90.51374025276857, 14.648318360106142], [-90.51369265527424, 14.64831112269209]], [[-90.5137526421958, 14.648241125257263], [-90.51370504471693, 14.648233887848264]]]}}, {"id": "1493", "type": "Feature", "properties": {"kind": "a2", "value": 11.370901074159658, "building_uid": 2751}, "geometry": {"type": "MultiLineString", "coordinates": [[[-90.51394683680086, 14.648056201956258], [-90.51384297098159, 14.64803817034054]], [[-90.51395239295553, 14.648025864796521], [-90.51394128064399, 14.648086539115555]], [[-90.51384852714928, 14.648007833185416], [-90.51383741481168, 14.648068507495214]]]}}, {"id": "1494", "type": "Feature", "properties": {"kind": "a2", "value": 6.056799618527292, "building_uid": 2752}, "geometry": {"type": "MultiLineString", "coordinates": [[[-90.51383188947956, 14.647954143440494], [-90.51388745177857, 14.64796234703352]], [[-90.51382936166866, 14.647970372098152], [-90.5138344172899, 14.64793791478273]], [[-90.51388492397147, 14.64797857569241], [-90.5138899795851, 14.647946118374533]]]}}, {"id": "1495", "type": "Feature", "properties": {"kind": "a2", "value": 4.924176352098584, "building_uid": 2753}, "geometry": {"type": "MultiLineString", "coordinates": [[[-90.51366705527302, 14.647860188782701], [-90.51371228018274, 14.647866510020513]], [[-90.513665107482, 14.647873398097627], [-90.51366900306368, 14.647846979467706]], [[-90.51371033239425, 14.647879719336224], [-90.51371422797088, 14.647853300704732]]]}}, {"id": "1496", "type": "Feature", "properties": {"kind": "a2", "value": 6.030652431305498, "building_uid": 2755}, "geometry": {"type": "MultiLineString", "coordinates": [[[-90.51397763311212, 14.647636946358956], [-90.5139698837452, 14.647690899212996]], [[-90.51396100840985, 14.647634682917742], [-90.51399425781491, 14.64763920979904]], [[-90.51395325903914, 14.647688635770601], [-90.51398650845182, 14.647693162654248]]]}}, {"id": "1497", "type": "Feature", "properties": {"kind": "a2", "value": 8.161548700495153, "building_uid": 2757}, "geometry": {"type": "MultiLineString", "coordinates": [[[-90.51396434086966, 14.647407647362272], [-90.51403919787951, 14.64741878558301]], [[-90.51396090880606, 14.647429511681214], [-90.51396777293225, 14.647385783043134]], [[-90.5140357658228, 14.647440649904182], [-90.5140426299352, 14.647396921261645]]]}}, {"id": "1498", "type": "Feature", "properties": {"kind": "a2", "value": 8.943450371382394, "building_uid": 2758}, "geometry": {"type": "MultiLineString", "coordinates": [[[-90.51393020911854, 14.647563669728985], [-90.5140122786235, 14.647575611526575]], [[-90.51392652944247, 14.647587640664112], [-90.51393388879339, 14.647539698793622]], [[-90.51400859895573, 14.647599582464354], [-90.51401595829002, 14.647551640588569]]]}}, {"id": "1499", "type": "Feature", "properties": {"kind": "a2", "value": 4.925753035582603, "building_uid": 2759}, "geometry": {"type": "MultiLineString", "coordinates": [[[-90.51368014896828, 14.647469793107986], [-90.51363494787282, 14.647463215909406]], [[-90.51368217562296, 14.64745659072368], [-90.51367812231321, 14.647482995492217]], [[-90.51363697453002, 14.647450013525908], [-90.51363292121522, 14.64747641829284]]]}}, {"id": "1500", "type": "Feature", "properties": {"kind": "a2", "value": 4.923222901379282, "building_uid": 2761}, "geometry": {"type": "MultiLineString", "coordinates": [[[-90.51390362172702, 14.647175898389273], [-90.51385838231707, 14.647169739100878]], [[-90.51390551960695, 14.647162684796116], [-90.51390172384674, 14.647189111982362]], [[-90.51386028019952, 14.647156525508509], [-90.51385648443424, 14.647182952693187]]]}}, {"id": "1501", "type": "Feature", "properties": {"kind": "a2", "value": 8.913623694146532, "building_uid": 2762}, "geometry": {"type": "MultiLineString", "coordinates": [[[-90.51405920596837, 14.647259862557332], [-90.51397727901207, 14.647248849625463]], [[-90.51406259941508, 14.64723593322028], [-90.5140558125205, 14.64728379189418]], [[-90.5139806724671, 14.64722492029095], [-90.51397388555587, 14.647272778959758]]]}}, {"id": "1502", "type": "Feature", "properties": {"kind": "a2", "value": 8.915979644485013, "building_uid": 2763}, "geometry": {"type": "MultiLineString", "coordinates": [[[-90.51384193951452, 14.647311962960968], [-90.51392388813314, 14.647322978853982]], [[-90.5138385451449, 14.647335898615442], [-90.51384533388298, 14.647288027306283]], [[-90.51392049377186, 14.647346914511004], [-90.51392728249326, 14.64729904319674]]]}}, {"id": "1503", "type": "Feature", "properties": {"kind": "a2", "value": 7.341991321183741, "building_uid": 764}, "geometry": {"type": "MultiLineString", "coordinates": [[[-90.5143917728859, 14.645248774105195], [-90.51445934832745, 14.645257153621758]], [[-90.51438919089811, 14.645268511812665], [-90.5143943548729, 14.645229036397598]], [[-90.51445676634538, 14.645276891330903], [-90.51446193030874, 14.645237415912485]]]}}, {"id": "1504", "type": "Feature", "properties": {"kind": "a2", "value": 7.0169624771224335, "building_uid": 2764}, "geometry": {"type": "MultiLineString", "coordinates": [[[-90.51413140197961, 14.647091597535375], [-90.51406697986539, 14.647082433287276]], [[-90.51413422578484, 14.647072781022123], [-90.51412857817363, 14.647110414048496]], [[-90.51406980367575, 14.64706361677564], [-90.51406415605427, 14.647101249798782]]]}}, {"id": "1505", "type": "Feature", "properties": {"kind": "a2", "value": 4.596623698249459, "building_uid": 2765}, "geometry": {"type": "MultiLineString", "coordinates": [[[-90.51390572326856, 14.647019761786106], [-90.5138995722304, 14.647060851213002]], [[-90.5138930622601, 14.647017965180837], [-90.51391838427736, 14.647021558390717]], [[-90.51388691121971, 14.647059054607036], [-90.51391223324138, 14.647062647818304]]]}}, {"id": "1506", "type": "Feature", "properties": {"kind": "a2", "value": 0.725423235213384, "building_uid": 2767}, "geometry": {"type": "MultiLineString", "coordinates": [[[-90.51373863013144, 14.647159001842008], [-90.51373960145514, 14.647152517335176]], [[-90.5137406282233, 14.64715928554767], [-90.51373663203961, 14.647158718136323]], [[-90.51374159954695, 14.647152801040829], [-90.51373760336335, 14.647152233629518]]]}}, {"id": "1507", "type": "Feature", "properties": {"kind": "a2", "value": 8.748508713731075, "building_uid": 2768}, "geometry": {"type": "MultiLineString", "coordinates": [[[-90.51372253352005, 14.647164149976435], [-90.51373538533063, 14.647086117258663]], [[-90.51374657799201, 14.647167903752928], [-90.51369848904932, 14.64716039619757]], [[-90.51375942979473, 14.647089871032547], [-90.51371134086776, 14.64708236348242]]]}}, {"id": "1508", "type": "Feature", "properties": {"kind": "a2", "value": 5.8866910645738235, "building_uid": 2769}, "geometry": {"type": "MultiLineString", "coordinates": [[[-90.51364627377106, 14.646986427230766], [-90.51363805657941, 14.647038999332574]], [[-90.51363007457401, 14.646984027139737], [-90.51366247296865, 14.646988827320735]], [[-90.51362185737878, 14.647036599240383], [-90.5136542557806, 14.647041399423697]]]}}, {"id": "1509", "type": "Feature", "properties": {"kind": "a2", "value": 14.099000264710973, "building_uid": 2770}, "geometry": {"type": "MultiLineString", "coordinates": [[[-90.51346002161877, 14.64712161255368], [-90.51358951091815, 14.647139705685168]], [[-90.51345444651311, 14.647159433980642], [-90.51346559672147, 14.647083791126173]], [[-90.51358393583324, 14.647177527118608], [-90.51359508600011, 14.647101884251184]]]}}, {"id": "1510", "type": "Feature", "properties": {"kind": "a2", "value": 11.446040699315459, "building_uid": 2771}, "geometry": {"type": "MultiLineString", "coordinates": [[[-90.51339555182084, 14.64699603154341], [-90.51329042813411, 14.646981343052301]], [[-90.51340007782126, 14.646965326835492], [-90.51339102581846, 14.64702673625096]], [[-90.51329495414821, 14.64695063834866], [-90.51328590211806, 14.647012047755583]]]}}, {"id": "1511", "type": "Feature", "properties": {"kind": "a2", "value": 10.109768787107896, "building_uid": 2772}, "geometry": {"type": "MultiLineString", "coordinates": [[[-90.51336045247169, 14.64758377061666], [-90.51326780877622, 14.64756945951156]], [[-90.51336486220076, 14.647556711159769], [-90.51335604274098, 14.647610830073232]], [[-90.51327221851582, 14.64754240005815], [-90.51326339903503, 14.647596518964667]]]}}, {"id": "1512", "type": "Feature", "properties": {"kind": "a2", "value": 4.655456086155027, "building_uid": 2773}, "geometry": {"type": "MultiLineString", "coordinates": [[[-90.51356132007388, 14.647466908380482], [-90.51360402531455, 14.6474732246633]], [[-90.51355937381334, 14.647479381771843], [-90.51356326633407, 14.647454434989058]], [[-90.51360207905626, 14.647485698055384], [-90.51360597157252, 14.647460751271156]]]}}, {"id": "1513", "type": "Feature", "properties": {"kind": "a2", "value": 9.115617623203434, "building_uid": 2774}, "geometry": {"type": "MultiLineString", "coordinates": [[[-90.5133757845895, 14.6473730041167], [-90.51329216564322, 14.647360636435371]], [[-90.51337959548145, 14.647348580593487], [-90.51337197369627, 14.647397427639655]], [[-90.51329597654379, 14.647336212914938], [-90.51328835474138, 14.64738505995556]]]}}, {"id": "1514", "type": "Feature", "properties": {"kind": "a2", "value": 5.948061668805392, "building_uid": 2775}, "geometry": {"type": "MultiLineString", "coordinates": [[[-90.51331829109529, 14.647187350779713], [-90.51326376745435, 14.647179035930415]], [[-90.5133208531746, 14.647171425435392], [-90.5133157290154, 14.647203276123923]], [[-90.51326632953732, 14.647163110587288], [-90.51326120537082, 14.647194961273437]]]}}, {"id": "1515", "type": "Feature", "properties": {"kind": "a2", "value": 0.6431657474022359, "building_uid": 2776}, "geometry": {"type": "MultiLineString", "coordinates": [[[-90.51325565337132, 14.64814074597505], [-90.51325478505659, 14.648146494169215]], [[-90.5132538821538, 14.648140492357566], [-90.51325742458882, 14.648140999592528]], [[-90.51325301383905, 14.648146240551704], [-90.51325655627414, 14.648146747786704]]]}}, {"id": "1516", "type": "Feature", "properties": {"kind": "a2", "value": 11.36047329368992, "building_uid": 2777}, "geometry": {"type": "MultiLineString", "coordinates": [[[-90.51314604648374, 14.648055038855286], [-90.51325022951222, 14.648070634699419]], [[-90.5131412408586, 14.648085468658488], [-90.51315085210685, 14.648024609051703]], [[-90.51324542390043, 14.648101064506953], [-90.51325503512199, 14.648040204891506]]]}}, {"id": "1517", "type": "Feature", "properties": {"kind": "a2", "value": 11.818811104919101, "building_uid": 2778}, "geometry": {"type": "MultiLineString", "coordinates": [[[-90.5134601534848, 14.647871112680745], [-90.51356870624768, 14.647886245617421]], [[-90.51345549050073, 14.647902818823944], [-90.51346481646678, 14.64783940653716]], [[-90.51356404327821, 14.647917951765171], [-90.51357336921507, 14.647854539469288]]]}}, {"id": "1518", "type": "Feature", "properties": {"kind": "a2", "value": 9.56361534242751, "building_uid": 2779}, "geometry": {"type": "MultiLineString", "coordinates": [[[-90.51330103699206, 14.64772283162502], [-90.51338867593817, 14.647736369501557]], [[-90.51329686550638, 14.647748429268486], [-90.51330520847627, 14.647697233981269]], [[-90.51338450446192, 14.647761967148128], [-90.51339284741299, 14.647710771854696]]]}}, {"id": "1519", "type": "Feature", "properties": {"kind": "a2", "value": 13.72343589517362, "building_uid": 2780}, "geometry": {"type": "MultiLineString", "coordinates": [[[-90.51355035955127, 14.648000809363117], [-90.51342448098505, 14.647982132602218]], [[-90.51355611449233, 14.647964042703817], [-90.5135446046073, 14.648037576021869]], [[-90.51343023594562, 14.647945365949207], [-90.51341872602158, 14.648018899254676]]]}}, {"id": "1520", "type": "Feature", "properties": {"kind": "a2", "value": 0.7047572790179402, "building_uid": 2781}, "geometry": {"type": "MultiLineString", "coordinates": [[[-90.51317820767665, 14.648217549292385], [-90.51317915911012, 14.648211250628963]], [[-90.51318014851347, 14.648217827187116], [-90.51317626683985, 14.648217271397634]], [[-90.51318109994688, 14.648211528523682], [-90.51317721827336, 14.648210972734232]]]}}, {"id": "1521", "type": "Feature", "properties": {"kind": "a2", "value": 0.6736641887109727, "building_uid": 2782}, "geometry": {"type": "MultiLineString", "coordinates": [[[-90.513380357989, 14.648173804988108], [-90.51337945601611, 14.64817982682966]], [[-90.51337850245099, 14.648173541539764], [-90.51338221352704, 14.648174068436429]], [[-90.51337760047805, 14.648179563381309], [-90.51338131155417, 14.648180090278002]]]}}, {"id": "1522", "type": "Feature", "properties": {"kind": "a2", "value": 1.0338884629309175, "building_uid": 2785}, "geometry": {"type": "MultiLineString", "coordinates": [[[-90.51351731951775, 14.648144769842721], [-90.51351873695737, 14.648135532743959]], [[-90.51352016578751, 14.648145183848705], [-90.51351447324797, 14.648144355836703]], [[-90.51352158322703, 14.648135946749905], [-90.51351589068773, 14.648135118737974]]]}}, {"id": "1523", "type": "Feature", "properties": {"kind": "a2", "value": 0.8847553299274296, "building_uid": 2786}, "geometry": {"type": "MultiLineString", "coordinates": [[[-90.51257907393686, 14.648002453127358], [-90.51258022042822, 14.647994539037693]], [[-90.51258151254017, 14.648002787994946], [-90.51257663533359, 14.648002118259745]], [[-90.51258265903142, 14.647994873905253], [-90.51257778182503, 14.647994204170105]]]}}, {"id": "1524", "type": "Feature", "properties": {"kind": "a2", "value": 0.5994059867225586, "building_uid": 2787}, "geometry": {"type": "MultiLineString", "coordinates": [[[-90.51271424107298, 14.646883738347737], [-90.51271491143486, 14.646878363103516]], [[-90.5127158973621, 14.646883934148272], [-90.51271258478388, 14.646883542547195]], [[-90.51271656772391, 14.646878558904039], [-90.51271325514578, 14.646878167302981]]]}}, {"id": "1525", "type": "Feature", "properties": {"kind": "a2", "value": 5.521491319406778, "building_uid": 2788}, "geometry": {"type": "MultiLineString", "coordinates": [[[-90.51278021030512, 14.646858594288405], [-90.51277317232115, 14.64690799966501]], [[-90.51276498688947, 14.646856538621057], [-90.51279543372125, 14.6468606499548]], [[-90.51275794890228, 14.646905943996686], [-90.51278839574047, 14.646910055332384]]]}}, {"id": "1526", "type": "Feature", "properties": {"kind": "a2", "value": 5.911318504251539, "building_uid": 2789}, "geometry": {"type": "MultiLineString", "coordinates": [[[-90.51290956086937, 14.64691392380465], [-90.51291709602415, 14.646861030351968]], [[-90.51292585907996, 14.64691612468654], [-90.5128932626593, 14.646911722921661]], [[-90.51293339423107, 14.646863231232736], [-90.51290079781775, 14.646858829470103]]]}}, {"id": "1527", "type": "Feature", "properties": {"kind": "a2", "value": 7.532383335987108, "building_uid": 2790}, "geometry": {"type": "MultiLineString", "coordinates": [[[-90.51316616395638, 14.647070526304669], [-90.51309696899095, 14.64706096523044]], [[-90.51316911003615, 14.647050315727418], [-90.51316321787577, 14.64709073688176]], [[-90.51309991507665, 14.64704075465503], [-90.51309402290441, 14.647081175805697]]]}}, {"id": "1528", "type": "Feature", "properties": {"kind": "a2", "value": 12.55613474865262, "building_uid": 2791}, "geometry": {"type": "MultiLineString", "coordinates": [[[-90.51314676406129, 14.64718856805743], [-90.51303142118411, 14.647172616560784]], [[-90.5131516792381, 14.647154878540357], [-90.51314184888214, 14.647222257574082]], [[-90.51303633637741, 14.647138927048829], [-90.51302650598846, 14.647206306072318]]]}}, {"id": "1529", "type": "Feature", "properties": {"kind": "a2", "value": 6.031001771413446, "building_uid": 2850}, "geometry": {"type": "MultiLineString", "coordinates": [[[-90.51235277179178, 14.647143272867755], [-90.51240866708073, 14.647145850249506]], [[-90.51235197761275, 14.647159598846825], [-90.5123535659705, 14.647126946888642]], [[-90.51240787290577, 14.647162176229415], [-90.51240946125537, 14.647129524269555]]]}}, {"id": "1530", "type": "Feature", "properties": {"kind": "a2", "value": 6.837981658405625, "building_uid": 2792}, "geometry": {"type": "MultiLineString", "coordinates": [[[-90.5132006349207, 14.646926954555004], [-90.51326282835167, 14.646939165234704]], [[-90.51319687240607, 14.646945120122023], [-90.51320439743446, 14.646908788987801]], [[-90.51325906584162, 14.646957330803483], [-90.51326659086085, 14.646920999665745]]]}}, {"id": "1531", "type": "Feature", "properties": {"kind": "a2", "value": 6.873131984961219, "building_uid": 2793}, "geometry": {"type": "MultiLineString", "coordinates": [[[-90.51279860132944, 14.64725550813579], [-90.51286169182174, 14.647264558314639]], [[-90.51279581266473, 14.647273935690382], [-90.51280138999341, 14.647237080581073]], [[-90.51285890316196, 14.647282985870788], [-90.51286448048081, 14.647246130758361]]]}}, {"id": "1532", "type": "Feature", "properties": {"kind": "a2", "value": 10.626070378220353, "building_uid": 2794}, "geometry": {"type": "MultiLineString", "coordinates": [[[-90.51297788859566, 14.647386258868385], [-90.51288016032473, 14.64737357421758]], [[-90.51298179715496, 14.647357714278092], [-90.51297398003474, 14.6474148034584]], [[-90.51288406889593, 14.647345029630845], [-90.5128762517519, 14.647402118804008]]]}}, {"id": "1533", "type": "Feature", "properties": {"kind": "a2", "value": 18.98880062775795, "building_uid": 2885}, "geometry": {"type": "MultiLineString", "coordinates": [[[-90.51328108214292, 14.645530487832493], [-90.51310741547849, 14.64550159356721]], [[-90.51328998533656, 14.645479762625214], [-90.51327217894334, 14.64558121303859]], [[-90.51311631870871, 14.645450868372576], [-90.51309851224225, 14.645552318760657]]]}}, {"id": "1534", "type": "Feature", "properties": {"kind": "a2", "value": 5.902091350406407, "building_uid": 2795}, "geometry": {"type": "MultiLineString", "coordinates": [[[-90.51309575780915, 14.647504915732446], [-90.51304154008332, 14.647497417571103]], [[-90.51309806824318, 14.647489079763549], [-90.51309344737459, 14.64752075170125]], [[-90.513043850521, 14.647481581603333], [-90.51303922964513, 14.647513253538778]]]}}, {"id": "1535", "type": "Feature", "properties": {"kind": "a2", "value": 12.954312348040224, "building_uid": 2796}, "geometry": {"type": "MultiLineString", "coordinates": [[[-90.5125012178544, 14.648078501369943], [-90.51238220027113, 14.648062157871339]], [[-90.51250625384014, 14.648043738682087], [-90.5124961818662, 14.648113264057338]], [[-90.51238723627442, 14.64802739518892], [-90.51237716426536, 14.648096920553302]]]}}, {"id": "1536", "type": "Feature", "properties": {"kind": "a2", "value": 9.190545374640202, "building_uid": 2797}, "geometry": {"type": "MultiLineString", "coordinates": [[[-90.51252014089238, 14.647980144850527], [-90.51243571476691, 14.647968468236252]], [[-90.51252373885342, 14.647955485634672], [-90.51251654293007, 14.648004804066147]], [[-90.51243931273679, 14.647943809023138], [-90.51243211679578, 14.647993127449128]]]}}, {"id": "1537", "type": "Feature", "properties": {"kind": "a2", "value": 3.790766434394755, "building_uid": 2798}, "geometry": {"type": "MultiLineString", "coordinates": [[[-90.51248504666913, 14.647878556708688], [-90.51251983994374, 14.647883570415447]], [[-90.5124835017736, 14.647888719145495], [-90.51248659156444, 14.647868394271844]], [[-90.5125182950497, 14.647893732852724], [-90.51252138483756, 14.647873407978121]]]}}, {"id": "1538", "type": "Feature", "properties": {"kind": "a2", "value": 5.661602441927869, "building_uid": 2800}, "geometry": {"type": "MultiLineString", "coordinates": [[[-90.51304489307594, 14.64789460940908], [-90.51299274984126, 14.647888408919838]], [[-90.51304680365709, 14.647879379387197], [-90.51304298249437, 14.647909839430884]], [[-90.51299466042582, 14.64787317889894], [-90.51299083925628, 14.647903638940665]]]}}, {"id": "1539", "type": "Feature", "properties": {"kind": "a2", "value": 7.502636645003011, "building_uid": 2801}, "geometry": {"type": "MultiLineString", "coordinates": [[[-90.51296765492195, 14.647945331838544], [-90.51303675407436, 14.647953548472017]], [[-90.51296512309176, 14.647965514346268], [-90.51297018675139, 14.64792514933069]], [[-90.51303422225014, 14.647973730981464], [-90.5130392858978, 14.647933365962444]]]}}, {"id": "1540", "type": "Feature", "properties": {"kind": "a2", "value": 11.878701044274772, "building_uid": 2803}, "geometry": {"type": "MultiLineString", "coordinates": [[[-90.51289807095372, 14.648138077002875], [-90.51300726017611, 14.648152687815147]], [[-90.51289356884843, 14.648169969004224], [-90.51290257305698, 14.648106185001165]], [[-90.5130027580856, 14.648184579821015], [-90.51301176226455, 14.648120795808913]]]}}, {"id": "1541", "type": "Feature", "properties": {"kind": "a2", "value": 12.53771312861741, "building_uid": 2804}, "geometry": {"type": "MultiLineString", "coordinates": [[[-90.51286954441422, 14.648023252770566], [-90.51298481714524, 14.648038489425613]], [[-90.5128648494666, 14.648056921661539], [-90.51287423935955, 14.647989583879179]], [[-90.51298012221417, 14.648072158321602], [-90.51298951207406, 14.648004820529213]]]}}, {"id": "1542", "type": "Feature", "properties": {"kind": "a2", "value": 6.409594512893818, "building_uid": 2805}, "geometry": {"type": "MultiLineString", "coordinates": [[[-90.51238560081302, 14.647758254500257], [-90.51232667454569, 14.647750436824087]], [[-90.51238800970279, 14.647741043275817], [-90.51238319192267, 14.647775465724596]], [[-90.51232908343977, 14.647733225600959], [-90.51232426565102, 14.647767648047115]]]}}, {"id": "1543", "type": "Feature", "properties": {"kind": "a2", "value": 8.113592205157692, "building_uid": 2806}, "geometry": {"type": "MultiLineString", "coordinates": [[[-90.51263314919409, 14.647854654870505], [-90.5125586791623, 14.647843923883071]], [[-90.51263645577423, 14.647832903621966], [-90.51262984261297, 14.647876406118858]], [[-90.51256198574927, 14.647822172636713], [-90.5125553725743, 14.647865675129257]]]}}, {"id": "1544", "type": "Feature", "properties": {"kind": "a2", "value": 9.78923826807184, "building_uid": 2807}, "geometry": {"type": "MultiLineString", "coordinates": [[[-90.5126812473025, 14.64766572941204], [-90.51259142169953, 14.64765262432882]], [[-90.51268528541738, 14.64763949307635], [-90.51267720918615, 14.647691965747466]], [[-90.51259545982434, 14.647626387996304], [-90.51258738357323, 14.64767886066106]]]}}, {"id": "1545", "type": "Feature", "properties": {"kind": "a2", "value": 1.149062204407528, "building_uid": 2808}, "geometry": {"type": "MultiLineString", "coordinates": [[[-90.51260875181437, 14.64696850029311], [-90.5126100652669, 14.646958199333517]], [[-90.51261192587924, 14.646968883928603], [-90.51260557774951, 14.646968116657565]], [[-90.51261323933161, 14.646958582968974], [-90.51260689120218, 14.64695781569802]]]}}, {"id": "1546", "type": "Feature", "properties": {"kind": "a2", "value": 7.222865108529402, "building_uid": 2809}, "geometry": {"type": "MultiLineString", "coordinates": [[[-90.51252307154557, 14.647059163803695], [-90.51258957754685, 14.647067201899878]], [[-90.51252059473921, 14.647078588982358], [-90.51252554835119, 14.64703973862491]], [[-90.51258710074605, 14.647086627080135], [-90.51259205434694, 14.647047776719484]]]}}, {"id": "1547", "type": "Feature", "properties": {"kind": "a2", "value": 4.221062262309716, "building_uid": 2810}, "geometry": {"type": "MultiLineString", "coordinates": [[[-90.51251140272112, 14.647127747373437], [-90.51255027677695, 14.64713238363725]], [[-90.51250997413344, 14.647139101766212], [-90.51251283130857, 14.647116392980616]], [[-90.51254884819116, 14.64714373803057], [-90.5125517053625, 14.647121029243884]]]}}, {"id": "1548", "type": "Feature", "properties": {"kind": "a2", "value": 2.3235774766653776, "building_uid": 2811}, "geometry": {"type": "MultiLineString", "coordinates": [[[-90.51265725511269, 14.647199120800487], [-90.51263588183471, 14.647196371227077]], [[-90.51265810234737, 14.647192878062953], [-90.51265640787791, 14.647205363538001]], [[-90.51263672906995, 14.647190128489722], [-90.51263503459937, 14.647202613964422]]]}}, {"id": "1549", "type": "Feature", "properties": {"kind": "a2", "value": 8.098985691804966, "building_uid": 2812}, "geometry": {"type": "MultiLineString", "coordinates": [[[-90.5125640454374, 14.64732084020727], [-90.51249033780158, 14.647306596318083]], [[-90.5125684344519, 14.64729931158633], [-90.51255965642171, 14.647342368827957]], [[-90.51249472682252, 14.647285067699599], [-90.51248594877943, 14.647328124936308]]]}}, {"id": "1550", "type": "Feature", "properties": {"kind": "a2", "value": 4.321184175205417, "building_uid": 2813}, "geometry": {"type": "MultiLineString", "coordinates": [[[-90.5125040064201, 14.647287693696821], [-90.51254375457395, 14.647292807066606]], [[-90.51250243081903, 14.647299303388857], [-90.5125055820209, 14.647276084004737]], [[-90.51254217897483, 14.64730441675923], [-90.51254533017278, 14.647281197373937]]]}}, {"id": "1551", "type": "Feature", "properties": {"kind": "a2", "value": 8.952323082371095, "building_uid": 2814}, "geometry": {"type": "MultiLineString", "coordinates": [[[-90.51245750636504, 14.647547779859021], [-90.51253963045485, 14.64755990642889]], [[-90.51245376975466, 14.64757176673909], [-90.5124612429742, 14.647523792978731]], [[-90.51253589385277, 14.64758389331162], [-90.51254336705568, 14.64753591954592]]]}}, {"id": "1552", "type": "Feature", "properties": {"kind": "a2", "value": 6.4189270121627455, "building_uid": 2815}, "geometry": {"type": "MultiLineString", "coordinates": [[[-90.51252594709963, 14.647488207099348], [-90.51246741261201, 14.647477506644517]], [[-90.51252924426755, 14.647471110284622], [-90.51252264993099, 14.647505303913917]], [[-90.51247070978404, 14.647460409831305], [-90.51246411543926, 14.647494603457584]]]}}, {"id": "1553", "type": "Feature", "properties": {"kind": "a2", "value": 7.001747941481882, "building_uid": 2816}, "geometry": {"type": "MultiLineString", "coordinates": [[[-90.51266801290129, 14.647405140385239], [-90.51260421394839, 14.647393210551678]], [[-90.5126716888803, 14.64738650591267], [-90.51266433692138, 14.647423774857618]], [[-90.51260788993228, 14.647374576080917], [-90.51260053796364, 14.647411845022255]]]}}, {"id": "1554", "type": "Feature", "properties": {"kind": "a2", "value": 23.72383620675917, "building_uid": 2818}, "geometry": {"type": "MultiLineString", "coordinates": [[[-90.51293555654892, 14.647637073079993], [-90.51271807946928, 14.647603966867814]], [[-90.51294575766039, 14.647573552178924], [-90.5129253554286, 14.647700593979385]], [[-90.51272828063878, 14.647540445985749], [-90.51270787829093, 14.64766748774819]]]}}, {"id": "1555", "type": "Feature", "properties": {"kind": "a2", "value": 6.446458152391298, "building_uid": 2819}, "geometry": {"type": "MultiLineString", "coordinates": [[[-90.51300052987314, 14.647784890957949], [-90.51305962481521, 14.6477938867369]], [[-90.51299775796444, 14.647802151444754], [-90.5130033017812, 14.64776763047102]], [[-90.51305685291078, 14.647811147225106], [-90.51306239671898, 14.64777662624857]]]}}, {"id": "1556", "type": "Feature", "properties": {"kind": "a2", "value": 9.030344202088935, "building_uid": 2820}, "geometry": {"type": "MultiLineString", "coordinates": [[[-90.51193205397921, 14.648062111804869], [-90.51194403326616, 14.647981374459278]], [[-90.51195693194, 14.64806561071879], [-90.51190717601962, 14.648058612888413]], [[-90.51196891121846, 14.647984873370529], [-90.51191915531508, 14.647977875545482]]]}}, {"id": "1557", "type": "Feature", "properties": {"kind": "a2", "value": 7.027401580591685, "building_uid": 2821}, "geometry": {"type": "MultiLineString", "coordinates": [[[-90.51172197266611, 14.647954416059425], [-90.51178637663664, 14.647964324677307]], [[-90.51171891947773, 14.647973227195662], [-90.5117250258537, 14.647935604923042]], [[-90.51178332345334, 14.647983135815226], [-90.51178942981915, 14.64794551353925]]]}}, {"id": "1558", "type": "Feature", "properties": {"kind": "a2", "value": 10.795329266967705, "building_uid": 2851}, "geometry": {"type": "MultiLineString", "coordinates": [[[-90.51226907273386, 14.647213652466595], [-90.51236902384495, 14.647219995623402]], [[-90.51226711818909, 14.647242846325197], [-90.51227102727748, 14.64718445860783]], [[-90.5123670693131, 14.647249189484903], [-90.51237097837567, 14.647190801761736]]]}}, {"id": "1559", "type": "Feature", "properties": {"kind": "a2", "value": 8.335013432661071, "building_uid": 2822}, "geometry": {"type": "MultiLineString", "coordinates": [[[-90.51165976665916, 14.647872301048798], [-90.51173632603098, 14.647882942629609]], [[-90.51165648761976, 14.647894662547577], [-90.51166304569753, 14.647849939549829]], [[-90.51173304699884, 14.64790530413065], [-90.51173960506209, 14.64786058112839]]]}}, {"id": "1560", "type": "Feature", "properties": {"kind": "a2", "value": 13.14636370258509, "building_uid": 2824}, "geometry": {"type": "MultiLineString", "coordinates": [[[-90.51206260307028, 14.648019945900037], [-90.5121830301446, 14.648038820220458]], [[-90.51205678723186, 14.648055120272858], [-90.51206841890594, 14.64798477152667]], [[-90.51217721432391, 14.648073994599196], [-90.51218884596251, 14.648003645841184]]]}}, {"id": "1561", "type": "Feature", "properties": {"kind": "a2", "value": 11.236898585349023, "building_uid": 2825}, "geometry": {"type": "MultiLineString", "coordinates": [[[-90.51224262517535, 14.64800313035327], [-90.51222605489225, 14.648103348422806]], [[-90.51221174454065, 14.647998290500754], [-90.51227350581209, 14.648007970201899]], [[-90.51219517424458, 14.648098508565974], [-90.51225693554196, 14.648108188275751]]]}}, {"id": "1562", "type": "Feature", "properties": {"kind": "a2", "value": 8.12464905201152, "building_uid": 2826}, "geometry": {"type": "MultiLineString", "coordinates": [[[-90.51226693577402, 14.647612346677132], [-90.51234137153995, 14.647623949643428]], [[-90.51226336050337, 14.647634087938078], [-90.51227051104361, 14.647590605415976]], [[-90.51233779627607, 14.647645690906629], [-90.51234494680277, 14.647602208380023]]]}}, {"id": "1563", "type": "Feature", "properties": {"kind": "a2", "value": 5.461433136428241, "building_uid": 2827}, "geometry": {"type": "MultiLineString", "coordinates": [[[-90.51220683626126, 14.64781185085151], [-90.51225670008368, 14.64782063456859]], [[-90.51220412969643, 14.647826415105488], [-90.5122095428256, 14.647797286597422]], [[-90.51225399352184, 14.647835198823646], [-90.512259406645, 14.647806070313433]]]}}, {"id": "1564", "type": "Feature", "properties": {"kind": "a2", "value": 5.181083971518092, "building_uid": 2889}, "geometry": {"type": "MultiLineString", "coordinates": [[[-90.5130739285157, 14.645688346481334], [-90.51302638382666, 14.645681434596622]], [[-90.51307605828077, 14.64567445946342], [-90.51307179875022, 14.645702233499176]], [[-90.51302851359452, 14.645667547579599], [-90.5130242540584, 14.645695321613575]]]}}, {"id": "1565", "type": "Feature", "properties": {"kind": "a2", "value": 6.952658041857912, "building_uid": 2829}, "geometry": {"type": "MultiLineString", "coordinates": [[[-90.51203912992555, 14.647808978521528], [-90.5119752518327, 14.647800211914202]], [[-90.51204183121351, 14.647790320968758], [-90.51203642863689, 14.647827636074165]], [[-90.51197795312571, 14.64778155436299], [-90.51197255053899, 14.647818869465285]]]}}, {"id": "1566", "type": "Feature", "properties": {"kind": "a2", "value": 6.560081929641763, "building_uid": 2830}, "geometry": {"type": "MultiLineString", "coordinates": [[[-90.51176798128508, 14.647713477799442], [-90.51170759971718, 14.647706007818206]], [[-90.51177028303758, 14.647695841506195], [-90.51176567953196, 14.647731114092586]], [[-90.51170990147425, 14.647688371526293], [-90.51170529795951, 14.647723644110014]]]}}, {"id": "1567", "type": "Feature", "properties": {"kind": "a2", "value": 7.839394697686656, "building_uid": 2832}, "geometry": {"type": "MultiLineString", "coordinates": [[[-90.51214861725595, 14.647968688486413], [-90.51222061800162, 14.647978740095084]], [[-90.51214552000626, 14.647989718490164], [-90.51215171450471, 14.647947658482488]], [[-90.51221752075836, 14.647999770100844], [-90.51222371524398, 14.64795771008916]]]}}, {"id": "1568", "type": "Feature", "properties": {"kind": "a2", "value": 5.79204861150356, "building_uid": 2833}, "geometry": {"type": "MultiLineString", "coordinates": [[[-90.51220390977083, 14.647683015693257], [-90.51225695742372, 14.647691393110469]], [[-90.51220132840216, 14.647698509891514], [-90.51220649113898, 14.647667521494897]], [[-90.51225437605848, 14.647706887309875], [-90.51225953878843, 14.64767589891096]]]}}, {"id": "1569", "type": "Feature", "properties": {"kind": "a2", "value": 3.264027310069651, "building_uid": 2834}, "geometry": {"type": "MultiLineString", "coordinates": [[[-90.5123503245656, 14.6475597064225], [-90.51232030272584, 14.647555828187805]], [[-90.51235151958005, 14.647550937615232], [-90.51234912955103, 14.64756847522973]], [[-90.5123214977414, 14.64754705938088], [-90.51231910771013, 14.6475645969947]]]}}, {"id": "1570", "type": "Feature", "properties": {"kind": "a2", "value": 6.8861810779199, "building_uid": 2835}, "geometry": {"type": "MultiLineString", "coordinates": [[[-90.51216090481735, 14.64674324913248], [-90.51215094751477, 14.646804695239414]], [[-90.51214197126816, 14.646740340783756], [-90.51217983836729, 14.646746157479733]], [[-90.51213201396071, 14.646801786889085], [-90.51216988106958, 14.646807603588279]]]}}, {"id": "1571", "type": "Feature", "properties": {"kind": "a2", "value": 4.463823568425141, "building_uid": 2836}, "geometry": {"type": "MultiLineString", "coordinates": [[[-90.51235760478734, 14.646808877232079], [-90.51239851574137, 14.646815161465753]], [[-90.51235566840823, 14.646820826582642], [-90.51235954116616, 14.646796927881459]], [[-90.51239657936429, 14.646827110816991], [-90.51240045211811, 14.646803212114454]]]}}, {"id": "1572", "type": "Feature", "properties": {"kind": "a2", "value": 10.623397151339885, "building_uid": 2837}, "geometry": {"type": "MultiLineString", "coordinates": [[[-90.51231396174266, 14.646910237940734], [-90.51241171398148, 14.64692255776828]], [[-90.51231016559225, 14.646938789588889], [-90.5123177578915, 14.646881686292307]], [[-90.51240791784299, 14.646951109419971], [-90.51241551011837, 14.646894006116321]]]}}, {"id": "1573", "type": "Feature", "properties": {"kind": "a2", "value": 9.780838419450447, "building_uid": 2838}, "geometry": {"type": "MultiLineString", "coordinates": [[[-90.51221675994273, 14.646983605722049], [-90.51223112811762, 14.646896365165118]], [[-90.51224364163335, 14.646987802404164], [-90.51218987825364, 14.646979409036984]], [[-90.51225800979842, 14.646900561843966], [-90.51220424643836, 14.646892168483316]]]}}, {"id": "1574", "type": "Feature", "properties": {"kind": "a2", "value": 6.424811223871075, "building_uid": 2839}, "geometry": {"type": "MultiLineString", "coordinates": [[[-90.51234359065691, 14.647003136803379], [-90.51240272983466, 14.647010430835346]], [[-90.5123413431226, 14.64702041027308], [-90.51234583819067, 14.646985863333578]], [[-90.51240048230473, 14.647027704306327], [-90.51240497736403, 14.646993157364264]]]}}, {"id": "1575", "type": "Feature", "properties": {"kind": "a2", "value": 0.6817670883610845, "building_uid": 2840}, "geometry": {"type": "MultiLineString", "coordinates": [[[-90.5119122297853, 14.646796141207066], [-90.51191137724426, 14.646802243743798]], [[-90.51191034939427, 14.646795892195211], [-90.51191411017633, 14.646796390218906]], [[-90.51190949685318, 14.64680199473192], [-90.51191325763534, 14.646802492755656]]]}}, {"id": "1576", "type": "Feature", "properties": {"kind": "a2", "value": 7.664287412422709, "building_uid": 2841}, "geometry": {"type": "MultiLineString", "coordinates": [[[-90.5117610478505, 14.646749021369663], [-90.51183144606495, 14.646758806625536]], [[-90.51175803269041, 14.646769583421392], [-90.51176406300971, 14.646728459317771]], [[-90.511828430911, 14.646779368679175], [-90.51183446121802, 14.646738244571733]]]}}, {"id": "1577", "type": "Feature", "properties": {"kind": "a2", "value": 6.659041349077596, "building_uid": 2842}, "geometry": {"type": "MultiLineString", "coordinates": [[[-90.51183634234411, 14.64686929583238], [-90.51189765683066, 14.646876705753755]], [[-90.51183405910166, 14.646887204680953], [-90.51183862558592, 14.6468513869837]], [[-90.51189537359294, 14.646894614603692], [-90.51189994006779, 14.646858796903704]]]}}, {"id": "1578", "type": "Feature", "properties": {"kind": "a2", "value": 5.37393420166336, "building_uid": 2843}, "geometry": {"type": "MultiLineString", "coordinates": [[[-90.5120040787603, 14.64697672761934], [-90.51205339573592, 14.646983881597365]], [[-90.51200187438225, 14.64699113220568], [-90.51200628313791, 14.646962323032927]], [[-90.51205119136085, 14.646998286184655], [-90.51205560011053, 14.646969477009991]]]}}, {"id": "1579", "type": "Feature", "properties": {"kind": "a2", "value": 5.308401582672121, "building_uid": 2844}, "geometry": {"type": "MultiLineString", "coordinates": [[[-90.51209065792348, 14.64706250240452], [-90.51213925690851, 14.64707029316754]], [[-90.51208825733008, 14.647076697273274], [-90.51209305851641, 14.647048307535677]], [[-90.512136856318, 14.647084488037265], [-90.51214165749856, 14.647056098297716]]]}}, {"id": "1580", "type": "Feature", "properties": {"kind": "a2", "value": 3.534828190633562, "building_uid": 2845}, "geometry": {"type": "MultiLineString", "coordinates": [[[-90.51189269110827, 14.647232752048701], [-90.51186043811273, 14.647226957703127]], [[-90.51189447653837, 14.647223331549032], [-90.51189090567794, 14.647242172548319]], [[-90.51186222354409, 14.647217537203913], [-90.51185865268117, 14.647236378202294]]]}}, {"id": "1581", "type": "Feature", "properties": {"kind": "a2", "value": 8.093594743462747, "building_uid": 2846}, "geometry": {"type": "MultiLineString", "coordinates": [[[-90.5119736600687, 14.647121059962712], [-90.51204767082979, 14.647133441709743]], [[-90.51196984483803, 14.647142677136864], [-90.51197747529828, 14.647099442788344]], [[-90.51204385560577, 14.647155058886204], [-90.51205148605273, 14.64711182453308]]]}}, {"id": "1582", "type": "Feature", "properties": {"kind": "a2", "value": 8.635664032015482, "building_uid": 2847}, "geometry": {"type": "MultiLineString", "coordinates": [[[-90.51190983603901, 14.647346510551797], [-90.51183107901498, 14.647332156816653]], [[-90.51191425890069, 14.647323507101746], [-90.51190541317604, 14.64736951400159]], [[-90.51183550188411, 14.647309153369317], [-90.51182665614456, 14.647355160263714]]]}}, {"id": "1583", "type": "Feature", "properties": {"kind": "a2", "value": 11.454620636634063, "building_uid": 2848}, "geometry": {"type": "MultiLineString", "coordinates": [[[-90.51211105933255, 14.647571379025843], [-90.51200701727736, 14.647550253817853]], [[-90.512117568715, 14.647540990322547], [-90.51210454994764, 14.647601767728593]], [[-90.51201352667256, 14.647519865119582], [-90.51200050787969, 14.647580642515582]]]}}, {"id": "1584", "type": "Feature", "properties": {"kind": "a2", "value": 7.183373611059821, "building_uid": 2849}, "geometry": {"type": "MultiLineString", "coordinates": [[[-90.5119123690791, 14.647476611830687], [-90.51197807530623, 14.647487494302187]], [[-90.51190901582025, 14.647495803372781], [-90.51191572233708, 14.647457420288418]], [[-90.51197472205264, 14.647506685846091], [-90.51198142855897, 14.647468302758115]]]}}, {"id": "1585", "type": "Feature", "properties": {"kind": "a2", "value": 6.553485565818847, "building_uid": 2853}, "geometry": {"type": "MultiLineString", "coordinates": [[[-90.512422573683, 14.647470161137425], [-90.5123620945022, 14.647464032968866]], [[-90.5124244619753, 14.647452496313583], [-90.51242068539015, 14.647487825961182]], [[-90.51236398279913, 14.647446368146264], [-90.51236020620472, 14.647481697791388]]]}}, {"id": "1586", "type": "Feature", "properties": {"kind": "a2", "value": 3.564897250034847, "building_uid": 2854}, "geometry": {"type": "MultiLineString", "coordinates": [[[-90.51218455121702, 14.647366901934719], [-90.5122175528999, 14.647369066851388]], [[-90.5121838841329, 14.64737654110545], [-90.512185218301, 14.647357262763967]], [[-90.5122168858172, 14.64737870602244], [-90.51221821998247, 14.647359427680318]]]}}, {"id": "1587", "type": "Feature", "properties": {"kind": "a2", "value": 7.406124414442712, "building_uid": 2855}, "geometry": {"type": "MultiLineString", "coordinates": [[[-90.51187317888716, 14.64740267916058], [-90.51194072254165, 14.64741498934802]], [[-90.5118693857021, 14.647422407386921], [-90.51187697207126, 14.647382950934032]], [[-90.51193692936207, 14.64743471757637], [-90.51194451572029, 14.647395261119474]]]}}, {"id": "1588", "type": "Feature", "properties": {"kind": "a2", "value": 7.48051257155511, "building_uid": 2856}, "geometry": {"type": "MultiLineString", "coordinates": [[[-90.51171675680546, 14.647642694059726], [-90.51178546726452, 14.64765224480907]], [[-90.5117138138925, 14.647662763065668], [-90.51171969971757, 14.647622625053627]], [[-90.5117825243574, 14.647672313816827], [-90.5117884101708, 14.647632175801151]]]}}, {"id": "1589", "type": "Feature", "properties": {"kind": "a2", "value": 14.4984686106285, "building_uid": 750}, "geometry": {"type": "MultiLineString", "coordinates": [[[-90.5147594730755, 14.643201595950428], [-90.51489274764309, 14.643219377993974]], [[-90.51475399392484, 14.643240523688858], [-90.51476495222312, 14.643162668211437]], [[-90.51488726851449, 14.64325830573913], [-90.51489822676862, 14.643180450248268]]]}}, {"id": "1590", "type": "Feature", "properties": {"kind": "a2", "value": 6.349887364235722, "building_uid": 2858}, "geometry": {"type": "MultiLineString", "coordinates": [[[-90.51201994885128, 14.645997699867022], [-90.5119615296764, 14.645990263528564]], [[-90.51202224021931, 14.645980636615777], [-90.51201765748266, 14.646014763118169]], [[-90.5119638210487, 14.645973200278576], [-90.51195923830353, 14.646007326778436]]]}}, {"id": "1591", "type": "Feature", "properties": {"kind": "a2", "value": 15.404672004694044, "building_uid": 2859}, "geometry": {"type": "MultiLineString", "coordinates": [[[-90.51271248476317, 14.646649273198676], [-90.5125713420293, 14.646627334531582]], [[-90.51271924476458, 14.646608047917272], [-90.51270572475799, 14.646690498479352]], [[-90.51257810205509, 14.646586109258262], [-90.51256458199974, 14.646668559804173]]]}}, {"id": "1592", "type": "Feature", "properties": {"kind": "a2", "value": 32.947849541319485, "building_uid": 2860}, "geometry": {"type": "MultiLineString", "coordinates": [[[-90.51248256585983, 14.646553684671865], [-90.51252898499685, 14.646259502147645]], [[-90.51257321301247, 14.64656724289036], [-90.51239191872403, 14.646540126419737]], [[-90.51261963203729, 14.646273060329747], [-90.5124383379733, 14.646245943931914]]]}}, {"id": "1593", "type": "Feature", "properties": {"kind": "a2", "value": 10.316681416563988, "building_uid": 2863}, "geometry": {"type": "MultiLineString", "coordinates": [[[-90.5147596601666, 14.645971218117321], [-90.51466528875311, 14.645955619301342]], [[-90.51476446664688, 14.64594365382146], [-90.51475485368455, 14.645998782412839]], [[-90.51467009524421, 14.645928055009206], [-90.51466048226025, 14.645983183593138]]]}}, {"id": "1594", "type": "Feature", "properties": {"kind": "a2", "value": 8.138317900876974, "building_uid": 2864}, "geometry": {"type": "MultiLineString", "coordinates": [[[-90.5145631046955, 14.645950897358402], [-90.51463767823954, 14.645962440606395]], [[-90.51455954785335, 14.645972679028851], [-90.51456666153659, 14.645929115687755]], [[-90.51463412140421, 14.645984222279091], [-90.51464123507381, 14.645940658933498]]]}}, {"id": "1595", "type": "Feature", "properties": {"kind": "a2", "value": 0.9967824798077345, "building_uid": 2865}, "geometry": {"type": "MultiLineString", "coordinates": [[[-90.51448977528986, 14.645830529437472], [-90.5144883766166, 14.64583943029894]], [[-90.51448703265574, 14.645830120908425], [-90.51449251792398, 14.645830937966483]], [[-90.51448563398239, 14.645839021769865], [-90.51449111925083, 14.645839838827992]]]}}, {"id": "1596", "type": "Feature", "properties": {"kind": "a2", "value": 4.729759376030415, "building_uid": 2867}, "geometry": {"type": "MultiLineString", "coordinates": [[[-90.51495170314301, 14.645722261031429], [-90.51494543450738, 14.645764549146968]], [[-90.5149386728571, 14.645720430067142], [-90.51496473342925, 14.645724091995021]], [[-90.51493240421914, 14.64576271818195], [-90.51495846479597, 14.645766380111295]]]}}, {"id": "1597", "type": "Feature", "properties": {"kind": "a2", "value": 8.715941919479517, "building_uid": 2869}, "geometry": {"type": "MultiLineString", "coordinates": [[[-90.51505286942249, 14.645672790835828], [-90.51513306037208, 14.645682968757232]], [[-90.51504973328389, 14.645696213285579], [-90.51505600556003, 14.645649368385886]], [[-90.5151299242415, 14.645706391209362], [-90.51513619650159, 14.645659546304914]]]}}, {"id": "1598", "type": "Feature", "properties": {"kind": "a2", "value": 4.472626927075908, "building_uid": 2871}, "geometry": {"type": "MultiLineString", "coordinates": [[[-90.51506863475221, 14.645403305406967], [-90.51510974239656, 14.64540883761876]], [[-90.51506693010668, 14.645415312285209], [-90.51507033939744, 14.645391298528674]], [[-90.51510803775312, 14.645420844497643], [-90.5151114470397, 14.645396830739822]]]}}, {"id": "1599", "type": "Feature", "properties": {"kind": "a2", "value": 3.668716419488191, "building_uid": 2872}, "geometry": {"type": "MultiLineString", "coordinates": [[[-90.51358055464115, 14.64483904343454], [-90.51358429597975, 14.644806102917586]], [[-90.51359070459941, 14.644840136222008], [-90.5135704046831, 14.644837950646647]], [[-90.51359444593655, 14.644807195704658], [-90.51357414602312, 14.644805010130087]]]}}, {"id": "1600", "type": "Feature", "properties": {"kind": "a2", "value": 9.828006517176727, "building_uid": 2874}, "geometry": {"type": "MultiLineString", "coordinates": [[[-90.51393284889747, 14.644907521165393], [-90.51391721149086, 14.644994987205571]], [[-90.51390589798696, 14.644902953722267], [-90.51395979980961, 14.64491208860556]], [[-90.51389026057058, 14.644990419759035], [-90.51394416241277, 14.644999554649159]]]}}, {"id": "1601", "type": "Feature", "properties": {"kind": "a2", "value": 5.243249125778674, "building_uid": 2875}, "geometry": {"type": "MultiLineString", "coordinates": [[[-90.51388767745446, 14.644747013571392], [-90.51393579614161, 14.644753984169412]], [[-90.51388552960402, 14.644761068304328], [-90.51388982530447, 14.644732958838373]], [[-90.51393364829403, 14.644768038903264], [-90.51393794398876, 14.644739929435483]]]}}, {"id": "1602", "type": "Feature", "properties": {"kind": "a2", "value": 5.744943458819763, "building_uid": 2876}, "geometry": {"type": "MultiLineString", "coordinates": [[[-90.51436685344814, 14.644800946090525], [-90.51436008343319, 14.644852422716768]], [[-90.51435099196331, 14.644798968673262], [-90.51438271493345, 14.644802923506747]], [[-90.51434422194485, 14.644850445298479], [-90.51437594492197, 14.644854400134014]]]}}, {"id": "1603", "type": "Feature", "properties": {"kind": "a2", "value": 11.442429918079931, "building_uid": 2877}, "geometry": {"type": "MultiLineString", "coordinates": [[[-90.5143481628545, 14.645122996583734], [-90.5142432315957, 14.645107275277372]], [[-90.51435300705745, 14.645092347815227], [-90.51434331864951, 14.645153645351849]], [[-90.51424807581218, 14.645076626513262], [-90.51423838737718, 14.645137924041107]]]}}, {"id": "1604", "type": "Feature", "properties": {"kind": "a2", "value": 5.667254405096172, "building_uid": 2878}, "geometry": {"type": "MultiLineString", "coordinates": [[[-90.51416958489112, 14.644825879303314], [-90.51417986530024, 14.644775672181963]], [[-90.51418505520554, 14.644828882053194], [-90.51415411457727, 14.644822876552468]], [[-90.51419533561152, 14.644778674930635], [-90.51416439498955, 14.64477266943232]]]}}, {"id": "1605", "type": "Feature", "properties": {"kind": "a2", "value": 13.17620181386452, "building_uid": 2879}, "geometry": {"type": "MultiLineString", "coordinates": [[[-90.51436859180866, 14.645012038950187], [-90.5142473290541, 14.644996921347381]], [[-90.51437324998727, 14.64497661999066], [-90.51436393362764, 14.645047457909289]], [[-90.51425198725107, 14.644961502393258], [-90.51424267085469, 14.645032340301084]]]}}, {"id": "1606", "type": "Feature", "properties": {"kind": "a2", "value": 12.950945807415186, "building_uid": 2883}, "geometry": {"type": "MultiLineString", "coordinates": [[[-90.51382957022956, 14.645703471838141], [-90.5138480307994, 14.64558786846434]], [[-90.51386519122826, 14.645708863866522], [-90.51379394923347, 14.645698079804575]], [[-90.5138836517808, 14.645593260487072], [-90.51381240982062, 14.64558247643642]]]}}, {"id": "1607", "type": "Feature", "properties": {"kind": "a2", "value": 0.6898212591186165, "building_uid": 2884}, "geometry": {"type": "MultiLineString", "coordinates": [[[-90.51268459758336, 14.645669226866076], [-90.51268372906083, 14.645675400714229]], [[-90.51268269522885, 14.64566897318499], [-90.51268649993787, 14.645669480547136]], [[-90.51268182670628, 14.64567514703313], [-90.51268563141541, 14.645675654395312]]]}}, {"id": "1608", "type": "Feature", "properties": {"kind": "a2", "value": 7.7015584188668385, "building_uid": 2886}, "geometry": {"type": "MultiLineString", "coordinates": [[[-90.51327033392245, 14.645743586496167], [-90.51334100795653, 14.645753861187842]], [[-90.51326716796589, 14.645764229205646], [-90.51327349987811, 14.645722943786511]], [[-90.51333784200612, 14.645774503899283], [-90.513344173906, 14.645733218476222]]]}}, {"id": "1609", "type": "Feature", "properties": {"kind": "a2", "value": 5.633702700724825, "building_uid": 2887}, "geometry": {"type": "MultiLineString", "coordinates": [[[-90.51317059940156, 14.645599198717113], [-90.51316368004059, 14.645649642832723]], [[-90.51315505600675, 14.645597177685643], [-90.5131861427968, 14.645601219747592]], [[-90.51314813664246, 14.645647621800244], [-90.51317922343918, 14.645651663864202]]]}}, {"id": "1610", "type": "Feature", "properties": {"kind": "a2", "value": 8.638064165133983, "building_uid": 2888}, "geometry": {"type": "MultiLineString", "coordinates": [[[-90.51306631587825, 14.64565154781099], [-90.51307698518426, 14.645574210498475]], [[-90.51309014590626, 14.645654664139892], [-90.51304248585129, 14.645648431479751]], [[-90.51310081520444, 14.645577326825011], [-90.51305315516515, 14.64557109416961]]]}}, {"id": "1611", "type": "Feature", "properties": {"kind": "a2", "value": 5.577192432479933, "building_uid": 2890}, "geometry": {"type": "MultiLineString", "coordinates": [[[-90.51294290267228, 14.64573032533752], [-90.51294992427856, 14.645680409826044]], [[-90.51295828319725, 14.645732376232415], [-90.51292752214776, 14.645728274441646]], [[-90.51296530480025, 14.64568246071995], [-90.5129345437573, 14.645678358931173]]]}}, {"id": "1612", "type": "Feature", "properties": {"kind": "a2", "value": 11.79640593133609, "building_uid": 2892}, "geometry": {"type": "MultiLineString", "coordinates": [[[-90.51261273134354, 14.645028857513063], [-90.51272108745012, 14.645043889548404]], [[-90.51260809951147, 14.64506050663227], [-90.51261736317356, 14.644997208393479]], [[-90.51271645563257, 14.645075538672133], [-90.51272571926557, 14.645012240424293]]]}}, {"id": "1613", "type": "Feature", "properties": {"kind": "a2", "value": 6.0066275807330385, "building_uid": 2893}, "geometry": {"type": "MultiLineString", "coordinates": [[[-90.51246148325308, 14.645129673013704], [-90.51240650460305, 14.645120785691255]], [[-90.51246422170435, 14.645113614617015], [-90.51245874480122, 14.645145731410274]], [[-90.512409243058, 14.645104727295816], [-90.51240376614753, 14.64513684408658]]]}}, {"id": "1614", "type": "Feature", "properties": {"kind": "a2", "value": 7.540589236654341, "building_uid": 2894}, "geometry": {"type": "MultiLineString", "coordinates": [[[-90.51228783860348, 14.645575712291635], [-90.5122781383208, 14.645643172164949]], [[-90.51226705212889, 14.645572878998516], [-90.51230862507893, 14.645578545582977]], [[-90.51225735184023, 14.645640338869985], [-90.51229892480218, 14.645646005458124]]]}}, {"id": "1615", "type": "Feature", "properties": {"kind": "a2", "value": 9.715319005191079, "building_uid": 2895}, "geometry": {"type": "MultiLineString", "coordinates": [[[-90.51259907728074, 14.645253875880146], [-90.5126880659353, 14.645267868307759]], [[-90.51259476578142, 14.645279868043692], [-90.51260338877856, 14.645227883716306]], [[-90.51268375444565, 14.64529386047454], [-90.51269237742342, 14.645241876140688]]]}}, {"id": "1616", "type": "Feature", "properties": {"kind": "a2", "value": 12.083886312315402, "building_uid": 2896}, "geometry": {"type": "MultiLineString", "coordinates": [[[-90.51267490120064, 14.64536530307561], [-90.5125641482941, 14.645348320675962]], [[-90.51268013398959, 14.645332953931401], [-90.51266966840937, 14.64539765221939]], [[-90.51256938109809, 14.645315971536698], [-90.51255891548782, 14.645380669814793]]]}}, {"id": "1617", "type": "Feature", "properties": {"kind": "a2", "value": 0.49002309213392437, "building_uid": 755}, "geometry": {"type": "MultiLineString", "coordinates": [[[-90.51463017860414, 14.644049717971217], [-90.51463073922356, 14.64404532513043]], [[-90.5146315321648, 14.644049881720116], [-90.51462882504347, 14.644049554222306]], [[-90.5146320927842, 14.644045488879327], [-90.51462938566293, 14.644045161381527]]]}}, {"id": "1618", "type": "Feature", "properties": {"kind": "a2", "value": 10.118334939154597, "building_uid": 2898}, "geometry": {"type": "MultiLineString", "coordinates": [[[-90.51208951545307, 14.645241675798747], [-90.51218275283976, 14.645252360025756]], [[-90.51208622331092, 14.64526890895096], [-90.51209280759386, 14.645214442646292]], [[-90.51217946070852, 14.645279593181055], [-90.51218604496961, 14.645225126870216]]]}}, {"id": "1619", "type": "Feature", "properties": {"kind": "a2", "value": 14.093693860715534, "building_uid": 3049}, "geometry": {"type": "MultiLineString", "coordinates": [[[-90.51402626036355, 14.645529037614414], [-90.51415601155199, 14.645544867332786]], [[-90.51402138272637, 14.645566935813488], [-90.51403113799799, 14.645491139414865]], [[-90.5141511339359, 14.645582765537993], [-90.51416088916535, 14.645506969127107]]]}}, {"id": "1620", "type": "Feature", "properties": {"kind": "a2", "value": 15.172494546321708, "building_uid": 3239}, "geometry": {"type": "MultiLineString", "coordinates": [[[-90.51526062142156, 14.643497843114927], [-90.51512153710294, 14.643476670151577]], [[-90.51526714539024, 14.64345721846895], [-90.51525409744924, 14.643538467760209]], [[-90.51512806109535, 14.643436045513376], [-90.51511501310691, 14.643517294789087]]]}}, {"id": "1621", "type": "Feature", "properties": {"kind": "a2", "value": 7.564571902388706, "building_uid": 3240}, "geometry": {"type": "MultiLineString", "coordinates": [[[-90.51415188584461, 14.643149411682218], [-90.51414119654646, 14.643216949026115]], [[-90.5141310757321, 14.643146289479], [-90.51417269595802, 14.643152533883658]], [[-90.51412038642803, 14.64321382682098], [-90.5141620066658, 14.643220071229475]]]}}, {"id": "1622", "type": "Feature", "properties": {"kind": "a2", "value": 0.6675144475884736, "building_uid": 3241}, "geometry": {"type": "MultiLineString", "coordinates": [[[-90.5139459663198, 14.643151339787737], [-90.51394504314445, 14.643157302409138]], [[-90.51394412907217, 14.643151070140334], [-90.51394780356742, 14.643151609435128]], [[-90.51394320589678, 14.64315703276172], [-90.51394688039211, 14.643157572056545]]]}}, {"id": "1623", "type": "Feature", "properties": {"kind": "a2", "value": 8.55594666551752, "building_uid": 12787}, "geometry": {"type": "MultiLineString", "coordinates": [[[-90.51433932073799, 14.644648420374551], [-90.51441775840806, 14.644660322437007]], [[-90.51433565335545, 14.64467133082857], [-90.51434298811937, 14.644625509920319]], [[-90.51441409103307, 14.644683232893493], [-90.5144214257819, 14.644637411980305]]]}}, {"id": "1624", "type": "Feature", "properties": {"kind": "a2", "value": 3.5148291679797694, "building_uid": 12789}, "geometry": {"type": "MultiLineString", "coordinates": [[[-90.51449810336477, 14.64449630554399], [-90.51446585643879, 14.644491570588727]], [[-90.514499562343, 14.644486886698143], [-90.51449664438636, 14.64450572438981]], [[-90.5144673154183, 14.644482151743292], [-90.51446439745908, 14.644500989434121]]]}}, {"id": "1625", "type": "Feature", "properties": {"kind": "a2", "value": 4.023615877005496, "building_uid": 12843}, "geometry": {"type": "MultiLineString", "coordinates": [[[-90.5123278806932, 14.644091006742784], [-90.51236488879285, 14.644095785263136]], [[-90.51232640829231, 14.64410181627586], [-90.51232935309388, 14.64408019720967]], [[-90.51236341639365, 14.644106594796721], [-90.51236636119181, 14.644084975729502]]]}}, {"id": "1626", "type": "Feature", "properties": {"kind": "a2", "value": 4.640740803908557, "building_uid": 12849}, "geometry": {"type": "MultiLineString", "coordinates": [[[-90.51254457966938, 14.644318673858598], [-90.51253757168422, 14.64436003693037]], [[-90.51253183450088, 14.64431662692934], [-90.51255732483821, 14.644320720787185]], [[-90.51252482651351, 14.644357990000376], [-90.51255031685527, 14.644362083859706]]]}}, {"id": "1627", "type": "Feature", "properties": {"kind": "a2", "value": 8.738480473868549, "building_uid": 12850}, "geometry": {"type": "MultiLineString", "coordinates": [[[-90.51209814646383, 14.645469603319919], [-90.51208574841189, 14.645547613831976]], [[-90.51207410902272, 14.645465982051125], [-90.51212218390611, 14.645473224586347]], [[-90.5120617109629, 14.645543992560615], [-90.51210978586207, 14.645551235100978]]]}}, {"id": "1628", "type": "Feature", "properties": {"kind": "a2", "value": 7.625396462157368, "building_uid": 12851}, "geometry": {"type": "MultiLineString", "coordinates": [[[-90.51203696897754, 14.645469303622596], [-90.5121070947852, 14.645478439300527]], [[-90.51203415399027, 14.64548978623033], [-90.51203978396396, 14.645448821014721]], [[-90.51210427980405, 14.645498921910098], [-90.5121099097655, 14.6454579566908]]]}}, {"id": "1629", "type": "Feature", "properties": {"kind": "a2", "value": 0.47529902402311563, "building_uid": 12852}, "geometry": {"type": "MultiLineString", "coordinates": [[[-90.51273620791282, 14.645427757261345], [-90.5127356253763, 14.645432013242267]], [[-90.51273489651427, 14.645427587111856], [-90.51273751931136, 14.645427927410823]], [[-90.51273431397773, 14.64543184309277], [-90.51273693677486, 14.645432183391755]]]}}, {"id": "1630", "type": "Feature", "properties": {"kind": "a2", "value": 2.7347717094817194, "building_uid": 756}, "geometry": {"type": "MultiLineString", "coordinates": [[[-90.51473698791196, 14.643779926689302], [-90.51476203813903, 14.643783860117862]], [[-90.51473577591048, 14.643787243510543], [-90.51473819991332, 14.643772609868043]], [[-90.51476082613831, 14.643791176939354], [-90.51476325013962, 14.643776543296346]]]}}, {"id": "1631", "type": "Feature", "properties": {"kind": "a2", "value": 9.753506612748241, "building_uid": 12916}, "geometry": {"type": "MultiLineString", "coordinates": [[[-90.51517722812883, 14.645581390328504], [-90.51508749067722, 14.645570004061543]], [[-90.51518073658438, 14.645555179488015], [-90.51517371967196, 14.645607601168743]], [[-90.51509099914281, 14.64554379322404], [-90.51508398221029, 14.645596214898806]]]}}, {"id": "1632", "type": "Feature", "properties": {"kind": "a2", "value": 4.323278828989714, "building_uid": 12918}, "geometry": {"type": "MultiLineString", "coordinates": [[[-90.51340722833656, 14.645042396718788], [-90.51341264039674, 14.645003699533447]], [[-90.51341915210767, 14.645043977496906], [-90.51339530456572, 14.645040815940087]], [[-90.51342456416589, 14.645005280310963], [-90.51340071662786, 14.645002118755345]]]}}, {"id": "1633", "type": "Feature", "properties": {"kind": "a2", "value": 11.524785737274215, "building_uid": 12952}, "geometry": {"type": "MultiLineString", "coordinates": [[[-90.51494940922811, 14.646368482652093], [-90.5149639556993, 14.64626534134468]], [[-90.51498119037375, 14.64637273142342], [-90.51491762808442, 14.646364233876609]], [[-90.51499573683098, 14.646269590111757], [-90.51493217456955, 14.646261092573448]]]}}, {"id": "1634", "type": "Feature", "properties": {"kind": "a2", "value": 20.09578730598974, "building_uid": 12953}, "geometry": {"type": "MultiLineString", "coordinates": [[[-90.51451169057316, 14.646181539386566], [-90.51432681833701, 14.646157929804131]], [[-90.51451896541197, 14.646127541377624], [-90.51450441572861, 14.646235537394485]], [[-90.51433409321845, 14.64610393180789], [-90.51431954344984, 14.646211927799362]]]}}, {"id": "1635", "type": "Feature", "properties": {"kind": "a2", "value": 0.41435440978966653, "building_uid": 12995}, "geometry": {"type": "MultiLineString", "coordinates": [[[-90.51295055029992, 14.645126258142746], [-90.51295002402235, 14.645129965970257]], [[-90.51294940780588, 14.645126104425382], [-90.51295169279395, 14.645126411860108]], [[-90.51294888152829, 14.645129812252884], [-90.51295116651642, 14.645130119687622]]]}}, {"id": "1636", "type": "Feature", "properties": {"kind": "a2", "value": 0.24167632311582565, "building_uid": 12998}, "geometry": {"type": "MultiLineString", "coordinates": [[[-90.51324546376486, 14.645479212748159], [-90.51324516214508, 14.645481376087524]], [[-90.51324479717334, 14.645479124649933], [-90.51324613035638, 14.6454793008464]], [[-90.51324449555355, 14.64548128798929], [-90.5132458287366, 14.645481464185758]]]}}, {"id": "1637", "type": "Feature", "properties": {"kind": "a2", "value": 22.123910497310206, "building_uid": 48}, "geometry": {"type": "MultiLineString", "coordinates": [[[-90.51369875354706, 14.644112902027898], [-90.51390231166924, 14.64413867038834]], [[-90.51369081354157, 14.64417235840901], [-90.51370669354566, 14.64405344564556]], [[-90.51389437171547, 14.644198126784783], [-90.51391025161614, 14.644079213990675]]]}}, {"id": "1638", "type": "Feature", "properties": {"kind": "a2", "value": 5.00482966308482, "building_uid": 180}, "geometry": {"type": "MultiLineString", "coordinates": [[[-90.51463520654946, 14.644725917153272], [-90.51468115676896, 14.64473244157367]], [[-90.51463319617997, 14.644739338511314], [-90.51463721691856, 14.644712495795158]], [[-90.51467914640209, 14.644745862932533], [-90.51468316713544, 14.644719020214739]]]}}, {"id": "1639", "type": "Feature", "properties": {"kind": "a2", "value": 9.067788262153044, "building_uid": 181}, "geometry": {"type": "MultiLineString", "coordinates": [[[-90.51462854037908, 14.644561312675563], [-90.51471196664912, 14.644571911854962]], [[-90.51462527445418, 14.644585680233892], [-90.51463180630282, 14.644536945117032]], [[-90.5147087007329, 14.644596279415872], [-90.51471523256419, 14.644547544293845]]]}}, {"id": "1640", "type": "Feature", "properties": {"kind": "a2", "value": 0.5853155977092683, "building_uid": 189}, "geometry": {"type": "MultiLineString", "coordinates": [[[-90.51318659988245, 14.64355994157477], [-90.51318731582325, 14.643554700282316]], [[-90.51318821487183, 14.643560150691288], [-90.51318498489306, 14.64355973245824]], [[-90.51318893081259, 14.643554909398828], [-90.51318570083389, 14.643554491165794]]]}}, {"id": "1641", "type": "Feature", "properties": {"kind": "a2", "value": 20.385611653793603, "building_uid": 190}, "geometry": {"type": "MultiLineString", "coordinates": [[[-90.51306181675706, 14.64431836602256], [-90.51308789083278, 14.644135971066811]], [[-90.51311801796264, 14.64432598188036], [-90.5130056155576, 14.644310750151773]], [[-90.5131440919948, 14.644143586911232], [-90.51303168967686, 14.644128355209405]]]}}, {"id": "1642", "type": "Feature", "properties": {"kind": "a2", "value": 10.463064679865996, "building_uid": 197}, "geometry": {"type": "MultiLineString", "coordinates": [[[-90.51264669345566, 14.643493209898175], [-90.51274298960664, 14.643505187089026]], [[-90.51264300294132, 14.643521336693505], [-90.51265038396848, 14.64346508310258]], [[-90.51273929910387, 14.643533313887762], [-90.51274668010787, 14.643477060290019]]]}}, {"id": "1643", "type": "Feature", "properties": {"kind": "a2", "value": 5.8238369456958035, "building_uid": 309}, "geometry": {"type": "MultiLineString", "coordinates": [[[-90.51302502299133, 14.644018224655442], [-90.51303230384943, 14.64396609487679]], [[-90.51304108567403, 14.644020351290328], [-90.51300896030911, 14.644016098019495]], [[-90.51304836652858, 14.643968221510594], [-90.51301624117077, 14.643963968241925]]]}}, {"id": "1644", "type": "Feature", "properties": {"kind": "a2", "value": 7.58657906006556, "building_uid": 765}, "geometry": {"type": "MultiLineString", "coordinates": [[[-90.51451244303829, 14.645354588696733], [-90.5144427146565, 14.645345209332728]], [[-90.51451533310416, 14.64533422215699], [-90.51450955297156, 14.645374955236331]], [[-90.51444560472842, 14.64532484279483], [-90.51443982458375, 14.645365575870478]]]}}, {"id": "1645", "type": "Feature", "properties": {"kind": "a2", "value": 13.803848680850013, "building_uid": 770}, "geometry": {"type": "MultiLineString", "coordinates": [[[-90.51394921543942, 14.645740384053763], [-90.51396895147037, 14.645617176498236]], [[-90.51398717952978, 14.645746148622461], [-90.51391125135204, 14.645734619479164]], [[-90.51400691554107, 14.645622941060509], [-90.51393098740266, 14.645611411930068]]]}}, {"id": "1646", "type": "Feature", "properties": {"kind": "a2", "value": 14.28690113419531, "building_uid": 913}, "geometry": {"type": "MultiLineString", "coordinates": [[[-90.51458368810292, 14.646445562569175], [-90.51445239097201, 14.646427796380813]], [[-90.51458916242495, 14.646407212978064], [-90.51457821377787, 14.646483912159741]], [[-90.51445786531545, 14.646389446796267], [-90.51444691662559, 14.646466145964814]]]}}, {"id": "1647", "type": "Feature", "properties": {"kind": "a2", "value": 4.482252142741345, "building_uid": 920}, "geometry": {"type": "MultiLineString", "coordinates": [[[-90.5137689622095, 14.646116611799597], [-90.51381006552624, 14.646122774885056]], [[-90.51376706316617, 14.646128617374227], [-90.51377086125254, 14.646104606224911]], [[-90.51380816648498, 14.646134780460358], [-90.51381196456717, 14.646110769309695]]]}}, {"id": "1648", "type": "Feature", "properties": {"kind": "a2", "value": 0.5077354074455798, "building_uid": 1296}, "geometry": {"type": "MultiLineString", "coordinates": [[[-90.51393191088248, 14.644386959371513], [-90.51393133103542, 14.644391511118341]], [[-90.51393050835613, 14.644386790006761], [-90.51393331340886, 14.644387128736263]], [[-90.51392992850903, 14.644391341753582], [-90.51393273356183, 14.644391680483098]]]}}, {"id": "1649", "type": "Feature", "properties": {"kind": "a2", "value": 0.5677640826907009, "building_uid": 1298}, "geometry": {"type": "MultiLineString", "coordinates": [[[-90.5135046517103, 14.644383392145645], [-90.51350402598452, 14.644388484725663]], [[-90.51350308253743, 14.644383209380392], [-90.51350622088317, 14.644383574910883]], [[-90.51350245681162, 14.6443883019604], [-90.51350559515743, 14.644388667490912]]]}}, {"id": "1650", "type": "Feature", "properties": {"kind": "a2", "value": 11.995427725603804, "building_uid": 1301}, "geometry": {"type": "MultiLineString", "coordinates": [[[-90.51504642054825, 14.644551287210609], [-90.51506181694329, 14.64444396838094]], [[-90.51507948864499, 14.644555784267723], [-90.51501335245361, 14.644546790148997]], [[-90.51509488502496, 14.644448465433417], [-90.51502874886373, 14.644439471323965]]]}}, {"id": "1651", "type": "Feature", "properties": {"kind": "a2", "value": 4.495975639657133, "building_uid": 1306}, "geometry": {"type": "MultiLineString", "coordinates": [[[-90.51474098378323, 14.643888776054542], [-90.51469959794322, 14.64388368525329]], [[-90.51474255240319, 14.643876687834323], [-90.51473941516298, 14.643900864274713]], [[-90.51470116656533, 14.643871597033694], [-90.51469802932083, 14.64389577347283]]]}}, {"id": "1652", "type": "Feature", "properties": {"kind": "a2", "value": 15.260399265673069, "building_uid": 1407}, "geometry": {"type": "MultiLineString", "coordinates": [[[-90.51232610240262, 14.646124362683619], [-90.51234799328635, 14.64598816571286]], [[-90.5123680690114, 14.646130756638115], [-90.51228413579751, 14.646117968721912]], [[-90.51238995987113, 14.645994559659496], [-90.51230602670525, 14.645981771759024]]]}}, {"id": "1653", "type": "Feature", "properties": {"kind": "a2", "value": 8.091635504795702, "building_uid": 1427}, "geometry": {"type": "MultiLineString", "coordinates": [[[-90.51331242738496, 14.645010690756154], [-90.51338650356207, 14.645022583942842]], [[-90.51330876273164, 14.645032327248042], [-90.51331609203721, 14.64498905426405]], [[-90.51338283891545, 14.645044220437008], [-90.51339016820764, 14.64500094744848]]]}}, {"id": "1654", "type": "Feature", "properties": {"kind": "a2", "value": 5.781664466368966, "building_uid": 1547}, "geometry": {"type": "MultiLineString", "coordinates": [[[-90.51453038937409, 14.645532127185799], [-90.51458351981313, 14.645539338176922]], [[-90.51452816744296, 14.645547645718548], [-90.5145326113047, 14.645516608652963]], [[-90.5145812978855, 14.645554856710744], [-90.51458574174025, 14.645523819643008]]]}}, {"id": "1655", "type": "Feature", "properties": {"kind": "a2", "value": 4.173468357883395, "building_uid": 1548}, "geometry": {"type": "MultiLineString", "coordinates": [[[-90.51461944782824, 14.645667681358983], [-90.51458114828473, 14.645662122120376]], [[-90.51462116080135, 14.645656494694334], [-90.51461773485482, 14.645678868023582]], [[-90.51458286125968, 14.645650935456304], [-90.51457943530953, 14.645673308784398]]]}}, {"id": "1656", "type": "Feature", "properties": {"kind": "a2", "value": 6.744861816288903, "building_uid": 1550}, "geometry": {"type": "MultiLineString", "coordinates": [[[-90.51413677360524, 14.645605236799808], [-90.51413096101702, 14.645665903069105]], [[-90.5141180804477, 14.645603539038424], [-90.51415546676331, 14.645606934559739]], [[-90.51411226785453, 14.645664205306456], [-90.51414965418003, 14.645667600830292]]]}}, {"id": "1657", "type": "Feature", "properties": {"kind": "a2", "value": 7.007725133147615, "building_uid": 1555}, "geometry": {"type": "MultiLineString", "coordinates": [[[-90.51292318355587, 14.645185675997924], [-90.51285882851649, 14.6451766469068]], [[-90.51292596569029, 14.64516687891054], [-90.51292040142071, 14.645204473085169]], [[-90.51286161065602, 14.645157849821024], [-90.51285604637621, 14.645195443992439]]]}}, {"id": "1658", "type": "Feature", "properties": {"kind": "a2", "value": 11.232635473070834, "building_uid": 2589}, "geometry": {"type": "MultiLineString", "coordinates": [[[-90.51483150439765, 14.64453213048968], [-90.51493488975929, 14.6445449438541]], [[-90.51482755621488, 14.644562327801905], [-90.51483545257868, 14.644501933177139]], [[-90.51493094158987, 14.644575141170247], [-90.51493883792695, 14.644514746537647]]]}}, {"id": "1659", "type": "Feature", "properties": {"kind": "a2", "value": 7.830444384195516, "building_uid": 2590}, "geometry": {"type": "MultiLineString", "coordinates": [[[-90.51457944461808, 14.644384297446134], [-90.51465143960672, 14.644393796560811]], [[-90.51457651765924, 14.644405326116546], [-90.51458237157604, 14.644363268775571]], [[-90.51464851265433, 14.644414825233168], [-90.51465436655823, 14.644372767888294]]]}}, {"id": "1660", "type": "Feature", "properties": {"kind": "a2", "value": 9.810157143529146, "building_uid": 2591}, "geometry": {"type": "MultiLineString", "coordinates": [[[-90.51496557709889, 14.64431558803144], [-90.51487486563902, 14.644308281112297]], [[-90.51496782856788, 14.644289092544719], [-90.51496332562886, 14.644342083517992]], [[-90.51487711711853, 14.644281785628149], [-90.5148726141584, 14.644334776596287]]]}}, {"id": "1661", "type": "Feature", "properties": {"kind": "a2", "value": 0.6091737700626254, "building_uid": 2600}, "geometry": {"type": "MultiLineString", "coordinates": [[[-90.51239452194167, 14.64417800448224], [-90.51239380079825, 14.644183462467199]], [[-90.51239284017845, 14.644177793846715], [-90.51239620370491, 14.64417821511776]], [[-90.512392119035, 14.64418325183166], [-90.51239548256153, 14.644183673102727]]]}}, {"id": "1662", "type": "Feature", "properties": {"kind": "a2", "value": 8.303712378264908, "building_uid": 2602}, "geometry": {"type": "MultiLineString", "coordinates": [[[-90.51283276988401, 14.644280488301074], [-90.51275640445978, 14.64427055424621]], [[-90.51283583085127, 14.644258183077136], [-90.51282970891579, 14.64430279352484]], [[-90.5127594654343, 14.644248249024454], [-90.51275334348428, 14.644292859467786]]]}}, {"id": "1663", "type": "Feature", "properties": {"kind": "a2", "value": 14.926369400418197, "building_uid": 2604}, "geometry": {"type": "MultiLineString", "coordinates": [[[-90.51270352749742, 14.643944979330962], [-90.51256666927976, 14.64392433797496]], [[-90.51270988767658, 14.643905004981605], [-90.51269716731477, 14.643984953679663]], [[-90.51257302948194, 14.643884363633093], [-90.51256030907413, 14.643964312316163]]]}}, {"id": "1664", "type": "Feature", "properties": {"kind": "a2", "value": 0.8667983647901566, "building_uid": 2605}, "geometry": {"type": "MultiLineString", "coordinates": [[[-90.51278953147049, 14.643639530025833], [-90.51278842453188, 14.643647285711761]], [[-90.512787141725, 14.643639206704318], [-90.51279192121599, 14.643639853347313]], [[-90.5127860347863, 14.643646962390223], [-90.51279081427747, 14.64364760903327]]]}}, {"id": "1665", "type": "Feature", "properties": {"kind": "a2", "value": 16.416350977173856, "building_uid": 2606}, "geometry": {"type": "MultiLineString", "coordinates": [[[-90.51277724276731, 14.64388805104993], [-90.51279806650167, 14.64374114664229]], [[-90.51282250820977, 14.643894133371019], [-90.5127319773288, 14.643881968720414]], [[-90.51284333191586, 14.643747228954732], [-90.51275280109142, 14.643735064321413]]]}}, {"id": "1666", "type": "Feature", "properties": {"kind": "a2", "value": 0.7737767342478038, "building_uid": 2607}, "geometry": {"type": "MultiLineString", "coordinates": [[[-90.51250879148623, 14.643570461414788], [-90.51250771347155, 14.643577372064033]], [[-90.51250666212104, 14.643570146541458], [-90.51251092085143, 14.6435707762881]], [[-90.5125055841063, 14.643577057190678], [-90.5125098428368, 14.643577686937359]]]}}, {"id": "1667", "type": "Feature", "properties": {"kind": "a2", "value": 0.5679035361390561, "building_uid": 2692}, "geometry": {"type": "MultiLineString", "coordinates": [[[-90.51466455386114, 14.648373432114424], [-90.5146651503533, 14.648368334938318]], [[-90.51466612447915, 14.648373606337756], [-90.51466298324314, 14.648373257891084]], [[-90.51466672097126, 14.648368509161639], [-90.51466357973533, 14.64836816071499]]]}}, {"id": "1668", "type": "Feature", "properties": {"kind": "a2", "value": 7.999312822706997, "building_uid": 2709}, "geometry": {"type": "MultiLineString", "coordinates": [[[-90.51441237373186, 14.647233394933904], [-90.51440200026515, 14.6473049473973]], [[-90.51439032603481, 14.64723036503803], [-90.51443442142985, 14.647236424827785]], [[-90.51437995256141, 14.647301917499352], [-90.51442404796984, 14.647307977293243]]]}}, {"id": "1669", "type": "Feature", "properties": {"kind": "a2", "value": 8.243318363791332, "building_uid": 2710}, "geometry": {"type": "MultiLineString", "coordinates": [[[-90.51418456737406, 14.647462121406244], [-90.51410880338044, 14.64745192167626]], [[-90.51418771024977, 14.647439992176539], [-90.51418142449735, 14.647484250635774]], [[-90.51411194626327, 14.647429792448733], [-90.51410566049658, 14.647474050903615]]]}}, {"id": "1670", "type": "Feature", "properties": {"kind": "a2", "value": 8.028815308585763, "building_uid": 2713}, "geometry": {"type": "MultiLineString", "coordinates": [[[-90.51413169272375, 14.648198641850723], [-90.51405786262497, 14.648188974157678]], [[-90.51413467167133, 14.648177077548562], [-90.51412871377522, 14.648220206152715]], [[-90.51406084157935, 14.648167409857566], [-90.51405488366967, 14.64821053845763]]]}}, {"id": "1671", "type": "Feature", "properties": {"kind": "a2", "value": 13.86833478603512, "building_uid": 2714}, "geometry": {"type": "MultiLineString", "coordinates": [[[-90.51429741045787, 14.64827143308033], [-90.5142792364504, 14.648395456717568]], [[-90.5142591944616, 14.648266124818353], [-90.51433562645701, 14.648276741336312]], [[-90.51424102043403, 14.648390148449334], [-90.51431745246964, 14.648400764979797]]]}}, {"id": "1672", "type": "Feature", "properties": {"kind": "a2", "value": 5.813112362774819, "building_uid": 2715}, "geometry": {"type": "MultiLineString", "coordinates": [[[-90.5141396154859, 14.64829161788536], [-90.51408616838867, 14.648284558944093]], [[-90.5141417905894, 14.648276007059208], [-90.51413744038192, 14.648307228711419]], [[-90.51408834349571, 14.648268948119023], [-90.51408399328113, 14.648300169769069]]]}}, {"id": "1673", "type": "Feature", "properties": {"kind": "a2", "value": 7.1716959636496735, "building_uid": 2716}, "geometry": {"type": "MultiLineString", "coordinates": [[[-90.51422638341792, 14.64812873723255], [-90.51429225072064, 14.64813794036631]], [[-90.51422354761101, 14.64814797576397], [-90.51422921922405, 14.64810949870097]], [[-90.51428941491912, 14.648157178899412], [-90.51429508652143, 14.648118701833063]]]}}, {"id": "1674", "type": "Feature", "properties": {"kind": "a2", "value": 11.991388465808457, "building_uid": 2717}, "geometry": {"type": "MultiLineString", "coordinates": [[[-90.51437053819438, 14.648060937043637], [-90.51426027522939, 14.64804645831049]], [[-90.51437499958263, 14.648028731404843], [-90.51436607680408, 14.648093142682065]], [[-90.51426473663277, 14.648014252676264], [-90.51425581382395, 14.648078663944352]]]}}, {"id": "1675", "type": "Feature", "properties": {"kind": "a2", "value": 11.837314767763019, "building_uid": 2718}, "geometry": {"type": "MultiLineString", "coordinates": [[[-90.51455443703297, 14.647951437636678], [-90.5144457992516, 14.64793571360014]], [[-90.51455928213991, 14.647919706665759], [-90.5145495919239, 14.6479831686072]], [[-90.5144506443731, 14.647903982633856], [-90.51444095412796, 14.647967444566026]]]}}, {"id": "1676", "type": "Feature", "properties": {"kind": "a2", "value": 0.6709646489471196, "building_uid": 2721}, "geometry": {"type": "MultiLineString", "coordinates": [[[-90.51458119126372, 14.64836385951175], [-90.51458200917556, 14.648357850895495]], [[-90.51458304272818, 14.648364098407315], [-90.51457933979925, 14.64836362061616]], [[-90.51458386063997, 14.648358089791055], [-90.51458015771114, 14.648357611999927]]]}}, {"id": "1677", "type": "Feature", "properties": {"kind": "a2", "value": 1.2922655167058112, "building_uid": 2722}, "geometry": {"type": "MultiLineString", "coordinates": [[[-90.51445117822425, 14.648112014915972], [-90.51445278085376, 14.6481004459929]], [[-90.51445474300927, 14.648112483012317], [-90.51444761343927, 14.64811154681958]], [[-90.51445634563859, 14.648100914089193], [-90.51444921606895, 14.648099977896555]]]}}, {"id": "1678", "type": "Feature", "properties": {"kind": "a2", "value": 8.601928806396776, "building_uid": 2723}, "geometry": {"type": "MultiLineString", "coordinates": [[[-90.51420936609506, 14.647640929077491], [-90.51413031174563, 14.647630245687782]], [[-90.51421265800496, 14.64761783881607], [-90.51420607418407, 14.647664019338713]], [[-90.51413360366328, 14.64760715542874], [-90.51412701982687, 14.64765333594663]]]}}, {"id": "1679", "type": "Feature", "properties": {"kind": "a2", "value": 5.340653606457637, "building_uid": 2724}, "geometry": {"type": "MultiLineString", "coordinates": [[[-90.51406813523961, 14.647725568844022], [-90.5141172804919, 14.647731743825897]], [[-90.51406623251597, 14.647739923223538], [-90.51407003796287, 14.64771121446443]], [[-90.51411537777128, 14.647746098206309], [-90.51411918321215, 14.647717389445424]]]}}, {"id": "1680", "type": "Feature", "properties": {"kind": "a2", "value": 3.2624479639343917, "building_uid": 2725}, "geometry": {"type": "MultiLineString", "coordinates": [[[-90.5142217961562, 14.647583833220724], [-90.51422567080473, 14.647554604357543]], [[-90.51423080255711, 14.647584964931637], [-90.51421278975545, 14.647582701509481]], [[-90.51423467720453, 14.64755573606812], [-90.51421666440511, 14.647553472646626]]]}}, {"id": "1681", "type": "Feature", "properties": {"kind": "a2", "value": 7.070959718897939, "building_uid": 2727}, "geometry": {"type": "MultiLineString", "coordinates": [[[-90.5145037932198, 14.647751476581393], [-90.51443899435604, 14.647741479659933]], [[-90.5145068736086, 14.647732550084143], [-90.51450071283018, 14.647770403078496]], [[-90.51444207475, 14.647722553164375], [-90.51443591396131, 14.647760406155328]]]}}, {"id": "1682", "type": "Feature", "properties": {"kind": "a2", "value": 7.029308940470313, "building_uid": 2732}, "geometry": {"type": "MultiLineString", "coordinates": [[[-90.51429785060219, 14.646850256480214], [-90.51423322757348, 14.646841680279787]], [[-90.5143004932075, 14.646831381262551], [-90.51429520799614, 14.646869131697756]], [[-90.514235870184, 14.646822805063689], [-90.51423058496225, 14.646860555495742]]]}}, {"id": "1683", "type": "Feature", "properties": {"kind": "a2", "value": 8.19745671772398, "building_uid": 2733}, "geometry": {"type": "MultiLineString", "coordinates": [[[-90.51416127924894, 14.64679675127505], [-90.51423653777555, 14.64680746731749]], [[-90.51415797728191, 14.64681873293152], [-90.51416458121497, 14.646774769618393]], [[-90.51423323581552, 14.646829448976165], [-90.51423983973457, 14.646785485658622]]]}}, {"id": "1684", "type": "Feature", "properties": {"kind": "a2", "value": 8.040135169052519, "building_uid": 2735}, "geometry": {"type": "MultiLineString", "coordinates": [[[-90.51425890129846, 14.646701614653113], [-90.51418506188249, 14.646691273743082]], [[-90.51426208766551, 14.646680047480382], [-90.51425571493044, 14.64672318182566]], [[-90.51418824825629, 14.64666970657247], [-90.51418187550772, 14.646712840913528]]]}}, {"id": "1685", "type": "Feature", "properties": {"kind": "a2", "value": 2.8505696053616707, "building_uid": 2737}, "geometry": {"type": "MultiLineString", "coordinates": [[[-90.51437493302129, 14.646721116852014], [-90.51440111218412, 14.646724783512598]], [[-90.5143738032032, 14.64672876331576], [-90.51437606283923, 14.646713470388246]], [[-90.5143999823669, 14.646732429976607], [-90.51440224200122, 14.646717137048565]]]}}, {"id": "1686", "type": "Feature", "properties": {"kind": "a2", "value": 16.406014160436072, "building_uid": 2739}, "geometry": {"type": "MultiLineString", "coordinates": [[[-90.51427299440114, 14.646579583870786], [-90.51442401877755, 14.646598131108018]], [[-90.51426727938045, 14.646623695405026], [-90.5142787094181, 14.646535472335886]], [[-90.51441830378539, 14.646642242650595], [-90.51442973376595, 14.646554019564796]]]}}, {"id": "1687", "type": "Feature", "properties": {"kind": "a2", "value": 13.836437431881098, "building_uid": 2743}, "geometry": {"type": "MultiLineString", "coordinates": [[[-90.51372496831156, 14.646382693343055], [-90.51359826974759, 14.646362533499325]], [[-90.51373118019485, 14.646345686901642], [-90.51371875642518, 14.646419699783868]], [[-90.51360448165048, 14.6463255270645], [-90.5135920578416, 14.646399539933544]]]}}, {"id": "1688", "type": "Feature", "properties": {"kind": "a2", "value": 4.7363504266832015, "building_uid": 2754}, "geometry": {"type": "MultiLineString", "coordinates": [[[-90.5138853356505, 14.647634587336642], [-90.51389132944226, 14.647592201393943]], [[-90.51389839619549, 14.647636338008512], [-90.51387227510583, 14.647632836664068]], [[-90.51390438998489, 14.647593952065098], [-90.51387826889996, 14.647590450722088]]]}}, {"id": "1689", "type": "Feature", "properties": {"kind": "a2", "value": 10.99768176546786, "building_uid": 2756}, "geometry": {"type": "MultiLineString", "coordinates": [[[-90.51387873555613, 14.647737489685893], [-90.5137776778229, 14.647723730652993]], [[-90.51388297517497, 14.647707972669961], [-90.51387449593551, 14.647767006701496]], [[-90.5137819174544, 14.647694213640964], [-90.51377343818963, 14.647753247664701]]]}}, {"id": "1690", "type": "Feature", "properties": {"kind": "a2", "value": 6.720192545326426, "building_uid": 2760}, "geometry": {"type": "MultiLineString", "coordinates": [[[-90.51370985528254, 14.647645764850827], [-90.5137189043832, 14.647585700779352]], [[-90.51372836305893, 14.647648407919952], [-90.51369134750682, 14.647643121780295]], [[-90.51373741215488, 14.647588343846989], [-90.51370039661218, 14.647583057710305]]]}}, {"id": "1691", "type": "Feature", "properties": {"kind": "a2", "value": 9.056393237784505, "building_uid": 2784}, "geometry": {"type": "MultiLineString", "coordinates": [[[-90.51347967624791, 14.648292024301881], [-90.51349554769452, 14.64821168608427]], [[-90.5135044312499, 14.648296660034283], [-90.5134549212474, 14.648287388567]], [[-90.51352030268836, 14.648216321813642], [-90.51347079270214, 14.648207050352426]]]}}, {"id": "1692", "type": "Feature", "properties": {"kind": "a2", "value": 12.19806436356157, "building_uid": 2802}, "geometry": {"type": "MultiLineString", "coordinates": [[[-90.5127471533656, 14.64795281003254], [-90.51273174329903, 14.648061974842006]], [[-90.5127135159404, 14.647948309055263], [-90.51278079079295, 14.64795731100516]], [[-90.51269810585822, 14.648057473859971], [-90.51276538074201, 14.648066475819393]]]}}, {"id": "1693", "type": "Feature", "properties": {"kind": "a2", "value": 5.328877287916839, "building_uid": 2817}, "geometry": {"type": "MultiLineString", "coordinates": [[[-90.51259573360086, 14.647798272976328], [-90.51254679587782, 14.647791405080362]], [[-90.51259784983216, 14.647783979215491], [-90.51259361736913, 14.64781256673708]], [[-90.51254891211208, 14.647777111320451], [-90.51254467964316, 14.647805698840191]]]}}, {"id": "1694", "type": "Feature", "properties": {"kind": "a2", "value": 0.6035861219279467, "building_uid": 2823}, "geometry": {"type": "MultiLineString", "coordinates": [[[-90.51204915799322, 14.648027910643318], [-90.51204841888112, 14.648033315430725]], [[-90.51204749259209, 14.64802769476324], [-90.51205082339436, 14.648028126523387]], [[-90.51204675347996, 14.648033099550636], [-90.51205008428231, 14.648033531310801]]]}}, {"id": "1695", "type": "Feature", "properties": {"kind": "a2", "value": 6.8095523167880145, "building_uid": 2852}, "geometry": {"type": "MultiLineString", "coordinates": [[[-90.51215011537874, 14.647074929174394], [-90.51221309833983, 14.64707980320116]], [[-90.51214861352705, 14.647093325336838], [-90.51215161722996, 14.647056533011884]], [[-90.51221159649322, 14.647098199364825], [-90.51221460018594, 14.647061407037423]]]}}, {"id": "1696", "type": "Feature", "properties": {"kind": "a2", "value": 8.390289339702575, "building_uid": 2857}, "geometry": {"type": "MultiLineString", "coordinates": [[[-90.51214995804472, 14.6460058925407], [-90.51213808189632, 14.646080798868269]], [[-90.51212687704128, 14.646002423719981], [-90.51217303904924, 14.646009361359235]], [[-90.51211500088561, 14.646077330045184], [-90.51216116290814, 14.646084267689174]]]}}, {"id": "1697", "type": "Feature", "properties": {"kind": "a2", "value": 0.5652788220904768, "building_uid": 2862}, "geometry": {"type": "MultiLineString", "coordinates": [[[-90.5146299892342, 14.645816379196381], [-90.51462921244799, 14.64582142932443]], [[-90.51462843313172, 14.645816152310113], [-90.51463154533668, 14.645816606082636]], [[-90.51462765634548, 14.645821202438158], [-90.51463076855052, 14.645821656210698]]]}}, {"id": "1698", "type": "Feature", "properties": {"kind": "a2", "value": 4.411992882932453, "building_uid": 2866}, "geometry": {"type": "MultiLineString", "coordinates": [[[-90.51451339794855, 14.645723321322755], [-90.51447292999606, 14.645717311904361]], [[-90.51451524963643, 14.645711501304623], [-90.5145115462604, 14.645735141340829]], [[-90.51447478168595, 14.645705491886874], [-90.51447107830587, 14.645729131921785]]]}}, {"id": "1699", "type": "Feature", "properties": {"kind": "a2", "value": 5.274199621175181, "building_uid": 2873}, "geometry": {"type": "MultiLineString", "coordinates": [[[-90.51402314008931, 14.644800468307078], [-90.51403153191103, 14.644753529655544]], [[-90.51403760328883, 14.64480291942978], [-90.51400867689026, 14.64479801718353]], [[-90.51404599510774, 14.644755980777257], [-90.51401706871481, 14.644751078532977]]]}}, {"id": "1700", "type": "Feature", "properties": {"kind": "a2", "value": 10.225389232095932, "building_uid": 2880}, "geometry": {"type": "MultiLineString", "coordinates": [[[-90.51397466672665, 14.645282950971602], [-90.51399007285804, 14.645191805996893]], [[-90.5140027512765, 14.645287450857303], [-90.51394658217852, 14.645278451082683]], [[-90.51401815739717, 14.645196305878986], [-90.51396198832059, 14.645187306111582]]]}}, {"id": "1701", "type": "Feature", "properties": {"kind": "a2", "value": 6.234324692605789, "building_uid": 2881}, "geometry": {"type": "MultiLineString", "coordinates": [[[-90.51407646256152, 14.645079765161084], [-90.51406515346783, 14.645134996043604]], [[-90.51405944425636, 14.64507646195317], [-90.51409348086737, 14.645083068367832]], [[-90.51404813515884, 14.645131692834228], [-90.51408217177752, 14.645138299251807]]]}}, {"id": "1702", "type": "Feature", "properties": {"kind": "a2", "value": 11.96607240359299, "building_uid": 2882}, "geometry": {"type": "MultiLineString", "coordinates": [[[-90.51359589876316, 14.64512842858549], [-90.51361009605128, 14.645021220632982]], [[-90.51362893278343, 14.645132575390237], [-90.5135628647449, 14.645124281776232]], [[-90.5136431300564, 14.645025367433266], [-90.51357706204816, 14.645017073828198]]]}}, {"id": "1703", "type": "Feature", "properties": {"kind": "a2", "value": 10.13123127585277, "building_uid": 2891}, "geometry": {"type": "MultiLineString", "coordinates": [[[-90.51219110264536, 14.64533585451495], [-90.51228436798802, 14.645347279447519]], [[-90.5121875822677, 14.645363095820716], [-90.5121946230216, 14.64530861320894]], [[-90.51228084762124, 14.645374520756462], [-90.51228788835337, 14.645320038138331]]]}}, {"id": "1704", "type": "Feature", "properties": {"kind": "a2", "value": 0.47744832839816814, "building_uid": 2897}, "geometry": {"type": "MultiLineString", "coordinates": [[[-90.51258422560011, 14.645190596381788], [-90.51258353190278, 14.645194856193283]], [[-90.51258291302268, 14.645190393763807], [-90.51258553817753, 14.645190798999764]], [[-90.51258221932532, 14.645194653575297], [-90.51258484448023, 14.645195058811268]]]}}, {"id": "1705", "type": "Feature", "properties": {"kind": "a2", "value": 6.234378244557052, "building_uid": 12745}, "geometry": {"type": "MultiLineString", "coordinates": [[[-90.5141458147802, 14.646246414992744], [-90.51420310329998, 14.64625420658915]], [[-90.51414341393841, 14.646263147977631], [-90.51414821562143, 14.646229682007757]], [[-90.51420070246225, 14.646270939575286], [-90.51420550413714, 14.64623747360291]]]}}, {"id": "1706", "type": "Feature", "properties": {"kind": "a2", "value": 9.123407730599867, "building_uid": 12746}, "geometry": {"type": "MultiLineString", "coordinates": [[[-90.51420648605813, 14.646297068819678], [-90.51429041735103, 14.646307787544687]], [[-90.51420318327115, 14.646321583691057], [-90.51420978884391, 14.646272553948084]], [[-90.51428711457284, 14.646332302418687], [-90.51429372012804, 14.646283272670487]]]}}, {"id": "1707", "type": "Feature", "properties": {"kind": "a2", "value": 10.658332170336509, "building_uid": 12782}, "geometry": {"type": "MultiLineString", "coordinates": [[[-90.51346192090692, 14.644467825974745], [-90.51336398888805, 14.644454450159605]], [[-90.51346604238152, 14.644439221487872], [-90.51345779943064, 14.644496430461318]], [[-90.51336811037456, 14.644425845676398], [-90.51335986739987, 14.644483054642508]]]}}, {"id": "1708", "type": "Feature", "properties": {"kind": "a2", "value": 1.354456129716709, "building_uid": 12783}, "geometry": {"type": "MultiLineString", "coordinates": [[[-90.51323413442724, 14.643615373852043], [-90.51323594617186, 14.643603266209151]], [[-90.51323786513295, 14.643615903037766], [-90.51323040372154, 14.64361484466626]], [[-90.51323967687739, 14.64360379539481], [-90.51323221546636, 14.643602737023429]]]}}, {"id": "1709", "type": "Feature", "properties": {"kind": "a2", "value": 8.8811843728181, "building_uid": 12784}, "geometry": {"type": "MultiLineString", "coordinates": [[[-90.51356461805305, 14.643501170421501], [-90.51355317056263, 14.64358062055307]], [[-90.51354013724338, 14.643497826765785], [-90.51358909886387, 14.643504514074744]], [[-90.5135286897447, 14.643577276894812], [-90.51357765138171, 14.643583964208869]]]}}, {"id": "1710", "type": "Feature", "properties": {"kind": "a2", "value": 2.0608908189460635, "building_uid": 12785}, "geometry": {"type": "MultiLineString", "coordinates": [[[-90.51322227726935, 14.64397506782448], [-90.5132241708102, 14.643956542300943]], [[-90.5132279855143, 14.643975620900832], [-90.51321656902444, 14.643974514747987]], [[-90.5132298790547, 14.643957095377182], [-90.51321846256576, 14.64395598922458]]]}}, {"id": "1711", "type": "Feature", "properties": {"kind": "a2", "value": 17.363652924308553, "building_uid": 12786}, "geometry": {"type": "MultiLineString", "coordinates": [[[-90.51354619010503, 14.643637922883165], [-90.51352380912293, 14.643793256284141]], [[-90.51349832750597, 14.64363138570911], [-90.51359405270853, 14.6436444600478]], [[-90.51347594649232, 14.643786719100353], [-90.51357167175799, 14.643799793458513]]]}}, {"id": "1712", "type": "Feature", "properties": {"kind": "a2", "value": 4.471830008435063, "building_uid": 12788}, "geometry": {"type": "MultiLineString", "coordinates": [[[-90.51438808904436, 14.6445757872406], [-90.51442903156668, 14.64458233345336]], [[-90.51438607196171, 14.644587745935006], [-90.51439010612668, 14.644563828546133]], [[-90.51442701448607, 14.64459429214846], [-90.51443104864694, 14.644570374758207]]]}}, {"id": "1713", "type": "Feature", "properties": {"kind": "a2", "value": 11.481423553519555, "building_uid": 12846}, "geometry": {"type": "MultiLineString", "coordinates": [[[-90.51248133297462, 14.644076761170286], [-90.51237570657284, 14.644063299019667]], [[-90.51248548104313, 14.644045909212725], [-90.51247718490424, 14.644107613127506]], [[-90.51237985465526, 14.644032447066248], [-90.51237155848855, 14.644094150972755]]]}}, {"id": "1714", "type": "Feature", "properties": {"kind": "a2", "value": 0.5730918678455054, "building_uid": 12847}, "geometry": {"type": "MultiLineString", "coordinates": [[[-90.51245393542243, 14.643939056768419], [-90.51245321394481, 14.643944185906575]], [[-90.51245235498817, 14.64393884603504], [-90.5124555158567, 14.643939267501784]], [[-90.51245163351051, 14.643943975173185], [-90.51245479437911, 14.643944396639958]]]}}, {"id": "1715", "type": "Feature", "properties": {"kind": "a2", "value": 9.352646071310259, "building_uid": 12848}, "geometry": {"type": "MultiLineString", "coordinates": [[[-90.51239317054922, 14.643932818845096], [-90.51230727287596, 14.643920827444184]], [[-90.51239686543761, 14.643907729349968], [-90.51238947565952, 14.643957908339992]], [[-90.51231096777349, 14.643895737951896], [-90.51230357797714, 14.643945916936225]]]}}, {"id": "1716", "type": "Feature", "properties": {"kind": "a2", "value": 3.5230264959391207, "building_uid": 12856}, "geometry": {"type": "MultiLineString", "coordinates": [[[-90.51178166085786, 14.647579896018545], [-90.51174930630958, 14.647575361596672]], [[-90.51178305806576, 14.64757044587243], [-90.51178026364978, 14.647589346164638]], [[-90.51175070351877, 14.647565911450956], [-90.51174790910021, 14.647584811742352]]]}}, {"id": "1717", "type": "Feature", "properties": {"kind": "a2", "value": 6.819026903480908, "building_uid": 12915}, "geometry": {"type": "MultiLineString", "coordinates": [[[-90.51499182910304, 14.645448338133303], [-90.51492906411207, 14.645440577051394]], [[-90.51499422052834, 14.645430005496234], [-90.5149894376771, 14.645466670770258]], [[-90.5149314555423, 14.645422244415766], [-90.5149266726812, 14.645458909686903]]]}}, {"id": "1718", "type": "Feature", "properties": {"kind": "a2", "value": 8.55638032767456, "building_uid": 12919}, "geometry": {"type": "MultiLineString", "coordinates": [[[-90.51397901977464, 14.644324491091046], [-90.51390038543494, 14.64431386280997]], [[-90.5139822946536, 14.644301523154633], [-90.51397574489462, 14.64434745902725]], [[-90.51390366032156, 14.644290894875923], [-90.51389711054725, 14.644336830743827]]]}}, {"id": "1719", "type": "Feature", "properties": {"kind": "a2", "value": 7.574004590846643, "building_uid": 12951}, "geometry": {"type": "MultiLineString", "coordinates": [[[-90.51452143887613, 14.645981853472493], [-90.51453295572213, 14.645914358810275]], [[-90.51454223610959, 14.645985217348784], [-90.51450064164361, 14.645978489594446]], [[-90.51455375294974, 14.645917722684574], [-90.51451215849546, 14.645910994934214]]]}}, {"id": "1720", "type": "Feature", "properties": {"kind": "a2", "value": 0.5888960880693048, "building_uid": 12956}, "geometry": {"type": "MultiLineString", "coordinates": [[[-90.51451359388352, 14.6472823586441], [-90.51451438837766, 14.647277095392704]], [[-90.51451521566695, 14.64728259070099], [-90.5145119721001, 14.647282126587195]], [[-90.51451601016106, 14.647277327449586], [-90.51451276659427, 14.64727686333581]]]}}, {"id": "1721", "type": "Feature", "properties": {"kind": "a2", "value": 12.000167018537612, "building_uid": 12987}, "geometry": {"type": "MultiLineString", "coordinates": [[[-90.51511043119805, 14.644194929558658], [-90.51522104174155, 14.644207325444237]], [[-90.51510661165766, 14.64422723728834], [-90.51511425073653, 14.644162621828658]], [[-90.51521722221658, 14.644239633178218], [-90.51522486126463, 14.644175017709927]]]}}, {"id": "1722", "type": "Feature", "properties": {"kind": "a2", "value": 7.17542827303987, "building_uid": 12997}, "geometry": {"type": "MultiLineString", "coordinates": [[[-90.5128686031871, 14.645580852666725], [-90.51280264302142, 14.645572057267238]], [[-90.51287131331883, 14.64556158678255], [-90.51286589305464, 14.645600118550762]], [[-90.51280535315854, 14.645552791384713], [-90.51279993288355, 14.645591323149628]]]}}, {"id": "1723", "type": "Feature", "properties": {"kind": "a2", "value": 4.317619112785906, "building_uid": 1000003}, "geometry": {"type": "MultiLineString", "coordinates": [[[-90.51437084447493, 14.642958400103417], [-90.51437731498577, 14.642919909052907]], [[-90.51438270461553, 14.642960290056626], [-90.5143589843346, 14.642956510149624]], [[-90.51438917512446, 14.642921799005478], [-90.51436545484736, 14.64291801909976]]]}}, {"id": "1724", "type": "Feature", "properties": {"kind": "a2", "value": 7.186658281367273, "building_uid": 1000002}, "geometry": {"type": "MultiLineString", "coordinates": [[[-90.51421480563769, 14.643022914451837], [-90.51420633912667, 14.643087309628338]], [[-90.51419496372492, 14.643020441493935], [-90.51423464755119, 14.643025387408112]], [[-90.51418649720844, 14.643084836668828], [-90.51422618104564, 14.643089782586227]]]}}, {"id": "1725", "type": "Feature", "properties": {"kind": "a2", "value": 3.1752160724718124, "building_uid": 1000004}, "geometry": {"type": "MultiLineString", "coordinates": [[[-90.5151521492013, 14.643137093084873], [-90.51514827519141, 14.643165527323038]], [[-90.51514338783122, 14.643135961537407], [-90.51516091057154, 14.643138224632017]], [[-90.51513951382026, 14.643164395775255], [-90.51515703656271, 14.643166658870507]]]}}, {"id": "1726", "type": "Feature", "properties": {"kind": "a2", "value": 6.355059461435303, "building_uid": 1000005}, "geometry": {"type": "MultiLineString", "coordinates": [[[-90.51222133158213, 14.64350231867438], [-90.51227983807716, 14.643509453878753]], [[-90.51221913302344, 14.64351940762536], [-90.51222353014026, 14.643485229723307]], [[-90.51227763952275, 14.643526542830976], [-90.51228203663102, 14.643492364926434]]]}}, {"id": "1727", "type": "Feature", "properties": {"kind": "a2", "value": 3.2312477721134205, "building_uid": 1000012}, "geometry": {"type": "MultiLineString", "coordinates": [[[-90.51333406449422, 14.64430993892438], [-90.51336370339851, 14.644314331984173]], [[-90.5133327108638, 14.644318596012882], [-90.51333541812446, 14.644301281835839]], [[-90.51336234976918, 14.644322989073029], [-90.51336505702767, 14.644305674895284]]]}}, {"id": "1728", "type": "Feature", "properties": {"kind": "a2", "value": 6.292913762386889, "building_uid": 1000007}, "geometry": {"type": "MultiLineString", "coordinates": [[[-90.51413139140558, 14.643654604134232], [-90.51412110189833, 14.643710561429362]], [[-90.51411414938421, 14.643651598711635], [-90.51414863342762, 14.643657609555634]], [[-90.51410385987296, 14.643707556005346], [-90.51413834392436, 14.643713566852176]]]}}, {"id": "1729", "type": "Feature", "properties": {"kind": "a2", "value": 2.461536913644522, "building_uid": 1000008}, "geometry": {"type": "MultiLineString", "coordinates": [[[-90.51421788698913, 14.644547635986113], [-90.5142211557348, 14.644525628631031]], [[-90.51422466810416, 14.64454859073774], [-90.51421110587421, 14.644546681234303]], [[-90.51422793684921, 14.644526583382461], [-90.51421437462052, 14.644524673879419]]]}}, {"id": "1730", "type": "Feature", "properties": {"kind": "a2", "value": 0.44270390598103404, "building_uid": 1000009}, "geometry": {"type": "MultiLineString", "coordinates": [[[-90.51445269708789, 14.643919660074127], [-90.51445223805904, 14.643923634186928]], [[-90.51445147255009, 14.643919525998307], [-90.51445392162566, 14.643919794149946]], [[-90.51445101352124, 14.643923500111095], [-90.51445346259683, 14.64392376826275]]]}}, {"id": "1731", "type": "Feature", "properties": {"kind": "a2", "value": 5.283106549992225, "building_uid": 1000011}, "geometry": {"type": "MultiLineString", "coordinates": [[[-90.51474175920742, 14.644015819837284], [-90.51469308772721, 14.644010154571381]], [[-90.51474350483691, 14.644001603592562], [-90.51474001357757, 14.644030036081938]], [[-90.51469483335967, 14.64399593832751], [-90.51469134209437, 14.64402437081519]]]}}, {"id": "1732", "type": "Feature", "properties": {"kind": "a2", "value": 9.177909104968421, "building_uid": 182}, "geometry": {"type": "MultiLineString", "coordinates": [[[-90.51453851814662, 14.644144248065052], [-90.51462302343856, 14.644154471127683]], [[-90.51453536812032, 14.64416893083702], [-90.51454166817174, 14.644119565292888]], [[-90.51461987342121, 14.644179153902241], [-90.51462617345473, 14.64412978835293]]]}}, {"id": "1733", "type": "Feature", "properties": {"kind": "a2", "value": 8.677588753402231, "building_uid": 1000013}, "geometry": {"type": "MultiLineString", "coordinates": [[[-90.51477162672828, 14.644146498588526], [-90.51485170776431, 14.64415460809482]], [[-90.51476912795033, 14.644169889099445], [-90.51477412550528, 14.64412310807745]], [[-90.51484920899448, 14.644177998607905], [-90.5148542065332, 14.644131217581572]]]}}, {"id": "1734", "type": "Feature", "properties": {"kind": "a2", "value": 9.587774612384061, "building_uid": 1000016}, "geometry": {"type": "MultiLineString", "coordinates": [[[-90.51465197465922, 14.645279361361968], [-90.5147402292492, 14.645290234967767]], [[-90.51464862416374, 14.64530513911435], [-90.51465532515341, 14.645253583609358]], [[-90.51473687876346, 14.645316012723006], [-90.51474357973365, 14.645264457212312]]]}}, {"id": "1735", "type": "Feature", "properties": {"kind": "a2", "value": 3.2317710007773712, "building_uid": 1000019}, "geometry": {"type": "MultiLineString", "coordinates": [[[-90.51499391017985, 14.645400954133796], [-90.51496410376592, 14.645397768848527]], [[-90.5149948916634, 14.645392248161542], [-90.51499292869617, 14.645409660106028]], [[-90.5149650852506, 14.645389062876573], [-90.51496312228112, 14.645406474820446]]]}}, {"id": "1736", "type": "Feature", "properties": {"kind": "a2", "value": 4.9641677108593285, "building_uid": 1000015}, "geometry": {"type": "MultiLineString", "coordinates": [[[-90.514595026156, 14.645170340782252], [-90.51454945438608, 14.645163834663885]], [[-90.51459703088717, 14.645157029989596], [-90.51459302142446, 14.645183651574834]], [[-90.51455145911983, 14.645150523872037], [-90.51454744965197, 14.64517714545566]]]}}, {"id": "1737", "type": "Feature", "properties": {"kind": "a2", "value": 1.0449443815741688, "building_uid": 2861}, "geometry": {"type": "MultiLineString", "coordinates": [[[-90.51226724462033, 14.646372541674426], [-90.51226862133167, 14.64636319784029]], [[-90.51227012375541, 14.64637294378777], [-90.51226436548528, 14.646372139561041]], [[-90.51227150046662, 14.646363599953606], [-90.51226574219673, 14.646362795726949]]]}}, {"id": "1738", "type": "Feature", "properties": {"kind": "a2", "value": 9.782325847924197, "building_uid": 1000023}, "geometry": {"type": "MultiLineString", "coordinates": [[[-90.5120820102034, 14.647458147994692], [-90.51217242755172, 14.647465866961944]], [[-90.5120796317242, 14.647484557188779], [-90.5120843886815, 14.647431738800433]], [[-90.51217004908297, 14.647492276158637], [-90.51217480601936, 14.647439457765088]]]}}, {"id": "1739", "type": "Feature", "properties": {"kind": "a2", "value": 5.035404408117756, "building_uid": 1000020}, "geometry": {"type": "MultiLineString", "coordinates": [[[-90.51215302563256, 14.64711631629944], [-90.51215170685606, 14.647161785389924]], [[-90.51213901509894, 14.647115931109065], [-90.51216703616636, 14.647116701488974]], [[-90.51213769631957, 14.647161400199021], [-90.51216571739272, 14.64716217057999]]]}}, {"id": "1740", "type": "Feature", "properties": {"kind": "a2", "value": 10.976641310517083, "building_uid": 1000021}, "geometry": {"type": "MultiLineString", "coordinates": [[[-90.51213946532737, 14.647211317799087], [-90.5122412715287, 14.647214071983]], [[-90.51213861666439, 14.647241053495815], [-90.51214031398945, 14.647181582102258]], [[-90.51224042287933, 14.647243807682253], [-90.51224212017716, 14.64718433628365]]]}}, {"id": "1741", "type": "Feature", "properties": {"kind": "a2", "value": 0.6687270130496472, "building_uid": 1000024}, "geometry": {"type": "MultiLineString", "coordinates": [[[-90.51408541758848, 14.64733809007841], [-90.51408585185578, 14.647332063953517]], [[-90.51408727443916, 14.647338216919739], [-90.51408356073777, 14.64733796323706]], [[-90.51408770870643, 14.647332190794843], [-90.51408399500514, 14.647331937112186]]]}}, {"id": "1742", "type": "Feature", "properties": {"kind": "a2", "value": 7.039967752294615, "building_uid": 1000001}, "geometry": {"type": "MultiLineString", "coordinates": [[[-90.51424049608126, 14.643186153259965], [-90.514230971104, 14.643249068969856]], [[-90.51422111001794, 14.643183371139967], [-90.51425988214532, 14.643188935378422]], [[-90.51421158503553, 14.643246286848225], [-90.51425035717321, 14.643251851089943]]]}}, {"id": "1743", "type": "Feature", "properties": {"kind": "a2", "value": 9.063399336067958, "building_uid": 1000017}, "geometry": {"type": "MultiLineString", "coordinates": [[[-90.51463790264802, 14.64575061506889], [-90.51462583267053, 14.645831641504511]], [[-90.5146129358756, 14.645747089629861], [-90.51466286942166, 14.645754140505366]], [[-90.51460086588956, 14.645828116062788], [-90.51465079945274, 14.64583516694367]]]}}, {"id": "1744", "type": "Feature", "properties": {"kind": "b", "value": 7.896286997069604, "building_uid": 7}, "geometry": {"type": "MultiLineString", "coordinates": [[[-90.51404610843105, 14.642845716086093], [-90.51411871329759, 14.642855258793286]], [[-90.51404512830777, 14.6428527850719], [-90.51404708855422, 14.642838647100271]], [[-90.5141177331765, 14.642862327779756], [-90.51411969341859, 14.642848189806806]]]}}, {"id": "1745", "type": "Feature", "properties": {"kind": "b", "value": 8.124417662980436, "building_uid": 8}, "geometry": {"type": "MultiLineString", "coordinates": [[[-90.51506549389444, 14.643104891196277], [-90.51505507687267, 14.643177578947942]], [[-90.51505802819761, 14.643103876971335], [-90.51507295959138, 14.643105905420986]], [[-90.51504761117354, 14.643176564722296], [-90.5150625425719, 14.643178593173358]]]}}, {"id": "1746", "type": "Feature", "properties": {"kind": "b", "value": 0.04132642523503112, "building_uid": 10}, "geometry": {"type": "MultiLineString", "coordinates": [[[-90.5153465884436, 14.64302119632315], [-90.51534696786884, 14.643021250178574]], [[-90.51534658291216, 14.64302123326488], [-90.51534659397505, 14.643021159381426]], [[-90.51534696233739, 14.643021287120307], [-90.51534697340027, 14.643021213236842]]]}}, {"id": "1747", "type": "Feature", "properties": {"kind": "b", "value": 7.908042687975626, "building_uid": 54}, "geometry": {"type": "MultiLineString", "coordinates": [[[-90.5143413508308, 14.642854224506022], [-90.51441409921992, 14.64286352243876]], [[-90.51434039584802, 14.64286130746527], [-90.51434230581347, 14.64284714154676]], [[-90.51441314423936, 14.64287060539866], [-90.51441505420041, 14.642856439478841]]]}}, {"id": "1748", "type": "Feature", "properties": {"kind": "b", "value": 5.6055831428145515, "building_uid": 55}, "geometry": {"type": "MultiLineString", "coordinates": [[[-90.51460040489594, 14.6428535818634], [-90.5145933272074, 14.642903748812936]], [[-90.51459525229744, 14.642852892762651], [-90.5146055574945, 14.642854270964031]], [[-90.51458817460778, 14.642903059711857], [-90.51459847980703, 14.642904437913911]]]}}, {"id": "1749", "type": "Feature", "properties": {"kind": "b", "value": 11.176720232054556, "building_uid": 108}, "geometry": {"type": "MultiLineString", "coordinates": [[[-90.51406389070604, 14.643656525521774], [-90.51396125680323, 14.643642082847938]], [[-90.51406537410216, 14.643646532871886], [-90.51406240730971, 14.643666518171637]], [[-90.51396274020368, 14.643632090199404], [-90.51395977340255, 14.643652075496435]]]}}, {"id": "1750", "type": "Feature", "properties": {"kind": "b", "value": 0.04263292470168412, "building_uid": 109}, "geometry": {"type": "MultiLineString", "coordinates": [[[-90.5143019241468, 14.643764043129307], [-90.51430153235111, 14.643763990130905]], [[-90.51430192959025, 14.643764004983284], [-90.51430191870338, 14.643764081275325]], [[-90.51430153779455, 14.64376395198488], [-90.51430152690767, 14.643764028276921]]]}}, {"id": "1751", "type": "Feature", "properties": {"kind": "b", "value": 0.11888990583620553, "building_uid": 110}, "geometry": {"type": "MultiLineString", "coordinates": [[[-90.51441966015403, 14.643739127073204], [-90.51442075255022, 14.64373927626102]], [[-90.51441964483104, 14.643739233431111], [-90.51441967547704, 14.643739020715293]], [[-90.51442073722723, 14.643739382618929], [-90.51442076787322, 14.643739169903107]]]}}, {"id": "1752", "type": "Feature", "properties": {"kind": "b", "value": 8.956989532081975, "building_uid": 176}, "geometry": {"type": "MultiLineString", "coordinates": [[[-90.51516907938705, 14.644729779265736], [-90.51525148763476, 14.644740239508883]], [[-90.51516800501487, 14.644737802662634], [-90.51517015375912, 14.644721755868815]], [[-90.5152504132654, 14.644748262906617], [-90.515252562004, 14.644732216111128]]]}}, {"id": "1753", "type": "Feature", "properties": {"kind": "b", "value": 0.043311520879812763, "building_uid": 178}, "geometry": {"type": "MultiLineString", "coordinates": [[[-90.51500881156817, 14.64468792896339], [-90.515008414008, 14.644687871900357]], [[-90.5150088174291, 14.644687890256286], [-90.51500880570724, 14.644687967670487]], [[-90.51500841986893, 14.644687833193258], [-90.51500840814704, 14.644687910607454]]]}}, {"id": "1754", "type": "Feature", "properties": {"kind": "b", "value": 14.609521279423472, "building_uid": 185}, "geometry": {"type": "MultiLineString", "coordinates": [[[-90.51395464846958, 14.643840774357344], [-90.51382039348576, 14.643822569271675]], [[-90.51395651830073, 14.643827703024083], [-90.5139527786381, 14.643853845690536]], [[-90.51382226332434, 14.64380949794071], [-90.5138185236468, 14.643835640602573]]]}}, {"id": "1755", "type": "Feature", "properties": {"kind": "b", "value": 16.991904786230883, "building_uid": 187}, "geometry": {"type": "MultiLineString", "coordinates": [[[-90.51395080205481, 14.64424270427591], [-90.51392935394023, 14.644394773416078]], [[-90.5139351830813, 14.644240616050576], [-90.51396642102881, 14.644244792500244]], [[-90.5139137349566, 14.644392685187665], [-90.51394497292432, 14.64439686164349]]]}}, {"id": "1756", "type": "Feature", "properties": {"kind": "b", "value": 6.975328088950316, "building_uid": 192}, "geometry": {"type": "MultiLineString", "coordinates": [[[-90.51274278577999, 14.644306175274474], [-90.51273387791275, 14.644368587071405]], [[-90.51273637548215, 14.644305307989015], [-90.51274919607793, 14.644307042559763]], [[-90.51272746761322, 14.64436771978542], [-90.51274028821238, 14.644369454357218]]]}}, {"id": "1757", "type": "Feature", "properties": {"kind": "b", "value": 6.564564122656644, "building_uid": 302}, "geometry": {"type": "MultiLineString", "coordinates": [[[-90.51280628580669, 14.642551970729508], [-90.5128157816414, 14.642493394975507]], [[-90.51281230205686, 14.642552895268613], [-90.51280026955659, 14.642551046190261]], [[-90.5128217978901, 14.642494319514109], [-90.51280976539277, 14.64249247043674]]]}}, {"id": "1758", "type": "Feature", "properties": {"kind": "b", "value": 3.6316705513957563, "building_uid": 303}, "geometry": {"type": "MultiLineString", "coordinates": [[[-90.51394403117708, 14.643284488437834], [-90.51394932206561, 14.643252088726358]], [[-90.51394735892646, 14.643285003570648], [-90.5139407034277, 14.64328397330497]], [[-90.51395264981454, 14.643252603859025], [-90.51394599431669, 14.643251573593648]]]}}, {"id": "1759", "type": "Feature", "properties": {"kind": "b", "value": 3.918521191626708, "building_uid": 304}, "geometry": {"type": "MultiLineString", "coordinates": [[[-90.5125885189566, 14.643381223937926], [-90.51255260521522, 14.643375713807776]], [[-90.51258908489778, 14.643377727297276], [-90.51258795301538, 14.643384720578576]], [[-90.51255317115694, 14.643372217167297], [-90.51255203927347, 14.643379210448247]]]}}, {"id": "1760", "type": "Feature", "properties": {"kind": "b", "value": 10.904474874670015, "building_uid": 305}, "geometry": {"type": "MultiLineString", "coordinates": [[[-90.51242889200145, 14.64342466504488], [-90.51244261155827, 14.643327069535426]], [[-90.51243891596744, 14.64342600081145], [-90.51241886803567, 14.64342332927791]], [[-90.51245263552009, 14.64332840530072], [-90.51243258759663, 14.643325733769723]]]}}, {"id": "1761", "type": "Feature", "properties": {"kind": "b", "value": 2.7434751014147727, "building_uid": 306}, "geometry": {"type": "MultiLineString", "coordinates": [[[-90.51235823269319, 14.643513082493707], [-90.512361684432, 14.643488528278988]], [[-90.51236075464033, 14.6435134185624], [-90.51235571074606, 14.643512746424989]], [[-90.51236420637886, 14.643488864347598], [-90.51235916248514, 14.643488192210352]]]}}, {"id": "1762", "type": "Feature", "properties": {"kind": "b", "value": 5.240707448693228, "building_uid": 500}, "geometry": {"type": "MultiLineString", "coordinates": [[[-90.51484953705395, 14.645920594107263], [-90.51489766250086, 14.645927363487116]], [[-90.51484884176718, 14.645925279651003], [-90.51485023234066, 14.645915908563516]], [[-90.51489696721504, 14.645932049031158], [-90.5148983577866, 14.645922677943073]]]}}, {"id": "1763", "type": "Feature", "properties": {"kind": "b", "value": 5.895580328108604, "building_uid": 501}, "geometry": {"type": "MultiLineString", "coordinates": [[[-90.51484204616318, 14.645932948180869], [-90.51489612213179, 14.645940977727538]], [[-90.51484122144389, 14.64593821307327], [-90.5148428708824, 14.645927683288454]], [[-90.5148952974137, 14.645946242620333], [-90.5148969468498, 14.64593571283474]]]}}, {"id": "1764", "type": "Feature", "properties": {"kind": "b", "value": 11.344842444155923, "building_uid": 502}, "geometry": {"type": "MultiLineString", "coordinates": [[[-90.51358703587071, 14.645750445110819], [-90.51360320714953, 14.645649178247096]], [[-90.5135974370306, 14.645752019565585], [-90.51357663471106, 14.645748870655606]], [[-90.513613608305, 14.645650752700417], [-90.5135928059943, 14.645647603793336]]]}}, {"id": "1765", "type": "Feature", "properties": {"kind": "b", "value": 6.094357105964712, "building_uid": 503}, "geometry": {"type": "MultiLineString", "coordinates": [[[-90.51372204049777, 14.645636648702135], [-90.51377784374279, 14.6456455392945]], [[-90.51372112734127, 14.64564208177138], [-90.5137229536542, 14.645631215632893]], [[-90.51377693058757, 14.645650972364162], [-90.51377875689795, 14.645640106224821]]]}}, {"id": "1766", "type": "Feature", "properties": {"kind": "b", "value": 17.653280402195804, "building_uid": 504}, "geometry": {"type": "MultiLineString", "coordinates": [[[-90.5137608596409, 14.64548946856681], [-90.51392305491402, 14.6455116871471]], [[-90.51375857755859, 14.645505260097563], [-90.51376314172269, 14.64547367703597]], [[-90.51392077284258, 14.645527478681197], [-90.51392533698494, 14.645495895612898]]]}}, {"id": "1767", "type": "Feature", "properties": {"kind": "b", "value": 9.074662779964898, "building_uid": 505}, "geometry": {"type": "MultiLineString", "coordinates": [[[-90.51365266091172, 14.645368878796415], [-90.51364187870244, 14.645450179724735]], [[-90.51364431047558, 14.645367829027025], [-90.51366101134796, 14.645369928565517]], [[-90.5136335282634, 14.645449129954489], [-90.5136502291416, 14.645451229494693]]]}}, {"id": "1768", "type": "Feature", "properties": {"kind": "b", "value": 15.095122067178648, "building_uid": 506}, "geometry": {"type": "MultiLineString", "coordinates": [[[-90.51378834068156, 14.645265310820145], [-90.51392695481962, 14.645284835632603]], [[-90.51378633528054, 14.64527880647691], [-90.51379034608222, 14.645251815163308]], [[-90.51392494942652, 14.645298331291858], [-90.51392896021237, 14.645271339973291]]]}}, {"id": "1769", "type": "Feature", "properties": {"kind": "b", "value": 0.09710690625915251, "building_uid": 515}, "geometry": {"type": "MultiLineString", "coordinates": [[[-90.51269701195535, 14.644836224532888], [-90.51269688182838, 14.644837092549272]], [[-90.51269692280142, 14.644836211863527], [-90.51269710110928, 14.644836237202252]], [[-90.51269679267445, 14.64483707987991], [-90.51269697098232, 14.644837105218636]]]}}, {"id": "1770", "type": "Feature", "properties": {"kind": "b", "value": 18.058409511956896, "building_uid": 516}, "geometry": {"type": "MultiLineString", "coordinates": [[[-90.51251870620396, 14.644757815077993], [-90.51235267914129, 14.644735863176388]], [[-90.51252096087612, 14.644741650419704], [-90.51251645153128, 14.644773979736195]], [[-90.51235493382487, 14.644719698521556], [-90.5123504244572, 14.644752027831123]]]}}, {"id": "1771", "type": "Feature", "properties": {"kind": "b", "value": 2.3846201838314354, "building_uid": 517}, "geometry": {"type": "MultiLineString", "coordinates": [[[-90.51240313247402, 14.644945960642106], [-90.51240625354257, 14.64492463462424]], [[-90.51240532286968, 14.644946264514015], [-90.51240094207837, 14.64494565677018]], [[-90.51240844393803, 14.644924938496086], [-90.5124040631471, 14.64492433075237]]]}}, {"id": "1772", "type": "Feature", "properties": {"kind": "b", "value": 2.982587291704191, "building_uid": 522}, "geometry": {"type": "MultiLineString", "coordinates": [[[-90.51210543768704, 14.645550879219316], [-90.51213282496109, 14.645554743519401]], [[-90.51210504078344, 14.645553545677513], [-90.51210583459064, 14.645548212761119]], [[-90.5121324280578, 14.645557409977691], [-90.51213322186437, 14.645552077061103]]]}}, {"id": "1773", "type": "Feature", "properties": {"kind": "b", "value": 5.585258815139627, "building_uid": 523}, "geometry": {"type": "MultiLineString", "coordinates": [[[-90.51252515115924, 14.645562933734443], [-90.51257629190427, 14.645571086741217]], [[-90.51252431376082, 14.645567912858938], [-90.51252598855761, 14.645557954609936]], [[-90.51257545450689, 14.645576065866077], [-90.51257712930156, 14.645566107616352]]]}}, {"id": "1774", "type": "Feature", "properties": {"kind": "b", "value": 5.025802964332669, "building_uid": 524}, "geometry": {"type": "MultiLineString", "coordinates": [[[-90.51246501584828, 14.645423253174268], [-90.51245748073174, 14.645468057013947]], [[-90.51246041403496, 14.645422519545914], [-90.51246961766165, 14.64542398680254]], [[-90.51245287891756, 14.645467323385299], [-90.51246208254598, 14.645468790642504]]]}}, {"id": "1775", "type": "Feature", "properties": {"kind": "b", "value": 5.731121159969343, "building_uid": 525}, "geometry": {"type": "MultiLineString", "coordinates": [[[-90.51227861840276, 14.64554131264428], [-90.51222597842819, 14.64553398600523]], [[-90.51227937092344, 14.645536187551919], [-90.51227786588203, 14.645546437736629]], [[-90.51222673095002, 14.645528860913226], [-90.51222522590632, 14.645539111097223]]]}}, {"id": "1776", "type": "Feature", "properties": {"kind": "b", "value": 7.533276537113652, "building_uid": 310}, "geometry": {"type": "MultiLineString", "coordinates": [[[-90.51296502036595, 14.644073006564046], [-90.51303424872177, 14.644082387764158]], [[-90.51296405682555, 14.6440797467664], [-90.51296598390627, 14.644066266361676]], [[-90.51303328518334, 14.644089127967124], [-90.51303521226009, 14.644075647561177]]]}}, {"id": "1777", "type": "Feature", "properties": {"kind": "b", "value": 8.927043371873053, "building_uid": 702}, "geometry": {"type": "MultiLineString", "coordinates": [[[-90.51204163673792, 14.645972305628646], [-90.5120523395624, 14.645892339457797]], [[-90.51204985010361, 14.645973347667082], [-90.51203342337236, 14.645971263589935]], [[-90.51206055292528, 14.6458933814954], [-90.51204412619965, 14.645891297419922]]]}}, {"id": "1778", "type": "Feature", "properties": {"kind": "b", "value": 4.826968559417464, "building_uid": 704}, "geometry": {"type": "MultiLineString", "coordinates": [[[-90.5139712156324, 14.64613284689993], [-90.51401551966919, 14.646139228736617]], [[-90.5139705601498, 14.646137160382978], [-90.51397187111495, 14.64612853341687]], [[-90.51401486418742, 14.646143542219924], [-90.51401617515093, 14.646134915253308]]]}}, {"id": "1779", "type": "Feature", "properties": {"kind": "b", "value": 8.069541694971509, "building_uid": 706}, "geometry": {"type": "MultiLineString", "coordinates": [[[-90.51359469610762, 14.646145846368961], [-90.51366877612281, 14.646156421194513]], [[-90.51359360995987, 14.646153058868858], [-90.51359578225527, 14.646138633869038]], [[-90.51366768997732, 14.646163633695124], [-90.51366986226819, 14.646149208693876]]]}}, {"id": "1780", "type": "Feature", "properties": {"kind": "b", "value": 8.265569673887768, "building_uid": 747}, "geometry": {"type": "MultiLineString", "coordinates": [[[-90.514388145852, 14.643150795550158], [-90.51446409083218, 14.643161176934143]], [[-90.51438707958742, 14.64315818972707], [-90.51438921211644, 14.643143401373221]], [[-90.51446302456999, 14.643168571111795], [-90.51446515709425, 14.643153782756471]]]}}, {"id": "1781", "type": "Feature", "properties": {"kind": "b", "value": 6.6977057195156755, "building_uid": 748}, "geometry": {"type": "MultiLineString", "coordinates": [[[-90.51415798928201, 14.643289952418352], [-90.51421950563967, 14.643298522178991]], [[-90.51415710908763, 14.643295941787823], [-90.51415886947629, 14.64328396304887]], [[-90.51421862544686, 14.643304511548946], [-90.5142203858324, 14.643292532809015]]]}}, {"id": "1782", "type": "Feature", "properties": {"kind": "b", "value": 6.16778004571865, "building_uid": 752}, "geometry": {"type": "MultiLineString", "coordinates": [[[-90.51527367918956, 14.643497211996447], [-90.51533024245228, 14.643505668211747]], [[-90.51527281065665, 14.643502719116313], [-90.51527454772243, 14.643491704876569]], [[-90.51532937392068, 14.643511175332028], [-90.51533111098382, 14.643500161091442]]]}}, {"id": "1783", "type": "Feature", "properties": {"kind": "b", "value": 5.351921896381058, "building_uid": 1305}, "geometry": {"type": "MultiLineString", "coordinates": [[[-90.51527698151656, 14.644157846546193], [-90.51527109311101, 14.644205852010465]], [[-90.51527205089242, 14.644157273240342], [-90.51528191214076, 14.64415841985194]], [[-90.51526616248584, 14.64420527870433], [-90.51527602373623, 14.644206425316503]]]}}, {"id": "1784", "type": "Feature", "properties": {"kind": "b", "value": 4.057160814997132, "building_uid": 758}, "geometry": {"type": "MultiLineString", "coordinates": [[[-90.51533926869345, 14.643805640981824], [-90.51537653432734, 14.643810820247579]], [[-90.51533873673347, 14.643809269238314], [-90.5153398006534, 14.643802012725333]], [[-90.51537600236794, 14.64381444850425], [-90.51537706628672, 14.64380719199091]]]}}, {"id": "1785", "type": "Feature", "properties": {"kind": "b", "value": 8.606183973899494, "building_uid": 759}, "geometry": {"type": "MultiLineString", "coordinates": [[[-90.5147114823738, 14.645008267486867], [-90.51472127041382, 14.644931109843709]], [[-90.51471940723891, 14.64500922046513], [-90.5147035575088, 14.645007314508334]], [[-90.5147291952763, 14.644932062821225], [-90.51471334555143, 14.644930156865938]]]}}, {"id": "1786", "type": "Feature", "properties": {"kind": "b", "value": 2.050107281140125, "building_uid": 766}, "geometry": {"type": "MultiLineString", "coordinates": [[[-90.51413658093965, 14.645747844710717], [-90.51415540859671, 14.645750482453291]], [[-90.51413631001599, 14.645749677792578], [-90.5141368518633, 14.645746011628855]], [[-90.51415513767319, 14.645752315535198], [-90.51415567952023, 14.64574864937139]]]}}, {"id": "1787", "type": "Feature", "properties": {"kind": "b", "value": 0.4048994851236654, "building_uid": 767}, "geometry": {"type": "MultiLineString", "coordinates": [[[-90.51416287750047, 14.64564227679568], [-90.51416661222892, 14.645642672621177]], [[-90.51416283684509, 14.645642640413222], [-90.51416291815585, 14.645641913178142]], [[-90.51416657157354, 14.645643036238718], [-90.51416665288428, 14.645642309003629]]]}}, {"id": "1788", "type": "Feature", "properties": {"kind": "b", "value": 3.84409739753702, "building_uid": 768}, "geometry": {"type": "MultiLineString", "coordinates": [[[-90.51418443434004, 14.645187668163247], [-90.51418897661789, 14.64515322529439]], [[-90.51418797197165, 14.645188110405758], [-90.51418089670847, 14.645187225920683]], [[-90.51419251424898, 14.645153667536746], [-90.51418543898684, 14.645152783051973]]]}}, {"id": "1789", "type": "Feature", "properties": {"kind": "b", "value": 13.948603165827937, "building_uid": 769}, "geometry": {"type": "MultiLineString", "coordinates": [[[-90.51421237181076, 14.64534410845857], [-90.514084000408, 14.645328104138333]], [[-90.51421401561414, 14.645331610049439], [-90.51421072800706, 14.645356606867647]], [[-90.51408564421824, 14.64531560573122], [-90.51408235659744, 14.6453406025454]]]}}, {"id": "1790", "type": "Feature", "properties": {"kind": "b", "value": 4.695083494920285, "building_uid": 842}, "geometry": {"type": "MultiLineString", "coordinates": [[[-90.51379316078071, 14.646746171319135], [-90.51383635660926, 14.646751664512426]], [[-90.51379259656962, 14.64675037689408], [-90.51379372499174, 14.646741965744184]], [[-90.51383579239896, 14.646755870087599], [-90.51383692081953, 14.64674745893724]]]}}, {"id": "1791", "type": "Feature", "properties": {"kind": "b", "value": 0.8052162082783065, "building_uid": 843}, "geometry": {"type": "MultiLineString", "coordinates": [[[-90.513835096981, 14.646775050766218], [-90.51382770450526, 14.646773998267768]], [[-90.51383520508402, 14.646774331029864], [-90.51383498887796, 14.646775770502572]], [[-90.51382781260833, 14.646773278531423], [-90.51382759640221, 14.646774718004115]]]}}, {"id": "1792", "type": "Feature", "properties": {"kind": "b", "value": 4.6952590643609415, "building_uid": 520}, "geometry": {"type": "MultiLineString", "coordinates": [[[-90.51237708965546, 14.645264974905997], [-90.512333866386, 14.645259680175812]], [[-90.51237763347768, 14.645260766630264], [-90.5123765458332, 14.64526918318174]], [[-90.512334410209, 14.645255471900295], [-90.51233332256297, 14.645263888451316]]]}}, {"id": "1793", "type": "Feature", "properties": {"kind": "b", "value": 4.732858011605535, "building_uid": 914}, "geometry": {"type": "MultiLineString", "coordinates": [[[-90.51502374296011, 14.646259072105765], [-90.51498017073143, 14.646253754772328]], [[-90.51502428910642, 14.646254829874366], [-90.51502319681377, 14.646263314337169]], [[-90.51498071687853, 14.646249512541146], [-90.5149796245843, 14.646257997003493]]]}}, {"id": "1794", "type": "Feature", "properties": {"kind": "b", "value": 10.984148785150158, "building_uid": 916}, "geometry": {"type": "MultiLineString", "coordinates": [[[-90.51462388470628, 14.646229167027833], [-90.51472457453657, 14.646244505659803]], [[-90.51462230926354, 14.64623897028026], [-90.51462546014879, 14.646219363775362]], [[-90.51472299909798, 14.646254308913585], [-90.51472614997495, 14.646234702405978]]]}}, {"id": "1795", "type": "Feature", "properties": {"kind": "b", "value": 4.243505893771767, "building_uid": 1269}, "geometry": {"type": "MultiLineString", "coordinates": [[[-90.51437274292972, 14.643805754963376], [-90.51436677159768, 14.643843645216455]], [[-90.51436885124163, 14.643805173582669], [-90.51437663461782, 14.64380633634402]], [[-90.51436287990897, 14.643843063835545], [-90.5143706632864, 14.643844226597297]]]}}, {"id": "1796", "type": "Feature", "properties": {"kind": "b", "value": 1.627025765777564, "building_uid": 1271}, "geometry": {"type": "MultiLineString", "coordinates": [[[-90.51341177240838, 14.643472490488433], [-90.51340937797522, 14.643487002142933]], [[-90.51341028192623, 14.64347225736129], [-90.51341326289054, 14.643472723615561]], [[-90.51340788749299, 14.643486769015768], [-90.51341086845747, 14.643487235270092]]]}}, {"id": "1797", "type": "Feature", "properties": {"kind": "b", "value": 9.5119829591029, "building_uid": 1272}, "geometry": {"type": "MultiLineString", "coordinates": [[[-90.51233587682347, 14.643968266937868], [-90.51234747950623, 14.643883086424795]], [[-90.51234462567591, 14.643969396597951], [-90.51232712797119, 14.643967137277468]], [[-90.51235622835547, 14.643884216083928], [-90.51233873065712, 14.643881956765348]]]}}, {"id": "1798", "type": "Feature", "properties": {"kind": "b", "value": 0.06967434124595358, "building_uid": 1303}, "geometry": {"type": "MultiLineString", "coordinates": [[[-90.51517747190566, 14.644256569987794], [-90.51517739630211, 14.644257195071809]], [[-90.51517740770346, 14.644256562626897], [-90.51517753610784, 14.644256577348695]], [[-90.51517733209991, 14.644257187710911], [-90.51517746050429, 14.64425720243271]]]}}, {"id": "1799", "type": "Feature", "properties": {"kind": "b", "value": 13.199582634910815, "building_uid": 1406}, "geometry": {"type": "MultiLineString", "coordinates": [[[-90.51192359917077, 14.646269759142305], [-90.5120450426455, 14.646285167019027]], [[-90.51192201661455, 14.646281582985907], [-90.51192518172671, 14.646257935298658]], [[-90.51204346009541, 14.646296990864455], [-90.51204662519531, 14.646273343173556]]]}}, {"id": "1800", "type": "Feature", "properties": {"kind": "b", "value": 4.732135284490565, "building_uid": 1409}, "geometry": {"type": "MultiLineString", "coordinates": [[[-90.51203481315855, 14.646219415352007], [-90.51202849210428, 14.646261717669704]], [[-90.5120304682612, 14.646218799928528], [-90.51203915805596, 14.64622003077541]], [[-90.51202414720613, 14.646261102245981], [-90.51203283700245, 14.646262333093356]]]}}, {"id": "1801", "type": "Feature", "properties": {"kind": "b", "value": 0.29227139946680214, "building_uid": 1410}, "geometry": {"type": "MultiLineString", "coordinates": [[[-90.51354934742731, 14.64666752931201], [-90.51354973995113, 14.64666491688685]], [[-90.51354961575167, 14.646667567528409], [-90.51354907910294, 14.646667491095613]], [[-90.5135500082755, 14.646664955103248], [-90.51354947162676, 14.646664878670453]]]}}, {"id": "1802", "type": "Feature", "properties": {"kind": "b", "value": 2.3841405548057586, "building_uid": 1411}, "geometry": {"type": "MultiLineString", "coordinates": [[[-90.51344963477355, 14.64677786296925], [-90.51345307108475, 14.6467565873113]], [[-90.51345182001522, 14.646778197530828], [-90.51344744953187, 14.646777528407656]], [[-90.51345525632625, 14.646756921872807], [-90.51345088584328, 14.64675625274976]]]}}, {"id": "1803", "type": "Feature", "properties": {"kind": "b", "value": 11.72127972185125, "building_uid": 1414}, "geometry": {"type": "MultiLineString", "coordinates": [[[-90.51396290826541, 14.646536058021116], [-90.51385542118705, 14.64651994097987]], [[-90.51396456365663, 14.646525592995037], [-90.51396125287398, 14.64654652304715]], [[-90.51385707658298, 14.646509475955328], [-90.51385376579088, 14.646530406004365]]]}}, {"id": "1804", "type": "Feature", "properties": {"kind": "b", "value": 8.09339560794367, "building_uid": 1426}, "geometry": {"type": "MultiLineString", "coordinates": [[[-90.51294101578327, 14.644692825201139], [-90.51301525756254, 14.644703801170698]], [[-90.51293988844135, 14.644700053499031], [-90.51294214312509, 14.644685596903217]], [[-90.51301413022289, 14.644711029469315], [-90.5130163849021, 14.644696572872052]]]}}, {"id": "1805", "type": "Feature", "properties": {"kind": "b", "value": 4.754111238757721, "building_uid": 1429}, "geometry": {"type": "MultiLineString", "coordinates": [[[-90.51328425065755, 14.64514102537783], [-90.51329171954174, 14.645098699298773]], [[-90.51328859797376, 14.645141752559008], [-90.51327990334137, 14.645140298196573]], [[-90.51329606685718, 14.645099426479682], [-90.51328737222632, 14.645097972117776]]]}}, {"id": "1806", "type": "Feature", "properties": {"kind": "b", "value": 5.285476879994287, "building_uid": 1430}, "geometry": {"type": "MultiLineString", "coordinates": [[[-90.5128693349002, 14.645299771200783], [-90.51291787370934, 14.645306581870583]], [[-90.51286863537452, 14.645304497003451], [-90.51287003442583, 14.645295045398104]], [[-90.51291717418464, 14.645311307673554], [-90.51291857323399, 14.645301856067604]]]}}, {"id": "1807", "type": "Feature", "properties": {"kind": "b", "value": 4.151386007555468, "building_uid": 763}, "geometry": {"type": "MultiLineString", "coordinates": [[[-90.5145640598949, 14.645166915718317], [-90.51452594942162, 14.645161475887036]], [[-90.51456461862031, 14.64516320522962], [-90.51456350116945, 14.645170626207003]], [[-90.51452650814763, 14.645157765398533], [-90.51452539069558, 14.64516518637554]]]}}, {"id": "1808", "type": "Feature", "properties": {"kind": "b", "value": 0.14458551325733993, "building_uid": 1431}, "geometry": {"type": "MultiLineString", "coordinates": [[[-90.51291041117642, 14.645386567705714], [-90.51291022858213, 14.645387861661453]], [[-90.51291027827394, 14.645386549928103], [-90.5129105440789, 14.64538658548333]], [[-90.51291009567963, 14.645387843883837], [-90.51291036148461, 14.645387879439065]]]}}, {"id": "1809", "type": "Feature", "properties": {"kind": "b", "value": 6.80400944192313, "building_uid": 1542}, "geometry": {"type": "MultiLineString", "coordinates": [[[-90.51501026287366, 14.644988074881459], [-90.51494766801972, 14.644980091039471]], [[-90.5150110828935, 14.644981980554249], [-90.51500944285374, 14.644994169208655]], [[-90.51494848804118, 14.644973996712741], [-90.51494684799817, 14.644986185366182]]]}}, {"id": "1810", "type": "Feature", "properties": {"kind": "b", "value": 9.91721516011003, "building_uid": 1543}, "geometry": {"type": "MultiLineString", "coordinates": [[[-90.51516204857276, 14.645013301720622], [-90.515149098801, 14.645101997233958]], [[-90.51515293865214, 14.645012040912599], [-90.51517115849356, 14.645014562528296]], [[-90.51513998887695, 14.645100736424876], [-90.51515820872523, 14.6451032580427]]]}}, {"id": "1811", "type": "Feature", "properties": {"kind": "b", "value": 14.977798488139179, "building_uid": 1545}, "geometry": {"type": "MultiLineString", "coordinates": [[[-90.51506917588475, 14.645366579175763], [-90.51520623810438, 14.64538891514338]], [[-90.51506688174854, 14.645379923729278], [-90.51507147002056, 14.645353234622164]], [[-90.51520394397579, 14.645402259699502], [-90.51520853223256, 14.645375570587184]]]}}, {"id": "1812", "type": "Feature", "properties": {"kind": "b", "value": 4.08494169617144, "building_uid": 1549}, "geometry": {"type": "MultiLineString", "coordinates": [[[-90.51421435724563, 14.645450584668804], [-90.51420995207319, 14.645487235866598]], [[-90.51421059279168, 14.64545015577576], [-90.51421812169961, 14.645451013561793]], [[-90.51420618761865, 14.64548680697338], [-90.51421371652776, 14.645487664759754]]]}}, {"id": "1813", "type": "Feature", "properties": {"kind": "b", "value": 5.311765334133656, "building_uid": 1551}, "geometry": {"type": "MultiLineString", "coordinates": [[[-90.51397634862231, 14.64581614867112], [-90.51392764934377, 14.645808776997457]], [[-90.51397710576956, 14.645811407255774], [-90.513975591475, 14.645820890086453]], [[-90.51392840649198, 14.645804035582431], [-90.5139268921955, 14.64581351841248]]]}}, {"id": "1814", "type": "Feature", "properties": {"kind": "b", "value": 3.554203512467113, "building_uid": 1553}, "geometry": {"type": "MultiLineString", "coordinates": [[[-90.51284485630262, 14.645526908580434], [-90.51281216495558, 14.645522691567356]], [[-90.51284528943305, 14.64552372571072], [-90.5128444231722, 14.645530091450137]], [[-90.51281259808643, 14.645519508697781], [-90.51281173182471, 14.645525874436931]]]}}, {"id": "1815", "type": "Feature", "properties": {"kind": "b", "value": 6.811225876524703, "building_uid": 1556}, "geometry": {"type": "MultiLineString", "coordinates": [[[-90.51302388290273, 14.644901011662977], [-90.51301421512217, 14.644961816533941]], [[-90.51301763763463, 14.644900070393602], [-90.51303012817091, 14.644901952932189]], [[-90.51300796985248, 14.644960875264049], [-90.51302046039196, 14.644962757803667]]]}}, {"id": "1816", "type": "Feature", "properties": {"kind": "b", "value": 5.789505785086138, "building_uid": 1557}, "geometry": {"type": "MultiLineString", "coordinates": [[[-90.51308940976537, 14.644972960594778], [-90.51309888525884, 14.644921481282545]], [[-90.51309469720707, 14.644973883143042], [-90.51308412232375, 14.644972038046392]], [[-90.5131041726994, 14.644922403830417], [-90.51309359781834, 14.644920558734562]]]}}, {"id": "1817", "type": "Feature", "properties": {"kind": "b", "value": 5.978035130469433, "building_uid": 2593}, "geometry": {"type": "MultiLineString", "coordinates": [[[-90.51530725557012, 14.643957756043799], [-90.51525226030503, 14.64395073674461]], [[-90.51530797651851, 14.643952401598321], [-90.51530653462169, 14.64396311048927]], [[-90.51525298125469, 14.6439453822995], [-90.51525153935535, 14.643956091189704]]]}}, {"id": "1818", "type": "Feature", "properties": {"kind": "b", "value": 4.561517583456558, "building_uid": 2598}, "geometry": {"type": "MultiLineString", "coordinates": [[[-90.51431992274888, 14.64456583140662], [-90.5143273701324, 14.644525267934128]], [[-90.51432408901651, 14.64456655649639], [-90.51431575648128, 14.644565106316792]], [[-90.51433153639934, 14.644525993023649], [-90.51432320386552, 14.644524542844547]]]}}, {"id": "1819", "type": "Feature", "properties": {"kind": "b", "value": 7.286206682325701, "building_uid": 2693}, "geometry": {"type": "MultiLineString", "coordinates": [[[-90.51472006325014, 14.648155462750092], [-90.51473561462377, 14.648091407967383]], [[-90.51472664241544, 14.648156976833], [-90.51471348408496, 14.64815394866701]], [[-90.51474219378741, 14.648092922049575], [-90.51472903546026, 14.64808989388502]]]}}, {"id": "1820", "type": "Feature", "properties": {"kind": "b", "value": 2.193357059280119, "building_uid": 2698}, "geometry": {"type": "MultiLineString", "coordinates": [[[-90.51484804416746, 14.647317257985772], [-90.51482796754844, 14.647314016194702]], [[-90.51484837713544, 14.64731530331766], [-90.51484771119947, 14.647319212653878]], [[-90.51482830051658, 14.647312061526646], [-90.5148276345803, 14.647315970862756]]]}}, {"id": "1821", "type": "Feature", "properties": {"kind": "b", "value": 1.9783368587564552, "building_uid": 2704}, "geometry": {"type": "MultiLineString", "coordinates": [[[-90.51468945833999, 14.64730291567635], [-90.5147073784361, 14.64730678640165]], [[-90.51468906077332, 14.647304660384519], [-90.51468985590664, 14.64730117096819]], [[-90.51470698086956, 14.647308531109863], [-90.51470777600264, 14.64730504169343]]]}}, {"id": "1822", "type": "Feature", "properties": {"kind": "b", "value": 2.258522608152087, "building_uid": 2705}, "geometry": {"type": "MultiLineString", "coordinates": [[[-90.51455405127801, 14.647140808781167], [-90.5145571618409, 14.64712063245105]], [[-90.51455612361023, 14.647141111627162], [-90.5145519789458, 14.647140505935159]], [[-90.51455923417294, 14.647120935296986], [-90.51455508950885, 14.6471203296051]]]}}, {"id": "1823", "type": "Feature", "properties": {"kind": "b", "value": 9.161730040073152, "building_uid": 701}, "geometry": {"type": "MultiLineString", "coordinates": [[[-90.51214614158953, 14.645905526599412], [-90.51213410344151, 14.64598745478791]], [[-90.5121377267065, 14.645904354553151], [-90.51215455647268, 14.645906698645387]], [[-90.51212568855556, 14.645986282740736], [-90.5121425183276, 14.645988626834788]]]}}, {"id": "1824", "type": "Feature", "properties": {"kind": "b", "value": 4.7372851523476385, "building_uid": 2728}, "geometry": {"type": "MultiLineString", "coordinates": [[[-90.51490681139057, 14.646427536055599], [-90.51486330803414, 14.646421421932573]], [[-90.51490743937613, 14.64642330053294], [-90.51490618340497, 14.646431771578252]], [[-90.51486393602048, 14.646417186410151], [-90.51486268004776, 14.64642565745498]]]}}, {"id": "1825", "type": "Feature", "properties": {"kind": "b", "value": 10.304321702821708, "building_uid": 2729}, "geometry": {"type": "MultiLineString", "coordinates": [[[-90.51492740439886, 14.64645445160606], [-90.51491307684019, 14.64654648450485]], [[-90.51491795163227, 14.646453056664065], [-90.51493685716562, 14.646455846547688]], [[-90.51490362406993, 14.646545089561673], [-90.51492252961062, 14.646547879447652]]]}}, {"id": "1826", "type": "Feature", "properties": {"kind": "b", "value": 12.196187541093039, "building_uid": 2730}, "geometry": {"type": "MultiLineString", "coordinates": [[[-90.51481316256499, 14.646814745794071], [-90.51492485792029, 14.646832420005849]], [[-90.51481134722798, 14.646825620524737], [-90.51481497790175, 14.646803871063348]], [[-90.51492304258836, 14.646843294738217], [-90.51492667325196, 14.646821545273427]]]}}, {"id": "1827", "type": "Feature", "properties": {"kind": "b", "value": 12.370429536070212, "building_uid": 2731}, "geometry": {"type": "MultiLineString", "coordinates": [[[-90.5149357216728, 14.646801226435606], [-90.51482196113317, 14.646786382935472]], [[-90.51493724625917, 14.64679015063404], [-90.5149341970862, 14.646812302237139]], [[-90.5148234857249, 14.646775307135519], [-90.5148204365412, 14.646797458735385]]]}}, {"id": "1828", "type": "Feature", "properties": {"kind": "b", "value": 0.1587551164618014, "building_uid": 2738}, "geometry": {"type": "MultiLineString", "coordinates": [[[-90.51439943303743, 14.646904965842108], [-90.51439797712388, 14.646904748096027]], [[-90.51439945540234, 14.646904824093484], [-90.51439941067252, 14.646905107590731]], [[-90.51439799948879, 14.646904606347405], [-90.51439795475896, 14.646904889844649]]]}}, {"id": "1829", "type": "Feature", "properties": {"kind": "b", "value": 16.370313649229058, "building_uid": 2741}, "geometry": {"type": "MultiLineString", "coordinates": [[[-90.51391231501826, 14.646230821102263], [-90.51393485094977, 14.646084576805999]], [[-90.5139273358614, 14.646233015222805], [-90.51389729417555, 14.646228626980802]], [[-90.51394987178367, 14.646086770923574], [-90.51391983011634, 14.646082382687503]]]}}, {"id": "1830", "type": "Feature", "properties": {"kind": "b", "value": 5.085461622617107, "building_uid": 2742}, "geometry": {"type": "MultiLineString", "coordinates": [[[-90.51344039095848, 14.646353919833171], [-90.51343350280065, 14.646399367140866]], [[-90.51343572303433, 14.646353249196414], [-90.51344505888267, 14.646354590469842]], [[-90.51342883487561, 14.646398696503825], [-90.51343817072573, 14.646400037777818]]]}}, {"id": "1831", "type": "Feature", "properties": {"kind": "b", "value": 0.23435518148827528, "building_uid": 2745}, "geometry": {"type": "MultiLineString", "coordinates": [[[-90.51352699538039, 14.646760279494075], [-90.51352484322715, 14.646759977198892]], [[-90.5135270264294, 14.646760069958994], [-90.5135269643314, 14.64676048902916]], [[-90.51352487427614, 14.646759767663813], [-90.51352481217813, 14.64676018673398]]]}}, {"id": "1832", "type": "Feature", "properties": {"kind": "b", "value": 6.490324079563115, "building_uid": 2750}, "geometry": {"type": "MultiLineString", "coordinates": [[[-90.51374012835207, 14.64820086052951], [-90.51374942071976, 14.648142932483646]], [[-90.51374607823209, 14.648201765234923], [-90.51373417847213, 14.648199955823939]], [[-90.51375537059833, 14.648143837188586], [-90.51374347084128, 14.648142027778553]]]}}, {"id": "1833", "type": "Feature", "properties": {"kind": "b", "value": 2.164179386337908, "building_uid": 2752}, "geometry": {"type": "MultiLineString", "coordinates": [[[-90.51375027463087, 14.647951084876942], [-90.51374726379183, 14.647970413950683]], [[-90.51374828931382, 14.647950791741271], [-90.51375225994794, 14.647951378012598]], [[-90.51374527847462, 14.647970120814966], [-90.51374924910907, 14.647970707086385]]]}}, {"id": "1834", "type": "Feature", "properties": {"kind": "b", "value": 3.362752068424005, "building_uid": 2753}, "geometry": {"type": "MultiLineString", "coordinates": [[[-90.51390564518907, 14.647792356216286], [-90.5139012110296, 14.64782242527049]], [[-90.51390255675537, 14.64779192450568], [-90.51390873362278, 14.64779278792686]], [[-90.51389812259552, 14.647821993559758], [-90.51390429946372, 14.64782285698118]]]}}, {"id": "1835", "type": "Feature", "properties": {"kind": "b", "value": 2.1631806633197357, "building_uid": 2755}, "geometry": {"type": "MultiLineString", "coordinates": [[[-90.5139495728466, 14.647624528972342], [-90.51392969537815, 14.64762182266679]], [[-90.51394985081464, 14.647622593696363], [-90.51394929487854, 14.647626464248317]], [[-90.51392997334635, 14.647619887390864], [-90.51392941740994, 14.64762375794271]]]}}, {"id": "1836", "type": "Feature", "properties": {"kind": "b", "value": 3.131370269943677, "building_uid": 2759}, "geometry": {"type": "MultiLineString", "coordinates": [[[-90.5139102094452, 14.647519911588974], [-90.51391450415393, 14.647491935134141]], [[-90.51391308294151, 14.647520329723296], [-90.5139073359489, 14.647519493454615]], [[-90.51391737764992, 14.647492353268355], [-90.51391163065796, 14.6474915169999]]]}}, {"id": "1837", "type": "Feature", "properties": {"kind": "b", "value": 2.979627585344523, "building_uid": 2763}, "geometry": {"type": "MultiLineString", "coordinates": [[[-90.51395091982543, 14.647342509627459], [-90.51394713887674, 14.647369173153251]], [[-90.51394818118392, 14.647342141512805], [-90.51395365846696, 14.647342877742084]], [[-90.5139444002349, 14.647368805038495], [-90.51394987751858, 14.647369541267969]]]}}, {"id": "1838", "type": "Feature", "properties": {"kind": "b", "value": 2.241015186567104, "building_uid": 764}, "geometry": {"type": "MultiLineString", "coordinates": [[[-90.5145583915526, 14.64529952127271], [-90.5145610186437, 14.645279439305368]], [[-90.51456045417518, 14.645299777049816], [-90.51455632893001, 14.645299265495588]], [[-90.51456308126609, 14.645279695082422], [-90.51455895602129, 14.645279183528295]]]}}, {"id": "1839", "type": "Feature", "properties": {"kind": "b", "value": 2.399159980558819, "building_uid": 2764}, "geometry": {"type": "MultiLineString", "coordinates": [[[-90.51403824251662, 14.647061145610913], [-90.51404146063383, 14.647039700495718]], [[-90.51404044516627, 14.647061458928567], [-90.51403603986695, 14.64706083229324]], [[-90.5140436632833, 14.647040013813307], [-90.51403925798436, 14.647039387178104]]]}}, {"id": "1840", "type": "Feature", "properties": {"kind": "b", "value": 2.3574105794177953, "building_uid": 2765}, "geometry": {"type": "MultiLineString", "coordinates": [[[-90.51394166804432, 14.647097379374227], [-90.51392002374715, 14.647094308037369]], [[-90.51394198350441, 14.647095272074168], [-90.51394135258421, 14.647099486674282]], [[-90.51392033920744, 14.64709220073738], [-90.51391970828686, 14.647096415337366]]]}}, {"id": "1841", "type": "Feature", "properties": {"kind": "b", "value": 3.9381525434951357, "building_uid": 2771}, "geometry": {"type": "MultiLineString", "coordinates": [[[-90.51352084977567, 14.647065768754661], [-90.51352604074509, 14.64703055432685]], [[-90.51352446668557, 14.647066274150315], [-90.51351723286581, 14.647065263358959]], [[-90.51352965765444, 14.647031059722332], [-90.51352242383575, 14.647030048931315]]]}}, {"id": "1842", "type": "Feature", "properties": {"kind": "b", "value": 10.173287024028784, "building_uid": 2774}, "geometry": {"type": "MultiLineString", "coordinates": [[[-90.51338859463, 14.647350456077897], [-90.51340277118253, 14.647259598220467]], [[-90.51339792674567, 14.647351836313494], [-90.51337926251449, 14.647349075841955]], [[-90.51341210329463, 14.647260978454906], [-90.5133934390706, 14.64725821798567]]]}}, {"id": "1843", "type": "Feature", "properties": {"kind": "b", "value": 5.38978234386154, "building_uid": 2779}, "geometry": {"type": "MultiLineString", "coordinates": [[[-90.51333707333667, 14.647751959774515], [-90.51332923682654, 14.647800046783802]], [[-90.51333213425507, 14.647751196810331], [-90.5133420124183, 14.647752722738606]], [[-90.51332429774395, 14.647799283819278], [-90.51333417590918, 14.647800809748219]]]}}, {"id": "1844", "type": "Feature", "properties": {"kind": "b", "value": 21.529275790603617, "building_uid": 2780}, "geometry": {"type": "MultiLineString", "coordinates": [[[-90.51335892042657, 14.647955986698928], [-90.51316144270069, 14.647926686483615]], [[-90.51336192988543, 14.647936760237291], [-90.51335591096691, 14.647975213160425]], [[-90.51316445217554, 14.647907460027133], [-90.51315843322503, 14.64794591293995]]]}}, {"id": "1845", "type": "Feature", "properties": {"kind": "b", "value": 0.21342622743255596, "building_uid": 2786}, "geometry": {"type": "MultiLineString", "coordinates": [[[-90.51262738509894, 14.648090789760817], [-90.51262542424747, 14.648090520498213]], [[-90.5126274127553, 14.648090598852173], [-90.51262735744257, 14.648090980669455]], [[-90.51262545190383, 14.648090329589575], [-90.5126253965911, 14.648090711406857]]]}}, {"id": "1846", "type": "Feature", "properties": {"kind": "b", "value": 7.0421121334015675, "building_uid": 2789}, "geometry": {"type": "MultiLineString", "coordinates": [[[-90.51291705564012, 14.64698447806961], [-90.51298177546724, 14.646993217775725]], [[-90.51291615797537, 14.646990779228469], [-90.51291795330478, 14.646978176910729]], [[-90.51298087780422, 14.646999518935118], [-90.51298267313017, 14.646986916616322]]]}}, {"id": "1847", "type": "Feature", "properties": {"kind": "b", "value": 4.684391951270537, "building_uid": 2790}, "geometry": {"type": "MultiLineString", "coordinates": [[[-90.51306544806226, 14.647120023184284], [-90.5130715553099, 14.64707812663888]], [[-90.51306975130036, 14.647120617789161], [-90.51306114482419, 14.647119428579332]], [[-90.51307585854724, 14.64707872124352], [-90.5130672520726, 14.64707753203416]]]}}, {"id": "1848", "type": "Feature", "properties": {"kind": "b", "value": 0.2613338847033846, "building_uid": 2850}, "geometry": {"type": "MultiLineString", "coordinates": [[[-90.51228446315118, 14.64716551677702], [-90.51228434847054, 14.647167874889316]], [[-90.51228422094692, 14.647165505611666], [-90.51228470535541, 14.647165527942384]], [[-90.5122841062663, 14.647167863723952], [-90.51228459067478, 14.647167886054671]]]}}, {"id": "1849", "type": "Feature", "properties": {"kind": "b", "value": 7.383389164478081, "building_uid": 2792}, "geometry": {"type": "MultiLineString", "coordinates": [[[-90.51308742882466, 14.646944124470542], [-90.51307388704103, 14.647009506117723]], [[-90.51308071341249, 14.646942806034973], [-90.51309414423693, 14.646945442905928]], [[-90.51306717162707, 14.647008187681468], [-90.51308060245509, 14.647010824553796]]]}}, {"id": "1850", "type": "Feature", "properties": {"kind": "b", "value": 5.076199243639452, "building_uid": 2794}, "geometry": {"type": "MultiLineString", "coordinates": [[[-90.51300915975263, 14.647383370263897], [-90.51301538321472, 14.647337916582499]], [[-90.51301382835358, 14.647383976182754], [-90.51300449115172, 14.647382764344956]], [[-90.51302005181478, 14.647338522501082], [-90.51301071461472, 14.647337310663824]]]}}, {"id": "1851", "type": "Feature", "properties": {"kind": "b", "value": 1.4424409947836883, "building_uid": 2798}, "geometry": {"type": "MultiLineString", "coordinates": [[[-90.51256875210896, 14.647929884545379], [-90.51256679266245, 14.647942774399418]], [[-90.5125674281736, 14.6479296937734], [-90.51257007604436, 14.647930075317355]], [[-90.512565468727, 14.647942583627414], [-90.5125681165979, 14.647942965171417]]]}}, {"id": "1852", "type": "Feature", "properties": {"kind": "b", "value": 5.924533656366559, "building_uid": 2801}, "geometry": {"type": "MultiLineString", "coordinates": [[[-90.51273890110723, 14.647929513413047], [-90.51279346593849, 14.6479360018153]], [[-90.51273823467348, 14.647934825852673], [-90.51273956754092, 14.647924200973414]], [[-90.51279279950599, 14.64794131425528], [-90.51279413237094, 14.647930689375304]]]}}, {"id": "1853", "type": "Feature", "properties": {"kind": "b", "value": 2.1532733708562413, "building_uid": 2806}, "geometry": {"type": "MultiLineString", "coordinates": [[[-90.51250364141596, 14.647873039048612], [-90.51250656659073, 14.647853797114957]], [[-90.51250561778203, 14.647873323844161], [-90.51250166504991, 14.647872754253054]], [[-90.51250854295662, 14.647854081910449], [-90.51250459022484, 14.647853512319449]]]}}, {"id": "1854", "type": "Feature", "properties": {"kind": "b", "value": 3.5706932821035204, "building_uid": 2807}, "geometry": {"type": "MultiLineString", "coordinates": [[[-90.51253574621644, 14.647689210381591], [-90.51254065610973, 14.64765731077853]], [[-90.51253902266673, 14.647689688410125], [-90.51253246976617, 14.647688732353007]], [[-90.51254393255958, 14.647657788806926], [-90.51253737965992, 14.647656832750085]]]}}, {"id": "1855", "type": "Feature", "properties": {"kind": "b", "value": 2.3837787650220306, "building_uid": 2812}, "geometry": {"type": "MultiLineString", "coordinates": [[[-90.5126013853664, 14.647312650986171], [-90.51260569134551, 14.647291529199897]], [[-90.51260355480913, 14.647313070218164], [-90.51259921592366, 14.647312231754157]], [[-90.51260786078807, 14.647291948431816], [-90.51260352190296, 14.647291109967954]]]}}, {"id": "1856", "type": "Feature", "properties": {"kind": "b", "value": 2.776698933893453, "building_uid": 2813}, "geometry": {"type": "MultiLineString", "coordinates": [[[-90.5127239054496, 14.647286917197077], [-90.51272053041724, 14.647311784292498]], [[-90.51272135132218, 14.647286588602508], [-90.51272645957704, 14.64728724579162]], [[-90.51271797628954, 14.647311455697844], [-90.51272308454494, 14.647312112887114]]]}}, {"id": "1857", "type": "Feature", "properties": {"kind": "b", "value": 3.3493621888003084, "building_uid": 2816}, "geometry": {"type": "MultiLineString", "coordinates": [[[-90.51259523269408, 14.647471756641986], [-90.51260109410688, 14.647442043289262]], [[-90.51259828458863, 14.647472327311286], [-90.51259218079953, 14.647471185972654]], [[-90.51260414600108, 14.647442613958422], [-90.51259804221272, 14.647441472620057]]]}}, {"id": "1858", "type": "Feature", "properties": {"kind": "b", "value": 0.10498785773546286, "building_uid": 2820}, "geometry": {"type": "MultiLineString", "coordinates": [[[-90.51199138156639, 14.647949057004174], [-90.51199041745281, 14.647948921409984]], [[-90.51199139549345, 14.64794896313795], [-90.51199136763931, 14.647949150870403]], [[-90.51199043137987, 14.647948827543756], [-90.51199040352573, 14.647949015276216]]]}}, {"id": "1859", "type": "Feature", "properties": {"kind": "b", "value": 4.964342172748747, "building_uid": 2822}, "geometry": {"type": "MultiLineString", "coordinates": [[[-90.51182014915327, 14.647855852734313], [-90.51182665917926, 14.64781145763105]], [[-90.51182470903636, 14.647856486551758], [-90.51181558927021, 14.647855218916783]], [[-90.5118312190615, 14.647812091448229], [-90.51182209929706, 14.647810823813789]]]}}, {"id": "1860", "type": "Feature", "properties": {"kind": "b", "value": 7.074222739586877, "building_uid": 2832}, "geometry": {"type": "MultiLineString", "coordinates": [[[-90.51221581748668, 14.647859865480857], [-90.5122065007381, 14.64792312327485]], [[-90.51220932019007, 14.647858958400892], [-90.51222231478337, 14.647860772560652]], [[-90.51220000343976, 14.647922216194338], [-90.51221299803653, 14.647924030355187]]]}}, {"id": "1861", "type": "Feature", "properties": {"kind": "b", "value": 5.44908350902892, "building_uid": 2833}, "geometry": {"type": "MultiLineString", "coordinates": [[[-90.51225836434627, 14.647648094805314], [-90.512250269392, 14.647696683953344]], [[-90.51225337369172, 14.647647306678573], [-90.51226335500088, 14.64764888293195]], [[-90.51224527873643, 14.647695895826264], [-90.51225526004761, 14.647697472080322]]]}}, {"id": "1862", "type": "Feature", "properties": {"kind": "b", "value": 4.675843282275118, "building_uid": 2835}, "geometry": {"type": "MultiLineString", "coordinates": [[[-90.51214487483084, 14.646976860696842], [-90.51213811362315, 14.647018583728052]], [[-90.51214058941736, 14.64697620242193], [-90.51214916024435, 14.646977518971669]], [[-90.51213382820892, 14.647017925452898], [-90.51214239903742, 14.647019242003134]]]}}, {"id": "1863", "type": "Feature", "properties": {"kind": "b", "value": 5.100684856314091, "building_uid": 2836}, "geometry": {"type": "MultiLineString", "coordinates": [[[-90.51240274751416, 14.6468510713233], [-90.51244949531544, 14.646858252131238]], [[-90.51240200996628, 14.646855622718462], [-90.512403485062, 14.646846519928129]], [[-90.51244875776845, 14.646862803526687], [-90.51245023286238, 14.646853700735775]]]}}, {"id": "1864", "type": "Feature", "properties": {"kind": "b", "value": 8.298538996458765, "building_uid": 2838}, "geometry": {"type": "MultiLineString", "coordinates": [[[-90.512207006547, 14.646879962131845], [-90.51221919719814, 14.646805943000226]], [[-90.51221460912114, 14.646881149021636], [-90.51219940397297, 14.646878775241811]], [[-90.51222679976992, 14.646807129889238], [-90.51221159462646, 14.646804756110976]]]}}, {"id": "1865", "type": "Feature", "properties": {"kind": "b", "value": 7.8737947734023, "building_uid": 2841}, "geometry": {"type": "MultiLineString", "coordinates": [[[-90.5119307532296, 14.646850811180677], [-90.5119410788398, 14.646780397464422]], [[-90.51193798548722, 14.646851816488986], [-90.5119235209721, 14.646849805872153]], [[-90.51194831109525, 14.646781402772056], [-90.51193384658445, 14.646779392156569]]]}}, {"id": "1866", "type": "Feature", "properties": {"kind": "b", "value": 5.854609208847948, "building_uid": 2842}, "geometry": {"type": "MultiLineString", "coordinates": [[[-90.51189490014671, 14.64689749047426], [-90.51194880767002, 14.646904005243515]], [[-90.51189423100796, 14.64690273894331], [-90.51189556928539, 14.646892242005205]], [[-90.5119481385325, 14.64690925371292], [-90.5119494768075, 14.646898756774108]]]}}, {"id": "1867", "type": "Feature", "properties": {"kind": "b", "value": 1.3655831570638168, "building_uid": 2843}, "geometry": {"type": "MultiLineString", "coordinates": [[[-90.51192555971065, 14.646917207277378], [-90.51192369250838, 14.646929408554792]], [[-90.51192430650582, 14.646917025485463], [-90.51192681291548, 14.646917389069296]], [[-90.51192243930348, 14.646929226762852], [-90.51192494571328, 14.64692959034672]]]}}, {"id": "1868", "type": "Feature", "properties": {"kind": "b", "value": 0.386335942513573, "building_uid": 2844}, "geometry": {"type": "MultiLineString", "coordinates": [[[-90.51197852096664, 14.647065677902594], [-90.511977938563, 14.647069121487124]], [[-90.51197816727255, 14.647065621199472], [-90.51197887466073, 14.647065734605727]], [[-90.5119775848689, 14.647069064783995], [-90.5119782922571, 14.647069178190254]]]}}, {"id": "1869", "type": "Feature", "properties": {"kind": "b", "value": 2.583246497076581, "building_uid": 2845}, "geometry": {"type": "MultiLineString", "coordinates": [[[-90.511838872895, 14.647235277261235], [-90.51183452359084, 14.647258225543515]], [[-90.5118365158516, 14.647234853811046], [-90.51184122993841, 14.647235700711402]], [[-90.5118321665472, 14.647257802093245], [-90.51183688063446, 14.647258648993766]]]}}, {"id": "1870", "type": "Feature", "properties": {"kind": "b", "value": 11.130929816188758, "building_uid": 2847}, "geometry": {"type": "MultiLineString", "coordinates": [[[-90.51205178699402, 14.647322993627812], [-90.51195027320406, 14.647304492453557]], [[-90.51205368726855, 14.647313110201608], [-90.51204988671925, 14.64733287705397]], [[-90.51195217348273, 14.647294609028867], [-90.51194837292518, 14.64731437587821]]]}}, {"id": "1871", "type": "Feature", "properties": {"kind": "b", "value": 10.620567890990955, "building_uid": 2848}, "geometry": {"type": "MultiLineString", "coordinates": [[[-90.51189380605207, 14.647507889797273], [-90.51191392399635, 14.647413969825074]], [[-90.51190345268806, 14.647509848488024], [-90.51188415941633, 14.647505931106158]], [[-90.51192357062867, 14.647415928514384], [-90.51190427736425, 14.647412011135396]]]}}, {"id": "1872", "type": "Feature", "properties": {"kind": "b", "value": 1.8623918858488473, "building_uid": 2849}, "geometry": {"type": "MultiLineString", "coordinates": [[[-90.51184721697783, 14.647480475274016], [-90.51184431907231, 14.647497060879687]], [[-90.51184551345003, 14.64748019313296], [-90.51184892050563, 14.647480757415067]], [[-90.5118426155444, 14.647496778738583], [-90.51184602260022, 14.647497343020778]]]}}, {"id": "1873", "type": "Feature", "properties": {"kind": "b", "value": 3.5060012774334703, "building_uid": 2853}, "geometry": {"type": "MultiLineString", "coordinates": [[[-90.51226614522533, 14.647459390267995], [-90.51226951247499, 14.64742788901241]], [[-90.51226938075737, 14.647459718104686], [-90.51226290969328, 14.64745906243126]], [[-90.51227274800661, 14.647428216848985], [-90.5122662769434, 14.647427561175792]]]}}, {"id": "1874", "type": "Feature", "properties": {"kind": "b", "value": 2.4395288573043086, "building_uid": 2854}, "geometry": {"type": "MultiLineString", "coordinates": [[[-90.51226076411187, 14.6473488711922], [-90.5122592425159, 14.647370858774137]], [[-90.51225850574188, 14.647348723049024], [-90.51226302248186, 14.647349019335367]], [[-90.51225698414568, 14.647370710630906], [-90.51226150088611, 14.647371006917348]]]}}, {"id": "1875", "type": "Feature", "properties": {"kind": "b", "value": 2.075186247072299, "building_uid": 2855}, "geometry": {"type": "MultiLineString", "coordinates": [[[-90.51185783222778, 14.647415891906137], [-90.51185428949546, 14.647434317997847]], [[-90.51185593966198, 14.647415546984416], [-90.51185972479358, 14.647416236827835]], [[-90.51185239692951, 14.647433973076074], [-90.51185618206141, 14.647434662919604]]]}}, {"id": "1876", "type": "Feature", "properties": {"kind": "b", "value": 1.0818905362240425, "building_uid": 2856}, "geometry": {"type": "MultiLineString", "coordinates": [[[-90.51187988739139, 14.647647339755869], [-90.51188982483997, 14.647648721054736]], [[-90.51187974551638, 14.647648307268557], [-90.51188002926642, 14.64764637224318]], [[-90.51188968296498, 14.647649688567439], [-90.51188996671495, 14.647647753542039]]]}}, {"id": "1877", "type": "Feature", "properties": {"kind": "b", "value": 15.318136308710919, "building_uid": 2860}, "geometry": {"type": "MultiLineString", "coordinates": [[[-90.51255004418563, 14.646694288273213], [-90.51257162541269, 14.64655751673195]], [[-90.51256409210626, 14.646696389438175], [-90.51253599626538, 14.646692187107453]], [[-90.51258567332523, 14.646559617894283], [-90.51255757750054, 14.646555415568809]]]}}, {"id": "1878", "type": "Feature", "properties": {"kind": "b", "value": 0.0872004283364795, "building_uid": 2863}, "geometry": {"type": "MultiLineString", "coordinates": [[[-90.51465201129967, 14.64594438551025], [-90.51465121363752, 14.645944253663062]], [[-90.51465202484177, 14.645944307849037], [-90.51465199775758, 14.645944463171466]], [[-90.51465122717961, 14.64594417600185], [-90.51465120009544, 14.645944331324285]]]}}, {"id": "1879", "type": "Feature", "properties": {"kind": "b", "value": 8.340997913357864, "building_uid": 2869}, "geometry": {"type": "MultiLineString", "coordinates": [[[-90.51508035383506, 14.645716307393107], [-90.51515709513282, 14.64572604747281]], [[-90.51507935342644, 14.64572377901282], [-90.51508135424358, 14.64570883577337]], [[-90.51515609472666, 14.645733519093246], [-90.51515809553888, 14.645718575852348]]]}}, {"id": "1880", "type": "Feature", "properties": {"kind": "b", "value": 2.5883108601601132, "building_uid": 2872}, "geometry": {"type": "MultiLineString", "coordinates": [[[-90.51378591430321, 14.64481081687549], [-90.51378855382772, 14.644787577052796]], [[-90.51378830126431, 14.644811073863716], [-90.51378352734211, 14.64481055988724]], [[-90.51379094078858, 14.644787834040956], [-90.51378616686686, 14.644787320064614]]]}}, {"id": "1881", "type": "Feature", "properties": {"kind": "b", "value": 3.253838893875419, "building_uid": 2875}, "geometry": {"type": "MultiLineString", "coordinates": [[[-90.5138324130439, 14.644776701438499], [-90.51386227438708, 14.64478102723876]], [[-90.51383196874103, 14.644779608785452], [-90.51383285734676, 14.644773794091547]], [[-90.5138618300846, 14.644783934585828], [-90.51386271868957, 14.644778119891692]]]}}, {"id": "1882", "type": "Feature", "properties": {"kind": "b", "value": 8.169167263969431, "building_uid": 2876}, "geometry": {"type": "MultiLineString", "coordinates": [[[-90.51433077343864, 14.644878259727012], [-90.51425559129216, 14.644868886907776]], [[-90.51433173611952, 14.644870939878656], [-90.51432981075766, 14.644885579575341]], [[-90.51425655397539, 14.644861567060117], [-90.51425462860882, 14.644876206755418]]]}}, {"id": "1883", "type": "Feature", "properties": {"kind": "b", "value": 4.063323734119023, "building_uid": 2878}, "geometry": {"type": "MultiLineString", "coordinates": [[[-90.51418115593012, 14.644898702447874], [-90.51421812911099, 14.64490587882347]], [[-90.51418041884432, 14.644902302212346], [-90.51418189301589, 14.644895102683387]], [[-90.51421739202571, 14.64490947858815], [-90.51421886619622, 14.644902279058778]]]}}, {"id": "1884", "type": "Feature", "properties": {"kind": "b", "value": 5.108099646773637, "building_uid": 2888}, "geometry": {"type": "MultiLineString", "coordinates": [[[-90.5130695563456, 14.645673527772832], [-90.5131165291174, 14.64567967062852]], [[-90.51306892541018, 14.645678101096145], [-90.51307018728099, 14.6456689544495]], [[-90.51311589818289, 14.645684243952116], [-90.51311716005185, 14.645675097304919]]]}}, {"id": "1885", "type": "Feature", "properties": {"kind": "b", "value": 4.553644717874474, "building_uid": 2890}, "geometry": {"type": "MultiLineString", "coordinates": [[[-90.51295205591643, 14.645606244054651], [-90.5129577888823, 14.645565489227685]], [[-90.51295624185818, 14.645606802223156], [-90.51294786997472, 14.64560568588607]], [[-90.51296197482331, 14.645566047395965], [-90.51295360294132, 14.645564931059324]]]}}, {"id": "1886", "type": "Feature", "properties": {"kind": "b", "value": 17.097784350721557, "building_uid": 2893}, "geometry": {"type": "MultiLineString", "coordinates": [[[-90.51263671314103, 14.645129572470795], [-90.51248021713322, 14.645104274909869]], [[-90.51263931145077, 14.645114335797102], [-90.51263411483077, 14.645144809144382]], [[-90.5124828154529, 14.645089038239556], [-90.512477618813, 14.645119511580083]]]}}, {"id": "1887", "type": "Feature", "properties": {"kind": "b", "value": 5.424729995984509, "building_uid": 2894}, "geometry": {"type": "MultiLineString", "coordinates": [[[-90.5124150548115, 14.64555611404533], [-90.51236520854368, 14.645549319951146]], [[-90.51241575263445, 14.645551260952024], [-90.5124143569885, 14.645560967138623]], [[-90.51236590636766, 14.64554446685816], [-90.51236451071966, 14.645554173044125]]]}}, {"id": "1888", "type": "Feature", "properties": {"kind": "b", "value": 2.638396170318431, "building_uid": 3049}, "geometry": {"type": "MultiLineString", "coordinates": [[[-90.51399731883117, 14.645567149803819], [-90.51399427506979, 14.645590798781448]], [[-90.5139948898373, 14.645566853459574], [-90.51399974782507, 14.645567446148037]], [[-90.51399184607565, 14.64559050243713], [-90.51399670406393, 14.645591095125738]]]}}, {"id": "1889", "type": "Feature", "properties": {"kind": "b", "value": 0.07619281080999867, "building_uid": 3240}, "geometry": {"type": "MultiLineString", "coordinates": [[[-90.51416087382285, 14.643277878861971], [-90.5141601751354, 14.643277774034448]], [[-90.5141608845896, 14.643277810836201], [-90.5141608630561, 14.643277946887745]], [[-90.51416018590217, 14.643277706008679], [-90.51416016436865, 14.643277842060222]]]}}, {"id": "1890", "type": "Feature", "properties": {"kind": "b", "value": 3.420508589527997, "building_uid": 12789}, "geometry": {"type": "MultiLineString", "coordinates": [[[-90.51435139148093, 14.644452841166968], [-90.51434665890284, 14.64448339482542]], [[-90.51434825332127, 14.644452380395158], [-90.5143545296406, 14.644453301938741]], [[-90.51434352074277, 14.644482934053476], [-90.5143497970629, 14.644483855597318]]]}}, {"id": "1891", "type": "Feature", "properties": {"kind": "b", "value": 3.3970594521240267, "building_uid": 12849}, "geometry": {"type": "MultiLineString", "coordinates": [[[-90.51252778475678, 14.644293058618999], [-90.51249668621438, 14.644288064029144]], [[-90.51252829774944, 14.644290030809447], [-90.51252727176411, 14.644296086428547]], [[-90.5124971992074, 14.64428503621972], [-90.5124961732213, 14.644291091838568]]]}}, {"id": "1892", "type": "Feature", "properties": {"kind": "b", "value": 5.223617843195184, "building_uid": 12850}, "geometry": {"type": "MultiLineString", "coordinates": [[[-90.5121605368691, 14.645553172767428], [-90.5121126404451, 14.64554595744302]], [[-90.51216127795676, 14.645548509513215], [-90.51215979578139, 14.645557836021622]], [[-90.5121133815337, 14.645541294189117], [-90.51211189935644, 14.64555062069691]]]}}, {"id": "1893", "type": "Feature", "properties": {"kind": "b", "value": 2.0402305002031973, "building_uid": 12851}, "geometry": {"type": "MultiLineString", "coordinates": [[[-90.5121005742255, 14.645501464903779], [-90.51211933690068, 14.645503909218494]], [[-90.51210032316916, 14.645503291661008], [-90.51210082528182, 14.645499638146543]], [[-90.5121190858445, 14.645505735975771], [-90.51211958795687, 14.645502082461215]]]}}, {"id": "1894", "type": "Feature", "properties": {"kind": "b", "value": 1.6164277868959753, "building_uid": 756}, "geometry": {"type": "MultiLineString", "coordinates": [[[-90.51476702800616, 14.64381087054839], [-90.51476464012951, 14.643825286275916]], [[-90.51476554737428, 14.643810638059964], [-90.51476850863803, 14.643811103036793]], [[-90.51476315949756, 14.64382505378746], [-90.51476612076148, 14.643825518764356]]]}}, {"id": "1895", "type": "Feature", "properties": {"kind": "b", "value": 0.4560872160220425, "building_uid": 12916}, "geometry": {"type": "MultiLineString", "coordinates": [[[-90.5149684458503, 14.645514075785753], [-90.51496899272097, 14.645509990271828]], [[-90.51496886547461, 14.645514129029761], [-90.514968026226, 14.64551402254175]], [[-90.51496941234528, 14.64551004351582], [-90.51496857309667, 14.645509937027828]]]}}, {"id": "1896", "type": "Feature", "properties": {"kind": "b", "value": 4.95826600472721, "building_uid": 12952}, "geometry": {"type": "MultiLineString", "coordinates": [[[-90.51482686421775, 14.646236732801908], [-90.51487244111851, 14.646242826040515]], [[-90.51482623837691, 14.646241170210072], [-90.51482749005855, 14.646232295393734]], [[-90.51487181527854, 14.646247263448942], [-90.51487306695844, 14.646238388632074]]]}}, {"id": "1897", "type": "Feature", "properties": {"kind": "b", "value": 21.445260519997905, "building_uid": 48}, "geometry": {"type": "MultiLineString", "coordinates": [[[-90.51385378879651, 14.64422966351382], [-90.51387944385108, 14.644037554988644]], [[-90.51387352020092, 14.644232161339037], [-90.5138340573928, 14.644227165686987]], [[-90.51389917523929, 14.644040052809068], [-90.51385971246357, 14.644035057166612]]]}}, {"id": "1898", "type": "Feature", "properties": {"kind": "b", "value": 4.0764956081987656, "building_uid": 181}, "geometry": {"type": "MultiLineString", "coordinates": [[[-90.51470839425892, 14.644620062592331], [-90.51470350037503, 14.644656578044284]], [[-90.51470464376185, 14.6446195861159], [-90.51471214475602, 14.644620539068702]], [[-90.51469974987737, 14.644656101567676], [-90.51470725087272, 14.644657054520831]]]}}, {"id": "1899", "type": "Feature", "properties": {"kind": "b", "value": 5.873512018965169, "building_uid": 190}, "geometry": {"type": "MultiLineString", "coordinates": [[[-90.5130491801408, 14.644354434670511], [-90.5130566926283, 14.64430188295255]], [[-90.5130545777139, 14.644355166099674], [-90.51304378256775, 14.644353703241226]], [[-90.51306209020021, 14.644302614381346], [-90.51305129505647, 14.644301151523631]]]}}, {"id": "1900", "type": "Feature", "properties": {"kind": "b", "value": 3.7194854222067493, "building_uid": 765}, "geometry": {"type": "MultiLineString", "coordinates": [[[-90.5145820292802, 14.645337030823237], [-90.51458675232756, 14.645303747022778]], [[-90.5145854478661, 14.645337490665403], [-90.51457861069434, 14.645336570981021]], [[-90.51459017091297, 14.645304206864791], [-90.51458333374218, 14.645303287180711]]]}}, {"id": "1901", "type": "Feature", "properties": {"kind": "b", "value": 5.328406515658891, "building_uid": 920}, "geometry": {"type": "MultiLineString", "coordinates": [[[-90.51372677920571, 14.64614875775429], [-90.5137192540813, 14.646196330999109]], [[-90.51372189292975, 14.64614802510125], [-90.51373166548174, 14.646149490407232]], [[-90.51371436780435, 14.646195598345749], [-90.51372414035829, 14.64619706365237]]]}}, {"id": "1902", "type": "Feature", "properties": {"kind": "b", "value": 0.14671082305596864, "building_uid": 1298}, "geometry": {"type": "MultiLineString", "coordinates": [[[-90.51371558422359, 14.644374997262082], [-90.51371542253665, 14.644376313190348]], [[-90.51371544906493, 14.644374981519958], [-90.51371571938225, 14.644375013004202]], [[-90.513715287378, 14.644376297448227], [-90.51371555769532, 14.644376328932468]]]}}, {"id": "1903", "type": "Feature", "properties": {"kind": "b", "value": 7.004758617871346, "building_uid": 1301}, "geometry": {"type": "MultiLineString", "coordinates": [[[-90.51507571732338, 14.644615896976998], [-90.51508470808537, 14.64455322788936]], [[-90.51508215405663, 14.64461677233259], [-90.51506928059023, 14.64461502162123]], [[-90.51509114481689, 14.644554103244428], [-90.51507827135391, 14.644552352534124]]]}}, {"id": "1904", "type": "Feature", "properties": {"kind": "b", "value": 3.17542415632338, "building_uid": 1547}, "geometry": {"type": "MultiLineString", "coordinates": [[[-90.51447162140292, 14.645587850978876], [-90.51446755381042, 14.645616261463834]], [[-90.51446870335286, 14.645587454953256], [-90.51447453945302, 14.645588247004454]], [[-90.51446463575999, 14.645615865438112], [-90.51447047186085, 14.645616657489526]]]}}, {"id": "1905", "type": "Feature", "properties": {"kind": "b", "value": 3.7757008419118905, "building_uid": 1548}, "geometry": {"type": "MultiLineString", "coordinates": [[[-90.51450245564467, 14.645701517131334], [-90.51450762130061, 14.64566778219657]], [[-90.51450592057249, 14.645702020065615], [-90.51449899071687, 14.645701014197007]], [[-90.51451108622794, 14.645668285130691], [-90.51450415637329, 14.645667279262401]]]}}, {"id": "1906", "type": "Feature", "properties": {"kind": "b", "value": 8.122978716817165, "building_uid": 1550}, "geometry": {"type": "MultiLineString", "coordinates": [[[-90.51402356357005, 14.645692624647596], [-90.51409860546902, 14.645699440172526]], [[-90.5140228635437, 14.645699930812828], [-90.51402426359633, 14.645685318482363]], [[-90.51409790544506, 14.645706746338364], [-90.51409930549289, 14.645692134006678]]]}}, {"id": "1907", "type": "Feature", "properties": {"kind": "b", "value": 3.68258245570052, "building_uid": 1555}, "geometry": {"type": "MultiLineString", "coordinates": [[[-90.51295489400657, 14.645160873815257], [-90.51295976740269, 14.645127947377484]], [[-90.5129582758849, 14.645161348295971], [-90.51295151212823, 14.6451603993345]], [[-90.51296314928057, 14.645128421858043], [-90.51295638552484, 14.645127472896874]]]}}, {"id": "1908", "type": "Feature", "properties": {"kind": "b", "value": 35.04999647622903, "building_uid": 2606}, "geometry": {"type": "MultiLineString", "coordinates": [[[-90.5124819362399, 14.643990010583083], [-90.5128040854029, 14.644033298017405]], [[-90.51247749018347, 14.644021375633098], [-90.51248638229433, 14.643958645532704]], [[-90.51279963938943, 14.644064663080554], [-90.5128085314144, 14.644001932953891]]]}}, {"id": "1909", "type": "Feature", "properties": {"kind": "b", "value": 9.533881262344094, "building_uid": 2709}, "geometry": {"type": "MultiLineString", "coordinates": [[[-90.51430888728889, 14.647303853619388], [-90.51429652375306, 14.647389132517743]], [[-90.51430012819628, 14.647302649900842], [-90.51431764638163, 14.647305057337626]], [[-90.51428776465731, 14.647387928798212], [-90.51430528284898, 14.647390336236958]]]}}, {"id": "1910", "type": "Feature", "properties": {"kind": "b", "value": 1.5038023887727925, "building_uid": 2713}, "geometry": {"type": "MultiLineString", "coordinates": [[[-90.51416151227612, 14.648267958111068], [-90.51416337213641, 14.648254494750516]], [[-90.51416289511933, 14.648268139187065], [-90.51416012943291, 14.64826777703506]], [[-90.51416475497953, 14.648254675826484], [-90.51416198929327, 14.648254313674533]]]}}, {"id": "1911", "type": "Feature", "properties": {"kind": "b", "value": 6.670390378967148, "building_uid": 2714}, "geometry": {"type": "MultiLineString", "coordinates": [[[-90.51425109171201, 14.648232617911264], [-90.51418982130888, 14.648224107324836]], [[-90.51425196584694, 14.648226652623912], [-90.51425021757703, 14.648238583198602]], [[-90.51419069544535, 14.648218142037965], [-90.51418894717234, 14.648230072611694]]]}}, {"id": "1912", "type": "Feature", "properties": {"kind": "b", "value": 1.423248782591809, "building_uid": 2715}, "geometry": {"type": "MultiLineString", "coordinates": [[[-90.51409741275465, 14.64824664713144], [-90.51409563758165, 14.648259387340051]], [[-90.51409610418764, 14.648246474300601], [-90.51409872132166, 14.648246819962269]], [[-90.51409432901458, 14.648259214509194], [-90.51409694614871, 14.6482595601709]]]}}, {"id": "1913", "type": "Feature", "properties": {"kind": "b", "value": 7.2170693187511965, "building_uid": 2717}, "geometry": {"type": "MultiLineString", "coordinates": [[[-90.51414643068497, 14.648011832611475], [-90.51408006847099, 14.648003118468607]], [[-90.51414732572646, 14.64800537157874], [-90.51414553564344, 14.648018293644197]], [[-90.51408096351427, 14.647996657436419], [-90.5140791734276, 14.648009579500778]]]}}, {"id": "1914", "type": "Feature", "properties": {"kind": "b", "value": 3.635456026243891, "building_uid": 2718}, "geometry": {"type": "MultiLineString", "coordinates": [[[-90.51433522752055, 14.647876332225303], [-90.51434018761863, 14.647843848361452]], [[-90.51433856398391, 14.647876815141386], [-90.5143318910572, 14.64787584930919]], [[-90.51434352408154, 14.647844331277378], [-90.51433685115573, 14.647843365445471]]]}}, {"id": "1915", "type": "Feature", "properties": {"kind": "b", "value": 1.1617730808682283, "building_uid": 2722}, "geometry": {"type": "MultiLineString", "coordinates": [[[-90.51453978212058, 14.648038708270237], [-90.5145504648334, 14.648040111026097]], [[-90.51453963804143, 14.64803974834017], [-90.51453992619975, 14.648037668200297]], [[-90.5145503207543, 14.648041151096045], [-90.51455060891251, 14.648039070956148]]]}}, {"id": "1916", "type": "Feature", "properties": {"kind": "b", "value": 9.651901087428714, "building_uid": 2727}, "geometry": {"type": "MultiLineString", "coordinates": [[[-90.51440238079455, 14.647765430441055], [-90.51438836491539, 14.647851546355492]], [[-90.51439353571222, 14.647764065852634], [-90.51441122587705, 14.647766795029158]], [[-90.51437951982986, 14.647850181766014], [-90.51439721000109, 14.647852910944648]]]}}, {"id": "1917", "type": "Feature", "properties": {"kind": "b", "value": 2.9271699803085296, "building_uid": 2733}, "geometry": {"type": "MultiLineString", "coordinates": [[[-90.51434364257632, 14.6467461397359], [-90.51433971221857, 14.64677230395498]], [[-90.51434095522657, 14.646745757073662], [-90.51434632992608, 14.646746522398105]], [[-90.51433702486854, 14.646771921292647], [-90.51434239956863, 14.646772686617284]]]}}, {"id": "1918", "type": "Feature", "properties": {"kind": "b", "value": 2.9479877287657814, "building_uid": 2735}, "geometry": {"type": "MultiLineString", "coordinates": [[[-90.51434682886912, 14.646719864587086], [-90.51434293439455, 14.646746223898548]], [[-90.51434412148161, 14.646719485418421], [-90.51434953625667, 14.646720243755732]], [[-90.51434022700671, 14.646745844729784], [-90.51434564178238, 14.646746603067285]]]}}, {"id": "1919", "type": "Feature", "properties": {"kind": "b", "value": 1.6496234585047993, "building_uid": 2737}, "geometry": {"type": "MultiLineString", "coordinates": [[[-90.5144952069418, 14.646739076927153], [-90.5144973864355, 14.646724326918424]], [[-90.51449672192801, 14.646739289124158], [-90.51449369195561, 14.646738864730136]], [[-90.5144989014216, 14.646724539115398], [-90.5144958714494, 14.64672411472144]]]}}, {"id": "1920", "type": "Feature", "properties": {"kind": "b", "value": 0.0576477431248871, "building_uid": 2739}, "geometry": {"type": "MultiLineString", "coordinates": [[[-90.51443995600246, 14.646525259444994], [-90.5144398890662, 14.64652577611163]], [[-90.51443990293524, 14.646525252928031], [-90.51444000906969, 14.646525265961959]], [[-90.51443983599897, 14.646525769594664], [-90.51443994213344, 14.646525782628599]]]}}, {"id": "1921", "type": "Feature", "properties": {"kind": "b", "value": 8.456700213494393, "building_uid": 2743}, "geometry": {"type": "MultiLineString", "coordinates": [[[-90.5135419848939, 14.64632603554837], [-90.51346454796084, 14.64631371399327]], [[-90.5135432504478, 14.64631849622086], [-90.5135407193399, 14.64633357487586]], [[-90.51346581351716, 14.646306174666579], [-90.51346328240437, 14.646321253319936]]]}}, {"id": "1922", "type": "Feature", "properties": {"kind": "b", "value": 9.397557799133468, "building_uid": 2756}, "geometry": {"type": "MultiLineString", "coordinates": [[[-90.51390823857533, 14.64768247526379], [-90.51389616271318, 14.647766549916772]], [[-90.51389960315704, 14.647681299555309], [-90.51391687399375, 14.64768365097197]], [[-90.5138875272918, 14.647765374207344], [-90.51390479813469, 14.6477677256259]]]}}, {"id": "1923", "type": "Feature", "properties": {"kind": "b", "value": 2.1349639973574597, "building_uid": 2760}, "geometry": {"type": "MultiLineString", "coordinates": [[[-90.51378100019937, 14.647661317577917], [-90.51380059956696, 14.647664116481284]], [[-90.51378071272028, 14.647663225777517], [-90.51378128767847, 14.647659409378319]], [[-90.51380031208802, 14.647666024680928], [-90.5138008870459, 14.647662208281636]]]}}, {"id": "1924", "type": "Feature", "properties": {"kind": "b", "value": 8.016317777203204, "building_uid": 2784}, "geometry": {"type": "MultiLineString", "coordinates": [[[-90.51359557692857, 14.64819300134512], [-90.5136686170664, 14.64820667885336]], [[-90.51359417208923, 14.648200112534242], [-90.51359698176779, 14.648185890155958]], [[-90.51366721222918, 14.648213790043279], [-90.51367002190351, 14.648199567663413]]]}}, {"id": "1925", "type": "Feature", "properties": {"kind": "b", "value": 7.062975351212556, "building_uid": 2802}, "geometry": {"type": "MultiLineString", "coordinates": [[[-90.51285335747588, 14.648106013624478], [-90.51278843447231, 14.648097326392012]], [[-90.51285424975377, 14.648099692716185], [-90.51285246519791, 14.648112334532756]], [[-90.51278932675194, 14.648091005484254], [-90.5127875421926, 14.648103647299763]]]}}, {"id": "1926", "type": "Feature", "properties": {"kind": "b", "value": 0.01831134515436435, "building_uid": 2873}, "geometry": {"type": "MultiLineString", "coordinates": [[[-90.5139772342999, 14.644918217373702], [-90.51397740168082, 14.644918245742707]], [[-90.51397723138612, 14.644918233670158], [-90.5139772372137, 14.644918201077246]], [[-90.51397739876704, 14.644918262039162], [-90.51397740459458, 14.644918229446256]]]}}, {"id": "1927", "type": "Feature", "properties": {"kind": "b", "value": 2.2319234042638367, "building_uid": 2880}, "geometry": {"type": "MultiLineString", "coordinates": [[[-90.51403512087708, 14.645206939853049], [-90.5140555545054, 14.645210213868193]], [[-90.51403478460244, 14.645208929299042], [-90.51403545715173, 14.64520495040706]], [[-90.51405521823092, 14.645212203314236], [-90.51405589077989, 14.645208224422143]]]}}, {"id": "1928", "type": "Feature", "properties": {"kind": "b", "value": 10.392547920276623, "building_uid": 2891}, "geometry": {"type": "MultiLineString", "coordinates": [[[-90.51233328359518, 14.645378904234525], [-90.5123212462966, 14.645472050724964]], [[-90.51232371649832, 14.645377732268205], [-90.5123428506922, 14.645380076200468]], [[-90.51231167919592, 14.645470878757523], [-90.51233081339744, 14.645473222692019]]]}}, {"id": "1929", "type": "Feature", "properties": {"kind": "b", "value": 5.716886073361544, "building_uid": 12745}, "geometry": {"type": "MultiLineString", "coordinates": [[[-90.5140778983945, 14.646224958299625], [-90.51413043160082, 14.646232103159788]], [[-90.51407716454085, 14.646230072980215], [-90.51407863224811, 14.646219843619026]], [[-90.5141296977483, 14.64623721784073], [-90.51413116545328, 14.646226988478835]]]}}, {"id": "1930", "type": "Feature", "properties": {"kind": "b", "value": 4.286499515788803, "building_uid": 12746}, "geometry": {"type": "MultiLineString", "coordinates": [[[-90.5144397899159, 14.64632202481979], [-90.5144346171478, 14.646360417976586]], [[-90.51443584652901, 14.646321521194702], [-90.5144437333028, 14.646322528444806]], [[-90.51443067376027, 14.646359914351311], [-90.51443856053535, 14.646360921601797]]]}}, {"id": "1931", "type": "Feature", "properties": {"kind": "b", "value": 3.931390435633869, "building_uid": 12782}, "geometry": {"type": "MultiLineString", "coordinates": [[[-90.51338720521734, 14.644309163200287], [-90.51338213764497, 14.644344332974267]], [[-90.51338359293986, 14.644308669812549], [-90.51339081749487, 14.64430965658797]], [[-90.51337852536693, 14.644343839586368], [-90.513385749923, 14.644344826362122]]]}}, {"id": "1932", "type": "Feature", "properties": {"kind": "b", "value": 7.413184343028189, "building_uid": 12783}, "geometry": {"type": "MultiLineString", "coordinates": [[[-90.51318511538878, 14.643668395896423], [-90.51325317811948, 14.643678050678384]], [[-90.51318412375078, 14.64367502262371], [-90.51318610702668, 14.643661769169118]], [[-90.5132521864834, 14.643684677406274], [-90.51325416975548, 14.64367142395048]]]}}, {"id": "1933", "type": "Feature", "properties": {"kind": "b", "value": 5.08930979434952, "building_uid": 12784}, "geometry": {"type": "MultiLineString", "coordinates": [[[-90.51350859909584, 14.64358990275955], [-90.51346183713339, 14.643583515926384]], [[-90.513509255083, 14.643585349916645], [-90.51350794310864, 14.643594455602441]], [[-90.51346249312145, 14.643578963083764], [-90.51346118114529, 14.643588068769002]]]}}, {"id": "1934", "type": "Feature", "properties": {"kind": "b", "value": 11.28778930501408, "building_uid": 12785}, "geometry": {"type": "MultiLineString", "coordinates": [[[-90.5133609635506, 14.643958666449612], [-90.51346517977336, 14.643968763956178]], [[-90.51335992643784, 14.643968813141408], [-90.51336200066318, 14.64394851975779]], [[-90.5134641426652, 14.643978910649178], [-90.51346621688135, 14.643958617263154]]]}}, {"id": "1935", "type": "Feature", "properties": {"kind": "b", "value": 15.228092279835762, "building_uid": 12786}, "geometry": {"type": "MultiLineString", "coordinates": [[[-90.51346842241249, 14.64398386714235], [-90.51332850234374, 14.64396475648557]], [[-90.51347038525533, 14.643970244254028], [-90.51346645956926, 14.643997490030591]], [[-90.51333046519467, 14.643951133599748], [-90.51332653949241, 14.643978379371324]]]}}, {"id": "1936", "type": "Feature", "properties": {"kind": "b", "value": 4.299274523360269, "building_uid": 12788}, "geometry": {"type": "MultiLineString", "coordinates": [[[-90.51430455556068, 14.644576974926439], [-90.51434391822032, 14.644583268552989]], [[-90.51430390914295, 14.644580807339862], [-90.51430520197839, 14.644573142513005]], [[-90.51434327180321, 14.644587100966632], [-90.51434456463738, 14.644579436139347]]]}}, {"id": "1937", "type": "Feature", "properties": {"kind": "b", "value": 4.83426757695227, "building_uid": 12846}, "geometry": {"type": "MultiLineString", "coordinates": [[[-90.51246459369445, 14.644022329591918], [-90.51247041552516, 14.64397902874282]], [[-90.51246904110641, 14.644022896416564], [-90.51246014628249, 14.644021762767183]], [[-90.51247486293632, 14.643979595567227], [-90.51246596811403, 14.643978461918334]]]}}, {"id": "1938", "type": "Feature", "properties": {"kind": "b", "value": 4.13349406395786, "building_uid": 12915}, "geometry": {"type": "MultiLineString", "coordinates": [[[-90.51499145915636, 14.645477709330208], [-90.51498662711333, 14.645514751685587]], [[-90.51498765452604, 14.645477238876566], [-90.5149952637867, 14.645478179783781]], [[-90.51498282248241, 14.645514281231769], [-90.51499043174428, 14.645515222139347]]]}}, {"id": "1939", "type": "Feature", "properties": {"kind": "b", "value": 0.10033392972562437, "building_uid": 12919}, "geometry": {"type": "MultiLineString", "coordinates": [[[-90.51386779620276, 14.644386395880378], [-90.51386792420972, 14.644385498124219]], [[-90.51386788841107, 14.64438640834336], [-90.51386770399445, 14.644386383417398]], [[-90.51386801641803, 14.6443855105872], [-90.51386783200141, 14.644385485661237]]]}}, {"id": "1940", "type": "Feature", "properties": {"kind": "b", "value": 0.036811064194517316, "building_uid": 12987}, "geometry": {"type": "MultiLineString", "coordinates": [[[-90.51510818089147, 14.644188021932905], [-90.51510852019436, 14.644188059957932]], [[-90.51510817698595, 14.644188054968048], [-90.51510818479701, 14.644187988897755]], [[-90.51510851628883, 14.64418809299308], [-90.5151085240999, 14.644188026922778]]]}}, {"id": "1941", "type": "Feature", "properties": {"kind": "b", "value": 3.7896658841296547, "building_uid": 12997}, "geometry": {"type": "MultiLineString", "coordinates": [[[-90.51294555318736, 14.645542138751923], [-90.51291071666333, 14.645537493520958]], [[-90.51294603030016, 14.645538747025372], [-90.51294507607454, 14.645545530478463]], [[-90.51291119377662, 14.64553410179456], [-90.51291023955, 14.645540885247343]]]}}, {"id": "1942", "type": "Feature", "properties": {"kind": "b", "value": 2.3222593911459266, "building_uid": 1000002}, "geometry": {"type": "MultiLineString", "coordinates": [[[-90.51441875176803, 14.64298977721174], [-90.51439737969869, 14.642987113759506]], [[-90.51441902532869, 14.642987696376453], [-90.51441847820738, 14.642991858047017]], [[-90.51439765325954, 14.64298503292428], [-90.51439710613785, 14.642989194594731]]]}}, {"id": "1943", "type": "Feature", "properties": {"kind": "b", "value": 1.247989096410568, "building_uid": 1000004}, "geometry": {"type": "MultiLineString", "coordinates": [[[-90.51503499758213, 14.643191484829792], [-90.51502351900551, 14.643190002289174]], [[-90.51503514985264, 14.643190367249437], [-90.51503484531163, 14.643192602410144]], [[-90.51502367127607, 14.643188884708838], [-90.51502336673494, 14.64319111986951]]]}}, {"id": "1944", "type": "Feature", "properties": {"kind": "b", "value": 0.932438315875787, "building_uid": 1000005}, "geometry": {"type": "MultiLineString", "coordinates": [[[-90.5124715250209, 14.643473436301047], [-90.51248010931594, 14.643474483196819]], [[-90.51247141749492, 14.643474272086449], [-90.51247163254686, 14.643472600515638]], [[-90.51248000179002, 14.643475318982233], [-90.5124802168419, 14.64347364741141]]]}}, {"id": "1945", "type": "Feature", "properties": {"kind": "b", "value": 3.5924611458462596, "building_uid": 1000011}, "geometry": {"type": "MultiLineString", "coordinates": [[[-90.51491688503552, 14.643963367460653], [-90.51492084196747, 14.643931144455275]], [[-90.51492019464595, 14.643963752715244], [-90.51491357542511, 14.64396298220601]], [[-90.51492415157742, 14.643931529709738], [-90.51491753235753, 14.643930759200764]]]}}, {"id": "1946", "type": "Feature", "properties": {"kind": "b", "value": 8.257111619544673, "building_uid": 182}, "geometry": {"type": "MultiLineString", "coordinates": [[[-90.5147015816615, 14.644253765842969], [-90.51471102856942, 14.644179744503152]], [[-90.51470918437026, 14.644254685611292], [-90.51469397895285, 14.6442528460744]], [[-90.5147186312758, 14.644180664270786], [-90.51470342586319, 14.644178824735286]]]}}, {"id": "1947", "type": "Feature", "properties": {"kind": "b", "value": 7.73495572288702, "building_uid": 1000013}, "geometry": {"type": "MultiLineString", "coordinates": [[[-90.51489187730951, 14.644196839038855], [-90.51488445287448, 14.644266337834132]], [[-90.5148847391117, 14.644196116182618], [-90.5148990155074, 14.64419756189488]], [[-90.51487731467452, 14.644265614977318], [-90.51489159107453, 14.644267060690728]]]}}, {"id": "1948", "type": "Feature", "properties": {"kind": "b", "value": 0.1960073016904025, "building_uid": 1000016}, "geometry": {"type": "MultiLineString", "coordinates": [[[-90.51467411285378, 14.645324895350386], [-90.51467388452257, 14.645326651970558]], [[-90.51467393243098, 14.64532487311976], [-90.51467429327658, 14.645324917581016]], [[-90.51467370409976, 14.645326629739921], [-90.51467406494538, 14.645326674201183]]]}}, {"id": "1949", "type": "Feature", "properties": {"kind": "b", "value": 4.182826356867186, "building_uid": 1000015}, "geometry": {"type": "MultiLineString", "coordinates": [[[-90.51456040805702, 14.645193122807335], [-90.5145220091102, 14.645187640721927]], [[-90.51456097112242, 14.645189384232909], [-90.51455984499158, 14.645196861381754]], [[-90.51452257217622, 14.645183902147691], [-90.51452144604416, 14.645191379296161]]]}}, {"id": "1950", "type": "Feature", "properties": {"kind": "b", "value": 12.344825688360354, "building_uid": 2861}, "geometry": {"type": "MultiLineString", "coordinates": [[[-90.51227916873225, 14.646652383282685], [-90.5122954330325, 14.646541996544538]], [[-90.5122905066453, 14.646653966787627], [-90.51226783081945, 14.646650799777223]], [[-90.51230677094026, 14.646543580047826], [-90.51228409512501, 14.646540413040723]]]}}, {"id": "1951", "type": "Feature", "properties": {"kind": "b", "value": 4.266513187912829, "building_uid": 1000020}, "geometry": {"type": "MultiLineString", "coordinates": [[[-90.51217501458659, 14.647184466442656], [-90.5121354440176, 14.64718337853246]], [[-90.51217512632668, 14.647180613832981], [-90.5121749028465, 14.64718831905232]], [[-90.51213555575838, 14.647179525922924], [-90.51213533227684, 14.647187231141997]]]}}, {"id": "1952", "type": "Feature", "properties": {"kind": "b", "value": 0.051585483068643266, "building_uid": 1000021}, "geometry": {"type": "MultiLineString", "coordinates": [[[-90.51219414931253, 14.64716281129586], [-90.5121941360197, 14.647163277112453]], [[-90.51219410146803, 14.647162810001664], [-90.51219419715706, 14.647162812590054]], [[-90.51219408817519, 14.64716327581826], [-90.51219418386424, 14.64716327840665]]]}}, {"id": "1953", "type": "Feature", "properties": {"kind": "b", "value": 0.25610617118620504, "building_uid": 1000001}, "geometry": {"type": "MultiLineString", "coordinates": [[[-90.51418247849917, 14.64313218386143], [-90.51418482930963, 14.643132521229875]], [[-90.51418244384833, 14.643132412741746], [-90.51418251314999, 14.64313195498111]], [[-90.51418479465882, 14.643132750110194], [-90.51418486396047, 14.643132292349557]]]}}, {"id": "1954", "type": "Feature", "properties": {"kind": "b", "value": 7.469354763486348, "building_uid": 1000017}, "geometry": {"type": "MultiLineString", "coordinates": [[[-90.51457850079976, 14.645854212468246], [-90.51450991514878, 14.645844527790107]], [[-90.51457949551636, 14.645847534894848], [-90.51457750608307, 14.645860890041625]], [[-90.51451090986733, 14.645837850217323], [-90.51450892043016, 14.645851205362877]]]}}, {"id": "1955", "type": "Feature", "properties": {"kind": "c", "value": 17.085546529387, "building_uid": 7}, "geometry": {"type": "MultiLineString", "coordinates": [[[-90.51407893175647, 14.642790451129317], [-90.51410013906036, 14.642637496334467]], [[-90.51409464158955, 14.642792515926269], [-90.51406322192385, 14.642788386331347]], [[-90.51411584888322, 14.642639561128327], [-90.51408442923797, 14.642635431539592]]]}}, {"id": "1956", "type": "Feature", "properties": {"kind": "c", "value": 28.16367292628495, "building_uid": 8}, "geometry": {"type": "MultiLineString", "coordinates": [[[-90.51477467898758, 14.643090790811119], [-90.5150334808018, 14.6431259495643]], [[-90.51477106784758, 14.64311598834994], [-90.5147782901263, 14.643065593272055]], [[-90.51502986968949, 14.643151147111643], [-90.51503709191283, 14.64310075201673]]]}}, {"id": "1957", "type": "Feature", "properties": {"kind": "c", "value": 0.8536789981122507, "building_uid": 10}, "geometry": {"type": "MultiLineString", "coordinates": [[[-90.51533045188206, 14.643129830142378], [-90.51533159449497, 14.64312219909536]], [[-90.51533123566047, 14.643129941389812], [-90.51532966810366, 14.643129718894947]], [[-90.51533237827336, 14.643122310342784], [-90.5153308107166, 14.643122087847935]]]}}, {"id": "1958", "type": "Feature", "properties": {"kind": "c", "value": 12.969407018016007, "building_uid": 54}, "geometry": {"type": "MultiLineString", "coordinates": [[[-90.51441452243466, 14.642677374185057], [-90.51439886065971, 14.642793536692041]], [[-90.51440259150641, 14.642675849316383], [-90.51442645336317, 14.642678899053132]], [[-90.51438692972556, 14.642792011821605], [-90.51441079159416, 14.64279506156189]]]}}, {"id": "1959", "type": "Feature", "properties": {"kind": "c", "value": 9.188129850837042, "building_uid": 55}, "geometry": {"type": "MultiLineString", "coordinates": [[[-90.51456744784613, 14.642866754923304], [-90.51448299146945, 14.642855459607924]], [[-90.51456860797546, 14.642858532045292], [-90.51456628771668, 14.642874977801295]], [[-90.51448415160174, 14.6428472367308], [-90.51448183133704, 14.64286368248502]]]}}, {"id": "1960", "type": "Feature", "properties": {"kind": "c", "value": 8.965958322929167, "building_uid": 108}, "geometry": {"type": "MultiLineString", "coordinates": [[[-90.51405002285306, 14.643497915616956], [-90.51403812304115, 14.643578076591222]], [[-90.51404178957297, 14.643496757026341], [-90.51405825613325, 14.643499074207288]], [[-90.51402988975828, 14.643576917999743], [-90.51404635632416, 14.643579235182436]]]}}, {"id": "1961", "type": "Feature", "properties": {"kind": "c", "value": 3.37500711134776, "building_uid": 109}, "geometry": {"type": "MultiLineString", "coordinates": [[[-90.5142836574671, 14.643891114856988], [-90.51427934818258, 14.643921312896085]], [[-90.51428055584108, 14.643890695296673], [-90.51428675909314, 14.643891534417273]], [[-90.51427624655616, 14.643920893335643], [-90.514282449809, 14.643921732456484]]]}}, {"id": "1962", "type": "Feature", "properties": {"kind": "c", "value": 3.5854152616044384, "building_uid": 110}, "geometry": {"type": "MultiLineString", "coordinates": [[[-90.5144042962847, 14.643849240427482], [-90.51440891742728, 14.64381716562081]], [[-90.51440759067195, 14.643849690351148], [-90.51440100189745, 14.643848790503764]], [[-90.51441221181409, 14.643817615544341], [-90.51440562304049, 14.64381671569723]]]}}, {"id": "1963", "type": "Feature", "properties": {"kind": "c", "value": 4.298361181778614, "building_uid": 176}, "geometry": {"type": "MultiLineString", "coordinates": [[[-90.51522735182118, 14.64478663355777], [-90.51522219639928, 14.644825137009638]], [[-90.51522339713387, 14.64478613161797], [-90.51523130650853, 14.644787135497506]], [[-90.51521824171132, 14.644824635069648], [-90.51522615108729, 14.644825638949566]]]}}, {"id": "1964", "type": "Feature", "properties": {"kind": "c", "value": 2.1419074347659826, "building_uid": 178}, "geometry": {"type": "MultiLineString", "coordinates": [[[-90.51502072595544, 14.644608346589672], [-90.51501782756887, 14.644627488621593]], [[-90.51501875988006, 14.644608064398033], [-90.51502269203081, 14.644608628781288]], [[-90.51501586149334, 14.644627206429906], [-90.5150197936444, 14.644627770813264]]]}}, {"id": "1965", "type": "Feature", "properties": {"kind": "c", "value": 16.23183221739528, "building_uid": 185}, "geometry": {"type": "MultiLineString", "coordinates": [[[-90.51385874907712, 14.644032762974069], [-90.51387952426222, 14.643887534689485]], [[-90.5138736654137, 14.64403478568714], [-90.51384383274099, 14.64403074026009]], [[-90.51389444058958, 14.643889557399723], [-90.51386460793529, 14.643885511978326]]]}}, {"id": "1966", "type": "Feature", "properties": {"kind": "c", "value": 9.022377632795532, "building_uid": 187}, "geometry": {"type": "MultiLineString", "coordinates": [[[-90.5140590358814, 14.64436010323932], [-90.51397610205869, 14.644349015180177]], [[-90.51406017473155, 14.644352028656547], [-90.51405789703112, 14.644368177822066]], [[-90.5139772409117, 14.64434094059828], [-90.51397496320557, 14.64435708976206]]]}}, {"id": "1967", "type": "Feature", "properties": {"kind": "c", "value": 5.256138640143869, "building_uid": 192}, "geometry": {"type": "MultiLineString", "coordinates": [[[-90.5127149700036, 14.644334360423258], [-90.5126666662757, 14.644327825324336]], [[-90.51271564122132, 14.644329657487004], [-90.51271429878584, 14.644339063359517]], [[-90.5126673374944, 14.644323122388368], [-90.51266599505699, 14.644332528260293]]]}}, {"id": "1968", "type": "Feature", "properties": {"kind": "c", "value": 8.542757839239115, "building_uid": 302}, "geometry": {"type": "MultiLineString", "coordinates": [[[-90.51261107481284, 14.64249587659055], [-90.51253278273444, 14.642483845079532]], [[-90.5126123105542, 14.642488253870521], [-90.51260983907133, 14.642503499310552]], [[-90.5125340184783, 14.642476222360331], [-90.51253154699042, 14.642491467798706]]]}}, {"id": "1969", "type": "Feature", "properties": {"kind": "c", "value": 9.291534250018021, "building_uid": 303}, "geometry": {"type": "MultiLineString", "coordinates": [[[-90.51389981982202, 14.643264825917692], [-90.51381468025565, 14.643251646275994]], [[-90.51390117349113, 14.643256536537828], [-90.51389846615274, 14.643273115297523]], [[-90.51381603392774, 14.643243356897113], [-90.51381332658342, 14.643259935654852]]]}}, {"id": "1970", "type": "Feature", "properties": {"kind": "c", "value": 9.846840271780493, "building_uid": 304}, "geometry": {"type": "MultiLineString", "coordinates": [[[-90.51259466752533, 14.643265647626054], [-90.5125804463981, 14.643353514665073]], [[-90.51258564277016, 14.643264263025884], [-90.51260369228068, 14.643267032225896]], [[-90.5125714216396, 14.643352130063805], [-90.51258947115677, 14.643354899266004]]]}}, {"id": "1971", "type": "Feature", "properties": {"kind": "c", "value": 6.915528194152583, "building_uid": 305}, "geometry": {"type": "MultiLineString", "coordinates": [[[-90.51248978496872, 14.643366771439675], [-90.51255335612778, 14.643375242735335]], [[-90.51248891488726, 14.643372960866984], [-90.51249065505012, 14.64336058201235]], [[-90.51255248604798, 14.643381432163157], [-90.51255422620751, 14.643369053307502]]]}}, {"id": "1972", "type": "Feature", "properties": {"kind": "c", "value": 8.882062651267775, "building_uid": 306}, "geometry": {"type": "MultiLineString", "coordinates": [[[-90.51238300631304, 14.643499721574967], [-90.51246465488157, 14.643510602164486]], [[-90.5123818887735, 14.64350767105344], [-90.51238412385247, 14.643491772096473]], [[-90.51246353734477, 14.643518551643798], [-90.51246577241824, 14.643502652685152]]]}}, {"id": "1973", "type": "Feature", "properties": {"kind": "c", "value": 13.798054167807594, "building_uid": 500}, "geometry": {"type": "MultiLineString", "coordinates": [[[-90.51490786767121, 14.645747497760414], [-90.5148895620867, 14.64587086166678]], [[-90.51489519691519, 14.645745715509301], [-90.51492053842755, 14.645749280010868]], [[-90.51487689132405, 14.645869079413586], [-90.51490223284965, 14.645872643919299]]]}}, {"id": "1974", "type": "Feature", "properties": {"kind": "c", "value": 4.262843604898815, "building_uid": 501}, "geometry": {"type": "MultiLineString", "coordinates": [[[-90.51487357049825, 14.645907055708584], [-90.51487953368441, 14.64586898750674]], [[-90.51487748050127, 14.645907636290804], [-90.51486966049526, 14.645906475126312]], [[-90.5148834436868, 14.64586956808875], [-90.51487562368203, 14.645868406924665]]]}}, {"id": "1975", "type": "Feature", "properties": {"kind": "c", "value": 8.928885859590993, "building_uid": 502}, "geometry": {"type": "MultiLineString", "coordinates": [[[-90.51355968802318, 14.64569481234113], [-90.51347782635243, 14.645682420903425]], [[-90.5135609607509, 14.64568684219404], [-90.51355841529534, 14.645702782488197]], [[-90.51347909908287, 14.645674450757221], [-90.51347655362184, 14.645690391049591]]]}}, {"id": "1976", "type": "Feature", "properties": {"kind": "c", "value": 5.858998507645227, "building_uid": 503}, "geometry": {"type": "MultiLineString", "coordinates": [[[-90.51375209229477, 14.645571557535433], [-90.51374331350742, 14.64562379004603]], [[-90.51374672747716, 14.645570702822356], [-90.51375745711243, 14.64557241224839]], [[-90.51373794868863, 14.645622935332561], [-90.51374867832627, 14.645624644759382]]]}}, {"id": "1977", "type": "Feature", "properties": {"kind": "c", "value": 6.862483196833311, "building_uid": 504}, "geometry": {"type": "MultiLineString", "coordinates": [[[-90.513831655578, 14.645521589105748], [-90.51382278404141, 14.645582976598437]], [[-90.51382535045076, 14.645520725362346], [-90.51383796070532, 14.645522452848986]], [[-90.51381647891252, 14.645582112854528], [-90.51382908917039, 14.64558384034218]]]}}, {"id": "1978", "type": "Feature", "properties": {"kind": "c", "value": 7.894738496090121, "building_uid": 505}, "geometry": {"type": "MultiLineString", "coordinates": [[[-90.51351685167364, 14.64538115915897], [-90.51358949845756, 14.645390291930438]], [[-90.51351591364347, 14.645388232143159], [-90.51351778970373, 14.645374086174767]], [[-90.5135885604296, 14.64539736491527], [-90.51359043648543, 14.645383218945586]]]}}, {"id": "1979", "type": "Feature", "properties": {"kind": "c", "value": 8.69464583210811, "building_uid": 506}, "geometry": {"type": "MultiLineString", "coordinates": [[[-90.51385094857756, 14.645164137992587], [-90.51383939795308, 14.64524187172839]], [[-90.5138429645361, 14.64516301340823], [-90.51385893261916, 14.645165262576677]], [[-90.51383141390897, 14.645240747143207], [-90.5138473819973, 14.645242996313307]]]}}, {"id": "1980", "type": "Feature", "properties": {"kind": "c", "value": 3.555293022769404, "building_uid": 515}, "geometry": {"type": "MultiLineString", "coordinates": [[[-90.51271636392924, 14.64483941810281], [-90.51274900513182, 14.64484405645807]], [[-90.51271588752368, 14.644842596100277], [-90.51271684033476, 14.644836240105333]], [[-90.51274852872672, 14.644847234455677], [-90.51274948153691, 14.644840878460466]]]}}, {"id": "1981", "type": "Feature", "properties": {"kind": "c", "value": 7.6028282618523955, "building_uid": 516}, "geometry": {"type": "MultiLineString", "coordinates": [[[-90.51243349132164, 14.644725950866679], [-90.5124429834264, 14.644657895482338]], [[-90.51244048128423, 14.644726875033399], [-90.51242650135917, 14.644725026699756]], [[-90.51244997338694, 14.644658819648443], [-90.51243599346593, 14.644656971316028]]]}}, {"id": "1982", "type": "Feature", "properties": {"kind": "c", "value": 18.157626741665066, "building_uid": 517}, "geometry": {"type": "MultiLineString", "coordinates": [[[-90.51269558025939, 14.64497300112869], [-90.51252879310822, 14.644949863027346]], [[-90.51269795676835, 14.644956762483021], [-90.5126932037499, 14.644989239774263]], [[-90.51253116962864, 14.644933624385247], [-90.51252641658724, 14.644966101669345]]]}}, {"id": "1983", "type": "Feature", "properties": {"kind": "c", "value": 3.3652766280478743, "building_uid": 522}, "geometry": {"type": "MultiLineString", "coordinates": [[[-90.51211332162785, 14.645568502480169], [-90.51210884350729, 14.645598588361755]], [[-90.51211023149753, 14.64556806648503], [-90.51211641175819, 14.645568938475284]], [[-90.51210575337659, 14.645598152366478], [-90.51211193363802, 14.645599024356988]]]}}, {"id": "1984", "type": "Feature", "properties": {"kind": "c", "value": 6.130649811688375, "building_uid": 523}, "geometry": {"type": "MultiLineString", "coordinates": [[[-90.51255631656733, 14.645533403166088], [-90.51256550824324, 14.645478749887472]], [[-90.51256193002172, 14.645534298079166], [-90.51255070311298, 14.645532508252895]], [[-90.51257112169637, 14.645479644800117], [-90.51255989479019, 14.645477854974708]]]}}, {"id": "1985", "type": "Feature", "properties": {"kind": "c", "value": 7.2717326890278695, "building_uid": 524}, "geometry": {"type": "MultiLineString", "coordinates": [[[-90.51254149206339, 14.645465771557241], [-90.51247490936008, 14.645455156737173]], [[-90.51254258231337, 14.645459288981353], [-90.51254040181328, 14.64547225413312]], [[-90.51247599961188, 14.645448674161893], [-90.51247381910818, 14.645461639312437]]]}}, {"id": "1986", "type": "Feature", "properties": {"kind": "c", "value": 5.109315738462893, "building_uid": 525}, "geometry": {"type": "MultiLineString", "coordinates": [[[-90.51225527288896, 14.645575400823425], [-90.5122485644378, 14.645621091252314]], [[-90.51225058001056, 14.645574747680705], [-90.51225996576743, 14.645576053966044]], [[-90.51224387155848, 14.645620438109317], [-90.51225325731716, 14.64562174439522]]]}}, {"id": "1987", "type": "Feature", "properties": {"kind": "c", "value": 3.5724963762907076, "building_uid": 310}, "geometry": {"type": "MultiLineString", "coordinates": [[[-90.51302537952816, 14.644050648462803], [-90.51302994890301, 14.644018684481972]], [[-90.5130286625356, 14.644051093345851], [-90.51302209652073, 14.644050203579715]], [[-90.51303323191001, 14.644019129364883], [-90.51302666589604, 14.644018239599013]]]}}, {"id": "1988", "type": "Feature", "properties": {"kind": "c", "value": 7.256864982158176, "building_uid": 702}, "geometry": {"type": "MultiLineString", "coordinates": [[[-90.511971835671, 14.645909359841601], [-90.5120386027741, 14.645917830534433]], [[-90.51197096564114, 14.645915860356682], [-90.51197270570079, 14.645902859326497]], [[-90.51203773274608, 14.64592433105007], [-90.51203947280203, 14.645911330018786]]]}}, {"id": "1989", "type": "Feature", "properties": {"kind": "c", "value": 10.15686992271945, "building_uid": 704}, "geometry": {"type": "MultiLineString", "coordinates": [[[-90.51397596439578, 14.646250203394438], [-90.51398975710805, 14.646159439430866]], [[-90.51398528682014, 14.64625154626599], [-90.51396664197159, 14.646248860522535]], [[-90.51399907952883, 14.646160782301283], [-90.51398043468743, 14.646158096560091]]]}}, {"id": "1990", "type": "Feature", "properties": {"kind": "c", "value": 8.016223713879572, "building_uid": 706}, "geometry": {"type": "MultiLineString", "coordinates": [[[-90.51363261245936, 14.64606244496868], [-90.51362182276283, 14.646134093419215]], [[-90.51362525340775, 14.646061394473614], [-90.51363997151107, 14.646063495463517]], [[-90.51361446370899, 14.646133042923447], [-90.51362918181677, 14.64613514391476]]]}}, {"id": "1991", "type": "Feature", "properties": {"kind": "c", "value": 5.901627749880158, "building_uid": 747}, "geometry": {"type": "MultiLineString", "coordinates": [[[-90.51443023168083, 14.643122489216617], [-90.5144378448088, 14.643069694691187]], [[-90.51443565416177, 14.643123230448538], [-90.51442480919995, 14.643121747984587]], [[-90.51444326728854, 14.643070435922732], [-90.51443242232912, 14.643068953459528]]]}}, {"id": "1992", "type": "Feature", "properties": {"kind": "c", "value": 9.099961714394622, "building_uid": 748}, "geometry": {"type": "MultiLineString", "coordinates": [[[-90.51419507251585, 14.643320603219205], [-90.51418311397003, 14.64340197894948]], [[-90.51418671447584, 14.643319438909188], [-90.514203430556, 14.643321767528928]], [[-90.51417475592713, 14.643400814638573], [-90.51419147201305, 14.643403143260107]]]}}, {"id": "1993", "type": "Feature", "properties": {"kind": "c", "value": 5.024277453569234, "building_uid": 752}, "geometry": {"type": "MultiLineString", "coordinates": [[[-90.5152981389967, 14.643526979358455], [-90.51529106392316, 14.643571840391969]], [[-90.51529353134934, 14.643526290514428], [-90.51530274664411, 14.643527668202388]], [[-90.51528645627492, 14.643571151547665], [-90.51529567157144, 14.643572529236186]]]}}, {"id": "1994", "type": "Feature", "properties": {"kind": "c", "value": 7.734233890544033, "building_uid": 1305}, "geometry": {"type": "MultiLineString", "coordinates": [[[-90.51529754740432, 14.644192144768347], [-90.51536880141899, 14.644200430047293]], [[-90.51529669642501, 14.644199082188855], [-90.51529839838354, 14.644185207347823]], [[-90.5153679504418, 14.644207367468406], [-90.51536965239607, 14.644193492626167]]]}}, {"id": "1995", "type": "Feature", "properties": {"kind": "c", "value": 10.919546922361267, "building_uid": 758}, "geometry": {"type": "MultiLineString", "coordinates": [[[-90.5153605475146, 14.64379088417984], [-90.51537486474909, 14.643693232339801]], [[-90.51537057728322, 14.643792278135267], [-90.51535051774619, 14.643789490224007]], [[-90.51538489451356, 14.643694626293932], [-90.51536483498482, 14.643691838385255]]]}}, {"id": "1996", "type": "Feature", "properties": {"kind": "c", "value": 6.936524768049879, "building_uid": 759}, "geometry": {"type": "MultiLineString", "coordinates": [[[-90.51480066674823, 14.644979565497799], [-90.51473679290105, 14.644971884476035]], [[-90.51480145566534, 14.644973346645685], [-90.51479987783105, 14.644985784349911]], [[-90.51473758181984, 14.64496566562441], [-90.51473600398216, 14.64497810332765]]]}}, {"id": "1997", "type": "Feature", "properties": {"kind": "c", "value": 15.207826458556935, "building_uid": 766}, "geometry": {"type": "MultiLineString", "coordinates": [[[-90.51412429226134, 14.645911476695455], [-90.51414438957129, 14.645775497517713]], [[-90.51413825874717, 14.645913433392172], [-90.51411032577589, 14.645909519997929]], [[-90.51415835604908, 14.64577745421192], [-90.51413042309389, 14.645773540822713]]]}}, {"id": "1998", "type": "Feature", "properties": {"kind": "c", "value": 3.2927340597973904, "building_uid": 767}, "geometry": {"type": "MultiLineString", "coordinates": [[[-90.51416832570376, 14.645607921196975], [-90.51416501978584, 14.645637491425434]], [[-90.51416528853579, 14.64560759932893], [-90.51417136287176, 14.645608243064984]], [[-90.51416198261747, 14.64563716955728], [-90.5141680569542, 14.645637813293545]]]}}, {"id": "1999", "type": "Feature", "properties": {"kind": "c", "value": 9.594940495549515, "building_uid": 768}, "geometry": {"type": "MultiLineString", "coordinates": [[[-90.51434573046583, 14.645194630031531], [-90.5142574305, 14.645183591556762]], [[-90.51434686422735, 14.645186033024748], [-90.51434459670418, 14.645203227038289]], [[-90.51425856426475, 14.64517499455094], [-90.5142562967351, 14.64519218856257]]]}}, {"id": "2000", "type": "Feature", "properties": {"kind": "c", "value": 4.522263316918537, "building_uid": 769}, "geometry": {"type": "MultiLineString", "coordinates": [[[-90.51417916818151, 14.645262427464951], [-90.51417383895114, 14.645302948452898]], [[-90.51417500626404, 14.64526190860404], [-90.51418333009903, 14.645262946325797]], [[-90.51416967703294, 14.645302429591771], [-90.51417800086938, 14.645303467313955]]]}}, {"id": "2001", "type": "Feature", "properties": {"kind": "c", "value": 9.250560896045572, "building_uid": 842}, "geometry": {"type": "MultiLineString", "coordinates": [[[-90.5137890742115, 14.646892803156632], [-90.51380019067862, 14.646809942166813]], [[-90.51379758494168, 14.64689388546317], [-90.51378056348146, 14.646891720849794]], [[-90.5138087014058, 14.646811024472454], [-90.51379167995158, 14.646808859860872]]]}}, {"id": "2002", "type": "Feature", "properties": {"kind": "c", "value": 16.44956056102509, "building_uid": 843}, "geometry": {"type": "MultiLineString", "coordinates": [[[-90.51385646237173, 14.646613270050148], [-90.51383437829826, 14.646760303194393]], [[-90.51384136047842, 14.646611119930222], [-90.5138715642655, 14.646615420169136]], [[-90.51381927639555, 14.646758153071504], [-90.5138494802014, 14.64676245331634]]]}}, {"id": "2003", "type": "Feature", "properties": {"kind": "c", "value": 4.086058806320197, "building_uid": 520}, "geometry": {"type": "MultiLineString", "coordinates": [[[-90.51234400300811, 14.645318544325583], [-90.51234873575433, 14.645281921735656]], [[-90.51234776452142, 14.645319005112093], [-90.51234024149483, 14.645318083539008]], [[-90.51235249726706, 14.64528238252199], [-90.51234497424163, 14.645281460949256]]]}}, {"id": "2004", "type": "Feature", "properties": {"kind": "c", "value": 7.881652778153674, "building_uid": 914}, "geometry": {"type": "MultiLineString", "coordinates": [[[-90.51500375543444, 14.64623892028793], [-90.51501285024192, 14.646168274167222]], [[-90.51501101154203, 14.646239805766974], [-90.51499649932695, 14.64623803480867]], [[-90.5150201063473, 14.646169159645627], [-90.51500559413662, 14.646167388688601]]]}}, {"id": "2005", "type": "Feature", "properties": {"kind": "c", "value": 9.267381589385396, "building_uid": 916}, "geometry": {"type": "MultiLineString", "coordinates": [[[-90.51469302920208, 14.646119554333696], [-90.51467973718289, 14.646202264881955]], [[-90.51468453395411, 14.64611826021055], [-90.5147015244502, 14.646120848456555]], [[-90.51467124193196, 14.646200970757839], [-90.51468823243397, 14.646203559005777]]]}}, {"id": "2006", "type": "Feature", "properties": {"kind": "c", "value": 13.682517677857845, "building_uid": 1269}, "geometry": {"type": "MultiLineString", "coordinates": [[[-90.51440656363249, 14.643835995980035], [-90.51453204510281, 14.6438547412167]], [[-90.5144046383153, 14.64384821310355], [-90.51440848894936, 14.643823778856461]], [[-90.51453011979207, 14.643866958342304], [-90.51453397041321, 14.643842524091031]]]}}, {"id": "2007", "type": "Feature", "properties": {"kind": "c", "value": 7.831902221038059, "building_uid": 1271}, "geometry": {"type": "MultiLineString", "coordinates": [[[-90.51328942176214, 14.64345884448063], [-90.51336116806674, 14.643470066387026]], [[-90.51328826916672, 14.643465829854941], [-90.51329057435746, 14.643451859106303]], [[-90.51336001547342, 14.643477051762034], [-90.51336232065995, 14.643463081012003]]]}}, {"id": "2008", "type": "Feature", "properties": {"kind": "c", "value": 5.401776646403715, "building_uid": 1272}, "geometry": {"type": "MultiLineString", "coordinates": [[[-90.51225392294707, 14.643928413139765], [-90.51230360695206, 14.643934828353398]], [[-90.5122532640429, 14.64393325047086], [-90.51225458185117, 14.643923575808667]], [[-90.51230294804894, 14.643939665684801], [-90.51230426585515, 14.643929991021995]]]}}, {"id": "2009", "type": "Feature", "properties": {"kind": "c", "value": 19.22379901459908, "building_uid": 1303}, "geometry": {"type": "MultiLineString", "coordinates": [[[-90.51516916102314, 14.644349964333996], [-90.51534630101119, 14.644370272984176]], [[-90.51516707512012, 14.644367210991339], [-90.51517124692562, 14.64433271767656]], [[-90.51534421512133, 14.644387519645228], [-90.51534838690051, 14.644353026323031]]]}}, {"id": "2010", "type": "Feature", "properties": {"kind": "c", "value": 7.746276404563255, "building_uid": 1406}, "geometry": {"type": "MultiLineString", "coordinates": [[[-90.51201065502674, 14.646377021788817], [-90.51201994219117, 14.64630763262635]], [[-90.5120177820359, 14.646377925995326], [-90.51200352801769, 14.646376117582095]], [[-90.51202706919821, 14.64630853683224], [-90.51201281518422, 14.646306728420258]]]}}, {"id": "2011", "type": "Feature", "properties": {"kind": "c", "value": 8.042045379114768, "building_uid": 1409}, "geometry": {"type": "MultiLineString", "coordinates": [[[-90.51192944500015, 14.646226082450406], [-90.51200328448621, 14.646236541546278]], [[-90.51192837073867, 14.64623327152951], [-90.51193051926151, 14.646218893371287]], [[-90.512002210227, 14.646243730626093], [-90.51200435874534, 14.646229352466456]]]}}, {"id": "2012", "type": "Feature", "properties": {"kind": "c", "value": 21.76968346995898, "building_uid": 1410}, "geometry": {"type": "MultiLineString", "coordinates": [[[-90.51356218736865, 14.646582073589347], [-90.51336232732203, 14.646553609220488]], [[-90.51356511095776, 14.646562615061168], [-90.51355926377875, 14.64660153211738]], [[-90.51336525092758, 14.646534150697494], [-90.51335940371568, 14.646573067743335]]]}}, {"id": "2013", "type": "Feature", "properties": {"kind": "c", "value": 9.980043541591032, "building_uid": 1411}, "geometry": {"type": "MultiLineString", "coordinates": [[[-90.51342624294782, 14.646766207676595], [-90.51333476843767, 14.64675220300906]], [[-90.51342768137772, 14.646757301656288], [-90.51342480451775, 14.64677511369686]], [[-90.51333620687097, 14.646743296989882], [-90.51333333000417, 14.6467611090282]]]}}, {"id": "2014", "type": "Feature", "properties": {"kind": "c", "value": 7.838037913364769, "building_uid": 1414}, "geometry": {"type": "MultiLineString", "coordinates": [[[-90.5139126897217, 14.646621628573866], [-90.51392375947773, 14.646551648803934]], [[-90.51391987740067, 14.64662270633384], [-90.51390550204285, 14.646620550813683]], [[-90.51393094715458, 14.64655272656322], [-90.51391657180098, 14.646550571044434]]]}}, {"id": "2015", "type": "Feature", "properties": {"kind": "c", "value": 7.819436960797003, "building_uid": 1426}, "geometry": {"type": "MultiLineString", "coordinates": [[[-90.51299347487904, 14.644591713478315], [-90.51298258308437, 14.644661549709111]], [[-90.51298630201023, 14.644590653035666], [-90.51300064774794, 14.644592773920756]], [[-90.51297541021346, 14.644660489265782], [-90.51298975595537, 14.644662610152233]]]}}, {"id": "2016", "type": "Feature", "properties": {"kind": "c", "value": 13.146303011506712, "building_uid": 1429}, "geometry": {"type": "MultiLineString", "coordinates": [[[-90.51343225660473, 14.645151064915735], [-90.51331204245383, 14.645130956600449]], [[-90.51343432192894, 14.645139360696781], [-90.51343019128024, 14.645162769134624]], [[-90.51331410778387, 14.64511925238352], [-90.51330997712348, 14.645142660817314]]]}}, {"id": "2017", "type": "Feature", "properties": {"kind": "c", "value": 7.464394370010575, "building_uid": 1430}, "geometry": {"type": "MultiLineString", "coordinates": [[[-90.51290704882786, 14.645215389794288], [-90.51289716972386, 14.645282129750862]], [[-90.51290019395717, 14.645214427951595], [-90.51291390369862, 14.645216351636796]], [[-90.51289031485125, 14.645281167907559], [-90.51290402459658, 14.645283091593978]]]}}, {"id": "2018", "type": "Feature", "properties": {"kind": "c", "value": 4.3209373111234175, "building_uid": 763}, "geometry": {"type": "MultiLineString", "coordinates": [[[-90.51453091518158, 14.645215005997766], [-90.51453673020094, 14.645176385608963]], [[-90.51453488188731, 14.64521557215611], [-90.5145269484759, 14.645214439839352]], [[-90.51454069690602, 14.645176951767107], [-90.51453276349591, 14.64517581945075]]]}}, {"id": "2019", "type": "Feature", "properties": {"kind": "c", "value": 13.554355743668298, "building_uid": 1431}, "geometry": {"type": "MultiLineString", "coordinates": [[[-90.51277730342952, 14.64536925897595], [-90.51290189471925, 14.645385923784369]], [[-90.51277559177998, 14.64538138934396], [-90.51277901507876, 14.645357128607886]], [[-90.51290018307614, 14.645398054154345], [-90.51290360636206, 14.645373793414349]]]}}, {"id": "2020", "type": "Feature", "properties": {"kind": "c", "value": 6.338044338294735, "building_uid": 1542}, "geometry": {"type": "MultiLineString", "coordinates": [[[-90.51496667772213, 14.645057607512452], [-90.5149743165649, 14.645000837903767]], [[-90.51497250853261, 14.645058351241401], [-90.51496084691172, 14.645056863783374]], [[-90.51498014737396, 14.645001581632282], [-90.5149684857559, 14.645000094175103]]]}}, {"id": "2021", "type": "Feature", "properties": {"kind": "c", "value": 6.034137094182101, "building_uid": 1543}, "geometry": {"type": "MultiLineString", "coordinates": [[[-90.51525610986069, 14.645056798104417], [-90.51520068046423, 14.645049126723407]], [[-90.51525689778808, 14.645051401418433], [-90.51525532193322, 14.64506219479038]], [[-90.5152014683929, 14.645043730037827], [-90.51519989253552, 14.645054523408978]]]}}, {"id": "2022", "type": "Feature", "properties": {"kind": "c", "value": 7.626227131004897, "building_uid": 1545}, "geometry": {"type": "MultiLineString", "coordinates": [[[-90.51513247714801, 14.64526573197314], [-90.51512079614828, 14.645333678278032]], [[-90.51512549837149, 14.645264594695734], [-90.51513945592464, 14.645266869250344]], [[-90.51511381736978, 14.645332540999954], [-90.51512777492688, 14.645334815555913]]]}}, {"id": "2023", "type": "Feature", "properties": {"kind": "c", "value": 7.09263391438638, "building_uid": 1549}, "geometry": {"type": "MultiLineString", "coordinates": [[[-90.51424287942365, 14.64547223558383], [-90.51430824114601, 14.645479682718024]], [[-90.51424211452556, 14.645478599282459], [-90.51424364432167, 14.645465871885193]], [[-90.51430747624971, 14.645486046417151], [-90.51430900604223, 14.645473319018876]]]}}, {"id": "2024", "type": "Feature", "properties": {"kind": "c", "value": 4.8640760633599385, "building_uid": 1551}, "geometry": {"type": "MultiLineString", "coordinates": [[[-90.5139328416671, 14.645882496631998], [-90.51393977525065, 14.645839078705277]], [[-90.51393730114239, 14.645883171693239], [-90.51392838219185, 14.645881821570676]], [[-90.51394423472512, 14.64583975376625], [-90.51393531577622, 14.645838403644218]]]}}, {"id": "2025", "type": "Feature", "properties": {"kind": "c", "value": 5.893565502887477, "building_uid": 1553}, "geometry": {"type": "MultiLineString", "coordinates": [[[-90.51282158421833, 14.645535166211973], [-90.51281440205884, 14.64558794442312]], [[-90.51281616335255, 14.64553446694836], [-90.51282700508415, 14.64553586547547]], [[-90.51280898119185, 14.645587245159138], [-90.51281982292589, 14.645588643686972]]]}}, {"id": "2026", "type": "Feature", "properties": {"kind": "c", "value": 14.138922422910106, "building_uid": 1556}, "geometry": {"type": "MultiLineString", "coordinates": [[[-90.51297126354058, 14.644933592953125], [-90.51284162262452, 14.644914053770828]], [[-90.51297327040652, 14.644920970918362], [-90.5129692566743, 14.644946214987824]], [[-90.51284362949734, 14.644901431738306], [-90.51283961575136, 14.644926675803283]]]}}, {"id": "2027", "type": "Feature", "properties": {"kind": "c", "value": 11.859957272182958, "building_uid": 1557}, "geometry": {"type": "MultiLineString", "coordinates": [[[-90.51297370634343, 14.644917460535362], [-90.51308202099638, 14.644936359044953]], [[-90.51297176527486, 14.644928006211067], [-90.51297564741172, 14.644906914859607]], [[-90.51308007993252, 14.644946904722334], [-90.51308396205997, 14.644925813367525]]]}}, {"id": "2028", "type": "Feature", "properties": {"kind": "c", "value": 3.373230872561469, "building_uid": 2593}, "geometry": {"type": "MultiLineString", "coordinates": [[[-90.51528763672873, 14.643932030631515], [-90.51528356870848, 14.643962244215603]], [[-90.51528453350551, 14.643931634561223], [-90.51529073995198, 14.64393242670176]], [[-90.51528046548486, 14.6439618481452], [-90.51528667193213, 14.643962640285972]]]}}, {"id": "2029", "type": "Feature", "properties": {"kind": "c", "value": 8.070703687646528, "building_uid": 2598}, "geometry": {"type": "MultiLineString", "coordinates": [[[-90.51423571649411, 14.644537193894442], [-90.51430943036031, 14.64455002289121]], [[-90.51423439882892, 14.644544370798974], [-90.51423703415918, 14.644530016989881]], [[-90.51430811269731, 14.64455719979652], [-90.51431074802319, 14.644542845985864]]]}}, {"id": "2030", "type": "Feature", "properties": {"kind": "c", "value": 8.664923428334166, "building_uid": 2693}, "geometry": {"type": "MultiLineString", "coordinates": [[[-90.51482958401905, 14.648147595593487], [-90.51475134305375, 14.6481295899014]], [[-90.51483143341001, 14.648139978048585], [-90.51482773462793, 14.648155213138349]], [[-90.51475319244706, 14.64812197235751], [-90.51474949366028, 14.648137207445247]]]}}, {"id": "2031", "type": "Feature", "properties": {"kind": "c", "value": 11.388305868993964, "building_uid": 2698}, "geometry": {"type": "MultiLineString", "coordinates": [[[-90.51482057099713, 14.647424419718229], [-90.51483785918171, 14.647322929803451]], [[-90.51483099514725, 14.647426102903239], [-90.51481014684724, 14.647422736532782]], [[-90.51484828332741, 14.64732461298696], [-90.51482743503622, 14.647321246619498]]]}}, {"id": "2032", "type": "Feature", "properties": {"kind": "c", "value": 9.77507904190382, "building_uid": 2704}, "geometry": {"type": "MultiLineString", "coordinates": [[[-90.51471391364318, 14.647235811240133], [-90.51473355751364, 14.647149604151712]], [[-90.51472276806824, 14.647237723777193], [-90.51470505921833, 14.647233898702762]], [[-90.51474241193566, 14.647151516687519], [-90.51472470309183, 14.647147691615599]]]}}, {"id": "2033", "type": "Feature", "properties": {"kind": "c", "value": 4.106573660452977, "building_uid": 2705}, "geometry": {"type": "MultiLineString", "coordinates": [[[-90.51450008547113, 14.647125301283486], [-90.51453776580198, 14.647130807694014]], [[-90.51449951990159, 14.647128969859446], [-90.51450065104062, 14.647121632707508]], [[-90.51453720023302, 14.647134476270162], [-90.51453833137089, 14.64712713911786]]]}}, {"id": "2034", "type": "Feature", "properties": {"kind": "c", "value": 10.535215300886087, "building_uid": 701}, "geometry": {"type": "MultiLineString", "coordinates": [[[-90.51213730575547, 14.645986838016137], [-90.51223406976294, 14.646000316088793]], [[-90.51213592141366, 14.645996259057565], [-90.51213869009709, 14.645977416974683]], [[-90.512232685425, 14.646009737131422], [-90.51223545410069, 14.645990895046134]]]}}, {"id": "2035", "type": "Feature", "properties": {"kind": "c", "value": 4.35946181315716, "building_uid": 2728}, "geometry": {"type": "MultiLineString", "coordinates": [[[-90.51489940610558, 14.646374570128348], [-90.51489362709005, 14.646413547301556]], [[-90.51489540273303, 14.64637400747863], [-90.5149034094782, 14.646375132777987]], [[-90.51488962371683, 14.646412984651636], [-90.51489763046332, 14.646414109951412]]]}}, {"id": "2036", "type": "Feature", "properties": {"kind": "c", "value": 7.256813612185522, "building_uid": 2729}, "geometry": {"type": "MultiLineString", "coordinates": [[[-90.51498475161529, 14.646517811097834], [-90.5150513227136, 14.64652763490875]], [[-90.51498374260319, 14.646524292511431], [-90.5149857606273, 14.646511329684209]], [[-90.51505031370333, 14.646534116322938], [-90.51505233172378, 14.646521153494547]]]}}, {"id": "2037", "type": "Feature", "properties": {"kind": "c", "value": 12.115461236702394, "building_uid": 2730}, "geometry": {"type": "MultiLineString", "coordinates": [[[-90.51481263533447, 14.6470515568308], [-90.51483066877658, 14.646943529354852]], [[-90.51482373094618, 14.64705331257749], [-90.51480153972301, 14.64704980108361]], [[-90.51484176438328, 14.646945285099866], [-90.51481957317014, 14.646941773609342]]]}}, {"id": "2038", "type": "Feature", "properties": {"kind": "c", "value": 8.63617544041354, "building_uid": 2731}, "geometry": {"type": "MultiLineString", "coordinates": [[[-90.51492177098243, 14.646591109997717], [-90.51491112764916, 14.646668433592238]], [[-90.51491382901429, 14.646590073755283], [-90.5149297129507, 14.64659214623989]], [[-90.51490318567839, 14.646667397349018], [-90.51491906962003, 14.64666946983519]]]}}, {"id": "2039", "type": "Feature", "properties": {"kind": "c", "value": 14.465973437793352, "building_uid": 2738}, "geometry": {"type": "MultiLineString", "coordinates": [[[-90.51442206044833, 14.646757310299051], [-90.51440168066662, 14.646886473410174]], [[-90.51440879399176, 14.646755326111201], [-90.51443532690523, 14.646759294486175]], [[-90.51438841420286, 14.646884489219994], [-90.51441494713075, 14.646888457599642]]]}}, {"id": "2040", "type": "Feature", "properties": {"kind": "c", "value": 9.03371218479749, "building_uid": 2741}, "geometry": {"type": "MultiLineString", "coordinates": [[[-90.51380342735655, 14.646104584767029], [-90.51388631756392, 14.646116692780947]], [[-90.51380218373406, 14.64611265503698], [-90.5138046709789, 14.64609651449706]], [[-90.51388507394424, 14.646124763051795], [-90.51388756118345, 14.646108622510067]]]}}, {"id": "2041", "type": "Feature", "properties": {"kind": "c", "value": 4.50951090801175, "building_uid": 2742}, "geometry": {"type": "MultiLineString", "coordinates": [[[-90.51342890792131, 14.646368103363267], [-90.5133875153072, 14.64636215651554]], [[-90.51342951872577, 14.646364073343122], [-90.5134282971168, 14.646372133383409]], [[-90.51338812611237, 14.646358126495612], [-90.51338690450198, 14.646366186535454]]]}}, {"id": "2042", "type": "Feature", "properties": {"kind": "c", "value": 8.420838418019784, "building_uid": 2745}, "geometry": {"type": "MultiLineString", "coordinates": [[[-90.51354043052787, 14.646663848947387], [-90.5135292736439, 14.64673913893535]], [[-90.51353269743048, 14.646662762705644], [-90.51354816362537, 14.646664935188879]], [[-90.51352154054405, 14.646738052692838], [-90.51353700674386, 14.646740225177616]]]}}, {"id": "2043", "type": "Feature", "properties": {"kind": "c", "value": 6.12548009978871, "building_uid": 2750}, "geometry": {"type": "MultiLineString", "coordinates": [[[-90.5136708411702, 14.648170083585873], [-90.513726995323, 14.648178622082614]], [[-90.51366996416729, 14.648175550755935], [-90.51367171817303, 14.6481646164158]], [[-90.51372611832137, 14.6481840892531], [-90.51372787232454, 14.648173154912119]]]}}, {"id": "2044", "type": "Feature", "properties": {"kind": "c", "value": 20.736073306992107, "building_uid": 2752}, "geometry": {"type": "MultiLineString", "coordinates": [[[-90.51376766767562, 14.647960757873859], [-90.51395789090695, 14.647988843713838]], [[-90.51376478293035, 14.647979278028926], [-90.51377055242016, 14.647942237718658]], [[-90.51395500617654, 14.64800736387368], [-90.51396077563663, 14.647970323553851]]]}}, {"id": "2045", "type": "Feature", "properties": {"kind": "c", "value": 7.341909102340947, "building_uid": 2753}, "geometry": {"type": "MultiLineString", "coordinates": [[[-90.51391495316513, 14.6478088986195], [-90.51398238316669, 14.647818323460703]], [[-90.51391398512571, 14.647815463617446], [-90.51391592120444, 14.647802333621533]], [[-90.51398141512917, 14.647824888459244], [-90.51398335120413, 14.647811758462153]]]}}, {"id": "2046", "type": "Feature", "properties": {"kind": "c", "value": 6.063654353100272, "building_uid": 2755}, "geometry": {"type": "MultiLineString", "coordinates": [[[-90.51394145826094, 14.647631933811466], [-90.51393366647834, 14.647686181912565]], [[-90.51393588636839, 14.647631175201568], [-90.51394703015357, 14.647632692421244]], [[-90.5139280945845, 14.647685423302269], [-90.51393923837225, 14.647686940522734]]]}}, {"id": "2047", "type": "Feature", "properties": {"kind": "c", "value": 8.336506008552275, "building_uid": 2759}, "geometry": {"type": "MultiLineString", "coordinates": [[[-90.51402484318224, 14.64752270691477], [-90.51394834331384, 14.647511575551173]], [[-90.51402598649709, 14.647515258861901], [-90.51402369986725, 14.647530154967615]], [[-90.5139494866311, 14.647504127499076], [-90.51394719999645, 14.64751902360325]]]}}, {"id": "2048", "type": "Feature", "properties": {"kind": "c", "value": 7.040837655049298, "building_uid": 2763}, "geometry": {"type": "MultiLineString", "coordinates": [[[-90.51398225084544, 14.64735999236676], [-90.51404696466976, 14.647368691446008]], [[-90.51398135735197, 14.647366292930256], [-90.51398314433884, 14.647353691803247]], [[-90.51404607117803, 14.64737499201004], [-90.51404785816143, 14.647362390881971]]]}}, {"id": "2049", "type": "Feature", "properties": {"kind": "c", "value": 7.395241701583304, "building_uid": 764}, "geometry": {"type": "MultiLineString", "coordinates": [[[-90.51445203222934, 14.645273646011653], [-90.5145200977984, 14.645282086287454]], [[-90.51445116532614, 14.6452802729662], [-90.51445289913246, 14.645267019057094]], [[-90.51451923089712, 14.645288713242563], [-90.51452096469959, 14.645275459332325]]]}}, {"id": "2050", "type": "Feature", "properties": {"kind": "c", "value": 6.887521962381315, "building_uid": 2764}, "geometry": {"type": "MultiLineString", "coordinates": [[[-90.51401336524715, 14.647049837734983], [-90.51395013153666, 14.647040842508588]], [[-90.5140142891551, 14.647043681266345], [-90.51401244133912, 14.647055994203603]], [[-90.51395105544627, 14.647034686040474], [-90.513949207627, 14.647046998976693]]]}}, {"id": "2051", "type": "Feature", "properties": {"kind": "c", "value": 4.558592391469436, "building_uid": 2765}, "geometry": {"type": "MultiLineString", "coordinates": [[[-90.51393865157577, 14.647024620123295], [-90.51393255143543, 14.647065369588407]], [[-90.5139344661573, 14.647024026210397], [-90.51394283699427, 14.647025214036118]], [[-90.51392836601623, 14.647064775675284], [-90.51393673685465, 14.647065963501456]]]}}, {"id": "2052", "type": "Feature", "properties": {"kind": "c", "value": 6.321640948315377, "building_uid": 2771}, "geometry": {"type": "MultiLineString", "coordinates": [[[-90.51360268337771, 14.647059237857777], [-90.51354462359768, 14.647051125467145]], [[-90.51360351660888, 14.64705358512612], [-90.51360185014647, 14.647064890589421]], [[-90.51354545683023, 14.647045472735922], [-90.51354379036505, 14.64705677819836]]]}}, {"id": "2053", "type": "Feature", "properties": {"kind": "c", "value": 9.3463883968923, "building_uid": 2774}, "geometry": {"type": "MultiLineString", "coordinates": [[[-90.51333286789567, 14.64731047853013], [-90.51324713208304, 14.647297797736796]], [[-90.51333417035278, 14.647302131254362], [-90.5133315654384, 14.647318825805863]], [[-90.51324843454316, 14.647289450462], [-90.51324582962276, 14.647306145011566]]]}}, {"id": "2054", "type": "Feature", "properties": {"kind": "c", "value": 9.680471048586103, "building_uid": 2779}, "geometry": {"type": "MultiLineString", "coordinates": [[[-90.51331854743304, 14.647773400917536], [-90.51340725724228, 14.647787104206841]], [[-90.51331713994784, 14.647782037722836], [-90.51331995491809, 14.647764764112203]], [[-90.51340584976029, 14.647795741013203], [-90.5134086647241, 14.647778467400446]]]}}, {"id": "2055", "type": "Feature", "properties": {"kind": "c", "value": 3.437277957696864, "building_uid": 2780}, "geometry": {"type": "MultiLineString", "coordinates": [[[-90.51331198411367, 14.647996507113405], [-90.51330717932542, 14.648027203310049]], [[-90.51330883126235, 14.647996039318748], [-90.51331513696502, 14.647996974908024]], [[-90.51330402647369, 14.648026735515266], [-90.51331033217718, 14.648027671104801]]]}}, {"id": "2056", "type": "Feature", "properties": {"kind": "c", "value": 14.09137157887132, "building_uid": 2786}, "geometry": {"type": "MultiLineString", "coordinates": [[[-90.51262947199633, 14.64806736103592], [-90.51264773196816, 14.647941314452131]], [[-90.51264241842966, 14.648069138829536], [-90.51261652556333, 14.648065583241612]], [[-90.51266067839455, 14.647943092243606], [-90.51263478554209, 14.647939536659964]]]}}, {"id": "2057", "type": "Feature", "properties": {"kind": "c", "value": 5.8565031564109535, "building_uid": 2789}, "geometry": {"type": "MultiLineString", "coordinates": [[[-90.5129527288029, 14.646925995570578], [-90.51296019407545, 14.646873592593236]], [[-90.5129581111628, 14.646926722394175], [-90.51294734644303, 14.646925268746857]], [[-90.51296557643415, 14.646874319416467], [-90.51295481171677, 14.646872865769886]]]}}, {"id": "2058", "type": "Feature", "properties": {"kind": "c", "value": 4.93360597865701, "building_uid": 2790}, "geometry": {"type": "MultiLineString", "coordinates": [[[-90.51304540207238, 14.647096080967929], [-90.5130000803367, 14.647089818576106]], [[-90.51304604528868, 14.647091668419979], [-90.51304475885603, 14.647100493515863]], [[-90.51300072355386, 14.647085406028426], [-90.5129994371195, 14.64709423112379]]]}}, {"id": "2059", "type": "Feature", "properties": {"kind": "c", "value": 3.290707400965732, "building_uid": 2850}, "geometry": {"type": "MultiLineString", "coordinates": [[[-90.51217566484598, 14.647162046587086], [-90.51220616309998, 14.6471634529141]], [[-90.51217552040043, 14.647165015911995], [-90.51217580929153, 14.647159077262183]], [[-90.51220601865482, 14.647166422239087], [-90.51220630754513, 14.647160483589106]]]}}, {"id": "2060", "type": "Feature", "properties": {"kind": "c", "value": 6.999333746534523, "building_uid": 2792}, "geometry": {"type": "MultiLineString", "coordinates": [[[-90.5131149044122, 14.646973081365209], [-90.51317856539156, 14.646985580198198]], [[-90.51311362064394, 14.646979279434282], [-90.51311618818035, 14.646966883296123]], [[-90.5131772816249, 14.646991778267875], [-90.51317984915812, 14.646979382128485]]]}}, {"id": "2061", "type": "Feature", "properties": {"kind": "c", "value": 8.548528683771222, "building_uid": 2794}, "geometry": {"type": "MultiLineString", "coordinates": [[[-90.51312160931516, 14.64737596407069], [-90.51304298824164, 14.647365759493372]], [[-90.51312265743786, 14.647368309491412], [-90.51312056119234, 14.64738361864994]], [[-90.5130440363669, 14.64735810491487], [-90.51304194011624, 14.647373414071858]]]}}, {"id": "2062", "type": "Feature", "properties": {"kind": "c", "value": 13.917866839586972, "building_uid": 2798}, "geometry": {"type": "MultiLineString", "coordinates": [[[-90.51239992798318, 14.647911481476774], [-90.51252767212956, 14.647929889415202]], [[-90.512398037274, 14.647923918664809], [-90.51240181869203, 14.647899044288678]], [[-90.5125257814271, 14.647942326605369], [-90.51252956283169, 14.647917452224972]]]}}, {"id": "2063", "type": "Feature", "properties": {"kind": "c", "value": 3.763417675837564, "building_uid": 2801}, "geometry": {"type": "MultiLineString", "coordinates": [[[-90.51278065171338, 14.647888950130074], [-90.51277641849704, 14.647922696144642]], [[-90.5127771856125, 14.64788853798352], [-90.51278411781426, 14.647889362276578]], [[-90.51277295239568, 14.647922283997946], [-90.51277988459844, 14.647923108291291]]]}}, {"id": "2064", "type": "Feature", "properties": {"kind": "c", "value": 6.844133230659047, "building_uid": 2806}, "geometry": {"type": "MultiLineString", "coordinates": [[[-90.5124723586934, 14.647858828880624], [-90.51240954031287, 14.647849776830741]], [[-90.51247328844124, 14.647852712871595], [-90.51247142894549, 14.647864944889639]], [[-90.51241047006233, 14.647843660822227], [-90.51240861056333, 14.64785589283924]]]}}, {"id": "2065", "type": "Feature", "properties": {"kind": "c", "value": 7.048971013160063, "building_uid": 2807}, "geometry": {"type": "MultiLineString", "coordinates": [[[-90.51250392208631, 14.647668554453317], [-90.51243924106376, 14.64765911778526]], [[-90.51250489133791, 14.647662257091563], [-90.51250295283462, 14.647674851815047]], [[-90.5124402103171, 14.647652820424065], [-90.51243827181035, 14.647665415146447]]]}}, {"id": "2066", "type": "Feature", "properties": {"kind": "c", "value": 8.540329272421621, "building_uid": 2812}, "geometry": {"type": "MultiLineString", "coordinates": [[[-90.51256961366843, 14.647295139571714], [-90.51249188944034, 14.647280119483074]], [[-90.51257115639741, 14.64728757230668], [-90.51256807093931, 14.647302706836712]], [[-90.51249343217171, 14.647272552218956], [-90.51249034670882, 14.647287686747157]]]}}, {"id": "2067", "type": "Feature", "properties": {"kind": "c", "value": 9.441931718731226, "building_uid": 2813}, "geometry": {"type": "MultiLineString", "coordinates": [[[-90.51260223808808, 14.647280383265237], [-90.51268908914362, 14.647291556104152]], [[-90.51260109051157, 14.647288839121261], [-90.51260338566446, 14.647271927409182]], [[-90.51268794157023, 14.647300011961109], [-90.51269023671686, 14.647283100247167]]]}}, {"id": "2068", "type": "Feature", "properties": {"kind": "c", "value": 6.963077160979421, "building_uid": 2816}, "geometry": {"type": "MultiLineString", "coordinates": [[[-90.51261465058472, 14.647460015374355], [-90.51255120398456, 14.647448151412968]], [[-90.51261586914566, 14.64745383819028], [-90.51261343202368, 14.647466192558399]], [[-90.5125524225471, 14.647441974229494], [-90.51254998542191, 14.647454328596416]]]}}, {"id": "2069", "type": "Feature", "properties": {"kind": "c", "value": 11.441179042771731, "building_uid": 2820}, "geometry": {"type": "MultiLineString", "coordinates": [[[-90.51197312293104, 14.648068325392513], [-90.51198830031332, 14.647966033557362]], [[-90.51198362947864, 14.648069803064539], [-90.51196261638367, 14.648066847720031]], [[-90.51199880685635, 14.64796751122796], [-90.5119777937705, 14.647964555886311]]]}}, {"id": "2070", "type": "Feature", "properties": {"kind": "c", "value": 4.913993960141568, "building_uid": 2822}, "geometry": {"type": "MultiLineString", "coordinates": [[[-90.51187980526535, 14.64784139968804], [-90.511924941646, 14.647847673502987]], [[-90.51187916087265, 14.6478457941742], [-90.51188044965802, 14.647837005201879]], [[-90.51192429725413, 14.647852067989405], [-90.51192558603783, 14.647843279016554]]]}}, {"id": "2071", "type": "Feature", "properties": {"kind": "c", "value": 4.505539888405662, "building_uid": 2832}, "geometry": {"type": "MultiLineString", "coordinates": [[[-90.5121461008812, 14.647882409700895], [-90.51218748189454, 14.647888186668347]], [[-90.51214550752034, 14.647886438563074], [-90.51214669424202, 14.64787838083872]], [[-90.5121868885344, 14.647892215530742], [-90.51218807525467, 14.647884157805946]]]}}, {"id": "2072", "type": "Feature", "properties": {"kind": "c", "value": 6.507949773691995, "building_uid": 2833}, "geometry": {"type": "MultiLineString", "coordinates": [[[-90.5122774758716, 14.647675814841936], [-90.51233708025539, 14.647685227694168]], [[-90.51227650906442, 14.647681617939824], [-90.51227844267872, 14.64767001174405]], [[-90.51233611344965, 14.64769103079252], [-90.51233804706105, 14.647679424595788]]]}}, {"id": "2073", "type": "Feature", "properties": {"kind": "c", "value": 8.785899089244143, "building_uid": 2835}, "geometry": {"type": "MultiLineString", "coordinates": [[[-90.51205468593238, 14.64697734907262], [-90.51213520874013, 14.64698971813971]], [[-90.51205341549193, 14.64698518881867], [-90.51205595637268, 14.646969509326544]], [[-90.51213393830234, 14.646997557886628], [-90.5121364791778, 14.646981878392765]]]}}, {"id": "2074", "type": "Feature", "properties": {"kind": "c", "value": 6.002342611467804, "building_uid": 2836}, "geometry": {"type": "MultiLineString", "coordinates": [[[-90.5124288965765, 14.64678926773629], [-90.51242021729392, 14.646842827272337]], [[-90.51242339542875, 14.646788422715874], [-90.5124343977243, 14.646790112756578]], [[-90.51241471614495, 14.64684198225151], [-90.51242571844297, 14.646843672293034]]]}}, {"id": "2075", "type": "Feature", "properties": {"kind": "c", "value": 8.350036713974255, "building_uid": 2838}, "geometry": {"type": "MultiLineString", "coordinates": [[[-90.51231799820607, 14.64685919907482], [-90.5122415006461, 14.646847256741275]], [[-90.51231922481291, 14.646851751223847], [-90.51231677159912, 14.646866646925762]], [[-90.51224272725531, 14.646839808891102], [-90.51224027403676, 14.646854704591435]]]}}, {"id": "2076", "type": "Feature", "properties": {"kind": "c", "value": 7.698856821390354, "building_uid": 2841}, "geometry": {"type": "MultiLineString", "coordinates": [[[-90.51184109869729, 14.646790465676077], [-90.51191181446023, 14.646800295046097]], [[-90.51184008911282, 14.646797350608749], [-90.51184210828167, 14.646783580743383]], [[-90.51191080487783, 14.64680717997941], [-90.51191282404253, 14.646793410112759]]]}}, {"id": "2077", "type": "Feature", "properties": {"kind": "c", "value": 3.9206099561515115, "building_uid": 2842}, "geometry": {"type": "MultiLineString", "coordinates": [[[-90.51192560868618, 14.646849632127063], [-90.51192112772362, 14.646884779137121]], [[-90.51192199870442, 14.646849195857811], [-90.51192921866797, 14.646850068396258]], [[-90.51191751774132, 14.64688434286771], [-90.51192473770597, 14.646885215406476]]]}}, {"id": "2078", "type": "Feature", "properties": {"kind": "c", "value": 9.196258545877528, "building_uid": 2843}, "geometry": {"type": "MultiLineString", "coordinates": [[[-90.51197484398978, 14.646932516782142], [-90.51205923869028, 14.646944759179991]], [[-90.51197358655978, 14.646940733499553], [-90.51197610141963, 14.646924300064704]], [[-90.5120579812632, 14.64695297589833], [-90.51206049611721, 14.64693654246162]]]}}, {"id": "2079", "type": "Feature", "properties": {"kind": "c", "value": 13.41307055388983, "building_uid": 2844}, "geometry": {"type": "MultiLineString", "coordinates": [[[-90.51201322578898, 14.64707286092717], [-90.51213602388816, 14.647092546357891]], [[-90.51201120387486, 14.647084816613615], [-90.51201524770276, 14.647060905240659]], [[-90.51213400198017, 14.647104502046407], [-90.51213804579581, 14.64708059066931]]]}}, {"id": "2080", "type": "Feature", "properties": {"kind": "c", "value": 4.579280957321794, "building_uid": 2845}, "geometry": {"type": "MultiLineString", "coordinates": [[[-90.51181759432272, 14.647243202166583], [-90.5117758113821, 14.647235695723507]], [[-90.51181836531742, 14.64723913416033], [-90.51181682332799, 14.647247270172837]], [[-90.51177658237748, 14.6472316277175], [-90.51177504038667, 14.6472397637295]]]}}, {"id": "2081", "type": "Feature", "properties": {"kind": "c", "value": 6.848625839247288, "building_uid": 2847}, "geometry": {"type": "MultiLineString", "coordinates": [[[-90.51196991597352, 14.647386277407547], [-90.51198160811244, 14.647325466806048]], [[-90.5119761619018, 14.647387415759106], [-90.51196367004532, 14.647385139055825]], [[-90.51198785403916, 14.647326605157044], [-90.5119753621858, 14.647324328454895]]]}}, {"id": "2082", "type": "Feature", "properties": {"kind": "c", "value": 6.224527953944319, "building_uid": 2848}, "geometry": {"type": "MultiLineString", "coordinates": [[[-90.5120343355364, 14.64750253417516], [-90.51197779831327, 14.647491054566578]], [[-90.51203551462041, 14.647497029691657], [-90.5120331564523, 14.647508038658648]], [[-90.51197897739854, 14.64748555008357], [-90.51197661922791, 14.647496559049564]]]}}, {"id": "2083", "type": "Feature", "properties": {"kind": "c", "value": 7.051433910252238, "building_uid": 2849}, "geometry": {"type": "MultiLineString", "coordinates": [[[-90.51174123853991, 14.647471465752032], [-90.51180573789856, 14.647482148387253]], [[-90.51174014131254, 14.647477745431775], [-90.51174233576718, 14.647465186072267]], [[-90.51180464067288, 14.64748842806758], [-90.51180683512413, 14.64747586870691]]]}}, {"id": "2084", "type": "Feature", "properties": {"kind": "c", "value": 3.883035170721043, "building_uid": 2853}, "geometry": {"type": "MultiLineString", "coordinates": [[[-90.51221314749147, 14.647438283648576], [-90.51217731271356, 14.647434652590778]], [[-90.51221352044146, 14.647434794761379], [-90.51221277454141, 14.647441772535764]], [[-90.51217768566411, 14.647431163703724], [-90.51217693976298, 14.647438141477823]]]}}, {"id": "2085", "type": "Feature", "properties": {"kind": "c", "value": 5.222169012834645, "building_uid": 2854}, "geometry": {"type": "MultiLineString", "coordinates": [[[-90.51222594056763, 14.64735641884873], [-90.5122742842798, 14.647359590194986]], [[-90.51222561483446, 14.647361125611875], [-90.51222626630079, 14.647351712085591]], [[-90.51227395854762, 14.647364296958347], [-90.51227461001194, 14.647354883431616]]]}}, {"id": "2086", "type": "Feature", "properties": {"kind": "c", "value": 5.677723937538176, "building_uid": 2855}, "geometry": {"type": "MultiLineString", "coordinates": [[[-90.51178934783113, 14.64741284704225], [-90.51184112851466, 14.64742228436617]], [[-90.5117883785118, 14.647417888428832], [-90.51179031715041, 14.647407805655657]], [[-90.5118401591964, 14.647427325753144], [-90.51184209783285, 14.647417242979188]]]}}, {"id": "2087", "type": "Feature", "properties": {"kind": "c", "value": 4.665119632105784, "building_uid": 2856}, "geometry": {"type": "MultiLineString", "coordinates": [[[-90.51187618679863, 14.647697501244558], [-90.51188230441737, 14.647655782023342]], [[-90.511880471835, 14.64769809685758], [-90.51187190176229, 14.647696905631461]], [[-90.51188658945298, 14.647656377636132], [-90.51187801938178, 14.647655186410482]]]}}, {"id": "2088", "type": "Feature", "properties": {"kind": "c", "value": 22.542117081259352, "building_uid": 2860}, "geometry": {"type": "MultiLineString", "coordinates": [[[-90.51232564324401, 14.646567791325257], [-90.51253237182485, 14.64659871209185]], [[-90.51232246733832, 14.646587918572116], [-90.51232881914882, 14.64654766407824]], [[-90.51252919593666, 14.646618839344383], [-90.51253554771215, 14.646578584839158]]]}}, {"id": "2089", "type": "Feature", "properties": {"kind": "c", "value": 5.020256542635704, "building_uid": 2863}, "geometry": {"type": "MultiLineString", "coordinates": [[[-90.51464216373947, 14.645999061947556], [-90.5146499599953, 14.645954351227141]], [[-90.51464675600064, 14.645999820999101], [-90.51463757147832, 14.645998302895915]], [[-90.51465455225564, 14.645955110278402], [-90.51464536773503, 14.645953592175802]]]}}, {"id": "2090", "type": "Feature", "properties": {"kind": "c", "value": 8.259984045323968, "building_uid": 2869}, "geometry": {"type": "MultiLineString", "coordinates": [[[-90.5151200050391, 14.645618561899465], [-90.51511009836854, 14.645692552431763]], [[-90.51511240544659, 14.645617597374686], [-90.51512760463172, 14.645619526424003]], [[-90.5151024987736, 14.645691587906276], [-90.51511769796356, 14.645693516957019]]]}}, {"id": "2091", "type": "Feature", "properties": {"kind": "c", "value": 3.3900390556556586, "building_uid": 2872}, "geometry": {"type": "MultiLineString", "coordinates": [[[-90.51379959050654, 14.644796781269452], [-90.51383085376519, 14.644800146759367]], [[-90.51379924483703, 14.644799825108807], [-90.51379993617601, 14.644793737430092]], [[-90.51383050809608, 14.644803190598832], [-90.51383119943425, 14.64479710291989]]]}}, {"id": "2092", "type": "Feature", "properties": {"kind": "c", "value": 4.796976574203062, "building_uid": 2875}, "geometry": {"type": "MultiLineString", "coordinates": [[[-90.51385992640532, 14.644727469143456], [-90.51385337632881, 14.644770330756964]], [[-90.51385552409266, 14.644726831417778], [-90.513864328718, 14.644728106869053]], [[-90.51384897401536, 14.644769693031035], [-90.51385777864229, 14.644770968482824]]]}}, {"id": "2093", "type": "Feature", "properties": {"kind": "c", "value": 5.82003284132309, "building_uid": 2876}, "geometry": {"type": "MultiLineString", "coordinates": [[[-90.51431416387231, 14.644793270812944], [-90.51430730535803, 14.644845420261868]], [[-90.51430880760525, 14.644792603057525], [-90.51431952013941, 14.644793938568244]], [[-90.51430194908978, 14.644844752506094], [-90.51431266162633, 14.64484608801752]]]}}, {"id": "2094", "type": "Feature", "properties": {"kind": "c", "value": 5.736533205647887, "building_uid": 2878}, "geometry": {"type": "MultiLineString", "coordinates": [[[-90.51420979999541, 14.644830480864686], [-90.51422020606778, 14.644779659988037]], [[-90.51421501980572, 14.644831494016172], [-90.51420458018517, 14.644829467713087]], [[-90.51422542587699, 14.64478067313911], [-90.51421498625861, 14.644778646836857]]]}}, {"id": "2095", "type": "Feature", "properties": {"kind": "c", "value": 6.903966190950589, "building_uid": 2888}, "geometry": {"type": "MultiLineString", "coordinates": [[[-90.51308196181958, 14.645751055352596], [-90.51309048925943, 14.645689243564588]], [[-90.51308831053299, 14.645751885594015], [-90.51307561310627, 14.645750225111009]], [[-90.51309683797115, 14.6456900738055], [-90.51308414054778, 14.645688413323507]]]}}, {"id": "2096", "type": "Feature", "properties": {"kind": "c", "value": 4.0395803560370425, "building_uid": 2890}, "geometry": {"type": "MultiLineString", "coordinates": [[[-90.5129755606188, 14.645595195344672], [-90.51301269449574, 14.645600146902646]], [[-90.51297505204236, 14.645598810743165], [-90.5129760691952, 14.645591579946174]], [[-90.51301218591988, 14.645603762301315], [-90.51301320307157, 14.645596531503967]]]}}, {"id": "2097", "type": "Feature", "properties": {"kind": "c", "value": 4.979901670711541, "building_uid": 2893}, "geometry": {"type": "MultiLineString", "coordinates": [[[-90.5124771036296, 14.645102855497639], [-90.51248467168865, 14.645058477193801]], [[-90.51248166172925, 14.64510359233477], [-90.51247254553, 14.645102118660434]], [[-90.51248922978746, 14.64505921403064], [-90.5124801135899, 14.645057740356881]]]}}, {"id": "2098", "type": "Feature", "properties": {"kind": "c", "value": 5.78472050364959, "building_uid": 2894}, "geometry": {"type": "MultiLineString", "coordinates": [[[-90.512400573528, 14.645481676673697], [-90.5123931320444, 14.645533428143843]], [[-90.5123952581204, 14.645480952161797], [-90.51240588893562, 14.645482401185488]], [[-90.51238781663565, 14.645532703631577], [-90.51239844745321, 14.645534152655987]]]}}, {"id": "2099", "type": "Feature", "properties": {"kind": "c", "value": 27.47765010571177, "building_uid": 3049}, "geometry": {"type": "MultiLineString", "coordinates": [[[-90.51403751849476, 14.645581315585869], [-90.51429048688402, 14.645612177794286]], [[-90.51403434861334, 14.645605944886322], [-90.51404068837502, 14.645556686285216]], [[-90.51428731702929, 14.645636807102512], [-90.51429365673758, 14.645587548485864]]]}}, {"id": "2100", "type": "Feature", "properties": {"kind": "c", "value": 3.5208931496385194, "building_uid": 3240}, "geometry": {"type": "MultiLineString", "coordinates": [[[-90.51417878757913, 14.64316284784776], [-90.51417381230172, 14.643194282776879]], [[-90.51417555892358, 14.643162363443444], [-90.5141820162347, 14.643163332252023]], [[-90.51417058364576, 14.643193798372424], [-90.51417704095773, 14.643194767181281]]]}}, {"id": "2101", "type": "Feature", "properties": {"kind": "c", "value": 2.939112893127095, "building_uid": 12789}, "geometry": {"type": "MultiLineString", "coordinates": [[[-90.51433037219124, 14.644465091365019], [-90.51430340720465, 14.64446113196015]], [[-90.51433077886072, 14.644462466007935], [-90.51432996552175, 14.644467716722104]], [[-90.51430381387442, 14.644458506603163], [-90.51430300053485, 14.644463757317139]]]}}, {"id": "2102", "type": "Feature", "properties": {"kind": "c", "value": 9.484076668060618, "building_uid": 12849}, "geometry": {"type": "MultiLineString", "coordinates": [[[-90.51251300409666, 14.644317157725613], [-90.5124986821717, 14.644401689600814]], [[-90.51250432185142, 14.644315763318296], [-90.51252168634208, 14.644318552132635]], [[-90.51248999992337, 14.644400295192456], [-90.51250736442017, 14.64440308400886]]]}}, {"id": "2103", "type": "Feature", "properties": {"kind": "c", "value": 8.717681349402392, "building_uid": 12850}, "geometry": {"type": "MultiLineString", "coordinates": [[[-90.51216106397182, 14.645446852981017], [-90.51214869545375, 14.645524677821491]], [[-90.51215307056255, 14.645445648767009], [-90.51216905738123, 14.645448057194768]], [[-90.51214070204185, 14.64552347360663], [-90.51215668886577, 14.645525882036091]]]}}, {"id": "2104", "type": "Feature", "properties": {"kind": "c", "value": 3.4899230938254977, "building_uid": 12851}, "geometry": {"type": "MultiLineString", "coordinates": [[[-90.51210797770622, 14.64549449581026], [-90.51211227215632, 14.645463248152923]], [[-90.51211118716178, 14.645494913923315], [-90.5121047682507, 14.645494077697155]], [[-90.51211548161143, 14.645463666265853], [-90.5121090627012, 14.64546283003995]]]}}, {"id": "2105", "type": "Feature", "properties": {"kind": "c", "value": 8.584615921750757, "building_uid": 756}, "geometry": {"type": "MultiLineString", "coordinates": [[[-90.51464905600298, 14.643798257433337], [-90.51472769020125, 14.643810604727939]], [[-90.5146477878175, 14.6438059134157], [-90.51465032418835, 14.643790601450938]], [[-90.51472642201827, 14.643818260711146], [-90.51472895838408, 14.643802948744701]]]}}, {"id": "2106", "type": "Feature", "properties": {"kind": "c", "value": 22.1889763676179, "building_uid": 12916}, "geometry": {"type": "MultiLineString", "coordinates": [[[-90.51518431777012, 14.645539725333656], [-90.51498016743624, 14.645513821833474]], [[-90.51518697831716, 14.645519849004314], [-90.51518165722231, 14.645559601662853]], [[-90.51498282800061, 14.64549394550928], [-90.51497750687109, 14.645533698157529]]]}}, {"id": "2107", "type": "Feature", "properties": {"kind": "c", "value": 8.04281640824649, "building_uid": 12952}, "geometry": {"type": "MultiLineString", "coordinates": [[[-90.51485280853275, 14.646217261415682], [-90.51486296011448, 14.646145282072174]], [[-90.51486020157576, 14.646218249783367], [-90.51484541548987, 14.646216273047777]], [[-90.51487035315522, 14.646146270439171], [-90.51485556707387, 14.64614429370496]]]}}, {"id": "2108", "type": "Feature", "properties": {"kind": "c", "value": 18.504771429451406, "building_uid": 48}, "geometry": {"type": "MultiLineString", "coordinates": [[[-90.51368316200731, 14.64421086343671], [-90.51385342114718, 14.644232416515491]], [[-90.51368094829131, 14.6442274401733], [-90.51368537572274, 14.644194286700031]], [[-90.51385120744325, 14.644248993255658], [-90.51385563485059, 14.644215839775235]]]}}, {"id": "2109", "type": "Feature", "properties": {"kind": "c", "value": 8.532115768950545, "building_uid": 181}, "geometry": {"type": "MultiLineString", "coordinates": [[[-90.51467530509811, 14.64463534550813], [-90.51475380305676, 14.644645318538716]], [[-90.51467428076808, 14.644642988196487], [-90.51467632942803, 14.644627702819763]], [[-90.51475277872929, 14.64465296122783], [-90.51475482738412, 14.644637675849586]]]}}, {"id": "2110", "type": "Feature", "properties": {"kind": "c", "value": 7.764350366903056, "building_uid": 190}, "geometry": {"type": "MultiLineString", "coordinates": [[[-90.51293207101202, 14.644303495030297], [-90.5130034229606, 14.64431316380114]], [[-90.51293107793421, 14.644310441982215], [-90.51293306408971, 14.64429654807837]], [[-90.51300242988489, 14.644320110753698], [-90.51300441603618, 14.64430621684856]]]}}, {"id": "2111", "type": "Feature", "properties": {"kind": "c", "value": 5.817710351649931, "building_uid": 765}, "geometry": {"type": "MultiLineString", "coordinates": [[[-90.51470306871403, 14.645336755038098], [-90.51464959802561, 14.645329562589621]], [[-90.51470380745126, 14.645331549061499], [-90.51470232997677, 14.645341961014685]], [[-90.514650336764, 14.645324356613392], [-90.51464885928716, 14.645334768565847]]]}}, {"id": "2112", "type": "Feature", "properties": {"kind": "c", "value": 4.283766811427337, "building_uid": 920}, "geometry": {"type": "MultiLineString", "coordinates": [[[-90.5137521736696, 14.646169385482377], [-90.51379145683688, 14.646175275655377]], [[-90.51375156868608, 14.646173210128183], [-90.5137527786531, 14.64616556083657]], [[-90.513790851854, 14.646179100301376], [-90.51379206181976, 14.64617145100936]]]}}, {"id": "2113", "type": "Feature", "properties": {"kind": "c", "value": 3.2164462567003587, "building_uid": 1298}, "geometry": {"type": "MultiLineString", "coordinates": [[[-90.51370535800184, 14.64437428577821], [-90.5136757261578, 14.644370834894243]], [[-90.51370571244107, 14.644371400770126], [-90.5137050035626, 14.64437717078629]], [[-90.51367608059739, 14.644367949886266], [-90.51367537171821, 14.644373719902218]]]}}, {"id": "2114", "type": "Feature", "properties": {"kind": "c", "value": 12.035724600544356, "building_uid": 1301}, "geometry": {"type": "MultiLineString", "coordinates": [[[-90.51493473642314, 14.644555547866903], [-90.51504533369763, 14.644570588449303]], [[-90.51493319160475, 14.644566315800207], [-90.51493628124132, 14.644544779933558]], [[-90.51504378888428, 14.644581356384169], [-90.51504687851074, 14.644559820514406]]]}}, {"id": "2115", "type": "Feature", "properties": {"kind": "c", "value": 3.6335047501501845, "building_uid": 1547}, "geometry": {"type": "MultiLineString", "coordinates": [[[-90.51449298086251, 14.64560505371342], [-90.51452637085823, 14.645609585491208]], [[-90.51449251540187, 14.64560830460304], [-90.51449344632313, 14.645601802823792]], [[-90.51452590539807, 14.645612836380971], [-90.5145268363184, 14.645606334601442]]]}}, {"id": "2116", "type": "Feature", "properties": {"kind": "c", "value": 6.796707356903121, "building_uid": 1548}, "geometry": {"type": "MultiLineString", "coordinates": [[[-90.51446255815834, 14.645679023646176], [-90.51440018539847, 14.645669970096181]], [[-90.51446348805091, 14.645672950961723], [-90.51446162826569, 14.645685096330618]], [[-90.51440111529264, 14.645663897412232], [-90.51439925550422, 14.645676042780112]]]}}, {"id": "2117", "type": "Feature", "properties": {"kind": "c", "value": 6.762651325911165, "building_uid": 1550}, "geometry": {"type": "MultiLineString", "coordinates": [[[-90.51408222538791, 14.645600077260093], [-90.51407639745456, 14.64566090353241]], [[-90.51407597790153, 14.64559950984576], [-90.51408847287436, 14.64560064467426]], [[-90.51407014996651, 14.645660336117658], [-90.51408264494266, 14.645661470947001]]]}}, {"id": "2118", "type": "Feature", "properties": {"kind": "c", "value": 2.821148611742338, "building_uid": 1555}, "geometry": {"type": "MultiLineString", "coordinates": [[[-90.51303979148751, 14.645157055253069], [-90.51301388363026, 14.64515342036437]], [[-90.51304016482722, 14.645154532827966], [-90.5130394181478, 14.645159577678172]], [[-90.51301425697024, 14.645150897939347], [-90.51301351029028, 14.645155942789383]]]}}, {"id": "2119", "type": "Feature", "properties": {"kind": "c", "value": 7.684820026865722, "building_uid": 2606}, "geometry": {"type": "MultiLineString", "coordinates": [[[-90.5126362664176, 14.64421738794027], [-90.51264601450147, 14.644148619086453]], [[-90.51264332964398, 14.644218337031765], [-90.51262920319134, 14.644216438848568]], [[-90.51265307772577, 14.644149568177319], [-90.51263895127725, 14.644147669995386]]]}}, {"id": "2120", "type": "Feature", "properties": {"kind": "c", "value": 6.2569169307234915, "building_uid": 2709}, "geometry": {"type": "MultiLineString", "coordinates": [[[-90.51438754765262, 14.647343792518337], [-90.51433006328962, 14.647335892605295]], [[-90.51438835906109, 14.647338195816957], [-90.5143867362441, 14.64734938921971]], [[-90.51433087469945, 14.647330295904334], [-90.51432925187973, 14.647341489306239]]]}}, {"id": "2121", "type": "Feature", "properties": {"kind": "c", "value": 7.957945867456567, "building_uid": 2713}, "geometry": {"type": "MultiLineString", "coordinates": [[[-90.51412118984838, 14.64825381186832], [-90.51404801142253, 14.648244229504925]], [[-90.51412217406694, 14.64824668721633], [-90.51412020562972, 14.648260936520288]], [[-90.51404899564332, 14.64823710485361], [-90.51404702720164, 14.648251354156217]]]}}, {"id": "2122", "type": "Feature", "properties": {"kind": "c", "value": 13.824886218078783, "building_uid": 2714}, "geometry": {"type": "MultiLineString", "coordinates": [[[-90.51422564353976, 14.648262783315657], [-90.51420752643244, 14.648386418383385]], [[-90.51421294478513, 14.648261019435383], [-90.51423834229473, 14.648264547195275]], [[-90.51419482767115, 14.648384654501038], [-90.51422022519407, 14.648388182265068]]]}}, {"id": "2123", "type": "Feature", "properties": {"kind": "c", "value": 2.6227002973149154, "building_uid": 2715}, "geometry": {"type": "MultiLineString", "coordinates": [[[-90.51414479412473, 14.64826152706411], [-90.51412068041503, 14.64825834228602]], [[-90.51414512123823, 14.648259179353383], [-90.51414446701122, 14.64826387477484]], [[-90.51412100752877, 14.648255994575372], [-90.5141203533013, 14.64826068999667]]]}}, {"id": "2124", "type": "Feature", "properties": {"kind": "c", "value": 6.172628587994392, "building_uid": 2717}, "geometry": {"type": "MultiLineString", "coordinates": [[[-90.51412196934648, 14.648025093884714], [-90.51411431415704, 14.64808035391746]], [[-90.51411629350682, 14.64802434857492], [-90.51412764518622, 14.64802583919437]], [[-90.51410863831603, 14.648079608607265], [-90.51411998999811, 14.648081099227527]]]}}, {"id": "2125", "type": "Feature", "properties": {"kind": "c", "value": 11.67703450600369, "building_uid": 2718}, "geometry": {"type": "MultiLineString", "coordinates": [[[-90.51456132062695, 14.64789610795513], [-90.51445415385396, 14.64788059683364]], [[-90.5145629137937, 14.647885674179808], [-90.51455972746, 14.64790654173041]], [[-90.51445574702542, 14.647870163059823], [-90.51445256068227, 14.647891030607415]]]}}, {"id": "2126", "type": "Feature", "properties": {"kind": "c", "value": 17.885305119587965, "building_uid": 2722}, "geometry": {"type": "MultiLineString", "coordinates": [[[-90.5145205198882, 14.648205616488857], [-90.5145427006627, 14.64804549944065]], [[-90.5145369657604, 14.648207776011464], [-90.51450407401651, 14.648203456965142]], [[-90.51455914652368, 14.648047658959864], [-90.51452625480223, 14.648043339920317]]]}}, {"id": "2127", "type": "Feature", "properties": {"kind": "c", "value": 6.887672894843347, "building_uid": 2727}, "geometry": {"type": "MultiLineString", "coordinates": [[[-90.5144944092063, 14.647810223183052], [-90.5144312899826, 14.6478004853876]], [[-90.5144954093878, 14.647804077882473], [-90.51449340902472, 14.647816368483612]], [[-90.51443229016571, 14.647794340087556], [-90.51443028979939, 14.64780663068763]]]}}, {"id": "2128", "type": "Feature", "properties": {"kind": "c", "value": 6.258105937129728, "building_uid": 2733}, "geometry": {"type": "MultiLineString", "coordinates": [[[-90.51436228299633, 14.646761870251215], [-90.51441973689892, 14.646770051049105]], [[-90.51436144273866, 14.64676746400135], [-90.51436312325394, 14.646756276501074]], [[-90.51441889664262, 14.646775644799666], [-90.51442057715518, 14.646764457298529]]]}}, {"id": "2129", "type": "Feature", "properties": {"kind": "c", "value": 6.319199026855921, "building_uid": 2735}, "geometry": {"type": "MultiLineString", "coordinates": [[[-90.51442379214407, 14.646744145403776], [-90.51436575752713, 14.646736017935453]], [[-90.51442462692268, 14.646738495113787], [-90.5144229573654, 14.646749795693747]], [[-90.51436659230713, 14.646730367645901], [-90.51436492274708, 14.646741668224998]]]}}, {"id": "2130", "type": "Feature", "properties": {"kind": "c", "value": 6.745888483805626, "building_uid": 2737}, "geometry": {"type": "MultiLineString", "coordinates": [[[-90.51442738901623, 14.646719797972802], [-90.51448934215377, 14.646728475126753]], [[-90.51442649777745, 14.646725829772587], [-90.51442828025493, 14.646713766173]], [[-90.51448845091657, 14.646734506927034], [-90.5144902333909, 14.646722443326457]]]}}, {"id": "2131", "type": "Feature", "properties": {"kind": "c", "value": 17.278725472703215, "building_uid": 2739}, "geometry": {"type": "MultiLineString", "coordinates": [[[-90.5142590737834, 14.646652239215934], [-90.5144181318904, 14.646671773080817]], [[-90.5142570674384, 14.646667725225386], [-90.51426108012795, 14.646636753206401]], [[-90.51441612555594, 14.646687259093353], [-90.51442013822441, 14.646656287068202]]]}}, {"id": "2132", "type": "Feature", "properties": {"kind": "c", "value": 7.988731337936331, "building_uid": 2743}, "geometry": {"type": "MultiLineString", "coordinates": [[[-90.51351262278985, 14.64633900765991], [-90.51350066757331, 14.64641022889192]], [[-90.51350530760874, 14.64633784369019], [-90.51351993797107, 14.646340171629415]], [[-90.51349335239003, 14.64640906492147], [-90.5135079827567, 14.646411392862158]]]}}, {"id": "2133", "type": "Feature", "properties": {"kind": "c", "value": 7.09320396240228, "building_uid": 2756}, "geometry": {"type": "MultiLineString", "coordinates": [[[-90.51399411634057, 14.647736634491242], [-90.51392893685443, 14.647727760327811]], [[-90.51399502781685, 14.647730288600954], [-90.51399320486419, 14.647742980381514]], [[-90.5139298483325, 14.647721414438067], [-90.5139280253763, 14.647734106217541]]]}}, {"id": "2134", "type": "Feature", "properties": {"kind": "c", "value": 6.646666966796044, "building_uid": 2760}, "geometry": {"type": "MultiLineString", "coordinates": [[[-90.5137903054768, 14.647644491808316], [-90.51379925555005, 14.6475850848909]], [[-90.51379640723835, 14.647645363190176], [-90.51378420371533, 14.6476436204263]], [[-90.51380535731005, 14.647585956272279], [-90.51379315379012, 14.647584213509367]]]}}, {"id": "2135", "type": "Feature", "properties": {"kind": "c", "value": 4.642766646723086, "building_uid": 2784}, "geometry": {"type": "MultiLineString", "coordinates": [[[-90.51363514119095, 14.648178838369821], [-90.51364327766585, 14.648137652912927]], [[-90.51363937141306, 14.648179630537458], [-90.51363091096884, 14.648178046202107]], [[-90.51364750788728, 14.648138445080301], [-90.51363904744449, 14.64813686074549]]]}}, {"id": "2136", "type": "Feature", "properties": {"kind": "c", "value": 5.805923742613425, "building_uid": 2802}, "geometry": {"type": "MultiLineString", "coordinates": [[[-90.51281731702058, 14.648128535575188], [-90.5128099822837, 14.648180494852156]], [[-90.51281198020386, 14.648127821465009], [-90.51282265383735, 14.648129249685258]], [[-90.5128046454658, 14.648179780741609], [-90.51281531910165, 14.64818120896258]]]}}, {"id": "2137", "type": "Feature", "properties": {"kind": "c", "value": 9.515501858446285, "building_uid": 2873}, "geometry": {"type": "MultiLineString", "coordinates": [[[-90.51399243155372, 14.64483354226893], [-90.51400757175789, 14.644748857418413]], [[-90.5140011295316, 14.644835016343155], [-90.51398373357601, 14.644832068194402]], [[-90.51401626973269, 14.644750331491569], [-90.51399887378322, 14.644747383344953]]]}}, {"id": "2138", "type": "Feature", "properties": {"kind": "c", "value": 3.4758767075165635, "building_uid": 2880}, "geometry": {"type": "MultiLineString", "coordinates": [[[-90.51404922863803, 14.645166323158096], [-90.51405446557062, 14.645135340598456]], [[-90.51405241086049, 14.645166833033205], [-90.51404604641557, 14.645165813282945]], [[-90.51405764779268, 14.645135850473425], [-90.51405128334859, 14.645134830723439]]]}}, {"id": "2139", "type": "Feature", "properties": {"kind": "c", "value": 5.759864810491632, "building_uid": 2891}, "geometry": {"type": "MultiLineString", "coordinates": [[[-90.51237810195634, 14.645429353529588], [-90.51243112572828, 14.645435848862855]], [[-90.51237743481843, 14.645434515991077], [-90.5123787690942, 14.645424191068093]], [[-90.51243045859154, 14.645441011324683], [-90.51243179286496, 14.645430686401019]]]}}, {"id": "2140", "type": "Feature", "properties": {"kind": "c", "value": 3.500618255901573, "building_uid": 12745}, "geometry": {"type": "MultiLineString", "coordinates": [[[-90.51411143357278, 14.646237739596064], [-90.51410694011122, 14.646269058316447]], [[-90.51410821680726, 14.646237302108652], [-90.51411465033833, 14.646238177083431]], [[-90.51410372334527, 14.646268620828906], [-90.5141101568772, 14.646269495803947]]]}}, {"id": "2141", "type": "Feature", "properties": {"kind": "c", "value": 9.161212231983182, "building_uid": 12746}, "geometry": {"type": "MultiLineString", "coordinates": [[[-90.51430555825195, 14.646318281026128], [-90.51438983734822, 14.646329044132148]], [[-90.51430445276455, 14.646326486511574], [-90.51430666373919, 14.646310075540654]], [[-90.51438873186379, 14.646337249618474], [-90.5143909428325, 14.646320838645794]]]}}, {"id": "2142", "type": "Feature", "properties": {"kind": "c", "value": 8.506357099576464, "building_uid": 12782}, "geometry": {"type": "MultiLineString", "coordinates": [[[-90.51353670583242, 14.6443530026768], [-90.51345854684983, 14.644342327545354]], [[-90.51353780227102, 14.644345392980629], [-90.51353560939371, 14.644360612372942]], [[-90.51345964329094, 14.644334717849967], [-90.5134574504086, 14.64434993724072]]]}}, {"id": "2143", "type": "Feature", "properties": {"kind": "c", "value": 5.926026312247961, "building_uid": 12783}, "geometry": {"type": "MultiLineString", "coordinates": [[[-90.51321356831956, 14.64363704295328], [-90.51322149508208, 14.64358406950729]], [[-90.5132190091902, 14.643637814719556], [-90.51320812744895, 14.64363627118688]], [[-90.51322693595151, 14.64358484127318], [-90.5132160542127, 14.643583297741275]]]}}, {"id": "2144", "type": "Feature", "properties": {"kind": "c", "value": 8.887089516827812, "building_uid": 12784}, "geometry": {"type": "MultiLineString", "coordinates": [[[-90.51350669009811, 14.643487382583082], [-90.5134952349773, 14.643566885535504]], [[-90.51349852440343, 14.643486267288477], [-90.51351485579293, 14.64348849787742]], [[-90.51348706927986, 14.643565770240043], [-90.51350340067488, 14.643568000830689]]]}}, {"id": "2145", "type": "Feature", "properties": {"kind": "c", "value": 10.83923260870478, "building_uid": 12785}, "geometry": {"type": "MultiLineString", "coordinates": [[[-90.51341527987806, 14.643877066665414], [-90.51342523883335, 14.643779631853858]], [[-90.51342528735981, 14.643878036289454], [-90.51340527239647, 14.64387609704095]], [[-90.51343524631086, 14.643780601476788], [-90.513415231356, 14.643778662230508]]]}}, {"id": "2146", "type": "Feature", "properties": {"kind": "c", "value": 20.5501542704926, "building_uid": 12786}, "geometry": {"type": "MultiLineString", "coordinates": [[[-90.51336697333016, 14.644154040706033], [-90.51334048480344, 14.644337880148678]], [[-90.51334809124656, 14.644151461736886], [-90.51338585541448, 14.644156619673707]], [[-90.51332160270508, 14.644335301174992], [-90.51335936690248, 14.64434045912089]]]}}, {"id": "2147", "type": "Feature", "properties": {"kind": "c", "value": 4.594390406151746, "building_uid": 12788}, "geometry": {"type": "MultiLineString", "coordinates": [[[-90.51433980849222, 14.644527076481248], [-90.51433290060095, 14.644568031308166]], [[-90.51433560202936, 14.644526403917535], [-90.51434401495514, 14.64452774904489]], [[-90.51432869413736, 14.64456735874421], [-90.51433710706459, 14.644568703872054]]]}}, {"id": "2148", "type": "Feature", "properties": {"kind": "c", "value": 2.5122080274597813, "building_uid": 12846}, "geometry": {"type": "MultiLineString", "coordinates": [[[-90.51242870066291, 14.64400306129087], [-90.5124055889461, 14.644000115687248]], [[-90.51242900320447, 14.644000811089914], [-90.51242839812134, 14.64400531149183]], [[-90.51240589148789, 14.643997865486362], [-90.5124052864043, 14.644002365888142]]]}}, {"id": "2149", "type": "Feature", "properties": {"kind": "c", "value": 3.133488655949252, "building_uid": 12915}, "geometry": {"type": "MultiLineString", "coordinates": [[[-90.51495391038158, 14.645486170046835], [-90.51492506852193, 14.645482603660401]], [[-90.51495427668591, 14.645483361967434], [-90.51495354407722, 14.64548897812624]], [[-90.51492543482662, 14.645479795581101], [-90.51492470221723, 14.6454854117397]]]}}, {"id": "2150", "type": "Feature", "properties": {"kind": "c", "value": 2.3586857405115835, "building_uid": 12919}, "geometry": {"type": "MultiLineString", "coordinates": [[[-90.51380662732707, 14.644377823198434], [-90.51378495067173, 14.644374893350323]], [[-90.51380692825093, 14.64437571272146], [-90.51380632640321, 14.64437993367541]], [[-90.51378525159578, 14.644372782873408], [-90.51378464974766, 14.644377003827232]]]}}, {"id": "2151", "type": "Feature", "properties": {"kind": "c", "value": 1.2266462575980022, "building_uid": 12987}, "geometry": {"type": "MultiLineString", "coordinates": [[[-90.51511251625234, 14.64415232180292], [-90.51511381770895, 14.64414131358212]], [[-90.51511364690276, 14.644152448515143], [-90.51511138560194, 14.644152195090696]], [[-90.51511494835931, 14.644141440294323], [-90.5151126870586, 14.644141186869906]]]}}, {"id": "2152", "type": "Feature", "properties": {"kind": "c", "value": 5.637718632426514, "building_uid": 12997}, "geometry": {"type": "MultiLineString", "coordinates": [[[-90.51291364402466, 14.645601055288713], [-90.51292074194704, 14.645550598088052]], [[-90.51291882650028, 14.645601746351092], [-90.5129084615491, 14.64560036422622]], [[-90.51292592442155, 14.645551289150093], [-90.51291555947259, 14.645549907025899]]]}}, {"id": "2153", "type": "Feature", "properties": {"kind": "c", "value": 7.263730753771705, "building_uid": 1000002}, "geometry": {"type": "MultiLineString", "coordinates": [[[-90.51440332894249, 14.642998446520679], [-90.51439477169004, 14.643063532311656]], [[-90.51439664403985, 14.64299761336667], [-90.51441001384522, 14.642999279674504]], [[-90.51438808678552, 14.6430626991571], [-90.51440145659463, 14.64306436546602]]]}}, {"id": "2154", "type": "Feature", "properties": {"kind": "c", "value": 7.992498670100824, "building_uid": 1000004}, "geometry": {"type": "MultiLineString", "coordinates": [[[-90.51504285182014, 14.643103794071235], [-90.51503310031728, 14.643175367335182]], [[-90.51503550059145, 14.643102844642723], [-90.51505020304896, 14.643104743499523]], [[-90.51502574908633, 14.643174417905994], [-90.51504045154833, 14.64317631676414]]]}}, {"id": "2155", "type": "Feature", "properties": {"kind": "c", "value": 3.794516655038405, "building_uid": 1000005}, "geometry": {"type": "MultiLineString", "coordinates": [[[-90.51248251097277, 14.643431764723976], [-90.5124781346913, 14.643465776574892]], [[-90.51247901763938, 14.643431338639806], [-90.51248600430618, 14.643432190808088]], [[-90.5124746413574, 14.643465350490574], [-90.51248162802523, 14.643466202659154]]]}}, {"id": "2156", "type": "Feature", "properties": {"kind": "c", "value": 5.516509475805929, "building_uid": 1000011}, "geometry": {"type": "MultiLineString", "coordinates": [[[-90.51487242948404, 14.643946595862802], [-90.51482160774884, 14.643940680340794]], [[-90.51487303706404, 14.643941647760046], [-90.51487182190401, 14.643951543965546]], [[-90.51482221532991, 14.643935732238347], [-90.51482100016773, 14.64394562844324]]]}}, {"id": "2157", "type": "Feature", "properties": {"kind": "c", "value": 8.66960455673051, "building_uid": 182}, "geometry": {"type": "MultiLineString", "coordinates": [[[-90.51459883478489, 14.644191779512202], [-90.51467865990227, 14.644201436369187]], [[-90.51459784293098, 14.644199551430805], [-90.51459982663869, 14.644184007593582]], [[-90.51467766805104, 14.644209208288556], [-90.51467965175341, 14.644193664449798]]]}}, {"id": "2158", "type": "Feature", "properties": {"kind": "c", "value": 8.685056009320608, "building_uid": 1000013}, "geometry": {"type": "MultiLineString", "coordinates": [[[-90.51476589233658, 14.644207723419303], [-90.51484604230546, 14.644215839909402]], [[-90.51476505869316, 14.644215526965516], [-90.5147667259799, 14.644199919873072]], [[-90.51484520866475, 14.644223643456334], [-90.51484687594608, 14.644208036362443]]]}}, {"id": "2159", "type": "Feature", "properties": {"kind": "c", "value": 6.200208266431094, "building_uid": 1000016}, "geometry": {"type": "MultiLineString", "coordinates": [[[-90.51467795461562, 14.645325978294025], [-90.51473502697877, 14.645333010021046]], [[-90.51467723238484, 14.645331534934101], [-90.51467867684637, 14.64532042165394]], [[-90.51473430474934, 14.645338566661515], [-90.51473574920814, 14.645327453380558]]]}}, {"id": "2160", "type": "Feature", "properties": {"kind": "c", "value": 4.465826315765471, "building_uid": 1000015}, "geometry": {"type": "MultiLineString", "coordinates": [[[-90.51454938898394, 14.645178820663187], [-90.51455540063284, 14.64513890549522]], [[-90.51455348867593, 14.645179405965765], [-90.51454528929197, 14.645178235360543]], [[-90.51455950032414, 14.645139490797577], [-90.51455130094158, 14.645138320192794]]]}}, {"id": "2161", "type": "Feature", "properties": {"kind": "c", "value": 9.335451615153293, "building_uid": 2861}, "geometry": {"type": "MultiLineString", "coordinates": [[[-90.51218743185511, 14.646564566095156], [-90.51227317183447, 14.646576540853575]], [[-90.51218620191665, 14.646572913803896], [-90.51218866179343, 14.64655621838639]], [[-90.51227194189903, 14.646584888563252], [-90.51227440176976, 14.646568193143858]]]}}, {"id": "2162", "type": "Feature", "properties": {"kind": "c", "value": 6.131140914854655, "building_uid": 1000020}, "geometry": {"type": "MultiLineString", "coordinates": [[[-90.51215141126734, 14.647106410012364], [-90.51214980551636, 14.647161773470422]], [[-90.51214572482884, 14.647106253675707], [-90.51215709770587, 14.647106566348885]], [[-90.51214411907645, 14.647161617133502], [-90.51215549195629, 14.647161929807208]]]}}, {"id": "2163", "type": "Feature", "properties": {"kind": "c", "value": 1.4217649665155572, "building_uid": 1000021}, "geometry": {"type": "MultiLineString", "coordinates": [[[-90.51213608536763, 14.647161396007851], [-90.51214927195606, 14.647161752749625]], [[-90.51213604872626, 14.647162679860555], [-90.512136122009, 14.647160112155142]], [[-90.51214923531475, 14.647163036602347], [-90.51214930859734, 14.6471604688969]]]}}, {"id": "2164", "type": "Feature", "properties": {"kind": "c", "value": 8.418829573485155, "building_uid": 1000001}, "geometry": {"type": "MultiLineString", "coordinates": [[[-90.51417878069952, 14.64316463499208], [-90.51416739012241, 14.64323987348946]], [[-90.51417105301564, 14.643163525979896], [-90.51418650838352, 14.643165744004023]], [[-90.51415966243607, 14.643238764476495], [-90.51417511780885, 14.643240982502185]]]}}, {"id": "2165", "type": "Feature", "properties": {"kind": "c", "value": 7.094238745084457, "building_uid": 1000017}, "geometry": {"type": "MultiLineString", "coordinates": [[[-90.51456905153735, 14.645758183563938], [-90.51455960392614, 14.64582160577509]], [[-90.51456253741645, 14.645757263734243], [-90.5145755656583, 14.64575910339347]], [[-90.5145530898035, 14.64582068594485], [-90.51456611804886, 14.64582252560517]]]}}]}