{"type": "FeatureCollection", "features": [{"id": "0", "type": "Feature", "properties": {"building_uid": 7}, "geometry": {"type": "Polygon", "coordinates": [[[-90.51385776560437, 14.642940899362134], [-90.51390342997976, 14.64261155376786], [-90.51414804495978, 14.642643704409778], [-90.51410238092753, 14.642973050107758], [-90.51385776560437, 14.642940899362134]]]}}, {"id": "1", "type": "Feature", "properties": {"building_uid": 8}, "geometry": {"type": "Polygon", "coordinates": [[[-90.51481836273872, 14.642776220277323], [-90.51516432041814, 14.642823219189049], [-90.51511242027901, 14.643185368675724], [-90.51476646206751, 14.643138369600402], [-90.51481836273872, 14.642776220277323]]]}}, {"id": "2", "type": "Feature", "properties": {"building_uid": 9}, "geometry": {"type": "Polygon", "coordinates": [[[-90.51537723580952, 14.642805770123992], [-90.51533413258667, 14.643106970544846], [-90.51512472451351, 14.643078562240284], [-90.51516782945227, 14.642777362827163], [-90.51537723580952, 14.642805770123992]]]}}, {"id": "3", "type": "Feature", "properties": {"building_uid": 10}, "geometry": {"type": "Polygon", "coordinates": [[[-90.51533032544893, 14.643129813370582], [-90.51537568735588, 14.642826858997099], [-90.51556198203728, 14.64285330146738], [-90.51551662036903, 14.643156255916011], [-90.51533032544893, 14.643129813370582]]]}}, {"id": "4", "type": "Feature", "properties": {"building_uid": 53}, "geometry": {"type": "Polygon", "coordinates": [[[-90.51436552438507, 14.64267030776944], [-90.51435693680999, 14.642736621674437], [-90.51419784041104, 14.642717091281014], [-90.51420642865064, 14.642650777773946], [-90.51436552438507, 14.64267030776944]]]}}, {"id": "5", "type": "Feature", "properties": {"building_uid": 54}, "geometry": {"type": "Polygon", "coordinates": [[[-90.51436542262087, 14.642671098767957], [-90.51451080795286, 14.64268968034759], [-90.51446802406892, 14.643007006547226], [-90.51432263853998, 14.642988424908914], [-90.51436542262087, 14.642671098767957]]]}}, {"id": "6", "type": "Feature", "properties": {"building_uid": 55}, "geometry": {"type": "Polygon", "coordinates": [[[-90.51468327547626, 14.642711723160351], [-90.51465485856188, 14.64291314403684], [-90.51447729707164, 14.64288939674278], [-90.51450571479288, 14.642687976329423], [-90.51468327547626, 14.642711723160351]]]}}, {"id": "7", "type": "Feature", "properties": {"building_uid": 105}, "geometry": {"type": "Polygon", "coordinates": [[[-90.51469592238392, 14.6434811260378], [-90.51473331189099, 14.643258620581896], [-90.51493302077536, 14.643290432227474], [-90.5148956313988, 14.643512937708707], [-90.51469592238392, 14.6434811260378]]]}}, {"id": "8", "type": "Feature", "properties": {"building_uid": 106}, "geometry": {"type": "Polygon", "coordinates": [[[-90.51440940267875, 14.643813031045301], [-90.51444590314007, 14.643556972588728], [-90.51457202822756, 14.643574015508749], [-90.5145355293366, 14.643830073191388], [-90.51440940267875, 14.643813031045301]]]}}, {"id": "9", "type": "Feature", "properties": {"building_uid": 107}, "geometry": {"type": "Polygon", "coordinates": [[[-90.51398480406667, 14.643488142247824], [-90.51393852120181, 14.643782715658203], [-90.51374009296383, 14.643753162279557], [-90.5137863758355, 14.643458588791368], [-90.51398480406667, 14.643488142247824]]]}}, {"id": "10", "type": "Feature", "properties": {"building_uid": 108}, "geometry": {"type": "Polygon", "coordinates": [[[-90.51417196305937, 14.643514523286102], [-90.51412649862122, 14.643820787034327], [-90.51393865237833, 14.643794353268389], [-90.51398411701503, 14.643488089567413], [-90.51417196305937, 14.643514523286102]]]}}, {"id": "11", "type": "Feature", "properties": {"building_uid": 109}, "geometry": {"type": "Polygon", "coordinates": [[[-90.51433417298088, 14.643538046478591], [-90.5142794774903, 14.643921335356474], [-90.51411531804295, 14.643899129346728], [-90.51417001468569, 14.64351584025038], [-90.51433417298088, 14.643538046478591]]]}}, {"id": "12", "type": "Feature", "properties": {"building_uid": 110}, "geometry": {"type": "Polygon", "coordinates": [[[-90.51429155765129, 14.64383386090362], [-90.514333858244, 14.64354025792826], [-90.51444719717854, 14.643555736563487], [-90.51440489555885, 14.643849340566504], [-90.51429155765129, 14.64383386090362]]]}}, {"id": "13", "type": "Feature", "properties": {"building_uid": 761}, "geometry": {"type": "Polygon", "coordinates": [[[-90.5146832112312, 14.645069356130156], [-90.51448192775352, 14.64504511956441], [-90.5144968562651, 14.64492759518735], [-90.51469813964131, 14.644951831723741], [-90.5146832112312, 14.645069356130156]]]}}, {"id": "14", "type": "Feature", "properties": {"building_uid": 176}, "geometry": {"type": "Polygon", "coordinates": [[[-90.51517549632489, 14.644681863779814], [-90.51530223794894, 14.64469795133014], [-90.51528397853198, 14.64483432281293], [-90.51515723594675, 14.644818235546056], [-90.51517549632489, 14.644681863779814]]]}}, {"id": "15", "type": "Feature", "properties": {"building_uid": 177}, "geometry": {"type": "Polygon", "coordinates": [[[-90.51499312480367, 14.644791524802555], [-90.51502086822808, 14.644608297037538], [-90.51518712409253, 14.644632159751133], [-90.51515938126776, 14.644815387863083], [-90.51499312480367, 14.644791524802555]]]}}, {"id": "16", "type": "Feature", "properties": {"building_uid": 178}, "geometry": {"type": "Polygon", "coordinates": [[[-90.51502085843768, 14.644608365113305], [-90.51499341237384, 14.644789629002334], [-90.51490153098575, 14.644776440958708], [-90.51492897711998, 14.644595177091974], [-90.51502085843768, 14.644608365113305]]]}}, {"id": "17", "type": "Feature", "properties": {"building_uid": 179}, "geometry": {"type": "Polygon", "coordinates": [[[-90.51492900158883, 14.644595521691919], [-90.5149016901733, 14.644775393046093], [-90.51478725669496, 14.644758921788833], [-90.51481456819744, 14.644579050462252], [-90.51492900158883, 14.644595521691919]]]}}, {"id": "18", "type": "Feature", "properties": {"building_uid": 183}, "geometry": {"type": "Polygon", "coordinates": [[[-90.51467554140251, 14.643590722898184], [-90.51493471772599, 14.643628713384576], [-90.51491063915559, 14.643784425586189], [-90.51465146292966, 14.643746433479043], [-90.51467554140251, 14.643590722898184]]]}}, {"id": "19", "type": "Feature", "properties": {"building_uid": 184}, "geometry": {"type": "Polygon", "coordinates": [[[-90.51408933072436, 14.644119162185797], [-90.51448748268996, 14.64417023783636], [-90.51446655342315, 14.644324896544228], [-90.51406840119472, 14.644273820815233], [-90.51408933072436, 14.644119162185797]]]}}, {"id": "20", "type": "Feature", "properties": {"building_uid": 185}, "geometry": {"type": "Polygon", "coordinates": [[[-90.51409828484324, 14.644065258240898], [-90.5137085024151, 14.644012403443632], [-90.51374578486032, 14.64375178266519], [-90.5141355659801, 14.643804638500972], [-90.51409828484324, 14.644065258240898]]]}}, {"id": "21", "type": "Feature", "properties": {"building_uid": 186}, "geometry": {"type": "Polygon", "coordinates": [[[-90.51417345951693, 14.644286801599257], [-90.51411937782994, 14.644652598752437], [-90.51401731753674, 14.64463829551959], [-90.51407139938182, 14.644272498415852], [-90.51417345951693, 14.644286801599257]]]}}, {"id": "22", "type": "Feature", "properties": {"building_uid": 187}, "geometry": {"type": "Polygon", "coordinates": [[[-90.51407351015612, 14.644257480204947], [-90.51401995259452, 14.644637209167307], [-90.51381802421483, 14.644610211719499], [-90.51387158210255, 14.644230482856587], [-90.51407351015612, 14.644257480204947]]]}}, {"id": "23", "type": "Feature", "properties": {"building_uid": 188}, "geometry": {"type": "Polygon", "coordinates": [[[-90.51306983352649, 14.643339808735337], [-90.51330304433445, 14.643376285598027], [-90.51327113727127, 14.64356966525937], [-90.51303792627448, 14.643533188333857], [-90.51306983352649, 14.643339808735337]]]}}, {"id": "24", "type": "Feature", "properties": {"building_uid": 191}, "geometry": {"type": "Polygon", "coordinates": [[[-90.51320399432147, 14.644503080609892], [-90.51290684716153, 14.644454072456186], [-90.51292758011144, 14.644334909873987], [-90.51322472742858, 14.64438391906403], [-90.51320399432147, 14.644503080609892]]]}}, {"id": "25", "type": "Feature", "properties": {"building_uid": 192}, "geometry": {"type": "Polygon", "coordinates": [[[-90.51282847143021, 14.644317768153554], [-90.51281023433076, 14.644445544264608], [-90.51265166560695, 14.644424091240676], [-90.5126699027925, 14.64429631515604], [-90.51282847143021, 14.644317768153554]]]}}, {"id": "26", "type": "Feature", "properties": {"building_uid": 193}, "geometry": {"type": "Polygon", "coordinates": [[[-90.51268297559626, 14.644223377381628], [-90.51265166020984, 14.644423930041128], [-90.5125541522473, 14.644409497703355], [-90.51258546886883, 14.644208944084085], [-90.51268297559626, 14.644223377381628]]]}}, {"id": "27", "type": "Feature", "properties": {"building_uid": 846}, "geometry": {"type": "Polygon", "coordinates": [[[-90.51410580534748, 14.646940909198912], [-90.51400819767525, 14.646925895154558], [-90.51403653986473, 14.646751247557193], [-90.51413414732596, 14.64676626235947], [-90.51410580534748, 14.646940909198912]]]}}, {"id": "28", "type": "Feature", "properties": {"building_uid": 194}, "geometry": {"type": "Polygon", "coordinates": [[[-90.51221134137678, 14.644226237598387], [-90.51244426545908, 14.644258261142147], [-90.51242496755839, 14.644391313331951], [-90.51219204392247, 14.64435928925156], [-90.51221134137678, 14.644226237598387]]]}}, {"id": "29", "type": "Feature", "properties": {"building_uid": 195}, "geometry": {"type": "Polygon", "coordinates": [[[-90.51223103384149, 14.64409645164483], [-90.51238130809156, 14.644116364622105], [-90.51236303405786, 14.644247093653572], [-90.51221275826653, 14.64422717972546], [-90.51223103384149, 14.64409645164483]]]}}, {"id": "30", "type": "Feature", "properties": {"building_uid": 196}, "geometry": {"type": "Polygon", "coordinates": [[[-90.51231661681487, 14.643879966080743], [-90.51237003404464, 14.643514484967744], [-90.51247414383191, 14.6435289091938], [-90.51242072849624, 14.643894389737135], [-90.51231661681487, 14.643879966080743]]]}}, {"id": "31", "type": "Feature", "properties": {"building_uid": 302}, "geometry": {"type": "Polygon", "coordinates": [[[-90.51363283485875, 14.643290636682256], [-90.51241220279286, 14.643103058832482], [-90.51251844542999, 14.642447701376891], [-90.51373907413996, 14.642635278121213], [-90.51363283485875, 14.643290636682256]]]}}, {"id": "32", "type": "Feature", "properties": {"building_uid": 303}, "geometry": {"type": "Polygon", "coordinates": [[[-90.51402639129033, 14.643377718336877], [-90.51379925843226, 14.64334255812751], [-90.51381791934122, 14.643228285149293], [-90.51404505234416, 14.643263445491707], [-90.51402639129033, 14.643377718336877]]]}}, {"id": "33", "type": "Feature", "properties": {"building_uid": 304}, "geometry": {"type": "Polygon", "coordinates": [[[-90.51267707045743, 14.643277824657037], [-90.51264985865899, 14.64344595649059], [-90.51254105270475, 14.643429262753811], [-90.51256826535499, 14.64326113146052], [-90.51267707045743, 14.643277824657037]]]}}, {"id": "34", "type": "Feature", "properties": {"building_uid": 305}, "geometry": {"type": "Polygon", "coordinates": [[[-90.51232640782777, 14.643411008841326], [-90.51235215696393, 14.643227840131994], [-90.51257032543344, 14.64325691264073], [-90.51254457646729, 14.643440081401838], [-90.51232640782777, 14.643411008841326]]]}}, {"id": "35", "type": "Feature", "properties": {"building_uid": 306}, "geometry": {"type": "Polygon", "coordinates": [[[-90.51231275047024, 14.643508168021766], [-90.5123401285001, 14.643313412297449], [-90.51249550961633, 14.643334118578668], [-90.51246813223155, 14.643528873805685], [-90.51231275047024, 14.643508168021766]]]}}, {"id": "36", "type": "Feature", "properties": {"building_uid": 307}, "geometry": {"type": "Polygon", "coordinates": [[[-90.51264985865899, 14.64344595649059], [-90.51267676877686, 14.64327969125637], [-90.51297315947917, 14.643325164460599], [-90.51294624956807, 14.64349142976287], [-90.51264985865899, 14.64344595649059]]]}}, {"id": "37", "type": "Feature", "properties": {"building_uid": 500}, "geometry": {"type": "Polygon", "coordinates": [[[-90.51487286605943, 14.645742574397136], [-90.51514850117181, 14.645781345374635], [-90.51510569053212, 14.646069854020578], [-90.51483005508301, 14.646031082937627], [-90.51487286605943, 14.645742574397136]]]}}, {"id": "38", "type": "Feature", "properties": {"building_uid": 501}, "geometry": {"type": "Polygon", "coordinates": [[[-90.51475665623327, 14.646018038068364], [-90.51480146691624, 14.645731973310184], [-90.51492596557262, 14.645750459671122], [-90.51488115532742, 14.64603652379524], [-90.51475665623327, 14.646018038068364]]]}}, {"id": "39", "type": "Feature", "properties": {"building_uid": 502}, "geometry": {"type": "Polygon", "coordinates": [[[-90.5137446998506, 14.645854017264185], [-90.51345600679062, 14.645810317769106], [-90.51348460614038, 14.645631225231785], [-90.51377329869543, 14.6456749262119], [-90.5137446998506, 14.645854017264185]]]}}, {"id": "40", "type": "Feature", "properties": {"building_uid": 762}, "geometry": {"type": "Polygon", "coordinates": [[[-90.51466776164847, 14.645157561084778], [-90.51446804098754, 14.645124401423027], [-90.51448349013594, 14.645036197027183], [-90.5146832112312, 14.645069356130156], [-90.51466776164847, 14.645157561084778]]]}}, {"id": "41", "type": "Feature", "properties": {"building_uid": 503}, "geometry": {"type": "Polygon", "coordinates": [[[-90.51349787150913, 14.64553105539803], [-90.51378928167128, 14.645577483103215], [-90.51377242218271, 14.645677794677644], [-90.51348101141149, 14.645631367480627], [-90.51349787150913, 14.64553105539803]]]}}, {"id": "42", "type": "Feature", "properties": {"building_uid": 504}, "geometry": {"type": "Polygon", "coordinates": [[[-90.51350933379022, 14.64543270679529], [-90.5139262158129, 14.64548981427515], [-90.51391068172865, 14.645597304262285], [-90.51349379998673, 14.645540197025557], [-90.51350933379022, 14.64543270679529]]]}}, {"id": "43", "type": "Feature", "properties": {"building_uid": 505}, "geometry": {"type": "Polygon", "coordinates": [[[-90.51352754138189, 14.64529542595127], [-90.5137796269511, 14.645327116709261], [-90.5137613150765, 14.645465194069834], [-90.51350922935845, 14.645433503267881], [-90.51352754138189, 14.64529542595127]]]}}, {"id": "44", "type": "Feature", "properties": {"building_uid": 506}, "geometry": {"type": "Polygon", "coordinates": [[[-90.51355203750805, 14.645122033986038], [-90.51394334793221, 14.645177153098903], [-90.51391761310802, 14.645350344441116], [-90.51352630239695, 14.645295225238305], [-90.51355203750805, 14.645122033986038]]]}}, {"id": "45", "type": "Feature", "properties": {"building_uid": 507}, "geometry": {"type": "Polygon", "coordinates": [[[-90.51375648092791, 14.644856005178386], [-90.51358978636327, 14.644834676432009], [-90.51360911862407, 14.64469145823407], [-90.5137758127985, 14.644712787631164], [-90.51375648092791, 14.644856005178386]]]}}, {"id": "46", "type": "Feature", "properties": {"building_uid": 508}, "geometry": {"type": "Polygon", "coordinates": [[[-90.51338595319821, 14.64495895698614], [-90.51342769791943, 14.644655908677478], [-90.51350091796401, 14.644665469029055], [-90.51345917273353, 14.64496851784803], [-90.51338595319821, 14.64495895698614]]]}}, {"id": "47", "type": "Feature", "properties": {"building_uid": 509}, "geometry": {"type": "Polygon", "coordinates": [[[-90.51231205091453, 14.64448924033879], [-90.51244163576679, 14.644508052916024], [-90.51241925548474, 14.644654191452348], [-90.51228967055255, 14.644635378849621], [-90.51231205091453, 14.64448924033879]]]}}, {"id": "48", "type": "Feature", "properties": {"building_uid": 510}, "geometry": {"type": "Polygon", "coordinates": [[[-90.51215416320758, 14.644616528801144], [-90.5121743690631, 14.644469503497325], [-90.51231351181994, 14.644487630273881], [-90.51229330576192, 14.644634656284424], [-90.51215416320758, 14.644616528801144]]]}}, {"id": "49", "type": "Feature", "properties": {"building_uid": 511}, "geometry": {"type": "Polygon", "coordinates": [[[-90.51253147901187, 14.644671635404556], [-90.51241731354219, 14.644653909941336], [-90.5124413942203, 14.64450688710912], [-90.51255555961963, 14.644524612549018], [-90.51253147901187, 14.644671635404556]]]}}, {"id": "50", "type": "Feature", "properties": {"building_uid": 512}, "geometry": {"type": "Polygon", "coordinates": [[[-90.5125104285829, 14.64481105121144], [-90.51255357695929, 14.644524304002495], [-90.51266829868453, 14.644540667247341], [-90.5126251504472, 14.644827414500211], [-90.5125104285829, 14.64481105121144]]]}}, {"id": "51", "type": "Feature", "properties": {"building_uid": 513}, "geometry": {"type": "Polygon", "coordinates": [[[-90.51278836864407, 14.644556472552711], [-90.5127706297722, 14.644686071658528], [-90.51264628444059, 14.644669938420506], [-90.51266402425085, 14.64454033815765], [-90.51278836864407, 14.644556472552711]]]}}, {"id": "52", "type": "Feature", "properties": {"building_uid": 514}, "geometry": {"type": "Polygon", "coordinates": [[[-90.51275899236404, 14.644771092012899], [-90.51263408467058, 14.644753342976152], [-90.51264681943489, 14.644668387230631], [-90.51277172811012, 14.644686136918809], [-90.51275899236404, 14.644771092012899]]]}}, {"id": "53", "type": "Feature", "properties": {"building_uid": 515}, "geometry": {"type": "Polygon", "coordinates": [[[-90.51263523152525, 14.644753505683868], [-90.51275992910327, 14.644771225382476], [-90.51274894563156, 14.644844491153235], [-90.51262424904155, 14.644826772108036], [-90.51263523152525, 14.644753505683868]]]}}, {"id": "54", "type": "Feature", "properties": {"building_uid": 847}, "geometry": {"type": "Polygon", "coordinates": [[[-90.51392593717287, 14.64683361296475], [-90.51402117073476, 14.646848805339756], [-90.51400819767525, 14.646925895154558], [-90.5139129638164, 14.646910704343771], [-90.51392593717287, 14.64683361296475]]]}}, {"id": "55", "type": "Feature", "properties": {"building_uid": 516}, "geometry": {"type": "Polygon", "coordinates": [[[-90.51251201262438, 14.644811203898298], [-90.51213397506133, 14.644761220030924], [-90.51215461803969, 14.644613217849995], [-90.51253265625094, 14.644663201343105], [-90.51251201262438, 14.644811203898298]]]}}, {"id": "56", "type": "Feature", "properties": {"building_uid": 517}, "geometry": {"type": "Polygon", "coordinates": [[[-90.51269549901335, 14.644986520281487], [-90.51215022221885, 14.644910874494911], [-90.5121718453117, 14.644763126584385], [-90.51271712176467, 14.64483877226471], [-90.51269549901335, 14.644986520281487]]]}}, {"id": "57", "type": "Feature", "properties": {"building_uid": 518}, "geometry": {"type": "Polygon", "coordinates": [[[-90.5124789403823, 14.645087207489876], [-90.51209537126809, 14.64504247362299], [-90.51211443744054, 14.644887511416368], [-90.51249800629918, 14.644932245210455], [-90.5124789403823, 14.645087207489876]]]}}, {"id": "58", "type": "Feature", "properties": {"building_uid": 519}, "geometry": {"type": "Polygon", "coordinates": [[[-90.5120734802268, 14.645193807342919], [-90.51209569444343, 14.645040235348576], [-90.51220676889848, 14.645055465439093], [-90.51218455342696, 14.64520903833794], [-90.5120734802268, 14.645193807342919]]]}}, {"id": "59", "type": "Feature", "properties": {"building_uid": 521}, "geometry": {"type": "Polygon", "coordinates": [[[-90.51214139225236, 14.645293724247487], [-90.51212147447887, 14.645440699989761], [-90.51204229368717, 14.645430527726733], [-90.51206221151031, 14.645283551999308], [-90.51214139225236, 14.645293724247487]]]}}, {"id": "60", "type": "Feature", "properties": {"building_uid": 522}, "geometry": {"type": "Polygon", "coordinates": [[[-90.51203167260324, 14.645507807613317], [-90.51213820627349, 14.645522839357609], [-90.51212650799535, 14.645601433337848], [-90.5120199729649, 14.64558640072541], [-90.51203167260324, 14.645507807613317]]]}}, {"id": "61", "type": "Feature", "properties": {"building_uid": 523}, "geometry": {"type": "Polygon", "coordinates": [[[-90.51250809578683, 14.645664341876493], [-90.51254017378963, 14.645473607865135], [-90.51266570971077, 14.645493621139005], [-90.51263363180804, 14.645684355184036], [-90.51250809578683, 14.645664341876493]]]}}, {"id": "62", "type": "Feature", "properties": {"building_uid": 524}, "geometry": {"type": "Polygon", "coordinates": [[[-90.5125466651053, 14.64543501288486], [-90.51250823185431, 14.645663537383545], [-90.51239716983726, 14.645645831506819], [-90.51243560349774, 14.645417307686548], [-90.5125466651053, 14.64543501288486]]]}}, {"id": "63", "type": "Feature", "properties": {"building_uid": 525}, "geometry": {"type": "Polygon", "coordinates": [[[-90.51233034864758, 14.645473309377063], [-90.51230726275368, 14.645630544940975], [-90.51221317445716, 14.645617449363751], [-90.51223626041374, 14.645460213819389], [-90.51233034864758, 14.645473309377063]]]}}, {"id": "64", "type": "Feature", "properties": {"building_uid": 697}, "geometry": {"type": "Polygon", "coordinates": [[[-90.51277326603382, 14.646293297346737], [-90.51237876283625, 14.64622765708894], [-90.51240887283498, 14.64605611982995], [-90.51280337542832, 14.646121760650349], [-90.51277326603382, 14.646293297346737]]]}}, {"id": "65", "type": "Feature", "properties": {"building_uid": 698}, "geometry": {"type": "Polygon", "coordinates": [[[-90.51263633726576, 14.646567195750555], [-90.51267939068471, 14.646277678472208], [-90.51277230885478, 14.646290776099642], [-90.5127292555497, 14.646580293413717], [-90.51263633726576, 14.646567195750555]]]}}, {"id": "66", "type": "Feature", "properties": {"building_uid": 699}, "geometry": {"type": "Polygon", "coordinates": [[[-90.51227517950151, 14.645741196002342], [-90.51259875594455, 14.645792597506958], [-90.51255944224731, 14.64602718665798], [-90.51223586636436, 14.645975783882982], [-90.51227517950151, 14.645741196002342]]]}}, {"id": "67", "type": "Feature", "properties": {"building_uid": 700}, "geometry": {"type": "Polygon", "coordinates": [[[-90.51226294620893, 14.645816687111312], [-90.51205839597353, 14.64578526714198], [-90.51207062871912, 14.645709775647717], [-90.51227517950151, 14.645741196002342], [-90.51226294620893, 14.645816687111312]]]}}, {"id": "68", "type": "Feature", "properties": {"building_uid": 310}, "geometry": {"type": "Polygon", "coordinates": [[[-90.51296064550435, 14.644103615176498], [-90.51297390421851, 14.644010867180477], [-90.51310257183809, 14.644028303029014], [-90.51308931246943, 14.644121050589966], [-90.51296064550435, 14.644103615176498]]]}}, {"id": "69", "type": "Feature", "properties": {"building_uid": 702}, "geometry": {"type": "Polygon", "coordinates": [[[-90.51196471683902, 14.64596254665243], [-90.51199975689005, 14.64570074516513], [-90.51209738144357, 14.64571313069845], [-90.51206234171988, 14.64597493235494], [-90.51196471683902, 14.64596254665243]]]}}, {"id": "70", "type": "Feature", "properties": {"building_uid": 703}, "geometry": {"type": "Polygon", "coordinates": [[[-90.51423428259709, 14.64604200877075], [-90.51420798699058, 14.64622643469151], [-90.51407699824422, 14.646208730843432], [-90.5141032955977, 14.646024304272832], [-90.51423428259709, 14.64604200877075]]]}}, {"id": "71", "type": "Feature", "properties": {"building_uid": 704}, "geometry": {"type": "Polygon", "coordinates": [[[-90.51395386544658, 14.646247021822848], [-90.51399023723395, 14.646007674484448], [-90.5141092334116, 14.64602481542418], [-90.51407286174455, 14.646264162800778], [-90.51395386544658, 14.646247021822848]]]}}, {"id": "72", "type": "Feature", "properties": {"building_uid": 705}, "geometry": {"type": "Polygon", "coordinates": [[[-90.5136787997543, 14.646069038139649], [-90.51342873978996, 14.646033342492732], [-90.51344475700323, 14.64592697901608], [-90.51369481752988, 14.64596267506547], [-90.5136787997543, 14.646069038139649]]]}}, {"id": "73", "type": "Feature", "properties": {"building_uid": 706}, "geometry": {"type": "Polygon", "coordinates": [[[-90.51342983568868, 14.646033498931812], [-90.51368186966165, 14.64606947653508], [-90.51366411691916, 14.646187362882422], [-90.51341208282057, 14.646151385239468], [-90.51342983568868, 14.646033498931812]]]}}, {"id": "74", "type": "Feature", "properties": {"building_uid": 746}, "geometry": {"type": "Polygon", "coordinates": [[[-90.51462868027544, 14.643095794901306], [-90.51457650017751, 14.6434628745111], [-90.51442095573, 14.643441914977847], [-90.51447313605635, 14.64307483543326], [-90.51462868027544, 14.643095794901306]]]}}, {"id": "75", "type": "Feature", "properties": {"building_uid": 747}, "geometry": {"type": "Polygon", "coordinates": [[[-90.51427208293548, 14.643418500782014], [-90.5143247574479, 14.643053222551496], [-90.51447666313862, 14.643073987485336], [-90.51442398946594, 14.64343926617558], [-90.51427208293548, 14.643418500782014]]]}}, {"id": "76", "type": "Feature", "properties": {"building_uid": 748}, "geometry": {"type": "Polygon", "coordinates": [[[-90.51416508252451, 14.64324016738041], [-90.51429561087399, 14.643258351083992], [-90.51427247141561, 14.643415811400375], [-90.51414194218755, 14.643397628027095], [-90.51416508252451, 14.64324016738041]]]}}, {"id": "77", "type": "Feature", "properties": {"building_uid": 749}, "geometry": {"type": "Polygon", "coordinates": [[[-90.51417963924769, 14.643162972530385], [-90.51383117895445, 14.643111828573696], [-90.51385880404877, 14.642933413324403], [-90.51420726345569, 14.642984556788189], [-90.51417963924769, 14.643162972530385]]]}}, {"id": "78", "type": "Feature", "properties": {"building_uid": 751}, "geometry": {"type": "Polygon", "coordinates": [[[-90.5155004858469, 14.643269293741094], [-90.51547333944282, 14.643454659303275], [-90.51534478236883, 14.643436811721473], [-90.5153719288739, 14.643251446190718], [-90.5155004858469, 14.643269293741094]]]}}, {"id": "79", "type": "Feature", "properties": {"building_uid": 752}, "geometry": {"type": "Polygon", "coordinates": [[[-90.51528483516847, 14.643426477307644], [-90.5154747282752, 14.643454866286806], [-90.51545241349224, 14.64359635872934], [-90.51526252027246, 14.643567969713539], [-90.51528483516847, 14.643426477307644]]]}}, {"id": "80", "type": "Feature", "properties": {"building_uid": 753}, "geometry": {"type": "Polygon", "coordinates": [[[-90.51498270332485, 14.643384892644342], [-90.5151317611141, 14.643408345993064], [-90.51510909495425, 14.643544900968505], [-90.51496003729838, 14.64352144773776], [-90.51498270332485, 14.643384892644342]]]}}, {"id": "81", "type": "Feature", "properties": {"building_uid": 754}, "geometry": {"type": "Polygon", "coordinates": [[[-90.51504346842697, 14.643695589981514], [-90.51516269866792, 14.643711086040467], [-90.5151097216904, 14.644097486055811], [-90.514990491253, 14.644081989937845], [-90.51504346842697, 14.643695589981514]]]}}, {"id": "82", "type": "Feature", "properties": {"building_uid": 757}, "geometry": {"type": "Polygon", "coordinates": [[[-90.515291142513, 14.643680867878059], [-90.51525858342596, 14.643902938149003], [-90.51513655099232, 14.643885977706473], [-90.51516910965775, 14.643663907993066], [-90.515291142513, 14.643680867878059]]]}}, {"id": "83", "type": "Feature", "properties": {"building_uid": 1305}, "geometry": {"type": "Polygon", "coordinates": [[[-90.51522769279117, 14.644152115403934], [-90.51537344872452, 14.6441690636416], [-90.51536007458763, 14.644278097163264], [-90.5152143173022, 14.644261148120352], [-90.51522769279117, 14.644152115403934]]]}}, {"id": "84", "type": "Feature", "properties": {"building_uid": 758}, "geometry": {"type": "Polygon", "coordinates": [[[-90.51527135004253, 14.64381585998952], [-90.51529112863835, 14.643680958875787], [-90.51543799757076, 14.64370137106088], [-90.51541821887609, 14.643836272950189], [-90.51527135004253, 14.64381585998952]]]}}, {"id": "85", "type": "Feature", "properties": {"building_uid": 759}, "geometry": {"type": "Polygon", "coordinates": [[[-90.51478900979116, 14.645082078903469], [-90.51468282331993, 14.645069309644697], [-90.51470979292625, 14.644856712445542], [-90.51481597962672, 14.644869481877734], [-90.51478900979116, 14.645082078903469]]]}}, {"id": "86", "type": "Feature", "properties": {"building_uid": 760}, "geometry": {"type": "Polygon", "coordinates": [[[-90.51469747872528, 14.64495521621915], [-90.51449583149102, 14.644927446456347], [-90.51451079566051, 14.64482444764907], [-90.5147124424691, 14.644852218901118], [-90.51469747872528, 14.64495521621915]]]}}, {"id": "87", "type": "Feature", "properties": {"building_uid": 766}, "geometry": {"type": "Polygon", "coordinates": [[[-90.5141124646174, 14.645911012736798], [-90.51414448821251, 14.645694339804512], [-90.51428071143569, 14.645713424549614], [-90.51424868796558, 14.64593009752098], [-90.5141124646174, 14.645911012736798]]]}}, {"id": "88", "type": "Feature", "properties": {"building_uid": 767}, "geometry": {"type": "Polygon", "coordinates": [[[-90.51416673755229, 14.645607752876641], [-90.51428933525315, 14.645620746369211], [-90.51427900240671, 14.645713170306315], [-90.5141564046568, 14.64570017680039], [-90.51416673755229, 14.645607752876641]]]}}, {"id": "89", "type": "Feature", "properties": {"building_uid": 768}, "geometry": {"type": "Polygon", "coordinates": [[[-90.51433426346914, 14.645281820279234], [-90.51402937046345, 14.645243705109927], [-90.51404369802908, 14.645135063632999], [-90.51434859047136, 14.64517317849733], [-90.51433426346914, 14.645281820279234]]]}}, {"id": "90", "type": "Feature", "properties": {"building_uid": 769}, "geometry": {"type": "Polygon", "coordinates": [[[-90.51433427543576, 14.645281728438977], [-90.51431946317994, 14.645394354468909], [-90.51407922623068, 14.645364403698853], [-90.51409403839419, 14.645251778433877], [-90.51433427543576, 14.645281728438977]]]}}, {"id": "91", "type": "Feature", "properties": {"building_uid": 771}, "geometry": {"type": "Polygon", "coordinates": [[[-90.5137699172987, 14.64632566466204], [-90.51339340339337, 14.646269038619968], [-90.51341230012154, 14.646149939813949], [-90.51378881327656, 14.646206566296637], [-90.5137699172987, 14.64632566466204]]]}}, {"id": "92", "type": "Feature", "properties": {"building_uid": 772}, "geometry": {"type": "Polygon", "coordinates": [[[-90.51374582526417, 14.646610006140598], [-90.5133580568969, 14.646551022271671], [-90.51338365250717, 14.646391517514804], [-90.5137714209024, 14.646450500615824], [-90.51374582526417, 14.646610006140598]]]}}, {"id": "93", "type": "Feature", "properties": {"building_uid": 842}, "geometry": {"type": "Polygon", "coordinates": [[[-90.51370902423977, 14.64688347661385], [-90.51374571444707, 14.646609991962013], [-90.51385352375237, 14.64662370202605], [-90.51381683367103, 14.646897186715302], [-90.51370902423977, 14.64688347661385]]]}}, {"id": "94", "type": "Feature", "properties": {"building_uid": 843}, "geometry": {"type": "Polygon", "coordinates": [[[-90.51395688823513, 14.646627539312552], [-90.5139143032645, 14.64691106556218], [-90.51380936066384, 14.646896124447512], [-90.51385194639877, 14.64661259865163], [-90.51395688823513, 14.646627539312552]]]}}, {"id": "95", "type": "Feature", "properties": {"building_uid": 844}, "geometry": {"type": "Polygon", "coordinates": [[[-90.51359531149679, 14.64686418806456], [-90.51362328915513, 14.646675392202658], [-90.51373743740497, 14.646691427005296], [-90.51370946088862, 14.646880221838352], [-90.51359531149679, 14.64686418806456]]]}}, {"id": "96", "type": "Feature", "properties": {"building_uid": 845}, "geometry": {"type": "Polygon", "coordinates": [[[-90.51413108233753, 14.646765791680691], [-90.5139395730615, 14.646737089485342], [-90.5139567917757, 14.646628186195334], [-90.51414830089074, 14.646656888313927], [-90.51413108233753, 14.646765791680691]]]}}, {"id": "97", "type": "Feature", "properties": {"building_uid": 520}, "geometry": {"type": "Polygon", "coordinates": [[[-90.5123699106047, 14.64532171793412], [-90.51223432372198, 14.645305108885672], [-90.51224593229203, 14.645215280602429], [-90.51238151912258, 14.645231889635673], [-90.5123699106047, 14.64532171793412]]]}}, {"id": "98", "type": "Feature", "properties": {"building_uid": 914}, "geometry": {"type": "Polygon", "coordinates": [[[-90.51507258445191, 14.646394437923623], [-90.51496376927419, 14.646381158677512], [-90.5149915924413, 14.646165035881099], [-90.51510040807906, 14.646178315445594], [-90.51507258445191, 14.646394437923623]]]}}, {"id": "99", "type": "Feature", "properties": {"building_uid": 915}, "geometry": {"type": "Polygon", "coordinates": [[[-90.51479879928573, 14.64643567008955], [-90.51469637009268, 14.646421037347562], [-90.5147407109208, 14.646126818688446], [-90.51484313998645, 14.646141451390195], [-90.51479879928573, 14.64643567008955]]]}}, {"id": "100", "type": "Feature", "properties": {"building_uid": 916}, "geometry": {"type": "Polygon", "coordinates": [[[-90.51457304416242, 14.646101276275331], [-90.51474342113451, 14.646127230741795], [-90.51469901498876, 14.64640355119382], [-90.51452863770066, 14.6463775965842], [-90.51457304416242, 14.646101276275331]]]}}, {"id": "101", "type": "Feature", "properties": {"building_uid": 918}, "geometry": {"type": "Polygon", "coordinates": [[[-90.51395386544658, 14.646247021822848], [-90.51420076029356, 14.646282562051038], [-90.51418804194012, 14.646366316134015], [-90.51394114657417, 14.646330777336381], [-90.51395386544658, 14.646247021822848]]]}}, {"id": "102", "type": "Feature", "properties": {"building_uid": 919}, "geometry": {"type": "Polygon", "coordinates": [[[-90.513694190334, 14.645963879029816], [-90.5138226398071, 14.645982880680673], [-90.51380621162937, 14.646088142470212], [-90.51367776370328, 14.646069140110987], [-90.513694190334, 14.645963879029816]]]}}, {"id": "103", "type": "Feature", "properties": {"building_uid": 1267}, "geometry": {"type": "Polygon", "coordinates": [[[-90.51449725918675, 14.644101025440293], [-90.51448717365226, 14.644172429703183], [-90.51408933072436, 14.644119162185797], [-90.51409941699994, 14.644047757489753], [-90.51449725918675, 14.644101025440293]]]}}, {"id": "104", "type": "Feature", "properties": {"building_uid": 1268}, "geometry": {"type": "Polygon", "coordinates": [[[-90.51449708952083, 14.644102222731936], [-90.51409995069935, 14.644047825624929], [-90.51412217647479, 14.643894012552252], [-90.51451931435126, 14.643948409139636], [-90.51449708952083, 14.644102222731936]]]}}, {"id": "105", "type": "Feature", "properties": {"building_uid": 1269}, "geometry": {"type": "Polygon", "coordinates": [[[-90.51429770767989, 14.643794546014776], [-90.51453764503793, 14.643830389469255], [-90.51451682129314, 14.643962524155285], [-90.51427688423631, 14.643926680943798], [-90.51429770767989, 14.643794546014776]]]}}, {"id": "106", "type": "Feature", "properties": {"building_uid": 1271}, "geometry": {"type": "Polygon", "coordinates": [[[-90.51330304335029, 14.643376285959905], [-90.51352375728723, 14.643410807946564], [-90.51350862383586, 14.643502525737784], [-90.51328790981417, 14.64346800372292], [-90.51330304335029, 14.643376285959905]]]}}, {"id": "107", "type": "Feature", "properties": {"building_uid": 1272}, "geometry": {"type": "Polygon", "coordinates": [[[-90.51223587317527, 14.644060924104762], [-90.5122617157734, 14.643871202643908], [-90.5124205120002, 14.643891706415966], [-90.51239466953058, 14.644081427915316], [-90.51223587317527, 14.644060924104762]]]}}, {"id": "108", "type": "Feature", "properties": {"building_uid": 1297}, "geometry": {"type": "Polygon", "coordinates": [[[-90.51372203773548, 14.644375748911715], [-90.51369434688607, 14.644585873592398], [-90.51363298211325, 14.644578207416597], [-90.5136606730178, 14.644368082752155], [-90.51372203773548, 14.644375748911715]]]}}, {"id": "109", "type": "Feature", "properties": {"building_uid": 1300}, "geometry": {"type": "Polygon", "coordinates": [[[-90.51533330114331, 14.644467238644841], [-90.5153191527212, 14.644572319885059], [-90.51525320100173, 14.64456390233587], [-90.51526735001956, 14.644458821459883], [-90.51533330114331, 14.644467238644841]]]}}, {"id": "110", "type": "Feature", "properties": {"building_uid": 1302}, "geometry": {"type": "Polygon", "coordinates": [[[-90.51518467008356, 14.644352059135814], [-90.51534647955438, 14.644374095801902], [-90.51533634720936, 14.644444619854896], [-90.51517453814269, 14.644422583463466], [-90.51518467008356, 14.644352059135814]]]}}, {"id": "111", "type": "Feature", "properties": {"building_uid": 1303}, "geometry": {"type": "Polygon", "coordinates": [[[-90.51497382701588, 14.644233222480866], [-90.5153575613023, 14.644277216789472], [-90.51534585422455, 14.644374010525567], [-90.51496212038792, 14.6443300148316], [-90.51497382701588, 14.644233222480866]]]}}, {"id": "112", "type": "Feature", "properties": {"building_uid": 1405}, "geometry": {"type": "Polygon", "coordinates": [[[-90.51221162024605, 14.64640039836725], [-90.5121768369228, 14.646636474267812], [-90.5118770278129, 14.646594601212396], [-90.51191181143602, 14.646358525405468], [-90.51221162024605, 14.64640039836725]]]}}, {"id": "113", "type": "Feature", "properties": {"building_uid": 1406}, "geometry": {"type": "Polygon", "coordinates": [[[-90.51191079762391, 14.64636540615936], [-90.51192656320667, 14.64624761376425], [-90.51222844693501, 14.646285914482103], [-90.5122126815042, 14.646403706922316], [-90.51191079762391, 14.64636540615936]]]}}, {"id": "114", "type": "Feature", "properties": {"building_uid": 1408}, "geometry": {"type": "Polygon", "coordinates": [[[-90.51213058104557, 14.646040707380807], [-90.51211494555051, 14.646151729434443], [-90.51194172299475, 14.646128604737852], [-90.51195735857162, 14.646017582709156], [-90.51213058104557, 14.646040707380807]]]}}, {"id": "115", "type": "Feature", "properties": {"building_uid": 1409}, "geometry": {"type": "Polygon", "coordinates": [[[-90.5119426627137, 14.64612732624281], [-90.5122470097866, 14.646170435730088], [-90.51222907479129, 14.64629046267015], [-90.51192472756382, 14.646247353134216], [-90.5119426627137, 14.64612732624281]]]}}, {"id": "116", "type": "Feature", "properties": {"building_uid": 1410}, "geometry": {"type": "Polygon", "coordinates": [[[-90.51373445849234, 14.64669389264229], [-90.51334945261215, 14.646639059657153], [-90.51336257711256, 14.646551710577032], [-90.51374758206707, 14.646606544747003], [-90.51373445849234, 14.64669389264229]]]}}, {"id": "117", "type": "Feature", "properties": {"building_uid": 1411}, "geometry": {"type": "Polygon", "coordinates": [[[-90.5134915452448, 14.646846858989685], [-90.51332329062481, 14.64682109937413], [-90.5133365905288, 14.646738754334148], [-90.5135048456426, 14.646764514297004], [-90.5134915452448, 14.646846858989685]]]}}, {"id": "118", "type": "Feature", "properties": {"building_uid": 1412}, "geometry": {"type": "Polygon", "coordinates": [[[-90.51417824900592, 14.646444049038431], [-90.51387576603348, 14.646396842205327], [-90.51388881915165, 14.646317561607326], [-90.51419130137967, 14.646364767976856], [-90.51417824900592, 14.646444049038431]]]}}, {"id": "119", "type": "Feature", "properties": {"building_uid": 1413}, "geometry": {"type": "Polygon", "coordinates": [[[-90.51387911881147, 14.646397365619956], [-90.51417871249328, 14.64644412120692], [-90.51416553765485, 14.646524146019498], [-90.51386594322862, 14.646477389968974], [-90.51387911881147, 14.646397365619956]]]}}, {"id": "120", "type": "Feature", "properties": {"building_uid": 1414}, "geometry": {"type": "Polygon", "coordinates": [[[-90.5141466240081, 14.64665679330519], [-90.51384102100303, 14.646610970084492], [-90.51386218251105, 14.646477193408796], [-90.51416778454302, 14.646523016917886], [-90.5141466240081, 14.64665679330519]]]}}, {"id": "121", "type": "Feature", "properties": {"building_uid": 1426}, "geometry": {"type": "Polygon", "coordinates": [[[-90.51288925177174, 14.644576305002944], [-90.51303185404106, 14.644597387457406], [-90.51298471523872, 14.644899632819879], [-90.51284211296134, 14.644878550420836], [-90.51288925177174, 14.644576305002944]]]}}, {"id": "122", "type": "Feature", "properties": {"building_uid": 1428}, "geometry": {"type": "Polygon", "coordinates": [[[-90.51325385229, 14.645218499412495], [-90.513407511704, 14.645243713846796], [-90.51338480517758, 14.645374887000582], [-90.5132311449609, 14.645349672928148], [-90.51325385229, 14.645218499412495]]]}}, {"id": "123", "type": "Feature", "properties": {"building_uid": 1429}, "geometry": {"type": "Polygon", "coordinates": [[[-90.51341872454618, 14.645246625830161], [-90.51321969573686, 14.645213334079132], [-90.51324140928877, 14.645090283857972], [-90.51344043804367, 14.645123575606142], [-90.51341872454618, 14.645246625830161]]]}}, {"id": "124", "type": "Feature", "properties": {"building_uid": 1430}, "geometry": {"type": "Polygon", "coordinates": [[[-90.51280092577827, 14.645200499237252], [-90.5130271852171, 14.645232246560505], [-90.51301093865051, 14.645342003347345], [-90.51278467910652, 14.645310255991198], [-90.51280092577827, 14.645200499237252]]]}}, {"id": "125", "type": "Feature", "properties": {"building_uid": 763}, "geometry": {"type": "Polygon", "coordinates": [[[-90.5145565609347, 14.645218666465329], [-90.51445946097643, 14.645204806548119], [-90.5144714815702, 14.645124972047356], [-90.51456858240577, 14.645138830806964], [-90.5145565609347, 14.645218666465329]]]}}, {"id": "126", "type": "Feature", "properties": {"building_uid": 1431}, "geometry": {"type": "Polygon", "coordinates": [[[-90.51278560989348, 14.645310386718988], [-90.51300884573199, 14.645340245750873], [-90.51300042410294, 14.64539992588028], [-90.51277718912682, 14.64537006568606], [-90.51278560989348, 14.645310386718988]]]}}, {"id": "127", "type": "Feature", "properties": {"building_uid": 1542}, "geometry": {"type": "Polygon", "coordinates": [[[-90.51506654712601, 14.64507034598972], [-90.51493773352578, 14.645053916097577], [-90.5149588856371, 14.6448967199266], [-90.51508769835641, 14.644913150156237], [-90.51506654712601, 14.64507034598972]]]}}, {"id": "128", "type": "Feature", "properties": {"building_uid": 1543}, "geometry": {"type": "Polygon", "coordinates": [[[-90.51527264877866, 14.644943525046967], [-90.5152475226524, 14.64511561940627], [-90.51506018296125, 14.645089691691282], [-90.51508530846691, 14.644917596887542], [-90.51527264877866, 14.644943525046967]]]}}, {"id": "129", "type": "Feature", "properties": {"building_uid": 1544}, "geometry": {"type": "Polygon", "coordinates": [[[-90.51524817868571, 14.645111120421527], [-90.51522223132005, 14.645284411756538], [-90.51516732499407, 14.645276619025749], [-90.51519327239998, 14.6451033277034], [-90.51524817868571, 14.645111120421527]]]}}, {"id": "130", "type": "Feature", "properties": {"building_uid": 1545}, "geometry": {"type": "Polygon", "coordinates": [[[-90.5149126430019, 14.645225716400942], [-90.51522552909677, 14.645276705118524], [-90.51519556640855, 14.645450993059802], [-90.51488268008639, 14.645400004264742], [-90.5149126430019, 14.645225716400942]]]}}, {"id": "131", "type": "Feature", "properties": {"building_uid": 1546}, "geometry": {"type": "Polygon", "coordinates": [[[-90.5150577006057, 14.645522682470451], [-90.51507004506534, 14.645428113323117], [-90.515198495259, 14.645444006911134], [-90.51518615085135, 14.645538576073697], [-90.5150577006057, 14.645522682470451]]]}}, {"id": "132", "type": "Feature", "properties": {"building_uid": 1549}, "geometry": {"type": "Polygon", "coordinates": [[[-90.51391837619536, 14.645345573404244], [-90.51431986264946, 14.645391317927904], [-90.51430700510674, 14.645498293602406], [-90.51390551846767, 14.645452549026693], [-90.51391837619536, 14.645345573404244]]]}}, {"id": "133", "type": "Feature", "properties": {"building_uid": 1551}, "geometry": {"type": "Polygon", "coordinates": [[[-90.51396518758897, 14.645887392877112], [-90.5138625014684, 14.645871849126882], [-90.51388273607823, 14.645745140678846], [-90.5139854221441, 14.645760684411233], [-90.51396518758897, 14.645887392877112]]]}}, {"id": "134", "type": "Feature", "properties": {"building_uid": 1552}, "geometry": {"type": "Polygon", "coordinates": [[[-90.51282076556012, 14.645588737288133], [-90.51280454042227, 14.645710320506515], [-90.51273040779427, 14.645700942168721], [-90.51274663297065, 14.645579358961754], [-90.51282076556012, 14.645588737288133]]]}}, {"id": "135", "type": "Feature", "properties": {"building_uid": 1553}, "geometry": {"type": "Polygon", "coordinates": [[[-90.51284799271443, 14.645503864436824], [-90.51283614769929, 14.64559090779942], [-90.51274777828928, 14.645579508592103], [-90.51275962333723, 14.645492465239332], [-90.51284799271443, 14.645503864436824]]]}}, {"id": "136", "type": "Feature", "properties": {"building_uid": 1554}, "geometry": {"type": "Polygon", "coordinates": [[[-90.51275961755974, 14.645494085916596], [-90.51277736525984, 14.645368828715743], [-90.51297690615547, 14.645395629580667], [-90.51295915946909, 14.64552088652706], [-90.51275961755974, 14.645494085916596]]]}}, {"id": "137", "type": "Feature", "properties": {"building_uid": 1556}, "geometry": {"type": "Polygon", "coordinates": [[[-90.51311632265275, 14.64491494424903], [-90.51308080417094, 14.64513833572609], [-90.51281198094414, 14.645097819349816], [-90.51284749967843, 14.644874427954996], [-90.51311632265275, 14.64491494424903]]]}}, {"id": "138", "type": "Feature", "properties": {"building_uid": 1557}, "geometry": {"type": "Polygon", "coordinates": [[[-90.5129666660022, 14.64495154456765], [-90.51303256944415, 14.644593498735812], [-90.5131825247238, 14.644619662563349], [-90.51311662110363, 14.644977708638184], [-90.5129666660022, 14.64495154456765]]]}}, {"id": "139", "type": "Feature", "properties": {"building_uid": 1558}, "geometry": {"type": "Polygon", "coordinates": [[[-90.51325517273224, 14.64463040278618], [-90.51334113453115, 14.644643111279132], [-90.5132927958159, 14.64495305220475], [-90.51320683390475, 14.644940343675648], [-90.51325517273224, 14.64463040278618]]]}}, {"id": "140", "type": "Feature", "properties": {"building_uid": 1559}, "geometry": {"type": "Polygon", "coordinates": [[[-90.51320800036683, 14.644939512985983], [-90.51312521788685, 14.644926222199235], [-90.513177435014, 14.64461792118458], [-90.51326021738741, 14.644631211935323], [-90.51320800036683, 14.644939512985983]]]}}, {"id": "141", "type": "Feature", "properties": {"building_uid": 2593}, "geometry": {"type": "Polygon", "coordinates": [[[-90.51541867526264, 14.643833160636188], [-90.51539233710257, 14.644028777562706], [-90.51524418479272, 14.644009868224126], [-90.51527052307655, 14.643814251334431], [-90.51541867526264, 14.643833160636188]]]}}, {"id": "142", "type": "Feature", "properties": {"building_uid": 2594}, "geometry": {"type": "Polygon", "coordinates": [[[-90.51530311012989, 14.644160884654317], [-90.5153214028283, 14.644018152279163], [-90.51539259002578, 14.644026800434226], [-90.51537429737091, 14.644169532822021], [-90.51530311012989, 14.644160884654317]]]}}, {"id": "143", "type": "Feature", "properties": {"building_uid": 2595}, "geometry": {"type": "Polygon", "coordinates": [[[-90.51498395483854, 14.644158206892595], [-90.51511102745523, 14.644174475776635], [-90.51510089535888, 14.644249494851648], [-90.51497382270149, 14.64423322595547], [-90.51498395483854, 14.644158206892595]]]}}, {"id": "144", "type": "Feature", "properties": {"building_uid": 2596}, "geometry": {"type": "Polygon", "coordinates": [[[-90.51530459062863, 14.644680477871011], [-90.51524274852727, 14.644670995493811], [-90.51525061515534, 14.644622366492046], [-90.51531245724408, 14.6446318488651], [-90.51530459062863, 14.644680477871011]]]}}, {"id": "145", "type": "Feature", "properties": {"building_uid": 2597}, "geometry": {"type": "Polygon", "coordinates": [[[-90.51411913962204, 14.644654214728249], [-90.5141736151642, 14.644285753622883], [-90.51427916454088, 14.644300545767974], [-90.51422468981016, 14.644669007342278], [-90.51411913962204, 14.644654214728249]]]}}, {"id": "146", "type": "Feature", "properties": {"building_uid": 2598}, "geometry": {"type": "Polygon", "coordinates": [[[-90.51421184632433, 14.644667207033343], [-90.5142407538202, 14.644509757769402], [-90.51435591184038, 14.644529799601242], [-90.51432700451709, 14.644687248959572], [-90.51421184632433, 14.644667207033343]]]}}, {"id": "147", "type": "Feature", "properties": {"building_uid": 2599}, "geometry": {"type": "Polygon", "coordinates": [[[-90.51427268198196, 14.644299703029537], [-90.51446565411185, 14.644324781058222], [-90.51444608861583, 14.644467493176169], [-90.51425311753955, 14.644442415851296], [-90.51427268198196, 14.644299703029537]]]}}, {"id": "148", "type": "Feature", "properties": {"building_uid": 2689}, "geometry": {"type": "Polygon", "coordinates": [[[-90.51479991201799, 14.648360084667843], [-90.51450825715447, 14.648321006756936], [-90.5145171347275, 14.64825820386913], [-90.51480878918296, 14.648297283275868], [-90.51479991201799, 14.648360084667843]]]}}, {"id": "149", "type": "Feature", "properties": {"building_uid": 2690}, "geometry": {"type": "Polygon", "coordinates": [[[-90.51480770271249, 14.648304293501392], [-90.51451326517977, 14.64825758930559], [-90.51452585653006, 14.648182344115744], [-90.5148202943582, 14.648229046788373], [-90.51480770271249, 14.648304293501392]]]}}, {"id": "150", "type": "Feature", "properties": {"building_uid": 2691}, "geometry": {"type": "Polygon", "coordinates": [[[-90.51458355900668, 14.648331095669045], [-90.51480006530318, 14.648360104428754], [-90.51478441654807, 14.648470810490595], [-90.51456791032325, 14.64844180094542], [-90.51458355900668, 14.648331095669045]]]}}, {"id": "151", "type": "Feature", "properties": {"building_uid": 2693}, "geometry": {"type": "Polygon", "coordinates": [[[-90.51481542618184, 14.648248983706399], [-90.51452155124525, 14.648181353740409], [-90.51455356031123, 14.648049511612625], [-90.51484743502365, 14.648117141912795], [-90.51481542618184, 14.648248983706399]]]}}, {"id": "152", "type": "Feature", "properties": {"building_uid": 2694}, "geometry": {"type": "Polygon", "coordinates": [[[-90.51455414236626, 14.647958355750827], [-90.5148552020801, 14.648022666884026], [-90.51483371427081, 14.648118017711933], [-90.51453265427492, 14.648053707309037], [-90.51455414236626, 14.647958355750827]]]}}, {"id": "153", "type": "Feature", "properties": {"building_uid": 2695}, "geometry": {"type": "Polygon", "coordinates": [[[-90.51448587516256, 14.647864154800345], [-90.51450304223728, 14.647755676261886], [-90.51487846726987, 14.647811992818955], [-90.51486129963303, 14.647920470929508], [-90.51448587516256, 14.647864154800345]]]}}, {"id": "154", "type": "Feature", "properties": {"building_uid": 2696}, "geometry": {"type": "Polygon", "coordinates": [[[-90.514502097522, 14.647761640792293], [-90.5145230893394, 14.647641526475537], [-90.51489544805473, 14.647703210780275], [-90.5148744564234, 14.647823325161088], [-90.514502097522, 14.647761640792293]]]}}, {"id": "155", "type": "Feature", "properties": {"building_uid": 2697}, "geometry": {"type": "Polygon", "coordinates": [[[-90.5145636913505, 14.647875549714392], [-90.514863223205, 14.647920760557033], [-90.51484726582349, 14.64802097118324], [-90.5145477344555, 14.647975758958745], [-90.5145636913505, 14.647875549714392]]]}}, {"id": "156", "type": "Feature", "properties": {"building_uid": 2698}, "geometry": {"type": "Polygon", "coordinates": [[[-90.51482952804818, 14.647425955647002], [-90.51475131302212, 14.647413326174812], [-90.51479454643733, 14.647159525531656], [-90.51487276138054, 14.647172154975763], [-90.51482952804818, 14.647425955647002]]]}}, {"id": "157", "type": "Feature", "properties": {"building_uid": 2699}, "geometry": {"type": "Polygon", "coordinates": [[[-90.51479645846472, 14.647159834424501], [-90.51475131302212, 14.647413326174812], [-90.51469343659168, 14.647403554979519], [-90.51473858209518, 14.647150063250427], [-90.51479645846472, 14.647159834424501]]]}}, {"id": "158", "type": "Feature", "properties": {"building_uid": 2700}, "geometry": {"type": "Polygon", "coordinates": [[[-90.514852674175, 14.64716897738832], [-90.51496644937178, 14.647187482217216], [-90.51495142873196, 14.647275026293737], [-90.51483765330815, 14.647256522203264], [-90.514852674175, 14.64716897738832]]]}}, {"id": "159", "type": "Feature", "properties": {"building_uid": 2701}, "geometry": {"type": "Polygon", "coordinates": [[[-90.51493866777686, 14.647366412136163], [-90.51483069575316, 14.647351915653909], [-90.51484433755527, 14.64725560877944], [-90.51495230899097, 14.647270106631767], [-90.51493866777686, 14.647366412136163]]]}}, {"id": "160", "type": "Feature", "properties": {"building_uid": 2702}, "geometry": {"type": "Polygon", "coordinates": [[[-90.51491456778632, 14.647539000601471], [-90.51466219046159, 14.647504361105435], [-90.514671325034, 14.64744127513556], [-90.51492370178279, 14.647475914284753], [-90.51491456778632, 14.647539000601471]]]}}, {"id": "161", "type": "Feature", "properties": {"building_uid": 2703}, "geometry": {"type": "Polygon", "coordinates": [[[-90.51492330673882, 14.647476417955428], [-90.51486603660656, 14.647468428813166], [-90.51488220985216, 14.647358535826429], [-90.51493947995773, 14.647366524960372], [-90.51492330673882, 14.647476417955428]]]}}, {"id": "162", "type": "Feature", "properties": {"building_uid": 2704}, "geometry": {"type": "Polygon", "coordinates": [[[-90.51456691460841, 14.64742777466689], [-90.51463520227375, 14.647128095351757], [-90.51474280039317, 14.647151336461693], [-90.51467451236195, 14.647451016359815], [-90.51456691460841, 14.64742777466689]]]}}, {"id": "163", "type": "Feature", "properties": {"building_uid": 2705}, "geometry": {"type": "Polygon", "coordinates": [[[-90.5144559163877, 14.647411798091964], [-90.51450214130328, 14.647111966240006], [-90.51463164959057, 14.647130891890294], [-90.51458542524985, 14.647430724063401], [-90.5144559163877, 14.647411798091964]]]}}, {"id": "164", "type": "Feature", "properties": {"building_uid": 2706}, "geometry": {"type": "Polygon", "coordinates": [[[-90.51435194635887, 14.647087538161223], [-90.51442766359783, 14.647099853013534], [-90.51440268584203, 14.647245427468828], [-90.51432696855713, 14.647233112600851], [-90.51435194635887, 14.647087538161223]]]}}, {"id": "165", "type": "Feature", "properties": {"building_uid": 2708}, "geometry": {"type": "Polygon", "coordinates": [[[-90.51447987701273, 14.647256382214076], [-90.51440193612066, 14.647244547178685], [-90.51442517579807, 14.647099475454004], [-90.51450311664262, 14.647111310473855], [-90.51447987701273, 14.647256382214076]]]}}, {"id": "166", "type": "Feature", "properties": {"building_uid": 2711}, "geometry": {"type": "Polygon", "coordinates": [[[-90.5145348622916, 14.647542071421947], [-90.51490822799676, 14.647597730436287], [-90.51489162066514, 14.647703332557871], [-90.51451825451502, 14.64764767330631], [-90.5145348622916, 14.647542071421947]]]}}, {"id": "167", "type": "Feature", "properties": {"building_uid": 2712}, "geometry": {"type": "Polygon", "coordinates": [[[-90.51473532831619, 14.647514399435666], [-90.5149148628103, 14.647539040837696], [-90.51490640476092, 14.647597458783169], [-90.51472686971394, 14.647572817041423], [-90.51473532831619, 14.647514399435666]]]}}, {"id": "168", "type": "Feature", "properties": {"building_uid": 701}, "geometry": {"type": "Polygon", "coordinates": [[[-90.51204240980515, 14.64589107715798], [-90.51224597903456, 14.64591943196033], [-90.51223394088836, 14.646001360383165], [-90.51203037113623, 14.645973005267521], [-90.51204240980515, 14.64589107715798]]]}}, {"id": "169", "type": "Feature", "properties": {"building_uid": 2720}, "geometry": {"type": "Polygon", "coordinates": [[[-90.51432241557836, 14.648404000144522], [-90.51435530135237, 14.648179570181345], [-90.5144469190462, 14.64819229521467], [-90.51441403187363, 14.64841672598324], [-90.51432241557836, 14.648404000144522]]]}}, {"id": "170", "type": "Feature", "properties": {"building_uid": 2728}, "geometry": {"type": "Polygon", "coordinates": [[[-90.51507072440532, 14.646394210654233], [-90.51505891533377, 14.646473858557203], [-90.51485696517281, 14.64644547579683], [-90.51486877431248, 14.646365827915185], [-90.51507072440532, 14.646394210654233]]]}}, {"id": "171", "type": "Feature", "properties": {"building_uid": 2729}, "geometry": {"type": "Polygon", "coordinates": [[[-90.51479333430106, 14.646434667042932], [-90.51506101781148, 14.64647416885874], [-90.51503795717947, 14.646622299051375], [-90.51477027358459, 14.646582797236018], [-90.51479333430106, 14.646434667042932]]]}}, {"id": "172", "type": "Feature", "properties": {"building_uid": 2730}, "geometry": {"type": "Polygon", "coordinates": [[[-90.51459257917814, 14.647017212515918], [-90.51467382313952, 14.646530530494966], [-90.51497065441055, 14.646577499910753], [-90.51488941033594, 14.647064183404941], [-90.51459257917814, 14.647017212515918]]]}}, {"id": "173", "type": "Feature", "properties": {"building_uid": 2731}, "geometry": {"type": "Polygon", "coordinates": [[[-90.51504139128407, 14.646597345164846], [-90.51497518547528, 14.647078329450464], [-90.51478518693652, 14.64705353839422], [-90.51485139381339, 14.646572554654469], [-90.51504139128407, 14.646597345164846]]]}}, {"id": "174", "type": "Feature", "properties": {"building_uid": 2734}, "geometry": {"type": "Polygon", "coordinates": [[[-90.51422819063332, 14.646873062771084], [-90.51440034175322, 14.646895909118737], [-90.51438800774058, 14.646984006002073], [-90.51421585655612, 14.646961159634808], [-90.51422819063332, 14.646873062771084]]]}}, {"id": "175", "type": "Feature", "properties": {"building_uid": 2736}, "geometry": {"type": "Polygon", "coordinates": [[[-90.51460465309842, 14.646693925513144], [-90.51455517552927, 14.64700963862367], [-90.51446940548064, 14.646996896596285], [-90.51451888316383, 14.646681183522587], [-90.51460465309842, 14.646693925513144]]]}}, {"id": "176", "type": "Feature", "properties": {"building_uid": 2738}, "geometry": {"type": "Polygon", "coordinates": [[[-90.51450524461399, 14.646769748854531], [-90.51446946599508, 14.646996507187124], [-90.51438548136791, 14.646983946476809], [-90.51442125963742, 14.646757187887257], [-90.51450524461399, 14.646769748854531]]]}}, {"id": "177", "type": "Feature", "properties": {"building_uid": 2741}, "geometry": {"type": "Polygon", "coordinates": [[[-90.51377595011722, 14.646272822287866], [-90.51382067438423, 14.645982590390929], [-90.51399045945487, 14.646007391344062], [-90.51394573611049, 14.646297622904218], [-90.51377595011722, 14.646272822287866]]]}}, {"id": "178", "type": "Feature", "properties": {"building_uid": 2742}, "geometry": {"type": "Polygon", "coordinates": [[[-90.51346939608499, 14.64627999787107], [-90.51345092469691, 14.646401870186562], [-90.51338117140938, 14.646391848783116], [-90.5133996427215, 14.646269976406236], [-90.51346939608499, 14.64627999787107]]]}}, {"id": "179", "type": "Feature", "properties": {"building_uid": 2745}, "geometry": {"type": "Polygon", "coordinates": [[[-90.5136233171867, 14.646675200023182], [-90.5135955209459, 14.64686277767824], [-90.51351136003228, 14.646850956299918], [-90.5135391568653, 14.646663378137076], [-90.5136233171867, 14.646675200023182]]]}}, {"id": "180", "type": "Feature", "properties": {"building_uid": 2746}, "geometry": {"type": "Polygon", "coordinates": [[[-90.51333633008278, 14.646740427952308], [-90.51335127850213, 14.64663775534355], [-90.51354064645216, 14.646663889779532], [-90.51352569795105, 14.646766562308382], [-90.51333633008278, 14.646740427952308]]]}}, {"id": "181", "type": "Feature", "properties": {"building_uid": 2747}, "geometry": {"type": "Polygon", "coordinates": [[[-90.5137328860649, 14.64814041790976], [-90.51393285639685, 14.648171196266622], [-90.51392283595861, 14.648232902884136], [-90.51372286648646, 14.648202124242047], [-90.5137328860649, 14.64814041790976]]]}}, {"id": "182", "type": "Feature", "properties": {"building_uid": 2748}, "geometry": {"type": "Polygon", "coordinates": [[[-90.51393172405068, 14.648171022390954], [-90.51376417334977, 14.648145233491833], [-90.51377499970302, 14.64807855311331], [-90.51394255218017, 14.648104341460643], [-90.51393172405068, 14.648171022390954]]]}}, {"id": "183", "type": "Feature", "properties": {"building_uid": 2749}, "geometry": {"type": "Polygon", "coordinates": [[[-90.51390651509307, 14.648344386868143], [-90.51375419011771, 14.648320982017653], [-90.51377285431613, 14.648205836654311], [-90.51392517966833, 14.648229241779894], [-90.51390651509307, 14.648344386868143]]]}}, {"id": "184", "type": "Feature", "properties": {"building_uid": 2750}, "geometry": {"type": "Polygon", "coordinates": [[[-90.51364919521863, 14.648305021921717], [-90.51367732822824, 14.648129642968472], [-90.51378503966953, 14.648146020972192], [-90.51375690697805, 14.64832139923612], [-90.51364919521863, 14.648305021921717]]]}}, {"id": "185", "type": "Feature", "properties": {"building_uid": 2751}, "geometry": {"type": "Polygon", "coordinates": [[[-90.51394086972127, 14.648107348531715], [-90.51368359271869, 14.648062683888208], [-90.51370215137155, 14.647961350819859], [-90.51395942860213, 14.648006014774413], [-90.51394086972127, 14.648107348531715]]]}}, {"id": "186", "type": "Feature", "properties": {"building_uid": 2752}, "geometry": {"type": "Polygon", "coordinates": [[[-90.51372627317748, 14.64786190839019], [-90.51397220719679, 14.64789821975994], [-90.51395552189192, 14.648005337271233], [-90.5137095882307, 14.647969026173463], [-90.51372627317748, 14.64786190839019]]]}}, {"id": "187", "type": "Feature", "properties": {"building_uid": 2753}, "geometry": {"type": "Polygon", "coordinates": [[[-90.51379447652839, 14.647776818292936], [-90.51398488466072, 14.647803432109828], [-90.51397093448898, 14.647898031610952], [-90.51378052804355, 14.647871417171872], [-90.51379447652839, 14.647776818292936]]]}}, {"id": "188", "type": "Feature", "properties": {"building_uid": 2755}, "geometry": {"type": "Polygon", "coordinates": [[[-90.51401144049427, 14.647616020456299], [-90.51400005827303, 14.647695266156385], [-90.51392069853789, 14.647684461382159], [-90.51393208078584, 14.647605215690296], [-90.51401144049427, 14.647616020456299]]]}}, {"id": "189", "type": "Feature", "properties": {"building_uid": 2757}, "geometry": {"type": "Polygon", "coordinates": [[[-90.51380252973345, 14.647346248701263], [-90.51404596778993, 14.6473824707331], [-90.51403440130352, 14.64745616086592], [-90.51379096253734, 14.64741993839265], [-90.51380252973345, 14.647346248701263]]]}}, {"id": "190", "type": "Feature", "properties": {"building_uid": 2758}, "geometry": {"type": "Polygon", "coordinates": [[[-90.51371754252536, 14.647491875012637], [-90.51402366392934, 14.647536418365167], [-90.51401138165073, 14.647616429379518], [-90.51370526041195, 14.647571885299046], [-90.51371754252536, 14.647491875012637]]]}}, {"id": "191", "type": "Feature", "properties": {"building_uid": 2759}, "geometry": {"type": "Polygon", "coordinates": [[[-90.51402288985473, 14.647536306465057], [-90.5137175422568, 14.647491875707649], [-90.51373090238003, 14.64740484606534], [-90.51403624986581, 14.647449276786938], [-90.51402288985473, 14.647536306465057]]]}}, {"id": "192", "type": "Feature", "properties": {"building_uid": 2761}, "geometry": {"type": "Polygon", "coordinates": [[[-90.51407455768073, 14.647176578473715], [-90.51406820499665, 14.647220807648713], [-90.51385363452917, 14.647191594225742], [-90.51385998687611, 14.647147364821688], [-90.51407455768073, 14.647176578473715]]]}}, {"id": "193", "type": "Feature", "properties": {"building_uid": 2762}, "geometry": {"type": "Polygon", "coordinates": [[[-90.51405694780557, 14.647300201854513], [-90.5138422031742, 14.64727133500213], [-90.51385351502772, 14.64719156851644], [-90.51406825894193, 14.647220434935925], [-90.51405694780557, 14.647300201854513]]]}}, {"id": "194", "type": "Feature", "properties": {"building_uid": 2763}, "geometry": {"type": "Polygon", "coordinates": [[[-90.513800363729, 14.647265710425119], [-90.51405680473204, 14.647300182298023], [-90.51404515358237, 14.647382347340072], [-90.51378871248974, 14.64734787543975], [-90.513800363729, 14.647265710425119]]]}}, {"id": "195", "type": "Feature", "properties": {"building_uid": 764}, "geometry": {"type": "Polygon", "coordinates": [[[-90.51445034051055, 14.645286577772904], [-90.5144610087432, 14.645205028102986], [-90.51464853371105, 14.645228281541014], [-90.51463786554386, 14.645309831230131], [-90.51445034051055, 14.645286577772904]]]}}, {"id": "196", "type": "Feature", "properties": {"building_uid": 2764}, "geometry": {"type": "Polygon", "coordinates": [[[-90.51407437504086, 14.647177852933591], [-90.51393259273013, 14.647157683894067], [-90.51395225822064, 14.647026636067274], [-90.51409404156217, 14.647046804063688], [-90.51407437504086, 14.647177852933591]]]}}, {"id": "197", "type": "Feature", "properties": {"building_uid": 2765}, "geometry": {"type": "Polygon", "coordinates": [[[-90.5139523262694, 14.647026179843092], [-90.51393264021264, 14.647157684372578], [-90.51385801931261, 14.647147095616678], [-90.51387770575488, 14.647015590454487], [-90.5139523262694, 14.647026179843092]]]}}, {"id": "198", "type": "Feature", "properties": {"building_uid": 2767}, "geometry": {"type": "Polygon", "coordinates": [[[-90.51376062309666, 14.647187563073294], [-90.51378836579964, 14.647002353910976], [-90.51388118923455, 14.647015533288599], [-90.51385344701738, 14.647200742741477], [-90.51376062309666, 14.647187563073294]]]}}, {"id": "199", "type": "Feature", "properties": {"building_uid": 2768}, "geometry": {"type": "Polygon", "coordinates": [[[-90.51368236868062, 14.647158443428765], [-90.51371008895768, 14.64699013348013], [-90.51379081773112, 14.647002736694422], [-90.51376309752419, 14.647171046670787], [-90.51368236868062, 14.647158443428765]]]}}, {"id": "200", "type": "Feature", "properties": {"building_uid": 2769}, "geometry": {"type": "Polygon", "coordinates": [[[-90.51361467982139, 14.646976620620965], [-90.5137099888157, 14.646990741604542], [-90.51368374579197, 14.647158639884323], [-90.51358843673025, 14.647144518879013], [-90.51361467982139, 14.646976620620965]]]}}, {"id": "201", "type": "Feature", "properties": {"building_uid": 2770}, "geometry": {"type": "Polygon", "coordinates": [[[-90.51328288827348, 14.647032517484012], [-90.51360027382536, 14.647076864880365], [-90.51358141511773, 14.64720480258596], [-90.5132640293938, 14.647160455135898], [-90.51328288827348, 14.647032517484012]]]}}, {"id": "202", "type": "Feature", "properties": {"building_uid": 2771}, "geometry": {"type": "Polygon", "coordinates": [[[-90.51360012675852, 14.647076844797432], [-90.51328161297234, 14.647032340339445], [-90.513296770027, 14.646929518807099], [-90.51361528255231, 14.646974024233613], [-90.51360012675852, 14.647076844797432]]]}}, {"id": "203", "type": "Feature", "properties": {"building_uid": 2772}, "geometry": {"type": "Polygon", "coordinates": [[[-90.51368305728244, 14.647741029471335], [-90.51319256068405, 14.647665260433447], [-90.5132217279774, 14.647486277702416], [-90.51371222522333, 14.647562045545758], [-90.51368305728244, 14.647741029471335]]]}}, {"id": "204", "type": "Feature", "properties": {"building_uid": 2773}, "geometry": {"type": "Polygon", "coordinates": [[[-90.51323188613014, 14.64741091166938], [-90.51349543061224, 14.647449891248764], [-90.51348260840284, 14.647532071205738], [-90.5132190638295, 14.64749309159693], [-90.51323188613014, 14.64741091166938]]]}}, {"id": "205", "type": "Feature", "properties": {"building_uid": 2774}, "geometry": {"type": "Polygon", "coordinates": [[[-90.51349616499678, 14.647449999337539], [-90.51322828074964, 14.647410377882963], [-90.51325528607225, 14.647237300961782], [-90.51352317079557, 14.647276921922693], [-90.51349616499678, 14.647449999337539]]]}}, {"id": "206", "type": "Feature", "properties": {"building_uid": 2775}, "geometry": {"type": "Polygon", "coordinates": [[[-90.51335455174876, 14.647220083478102], [-90.51325819072781, 14.647205388439358], [-90.51326680354694, 14.647151849434296], [-90.5133631650713, 14.647166543066705], [-90.51335455174876, 14.647220083478102]]]}}, {"id": "207", "type": "Feature", "properties": {"building_uid": 2776}, "geometry": {"type": "Polygon", "coordinates": [[[-90.51322145814703, 14.648117683366646], [-90.51320352924819, 14.648236371464982], [-90.51312030210273, 14.648224453870982], [-90.51313823016281, 14.648105766952467], [-90.51322145814703, 14.648117683366646]]]}}, {"id": "208", "type": "Feature", "properties": {"building_uid": 2777}, "geometry": {"type": "Polygon", "coordinates": [[[-90.51315195141912, 14.648003966228988], [-90.51340995234567, 14.648042587993444], [-90.51339392508413, 14.64814407525014], [-90.51313592399988, 14.648105453418653], [-90.51315195141912, 14.648003966228988]]]}}, {"id": "209", "type": "Feature", "properties": {"building_uid": 2778}, "geometry": {"type": "Polygon", "coordinates": [[[-90.51318234683953, 14.647778456057999], [-90.51358048598415, 14.647833959384593], [-90.51356493815548, 14.647939677805637], [-90.51316679883692, 14.647884174426293], [-90.51318234683953, 14.647778456057999]]]}}, {"id": "210", "type": "Feature", "properties": {"building_uid": 2779}, "geometry": {"type": "Polygon", "coordinates": [[[-90.51319750093944, 14.647666024189158], [-90.51352469414721, 14.647716566777468], [-90.51350644943918, 14.647828521975686], [-90.51317925607778, 14.647777979336661], [-90.51319750093944, 14.647666024189158]]]}}, {"id": "211", "type": "Feature", "properties": {"building_uid": 2780}, "geometry": {"type": "Polygon", "coordinates": [[[-90.51356493815548, 14.647939677805637], [-90.51354565045857, 14.64806290140787], [-90.51314932557513, 14.648004097942335], [-90.51316861347776, 14.647880874406502], [-90.51356493815548, 14.647939677805637]]]}}, {"id": "212", "type": "Feature", "properties": {"building_uid": 2781}, "geometry": {"type": "Polygon", "coordinates": [[[-90.51320339347656, 14.648237272612125], [-90.51322137297521, 14.648118244878596], [-90.51330951526351, 14.648130864917944], [-90.51329153492871, 14.648249893832096], [-90.51320339347656, 14.648237272612125]]]}}, {"id": "213", "type": "Feature", "properties": {"building_uid": 2782}, "geometry": {"type": "Polygon", "coordinates": [[[-90.51339423592806, 14.648142107268457], [-90.51337614401864, 14.648262894269514], [-90.51329051191746, 14.64825073606673], [-90.51330860387066, 14.64812994907946], [-90.51339423592806, 14.648142107268457]]]}}, {"id": "214", "type": "Feature", "properties": {"building_uid": 2785}, "geometry": {"type": "Polygon", "coordinates": [[[-90.5133755562285, 14.648263842427532], [-90.51340553331742, 14.648068490056318], [-90.51354066321356, 14.64808814595682], [-90.51351068702748, 14.648283498009942], [-90.5133755562285, 14.648263842427532]]]}}, {"id": "215", "type": "Feature", "properties": {"building_uid": 2786}, "geometry": {"type": "Polygon", "coordinates": [[[-90.51261828840718, 14.64815366768542], [-90.51249763617878, 14.648137099778072], [-90.51252837929306, 14.647924884338584], [-90.51264903168521, 14.647941452387062], [-90.51261828840718, 14.64815366768542]]]}}, {"id": "216", "type": "Feature", "properties": {"building_uid": 2787}, "geometry": {"type": "Polygon", "coordinates": [[[-90.51273699205251, 14.647187342814783], [-90.51265946151307, 14.647178177525577], [-90.51270286869236, 14.64683012133617], [-90.51278039856938, 14.646839287114062], [-90.51273699205251, 14.647187342814783]]]}}, {"id": "217", "type": "Feature", "properties": {"building_uid": 2788}, "geometry": {"type": "Polygon", "coordinates": [[[-90.51286947751852, 14.646855231952086], [-90.51283625484396, 14.647088449498472], [-90.51274669457214, 14.647076356129345], [-90.51277991882397, 14.64684313782901], [-90.51286947751852, 14.646855231952086]]]}}, {"id": "218", "type": "Feature", "properties": {"building_uid": 2789}, "geometry": {"type": "Polygon", "coordinates": [[[-90.51283622191458, 14.647088675818022], [-90.51286905593041, 14.646858196206631], [-90.51299851913338, 14.646875678806094], [-90.51296568598862, 14.64710615806579], [-90.51283622191458, 14.647088675818022]]]}}, {"id": "219", "type": "Feature", "properties": {"building_uid": 2790}, "geometry": {"type": "Polygon", "coordinates": [[[-90.51315711684293, 14.64713268990141], [-90.51299468219042, 14.647110245312206], [-90.51301035476459, 14.647002729512675], [-90.51317278934302, 14.647025174078891], [-90.51315711684293, 14.64713268990141]]]}}, {"id": "220", "type": "Feature", "properties": {"building_uid": 2791}, "geometry": {"type": "Polygon", "coordinates": [[[-90.51315710280062, 14.647132687665744], [-90.51314062482153, 14.647245629724187], [-90.51281979670989, 14.64720126021902], [-90.51283627484264, 14.647088318208299], [-90.51315710280062, 14.647132687665744]]]}}, {"id": "221", "type": "Feature", "properties": {"building_uid": 2850}, "geometry": {"type": "Polygon", "coordinates": [[[-90.5121772350755, 14.647107907628895], [-90.51241426795376, 14.647118837510032], [-90.51241159788448, 14.647173741308645], [-90.51217456494817, 14.64716281141558], [-90.5121772350755, 14.647107907628895]]]}}, {"id": "222", "type": "Feature", "properties": {"building_uid": 2792}, "geometry": {"type": "Polygon", "coordinates": [[[-90.51302899961499, 14.646881406467802], [-90.51319580678731, 14.646914156462897], [-90.51317206565518, 14.647028782282897], [-90.51300525821773, 14.646996033016388], [-90.51302899961499, 14.646881406467802]]]}}, {"id": "223", "type": "Feature", "properties": {"building_uid": 2793}, "geometry": {"type": "Polygon", "coordinates": [[[-90.51280617422515, 14.647195949355138], [-90.51314144414624, 14.647244042803372], [-90.51312314813016, 14.6473649444552], [-90.51278787741661, 14.647316851418397], [-90.51280617422515, 14.647195949355138]]]}}, {"id": "224", "type": "Feature", "properties": {"building_uid": 2794}, "geometry": {"type": "Polygon", "coordinates": [[[-90.51311140957354, 14.647452009204581], [-90.51277084160583, 14.647407805166635], [-90.51278451365815, 14.647307950745253], [-90.5131250831475, 14.647352154064798], [-90.51311140957354, 14.647452009204581]]]}}, {"id": "225", "type": "Feature", "properties": {"building_uid": 2885}, "geometry": {"type": "Polygon", "coordinates": [[[-90.51336424731144, 14.645631335200424], [-90.51308681407573, 14.64558517652795], [-90.51311653106887, 14.645415865272243], [-90.51339396448759, 14.64546202369553], [-90.51336424731144, 14.645631335200424]]]}}, {"id": "226", "type": "Feature", "properties": {"building_uid": 2795}, "geometry": {"type": "Polygon", "coordinates": [[[-90.51311053117274, 14.647451894748741], [-90.5130952409963, 14.647556694984848], [-90.51275300387971, 14.647509364321126], [-90.51276829420827, 14.647404564132252], [-90.51311053117274, 14.647451894748741]]]}}, {"id": "227", "type": "Feature", "properties": {"building_uid": 2796}, "geometry": {"type": "Polygon", "coordinates": [[[-90.51250041425057, 14.648137481399646], [-90.51236756362428, 14.648119238341875], [-90.51238436105224, 14.648003294577599], [-90.51251721161316, 14.648021537615154], [-90.51250041425057, 14.648137481399646]]]}}, {"id": "228", "type": "Feature", "properties": {"building_uid": 2797}, "geometry": {"type": "Polygon", "coordinates": [[[-90.51251564954457, 14.64802145172845], [-90.51238559881122, 14.648003464954856], [-90.51239789673102, 14.647919183515402], [-90.51252794741788, 14.64793717027455], [-90.51251564954457, 14.64802145172845]]]}}, {"id": "229", "type": "Feature", "properties": {"building_uid": 2798}, "geometry": {"type": "Polygon", "coordinates": [[[-90.51240781918816, 14.64785923117049], [-90.51265803746749, 14.64789528756133], [-90.51264797703725, 14.647961468405917], [-90.51239775796415, 14.647925411521642], [-90.51240781918816, 14.64785923117049]]]}}, {"id": "230", "type": "Feature", "properties": {"building_uid": 2800}, "geometry": {"type": "Polygon", "coordinates": [[[-90.51304324838038, 14.647920176384739], [-90.51274421511222, 14.647884617387984], [-90.51275058951667, 14.64783380018919], [-90.51304962383514, 14.64786935813767], [-90.51304324838038, 14.647920176384739]]]}}, {"id": "231", "type": "Feature", "properties": {"building_uid": 2801}, "geometry": {"type": "Polygon", "coordinates": [[[-90.51274421511222, 14.64788461738798], [-90.51304222729668, 14.647920054385974], [-90.51303373068284, 14.647987787621869], [-90.51273571841169, 14.64795235059896], [-90.51274421511222, 14.64788461738798]]]}}, {"id": "232", "type": "Feature", "properties": {"building_uid": 2803}, "geometry": {"type": "Polygon", "coordinates": [[[-90.51284221746066, 14.648184931785668], [-90.51285729124658, 14.64807814893336], [-90.51301606171377, 14.64809939431407], [-90.51300098839656, 14.648206176575767], [-90.51284221746066, 14.648184931785668]]]}}, {"id": "233", "type": "Feature", "properties": {"building_uid": 2804}, "geometry": {"type": "Polygon", "coordinates": [[[-90.51287285219716, 14.647966540797158], [-90.5130323687156, 14.647987625540942], [-90.51301668371786, 14.648100106596704], [-90.5128571676672, 14.64807902217488], [-90.51287285219716, 14.647966540797158]]]}}, {"id": "234", "type": "Feature", "properties": {"building_uid": 2805}, "geometry": {"type": "Polygon", "coordinates": [[[-90.51267506039451, 14.647822794244133], [-90.5124190349142, 14.64778882786805], [-90.51243503153451, 14.647674539081251], [-90.5126910563568, 14.647708505945353], [-90.51267506039451, 14.647822794244133]]]}}, {"id": "235", "type": "Feature", "properties": {"building_uid": 2806}, "geometry": {"type": "Polygon", "coordinates": [[[-90.51262972029852, 14.647891207057501], [-90.51240806131396, 14.647859266351423], [-90.51241914867336, 14.647786333368249], [-90.51264080680834, 14.647818274413833], [-90.51262972029852, 14.647891207057501]]]}}, {"id": "236", "type": "Feature", "properties": {"building_uid": 2807}, "geometry": {"type": "Polygon", "coordinates": [[[-90.51267851166757, 14.64771003957494], [-90.51243680183364, 14.647674775296784], [-90.51245028195225, 14.647587195108438], [-90.51269199146897, 14.647622460079738], [-90.51267851166757, 14.64771003957494]]]}}, {"id": "237", "type": "Feature", "properties": {"building_uid": 2808}, "geometry": {"type": "Polygon", "coordinates": [[[-90.51252423584056, 14.647026445020217], [-90.51255236338376, 14.646805850761824], [-90.51270467152192, 14.646824259571934], [-90.51267654342955, 14.647044853443262], [-90.51252423584056, 14.647026445020217]]]}}, {"id": "238", "type": "Feature", "properties": {"building_uid": 2809}, "geometry": {"type": "Polygon", "coordinates": [[[-90.5125159765165, 14.647091213937564], [-90.51252423759317, 14.647026425409313], [-90.51264803220418, 14.647041387545931], [-90.5126397711619, 14.64710617608415], [-90.5125159765165, 14.647091213937564]]]}}, {"id": "239", "type": "Feature", "properties": {"building_uid": 2810}, "geometry": {"type": "Polygon", "coordinates": [[[-90.5125158523291, 14.647091199031193], [-90.51266884614604, 14.647109445598273], [-90.51265947677467, 14.647183913624518], [-90.51250648310058, 14.64716566716155], [-90.5125158523291, 14.647091199031193]]]}}, {"id": "240", "type": "Feature", "properties": {"building_uid": 2811}, "geometry": {"type": "Polygon", "coordinates": [[[-90.51265465588094, 14.647219027128955], [-90.5125019084298, 14.647199376829573], [-90.51250744088235, 14.647158611884716], [-90.51266018795165, 14.64717826281527], [-90.51265465588094, 14.647219027128955]]]}}, {"id": "241", "type": "Feature", "properties": {"building_uid": 2812}, "geometry": {"type": "Polygon", "coordinates": [[[-90.51277259628257, 14.647398436998587], [-90.51247856393502, 14.647341615823876], [-90.51249320627238, 14.647269792096887], [-90.51278723914257, 14.647326613678606], [-90.51277259628257, 14.647398436998587]]]}}, {"id": "242", "type": "Feature", "properties": {"building_uid": 2813}, "geometry": {"type": "Polygon", "coordinates": [[[-90.51250217958503, 14.64719941291091], [-90.51280098482775, 14.647237852304867], [-90.51278974212435, 14.647320688290238], [-90.51249093747349, 14.647282248440968], [-90.51250217958503, 14.64719941291091]]]}}, {"id": "243", "type": "Feature", "properties": {"building_uid": 2814}, "geometry": {"type": "Polygon", "coordinates": [[[-90.51245034654906, 14.647587827831101], [-90.5124630607917, 14.647506210618143], [-90.51263116525087, 14.647531033145826], [-90.51261845106602, 14.647612650377402], [-90.51245034654906, 14.647587827831101]]]}}, {"id": "244", "type": "Feature", "properties": {"building_uid": 2815}, "geometry": {"type": "Polygon", "coordinates": [[[-90.51253903808929, 14.647520099039765], [-90.51245941395494, 14.647505543272395], [-90.51247042965792, 14.647448419730578], [-90.51255005443717, 14.647462974183805], [-90.51253903808929, 14.647520099039765]]]}}, {"id": "245", "type": "Feature", "properties": {"building_uid": 2816}, "geometry": {"type": "Polygon", "coordinates": [[[-90.5127534476466, 14.64750134091829], [-90.51246331410607, 14.647447088507976], [-90.51248391624905, 14.647342649993432], [-90.512774050079, 14.647396901762207], [-90.5127534476466, 14.64750134091829]]]}}, {"id": "246", "type": "Feature", "properties": {"building_uid": 2818}, "geometry": {"type": "Polygon", "coordinates": [[[-90.51306481931006, 14.64776520673675], [-90.51269574496979, 14.647709023184985], [-90.51273003062991, 14.647495533224319], [-90.51309910454196, 14.64755171660325], [-90.51306481931006, 14.64776520673675]]]}}, {"id": "247", "type": "Feature", "properties": {"building_uid": 2819}, "geometry": {"type": "Polygon", "coordinates": [[[-90.51296117085792, 14.647749428621443], [-90.51306564730606, 14.647765332647214], [-90.51305639525883, 14.647822946424755], [-90.51295191806867, 14.647807041915827], [-90.51296117085792, 14.647749428621443]]]}}, {"id": "248", "type": "Feature", "properties": {"building_uid": 2820}, "geometry": {"type": "Polygon", "coordinates": [[[-90.5119736740205, 14.648068402898497], [-90.51188968622922, 14.648056590723753], [-90.51192410076096, 14.647824645578886], [-90.51200808846976, 14.647836457727772], [-90.5119736740205, 14.648068402898497]]]}}, {"id": "249", "type": "Feature", "properties": {"building_uid": 2821}, "geometry": {"type": "Polygon", "coordinates": [[[-90.51167846132907, 14.647899573846503], [-90.51191016757431, 14.64793522205221], [-90.51188997000288, 14.64805966537525], [-90.51165826363662, 14.648024017129634], [-90.51167846132907, 14.647899573846503]]]}}, {"id": "250", "type": "Feature", "properties": {"building_uid": 2851}, "geometry": {"type": "Polygon", "coordinates": [[[-90.51227070487101, 14.647164882534371], [-90.51240681578385, 14.647173520471664], [-90.51240021219536, 14.647272156118609], [-90.51226410122311, 14.64726351816795], [-90.51227070487101, 14.647164882534371]]]}}, {"id": "251", "type": "Feature", "properties": {"building_uid": 2822}, "geometry": {"type": "Polygon", "coordinates": [[[-90.51167796743151, 14.647902946854074], [-90.51169409726707, 14.64779294998079], [-90.51192867411726, 14.647825555518192], [-90.51191254504661, 14.64793555284761], [-90.51167796743151, 14.647902946854074]]]}}, {"id": "252", "type": "Feature", "properties": {"building_uid": 2824}, "geometry": {"type": "Polygon", "coordinates": [[[-90.51206980049518, 14.647960930807455], [-90.51219471236936, 14.647980508017291], [-90.51217516976627, 14.648098698200124], [-90.51205025783027, 14.648079120969705], [-90.51206980049518, 14.647960930807455]]]}}, {"id": "253", "type": "Feature", "properties": {"building_uid": 2825}, "geometry": {"type": "Polygon", "coordinates": [[[-90.51219265932028, 14.647980186195905], [-90.51229757093458, 14.647996628749269], [-90.51227833995497, 14.64811293904547], [-90.51217342838972, 14.64809649654208], [-90.51219265932028, 14.647980186195905]]]}}, {"id": "254", "type": "Feature", "properties": {"building_uid": 2826}, "geometry": {"type": "Polygon", "coordinates": [[[-90.51211443031801, 14.647551410403144], [-90.51235230651639, 14.647588490360612], [-90.51234037568449, 14.647661046494111], [-90.51210249862542, 14.647623966861508], [-90.51211443031801, 14.647551410403144]]]}}, {"id": "255", "type": "Feature", "properties": {"building_uid": 2827}, "geometry": {"type": "Polygon", "coordinates": [[[-90.51205012932587, 14.647717744512288], [-90.5123307077934, 14.647767169614685], [-90.5123127284089, 14.647863916406468], [-90.5120321502446, 14.647814491110958], [-90.51205012932587, 14.647717744512288]]]}}, {"id": "256", "type": "Feature", "properties": {"building_uid": 2889}, "geometry": {"type": "Polygon", "coordinates": [[[-90.51335165771907, 14.64572023748015], [-90.51320165664839, 14.645698430985442], [-90.51321573710858, 14.64560662671829], [-90.51336573644743, 14.645628433842427], [-90.51335165771907, 14.64572023748015]]]}}, {"id": "257", "type": "Feature", "properties": {"building_uid": 2829}, "geometry": {"type": "Polygon", "coordinates": [[[-90.51203590840313, 14.647840272573575], [-90.51169403724884, 14.647793354080994], [-90.51170310591685, 14.647730719320908], [-90.51204497682387, 14.647777638551812], [-90.51203590840313, 14.647840272573575]]]}}, {"id": "258", "type": "Feature", "properties": {"building_uid": 2830}, "geometry": {"type": "Polygon", "coordinates": [[[-90.51204321641937, 14.647777396162843], [-90.51170255725484, 14.647735252415186], [-90.51171024511221, 14.647676341741452], [-90.51205090419082, 14.647718485463896], [-90.51204321641937, 14.647777396162843]]]}}, {"id": "259", "type": "Feature", "properties": {"building_uid": 2832}, "geometry": {"type": "Polygon", "coordinates": [[[-90.51208605430399, 14.647841750708842], [-90.51231278613147, 14.647873403414133], [-90.51229470345797, 14.647996179388278], [-90.51206797207209, 14.64796452700692], [-90.51208605430399, 14.647841750708842]]]}}, {"id": "260", "type": "Feature", "properties": {"building_uid": 2833}, "geometry": {"type": "Polygon", "coordinates": [[[-90.51210797832525, 14.647624345219777], [-90.51234348647293, 14.647661537256761], [-90.51232602552373, 14.6477663450418], [-90.51209051715368, 14.647729152452193], [-90.51210797832525, 14.647624345219777]]]}}, {"id": "261", "type": "Feature", "properties": {"building_uid": 2834}, "geometry": {"type": "Polygon", "coordinates": [[[-90.51235826485973, 14.647529779150352], [-90.51235030622959, 14.647588178086721], [-90.5121180369554, 14.647558173334584], [-90.5121259956434, 14.647499774415541], [-90.51235826485973, 14.647529779150352]]]}}, {"id": "262", "type": "Feature", "properties": {"building_uid": 2835}, "geometry": {"type": "Polygon", "coordinates": [[[-90.51208827002817, 14.646736944514954], [-90.51219963030334, 14.646754050484875], [-90.51215626491127, 14.647021656428835], [-90.51204490451103, 14.647004550417709], [-90.51208827002817, 14.646736944514954]]]}}, {"id": "263", "type": "Feature", "properties": {"building_uid": 2836}, "geometry": {"type": "Polygon", "coordinates": [[[-90.5123290047579, 14.646773923531011], [-90.51245990221082, 14.646794030365726], [-90.51244583202819, 14.646880857002428], [-90.51231493436677, 14.646860750045128], [-90.5123290047579, 14.646773923531011]]]}}, {"id": "264", "type": "Feature", "properties": {"building_uid": 2837}, "geometry": {"type": "Polygon", "coordinates": [[[-90.51231759634888, 14.646862312544728], [-90.51244700434964, 14.646878621972627], [-90.51243433150673, 14.646973934073333], [-90.51230492345323, 14.646957624629819], [-90.51231759634888, 14.646862312544728]]]}}, {"id": "265", "type": "Feature", "properties": {"building_uid": 2838}, "geometry": {"type": "Polygon", "coordinates": [[[-90.51230183510793, 14.646984425831242], [-90.51216284172327, 14.64696272700058], [-90.51219732260776, 14.64675336637182], [-90.51233631587054, 14.646775065161952], [-90.51230183510793, 14.646984425831242]]]}}, {"id": "266", "type": "Feature", "properties": {"building_uid": 2839}, "geometry": {"type": "Polygon", "coordinates": [[[-90.51230528839505, 14.646957670835477], [-90.51243406709993, 14.646973553979153], [-90.51241952282838, 14.647085337015122], [-90.51229074406186, 14.647069453853387], [-90.51230528839505, 14.646957670835477]]]}}, {"id": "267", "type": "Feature", "properties": {"building_uid": 2840}, "geometry": {"type": "Polygon", "coordinates": [[[-90.51208852604097, 14.646735117419025], [-90.51206035602223, 14.646936761008407], [-90.51197225338352, 14.64692509468036], [-90.51200042206125, 14.646723450214829], [-90.51208852604097, 14.646735117419025]]]}}, {"id": "268", "type": "Feature", "properties": {"building_uid": 2841}, "geometry": {"type": "Polygon", "coordinates": [[[-90.51183406290326, 14.646838446756565], [-90.51185418762758, 14.64670121000917], [-90.51200217621927, 14.646721780135435], [-90.51198205228859, 14.646859017365243], [-90.51183406290326, 14.646838446756565]]]}}, {"id": "269", "type": "Feature", "properties": {"building_uid": 2842}, "geometry": {"type": "Polygon", "coordinates": [[[-90.51183936165593, 14.646839107946445], [-90.51195529444094, 14.646853118531793], [-90.51194536594937, 14.64693099399649], [-90.51182943312565, 14.64691698339992], [-90.51183936165593, 14.646839107946445]]]}}, {"id": "270", "type": "Feature", "properties": {"building_uid": 2843}, "geometry": {"type": "Polygon", "coordinates": [[[-90.51182473320286, 14.646902581885984], [-90.51206125169873, 14.646936891623307], [-90.51204669635321, 14.64703200418981], [-90.51181017776236, 14.646997694422206], [-90.51182473320286, 14.646902581885984]]]}}, {"id": "271", "type": "Feature", "properties": {"building_uid": 2844}, "geometry": {"type": "Polygon", "coordinates": [[[-90.51181137963701, 14.646993136621465], [-90.51214382710235, 14.647046430517058], [-90.51213571163966, 14.647094415117266], [-90.5118032650303, 14.647041120066197], [-90.51181137963701, 14.646993136621465]]]}}, {"id": "272", "type": "Feature", "properties": {"building_uid": 2845}, "geometry": {"type": "Polygon", "coordinates": [[[-90.51198690665565, 14.647215295542647], [-90.51197382401493, 14.647284323870089], [-90.51177106128686, 14.647247896946165], [-90.51178414439624, 14.647178868484946], [-90.51198690665565, 14.647215295542647]]]}}, {"id": "273", "type": "Feature", "properties": {"building_uid": 2846}, "geometry": {"type": "Polygon", "coordinates": [[[-90.51180482569413, 14.647037831554616], [-90.51199603633694, 14.647069820534686], [-90.51197079004844, 14.647212869925445], [-90.51177957837652, 14.647180881160313], [-90.51180482569413, 14.647037831554616]]]}}, {"id": "274", "type": "Feature", "properties": {"building_uid": 2847}, "geometry": {"type": "Polygon", "coordinates": [[[-90.51204711732959, 14.647400347727254], [-90.51175497166606, 14.647347103228567], [-90.51177490373739, 14.64724343736857], [-90.51206704957194, 14.64729668247439], [-90.51204711732959, 14.647400347727254]]]}}, {"id": "275", "type": "Feature", "properties": {"building_uid": 2848}, "geometry": {"type": "Polygon", "coordinates": [[[-90.51210797844435, 14.647624345737867], [-90.51172548457606, 14.647546682068523], [-90.5117608680043, 14.647381496269773], [-90.51214336207617, 14.64745915927865], [-90.51210797844435, 14.647624345737867]]]}}, {"id": "276", "type": "Feature", "properties": {"building_uid": 2849}, "geometry": {"type": "Polygon", "coordinates": [[[-90.5117492727448, 14.647416676440374], [-90.51198455836956, 14.647455645265717], [-90.5119732582199, 14.647520319732783], [-90.5117379725318, 14.647481350885618], [-90.5117492727448, 14.647416676440374]]]}}, {"id": "277", "type": "Feature", "properties": {"building_uid": 2853}, "geometry": {"type": "Polygon", "coordinates": [[[-90.51236092803191, 14.647530048797552], [-90.51216690858502, 14.647510389295354], [-90.51217673229459, 14.647418487041257], [-90.51237075250846, 14.647438147022493], [-90.51236092803191, 14.647530048797552]]]}}, {"id": "278", "type": "Feature", "properties": {"building_uid": 2854}, "geometry": {"type": "Polygon", "coordinates": [[[-90.51204947663376, 14.647335011304417], [-90.51238183655731, 14.647356814154554], [-90.51237618349647, 14.647438503408887], [-90.51204382321352, 14.647416700401232], [-90.51204947663376, 14.647335011304417]]]}}, {"id": "279", "type": "Feature", "properties": {"building_uid": 2855}, "geometry": {"type": "Polygon", "coordinates": [[[-90.51175935769304, 14.647347902009253], [-90.51202384218568, 14.64739610572276], [-90.51201084408143, 14.64746371037743], [-90.51174635951534, 14.647415506637078], [-90.51175935769304, 14.647347902009253]]]}}, {"id": "280", "type": "Feature", "properties": {"building_uid": 2856}, "geometry": {"type": "Polygon", "coordinates": [[[-90.51171117896982, 14.647676456797546], [-90.51172105300418, 14.647609120950772], [-90.51189248840606, 14.64763295041819], [-90.51188261442064, 14.64770028628021], [-90.51171117896982, 14.647676456797546]]]}}, {"id": "281", "type": "Feature", "properties": {"building_uid": 750}, "geometry": {"type": "Polygon", "coordinates": [[[-90.51474843805548, 14.64326646867315], [-90.51476686908269, 14.64313552407704], [-90.51503988811835, 14.643171951310784], [-90.51502145724322, 14.64330289595321], [-90.51474843805548, 14.64326646867315]]]}}, {"id": "282", "type": "Feature", "properties": {"building_uid": 2858}, "geometry": {"type": "Polygon", "coordinates": [[[-90.5121309263729, 14.64604075192007], [-90.51195718389339, 14.646018635798647], [-90.51196491145967, 14.645961094305349], [-90.51213865333607, 14.645983210924554], [-90.5121309263729, 14.64604075192007]]]}}, {"id": "283", "type": "Feature", "properties": {"building_uid": 2859}, "geometry": {"type": "Polygon", "coordinates": [[[-90.51270499433481, 14.646718569081095], [-90.51251663323183, 14.646689290951828], [-90.51253934833349, 14.646550767253238], [-90.51272770856833, 14.646580044839961], [-90.51270499433481, 14.646718569081095]]]}}, {"id": "284", "type": "Feature", "properties": {"building_uid": 2860}, "geometry": {"type": "Polygon", "coordinates": [[[-90.51231129048358, 14.646658577368466], [-90.51237926898182, 14.646227764001784], [-90.51268273385926, 14.64627315365026], [-90.51261475591123, 14.646703967195384], [-90.51231129048358, 14.646658577368466]]]}}, {"id": "285", "type": "Feature", "properties": {"building_uid": 2863}, "geometry": {"type": "Polygon", "coordinates": [[[-90.51475666426558, 14.646017987946236], [-90.51464167070962, 14.645998980453632], [-90.51465769682069, 14.645907072336625], [-90.51477269033268, 14.645926079814117], [-90.51475666426558, 14.646017987946236]]]}}, {"id": "286", "type": "Feature", "properties": {"building_uid": 2864}, "geometry": {"type": "Polygon", "coordinates": [[[-90.5145562427487, 14.645988146439983], [-90.51456846542814, 14.645913296692642], [-90.5146550368457, 14.64592669708855], [-90.51464281419342, 14.646001546844868], [-90.5145562427487, 14.645988146439983]]]}}, {"id": "287", "type": "Feature", "properties": {"building_uid": 2865}, "geometry": {"type": "Polygon", "coordinates": [[[-90.51438810756075, 14.645762294357027], [-90.5145199336489, 14.645781930894266], [-90.51448909897947, 14.645978156229805], [-90.5143572727824, 14.645958519657349], [-90.51438810756075, 14.645762294357027]]]}}, {"id": "288", "type": "Feature", "properties": {"building_uid": 2867}, "geometry": {"type": "Polygon", "coordinates": [[[-90.51516080028217, 14.645698375235497], [-90.51514850117181, 14.64578134537464], [-90.51507192402484, 14.645770585906172], [-90.5150842231621, 14.645687615775449], [-90.51516080028217, 14.645698375235497]]]}}, {"id": "289", "type": "Feature", "properties": {"building_uid": 2869}, "geometry": {"type": "Polygon", "coordinates": [[[-90.51478349657768, 14.645575851584017], [-90.51517165960736, 14.645625117844299], [-90.51515084068782, 14.645780609503193], [-90.5147626771207, 14.645731343852745], [-90.51478349657768, 14.645575851584017]]]}}, {"id": "290", "type": "Feature", "properties": {"building_uid": 2871}, "geometry": {"type": "Polygon", "coordinates": [[[-90.51511542692234, 14.645433893331695], [-90.51512678208205, 14.645353913628917], [-90.51521029839638, 14.645365153113309], [-90.51519894326505, 14.645445132824761], [-90.51511542692234, 14.645433893331695]]]}}, {"id": "291", "type": "Feature", "properties": {"building_uid": 2872}, "geometry": {"type": "Polygon", "coordinates": [[[-90.51376174261601, 14.644809792808326], [-90.5137725306882, 14.644714808736305], [-90.51384008957261, 14.644722081451878], [-90.51382930300073, 14.644817066415659], [-90.51376174261601, 14.644809792808326]]]}}, {"id": "292", "type": "Feature", "properties": {"building_uid": 2874}, "geometry": {"type": "Polygon", "coordinates": [[[-90.51400751698252, 14.644748849483538], [-90.51396173388414, 14.645004932562603], [-90.51387169044601, 14.644989673282044], [-90.51391747433708, 14.644733588952308], [-90.51400751698252, 14.644748849483538]]]}}, {"id": "293", "type": "Feature", "properties": {"building_uid": 2875}, "geometry": {"type": "Polygon", "coordinates": [[[-90.51383776557257, 14.64472425886156], [-90.51391811697681, 14.644735898786568], [-90.51390731232449, 14.644806601093638], [-90.51382696089628, 14.64479496116099], [-90.51383776557257, 14.64472425886156]]]}}, {"id": "294", "type": "Feature", "properties": {"building_uid": 2876}, "geometry": {"type": "Polygon", "coordinates": [[[-90.51439728235104, 14.644802653321564], [-90.51437750733008, 14.644953015127237], [-90.51424586107873, 14.644936603041666], [-90.51426563573693, 14.644786240981798], [-90.51439728235104, 14.644802653321564]]]}}, {"id": "295", "type": "Feature", "properties": {"building_uid": 2877}, "geometry": {"type": "Polygon", "coordinates": [[[-90.51434827217832, 14.645175303897105], [-90.51409419279456, 14.645137236416867], [-90.51411036480732, 14.645034918709726], [-90.51436444423528, 14.645072986255686], [-90.51434827217832, 14.645175303897105]]]}}, {"id": "296", "type": "Feature", "properties": {"building_uid": 2878}, "geometry": {"type": "Polygon", "coordinates": [[[-90.5141148681051, 14.645036262245771], [-90.5141696305096, 14.644768815859686], [-90.51424326761637, 14.64478310858469], [-90.51418850536851, 14.645050555503463], [-90.5141148681051, 14.645036262245771]]]}}, {"id": "297", "type": "Feature", "properties": {"building_uid": 2879}, "geometry": {"type": "Polygon", "coordinates": [[[-90.51437764510838, 14.64495196383286], [-90.51436178114582, 14.645072587180568], [-90.51421711910676, 14.645054552419353], [-90.51423298314398, 14.6449339290936], [-90.51437764510838, 14.64495196383286]]]}}, {"id": "298", "type": "Feature", "properties": {"building_uid": 2883}, "geometry": {"type": "Polygon", "coordinates": [[[-90.51386371859488, 14.645872034118398], [-90.513744693788, 14.64585401709948], [-90.51378886403117, 14.64557741593881], [-90.51390788846425, 14.64559543362991], [-90.51386371859488, 14.645872034118398]]]}}, {"id": "299", "type": "Feature", "properties": {"building_uid": 2884}, "geometry": {"type": "Polygon", "coordinates": [[[-90.51290944453868, 14.645600562473458], [-90.51289219357035, 14.645723190990436], [-90.51280351604714, 14.645711366745914], [-90.51282076631092, 14.645588737765566], [-90.51290944453868, 14.645600562473458]]]}}, {"id": "300", "type": "Feature", "properties": {"building_uid": 2886}, "geometry": {"type": "Polygon", "coordinates": [[[-90.51320311540915, 14.645698642612816], [-90.5133524502985, 14.64572035314959], [-90.513341889093, 14.645789221162563], [-90.51319255248654, 14.645767511259914], [-90.51320311540915, 14.645698642612816]]]}}, {"id": "301", "type": "Feature", "properties": {"building_uid": 2887}, "geometry": {"type": "Polygon", "coordinates": [[[-90.51321618602934, 14.64560335842011], [-90.51319367666188, 14.645767458237952], [-90.51310173205917, 14.64575550312373], [-90.51312424081792, 14.645591403763623], [-90.51321618602934, 14.64560335842011]]]}}, {"id": "302", "type": "Feature", "properties": {"building_uid": 2888}, "geometry": {"type": "Polygon", "coordinates": [[[-90.51299341893022, 14.645739866316298], [-90.51301638196851, 14.64557341735479], [-90.51312915180854, 14.645588164818816], [-90.51310619010059, 14.64575461286782], [-90.51299341893022, 14.645739866316298]]]}}, {"id": "303", "type": "Feature", "properties": {"building_uid": 2890}, "geometry": {"type": "Polygon", "coordinates": [[[-90.5128920053088, 14.645724535124863], [-90.51291517751194, 14.645559807648766], [-90.51301683737668, 14.645573363334512], [-90.51299366449398, 14.645738090354849], [-90.5128920053088, 14.645724535124863]]]}}, {"id": "304", "type": "Feature", "properties": {"building_uid": 2892}, "geometry": {"type": "Polygon", "coordinates": [[[-90.5124934236841, 14.644958486694543], [-90.51272987098818, 14.644991288632736], [-90.51271412927612, 14.645098850900649], [-90.51247768194268, 14.645066048979402], [-90.5124934236841, 14.644958486694543]]]}}, {"id": "305", "type": "Feature", "properties": {"building_uid": 2893}, "geometry": {"type": "Polygon", "coordinates": [[[-90.51262618922618, 14.645191285425586], [-90.51246397102514, 14.645165062863338], [-90.51248222116435, 14.645058046015905], [-90.51264443864186, 14.645084268991358], [-90.51262618922618, 14.645191285425586]]]}}, {"id": "306", "type": "Feature", "properties": {"building_uid": 2894}, "geometry": {"type": "Polygon", "coordinates": [[[-90.51242533424725, 14.64548462705037], [-90.5124023455325, 14.645644501052127], [-90.51230712254966, 14.645631522052506], [-90.51233011105779, 14.645471647897025], [-90.51242533424725, 14.64548462705037]]]}}, {"id": "307", "type": "Feature", "properties": {"building_uid": 2895}, "geometry": {"type": "Polygon", "coordinates": [[[-90.51253468018243, 14.645199300465942], [-90.51269935107426, 14.645225193061572], [-90.51268495896807, 14.64531196127233], [-90.51252028715682, 14.645286069832917], [-90.51253468018243, 14.645199300465942]]]}}, {"id": "308", "type": "Feature", "properties": {"building_uid": 2896}, "geometry": {"type": "Polygon", "coordinates": [[[-90.51267019328705, 14.645419835082444], [-90.51255230858854, 14.6454017591184], [-90.51256981092081, 14.645293554338576], [-90.51268769621022, 14.645311628964759], [-90.51267019328705, 14.645419835082444]]]}}, {"id": "309", "type": "Feature", "properties": {"building_uid": 755}, "geometry": {"type": "Polygon", "coordinates": [[[-90.51461209338888, 14.644087888326256], [-90.5146365167989, 14.643896513954491], [-90.51470130889813, 14.643904352177852], [-90.51467688577075, 14.644095726707002], [-90.51461209338888, 14.644087888326256]]]}}, {"id": "310", "type": "Feature", "properties": {"building_uid": 2898}, "geometry": {"type": "Polygon", "coordinates": [[[-90.5120734802268, 14.645193807342919], [-90.51218885992317, 14.645207028895419], [-90.5121778407428, 14.645298189221666], [-90.51206246011017, 14.645284968825656], [-90.5120734802268, 14.645193807342919]]]}}, {"id": "311", "type": "Feature", "properties": {"building_uid": 3049}, "geometry": {"type": "Polygon", "coordinates": [[[-90.51392807210692, 14.645452072964748], [-90.51430581141231, 14.645498157327255], [-90.5142892562776, 14.645626786434812], [-90.51391151704902, 14.645580702188457], [-90.51392807210692, 14.645452072964748]]]}}, {"id": "312", "type": "Feature", "properties": {"building_uid": 3239}, "geometry": {"type": "Polygon", "coordinates": [[[-90.51526716860509, 14.643568202789842], [-90.5151083293638, 14.643544022509605], [-90.51513015677446, 14.64340810244456], [-90.51528899592508, 14.643432282695102], [-90.51526716860509, 14.643568202789842]]]}}, {"id": "313", "type": "Feature", "properties": {"building_uid": 3240}, "geometry": {"type": "Polygon", "coordinates": [[[-90.51417907316616, 14.643162889763511], [-90.51414223351664, 14.643395650680931], [-90.51401985624054, 14.64337728977123], [-90.51405669600987, 14.643144528892728], [-90.51417907316616, 14.643162889763511]]]}}, {"id": "314", "type": "Feature", "properties": {"building_uid": 3241}, "geometry": {"type": "Polygon", "coordinates": [[[-90.51383400872396, 14.643112244221882], [-90.51392333001006, 14.643125354069422], [-90.51390477762504, 14.643245180396201], [-90.51381545629381, 14.643232070534188], [-90.51383400872396, 14.643112244221882]]]}}, {"id": "315", "type": "Feature", "properties": {"building_uid": 12787}, "geometry": {"type": "Polygon", "coordinates": [[[-90.51432726196305, 14.644685904743485], [-90.5143395638082, 14.644609054059222], [-90.51442489384185, 14.644622001961324], [-90.51441259202424, 14.644698852654585], [-90.51432726196305, 14.644685904743485]]]}}, {"id": "316", "type": "Feature", "properties": {"building_uid": 12789}, "geometry": {"type": "Polygon", "coordinates": [[[-90.51440350930895, 14.6444593087166], [-90.51439172863331, 14.644535365182216], [-90.51429410818815, 14.64452103109117], [-90.51430588934842, 14.64444497493246], [-90.51440350930895, 14.6444593087166]]]}}, {"id": "317", "type": "Feature", "properties": {"building_uid": 12843}, "geometry": {"type": "Polygon", "coordinates": [[[-90.51223097372392, 14.644096893769413], [-90.51223589417025, 14.644060770748911], [-90.51236880115059, 14.644077931847404], [-90.51236388051903, 14.644114055607387], [-90.51223097372392, 14.644096893769413]]]}}, {"id": "318", "type": "Feature", "properties": {"building_uid": 12849}, "geometry": {"type": "Polygon", "coordinates": [[[-90.5125814157755, 14.644248581493855], [-90.51255391337449, 14.644410908424415], [-90.51247794045881, 14.644398706774957], [-90.51250544303828, 14.64423637994748], [-90.5125814157755, 14.644248581493855]]]}}, {"id": "319", "type": "Feature", "properties": {"building_uid": 12850}, "geometry": {"type": "Polygon", "coordinates": [[[-90.51223842508755, 14.64545841203779], [-90.51221346920882, 14.645615438964157], [-90.51210369917798, 14.645598902742499], [-90.51212865512922, 14.64544187583974], [-90.51223842508755, 14.64545841203779]]]}}, {"id": "320", "type": "Feature", "properties": {"building_uid": 12851}, "geometry": {"type": "Polygon", "coordinates": [[[-90.51203157451417, 14.645508517920545], [-90.51204231009811, 14.645430402900143], [-90.51212834862979, 14.645441611611473], [-90.5121176130745, 14.645519726640496], [-90.51203157451417, 14.645508517920545]]]}}, {"id": "321", "type": "Feature", "properties": {"building_uid": 12852}, "geometry": {"type": "Polygon", "coordinates": [[[-90.51267039843546, 14.64541833403241], [-90.51266021335891, 14.64549274546362], [-90.5125949878672, 14.64548428224111], [-90.51260517354305, 14.645409871181169], [-90.51267039843546, 14.64541833403241]]]}}, {"id": "322", "type": "Feature", "properties": {"building_uid": 756}, "geometry": {"type": "Polygon", "coordinates": [[[-90.5146559149525, 14.643744512077014], [-90.5148515459949, 14.643775230386906], [-90.51484126163481, 14.643837317716995], [-90.51464563125437, 14.64380659986732], [-90.5146559149525, 14.643744512077014]]]}}, {"id": "323", "type": "Feature", "properties": {"building_uid": 12916}, "geometry": {"type": "Polygon", "coordinates": [[[-90.51517289993551, 14.645625275784678], [-90.51478596818191, 14.645576179988835], [-90.51479773674693, 14.645488260968085], [-90.51518466895347, 14.645537356234204], [-90.51517289993551, 14.645625275784678]]]}}, {"id": "324", "type": "Feature", "properties": {"building_uid": 12918}, "geometry": {"type": "Polygon", "coordinates": [[[-90.51336767911042, 14.64503758990903], [-90.51337909727455, 14.644955948097424], [-90.51345825804248, 14.644966442728423], [-90.51344683933691, 14.645048084187206], [-90.51336767911042, 14.64503758990903]]]}}, {"id": "325", "type": "Feature", "properties": {"building_uid": 12952}, "geometry": {"type": "Polygon", "coordinates": [[[-90.5148088173605, 14.646364668074554], [-90.51484025020757, 14.646141795260835], [-90.51499484221524, 14.646162462831644], [-90.51496340887249, 14.64638533614613], [-90.5148088173605, 14.646364668074554]]]}}, {"id": "326", "type": "Feature", "properties": {"building_uid": 12953}, "geometry": {"type": "Polygon", "coordinates": [[[-90.51455056419984, 14.646278048625858], [-90.51431268677568, 14.646247669889998], [-90.51433717388925, 14.646065913737084], [-90.51457505112877, 14.646096292417978], [-90.51455056419984, 14.646278048625858]]]}}, {"id": "327", "type": "Feature", "properties": {"building_uid": 12995}, "geometry": {"type": "Polygon", "coordinates": [[[-90.51286599763607, 14.645122580162074], [-90.5128538830082, 14.645207932084736], [-90.51280080925427, 14.645200790854174], [-90.51281292454685, 14.645115439348967], [-90.51286599763607, 14.645122580162074]]]}}, {"id": "328", "type": "Feature", "properties": {"building_uid": 12998}, "geometry": {"type": "Polygon", "coordinates": [[[-90.51278518060147, 14.645535359850141], [-90.51277843332646, 14.645583753259087], [-90.51274742782593, 14.64557965453381], [-90.51275417665937, 14.645531262111302], [-90.51278518060147, 14.645535359850141]]]}}, {"id": "329", "type": "Feature", "properties": {"building_uid": 48}, "geometry": {"type": "Polygon", "coordinates": [[[-90.5136828766722, 14.64421300004922], [-90.51370964481423, 14.64401255771168], [-90.51409924777423, 14.644061877249188], [-90.51407247996586, 14.644262319685636], [-90.5136828766722, 14.64421300004922]]]}}, {"id": "330", "type": "Feature", "properties": {"building_uid": 180}, "geometry": {"type": "Polygon", "coordinates": [[[-90.51454262522275, 14.644632236112045], [-90.51480623441412, 14.644669665666703], [-90.51479292560052, 14.644758512207254], [-90.51452931703486, 14.644721082222484], [-90.51454262522275, 14.644632236112045]]]}}, {"id": "331", "type": "Feature", "properties": {"building_uid": 181}, "geometry": {"type": "Polygon", "coordinates": [[[-90.51455339903333, 14.644547801730159], [-90.51481555858807, 14.644581108682265], [-90.51480373735765, 14.644669312485478], [-90.51454157672492, 14.644636004890002], [-90.51455339903333, 14.644547801730159]]]}}, {"id": "332", "type": "Feature", "properties": {"building_uid": 189}, "geometry": {"type": "Polygon", "coordinates": [[[-90.5130153754673, 14.64372075930812], [-90.51304127999444, 14.643531117400045], [-90.51311908358402, 14.643541192347959], [-90.51309317911982, 14.643730834274912], [-90.5130153754673, 14.64372075930812]]]}}, {"id": "333", "type": "Feature", "properties": {"building_uid": 190}, "geometry": {"type": "Polygon", "coordinates": [[[-90.5129271524591, 14.644337899240751], [-90.51296079315287, 14.644102574800224], [-90.51318617467855, 14.644133115725795], [-90.51315253381436, 14.644368440848462], [-90.5129271524591, 14.644337899240751]]]}}, {"id": "334", "type": "Feature", "properties": {"building_uid": 197}, "geometry": {"type": "Polygon", "coordinates": [[[-90.51264504362906, 14.643445356840372], [-90.51294761592649, 14.643482990255908], [-90.51293529930489, 14.643576863307729], [-90.5126327265398, 14.643539231362164], [-90.51264504362906, 14.643445356840372]]]}}, {"id": "335", "type": "Feature", "properties": {"building_uid": 309}, "geometry": {"type": "Polygon", "coordinates": [[[-90.51307920348127, 14.644025205584418], [-90.51297384773595, 14.644011256906579], [-90.51301465859022, 14.64371905768003], [-90.5131200142045, 14.64373300631813], [-90.51307920348127, 14.644025205584418]]]}}, {"id": "336", "type": "Feature", "properties": {"building_uid": 765}, "geometry": {"type": "Polygon", "coordinates": [[[-90.5146926590459, 14.64541031031166], [-90.5144376496121, 14.645376008360381], [-90.51445050429052, 14.645285420543344], [-90.51470551362611, 14.645319722464583], [-90.5146926590459, 14.64541031031166]]]}}, {"id": "337", "type": "Feature", "properties": {"building_uid": 770}, "geometry": {"type": "Polygon", "coordinates": [[[-90.51401321927354, 14.645750985688055], [-90.5138855338906, 14.645731598178488], [-90.51391351888812, 14.645556894444827], [-90.51404120417732, 14.645576281923756], [-90.51401321927354, 14.645750985688055]]]}}, {"id": "338", "type": "Feature", "properties": {"building_uid": 913}, "geometry": {"type": "Polygon", "coordinates": [[[-90.51458228869078, 14.646510523045162], [-90.51428416754285, 14.64647018331181], [-90.51430241765581, 14.646342335908404], [-90.51460053864179, 14.646382675592063], [-90.51458228869078, 14.646510523045162]]]}}, {"id": "339", "type": "Feature", "properties": {"building_uid": 920}, "geometry": {"type": "Polygon", "coordinates": [[[-90.5136787997543, 14.646069038139613], [-90.51380621162937, 14.6460881424702], [-90.51378747355643, 14.64620660337911], [-90.51366006161787, 14.64618749902791], [-90.5136787997543, 14.646069038139613]]]}}, {"id": "340", "type": "Feature", "properties": {"building_uid": 1296}, "geometry": {"type": "Polygon", "coordinates": [[[-90.51385006226087, 14.644383059790613], [-90.51382150525824, 14.644607228640016], [-90.51375635558982, 14.644599360855809], [-90.51378491159701, 14.644375193088159], [-90.51385006226087, 14.644383059790613]]]}}, {"id": "341", "type": "Feature", "properties": {"building_uid": 1298}, "geometry": {"type": "Polygon", "coordinates": [[[-90.51376113069928, 14.644279645375526], [-90.51374877603845, 14.644380196973827], [-90.51367561484088, 14.644371676727856], [-90.51368796800787, 14.644271124204217], [-90.51376113069928, 14.644279645375526]]]}}, {"id": "342", "type": "Feature", "properties": {"building_uid": 1301}, "geometry": {"type": "Polygon", "coordinates": [[[-90.5149289422959, 14.644595935676387], [-90.51496815881968, 14.644322582161072], [-90.51518730101532, 14.644352384128597], [-90.51514808474595, 14.644625737722166], [-90.5149289422959, 14.644595935676387]]]}}, {"id": "343", "type": "Feature", "properties": {"building_uid": 1306}, "geometry": {"type": "Polygon", "coordinates": [[[-90.5148312515717, 14.643920348687578], [-90.5146952744693, 14.64390362240223], [-90.51470050741968, 14.643863303407649], [-90.51483648273182, 14.643880030307875], [-90.5148312515717, 14.643920348687578]]]}}, {"id": "344", "type": "Feature", "properties": {"building_uid": 1407}, "geometry": {"type": "Polygon", "coordinates": [[[-90.51222892127427, 14.646282975249317], [-90.51227862600686, 14.645973731767963], [-90.51241900490939, 14.645995119634623], [-90.51236930035915, 14.64630436317574], [-90.51222892127427, 14.646282975249317]]]}}, {"id": "345", "type": "Feature", "properties": {"building_uid": 1427}, "geometry": {"type": "Polygon", "coordinates": [[[-90.51311480720173, 14.64492455075406], [-90.51334060027699, 14.644960802735696], [-90.51331654153844, 14.645102851304198], [-90.51309074803477, 14.645066600833607], [-90.51311480720173, 14.64492455075406]]]}}, {"id": "346", "type": "Feature", "properties": {"building_uid": 1547}, "geometry": {"type": "Polygon", "coordinates": [[[-90.51442163819067, 14.64550598238095], [-90.51453913420538, 14.645521929262202], [-90.51452442653002, 14.645624656649096], [-90.51440693021208, 14.645608711322481], [-90.51442163819067, 14.64550598238095]]]}}, {"id": "347", "type": "Feature", "properties": {"building_uid": 1548}, "geometry": {"type": "Polygon", "coordinates": [[[-90.5146910027969, 14.645728885209675], [-90.51439629943974, 14.645686108482494], [-90.51440848280474, 14.645606543776323], [-90.51470318621449, 14.645649320570865], [-90.5146910027969, 14.645728885209675]]]}}, {"id": "348", "type": "Feature", "properties": {"building_uid": 1550}, "geometry": {"type": "Polygon", "coordinates": [[[-90.51403285965476, 14.64559559336279], [-90.51416905604792, 14.645607963090455], [-90.5141528213669, 14.645777405352481], [-90.51401662487304, 14.645765035599137], [-90.51403285965476, 14.64559559336279]]]}}, {"id": "349", "type": "Feature", "properties": {"building_uid": 1555}, "geometry": {"type": "Polygon", "coordinates": [[[-90.51302896630988, 14.645232497249436], [-90.51285338910758, 14.645207863590297], [-90.51286714078384, 14.645114952559096], [-90.51304271791706, 14.645139586196613], [-90.51302896630988, 14.645232497249436]]]}}, {"id": "350", "type": "Feature", "properties": {"building_uid": 2589}, "geometry": {"type": "Polygon", "coordinates": [[[-90.51456612384378, 14.644448093763494], [-90.51494344325167, 14.644494858145903], [-90.51493026143723, 14.644595677796858], [-90.51455294186651, 14.6445489133667], [-90.51456612384378, 14.644448093763494]]]}}, {"id": "351", "type": "Feature", "properties": {"building_uid": 2590}, "geometry": {"type": "Polygon", "coordinates": [[[-90.514578830865, 14.644348525037095], [-90.51495727339162, 14.644398456994189], [-90.51494751100967, 14.644468589496983], [-90.51456906837005, 14.644418657505657], [-90.514578830865, 14.644348525037095]]]}}, {"id": "352", "type": "Feature", "properties": {"building_uid": 2591}, "geometry": {"type": "Polygon", "coordinates": [[[-90.51496496542242, 14.644360006804645], [-90.51458130956509, 14.64432910260682], [-90.51458885977466, 14.644240255271303], [-90.51497251526331, 14.64427115930915], [-90.51496496542242, 14.644360006804645]]]}}, {"id": "353", "type": "Feature", "properties": {"building_uid": 2600}, "geometry": {"type": "Polygon", "coordinates": [[[-90.51245835597155, 14.64412600651224], [-90.51244094198277, 14.64425780479138], [-90.51236285351675, 14.644248024543703], [-90.5123802657271, 14.64411622686139], [-90.51245835597155, 14.64412600651224]]]}}, {"id": "354", "type": "Feature", "properties": {"building_uid": 2602}, "geometry": {"type": "Polygon", "coordinates": [[[-90.51282887264354, 14.644317821029917], [-90.51267142632047, 14.64429733947275], [-90.5126816398188, 14.64422291424691], [-90.51283908644912, 14.64424339515125], [-90.51282887264354, 14.644317821029917]]]}}, {"id": "355", "type": "Feature", "properties": {"building_uid": 2604}, "geometry": {"type": "Polygon", "coordinates": [[[-90.51280251043887, 14.644028130411579], [-90.5125378246738, 14.643988209771845], [-90.51255903396257, 14.643854907925435], [-90.51282371957933, 14.643894828516832], [-90.51280251043887, 14.644028130411579]]]}}, {"id": "356", "type": "Feature", "properties": {"building_uid": 2605}, "geometry": {"type": "Polygon", "coordinates": [[[-90.5129343238258, 14.643576120970296], [-90.51290836665818, 14.643757988739617], [-90.51279412436713, 14.643742532868915], [-90.51282008162303, 14.643560665126687], [-90.5129343238258, 14.643576120970296]]]}}, {"id": "357", "type": "Feature", "properties": {"building_uid": 2606}, "geometry": {"type": "Polygon", "coordinates": [[[-90.5123798195606, 14.644183227561506], [-90.5124491393337, 14.643694206557184], [-90.51290865527382, 14.64375595198606], [-90.51283933645604, 14.64424497328254], [-90.5123798195606, 14.644183227561506]]]}}, {"id": "358", "type": "Feature", "properties": {"building_uid": 2607}, "geometry": {"type": "Polygon", "coordinates": [[[-90.51257164555525, 14.643528005227685], [-90.51253066994683, 14.643790680859475], [-90.51243433966346, 14.643776436345993], [-90.51247531537847, 14.643513760748544], [-90.51257164555525, 14.643528005227685]]]}}, {"id": "359", "type": "Feature", "properties": {"building_uid": 2692}, "geometry": {"type": "Polygon", "coordinates": [[[-90.51449684356301, 14.648431596964663], [-90.51450976185659, 14.648321207590257], [-90.51458556208529, 14.648329616472363], [-90.51457264439543, 14.648440004491189], [-90.51449684356301, 14.648431596964663]]]}}, {"id": "360", "type": "Feature", "properties": {"building_uid": 2709}, "geometry": {"type": "Polygon", "coordinates": [[[-90.51440212517588, 14.647243241406565], [-90.51437927813947, 14.647400831927126], [-90.51424064889501, 14.647381780472664], [-90.51426349648868, 14.647224190278784], [-90.51440212517588, 14.647243241406565]]]}}, {"id": "361", "type": "Feature", "properties": {"building_uid": 2710}, "geometry": {"type": "Polygon", "coordinates": [[[-90.51453156974131, 14.647569197609432], [-90.51414303399089, 14.647516891293417], [-90.51416389478466, 14.647370012000763], [-90.51455242978705, 14.64742231878557], [-90.51453156974131, 14.647569197609432]]]}}, {"id": "362", "type": "Feature", "properties": {"building_uid": 2713}, "geometry": {"type": "Polygon", "coordinates": [[[-90.51424469700079, 14.648278850723166], [-90.51404622733807, 14.648252862126599], [-90.51406205078351, 14.648138317973695], [-90.51426052036638, 14.648164306551813], [-90.51424469700079, 14.648278850723166]]]}}, {"id": "363", "type": "Feature", "properties": {"building_uid": 2714}, "geometry": {"type": "Polygon", "coordinates": [[[-90.51435532629846, 14.648179404619679], [-90.51432251820822, 14.648403295079161], [-90.514166735556, 14.648381656559097], [-90.51419954305126, 14.648157766534753], [-90.51435532629846, 14.648179404619679]]]}}, {"id": "364", "type": "Feature", "properties": {"building_uid": 2715}, "geometry": {"type": "Polygon", "coordinates": [[[-90.51414599946827, 14.648252876441063], [-90.51413695202638, 14.648317808946882], [-90.51403961016291, 14.64830495266267], [-90.51404865763172, 14.648240020165002], [-90.51414599946827, 14.648252876441063]]]}}, {"id": "365", "type": "Feature", "properties": {"building_uid": 2716}, "geometry": {"type": "Polygon", "coordinates": [[[-90.51407054500233, 14.64807423835679], [-90.51429980724133, 14.648106271487487], [-90.51429034925316, 14.648170433760654], [-90.51406108695181, 14.64813840061052], [-90.51407054500233, 14.64807423835679]]]}}, {"id": "366", "type": "Feature", "properties": {"building_uid": 2717}, "geometry": {"type": "Polygon", "coordinates": [[[-90.51437886193528, 14.648006695468402], [-90.51436386422472, 14.648114959401006], [-90.51406992266284, 14.648076361530961], [-90.514084920509, 14.647968097639309], [-90.51437886193528, 14.648006695468402]]]}}, {"id": "367", "type": "Feature", "properties": {"building_uid": 2718}, "geometry": {"type": "Polygon", "coordinates": [[[-90.51454785100157, 14.64799956067905], [-90.51408745600745, 14.647932923567692], [-90.5141063970068, 14.647808879190478], [-90.51456679175976, 14.64787551622508], [-90.51454785100157, 14.64799956067905]]]}}, {"id": "368", "type": "Feature", "properties": {"building_uid": 2721}, "geometry": {"type": "Polygon", "coordinates": [[[-90.51441383438653, 14.648418175316976], [-90.51443433720463, 14.648267556480272], [-90.51451765855481, 14.648278308133278], [-90.51449715637477, 14.648428925628805], [-90.51441383438653, 14.648418175316976]]]}}, {"id": "369", "type": "Feature", "properties": {"building_uid": 2722}, "geometry": {"type": "Polygon", "coordinates": [[[-90.51435431944196, 14.64818386435167], [-90.51437917957279, 14.648004406680766], [-90.51455226302706, 14.648027134472194], [-90.51452740302857, 14.648206592183065], [-90.51435431944196, 14.64818386435167]]]}}, {"id": "370", "type": "Feature", "properties": {"building_uid": 2723}, "geometry": {"type": "Polygon", "coordinates": [[[-90.5144384498166, 14.647711122184392], [-90.51412354487553, 14.647668566142523], [-90.51413456864378, 14.64759124782671], [-90.51444947272985, 14.647633804222664], [-90.5144384498166, 14.647711122184392]]]}}, {"id": "371", "type": "Feature", "properties": {"building_uid": 2724}, "geometry": {"type": "Polygon", "coordinates": [[[-90.51411173411574, 14.647763510545145], [-90.51412430604181, 14.647668668519174], [-90.51434161661584, 14.647695972931428], [-90.51432904477792, 14.647790814983416], [-90.51411173411574, 14.647763510545145]]]}}, {"id": "372", "type": "Feature", "properties": {"building_uid": 2725}, "geometry": {"type": "Polygon", "coordinates": [[[-90.5141344297254, 14.647592292071646], [-90.51414440075152, 14.647517074682575], [-90.51420351969733, 14.647524503571667], [-90.51419354981934, 14.647599719949838], [-90.5141344297254, 14.647592292071646]]]}}, {"id": "373", "type": "Feature", "properties": {"building_uid": 2727}, "geometry": {"type": "Polygon", "coordinates": [[[-90.51450900887079, 14.647722006774096], [-90.51448548700503, 14.647866529506429], [-90.51431555500925, 14.647840312992999], [-90.51433907697803, 14.64769579029467], [-90.51450900887079, 14.647722006774096]]]}}, {"id": "374", "type": "Feature", "properties": {"building_uid": 2732}, "geometry": {"type": "Polygon", "coordinates": [[[-90.51440045528062, 14.646895924126929], [-90.51422818120588, 14.646873061461843], [-90.51423705202726, 14.64680970128632], [-90.51440932593984, 14.646832563863827], [-90.51440045528062, 14.646895924126929]]]}}, {"id": "375", "type": "Feature", "properties": {"building_uid": 2733}, "geometry": {"type": "Polygon", "coordinates": [[[-90.5142478503464, 14.646732500321201], [-90.51442185255544, 14.646757276346722], [-90.51441017826834, 14.646834991714206], [-90.51423617613547, 14.646810214888346], [-90.5142478503464, 14.646732500321201]]]}}, {"id": "376", "type": "Feature", "properties": {"building_uid": 2735}, "geometry": {"type": "Polygon", "coordinates": [[[-90.51443420325151, 14.646673681822739], [-90.51442185255544, 14.646757276346722], [-90.51424717436984, 14.646732813462634], [-90.51425952512776, 14.646649218957974], [-90.51443420325151, 14.646673681822739]]]}}, {"id": "377", "type": "Feature", "properties": {"building_uid": 2737}, "geometry": {"type": "Polygon", "coordinates": [[[-90.5144259724028, 14.646729380024327], [-90.51443446334642, 14.646671916553938], [-90.5145188160902, 14.646683730988746], [-90.51451032436951, 14.646741194818627], [-90.5144259724028, 14.646729380024327]]]}}, {"id": "378", "type": "Feature", "properties": {"building_uid": 2739}, "geometry": {"type": "Polygon", "coordinates": [[[-90.51427809350919, 14.646505381003584], [-90.5146249830789, 14.646547982199374], [-90.51460587100495, 14.646695504981333], [-90.51425898065752, 14.646652905094292], [-90.51427809350919, 14.646505381003584]]]}}, {"id": "379", "type": "Feature", "properties": {"building_uid": 2743}, "geometry": {"type": "Polygon", "coordinates": [[[-90.51373896242136, 14.64632100862115], [-90.51371814845238, 14.646445005165258], [-90.51342284161235, 14.646398016828336], [-90.51344365573438, 14.646274020335676], [-90.51373896242136, 14.64632100862115]]]}}, {"id": "380", "type": "Feature", "properties": {"building_uid": 2754}, "geometry": {"type": "Polygon", "coordinates": [[[-90.51382089779045, 14.647671238663365], [-90.51383238906541, 14.647589976671965], [-90.51391030419978, 14.647600420738073], [-90.51389881295174, 14.647681682737707], [-90.51382089779045, 14.647671238663365]]]}}, {"id": "381", "type": "Feature", "properties": {"building_uid": 2756}, "geometry": {"type": "Polygon", "coordinates": [[[-90.51400009897822, 14.64769498199792], [-90.51398452912373, 14.6478033828373], [-90.51376485861346, 14.647773474691936], [-90.51378042856909, 14.647665073883692], [-90.51400009897822, 14.64769498199792]]]}}, {"id": "382", "type": "Feature", "properties": {"building_uid": 2760}, "geometry": {"type": "Polygon", "coordinates": [[[-90.51370894491434, 14.64768967851922], [-90.51372632626071, 14.647574308560378], [-90.51381263643671, 14.647586634161716], [-90.51379525513245, 14.647702004133864], [-90.51370894491434, 14.64768967851922]]]}}, {"id": "383", "type": "Feature", "properties": {"building_uid": 2784}, "geometry": {"type": "Polygon", "coordinates": [[[-90.51350231054555, 14.64828228007169], [-90.51353523193833, 14.64811563809824], [-90.51368120275674, 14.64814297263459], [-90.51364828146347, 14.648309614645084], [-90.51350231054555, 14.64828228007169]]]}}, {"id": "384", "type": "Feature", "properties": {"building_uid": 2802}, "geometry": {"type": "Polygon", "coordinates": [[[-90.51287733205078, 14.647936175957145], [-90.51284205891314, 14.648186051480513], [-90.51261605293732, 14.648155809927225], [-90.51265132631521, 14.647905934477158], [-90.51287733205078, 14.647936175957145]]]}}, {"id": "385", "type": "Feature", "properties": {"building_uid": 2817}, "geometry": {"type": "Polygon", "coordinates": [[[-90.51278861601887, 14.647832094750147], [-90.51267328817828, 14.647815909778428], [-90.5126873226309, 14.64772112146777], [-90.51280264983622, 14.647737307780853], [-90.51278861601887, 14.647832094750147]]]}}, {"id": "386", "type": "Feature", "properties": {"building_uid": 2823}, "geometry": {"type": "Polygon", "coordinates": [[[-90.51207866076408, 14.647896138822649], [-90.51205356687159, 14.648079639125658], [-90.51197355563305, 14.648069267393344], [-90.51199864974049, 14.647885767205208], [-90.51207866076408, 14.647896138822649]]]}}, {"id": "387", "type": "Feature", "properties": {"building_uid": 2852}, "geometry": {"type": "Polygon", "coordinates": [[[-90.51214967340873, 14.647044040066715], [-90.51226895508846, 14.647053270835006], [-90.5122638996939, 14.647115201591966], [-90.51214461726215, 14.647105970413078], [-90.51214967340873, 14.647044040066715]]]}}, {"id": "388", "type": "Feature", "properties": {"building_uid": 2857}, "geometry": {"type": "Polygon", "coordinates": [[[-90.51213814983343, 14.645986964062326], [-90.5122732356081, 14.646007265467807], [-90.51224718060914, 14.64617160242469], [-90.51211209555262, 14.646151300651608], [-90.51213814983343, 14.645986964062326]]]}}, {"id": "389", "type": "Feature", "properties": {"building_uid": 2862}, "geometry": {"type": "Polygon", "coordinates": [[[-90.51472319011982, 14.645756415030661], [-90.51479597612183, 14.645767026944734], [-90.51478136440866, 14.645862022683819], [-90.51470857837748, 14.645851410760427], [-90.51472319011982, 14.645756415030661]]]}}, {"id": "390", "type": "Feature", "properties": {"building_uid": 2866}, "geometry": {"type": "Polygon", "coordinates": [[[-90.5145170846392, 14.645703640642589], [-90.5145108402581, 14.645743502658826], [-90.51439185772796, 14.64572583394442], [-90.51439810212902, 14.64568597193463], [-90.5145170846392, 14.645703640642589]]]}}, {"id": "391", "type": "Feature", "properties": {"building_uid": 2873}, "geometry": {"type": "Polygon", "coordinates": [[[-90.5139417359843, 14.645116787918843], [-90.51400772553065, 14.644747684302189], [-90.51405626852296, 14.644755911732554], [-90.51399027939945, 14.645125014733141], [-90.5139417359843, 14.645116787918843]]]}}, {"id": "392", "type": "Feature", "properties": {"building_uid": 2880}, "geometry": {"type": "Polygon", "coordinates": [[[-90.51392700211282, 14.645280504047603], [-90.51395433635707, 14.645118790705153], [-90.51406793107668, 14.645136991642271], [-90.51404059673776, 14.645298705333703], [-90.51392700211282, 14.645280504047603]]]}}, {"id": "393", "type": "Feature", "properties": {"building_uid": 2881}, "geometry": {"type": "Polygon", "coordinates": [[[-90.51416893049277, 14.644772232850876], [-90.51409294269726, 14.645143339876864], [-90.51403605991614, 14.64513229835193], [-90.51411204748416, 14.644761192025443], [-90.51416893049277, 14.644772232850876]]]}}, {"id": "394", "type": "Feature", "properties": {"building_uid": 2882}, "geometry": {"type": "Polygon", "coordinates": [[[-90.51355179457299, 14.645123873941875], [-90.5135685050656, 14.644997688203441], [-90.51369076295681, 14.645013035388619], [-90.51367405185931, 14.645139220727243], [-90.51355179457299, 14.645123873941875]]]}}, {"id": "395", "type": "Feature", "properties": {"building_uid": 2891}, "geometry": {"type": "Polygon", "coordinates": [[[-90.51217784074277, 14.645298189221695], [-90.5124451943577, 14.645330939746005], [-90.51242531131948, 14.645484798412843], [-90.51215795707562, 14.64545204755606], [-90.51217784074277, 14.645298189221695]]]}}, {"id": "396", "type": "Feature", "properties": {"building_uid": 2897}, "geometry": {"type": "Polygon", "coordinates": [[[-90.51246969322153, 14.64516598759607], [-90.51253426386768, 14.645175955505428], [-90.5125222712972, 14.645249598571496], [-90.51245770063112, 14.645239630655553], [-90.51246969322153, 14.64516598759607]]]}}, {"id": "397", "type": "Feature", "properties": {"building_uid": 12745}, "geometry": {"type": "Polygon", "coordinates": [[[-90.51408018036766, 14.646209052060138], [-90.5142080358814, 14.64622644122495], [-90.51419999977158, 14.646282451817338], [-90.51407214399704, 14.646265062495823], [-90.51408018036766, 14.646209052060138]]]}}, {"id": "398", "type": "Feature", "properties": {"building_uid": 12746}, "geometry": {"type": "Polygon", "coordinates": [[[-90.51431477277072, 14.646247936583004], [-90.51454524746296, 14.646277369935941], [-90.51453237633804, 14.646372901943554], [-90.51430190155176, 14.646343468562621], [-90.51431477277072, 14.646247936583004]]]}}, {"id": "399", "type": "Feature", "properties": {"building_uid": 12782}, "geometry": {"type": "Polygon", "coordinates": [[[-90.51354010733526, 14.64432939496511], [-90.51350795698636, 14.644552524344686], [-90.5132028732808, 14.64451085512308], [-90.5132350230347, 14.644287726132701], [-90.51354010733526, 14.64432939496511]]]}}, {"id": "400", "type": "Feature", "properties": {"building_uid": 12783}, "geometry": {"type": "Polygon", "coordinates": [[[-90.51309094903844, 14.643729471628765], [-90.51311510805434, 14.643568020935522], [-90.51326738058616, 14.643589620998824], [-90.51324322167424, 14.643751071724816], [-90.51309094903844, 14.643729471628765]]]}}, {"id": "401", "type": "Feature", "properties": {"building_uid": 12784}, "geometry": {"type": "Polygon", "coordinates": [[[-90.5136695927325, 14.643430712715839], [-90.51363782795548, 14.643651173559922], [-90.51345253729426, 14.643625866275087], [-90.51348430207945, 14.64340540537865], [-90.5136695927325, 14.643430712715839]]]}}, {"id": "402", "type": "Feature", "properties": {"building_uid": 12785}, "geometry": {"type": "Polygon", "coordinates": [[[-90.51306888529878, 14.64412615506414], [-90.51311638261474, 14.643661465724122], [-90.51349286092915, 14.64369794284446], [-90.51344536437408, 14.644162632383773], [-90.51306888529878, 14.64412615506414]]]}}, {"id": "403", "type": "Feature", "properties": {"building_uid": 12786}, "geometry": {"type": "Polygon", "coordinates": [[[-90.51363816060616, 14.643648867766547], [-90.51353494825466, 14.644365203876909], [-90.51327590213212, 14.644329822663991], [-90.51337911527136, 14.643613486796585], [-90.51363816060616, 14.643648867766547]]]}}, {"id": "404", "type": "Feature", "properties": {"building_uid": 12788}, "geometry": {"type": "Polygon", "coordinates": [[[-90.51431367626722, 14.644522898888956], [-90.5144370558838, 14.644542625811429], [-90.51442348242519, 14.644623098981752], [-90.51430010276712, 14.644603372045314], [-90.51431367626722, 14.644522898888956]]]}}, {"id": "405", "type": "Feature", "properties": {"building_uid": 12846}, "geometry": {"type": "Polygon", "coordinates": [[[-90.51252650141863, 14.644134864949129], [-90.51236229079994, 14.644113936213808], [-90.51238195844107, 14.643967655351426], [-90.51254616895719, 14.643988584056231], [-90.51252650141863, 14.644134864949129]]]}}, {"id": "406", "type": "Feature", "properties": {"building_uid": 12847}, "geometry": {"type": "Polygon", "coordinates": [[[-90.51249852741205, 14.643872027256384], [-90.51248320030918, 14.643980991046305], [-90.51240973033316, 14.64397119462727], [-90.51242505905935, 14.643862230128738], [-90.51249852741205, 14.643872027256384]]]}}, {"id": "407", "type": "Feature", "properties": {"building_uid": 12848}, "geometry": {"type": "Polygon", "coordinates": [[[-90.51240880122346, 14.64397768299501], [-90.5122978568653, 14.643962195052993], [-90.51231021652868, 14.643878274992531], [-90.51242115999445, 14.643893764107819], [-90.51240880122346, 14.64397768299501]]]}}, {"id": "408", "type": "Feature", "properties": {"building_uid": 12856}, "geometry": {"type": "Polygon", "coordinates": [[[-90.51188414028577, 14.647631976498568], [-90.5117209801618, 14.64760910997643], [-90.51173007225587, 14.64754761422568], [-90.51189323254015, 14.647570479997327], [-90.51188414028577, 14.647631976498568]]]}}, {"id": "409", "type": "Feature", "properties": {"building_uid": 12915}, "geometry": {"type": "Polygon", "coordinates": [[[-90.51507024038747, 14.645426615840838], [-90.51505755278839, 14.645523879027266], [-90.51491794277509, 14.645506615839924], [-90.51493063044931, 14.6454093526811], [-90.51507024038747, 14.645426615840838]]]}}, {"id": "410", "type": "Feature", "properties": {"building_uid": 12919}, "geometry": {"type": "Polygon", "coordinates": [[[-90.51396937751818, 14.644400125956318], [-90.51378313283365, 14.644374952920694], [-90.5138048114882, 14.64422291340434], [-90.51399105555001, 14.64424808608231], [-90.51396937751818, 14.644400125956318]]]}}, {"id": "411", "type": "Feature", "properties": {"building_uid": 12951}, "geometry": {"type": "Polygon", "coordinates": [[[-90.51448651783662, 14.64597776479664], [-90.514514470248, 14.64581394927891], [-90.51458404666766, 14.645825202309044], [-90.51455609430383, 14.645989017842915], [-90.51448651783662, 14.64597776479664]]]}}, {"id": "412", "type": "Feature", "properties": {"building_uid": 12956}, "geometry": {"type": "Polygon", "coordinates": [[[-90.51445640609215, 14.647411868739994], [-90.51437836433313, 14.647400701533003], [-90.51440193612063, 14.647244547178687], [-90.51447997854908, 14.647255714837613], [-90.51445640609215, 14.647411868739994]]]}}, {"id": "413", "type": "Feature", "properties": {"building_uid": 12987}, "geometry": {"type": "Polygon", "coordinates": [[[-90.5151010370333, 14.644248453043831], [-90.51511383622017, 14.644140192676948], [-90.5152292973606, 14.64415313215426], [-90.51521649872683, 14.644261392838883], [-90.5151010370333, 14.644248453043831]]]}}, {"id": "414", "type": "Feature", "properties": {"building_uid": 12997}, "geometry": {"type": "Polygon", "coordinates": [[[-90.51293744879628, 14.645604296194477], [-90.51280318683594, 14.645586393173218], [-90.51281528418798, 14.645500396663367], [-90.51294954591272, 14.64551829955107], [-90.51293744879628, 14.645604296194477]]]}}, {"id": "415", "type": "Feature", "properties": {"building_uid": 1000003}, "geometry": {"type": "Polygon", "coordinates": [[[-90.51440072634976, 14.642966186824593], [-90.51432217691395, 14.642953669657107], [-90.51435050773335, 14.642785138518455], [-90.51442905711384, 14.642797655667339], [-90.51440072634976, 14.642966186824593]]]}}, {"id": "416", "type": "Feature", "properties": {"building_uid": 1000002}, "geometry": {"type": "Polygon", "coordinates": [[[-90.51442186609569, 14.642966093834808], [-90.51440878392552, 14.64306559586741], [-90.5143090958906, 14.643053172419059], [-90.51432217691395, 14.642953669657107], [-90.51442186609569, 14.642966093834808]]]}}, {"id": "417", "type": "Feature", "properties": {"building_uid": 1000004}, "geometry": {"type": "Polygon", "coordinates": [[[-90.51512283644934, 14.64311268125124], [-90.51510586105361, 14.643237276116492], [-90.51501861438737, 14.643226007595054], [-90.51503558982948, 14.643101412743688], [-90.51512283644934, 14.64311268125124]]]}}, {"id": "418", "type": "Feature", "properties": {"building_uid": 1000005}, "geometry": {"type": "Polygon", "coordinates": [[[-90.51247697290344, 14.643431089765176], [-90.51254468019343, 14.643439346981742], [-90.51253707776058, 14.643498432148146], [-90.51246937095391, 14.643490174377293], [-90.51247697290344, 14.643431089765176]]]}}, {"id": "419", "type": "Feature", "properties": {"building_uid": 1000012}, "geometry": {"type": "Polygon", "coordinates": [[[-90.51300604855828, 14.64429502013251], [-90.51315833254284, 14.644317591747944], [-90.5131494335646, 14.644374509370454], [-90.51299714830894, 14.644351938675559], [-90.51300604855828, 14.64429502013251]]]}}, {"id": "420", "type": "Feature", "properties": {"building_uid": 1000007}, "geometry": {"type": "Polygon", "coordinates": [[[-90.51405833896622, 14.64367358889251], [-90.51403469098113, 14.643802193101877], [-90.51393470641297, 14.643784764185112], [-90.51395835481004, 14.643656161127815], [-90.51405833896622, 14.64367358889251]]]}}, {"id": "421", "type": "Feature", "properties": {"building_uid": 1000008}, "geometry": {"type": "Polygon", "coordinates": [[[-90.51443982706206, 14.64451840525653], [-90.51439532568882, 14.644512140231956], [-90.51440335543693, 14.644458078332958], [-90.51444785679998, 14.644464343354338], [-90.51443982706206, 14.64451840525653]]]}}, {"id": "422", "type": "Feature", "properties": {"building_uid": 1000009}, "geometry": {"type": "Polygon", "coordinates": [[[-90.51470309684717, 14.64384088301476], [-90.51469582800705, 14.643903814769526], [-90.51463641490757, 14.643897310412841], [-90.51464368268105, 14.643834378009753], [-90.51470309684717, 14.64384088301476]]]}}, {"id": "423", "type": "Feature", "properties": {"building_uid": 1000011}, "geometry": {"type": "Polygon", "coordinates": [[[-90.51500093830161, 14.644037985425165], [-90.51481124177275, 14.644015905272857], [-90.51482309966964, 14.643919341687914], [-90.51501279539555, 14.643941421374365], [-90.51500093830161, 14.644037985425165]]]}}, {"id": "424", "type": "Feature", "properties": {"building_uid": 182}, "geometry": {"type": "Polygon", "coordinates": [[[-90.51459208106698, 14.644244699934834], [-90.51461218317377, 14.644087190187562], [-90.51477733369482, 14.64410716925644], [-90.51475723233763, 14.644264679430758], [-90.51459208106698, 14.644244699934834]]]}}, {"id": "425", "type": "Feature", "properties": {"building_uid": 1000013}, "geometry": {"type": "Polygon", "coordinates": [[[-90.51477556607837, 14.644108225904], [-90.51498719110933, 14.644129656311609], [-90.51497135768938, 14.64427787072473], [-90.51475973252234, 14.644256440280806], [-90.51477556607837, 14.644108225904]]]}}, {"id": "426", "type": "Feature", "properties": {"building_uid": 1000016}, "geometry": {"type": "Polygon", "coordinates": [[[-90.51464728436751, 14.645235132552411], [-90.51474758872668, 14.645247490775931], [-90.51473629943955, 14.645334342873078], [-90.51463599504308, 14.645321984638652], [-90.51464728436751, 14.645235132552411]]]}}, {"id": "427", "type": "Feature", "properties": {"building_uid": 1000019}, "geometry": {"type": "Polygon", "coordinates": [[[-90.51492643432447, 14.645464534488507], [-90.51483561907136, 14.645454829406873], [-90.51484207403996, 14.645397568761403], [-90.51493289050572, 14.645407274577027], [-90.51492643432447, 14.645464534488507]]]}}, {"id": "428", "type": "Feature", "properties": {"building_uid": 1000015}, "geometry": {"type": "Polygon", "coordinates": [[[-90.5146021443226, 14.645225174283949], [-90.51451816210688, 14.645213184439047], [-90.51452998435431, 14.645134689084719], [-90.51461396669808, 14.64514667902203], [-90.5146021443226, 14.645225174283949]]]}}, {"id": "429", "type": "Feature", "properties": {"building_uid": 2861}, "geometry": {"type": "Polygon", "coordinates": [[[-90.51217660381946, 14.646638058733092], [-90.51222906146243, 14.646282026168569], [-90.51236765288245, 14.64630138230738], [-90.51231519576953, 14.64665741514416], [-90.51217660381946, 14.646638058733092]]]}}, {"id": "430", "type": "Feature", "properties": {"building_uid": 1000023}, "geometry": {"type": "Polygon", "coordinates": [[[-90.512067537446, 14.647501905907056], [-90.51207552765386, 14.647413180884405], [-90.51217904828937, 14.647422018483299], [-90.51217105850228, 14.647510742889631], [-90.512067537446, 14.647501905907056]]]}}, {"id": "431", "type": "Feature", "properties": {"building_uid": 1000020}, "geometry": {"type": "Polygon", "coordinates": [[[-90.5121772701491, 14.647106717935246], [-90.51217370695173, 14.64722957103917], [-90.512099587914, 14.647227533283067], [-90.51210315115232, 14.647104680186759], [-90.5121772701491, 14.647106717935246]]]}}, {"id": "432", "type": "Feature", "properties": {"building_uid": 1000021}, "geometry": {"type": "Polygon", "coordinates": [[[-90.51213608610192, 14.647161240676873], [-90.51227070487101, 14.647164882534371], [-90.5122678506107, 14.647264904590047], [-90.51213323178106, 14.647261262721296], [-90.51213608610192, 14.647161240676873]]]}}, {"id": "433", "type": "Feature", "properties": {"building_uid": 1000024}, "geometry": {"type": "Polygon", "coordinates": [[[-90.51416342270632, 14.647376553226074], [-90.51417521207432, 14.647212956699143], [-90.5142639843713, 14.64721901996852], [-90.51425219576171, 14.647382616890456], [-90.51416342270632, 14.647376553226074]]]}}, {"id": "434", "type": "Feature", "properties": {"building_uid": 1000001}, "geometry": {"type": "Polygon", "coordinates": [[[-90.51420337655104, 14.642994141392146], [-90.51433237347136, 14.643012653890937], [-90.5142951427307, 14.64325857636152], [-90.51416614567636, 14.643240063820269], [-90.51420337655104, 14.642994141392146]]]}}, {"id": "435", "type": "Feature", "properties": {"building_uid": 1000017}, "geometry": {"type": "Polygon", "coordinates": [[[-90.5146848550008, 14.645729429963914], [-90.5146550656891, 14.645929407445882], [-90.51450052114393, 14.64590758491233], [-90.51453031058644, 14.645707607471424], [-90.5146848550008, 14.645729429963914]]]}}]}