{"type": "FeatureCollection", "features": [{"id": "0", "type": "Feature", "properties": {"id": 1000009}, "geometry": {"type": "Polygon", "coordinates": [[[-84.10406308457618, 9.926066069561635], [-84.10406872096293, 9.926076097972615], [-84.10411054082898, 9.926150507821028], [-84.10411031393716, 9.926160235282158], [-84.10407531274667, 9.926192921502654], [-84.10396167251783, 9.92614083250133], [-84.10404550044743, 9.926078832232086], [-84.10406308457618, 9.926066069561635]]]}}, {"id": "1", "type": "Feature", "properties": {"id": 1219}, "geometry": {"type": "Polygon", "coordinates": [[[-84.10412167795614, 9.926133817650753], [-84.10432434689123, 9.926148313724525], [-84.10431977784238, 9.926211213227393], [-84.10426114083, 9.926207284733033], [-84.10411476715146, 9.926197384267542], [-84.10411786605196, 9.926168721425364], [-84.10412167795614, 9.926133817650753]]]}}, {"id": "2", "type": "Feature", "properties": {"id": 1000010}, "geometry": {"type": "Polygon", "coordinates": [[[-84.10396977379105, 9.926144545862947], [-84.10407840523017, 9.926196050822], [-84.10406447282229, 9.926226829362589], [-84.10404686658403, 9.926223639983787], [-84.10400253965975, 9.92620665502714], [-84.10396304510091, 9.92618632306393], [-84.10395172719268, 9.92617719268586], [-84.10396977379105, 9.926144545862947]]]}}, {"id": "3", "type": "Feature", "properties": {"id": 1221}, "geometry": {"type": "Polygon", "coordinates": [[[-84.10472780219071, 9.926111184748805], [-84.10478183354633, 9.926114431038345], [-84.10476729758761, 9.926289251863212], [-84.10471497248093, 9.926286972128974], [-84.10472780219071, 9.926111184748805]]]}}, {"id": "4", "type": "Feature", "properties": {"id": 1222}, "geometry": {"type": "Polygon", "coordinates": [[[-84.10494379419731, 9.926126250825122], [-84.10502872187048, 9.926129422630833], [-84.1050274506474, 9.926165856456079], [-84.10499771707438, 9.92626407933416], [-84.10494245320368, 9.926264079331666], [-84.10494379419731, 9.926126250825122]]]}}, {"id": "5", "type": "Feature", "properties": {"id": 1223}, "geometry": {"type": "Polygon", "coordinates": [[[-84.10452239771249, 9.926096743041205], [-84.10456243374976, 9.926099081414344], [-84.10455993687607, 9.926220816993288], [-84.10448215079306, 9.926214906032603], [-84.10448683990727, 9.926124603165896], [-84.10448793271394, 9.926119720205522], [-84.10449385704132, 9.926108868089983], [-84.10450124184997, 9.926102219995276], [-84.1045078068955, 9.926098736816986], [-84.10451751878283, 9.926097015822895], [-84.10452239771249, 9.926096743041205]]]}}, {"id": "6", "type": "Feature", "properties": {"id": 1000011}, "geometry": {"type": "Polygon", "coordinates": [[[-84.10396304510091, 9.92618632306393], [-84.10404686658403, 9.926223639983787], [-84.10402207790753, 9.92627672357254], [-84.10397638563119, 9.926267967154365], [-84.10393442858673, 9.926247093440455], [-84.10396304510091, 9.92618632306393]]]}}, {"id": "7", "type": "Feature", "properties": {"id": 1225}, "geometry": {"type": "Polygon", "coordinates": [[[-84.10456243374976, 9.926099081414344], [-84.10461571894417, 9.926102636375022], [-84.10460851965045, 9.926211977702224], [-84.10460402221155, 9.926222828117197], [-84.10455993687607, 9.926220816993288], [-84.10456243374976, 9.926099081414344]]]}}, {"id": "8", "type": "Feature", "properties": {"id": 1226}, "geometry": {"type": "Polygon", "coordinates": [[[-84.10461556597656, 9.926104959730877], [-84.10467135250867, 9.926107783265907], [-84.10466289694274, 9.926225196048177], [-84.10463954240167, 9.926282731237478], [-84.10460533381705, 9.9262823812899], [-84.10460735521264, 9.926235278305834], [-84.10461556597656, 9.926104959730877]]]}}, {"id": "9", "type": "Feature", "properties": {"id": 1227}, "geometry": {"type": "Polygon", "coordinates": [[[-84.10467135250867, 9.926107783265907], [-84.10472780219071, 9.926111184748805], [-84.10471542529444, 9.92628404812199], [-84.10466092323288, 9.926282043410708], [-84.10467135250867, 9.926107783265907]]]}}, {"id": "10", "type": "Feature", "properties": {"id": 1000012}, "geometry": {"type": "Polygon", "coordinates": [[[-84.10478184388221, 9.926114384812738], [-84.10479470648794, 9.926115141204429], [-84.10480770224328, 9.926115905691578], [-84.10481463407592, 9.926118706503637], [-84.10481882996848, 9.926121372544923], [-84.10482439455933, 9.926126389047623], [-84.10482850038014, 9.926132581452837], [-84.10483132967984, 9.926139497609157], [-84.10483616687594, 9.926151340964145], [-84.10483613148115, 9.926151879871707], [-84.1048264780115, 9.926293786161525], [-84.1047698132177, 9.926288657149927], [-84.10478184388221, 9.926114384812738]]]}}, {"id": "11", "type": "Feature", "properties": {"id": 1229}, "geometry": {"type": "Polygon", "coordinates": [[[-84.10483613148116, 9.926151879871707], [-84.10488707461877, 9.926155164615523], [-84.10487884088485, 9.926297425374417], [-84.1048264780115, 9.926293786161525], [-84.10483613148116, 9.926151879871707]]]}}, {"id": "12", "type": "Feature", "properties": {"id": 1230}, "geometry": {"type": "Polygon", "coordinates": [[[-84.10488744103421, 9.926157586803074], [-84.10494178945204, 9.92615890523161], [-84.1049327820219, 9.926297985555752], [-84.10487884088485, 9.926297425374417], [-84.10488744103421, 9.926157586803074]]]}}, {"id": "13", "type": "Feature", "properties": {"id": 1000013}, "geometry": {"type": "Polygon", "coordinates": [[[-84.10383323419778, 9.926245584826331], [-84.10399750706996, 9.926276651943006], [-84.10399144625774, 9.92632112906661], [-84.10396871821199, 9.926320532058275], [-84.10387766554626, 9.926304433709221], [-84.10378682760415, 9.92628511228023], [-84.10383323419778, 9.926245584826331]]]}}, {"id": "14", "type": "Feature", "properties": {"id": 1232}, "geometry": {"type": "Polygon", "coordinates": [[[-84.10356306688584, 9.92630630657871], [-84.10356746609106, 9.926375385232342], [-84.10341455659989, 9.926376856234425], [-84.10341131696173, 9.926310331977534], [-84.10356306688584, 9.92630630657871]]]}}, {"id": "15", "type": "Feature", "properties": {"id": 1233}, "geometry": {"type": "Polygon", "coordinates": [[[-84.10446781546523, 9.926276210918434], [-84.10453884771273, 9.926281024221725], [-84.10453485866164, 9.926404011581354], [-84.10448479092794, 9.926401585921443], [-84.10448032157383, 9.926399326846385], [-84.10447256787614, 9.926393090367355], [-84.10446818851186, 9.926387033671602], [-84.1044638985914, 9.926375461396974], [-84.10446344053912, 9.926368951381674], [-84.10446781546523, 9.926276210918434]]]}}, {"id": "16", "type": "Feature", "properties": {"id": 1234}, "geometry": {"type": "Polygon", "coordinates": [[[-84.10460244529717, 9.926282351743641], [-84.10463954240167, 9.926282731237478], [-84.10465737539353, 9.926306510962627], [-84.10465084025445, 9.92640679566862], [-84.1045982606073, 9.926407242801353], [-84.10459914736693, 9.926359310318801], [-84.10460244529717, 9.926282351743641]]]}}, {"id": "17", "type": "Feature", "properties": {"id": 1235}, "geometry": {"type": "Polygon", "coordinates": [[[-84.10476675592946, 9.926292048291298], [-84.10482399635326, 9.926295545911985], [-84.10481829996999, 9.926421016353759], [-84.10476480514862, 9.92642089100124], [-84.10476675592946, 9.926292048291298]]]}}, {"id": "18", "type": "Feature", "properties": {"id": 1236}, "geometry": {"type": "Polygon", "coordinates": [[[-84.10465811688172, 9.926285391647442], [-84.10471208179099, 9.926286942704145], [-84.10470608557904, 9.92641522812028], [-84.10465364670104, 9.926412712809254], [-84.10465811688172, 9.926285391647442]]]}}, {"id": "19", "type": "Feature", "properties": {"id": 1000014}, "geometry": {"type": "Polygon", "coordinates": [[[-84.09962728266939, 9.926223145059824], [-84.09968679420237, 9.926283636758397], [-84.09959854365569, 9.926375347805283], [-84.09957027181747, 9.926372462822538], [-84.09952231033058, 9.926325649123758], [-84.09962728266939, 9.926223145059824]]]}}, {"id": "20", "type": "Feature", "properties": {"id": 1239}, "geometry": {"type": "Polygon", "coordinates": [[[-84.10471149714972, 9.926299450926113], [-84.10474121374772, 9.926300163019402], [-84.10476408841977, 9.926312435511202], [-84.10476040794688, 9.926412817999628], [-84.10470641869715, 9.926410212763763], [-84.10471149714972, 9.926299450926113]]]}}, {"id": "21", "type": "Feature", "properties": {"id": 1240}, "geometry": {"type": "Polygon", "coordinates": [[[-84.10482399635326, 9.926295545911985], [-84.10487884088485, 9.926297425374417], [-84.10487062914854, 9.926417531662581], [-84.1048390774327, 9.926421968464718], [-84.10481829996999, 9.926421016353764], [-84.10482399635326, 9.926295545911985]]]}}, {"id": "22", "type": "Feature", "properties": {"id": 1241}, "geometry": {"type": "Polygon", "coordinates": [[[-84.1048777561514, 9.926309467081866], [-84.10490548052896, 9.926311357180861], [-84.10493011638387, 9.926322797964229], [-84.1049249859549, 9.926429852961737], [-84.10487145268462, 9.926427247609405], [-84.10487113084982, 9.926409924519817], [-84.1048777561514, 9.926309467081866]]]}}, {"id": "23", "type": "Feature", "properties": {"id": 1242}, "geometry": {"type": "Polygon", "coordinates": [[[-84.10373745560442, 9.926363300254724], [-84.10383814253146, 9.926364440828907], [-84.10395596354589, 9.926365775871773], [-84.10395597964447, 9.926416649969063], [-84.10373451715616, 9.926416867922097], [-84.10373098545891, 9.926395898264294], [-84.10372651132566, 9.926364030617831], [-84.10373745560442, 9.926363300254724]]]}}, {"id": "24", "type": "Feature", "properties": {"id": 1243}, "geometry": {"type": "Polygon", "coordinates": [[[-84.10493388729915, 9.926297674489518], [-84.1049874040508, 9.926299231081677], [-84.10498938150458, 9.926330549150983], [-84.10498361308498, 9.9264354672781], [-84.10492741469402, 9.926432737638297], [-84.10493388729915, 9.926297674489518]]]}}, {"id": "25", "type": "Feature", "properties": {"id": 1244}, "geometry": {"type": "Polygon", "coordinates": [[[-84.10038081291691, 9.926120388262], [-84.10041503278788, 9.926428548339612], [-84.10032260934965, 9.926440605336866], [-84.10028745474425, 9.926128608229442], [-84.10038081291691, 9.926120388262]]]}}, {"id": "26", "type": "Feature", "properties": {"id": 1245}, "geometry": {"type": "Polygon", "coordinates": [[[-84.10058830649967, 9.92618495686726], [-84.10061262605848, 9.92642188648434], [-84.10048822104316, 9.926436426280059], [-84.10041598382904, 9.926436894408543], [-84.10041503278788, 9.926428548339612], [-84.10041447046504, 9.926423609617437], [-84.10040269430863, 9.926319357475654], [-84.10039473862982, 9.926248742720878], [-84.10038807419703, 9.926188586536341], [-84.10058830649967, 9.92618495686726]]]}}, {"id": "27", "type": "Feature", "properties": {"id": 1246}, "geometry": {"type": "Polygon", "coordinates": [[[-84.1003004998868, 9.926233703847673], [-84.10031091522747, 9.92631737320542], [-84.10032533671514, 9.926468216960888], [-84.10027810885249, 9.926470424897776], [-84.10023275780868, 9.92645433652316], [-84.10021270773599, 9.92624075005265], [-84.1003004998868, 9.926233703847673]]]}}, {"id": "28", "type": "Feature", "properties": {"id": 1248}, "geometry": {"type": "Polygon", "coordinates": [[[-84.0993705501828, 9.926484292501764], [-84.09941551162356, 9.926489161753985], [-84.09946497734794, 9.926551537875719], [-84.09944987039164, 9.926689430256072], [-84.09944967030553, 9.92669123688478], [-84.09935474100658, 9.92667960197974], [-84.0993705501828, 9.926484292501764]]]}}, {"id": "29", "type": "Feature", "properties": {"id": 1001248}, "geometry": {"type": "Polygon", "coordinates": [[[-84.09941455923015, 9.926355522932575], [-84.0994217790834, 9.926406155358475], [-84.09941741947793, 9.926465109764633], [-84.09937218546202, 9.926463586092202], [-84.09936185136907, 9.926368106826326], [-84.09941455923015, 9.926355522932575]]]}}, {"id": "30", "type": "Feature", "properties": {"id": 1000015}, "geometry": {"type": "Polygon", "coordinates": [[[-84.09974879533259, 9.926330905751476], [-84.09980303798076, 9.926385268903035], [-84.09969983497004, 9.926489462244655], [-84.09966703036604, 9.926457606987228], [-84.09966528657856, 9.926421168698738], [-84.09974879533259, 9.926330905751476]]]}}, {"id": "31", "type": "Feature", "properties": {"id": 1251}, "geometry": {"type": "Polygon", "coordinates": [[[-84.10343369161654, 9.92645550769435], [-84.10356879270228, 9.92646434619589], [-84.10356914179441, 9.926528885885777], [-84.10355245422608, 9.92653341199799], [-84.10344621037359, 9.92652346642523], [-84.10343306402433, 9.926489776639905], [-84.10343369161654, 9.92645550769435]]]}}, {"id": "32", "type": "Feature", "properties": {"id": 1001251}, "geometry": {"type": "Polygon", "coordinates": [[[-84.10335811686336, 9.926452507672549], [-84.10341685446721, 9.92646121752296], [-84.10341492746599, 9.926526582729748], [-84.10335656070846, 9.926523797792777], [-84.10335811686336, 9.926452507672549]]]}}, {"id": "33", "type": "Feature", "properties": {"id": 1000016}, "geometry": {"type": "Polygon", "coordinates": [[[-84.09948951283197, 9.926356800312416], [-84.0995320900377, 9.926382322414744], [-84.09959782436904, 9.926427914476218], [-84.09953565384912, 9.926512474644223], [-84.09951284980349, 9.926496386872405], [-84.09948949844313, 9.926479847167476], [-84.09947472924976, 9.92646502811515], [-84.09948951283197, 9.926356800312416]]]}}, {"id": "34", "type": "Feature", "properties": {"id": 1253}, "geometry": {"type": "Polygon", "coordinates": [[[-84.10400899953022, 9.926475862569552], [-84.10425642147472, 9.926492784258581], [-84.10425161133384, 9.92655106580062], [-84.10400303756113, 9.926534037093054], [-84.10400899953022, 9.926475862569552]]]}}, {"id": "35", "type": "Feature", "properties": {"id": 1254}, "geometry": {"type": "Polygon", "coordinates": [[[-84.10448170547868, 9.926472127437549], [-84.10452374785918, 9.926474374768977], [-84.10458224351169, 9.926490169255151], [-84.10458112537836, 9.926507171064234], [-84.10457714464387, 9.926561139870438], [-84.10447451202917, 9.926556358802117], [-84.10446555946505, 9.926508258762667], [-84.10446646666118, 9.92649324894744], [-84.104470385244, 9.926484205836482], [-84.10448170547868, 9.926472127437549]]]}}, {"id": "36", "type": "Feature", "properties": {"id": 1255}, "geometry": {"type": "Polygon", "coordinates": [[[-84.10495870991896, 9.926499977759052], [-84.10501561032792, 9.926504636343362], [-84.10501333638952, 9.926620473469765], [-84.1049574733771, 9.926618343258317], [-84.10495870991896, 9.926499977759052]]]}}, {"id": "37", "type": "Feature", "properties": {"id": 1256}, "geometry": {"type": "Polygon", "coordinates": [[[-84.09979647836164, 9.926391891468931], [-84.09986270691468, 9.926456973285516], [-84.09976134025938, 9.926564260618735], [-84.09971527808659, 9.926522768567986], [-84.09971232963758, 9.92647691032366], [-84.09979647836164, 9.926391891468931]]]}}, {"id": "38", "type": "Feature", "properties": {"id": 1257}, "geometry": {"type": "Polygon", "coordinates": [[[-84.10463606583683, 9.926492269284754], [-84.10468976311566, 9.926494973420358], [-84.1046873048922, 9.926593961913285], [-84.10463163789804, 9.926590579112277], [-84.10463606583683, 9.926492269284754]]]}}, {"id": "39", "type": "Feature", "properties": {"id": 1000017}, "geometry": {"type": "Polygon", "coordinates": [[[-84.09958687372914, 9.926442757322045], [-84.09964924869705, 9.926491794428802], [-84.09959986812694, 9.926564546765846], [-84.09956976056097, 9.926547738738073], [-84.09955269679922, 9.926530380419413], [-84.09953565384912, 9.926512474644223], [-84.09958687372914, 9.926442757322045]]]}}, {"id": "40", "type": "Feature", "properties": {"id": 1259}, "geometry": {"type": "Polygon", "coordinates": [[[-84.10370605775915, 9.926566574025497], [-84.10378562872671, 9.926579466110365], [-84.10378240411738, 9.926629258595254], [-84.10370210412108, 9.926614657023844], [-84.10370605775915, 9.926566574025497]]]}}, {"id": "41", "type": "Feature", "properties": {"id": 1260}, "geometry": {"type": "Polygon", "coordinates": [[[-84.10471129811204, 9.926494646456229], [-84.1047469229548, 9.926496794500215], [-84.10474556353371, 9.926517834491857], [-84.10473893066461, 9.9266204384726], [-84.10471247675059, 9.926618920487968], [-84.10468585314642, 9.926617200016128], [-84.10468976311566, 9.926494973420358], [-84.10471129811204, 9.926494646456229]]]}}, {"id": "42", "type": "Feature", "properties": {"id": 1261}, "geometry": {"type": "Polygon", "coordinates": [[[-84.104483125258, 9.926557501909404], [-84.10457714464387, 9.926561139870438], [-84.10457581686568, 9.926623419002912], [-84.10456848265845, 9.926626388867541], [-84.10447926411075, 9.926620997955967], [-84.104483125258, 9.926557501909404]]]}}, {"id": "43", "type": "Feature", "properties": {"id": 1262}, "geometry": {"type": "Polygon", "coordinates": [[[-84.1048556979988, 9.92650243780861], [-84.10491030762067, 9.926505728200604], [-84.1049102940064, 9.92650593255152], [-84.10490278614158, 9.92661527866196], [-84.10489871579028, 9.926670701020548], [-84.10485621608332, 9.926668662651084], [-84.10485016252893, 9.926633411995695], [-84.10485020366983, 9.926619934122872], [-84.10485426688194, 9.926524551999222], [-84.1048556979988, 9.92650243780861]]]}}, {"id": "44", "type": "Feature", "properties": {"id": 1263}, "geometry": {"type": "Polygon", "coordinates": [[[-84.09934443214, 9.926320158928094], [-84.09937517559457, 9.926399568636322], [-84.09925921957522, 9.926691790826732], [-84.09919654832223, 9.926687915853888], [-84.09916685034239, 9.92660015571595], [-84.0991729111546, 9.926450903726643], [-84.09918670096447, 9.926422732960646], [-84.09925594428181, 9.926367322582905], [-84.09931958280995, 9.926327323027998], [-84.09934443214, 9.926320158928094]]]}}, {"id": "45", "type": "Feature", "properties": {"id": 1264}, "geometry": {"type": "Polygon", "coordinates": [[[-84.09964382893035, 9.926499779365592], [-84.09970448852383, 9.926545241976267], [-84.09965793206324, 9.92660806248019], [-84.09963179039848, 9.926595155775402], [-84.09959743053432, 9.926568149864059], [-84.09964382893035, 9.926499779365592]]]}}, {"id": "46", "type": "Feature", "properties": {"id": 1265}, "geometry": {"type": "Polygon", "coordinates": [[[-84.10407440349003, 9.926570908960624], [-84.10429481602812, 9.926584254309937], [-84.10428980178277, 9.926668754459671], [-84.10389345103256, 9.926639271298841], [-84.10390060984271, 9.926585678273456], [-84.10407440349003, 9.926570908960624]]]}}, {"id": "47", "type": "Feature", "properties": {"id": 1266}, "geometry": {"type": "Polygon", "coordinates": [[[-84.10491030762067, 9.92650572820061], [-84.10495812755076, 9.92651046004686], [-84.1049589580974, 9.926557782245096], [-84.10495999723352, 9.926671861088925], [-84.1049465442551, 9.926671865311777], [-84.10491455667947, 9.926671035108212], [-84.10489949635301, 9.926658541843079], [-84.10491030762067, 9.92650572820061]]]}}, {"id": "48", "type": "Feature", "properties": {"id": 1267}, "geometry": {"type": "Polygon", "coordinates": [[[-84.09969933499278, 9.926615753065022], [-84.09972442007125, 9.926635456898572], [-84.09970491198307, 9.926661865029608], [-84.09967864167541, 9.926643246574564], [-84.09969933499278, 9.926615753065022]]]}}, {"id": "49", "type": "Feature", "properties": {"id": 1268}, "geometry": {"type": "Polygon", "coordinates": [[[-84.10447926411075, 9.926620997955967], [-84.10456513331087, 9.926626186484725], [-84.10455906994532, 9.926687405605648], [-84.10447520537684, 9.926683672803614], [-84.10447926411075, 9.926620997955967]]]}}, {"id": "50", "type": "Feature", "properties": {"id": 1000018}, "geometry": {"type": "Polygon", "coordinates": [[[-84.09898762881384, 9.926503639815776], [-84.09903504825476, 9.926511774617312], [-84.09908751320732, 9.926538799591153], [-84.09907762229763, 9.926597217640102], [-84.09899876203691, 9.92667988385867], [-84.09893638118267, 9.926672307140088], [-84.0989512847688, 9.926533464380519], [-84.09898762881384, 9.926503639815776]]]}}, {"id": "51", "type": "Feature", "properties": {"id": 1270}, "geometry": {"type": "Polygon", "coordinates": [[[-84.10338941081991, 9.926544247039251], [-84.10352311336602, 9.926677835648977], [-84.10347078150558, 9.926725683429515], [-84.10346940765774, 9.926724333900973], [-84.10334745883046, 9.926585643932112], [-84.10335614315359, 9.926573590125788], [-84.10338941081991, 9.926544247039251]]]}}, {"id": "52", "type": "Feature", "properties": {"id": 1271}, "geometry": {"type": "Polygon", "coordinates": [[[-84.10027200607104, 9.926574905716505], [-84.10028224907222, 9.926669842464657], [-84.10021528422017, 9.926675826574057], [-84.10020413326238, 9.926582016715063], [-84.10027200607104, 9.926574905716505]]]}}, {"id": "53", "type": "Feature", "properties": {"id": 1272}, "geometry": {"type": "Polygon", "coordinates": [[[-84.10099285597146, 9.926518328145384], [-84.1010748425706, 9.926520835097483], [-84.10109040068534, 9.926586832547542], [-84.10108947611066, 9.926646560611411], [-84.10106814931386, 9.926689606443514], [-84.10098278836585, 9.926687010090596], [-84.10098541742876, 9.926636103470056], [-84.10098790774045, 9.926588020063614], [-84.10099285597146, 9.926518328145384]]]}}, {"id": "54", "type": "Feature", "properties": {"id": 1274}, "geometry": {"type": "Polygon", "coordinates": [[[-84.10020413326238, 9.926582016715063], [-84.10021528422017, 9.926675826574057], [-84.10014518410671, 9.926682090099428], [-84.10013494543573, 9.926589264626271], [-84.10020413326238, 9.926582016715063]]]}}, {"id": "55", "type": "Feature", "properties": {"id": 1275}, "geometry": {"type": "Polygon", "coordinates": [[[-84.10013494543573, 9.926589264626271], [-84.10014482104201, 9.926678763697709], [-84.10014518410671, 9.926682090099428], [-84.10008025310623, 9.926685635879707], [-84.10006955607882, 9.926596938163373], [-84.10006946463433, 9.926596124420824], [-84.10013494543573, 9.926589264626271]]]}}, {"id": "56", "type": "Feature", "properties": {"id": 1276}, "geometry": {"type": "Polygon", "coordinates": [[[-84.1003839496743, 9.92654984056078], [-84.1003850853709, 9.92655977182918], [-84.10039770614841, 9.926676408389877], [-84.10037627632501, 9.92668102618741], [-84.10028435261198, 9.926689553148723], [-84.10027456697252, 9.926599137207415], [-84.10035343812838, 9.926553271171178], [-84.1003839496743, 9.92654984056078]]]}}, {"id": "57", "type": "Feature", "properties": {"id": 1277}, "geometry": {"type": "Polygon", "coordinates": [[[-84.10412823097467, 9.926654951376], [-84.10429166047923, 9.926670633321047], [-84.1042887290965, 9.926732467547554], [-84.10417028667221, 9.926733724012003], [-84.10412287155604, 9.926730516253084], [-84.10412823097467, 9.926654951376]]]}}, {"id": "58", "type": "Feature", "properties": {"id": 1278}, "geometry": {"type": "Polygon", "coordinates": [[[-84.10085569566385, 9.926511201538514], [-84.10099285597146, 9.92651832814539], [-84.10098782136994, 9.926619856973458], [-84.10092920398468, 9.926662965365827], [-84.10084075012952, 9.926669716370043], [-84.10083292648572, 9.926670247621178], [-84.10081811862818, 9.926514783586393], [-84.10085569566385, 9.926511201538514]]]}}, {"id": "59", "type": "Feature", "properties": {"id": 1279}, "geometry": {"type": "Polygon", "coordinates": [[[-84.10060614172114, 9.926532843077197], [-84.10060922403598, 9.926649672827864], [-84.1005897775282, 9.926693736678533], [-84.1004202439254, 9.926716276345127], [-84.10040191321445, 9.926715739337475], [-84.1003850853709, 9.92655977182918], [-84.10060614172114, 9.926532843077197]]]}}, {"id": "60", "type": "Feature", "properties": {"id": 1280}, "geometry": {"type": "Polygon", "coordinates": [[[-84.10327422489321, 9.926550529437028], [-84.1033118019289, 9.926554409988436], [-84.10334745883046, 9.926585643932112], [-84.10346940765774, 9.926724333900973], [-84.10347772367766, 9.926735733225229], [-84.10342182821594, 9.92677866030574], [-84.10322725359862, 9.926584857390154], [-84.10327422489321, 9.926550529437028]]]}}, {"id": "61", "type": "Feature", "properties": {"id": 1281}, "geometry": {"type": "Polygon", "coordinates": [[[-84.09926768218187, 9.926606144848911], [-84.09933708340122, 9.926607842192801], [-84.09932768914622, 9.926740676401689], [-84.0992795056892, 9.926737094356282], [-84.09925829284646, 9.926720378143857], [-84.09925804325707, 9.926703695688655], [-84.09926768218187, 9.926606144848911]]]}}, {"id": "62", "type": "Feature", "properties": {"id": 1282}, "geometry": {"type": "Polygon", "coordinates": [[[-84.10461752135414, 9.926653106356074], [-84.10461734372025, 9.92665775290291], [-84.1046130387585, 9.92674992418219], [-84.10455597703911, 9.926748913841635], [-84.10455906994532, 9.926687405605648], [-84.10456073349394, 9.926670609568676], [-84.10458120379405, 9.926653045992627], [-84.10461752135414, 9.926653106356074]]]}}, {"id": "63", "type": "Feature", "properties": {"id": 1283}, "geometry": {"type": "Polygon", "coordinates": [[[-84.10475802975525, 9.926659852597702], [-84.10478460677734, 9.926670714831712], [-84.10478121919977, 9.92679096710251], [-84.1047277135726, 9.926789567049502], [-84.10472963457913, 9.926660829608997], [-84.10475802975525, 9.926659852597702]]]}}, {"id": "64", "type": "Feature", "properties": {"id": 1284}, "geometry": {"type": "Polygon", "coordinates": [[[-84.10322725359862, 9.926584857390154], [-84.10342027735904, 9.926777033245854], [-84.10342182821594, 9.926778660305738], [-84.10337331917279, 9.926828585753805], [-84.10317603973549, 9.926623662898043], [-84.10322725359862, 9.926584857390154]]]}}, {"id": "65", "type": "Feature", "properties": {"id": 1285}, "geometry": {"type": "Polygon", "coordinates": [[[-84.09946638127832, 9.926538883659868], [-84.09955703377956, 9.926548712333986], [-84.09953084135705, 9.92678165873202], [-84.09944209879289, 9.92677295429428], [-84.099450273868, 9.926685727806946], [-84.09946558090991, 9.926546028797818], [-84.09946638127832, 9.926538883659868]]]}}, {"id": "66", "type": "Feature", "properties": {"id": 1286}, "geometry": {"type": "Polygon", "coordinates": [[[-84.10387211416085, 9.926717814427619], [-84.10427280022255, 9.926734357539718], [-84.10427044451154, 9.92678291320505], [-84.10425257929852, 9.92681239532612], [-84.10416776513858, 9.92680871458791], [-84.10387113913544, 9.926750303148502], [-84.10387211416085, 9.926717814427619]]]}}, {"id": "67", "type": "Feature", "properties": {"id": 1287}, "geometry": {"type": "Polygon", "coordinates": [[[-84.10515737058046, 9.926784486049586], [-84.10528003284125, 9.926792675565185], [-84.1052767662086, 9.926844034507495], [-84.10518255795499, 9.926837825255861], [-84.1051542863512, 9.926835935352422], [-84.10515737058046, 9.926784486049586]]]}}, {"id": "68", "type": "Feature", "properties": {"id": 1000019}, "geometry": {"type": "Polygon", "coordinates": [[[-84.10405538782649, 9.926804033823357], [-84.10428660781214, 9.926816869483263], [-84.10428439276187, 9.92685669176116], [-84.10421900612512, 9.926855524949653], [-84.10421827472071, 9.926855505285488], [-84.10406205471995, 9.926849704890051], [-84.10405538782649, 9.926804033823357]]]}}, {"id": "69", "type": "Feature", "properties": {"id": 1289}, "geometry": {"type": "Polygon", "coordinates": [[[-84.10000051215876, 9.926588806608072], [-84.1000123185236, 9.926700500491453], [-84.09995591334975, 9.926854829195339], [-84.09982159607048, 9.926842804232567], [-84.09983012606959, 9.926746565895167], [-84.0998391459364, 9.926662692279233], [-84.09985217668265, 9.92662940909787], [-84.09992749898846, 9.926594397380201], [-84.10000051215876, 9.926588806608072]]]}}, {"id": "70", "type": "Feature", "properties": {"id": 1000020}, "geometry": {"type": "Polygon", "coordinates": [[[-84.10309906741664, 9.926758735881252], [-84.10313628783338, 9.926797423677183], [-84.10316292599965, 9.926825174051249], [-84.10317486900273, 9.92683854556814], [-84.10314967099559, 9.926861628005192], [-84.10311994815706, 9.926874153978376], [-84.10305470007258, 9.926804308734901], [-84.10309906741664, 9.926758735881252]]]}}, {"id": "71", "type": "Feature", "properties": {"id": 1291}, "geometry": {"type": "Polygon", "coordinates": [[[-84.10027120608692, 9.926727094479315], [-84.10035403027861, 9.92673393645909], [-84.10033908718366, 9.926856197345122], [-84.10033378397293, 9.926899480375434], [-84.10029075220628, 9.926896047583584], [-84.10022802279995, 9.926866197218153], [-84.1002418011382, 9.926751756706505], [-84.10027120608692, 9.926727094479315]]]}}, {"id": "72", "type": "Feature", "properties": {"id": 1292}, "geometry": {"type": "Polygon", "coordinates": [[[-84.10513506423865, 9.926838088901256], [-84.1052767662086, 9.926844034507488], [-84.10527451118695, 9.926900265799508], [-84.10513447306558, 9.926891953722661], [-84.10513506423865, 9.926838088901256]]]}}, {"id": "73", "type": "Feature", "properties": {"id": 1293}, "geometry": {"type": "Polygon", "coordinates": [[[-84.10034482777856, 9.926806196204433], [-84.10045153125748, 9.92681683358728], [-84.10044558697761, 9.926868003298875], [-84.10033908718366, 9.926856197345122], [-84.10034482777856, 9.926806196204433]]]}}, {"id": "74", "type": "Feature", "properties": {"id": 1294}, "geometry": {"type": "Polygon", "coordinates": [[[-84.10409003405381, 9.926853136083805], [-84.10426088236734, 9.926859083355131], [-84.1042603626467, 9.926908225489964], [-84.10413343087615, 9.926902035332578], [-84.10408922590172, 9.926884341694144], [-84.10409003405381, 9.926853136083805]]]}}, {"id": "75", "type": "Feature", "properties": {"id": 1295}, "geometry": {"type": "Polygon", "coordinates": [[[-84.10046209662899, 9.926727074220906], [-84.10052987768742, 9.926737458975552], [-84.10057141078131, 9.926761761058728], [-84.10055410769613, 9.926907970116373], [-84.10049469853702, 9.926904107181786], [-84.10044764407495, 9.926850298202769], [-84.10045248302032, 9.926808566941043], [-84.10045748585202, 9.926766068566385], [-84.10046209662899, 9.926727074220906]]]}}, {"id": "76", "type": "Feature", "properties": {"id": 1296}, "geometry": {"type": "Polygon", "coordinates": [[[-84.10444239920216, 9.926853194991649], [-84.1045574737592, 9.926858806296236], [-84.1045534817025, 9.92692497716676], [-84.10443785982082, 9.92691757464091], [-84.10444239920216, 9.926853194991649]]]}}, {"id": "77", "type": "Feature", "properties": {"id": 1297}, "geometry": {"type": "Polygon", "coordinates": [[[-84.10068659501349, 9.926715557230867], [-84.10066663950853, 9.926894942967941], [-84.10065932534847, 9.926937763464725], [-84.1005528823342, 9.926923211413767], [-84.10055683505823, 9.926883492816797], [-84.10057378674725, 9.926722463020942], [-84.10068659501349, 9.926715557230867]]]}}, {"id": "78", "type": "Feature", "properties": {"id": 1298}, "geometry": {"type": "Polygon", "coordinates": [[[-84.10403232947216, 9.926897731672872], [-84.10426252056364, 9.926910364722987], [-84.10426079537159, 9.926948529255272], [-84.10425924409286, 9.926948462829056], [-84.10414232791206, 9.926942538855677], [-84.1040308836262, 9.926936877162001], [-84.10403232947216, 9.926897731672872]]]}}, {"id": "79", "type": "Feature", "properties": {"id": 1299}, "geometry": {"type": "Polygon", "coordinates": [[[-84.10354635900107, 9.926836844685909], [-84.10357965368588, 9.926861789979927], [-84.10361305856868, 9.92689310429568], [-84.10358872578531, 9.926923102619039], [-84.10355112825104, 9.926931047133573], [-84.10349884274115, 9.926881585231763], [-84.10354635900107, 9.926836844685909]]]}}, {"id": "80", "type": "Feature", "properties": {"id": 1300}, "geometry": {"type": "Polygon", "coordinates": [[[-84.10513969666694, 9.926892507793989], [-84.10527679798076, 9.926900397397812], [-84.10527334930067, 9.926952841423434], [-84.10514949846572, 9.926943963288139], [-84.10514047247686, 9.926943208416533], [-84.10513969666694, 9.926892507793989]]]}}, {"id": "81", "type": "Feature", "properties": {"id": 1301}, "geometry": {"type": "Polygon", "coordinates": [[[-84.10494101896172, 9.926882005332699], [-84.10503212622594, 9.926888241417672], [-84.10504335851445, 9.926900179025674], [-84.10506633729136, 9.926925638286503], [-84.10506361955066, 9.92696237004245], [-84.1049382744565, 9.926954688316744], [-84.10494101896172, 9.926882005332699]]]}}, {"id": "82", "type": "Feature", "properties": {"id": 1302}, "geometry": {"type": "Polygon", "coordinates": [[[-84.10318573703512, 9.926852316797277], [-84.1032425911141, 9.92692063202934], [-84.10319137659032, 9.926962034978207], [-84.10313225036741, 9.926889480503402], [-84.10316066227804, 9.926859444426404], [-84.10318573703512, 9.926852316797277]]]}}, {"id": "83", "type": "Feature", "properties": {"id": 1303}, "geometry": {"type": "Polygon", "coordinates": [[[-84.10302535560413, 9.926833272271017], [-84.10306256504767, 9.926836967976426], [-84.10313649293593, 9.926915599571451], [-84.10308732861887, 9.926956874326248], [-84.10300804629892, 9.926890964842332], [-84.10298724762389, 9.926872435381807], [-84.10302535560413, 9.926833272271017]]]}}, {"id": "84", "type": "Feature", "properties": {"id": 1304}, "geometry": {"type": "Polygon", "coordinates": [[[-84.10081023957243, 9.926713512556354], [-84.10102782273061, 9.926778586379863], [-84.10100602220221, 9.926956938487033], [-84.10081205781604, 9.926950599119397], [-84.10065932534847, 9.926937763464725], [-84.10068815595547, 9.926721764537225], [-84.1007472071255, 9.92671530357919], [-84.10081023957243, 9.926713512556354]]]}}, {"id": "85", "type": "Feature", "properties": {"id": 1000021}, "geometry": {"type": "Polygon", "coordinates": [[[-84.10296238535, 9.92690288910684], [-84.10300589698605, 9.926937234873721], [-84.10300225322322, 9.926950346732157], [-84.10297426671295, 9.926985166617277], [-84.10295693515526, 9.926971880381446], [-84.10292537347145, 9.926947657842824], [-84.10296238535, 9.92690288910684]]]}}, {"id": "86", "type": "Feature", "properties": {"id": 1306}, "geometry": {"type": "Polygon", "coordinates": [[[-84.1044378598208, 9.92691757464091], [-84.1045534817025, 9.92692497716676], [-84.10455247451091, 9.9269846535425], [-84.10443350139488, 9.926977433290151], [-84.1044378598208, 9.92691757464091]]]}}, {"id": "87", "type": "Feature", "properties": {"id": 1307}, "geometry": {"type": "Polygon", "coordinates": [[[-84.1038828003236, 9.926919284710383], [-84.10426054631574, 9.926950599120614], [-84.10425855794404, 9.92700720918312], [-84.1041410027894, 9.926999469797972], [-84.10399217650655, 9.926989655040524], [-84.10388135649623, 9.9269711590494], [-84.1038828003236, 9.926919284710383]]]}}, {"id": "88", "type": "Feature", "properties": {"id": 1308}, "geometry": {"type": "Polygon", "coordinates": [[[-84.10129366487125, 9.926724164869722], [-84.10132713766784, 9.926749787205429], [-84.10134798513538, 9.926787914621848], [-84.1013752587903, 9.926888510366568], [-84.10137456377761, 9.926959899856595], [-84.10131756870015, 9.926969411115941], [-84.10120995013742, 9.926969031715625], [-84.1012108592592, 9.926724557197044], [-84.10129366487125, 9.926724164869722]]]}}, {"id": "89", "type": "Feature", "properties": {"id": 1309}, "geometry": {"type": "Polygon", "coordinates": [[[-84.10512789626505, 9.926943052504502], [-84.10514047247686, 9.926943208416533], [-84.10527162102652, 9.926952717533654], [-84.10526950303483, 9.927008917644743], [-84.10524916571201, 9.927007567764424], [-84.10514532821898, 9.926998869989118], [-84.10512671175391, 9.92699678545386], [-84.10512789626505, 9.926943052504502]]]}}, {"id": "90", "type": "Feature", "properties": {"id": 1310}, "geometry": {"type": "Polygon", "coordinates": [[[-84.1049382744565, 9.926954688316744], [-84.10498415308797, 9.92695643008038], [-84.10506923147348, 9.926962728167661], [-84.1050678744888, 9.927016471245635], [-84.10493290588754, 9.927010243465492], [-84.10493477980313, 9.926987927122124], [-84.1049382744565, 9.926954688316744]]]}}, {"id": "91", "type": "Feature", "properties": {"id": 1311}, "geometry": {"type": "Polygon", "coordinates": [[[-84.10455852006166, 9.92684251121135], [-84.10461579257999, 9.926845477118441], [-84.1046077562503, 9.927014309734703], [-84.10460190001677, 9.927066177243093], [-84.1045454429876, 9.927065886082074], [-84.1045534817025, 9.92692497716676], [-84.1045578184767, 9.926853092246219], [-84.10455852006166, 9.92684251121135]]]}}, {"id": "92", "type": "Feature", "properties": {"id": 1312}, "geometry": {"type": "Polygon", "coordinates": [[[-84.10466822519905, 9.926848168753365], [-84.10471939380575, 9.926850779399008], [-84.10471885230051, 9.92686859208473], [-84.10471215379633, 9.927025269117529], [-84.10465955138547, 9.927025418875704], [-84.10466822519905, 9.926848168753365]]]}}, {"id": "93", "type": "Feature", "properties": {"id": 1313}, "geometry": {"type": "Polygon", "coordinates": [[[-84.10477807721634, 9.926857123869318], [-84.10477132279186, 9.92701958164849], [-84.10471225866698, 9.9270162309938], [-84.10471920802281, 9.926856890939618], [-84.10477807721634, 9.926857123869318]]]}}, {"id": "94", "type": "Feature", "properties": {"id": 1314}, "geometry": {"type": "Polygon", "coordinates": [[[-84.1034618514319, 9.926908316344198], [-84.10353344112093, 9.9269726543318], [-84.10353505803138, 9.927003827560693], [-84.10350010477195, 9.927041310656527], [-84.10340560621661, 9.92695599081692], [-84.1034420669798, 9.92692500474692], [-84.1034618514319, 9.926908316344198]]]}}, {"id": "95", "type": "Feature", "properties": {"id": 1000022}, "geometry": {"type": "Polygon", "coordinates": [[[-84.10477795546502, 9.926860073803345], [-84.10483508642342, 9.926863343721926], [-84.10482749220203, 9.926988407339227], [-84.10482595630083, 9.927013680797021], [-84.10481413115262, 9.927043321102389], [-84.10477186227737, 9.927040118330956], [-84.10477124795938, 9.927021383548443], [-84.10477387251878, 9.926958179940977], [-84.10477795546502, 9.926860073803345]]]}}, {"id": "96", "type": "Feature", "properties": {"id": 1316}, "geometry": {"type": "Polygon", "coordinates": [[[-84.10512671175391, 9.92699678545386], [-84.10524916571201, 9.927007567764424], [-84.10525972786198, 9.927034040344173], [-84.10525887374394, 9.92706362739233], [-84.1051286352314, 9.927053074997023], [-84.10512671175391, 9.92699678545386]]]}}, {"id": "97", "type": "Feature", "properties": {"id": 1317}, "geometry": {"type": "Polygon", "coordinates": [[[-84.10304058058276, 9.926920375629386], [-84.10316131384195, 9.927036745651707], [-84.10311565601673, 9.92708573963702], [-84.10303368615091, 9.927026550496958], [-84.1029796694201, 9.926987240433121], [-84.10304058058276, 9.926920375629386]]]}}, {"id": "98", "type": "Feature", "properties": {"id": 1318}, "geometry": {"type": "Polygon", "coordinates": [[[-84.10443350139488, 9.926977433290148], [-84.10455247451091, 9.9269846535425], [-84.10455209368476, 9.927007217131653], [-84.1045454429876, 9.927065886082074], [-84.10442661719843, 9.927066468404103], [-84.10443350139488, 9.926977433290148]]]}}, {"id": "99", "type": "Feature", "properties": {"id": 1319}, "geometry": {"type": "Polygon", "coordinates": [[[-84.10493290588754, 9.927010243465492], [-84.10505793464327, 9.927016012594327], [-84.1050572523763, 9.92704734615593], [-84.1050440605325, 9.927070071521669], [-84.10492523474338, 9.927060754369073], [-84.10493290588754, 9.927010243465492]]]}}, {"id": "100", "type": "Feature", "properties": {"id": 1320}, "geometry": {"type": "Polygon", "coordinates": [[[-84.10340560621663, 9.926955990816918], [-84.10349390128096, 9.927034621580825], [-84.10346703428628, 9.927065188760647], [-84.10344483105673, 9.927087861484999], [-84.10335324273254, 9.927002986495404], [-84.10340560621663, 9.926955990816918]]]}}, {"id": "101", "type": "Feature", "properties": {"id": 1321}, "geometry": {"type": "Polygon", "coordinates": [[[-84.10399217650654, 9.926989655040526], [-84.10425071484613, 9.927006669115594], [-84.1042453623402, 9.927095281271034], [-84.10400939695344, 9.92708605798971], [-84.10392453178602, 9.927082489038808], [-84.10392760351436, 9.926990893774], [-84.10399217650654, 9.926989655040526]]]}}, {"id": "102", "type": "Feature", "properties": {"id": 1322}, "geometry": {"type": "Polygon", "coordinates": [[[-84.09950648771932, 9.926928820899679], [-84.09956641490858, 9.926935163429155], [-84.09963632258953, 9.926964908856267], [-84.09962856666485, 9.927043470371594], [-84.09962495688625, 9.927077536321018], [-84.09954084836716, 9.92706931948506], [-84.09940054799057, 9.927052392632914], [-84.09941189640627, 9.92694766876109], [-84.09950648771932, 9.926928820899679]]]}}, {"id": "103", "type": "Feature", "properties": {"id": 1000023}, "geometry": {"type": "Polygon", "coordinates": [[[-84.10285511503652, 9.926901561088284], [-84.10293911393543, 9.92696064476247], [-84.10295644549181, 9.926973930999246], [-84.10304722583918, 9.927044298832318], [-84.10300347017983, 9.927104350443633], [-84.1028141208097, 9.926961643472596], [-84.10285511503652, 9.926901561088284]]]}}, {"id": "104", "type": "Feature", "properties": {"id": 1324}, "geometry": {"type": "Polygon", "coordinates": [[[-84.1051286352314, 9.927053074997023], [-84.10526483970588, 9.927063979127949], [-84.10526148271158, 9.92711796024474], [-84.10514053258963, 9.927110652085561], [-84.1051290786112, 9.92707884274713], [-84.1051286352314, 9.927053074997023]]]}}, {"id": "105", "type": "Feature", "properties": {"id": 1326}, "geometry": {"type": "Polygon", "coordinates": [[[-84.10490055326729, 9.927063957140318], [-84.10492434798377, 9.927064248301331], [-84.10506430821052, 9.927069925941163], [-84.10505957882589, 9.927122480500076], [-84.10489818857495, 9.927118986568443], [-84.10490055326729, 9.927063957140318]]]}}, {"id": "106", "type": "Feature", "properties": {"id": 1327}, "geometry": {"type": "Polygon", "coordinates": [[[-84.10305387698374, 9.927045354392737], [-84.10311189215065, 9.927089913006299], [-84.10306585950808, 9.92714716345525], [-84.10303949738051, 9.927127279430511], [-84.10301331490064, 9.927098624718209], [-84.10305387698374, 9.927045354392737]]]}}, {"id": "107", "type": "Feature", "properties": {"id": 1328}, "geometry": {"type": "Polygon", "coordinates": [[[-84.1040228584019, 9.927086409538303], [-84.1042453623402, 9.927095281271034], [-84.10426751625381, 9.927097015098035], [-84.10426392718904, 9.927151094073624], [-84.10402081074255, 9.927137257608914], [-84.1040228584019, 9.927086409538303]]]}}, {"id": "108", "type": "Feature", "properties": {"id": 1329}, "geometry": {"type": "Polygon", "coordinates": [[[-84.10512402330774, 9.927109351142843], [-84.10525871098606, 9.927117792768998], [-84.10525677199655, 9.927169466597894], [-84.10513425137566, 9.927162187574666], [-84.10512050660152, 9.927161168511393], [-84.10512402330774, 9.927109351142843]]]}}, {"id": "109", "type": "Feature", "properties": {"id": 1000024}, "geometry": {"type": "Polygon", "coordinates": [[[-84.1033201003142, 9.927031613957967], [-84.10342341152325, 9.927125120684394], [-84.1033740901834, 9.927176493853851], [-84.10327035784654, 9.927082382959927], [-84.1033201003142, 9.927031613957967]]]}}, {"id": "110", "type": "Feature", "properties": {"id": 1331}, "geometry": {"type": "Polygon", "coordinates": [[[-84.10287938986504, 9.927010834810948], [-84.1030290650396, 9.927127537075158], [-84.10298694239476, 9.927176491633961], [-84.10284336556168, 9.927059392901647], [-84.10287938986504, 9.927010834810948]]]}}, {"id": "111", "type": "Feature", "properties": {"id": 1332}, "geometry": {"type": "Polygon", "coordinates": [[[-84.10489818857889, 9.927118986567208], [-84.10505723151238, 9.927122429680523], [-84.10505702593287, 9.927178963493192], [-84.10489053807767, 9.927169104494332], [-84.10489818857889, 9.927118986567208]]]}}, {"id": "112", "type": "Feature", "properties": {"id": 1333}, "geometry": {"type": "Polygon", "coordinates": [[[-84.0991382095231, 9.927038325472658], [-84.09923091239361, 9.92704896116169], [-84.09925155023771, 9.9270867707701], [-84.09924397033198, 9.927179213064223], [-84.09919860834033, 9.927174387768952], [-84.09911163553019, 9.927164365761826], [-84.0991135778932, 9.927124362995247], [-84.0991382095231, 9.927038325472658]]]}}, {"id": "113", "type": "Feature", "properties": {"id": 1335}, "geometry": {"type": "Polygon", "coordinates": [[[-84.10124412249507, 9.927131445081134], [-84.10134145991047, 9.927133937709211], [-84.10134221882424, 9.927195355405223], [-84.10124241783909, 9.927195963982944], [-84.10124352441753, 9.92715126082615], [-84.10124412249507, 9.927131445081134]]]}}, {"id": "114", "type": "Feature", "properties": {"id": 1000025}, "geometry": {"type": "Polygon", "coordinates": [[[-84.10391515578036, 9.927132611634647], [-84.1040814501514, 9.92714070877133], [-84.10409591950828, 9.927176939389033], [-84.10409485886616, 9.927207535984525], [-84.10401029821084, 9.927213349117157], [-84.10399090557007, 9.92721286014091], [-84.10390364024107, 9.92720783448789], [-84.10391515578036, 9.927132611634647]]]}}, {"id": "115", "type": "Feature", "properties": {"id": 1338}, "geometry": {"type": "Polygon", "coordinates": [[[-84.10512369602775, 9.927160313959744], [-84.10522975577167, 9.927167668720733], [-84.10524772195716, 9.927168928929666], [-84.10525511573614, 9.927190265453138], [-84.10525275411551, 9.92721992358274], [-84.10524782939778, 9.927219653876465], [-84.10513328410705, 9.927213360594637], [-84.10512123923766, 9.927191844693136], [-84.10512369602775, 9.927160313959744]]]}}, {"id": "116", "type": "Feature", "properties": {"id": 1339}, "geometry": {"type": "Polygon", "coordinates": [[[-84.0998293803038, 9.927005887485736], [-84.09984245585498, 9.92700606544571], [-84.09989132029735, 9.927010314486536], [-84.09993692106994, 9.927015013013383], [-84.09992046480103, 9.927206852275884], [-84.09989603488457, 9.927204660122966], [-84.09980702409904, 9.927196511627256], [-84.0998293803038, 9.927005887485736]]]}}, {"id": "117", "type": "Feature", "properties": {"id": 1340}, "geometry": {"type": "Polygon", "coordinates": [[[-84.10493484130593, 9.927174452728707], [-84.10503735641981, 9.927179889431882], [-84.10503379140232, 9.927230841579913], [-84.10491255673364, 9.927222709569506], [-84.10490205774158, 9.927207147256905], [-84.10490424809905, 9.927175035050553], [-84.10493484130593, 9.927174452728707]]]}}, {"id": "118", "type": "Feature", "properties": {"id": 1341}, "geometry": {"type": "Polygon", "coordinates": [[[-84.10390695239155, 9.927011553782684], [-84.10392099698682, 9.927012453606176], [-84.10391900884011, 9.927069960622113], [-84.10391257652901, 9.927122822368307], [-84.103900080433, 9.927198180454521], [-84.10388974281969, 9.927260233612255], [-84.10385548831658, 9.927254339903024], [-84.10389055037004, 9.927053965327408], [-84.10390695239155, 9.927011553782684]]]}}, {"id": "119", "type": "Feature", "properties": {"id": 1342}, "geometry": {"type": "Polygon", "coordinates": [[[-84.10048135046685, 9.927053338083866], [-84.10051402374854, 9.92705518423558], [-84.10059534925016, 9.927062278002122], [-84.1005908679867, 9.927122353649972], [-84.10058509564115, 9.927195914797677], [-84.1005156968951, 9.927237804993608], [-84.10046289032738, 9.927247601684481], [-84.10042701661827, 9.927246546860944], [-84.10041815883864, 9.927214309411742], [-84.10043074575373, 9.927075991281603], [-84.10048135046685, 9.927053338083866]]]}}, {"id": "120", "type": "Feature", "properties": {"id": 1343}, "geometry": {"type": "Polygon", "coordinates": [[[-84.10285003245507, 9.927075512096026], [-84.10303542889241, 9.92722156564201], [-84.10298936671964, 9.9272755947428], [-84.10280964979435, 9.927131584214495], [-84.10285003245507, 9.927075512096026]]]}}, {"id": "121", "type": "Feature", "properties": {"id": 1344}, "geometry": {"type": "Polygon", "coordinates": [[[-84.1008593837251, 9.92710773917748], [-84.10092477380985, 9.927114048764153], [-84.10090605401545, 9.927247193685371], [-84.10082795735572, 9.927258841497288], [-84.1007969840147, 9.927255418537298], [-84.10081701761605, 9.927122450715837], [-84.100833124335, 9.92711279539995], [-84.1008593837251, 9.92710773917748]]]}}, {"id": "122", "type": "Feature", "properties": {"id": 1345}, "geometry": {"type": "Polygon", "coordinates": [[[-84.10389851305604, 9.927207588927713], [-84.10390364024107, 9.92720783448789], [-84.10397669792395, 9.927212041912695], [-84.10397165316535, 9.927279708800873], [-84.1038873367662, 9.92727377458473], [-84.10389851305604, 9.927207588927713]]]}}, {"id": "123", "type": "Feature", "properties": {"id": 1346}, "geometry": {"type": "Polygon", "coordinates": [[[-84.10515823383311, 9.9272146918328], [-84.10524915873047, 9.92721972667848], [-84.10524598545797, 9.927277867004369], [-84.10512970674102, 9.927269494633432], [-84.1051317017345, 9.927234049812888], [-84.10515823383311, 9.9272146918328]]]}}, {"id": "124", "type": "Feature", "properties": {"id": 1347}, "geometry": {"type": "Polygon", "coordinates": [[[-84.10407661622017, 9.927217009917294], [-84.10407610300659, 9.927279907505085], [-84.10401767936348, 9.927277834030113], [-84.10402062704027, 9.927216807955054], [-84.10407661622017, 9.927217009917294]]]}}, {"id": "125", "type": "Feature", "properties": {"id": 1348}, "geometry": {"type": "Polygon", "coordinates": [[[-84.10070008515015, 9.92711311165672], [-84.1008111603006, 9.927123498454087], [-84.10079032657453, 9.927272380165526], [-84.10068307528579, 9.927260205936493], [-84.10070008515015, 9.92711311165672]]]}}, {"id": "126", "type": "Feature", "properties": {"id": 1349}, "geometry": {"type": "Polygon", "coordinates": [[[-84.10410709637407, 9.927220943857241], [-84.10421918056215, 9.927228229247808], [-84.10424380332213, 9.92722984911093], [-84.10423895467632, 9.927307459967954], [-84.10410107119866, 9.927299997386232], [-84.10410167727986, 9.927274326103797], [-84.10410709637407, 9.927220943857241]]]}}, {"id": "127", "type": "Feature", "properties": {"id": 1350}, "geometry": {"type": "Polygon", "coordinates": [[[-84.10323644094711, 9.92715372113915], [-84.10325019396763, 9.927167030165892], [-84.10331142764316, 9.927226485162391], [-84.10333634386139, 9.92725069796339], [-84.10335254903089, 9.927266450249755], [-84.10330853594716, 9.927311118113744], [-84.10319435573474, 9.927210795575839], [-84.10320913903172, 9.927190484837597], [-84.10323644094711, 9.92715372113915]]]}}, {"id": "128", "type": "Feature", "properties": {"id": 1352}, "geometry": {"type": "Polygon", "coordinates": [[[-84.10486567405555, 9.92722060173152], [-84.10505233695567, 9.92723108352305], [-84.10505204698256, 9.927262660983214], [-84.10504900051394, 9.927289651970263], [-84.10504690443054, 9.927294173571864], [-84.1050412528532, 9.927302403463802], [-84.10503177094826, 9.927310453721237], [-84.1050224703098, 9.927314977585912], [-84.10500897302494, 9.927314529731163], [-84.10500836564407, 9.927314500083707], [-84.10484828083649, 9.927304362832018], [-84.10486567405555, 9.92722060173152]]]}}, {"id": "129", "type": "Feature", "properties": {"id": 1353}, "geometry": {"type": "Polygon", "coordinates": [[[-84.10479048755312, 9.927192358139564], [-84.10479901319883, 9.927302370895255], [-84.10453414255366, 9.927338574743048], [-84.1044404373999, 9.927309757211676], [-84.1044336434472, 9.927238690108364], [-84.10479048755312, 9.927192358139564]]]}}, {"id": "130", "type": "Feature", "properties": {"id": 1354}, "geometry": {"type": "Polygon", "coordinates": [[[-84.10511050924578, 9.927272435404909], [-84.10524028542075, 9.927281798141621], [-84.10524366070348, 9.927282065623169], [-84.10523948135472, 9.927333970076752], [-84.10510587607509, 9.927328315717004], [-84.10511050924578, 9.927272435404909]]]}}, {"id": "131", "type": "Feature", "properties": {"id": 1355}, "geometry": {"type": "Polygon", "coordinates": [[[-84.09911564832886, 9.927164816666448], [-84.09916915882295, 9.927170888954592], [-84.09919860834033, 9.927174387768952], [-84.09918384941656, 9.927308756970408], [-84.09912882265601, 9.927303967410776], [-84.0990756654397, 9.927268179577815], [-84.09908275954982, 9.9272043417484], [-84.09911564832886, 9.927164816666448]]]}}, {"id": "132", "type": "Feature", "properties": {"id": 1356}, "geometry": {"type": "Polygon", "coordinates": [[[-84.10102096784419, 9.927117999487885], [-84.10113268774388, 9.927130172257458], [-84.1011253220003, 9.927199073665733], [-84.10111023491704, 9.927340102733853], [-84.10107292598497, 9.92733625493856], [-84.10104957874137, 9.927333549430445], [-84.10100608990868, 9.9272952874635], [-84.101014512323, 9.927181294648882], [-84.10102096784419, 9.927117999487885]]]}}, {"id": "133", "type": "Feature", "properties": {"id": 1357}, "geometry": {"type": "Polygon", "coordinates": [[[-84.10484828083649, 9.927304362832018], [-84.10501580835125, 9.927314756532066], [-84.10501420629195, 9.92736414401416], [-84.10485276788863, 9.927362048657908], [-84.10484483361338, 9.927361599051833], [-84.1048473700214, 9.927307979872081], [-84.10484828083649, 9.927304362832018]]]}}, {"id": "134", "type": "Feature", "properties": {"id": 1358}, "geometry": {"type": "Polygon", "coordinates": [[[-84.10113457771142, 9.927112357352344], [-84.10119536256246, 9.92711653130822], [-84.10124352441753, 9.92715126082615], [-84.10124277833675, 9.927182039367613], [-84.10124241783909, 9.927195963982944], [-84.1012401816853, 9.92728111987667], [-84.10117845999372, 9.92732431976653], [-84.10111238925174, 9.927319099319336], [-84.10113457771142, 9.927112357352344]]]}}, {"id": "135", "type": "Feature", "properties": {"id": 1359}, "geometry": {"type": "Polygon", "coordinates": [[[-84.10510995218036, 9.927328488224987], [-84.10524355746011, 9.927334142583103], [-84.105241937553, 9.927385621956212], [-84.10510602641486, 9.927376254151927], [-84.10510995218036, 9.927328488224987]]]}}, {"id": "136", "type": "Feature", "properties": {"id": 1360}, "geometry": {"type": "Polygon", "coordinates": [[[-84.10311490250356, 9.927309390493102], [-84.10321176020143, 9.92738442774773], [-84.10319490401386, 9.92741574200968], [-84.10306853607545, 9.927373056055272], [-84.10311490250356, 9.927309390493102]]]}}, {"id": "137", "type": "Feature", "properties": {"id": 1361}, "geometry": {"type": "Polygon", "coordinates": [[[-84.10480751466484, 9.927301234955664], [-84.10483026940348, 9.927318433251877], [-84.10483106333436, 9.927363526167778], [-84.10483024576352, 9.927373562917632], [-84.10478984734797, 9.9273792719704], [-84.10452365160899, 9.927404672579828], [-84.10451779481987, 9.927341200370178], [-84.10453414255366, 9.927338574743048], [-84.10479901319883, 9.927302370895255], [-84.10480751466484, 9.927301234955664]]]}}, {"id": "138", "type": "Feature", "properties": {"id": 1000026}, "geometry": {"type": "Polygon", "coordinates": [[[-84.10344710956177, 9.927260744203569], [-84.10347498929794, 9.92726731127628], [-84.10354283191029, 9.92729233612969], [-84.10348953524725, 9.927435070089166], [-84.1034137211553, 9.927424468023103], [-84.10338727160764, 9.927414083950591], [-84.1033327451157, 9.927389898529393], [-84.10334759868603, 9.927368345671958], [-84.10334988214593, 9.92736509259951], [-84.10340150030018, 9.927291944052518], [-84.10342226022782, 9.927262535224655], [-84.10344710956177, 9.927260744203569]]]}}, {"id": "139", "type": "Feature", "properties": {"id": 1363}, "geometry": {"type": "Polygon", "coordinates": [[[-84.10319189485878, 9.927218778449415], [-84.10334916478679, 9.927366655132744], [-84.10334688132687, 9.927369908205183], [-84.10331598626058, 9.927413597571215], [-84.10328760991995, 9.92741261576059], [-84.1031367202166, 9.927273654471392], [-84.10319189485878, 9.927218778449415]]]}}, {"id": "140", "type": "Feature", "properties": {"id": 1364}, "geometry": {"type": "Polygon", "coordinates": [[[-84.10486042488708, 9.927362148037629], [-84.10501065987316, 9.927364097981574], [-84.1050094769073, 9.927416261784778], [-84.10486214249832, 9.927410591243868], [-84.10486042488708, 9.927362148037629]]]}}, {"id": "141", "type": "Feature", "properties": {"id": 1366}, "geometry": {"type": "Polygon", "coordinates": [[[-84.09937809248137, 9.927240492190888], [-84.0996318726735, 9.927252317938056], [-84.09961104666411, 9.927443921739458], [-84.0995949145571, 9.927443005177839], [-84.09951739148634, 9.927436971042427], [-84.0993701677836, 9.927309303997626], [-84.09937809248137, 9.927240492190888]]]}}, {"id": "142", "type": "Feature", "properties": {"id": 1367}, "geometry": {"type": "Polygon", "coordinates": [[[-84.1051206969949, 9.927377265332566], [-84.10523940026538, 9.927385447071263], [-84.10523548979404, 9.927439128179481], [-84.10510307384078, 9.92742812084264], [-84.1051040985673, 9.927399332760599], [-84.1051206969949, 9.927377265332566]]]}}, {"id": "143", "type": "Feature", "properties": {"id": 1368}, "geometry": {"type": "Polygon", "coordinates": [[[-84.10353378787478, 9.927319960306429], [-84.10357862918663, 9.927329847712137], [-84.10355690735996, 9.927441054967955], [-84.10355059793018, 9.927440293894245], [-84.10349832342489, 9.927428950774555], [-84.10353378787478, 9.927319960306429]]]}}, {"id": "144", "type": "Feature", "properties": {"id": 1369}, "geometry": {"type": "Polygon", "coordinates": [[[-84.10405736186593, 9.927357202327988], [-84.10421917081217, 9.92737117128632], [-84.10423188206131, 9.927381105097526], [-84.10422689276028, 9.927451558371397], [-84.10420451889388, 9.927450145663805], [-84.1041082216867, 9.927443787095621], [-84.10401373913304, 9.927436752688745], [-84.10401464420075, 9.927408778321581], [-84.10405736186593, 9.927357202327988]]]}}, {"id": "145", "type": "Feature", "properties": {"id": 1370}, "geometry": {"type": "Polygon", "coordinates": [[[-84.10380576991759, 9.927327987619167], [-84.10386705623597, 9.92733429790497], [-84.1038513328924, 9.927513669511114], [-84.10377831605945, 9.927511624332968], [-84.10378574768896, 9.927458106579477], [-84.10380576991759, 9.927327987619167]]]}}, {"id": "146", "type": "Feature", "properties": {"id": 1371}, "geometry": {"type": "Polygon", "coordinates": [[[-84.10275875281522, 9.927185148232022], [-84.10292240645329, 9.927328356403365], [-84.10281148188142, 9.927469323323752], [-84.10264117305844, 9.927345146003091], [-84.10275875281522, 9.927185148232022]]]}}, {"id": "147", "type": "Feature", "properties": {"id": 1372}, "geometry": {"type": "Polygon", "coordinates": [[[-84.10001969326129, 9.927259320214784], [-84.1000927414498, 9.92726642534609], [-84.10012889568584, 9.927270397251553], [-84.10012646700208, 9.927305601059889], [-84.10011407425854, 9.927413381355702], [-84.10011063659253, 9.92744320726196], [-84.10007970200198, 9.927440524456244], [-84.10000356783085, 9.927418005487397], [-84.10001769799626, 9.92727475195824], [-84.10001969326129, 9.927259320214784]]]}}, {"id": "148", "type": "Feature", "properties": {"id": 1373}, "geometry": {"type": "Polygon", "coordinates": [[[-84.10396899586857, 9.927341061745299], [-84.10401851739059, 9.927346109797709], [-84.10400910055026, 9.927435208826743], [-84.10398705216912, 9.927469024820624], [-84.10395371770198, 9.927466935298792], [-84.10396899586857, 9.927341061745299]]]}}, {"id": "149", "type": "Feature", "properties": {"id": 1374}, "geometry": {"type": "Polygon", "coordinates": [[[-84.10365594199548, 9.927311891626518], [-84.10372798988489, 9.927319283627419], [-84.10370242165698, 9.927468507190753], [-84.10362890592698, 9.92746859589853], [-84.10365594199548, 9.927311891626518]]]}}, {"id": "150", "type": "Feature", "properties": {"id": 1375}, "geometry": {"type": "Polygon", "coordinates": [[[-84.10392889448848, 9.92733712340687], [-84.10395940357382, 9.92734022794703], [-84.10395265933319, 9.927391992354943], [-84.10394080053482, 9.927482803705665], [-84.10390988539416, 9.927479016627762], [-84.10391424995895, 9.927444022267212], [-84.10392889448848, 9.92733712340687]]]}}, {"id": "151", "type": "Feature", "properties": {"id": 1376}, "geometry": {"type": "Polygon", "coordinates": [[[-84.10304232306656, 9.927381264892086], [-84.10321202668464, 9.927422343965008], [-84.10320320380936, 9.927496309319814], [-84.10314803227082, 9.927490134462962], [-84.10306414199052, 9.927467830808165], [-84.10302898927971, 9.927405145147082], [-84.10304232306656, 9.927381264892086]]]}}, {"id": "152", "type": "Feature", "properties": {"id": 1377}, "geometry": {"type": "Polygon", "coordinates": [[[-84.10386705623597, 9.927334297904975], [-84.1039282890045, 9.927341543238763], [-84.10390542635473, 9.927515184654382], [-84.1038513328924, 9.927513669511114], [-84.10385441521149, 9.927446149965581], [-84.10386705623597, 9.927334297904975]]]}}, {"id": "153", "type": "Feature", "properties": {"id": 1378}, "geometry": {"type": "Polygon", "coordinates": [[[-84.10024164660166, 9.927261690537016], [-84.10025495693446, 9.9272630630581], [-84.10029503227298, 9.927267648623348], [-84.100348449627, 9.927315025858636], [-84.1003453498079, 9.92734477369404], [-84.10034062958073, 9.927389985451333], [-84.10033273038349, 9.927465579807775], [-84.10025523330981, 9.92745874212641], [-84.10022203674352, 9.927436942453479], [-84.10024164660166, 9.927261690537016]]]}}, {"id": "154", "type": "Feature", "properties": {"id": 1000027}, "geometry": {"type": "Polygon", "coordinates": [[[-84.10322143184261, 9.927404772858042], [-84.10331211578092, 9.927413463651328], [-84.10330874138236, 9.927497192173094], [-84.10325948942723, 9.927495360807526], [-84.10321352542616, 9.927493024110763], [-84.10322143184261, 9.927404772858042]]]}}, {"id": "155", "type": "Feature", "properties": {"id": 1380}, "geometry": {"type": "Polygon", "coordinates": [[[-84.1002046976275, 9.927246066465884], [-84.10024245443607, 9.92725030483327], [-84.10024217078181, 9.927257659280686], [-84.10022600261242, 9.92740305732166], [-84.1002179890924, 9.927474747345826], [-84.10010841593945, 9.927462759892432], [-84.10011100446134, 9.927439968136216], [-84.10011407425854, 9.927413381355711], [-84.10013392591324, 9.927256482383195], [-84.1002046976275, 9.927246066465884]]]}}, {"id": "156", "type": "Feature", "properties": {"id": 1382}, "geometry": {"type": "Polygon", "coordinates": [[[-84.10372798988489, 9.927319283627419], [-84.10379110019545, 9.927325774198964], [-84.1038057699176, 9.92732798761916], [-84.1037934972727, 9.927407964201533], [-84.10377820754013, 9.927507248859452], [-84.10373096580462, 9.927498942272814], [-84.10370242165698, 9.927468507190753], [-84.10372798988489, 9.927319283627419]]]}}, {"id": "157", "type": "Feature", "properties": {"id": 1383}, "geometry": {"type": "Polygon", "coordinates": [[[-84.10510554884826, 9.927430851912336], [-84.10520335932036, 9.927438488045638], [-84.10523157324397, 9.927493019017053], [-84.10522861737857, 9.92752955967511], [-84.10514566167751, 9.9275090812717], [-84.10507562893541, 9.927489529664538], [-84.10507488032303, 9.927453238038838], [-84.10510554884826, 9.927430851912336]]]}}, {"id": "158", "type": "Feature", "properties": {"id": 1384}, "geometry": {"type": "Polygon", "coordinates": [[[-84.10407538623309, 9.927454493917168], [-84.10419885018243, 9.927463846727088], [-84.10419385771264, 9.927530375580023], [-84.10411729020345, 9.927537394552216], [-84.10403728127271, 9.927532450572862], [-84.10403816806361, 9.927506718560965], [-84.10407538623309, 9.927454493917168]]]}}, {"id": "159", "type": "Feature", "properties": {"id": 1385}, "geometry": {"type": "Polygon", "coordinates": [[[-84.10079027185908, 9.92730044630091], [-84.10086636741678, 9.927309174088087], [-84.10085250379471, 9.927484497383329], [-84.1008339422736, 9.927500143920668], [-84.1008005672308, 9.927505418034208], [-84.10076720429598, 9.927501977026667], [-84.10077548098089, 9.927429458597292], [-84.10079027185908, 9.92730044630091]]]}}, {"id": "160", "type": "Feature", "properties": {"id": 1386}, "geometry": {"type": "Polygon", "coordinates": [[[-84.10035489997733, 9.927252781643352], [-84.10037250155725, 9.927254675155277], [-84.10050229641263, 9.927268865377354], [-84.10055116232598, 9.92727442319801], [-84.10052478722389, 9.927509791453655], [-84.10033025783751, 9.927489324810411], [-84.1003537004192, 9.927263595879836], [-84.10035489997733, 9.927252781643352]]]}}, {"id": "161", "type": "Feature", "properties": {"id": 1000034}, "geometry": {"type": "Polygon", "coordinates": [[[-84.10336165210967, 9.927404025760168], [-84.10343201972627, 9.927431652033668], [-84.10342154001795, 9.927456882138754], [-84.10338499766536, 9.927544690157841], [-84.10332225683032, 9.92751566592956], [-84.10336165210967, 9.927404025760168]]]}}, {"id": "162", "type": "Feature", "properties": {"id": 1388}, "geometry": {"type": "Polygon", "coordinates": [[[-84.10054994533775, 9.92728452486299], [-84.10057425935233, 9.927286404106429], [-84.10058604061683, 9.927287494012267], [-84.10064366156328, 9.927293882159995], [-84.10067387658538, 9.927366564887265], [-84.10067114790736, 9.927390165034478], [-84.10065595784684, 9.92752019194532], [-84.10061756267909, 9.927516134654802], [-84.10052517711274, 9.927506216373164], [-84.10054252987906, 9.927350590330372], [-84.10054994533775, 9.92728452486299]]]}}, {"id": "163", "type": "Feature", "properties": {"id": 1389}, "geometry": {"type": "Polygon", "coordinates": [[[-84.0991474833725, 9.927405879358412], [-84.0993584265359, 9.927427226107698], [-84.09934687831726, 9.927529954423258], [-84.09914240807962, 9.927508043342346], [-84.09912991368627, 9.927506690764655], [-84.09911003209344, 9.927504526606937], [-84.09911284839946, 9.927468719897414], [-84.09913080159735, 9.927426941053495], [-84.0991474833725, 9.927405879358412]]]}}, {"id": "164", "type": "Feature", "properties": {"id": 1391}, "geometry": {"type": "Polygon", "coordinates": [[[-84.10067496806758, 9.927357160995905], [-84.10069758579009, 9.927360047587605], [-84.10070816504842, 9.927361400683806], [-84.1007304199239, 9.927370616703593], [-84.10077494351502, 9.927434167751219], [-84.10076720429598, 9.927501977026667], [-84.10075960695102, 9.927549456878962], [-84.1007192713378, 9.92754558919622], [-84.10066196094812, 9.927468289705777], [-84.10067496806758, 9.927357160995905]]]}}, {"id": "165", "type": "Feature", "properties": {"id": 1392}, "geometry": {"type": "Polygon", "coordinates": [[[-84.10096257256276, 9.927410590231311], [-84.10099069035071, 9.927414311277133], [-84.10097778677384, 9.927541533621257], [-84.10086742726, 9.927528909200992], [-84.10087815874668, 9.927431976933633], [-84.10096257256276, 9.927410590231311]]]}}, {"id": "166", "type": "Feature", "properties": {"id": 1393}, "geometry": {"type": "Polygon", "coordinates": [[[-84.09937896706579, 9.927431446161698], [-84.09943127314938, 9.92743451638864], [-84.0995439066631, 9.92744567641809], [-84.09958783835143, 9.927500777081578], [-84.09958237974115, 9.927544360604829], [-84.09952752335282, 9.927578950423818], [-84.09941174051218, 9.927568399192898], [-84.09937224438552, 9.927486464639989], [-84.09937896706579, 9.927431446161698]]]}}, {"id": "167", "type": "Feature", "properties": {"id": 1395}, "geometry": {"type": "Polygon", "coordinates": [[[-84.10400639082509, 9.927544991484181], [-84.1041869651365, 9.927558588507157], [-84.1041801495846, 9.927634994568637], [-84.10410308128486, 9.927627799533914], [-84.10402026010952, 9.92762005923734], [-84.10400541188817, 9.927618671406451], [-84.10400276527308, 9.92761842357793], [-84.10400639082509, 9.927544991484181]]]}}, {"id": "168", "type": "Feature", "properties": {"id": 1396}, "geometry": {"type": "Polygon", "coordinates": [[[-84.09910403612258, 9.927503892632782], [-84.09911003209344, 9.927504526606937], [-84.09923217382662, 9.92751758382095], [-84.09927275414967, 9.927521942620427], [-84.09934808712488, 9.927530041663152], [-84.09933690001975, 9.927629686586885], [-84.09922822819323, 9.927618590965796], [-84.0991131867462, 9.927606424923637], [-84.09905152934807, 9.927579136699393], [-84.0990588052905, 9.927513400021299], [-84.09910403612258, 9.927503892632782]]]}}, {"id": "169", "type": "Feature", "properties": {"id": 1398}, "geometry": {"type": "Polygon", "coordinates": [[[-84.10453840485974, 9.927603763976284], [-84.10453846757645, 9.927615962071172], [-84.10453725952804, 9.9276643780851], [-84.10447535195749, 9.92767487879124], [-84.10444696568192, 9.927679687093878], [-84.1043608893958, 9.927679713974527], [-84.10435801721486, 9.92760469767438], [-84.10453840485974, 9.927603763976284]]]}}, {"id": "170", "type": "Feature", "properties": {"id": 1399}, "geometry": {"type": "Polygon", "coordinates": [[[-84.0994084898133, 9.927568085733363], [-84.09952752335282, 9.927578950423818], [-84.09955670045706, 9.927582085997935], [-84.09957933175663, 9.92761247379457], [-84.09957500307341, 9.927665512942719], [-84.09956203068752, 9.927705391988164], [-84.09937137472315, 9.927690671218443], [-84.09937969858683, 9.927608698050568], [-84.0994084898133, 9.927568085733363]]]}}, {"id": "171", "type": "Feature", "properties": {"id": 1400}, "geometry": {"type": "Polygon", "coordinates": [[[-84.1050053416994, 9.927551621358848], [-84.10506891604803, 9.927556012565143], [-84.10506896796848, 9.927693891938844], [-84.10503359480278, 9.92772916640847], [-84.10500705312174, 9.927718686158446], [-84.1050053416994, 9.927551621358848]]]}}, {"id": "172", "type": "Feature", "properties": {"id": 1401}, "geometry": {"type": "Polygon", "coordinates": [[[-84.10514075224073, 9.927575724342287], [-84.10516637465311, 9.92757817843389], [-84.10522001355076, 9.927616237473435], [-84.1052072384222, 9.927792841465836], [-84.10514136313051, 9.927786770851398], [-84.10513970371399, 9.927736615128808], [-84.10514075224073, 9.927575724342287]]]}}, {"id": "173", "type": "Feature", "properties": {"id": 1402}, "geometry": {"type": "Polygon", "coordinates": [[[-84.09911666066323, 9.927606768213936], [-84.09922116646116, 9.927617613872279], [-84.0992664937246, 9.9276223835734], [-84.09927873996735, 9.927688785368057], [-84.09927564456628, 9.927725458371754], [-84.09915015077587, 9.927712411103522], [-84.09911303491967, 9.927677305578644], [-84.09911666066323, 9.927606768213936]]]}}, {"id": "174", "type": "Feature", "properties": {"id": 1403}, "geometry": {"type": "Polygon", "coordinates": [[[-84.10507722626208, 9.92757009306316], [-84.1051407604778, 9.92757445919984], [-84.10513972688504, 9.927733059627121], [-84.10513711795035, 9.927789271449228], [-84.10507044241396, 9.927761396854269], [-84.10507722626208, 9.92757009306316]]]}}, {"id": "175", "type": "Feature", "properties": {"id": 1404}, "geometry": {"type": "Polygon", "coordinates": [[[-84.09942050758944, 9.927729581926789], [-84.09951613095495, 9.927740398312169], [-84.09959496344646, 9.927777281687058], [-84.09958887023534, 9.92783334320316], [-84.09931654703664, 9.927811728974907], [-84.09932344856315, 9.927749951721436], [-84.09942050758944, 9.927729581926789]]]}}, {"id": "176", "type": "Feature", "properties": {"id": 1000035}, "geometry": {"type": "Polygon", "coordinates": [[[-84.10067487539348, 9.927674167647657], [-84.10076435191598, 9.927687243291626], [-84.10075133401473, 9.927798465568562], [-84.10067951577285, 9.927791252885555], [-84.10066825495119, 9.927756853410344], [-84.10067487539348, 9.927674167647657]]]}}, {"id": "177", "type": "Feature", "properties": {"id": 1406}, "geometry": {"type": "Polygon", "coordinates": [[[-84.10270246819933, 9.92769605899605], [-84.10270314271123, 9.927800547832097], [-84.10267673985382, 9.927828638999863], [-84.10261415888506, 9.927828029362718], [-84.10261340126974, 9.927771537684588], [-84.1026207178172, 9.927736185002534], [-84.102665927804, 9.927697419269203], [-84.10270246819933, 9.92769605899605]]]}}, {"id": "178", "type": "Feature", "properties": {"id": 1407}, "geometry": {"type": "Polygon", "coordinates": [[[-84.09979745441757, 9.927589537239253], [-84.09984612666803, 9.927590452280393], [-84.0998906187652, 9.92759619466069], [-84.09987753517547, 9.927711332929661], [-84.09986510434862, 9.92782014942622], [-84.09976457199116, 9.927809923232763], [-84.09978503457202, 9.927623021316483], [-84.09979745441757, 9.927589537239253]]]}}, {"id": "179", "type": "Feature", "properties": {"id": 1408}, "geometry": {"type": "Polygon", "coordinates": [[[-84.09989154350608, 9.9275887270414], [-84.09994182413986, 9.92759425032044], [-84.09995708466026, 9.927595983608313], [-84.10000338427962, 9.927601375000785], [-84.10000311162423, 9.927604449324006], [-84.09999901882112, 9.92764079893494], [-84.0999860125637, 9.92775554437357], [-84.09997712282696, 9.9278333578522], [-84.09986510434862, 9.92782014942622], [-84.09988297665016, 9.927655620357088], [-84.09989154350608, 9.9275887270414]]]}}, {"id": "180", "type": "Feature", "properties": {"id": 1409}, "geometry": {"type": "Polygon", "coordinates": [[[-84.10043171837805, 9.927708253109559], [-84.10050813403578, 9.927712317046263], [-84.10053688494312, 9.927721178634659], [-84.10052903268551, 9.927815906192743], [-84.10045881817592, 9.927831108291517], [-84.10041773276565, 9.92782983612602], [-84.10043171837805, 9.927708253109559]]]}}, {"id": "181", "type": "Feature", "properties": {"id": 1410}, "geometry": {"type": "Polygon", "coordinates": [[[-84.104437730523, 9.927780547726536], [-84.10444735833642, 9.927781712006603], [-84.10461883143128, 9.927804224225472], [-84.10461189327611, 9.9278605226652], [-84.1044334045603, 9.927840695390811], [-84.104437730523, 9.927780547726536]]]}}, {"id": "182", "type": "Feature", "properties": {"id": 1411}, "geometry": {"type": "Polygon", "coordinates": [[[-84.10242942746653, 9.927690110054519], [-84.10243395136163, 9.92786732964328], [-84.10234261621466, 9.927869475247991], [-84.10233850807795, 9.9277030677975], [-84.10239686300861, 9.927690662543824], [-84.10242942746653, 9.927690110054519]]]}}, {"id": "183", "type": "Feature", "properties": {"id": 1412}, "geometry": {"type": "Polygon", "coordinates": [[[-84.10192655235943, 9.927717204780222], [-84.10198171426333, 9.92772820878845], [-84.1019846997516, 9.927873884452199], [-84.10192961695275, 9.927874624603088], [-84.10189523462427, 9.927871289586898], [-84.10189081275709, 9.927728067450824], [-84.10189162415497, 9.927718029197772], [-84.10192655235943, 9.927717204780222]]]}}, {"id": "184", "type": "Feature", "properties": {"id": 1413}, "geometry": {"type": "Polygon", "coordinates": [[[-84.10252608332075, 9.927676352490368], [-84.10257995870428, 9.92767801921325], [-84.10261366215865, 9.92774158241843], [-84.10261415888506, 9.927828029362718], [-84.10258208013944, 9.927883048383949], [-84.10252518426488, 9.9278817797473], [-84.10252219540158, 9.927778266372677], [-84.10252608332075, 9.927676352490368]]]}}, {"id": "185", "type": "Feature", "properties": {"id": 1414}, "geometry": {"type": "Polygon", "coordinates": [[[-84.10161360969914, 9.927729002277033], [-84.10161664010525, 9.927886313257659], [-84.10158905696663, 9.92788576240684], [-84.10152694841332, 9.927883782114542], [-84.10145052720452, 9.92788119311478], [-84.10145151412553, 9.927828569034697], [-84.1014801358135, 9.927782627562713], [-84.1015016523765, 9.927752367023375], [-84.10159724550618, 9.927731091797183], [-84.10161360969914, 9.927729002277033]]]}}, {"id": "186", "type": "Feature", "properties": {"id": 1415}, "geometry": {"type": "Polygon", "coordinates": [[[-84.10251995681435, 9.927700737784239], [-84.10252518426488, 9.9278817797473], [-84.1024955620452, 9.927881705121607], [-84.10243338826842, 9.92784605390778], [-84.10242986976974, 9.927707986087421], [-84.10249131947667, 9.927700513907055], [-84.10251995681435, 9.927700737784239]]]}}, {"id": "187", "type": "Feature", "properties": {"id": 1416}, "geometry": {"type": "Polygon", "coordinates": [[[-84.10170867438573, 9.927726335870824], [-84.10170990168794, 9.927884184366091], [-84.10168664248621, 9.927884447615543], [-84.10161657674396, 9.927883487100097], [-84.10161467730907, 9.9277987755171], [-84.10161360969914, 9.927729002277033], [-84.10170867438573, 9.927726335870824]]]}}, {"id": "188", "type": "Feature", "properties": {"id": 1417}, "geometry": {"type": "Polygon", "coordinates": [[[-84.10188232440854, 9.927721641225862], [-84.10189089978768, 9.927730861336636], [-84.10189509021046, 9.927865371310398], [-84.10183308686113, 9.92788474611828], [-84.10180492684667, 9.927884510073067], [-84.1017968735043, 9.927723927729263], [-84.10188232440854, 9.927721641225862]]]}}, {"id": "189", "type": "Feature", "properties": {"id": 1418}, "geometry": {"type": "Polygon", "coordinates": [[[-84.0990299721295, 9.92770304340245], [-84.09913063674114, 9.927710401454409], [-84.09932463627736, 9.92773046877493], [-84.0993230611837, 9.927753321254936], [-84.09931696751671, 9.927808026483627], [-84.0993099639814, 9.927869694235559], [-84.09901638353061, 9.927840425738214], [-84.0990299721295, 9.92770304340245]]]}}, {"id": "190", "type": "Feature", "properties": {"id": 1419}, "geometry": {"type": "Polygon", "coordinates": [[[-84.10032939290069, 9.927640006971913], [-84.1003712691978, 9.927643889672757], [-84.1004309150842, 9.927697568716956], [-84.10041773276565, 9.92782983612602], [-84.10041141283753, 9.927882027331288], [-84.10036809931852, 9.927877794269019], [-84.10030449575007, 9.927835518014724], [-84.10032939290069, 9.927640006971913]]]}}, {"id": "191", "type": "Feature", "properties": {"id": 1420}, "geometry": {"type": "Polygon", "coordinates": [[[-84.10480410251711, 9.927802014499154], [-84.10491770456603, 9.927812541752596], [-84.10490133393762, 9.927926504954124], [-84.10489851280292, 9.927945222542778], [-84.1048801816148, 9.927943419916943], [-84.10479900596523, 9.927934777067914], [-84.10480194731025, 9.927856362255731], [-84.10480410251711, 9.927802014499154]]]}}, {"id": "192", "type": "Feature", "properties": {"id": 1421}, "geometry": {"type": "Polygon", "coordinates": [[[-84.10144578490144, 9.92788101371621], [-84.10158905696663, 9.92788576240684], [-84.10161624219128, 9.927913241479565], [-84.10161426423765, 9.927990278954647], [-84.10152986145906, 9.927987772872127], [-84.101445452293, 9.927985251399068], [-84.10144308114548, 9.927985177070987], [-84.10144388235742, 9.927954306018492], [-84.10144578490144, 9.92788101371621]]]}}, {"id": "193", "type": "Feature", "properties": {"id": 1422}, "geometry": {"type": "Polygon", "coordinates": [[[-84.10493846214437, 9.927827150616901], [-84.10503386433017, 9.92785867683896], [-84.1050221125096, 9.9278981031526], [-84.10500006298668, 9.927961222440693], [-84.104905391563, 9.92793349357217], [-84.10492616111034, 9.927860247779726], [-84.10493846214437, 9.927827150616901]]]}}, {"id": "194", "type": "Feature", "properties": {"id": 1423}, "geometry": {"type": "Polygon", "coordinates": [[[-84.10097668808956, 9.927708557840337], [-84.1010439943505, 9.927717850646221], [-84.10108841811824, 9.927753010155348], [-84.10107431348109, 9.927864460861315], [-84.10106613243677, 9.927928228469428], [-84.10100360550562, 9.927949786817582], [-84.10089835262747, 9.927938064258809], [-84.10090244600097, 9.927903884691117], [-84.1009236193688, 9.927734433662877], [-84.10097668808956, 9.927708557840337]]]}}, {"id": "195", "type": "Feature", "properties": {"id": 1427}, "geometry": {"type": "Polygon", "coordinates": [[[-84.10095624118149, 9.927944286005962], [-84.10099372448774, 9.92794852437029], [-84.10106125245687, 9.928034479920305], [-84.10104643201363, 9.928170899344769], [-84.10099889270882, 9.92816749767421], [-84.1009358267573, 9.928153319012667], [-84.10095624118149, 9.927944286005962]]]}}, {"id": "196", "type": "Feature", "properties": {"id": 1428}, "geometry": {"type": "Polygon", "coordinates": [[[-84.10511385274316, 9.92787535062172], [-84.10515543433651, 9.927893371586348], [-84.10519520096074, 9.927931794444039], [-84.10518587139347, 9.928022596769024], [-84.10502654122497, 9.927997233035695], [-84.10503662008516, 9.927875043090406], [-84.10511385274316, 9.92787535062172]]]}}, {"id": "197", "type": "Feature", "properties": {"id": 1000036}, "geometry": {"type": "Polygon", "coordinates": [[[-84.10427299166746, 9.927906028237391], [-84.10465013456316, 9.927946829688786], [-84.10464659627891, 9.927987651093355], [-84.1046398625508, 9.92803430933159], [-84.10452203214001, 9.928013153399055], [-84.10425429259685, 9.927963363612513], [-84.10427299166746, 9.927906028237391]]]}}, {"id": "198", "type": "Feature", "properties": {"id": 1431}, "geometry": {"type": "Polygon", "coordinates": [[[-84.10192796564044, 9.927889637159355], [-84.10198546849766, 9.927936261208748], [-84.10198617505556, 9.92805387738564], [-84.10189862630835, 9.928055441204862], [-84.10189551075939, 9.92796050415472], [-84.10189500189874, 9.927939978323227], [-84.10189628831347, 9.927889559110229], [-84.10192796564044, 9.927889637159355]]]}}, {"id": "199", "type": "Feature", "properties": {"id": 1432}, "geometry": {"type": "Polygon", "coordinates": [[[-84.10260792127966, 9.927929456858838], [-84.10261166447911, 9.928072000564338], [-84.1025290883695, 9.928071623116239], [-84.10252491918487, 9.927937415415158], [-84.10252514638485, 9.92793200282977], [-84.10260792127966, 9.927929456858838]]]}}, {"id": "200", "type": "Feature", "properties": {"id": 1433}, "geometry": {"type": "Polygon", "coordinates": [[[-84.10252491918487, 9.927937415415158], [-84.1025290883695, 9.928071623116242], [-84.10252847983155, 9.928083418287379], [-84.10248362982122, 9.928082970533543], [-84.1024367088442, 9.928069463469788], [-84.10243575263205, 9.92793722660306], [-84.10252491918487, 9.927937415415158]]]}}, {"id": "201", "type": "Feature", "properties": {"id": 1434}, "geometry": {"type": "Polygon", "coordinates": [[[-84.09934607572673, 9.927939565189156], [-84.0994404003798, 9.92794211434063], [-84.0995174505981, 9.927951066852705], [-84.09957475572206, 9.927964336674123], [-84.09957408871398, 9.928013601734293], [-84.09955043093534, 9.928051903638423], [-84.09933679496616, 9.92803520230647], [-84.09934607572673, 9.927939565189156]]]}}, {"id": "202", "type": "Feature", "properties": {"id": 1435}, "geometry": {"type": "Polygon", "coordinates": [[[-84.09986227341508, 9.927870716116598], [-84.09989624325479, 9.927872795311389], [-84.09996472306516, 9.927940276893423], [-84.0999569922998, 9.928009268803217], [-84.09995143880687, 9.928058589436443], [-84.09995091674446, 9.928063221751248], [-84.09984067779914, 9.92805038733332], [-84.09986227341508, 9.927870716116598]]]}}, {"id": "203", "type": "Feature", "properties": {"id": 1436}, "geometry": {"type": "Polygon", "coordinates": [[[-84.10265515026731, 9.927915466448301], [-84.1027115163602, 9.927925286519047], [-84.10271409220535, 9.928112671536768], [-84.1026862882294, 9.928113193916204], [-84.10261932572065, 9.928094891980495], [-84.10261808230706, 9.927915477829025], [-84.10265515026731, 9.927915466448301]]]}}, {"id": "204", "type": "Feature", "properties": {"id": 1437}, "geometry": {"type": "Polygon", "coordinates": [[[-84.10144308114548, 9.927985177070992], [-84.10161189309005, 9.927990204627758], [-84.10161012473209, 9.92807974297462], [-84.10158353291853, 9.928090041312824], [-84.10144055827985, 9.928084473122661], [-84.10144308114548, 9.927985177070992]]]}}, {"id": "205", "type": "Feature", "properties": {"id": 1438}, "geometry": {"type": "Polygon", "coordinates": [[[-84.10243558118766, 9.927913518231941], [-84.10243672936306, 9.92807230215934], [-84.10241650632614, 9.928098306102136], [-84.1023681713488, 9.928098343414948], [-84.10234541489292, 9.928065340225707], [-84.10234295268805, 9.927929223023405], [-84.10239175974868, 9.927915380722752], [-84.10243558118766, 9.927913518231941]]]}}, {"id": "206", "type": "Feature", "properties": {"id": 1440}, "geometry": {"type": "Polygon", "coordinates": [[[-84.100051824167, 9.927846762175028], [-84.10008484953461, 9.92784954788474], [-84.10005742288415, 9.928074514642462], [-84.09995091674445, 9.928063221751252], [-84.09997051920897, 9.927865002499964], [-84.100051824167, 9.927846762175028]]]}}, {"id": "207", "type": "Feature", "properties": {"id": 1441}, "geometry": {"type": "Polygon", "coordinates": [[[-84.1016151248983, 9.928016087298442], [-84.1017258493241, 9.928017722584055], [-84.10172785600926, 9.928097727753455], [-84.10161296116428, 9.928096922421872], [-84.10161314140555, 9.928089960114457], [-84.1016151248983, 9.928016087298442]]]}}, {"id": "208", "type": "Feature", "properties": {"id": 1442}, "geometry": {"type": "Polygon", "coordinates": [[[-84.10180219343593, 9.928020791739634], [-84.10181863129904, 9.928093031406345], [-84.10182119030978, 9.928110752724368], [-84.10172862643216, 9.928114668917368], [-84.1017280755265, 9.928102643375993], [-84.10172449401097, 9.928022442932535], [-84.10180219343593, 9.928020791739634]]]}}, {"id": "209", "type": "Feature", "properties": {"id": 1443}, "geometry": {"type": "Polygon", "coordinates": [[[-84.10013682900136, 9.927822328938047], [-84.10019651334834, 9.927827169196785], [-84.10019332474705, 9.927861724872393], [-84.10016840834433, 9.9280846148535], [-84.10010142473604, 9.928091871614164], [-84.10005618776805, 9.92808581173477], [-84.10005742288415, 9.928074514642462], [-84.10008132756816, 9.9278905946619], [-84.10013682900136, 9.927822328938047]]]}}, {"id": "210", "type": "Feature", "properties": {"id": 1444}, "geometry": {"type": "Polygon", "coordinates": [[[-84.10019343213393, 9.927861491474014], [-84.10030177097038, 9.927871067723757], [-84.10029369540699, 9.927943852830918], [-84.10028278158717, 9.928041598902942], [-84.10020318346803, 9.928097230377748], [-84.10016743298218, 9.92809326266248], [-84.10019343213393, 9.927861491474014]]]}}, {"id": "211", "type": "Feature", "properties": {"id": 1448}, "geometry": {"type": "Polygon", "coordinates": [[[-84.10029303920504, 9.927949555856124], [-84.10031219450984, 9.927949843668749], [-84.1003310603948, 9.927961602405855], [-84.10039448799428, 9.92803079390403], [-84.10039009931633, 9.928074201381532], [-84.10038609864554, 9.928113489581365], [-84.10038566661355, 9.928117448977124], [-84.10027437487904, 9.928109457300819], [-84.10029303920504, 9.927949555856124]]]}}, {"id": "212", "type": "Feature", "properties": {"id": 1449}, "geometry": {"type": "Polygon", "coordinates": [[[-84.10429611626155, 9.928029012146542], [-84.10441905546088, 9.928046334190459], [-84.10440446552312, 9.928146096064582], [-84.1042812826681, 9.928128387099074], [-84.10429611626155, 9.928029012146542]]]}}, {"id": "213", "type": "Feature", "properties": {"id": 1000038}, "geometry": {"type": "Polygon", "coordinates": [[[-84.10316401480006, 9.928024630538298], [-84.10350682813802, 9.928089804829341], [-84.10348778554622, 9.928176718999929], [-84.10348606761424, 9.92818363865518], [-84.10318427482453, 9.928122364201064], [-84.1031596998863, 9.92810126135596], [-84.10315669248651, 9.92805612395858], [-84.10316401480006, 9.928024630538298]]]}}, {"id": "214", "type": "Feature", "properties": {"id": 1452}, "geometry": {"type": "Polygon", "coordinates": [[[-84.09938951526453, 9.928055888179996], [-84.09945125606772, 9.928057045261635], [-84.09954272981551, 9.928067054528201], [-84.0995347269288, 9.928141200385257], [-84.0995343533688, 9.928144110596842], [-84.09944519456107, 9.928135349324148], [-84.09938315277071, 9.928126326372332], [-84.09938951526453, 9.928055888179996]]]}}, {"id": "215", "type": "Feature", "properties": {"id": 1453}, "geometry": {"type": "Polygon", "coordinates": [[[-84.10062374020158, 9.927985500740412], [-84.10064845538925, 9.927988025028043], [-84.1006765449814, 9.927990912685637], [-84.10065631387124, 9.928168439355963], [-84.10060634054513, 9.928163516859966], [-84.10061000714727, 9.928108655372453], [-84.10062374020158, 9.927985500740412]]]}}, {"id": "216", "type": "Feature", "properties": {"id": 1455}, "geometry": {"type": "Polygon", "coordinates": [[[-84.1006765449814, 9.927990912685635], [-84.10072981984533, 9.927997686189011], [-84.10071110605381, 9.928174065065585], [-84.10065631387124, 9.928168439355963], [-84.10066273343439, 9.92811082040171], [-84.10066409767951, 9.928098703862611], [-84.1006765449814, 9.927990912685635]]]}}, {"id": "217", "type": "Feature", "properties": {"id": 1000039}, "geometry": {"type": "Polygon", "coordinates": [[[-84.10449092508455, 9.92807308583196], [-84.10464040283094, 9.928093772121787], [-84.10467251513984, 9.928125200705443], [-84.10466478360074, 9.92818867716351], [-84.1044792802281, 9.92816233288373], [-84.10445720951648, 9.928159175120717], [-84.10446366672105, 9.92810320383031], [-84.10449092508455, 9.92807308583196]]]}}, {"id": "218", "type": "Feature", "properties": {"id": 1457}, "geometry": {"type": "Polygon", "coordinates": [[[-84.10143221559935, 9.928084166407075], [-84.10154568001886, 9.92808852208414], [-84.10161381468197, 9.928113756585992], [-84.10161179145544, 9.928163472932386], [-84.10157556814869, 9.928192171594736], [-84.10150438350202, 9.928190347787654], [-84.101429939558, 9.928188346810336], [-84.10143221559935, 9.928084166407075]]]}}, {"id": "219", "type": "Feature", "properties": {"id": 1458}, "geometry": {"type": "Polygon", "coordinates": [[[-84.1007337725267, 9.927923017679575], [-84.10077204339899, 9.92792668307465], [-84.10083736939183, 9.928043801018038], [-84.10082463818075, 9.928165354941532], [-84.10078196109117, 9.928180218185373], [-84.10071110605381, 9.928174065065585], [-84.1007337725267, 9.927923017679575]]]}}, {"id": "220", "type": "Feature", "properties": {"id": 1459}, "geometry": {"type": "Polygon", "coordinates": [[[-84.10084570654568, 9.92793202240432], [-84.1009562411815, 9.92794428600596], [-84.1009358267573, 9.928153319012667], [-84.10093499049964, 9.928158749316921], [-84.10089805983624, 9.928186283403354], [-84.10082336756133, 9.92817942706999], [-84.10084570654568, 9.92793202240432]]]}}, {"id": "221", "type": "Feature", "properties": {"id": 1461}, "geometry": {"type": "Polygon", "coordinates": [[[-84.09902353368632, 9.928024615173415], [-84.09919334606816, 9.928041758876695], [-84.09928102340871, 9.928125887483857], [-84.09927928506654, 9.928157908531544], [-84.09927370216319, 9.928206820469523], [-84.09899998334238, 9.928177358424447], [-84.0990047846808, 9.928107501487366], [-84.09902353368632, 9.928024615173415]]]}}, {"id": "222", "type": "Feature", "properties": {"id": 1000040}, "geometry": {"type": "Polygon", "coordinates": [[[-84.10350682813802, 9.928089804829341], [-84.10383131681999, 9.928150210169987], [-84.10381228278459, 9.928233039755996], [-84.10348778554622, 9.928176718999929], [-84.10350682813802, 9.928089804829341]]]}}, {"id": "223", "type": "Feature", "properties": {"id": 1463}, "geometry": {"type": "Polygon", "coordinates": [[[-84.10383131681999, 9.928150210169987], [-84.10402351725222, 9.92819086086413], [-84.10399516069855, 9.928275607546974], [-84.10390395392258, 9.928257962172525], [-84.10382308960932, 9.928241325813527], [-84.10381095958795, 9.928238797852504], [-84.10383131681999, 9.928150210169987]]]}}, {"id": "224", "type": "Feature", "properties": {"id": 1464}, "geometry": {"type": "Polygon", "coordinates": [[[-84.1014261573352, 9.928188245147993], [-84.10155148876592, 9.92819149472644], [-84.10157364895697, 9.928192122734007], [-84.10160980185552, 9.928193157412398], [-84.10160936713062, 9.928209143809417], [-84.10160423724842, 9.928306674139277], [-84.10143469996143, 9.928301119658439], [-84.10142393526164, 9.92829000140444], [-84.1014261573352, 9.928188245147993]]]}}, {"id": "225", "type": "Feature", "properties": {"id": 1465}, "geometry": {"type": "Polygon", "coordinates": [[[-84.10295796118325, 9.928248355556436], [-84.10305518138131, 9.928261165077505], [-84.10305074335872, 9.928309520247689], [-84.10295104188282, 9.928300204766348], [-84.10295796118325, 9.928248355556436]]]}}, {"id": "226", "type": "Feature", "properties": {"id": 1466}, "geometry": {"type": "Polygon", "coordinates": [[[-84.10165058065361, 9.928175114529097], [-84.10178455158109, 9.928182501890403], [-84.1017841962044, 9.928230636115], [-84.10176193334092, 9.92829670406063], [-84.10170942360972, 9.92830735984705], [-84.10163971594066, 9.928319276785023], [-84.10160387598216, 9.928318066121765], [-84.10160423724842, 9.928306674139277], [-84.10161027625243, 9.928175711534044], [-84.10165058065361, 9.928175114529097]]]}}, {"id": "227", "type": "Feature", "properties": {"id": 1467}, "geometry": {"type": "Polygon", "coordinates": [[[-84.10194519004911, 9.928180022094814], [-84.10213656019451, 9.928195842725344], [-84.10213383282903, 9.928270468330732], [-84.10211795588089, 9.928316839328383], [-84.10203760897475, 9.928309811192433], [-84.10198261556057, 9.928304945355917], [-84.10194240123202, 9.928232483806825], [-84.10194519004911, 9.928180022094814]]]}}, {"id": "228", "type": "Feature", "properties": {"id": 1000041}, "geometry": {"type": "Polygon", "coordinates": [[[-84.1033010155773, 9.92825231472245], [-84.10349757172352, 9.928282094508491], [-84.1034948100476, 9.928312761453693], [-84.10340918320084, 9.92830236056301], [-84.10331615799082, 9.9282893690107], [-84.10329682333821, 9.928286662419946], [-84.1033010155773, 9.92825231472245]]]}}, {"id": "229", "type": "Feature", "properties": {"id": 1000043}, "geometry": {"type": "Polygon", "coordinates": [[[-84.10305518138131, 9.928261165077505], [-84.10316124724484, 9.928276599590404], [-84.10315151682039, 9.928328684582937], [-84.10305024329203, 9.92831502677958], [-84.1030542723871, 9.92827065933809], [-84.10305518138131, 9.928261165077505]]]}}, {"id": "230", "type": "Feature", "properties": {"id": 1000044}, "geometry": {"type": "Polygon", "coordinates": [[[-84.10316124724484, 9.928276599590404], [-84.10321761065573, 9.928283810097955], [-84.10321011225588, 9.928332408090041], [-84.1031520049154, 9.928324346000378], [-84.10316124724484, 9.928276599590404]]]}}, {"id": "231", "type": "Feature", "properties": {"id": 1471}, "geometry": {"type": "Polygon", "coordinates": [[[-84.10243886619598, 9.92821756418343], [-84.10250636492619, 9.928224029847534], [-84.10252793714281, 9.928255393959807], [-84.10252741169583, 9.928280617552502], [-84.10252605938346, 9.928325617562916], [-84.10252464101251, 9.928355297185751], [-84.10243092689758, 9.928350923948024], [-84.10243139808817, 9.92833646019795], [-84.10243439203056, 9.928276089447971], [-84.10243886619598, 9.92821756418343]]]}}, {"id": "232", "type": "Feature", "properties": {"id": 1472}, "geometry": {"type": "Polygon", "coordinates": [[[-84.1038706583199, 9.92825096115385], [-84.10390036733209, 9.92825720457683], [-84.10396671667341, 9.928275836412427], [-84.10398223252258, 9.928314802114306], [-84.10397284728239, 9.92834657170022], [-84.10385884551619, 9.928329879649255], [-84.10386102667633, 9.928299649425275], [-84.1038706583199, 9.92825096115385]]]}}, {"id": "233", "type": "Feature", "properties": {"id": 1000045}, "geometry": {"type": "Polygon", "coordinates": [[[-84.10349737104744, 9.92828432299444], [-84.10364028522484, 9.928303577302232], [-84.10363423835868, 9.928345274506363], [-84.10349488732273, 9.928323783318394], [-84.1034948100476, 9.928312761453693], [-84.10349737104744, 9.92828432299444]]]}}, {"id": "234", "type": "Feature", "properties": {"id": 1000046}, "geometry": {"type": "Polygon", "coordinates": [[[-84.10323256751, 9.928289823458044], [-84.10325877498707, 9.928293183466364], [-84.10331282454429, 9.928301010602677], [-84.10330864342737, 9.928346048108041], [-84.10325127840913, 9.92833973651109], [-84.10322968802316, 9.928314886627032], [-84.10323256751, 9.928289823458044]]]}}, {"id": "235", "type": "Feature", "properties": {"id": 1000047}, "geometry": {"type": "Polygon", "coordinates": [[[-84.10331615799082, 9.9282893690107], [-84.10340918320084, 9.92830236056301], [-84.10340445557243, 9.928348837319053], [-84.10331152231416, 9.928338287046378], [-84.10331615799082, 9.9282893690107]]]}}, {"id": "236", "type": "Feature", "properties": {"id": 1000048}, "geometry": {"type": "Polygon", "coordinates": [[[-84.10366458854557, 9.928312089824654], [-84.10378670733084, 9.92833031654249], [-84.10378106398552, 9.928364767879447], [-84.10366721124721, 9.928350366494046], [-84.10365737441848, 9.928348846840242], [-84.10366458854557, 9.928312089824654]]]}}, {"id": "237", "type": "Feature", "properties": {"id": 1000049}, "geometry": {"type": "Polygon", "coordinates": [[[-84.10340800987105, 9.928310436429788], [-84.10353377687152, 9.928329747137699], [-84.10352881440113, 9.928371797964854], [-84.1034032822424, 9.928356913185802], [-84.10340800987105, 9.928310436429788]]]}}, {"id": "238", "type": "Feature", "properties": {"id": 1478}, "geometry": {"type": "Polygon", "coordinates": [[[-84.10378670733084, 9.92833031654249], [-84.10396034028689, 9.928353203041388], [-84.1039521056886, 9.928387517360756], [-84.103938944167, 9.928385910018969], [-84.10379519780858, 9.928367246323408], [-84.10378106398552, 9.928364767879447], [-84.10378670733084, 9.92833031654249]]]}}, {"id": "239", "type": "Feature", "properties": {"id": 1479}, "geometry": {"type": "Polygon", "coordinates": [[[-84.09973600558384, 9.928186719210816], [-84.09976746964423, 9.928190145738226], [-84.09988065418742, 9.928219317231553], [-84.09987265087875, 9.92829183555581], [-84.09974714345185, 9.928343463265398], [-84.0996767764846, 9.92833706361269], [-84.09969077816129, 9.928207709880365], [-84.09973600558384, 9.928186719210816]]]}}, {"id": "240", "type": "Feature", "properties": {"id": 1480}, "geometry": {"type": "Polygon", "coordinates": [[[-84.10216762185718, 9.928210618596562], [-84.1022565633859, 9.92821689943322], [-84.10225141258589, 9.928325094263089], [-84.10216322776829, 9.92832016897448], [-84.10216762185718, 9.928210618596562]]]}}, {"id": "241", "type": "Feature", "properties": {"id": 1000050}, "geometry": {"type": "Polygon", "coordinates": [[[-84.10353377687152, 9.928329747137704], [-84.10367441158913, 9.928351411244014], [-84.10366776612356, 9.9283949880285], [-84.103528270495, 9.92837641039927], [-84.1035288144011, 9.928371797964854], [-84.10353377687152, 9.928329747137704]]]}}, {"id": "242", "type": "Feature", "properties": {"id": 1482}, "geometry": {"type": "Polygon", "coordinates": [[[-84.10234912722737, 9.928199230416775], [-84.10243959429675, 9.928203447871509], [-84.10243923370125, 9.92821104768739], [-84.10242889407468, 9.928393425700277], [-84.10238976946123, 9.92839018260746], [-84.1023420623991, 9.928355114698398], [-84.10234876438197, 9.928205469429393], [-84.10234912722737, 9.928199230416775]]]}}, {"id": "243", "type": "Feature", "properties": {"id": 1483}, "geometry": {"type": "Polygon", "coordinates": [[[-84.10225982196285, 9.928184723508677], [-84.10230284941149, 9.928185427544221], [-84.10234876438199, 9.928205469429393], [-84.10234084889899, 9.928403713083158], [-84.10231122951016, 9.92840474658266], [-84.10224782116863, 9.928394453756702], [-84.1022565633859, 9.92821689943322], [-84.10225982196285, 9.928184723508677]]]}}, {"id": "244", "type": "Feature", "properties": {"id": 1000051}, "geometry": {"type": "Polygon", "coordinates": [[[-84.10579218044043, 9.928314790976245], [-84.10599676248806, 9.928334295150318], [-84.10598171418842, 9.928400940219234], [-84.10578339930115, 9.928379054042777], [-84.10579218044043, 9.928314790976245]]]}}, {"id": "245", "type": "Feature", "properties": {"id": 1485}, "geometry": {"type": "Polygon", "coordinates": [[[-84.09926912525, 9.92824696419065], [-84.09939300442916, 9.928260945919018], [-84.0995077402205, 9.928293100899655], [-84.09949436657004, 9.928399889565515], [-84.09939039846736, 9.92838907023244], [-84.09928643037121, 9.928378250867052], [-84.0992645155616, 9.928287295992611], [-84.09926912525, 9.92824696419065]]]}}, {"id": "246", "type": "Feature", "properties": {"id": 1486}, "geometry": {"type": "Polygon", "coordinates": [[[-84.09901232247, 9.928178235214698], [-84.0991758434561, 9.928196100523737], [-84.09927370216319, 9.928206820469523], [-84.09925687532026, 9.928354569900886], [-84.0992399186494, 9.92837446708719], [-84.09919816360528, 9.928401928199492], [-84.09903325162915, 9.928382326130759], [-84.0989842083937, 9.928335817997326], [-84.09898988192116, 9.928264625791982], [-84.09901232247, 9.928178235214698]]]}}, {"id": "247", "type": "Feature", "properties": {"id": 1487}, "geometry": {"type": "Polygon", "coordinates": [[[-84.10262157669136, 9.928191589065316], [-84.10266794190473, 9.928198156119354], [-84.10271353282523, 9.928229008844971], [-84.1027050643795, 9.928416659842362], [-84.1026724875139, 9.928415316582212], [-84.10262114319768, 9.928379782667792], [-84.102620267851, 9.928331285043685], [-84.10262157669136, 9.928191589065316]]]}}, {"id": "248", "type": "Feature", "properties": {"id": 1489}, "geometry": {"type": "Polygon", "coordinates": [[[-84.10194220804705, 9.928309563897097], [-84.10197936992965, 9.928312311241541], [-84.10200426743333, 9.928314473697752], [-84.10205561284981, 9.928318978968992], [-84.10214468487098, 9.928326898677165], [-84.1021536706766, 9.928386039813338], [-84.10215096647406, 9.928441117481183], [-84.10202245194294, 9.92843128931883], [-84.10193353247288, 9.928424263774508], [-84.10194220804705, 9.928309563897097]]]}}, {"id": "249", "type": "Feature", "properties": {"id": 1493}, "geometry": {"type": "Polygon", "coordinates": [[[-84.10039989615329, 9.928325821640634], [-84.10056943814547, 9.928346747850865], [-84.1005573379737, 9.928441691300932], [-84.10051028341682, 9.92845219404177], [-84.1004762653321, 9.92844723123147], [-84.10039025886584, 9.928422753560527], [-84.10039989615329, 9.928325821640634]]]}}, {"id": "250", "type": "Feature", "properties": {"id": 1494}, "geometry": {"type": "Polygon", "coordinates": [[[-84.10060289997102, 9.928291129287473], [-84.10071356589452, 9.928298602238206], [-84.1007001701231, 9.928445037593082], [-84.10063199649463, 9.928530286560061], [-84.1005739917411, 9.928523254430669], [-84.10059844297558, 9.928322223367818], [-84.10060289997102, 9.928291129287473]]]}}, {"id": "251", "type": "Feature", "properties": {"id": 1495}, "geometry": {"type": "Polygon", "coordinates": [[[-84.09994272748827, 9.928235077219124], [-84.09998814516169, 9.92823994625528], [-84.10005153823184, 9.928276185252706], [-84.10002898221173, 9.928469832301282], [-84.09998183326555, 9.928463767500594], [-84.09992284522119, 9.928422560026402], [-84.09994272748827, 9.928235077219124]]]}}, {"id": "252", "type": "Feature", "properties": {"id": 1496}, "geometry": {"type": "Polygon", "coordinates": [[[-84.10005493850234, 9.928247076121648], [-84.10011649755424, 9.928250222349908], [-84.1001657721336, 9.928252824990178], [-84.10014008866636, 9.928483633787295], [-84.10010425130216, 9.928479242554728], [-84.10003224836214, 9.928439019685664], [-84.10003747255419, 9.928391299444025], [-84.10003939014534, 9.928375382436803], [-84.10005493850234, 9.928247076121648]]]}}, {"id": "253", "type": "Feature", "properties": {"id": 1497}, "geometry": {"type": "Polygon", "coordinates": [[[-84.10033117427584, 9.928278421250782], [-84.10038169819045, 9.928284295551293], [-84.10036912955401, 9.928401645608428], [-84.10035839807493, 9.928501409622104], [-84.1003317097824, 9.928498115682078], [-84.10025603645387, 9.928438868866193], [-84.10026715983538, 9.928340937337502], [-84.10033117427584, 9.928278421250782]]]}}, {"id": "254", "type": "Feature", "properties": {"id": 1498}, "geometry": {"type": "Polygon", "coordinates": [[[-84.10020570617542, 9.928266142096094], [-84.10027431474813, 9.928270519697382], [-84.10025162905839, 9.9284968098168], [-84.10015266514044, 9.928485148428784], [-84.1001433658346, 9.928484052040433], [-84.10014568074288, 9.928448835609206], [-84.10020570617542, 9.928266142096094]]]}}, {"id": "255", "type": "Feature", "properties": {"id": 1500}, "geometry": {"type": "Polygon", "coordinates": [[[-84.0996767764846, 9.928337063612684], [-84.09974714345184, 9.928343463265398], [-84.09977793439762, 9.928347752743898], [-84.09983013357373, 9.928417233411922], [-84.09982370215225, 9.928489105207085], [-84.09966163942758, 9.92847188356369], [-84.0996767764846, 9.928337063612684]]]}}, {"id": "256", "type": "Feature", "properties": {"id": 1000052}, "geometry": {"type": "Polygon", "coordinates": [[[-84.10580994126956, 9.928388764020006], [-84.10590543124341, 9.928399576054074], [-84.10595563768916, 9.92840594852512], [-84.10597603768977, 9.928409003269353], [-84.10597041678697, 9.928460074770285], [-84.10595080892547, 9.928521075992837], [-84.10579597488682, 9.928502215614298], [-84.10580994126956, 9.928388764020006]]]}}, {"id": "257", "type": "Feature", "properties": {"id": 1000053}, "geometry": {"type": "Polygon", "coordinates": [[[-84.09987561541911, 9.928367135908912], [-84.09992349529684, 9.928371552123586], [-84.0999080858232, 9.928505236827489], [-84.09988073245667, 9.928502419748543], [-84.09985345814546, 9.928499545657045], [-84.0998412360765, 9.928498113711631], [-84.09984318053765, 9.928470223108535], [-84.09987561541911, 9.928367135908912]]]}}, {"id": "258", "type": "Feature", "properties": {"id": 1001505}, "geometry": {"type": "Polygon", "coordinates": [[[-84.1010037666188, 9.928374006003137], [-84.10103979781204, 9.928377244981151], [-84.10102196691422, 9.92853564855862], [-84.10092273416666, 9.928525012463034], [-84.10093538013716, 9.928401696167846], [-84.10096571164489, 9.9283771617621], [-84.1010037666188, 9.928374006003137]]]}}, {"id": "259", "type": "Feature", "properties": {"id": 1506}, "geometry": {"type": "Polygon", "coordinates": [[[-84.10193353247286, 9.928424263774518], [-84.10215096647403, 9.92844111748119], [-84.10215075086806, 9.928445760555649], [-84.10214497122921, 9.928564529304886], [-84.1020799490794, 9.928569341367405], [-84.10203279779856, 9.928561941416573], [-84.10193201802284, 9.92854000038006], [-84.10192945256057, 9.928498572143946], [-84.10193353247286, 9.928424263774518]]]}}, {"id": "260", "type": "Feature", "properties": {"id": 1507}, "geometry": {"type": "Polygon", "coordinates": [[[-84.1008693426206, 9.92833322358958], [-84.10092759121122, 9.928339284914257], [-84.10092384914459, 9.928374030141898], [-84.1009061326436, 9.92852125097051], [-84.10083777951253, 9.928525188266265], [-84.10079804438934, 9.928523185123428], [-84.10081561188557, 9.928346835194054], [-84.1008693426206, 9.92833322358958]]]}}, {"id": "261", "type": "Feature", "properties": {"id": 1508}, "geometry": {"type": "Polygon", "coordinates": [[[-84.10143847650761, 9.928476187441827], [-84.10155805733179, 9.928478655473716], [-84.10157224640098, 9.92853127358259], [-84.10157035652989, 9.928573092843404], [-84.10148671096587, 9.92857771216861], [-84.10142506759807, 9.928575959470935], [-84.10142600336782, 9.928535944796582], [-84.10143847650761, 9.928476187441827]]]}}, {"id": "262", "type": "Feature", "properties": {"id": 1509}, "geometry": {"type": "Polygon", "coordinates": [[[-84.10217114337892, 9.928394089927556], [-84.10224745145047, 9.928401975533275], [-84.10223823411735, 9.928589464574227], [-84.10214921214009, 9.928582104674954], [-84.10215436179311, 9.928454447838432], [-84.10217114337892, 9.928394089927556]]]}}, {"id": "263", "type": "Feature", "properties": {"id": 1510}, "geometry": {"type": "Polygon", "coordinates": [[[-84.10228381025762, 9.9283937914217], [-84.10233982468397, 9.928416510591243], [-84.10233265938696, 9.92858202854006], [-84.10223881603467, 9.928577626731576], [-84.10224342424625, 9.928483882663532], [-84.10224782116863, 9.928394453756702], [-84.10228381025762, 9.9283937914217]]]}}, {"id": "264", "type": "Feature", "properties": {"id": 1512}, "geometry": {"type": "Polygon", "coordinates": [[[-84.10245014195057, 9.928467013005342], [-84.10251671064613, 9.92847054424942], [-84.1025089172938, 9.928606181259408], [-84.1024064936137, 9.928600238679168], [-84.10241293282911, 9.928485404753316], [-84.10245014195057, 9.928467013005342]]]}}, {"id": "265", "type": "Feature", "properties": {"id": 1488}, "geometry": {"type": "Polygon", "coordinates": [[[-84.10105346795726, 9.928358263051487], [-84.10118475645004, 9.928373026734189], [-84.10116244029231, 9.928553601891373], [-84.10109101523295, 9.928584125546182], [-84.10105346108439, 9.928579416114445], [-84.10103107508938, 9.928539034427166], [-84.10105346795726, 9.928358263051487]]]}}, {"id": "266", "type": "Feature", "properties": {"id": 1000054}, "geometry": {"type": "Polygon", "coordinates": [[[-84.1058264149683, 9.92850577013418], [-84.10595704291485, 9.928521074178724], [-84.10594589802145, 9.92861219142726], [-84.10581707527506, 9.928595825745658], [-84.10582348107825, 9.92853385696659], [-84.1058264149683, 9.92850577013418]]]}}, {"id": "267", "type": "Feature", "properties": {"id": 1516}, "geometry": {"type": "Polygon", "coordinates": [[[-84.10251655528864, 9.928473241950593], [-84.10259203023175, 9.928476808041076], [-84.102605452974, 9.928503352794289], [-84.10259774956891, 9.928629520275901], [-84.10254595970628, 9.928626604649365], [-84.10250805067545, 9.928620283339754], [-84.10251655528864, 9.928473241950593]]]}}, {"id": "268", "type": "Feature", "properties": {"id": 1000055}, "geometry": {"type": "Polygon", "coordinates": [[[-84.10368381317974, 9.928601620812753], [-84.10372494755318, 9.928605686340259], [-84.10371715998185, 9.928694089614906], [-84.10367403673074, 9.928690162418514], [-84.10368381317974, 9.928601620812753]]]}}, {"id": "269", "type": "Feature", "properties": {"id": 1518}, "geometry": {"type": "Polygon", "coordinates": [[[-84.10118771457388, 9.928349090480792], [-84.10129606447951, 9.9283607052637], [-84.10130033596305, 9.928454738684005], [-84.10130052358814, 9.92853353891985], [-84.10128968116116, 9.928610277021244], [-84.10115760879933, 9.928592696701784], [-84.10118771457388, 9.928349090480792]]]}}, {"id": "270", "type": "Feature", "properties": {"id": 1519}, "geometry": {"type": "Polygon", "coordinates": [[[-84.10260892474578, 9.928454196498699], [-84.1027013521319, 9.928459868040825], [-84.10268953354813, 9.928660162965672], [-84.10259660673597, 9.928655006584352], [-84.102605452974, 9.928503352794289], [-84.10260892474578, 9.928454196498699]]]}}, {"id": "271", "type": "Feature", "properties": {"id": 1000056}, "geometry": {"type": "Polygon", "coordinates": [[[-84.10317298454882, 9.928552927926294], [-84.10325902261488, 9.928561134901514], [-84.10326193395359, 9.928639880619563], [-84.1032616157057, 9.928646262640642], [-84.10317897390536, 9.92864192163379], [-84.10317298454882, 9.928552927926294]]]}}, {"id": "272", "type": "Feature", "properties": {"id": 1000057}, "geometry": {"type": "Polygon", "coordinates": [[[-84.10292393546014, 9.928543523275827], [-84.10302428098497, 9.92855059721543], [-84.1030225565618, 9.928651861803186], [-84.1029283469285, 9.92864860681207], [-84.10292393546014, 9.928543523275827]]]}}, {"id": "273", "type": "Feature", "properties": {"id": 1523}, "geometry": {"type": "Polygon", "coordinates": [[[-84.10408638901997, 9.928541203577213], [-84.10420523744293, 9.928554866483077], [-84.10424738622972, 9.928604222036835], [-84.10424402105278, 9.928632976282247], [-84.10410895192051, 9.928614120834188], [-84.10405806156044, 9.92860690317099], [-84.10406429802873, 9.928558045736914], [-84.10408638901997, 9.928541203577213]]]}}, {"id": "274", "type": "Feature", "properties": {"id": 1000058}, "geometry": {"type": "Polygon", "coordinates": [[[-84.10325902261488, 9.928561134901518], [-84.10333857077507, 9.928562627412127], [-84.10333931826814, 9.928567633129992], [-84.1033413686779, 9.928645914135409], [-84.10326193395359, 9.928639880619563], [-84.10326021247401, 9.92859738338388], [-84.10325902261488, 9.928561134901518]]]}}, {"id": "275", "type": "Feature", "properties": {"id": 1525}, "geometry": {"type": "Polygon", "coordinates": [[[-84.10269567871158, 9.928555837050657], [-84.10278809750662, 9.928558448382418], [-84.10278279429593, 9.928652551163767], [-84.10274240827964, 9.928651201705609], [-84.10269187538366, 9.928620474821402], [-84.10269377910986, 9.928583945017278], [-84.10269567871158, 9.928555837050657]]]}}, {"id": "276", "type": "Feature", "properties": {"id": 1000059}, "geometry": {"type": "Polygon", "coordinates": [[[-84.10334040607863, 9.928567148476894], [-84.10342458332813, 9.92857408469564], [-84.10342619540663, 9.928651956280113], [-84.10334138010313, 9.928647012407882], [-84.10334040607863, 9.928567148476894]]]}}, {"id": "277", "type": "Feature", "properties": {"id": 1528}, "geometry": {"type": "Polygon", "coordinates": [[[-84.09969885176945, 9.928486228693064], [-84.09978083377318, 9.928496527891156], [-84.0998383428435, 9.928504056948178], [-84.09983613318309, 9.928537858428015], [-84.09982529067746, 9.928631233396294], [-84.09978451403181, 9.928627356002035], [-84.09975551150856, 9.928624471255288], [-84.09967799141312, 9.92861653752169], [-84.09964491534758, 9.928581987564405], [-84.09964827934606, 9.92852014940253], [-84.09969885176945, 9.928486228693064]]]}}, {"id": "278", "type": "Feature", "properties": {"id": 1000060}, "geometry": {"type": "Polygon", "coordinates": [[[-84.10342458332813, 9.928574084695647], [-84.10350958138469, 9.928581111057895], [-84.10350741933797, 9.928665834196659], [-84.10342634282763, 9.928659077877374], [-84.10342458332813, 9.928574084695647]]]}}, {"id": "279", "type": "Feature", "properties": {"id": 1530}, "geometry": {"type": "Polygon", "coordinates": [[[-84.10141361433509, 9.928575734450911], [-84.10142934829535, 9.928576079435425], [-84.10148671096587, 9.92857771216861], [-84.10156988452147, 9.92858010561039], [-84.10156934011067, 9.928619235199115], [-84.10155230781332, 9.928663260043955], [-84.10141181573604, 9.928656463927256], [-84.10141361433509, 9.928575734450911]]]}}, {"id": "280", "type": "Feature", "properties": {"id": 1000061}, "geometry": {"type": "Polygon", "coordinates": [[[-84.09985345814546, 9.928499545657045], [-84.0999080858232, 9.928505236827489], [-84.0999137370454, 9.928505861399705], [-84.09990068792912, 9.928597632528193], [-84.09989478514439, 9.92863826530574], [-84.09982529067746, 9.928631233396294], [-84.09983613318309, 9.928537858428015], [-84.09985345814546, 9.928499545657045]]]}}, {"id": "281", "type": "Feature", "properties": {"id": 1000062}, "geometry": {"type": "Polygon", "coordinates": [[[-84.10350958138466, 9.928581111057905], [-84.10357691221512, 9.928587328461713], [-84.1035714081505, 9.928665399961492], [-84.10350756835062, 9.928659994603734], [-84.10350958138466, 9.928581111057905]]]}}, {"id": "282", "type": "Feature", "properties": {"id": 1000063}, "geometry": {"type": "Polygon", "coordinates": [[[-84.10357691221512, 9.928587328461713], [-84.10368381317974, 9.928601620812753], [-84.10367476188375, 9.92868359505079], [-84.10357085140294, 9.928673297054809], [-84.10357691221512, 9.928587328461713]]]}}, {"id": "283", "type": "Feature", "properties": {"id": 1534}, "geometry": {"type": "Polygon", "coordinates": [[[-84.1010399917351, 9.928578149000764], [-84.10105346108439, 9.928579416114445], [-84.10109101523295, 9.928584125546182], [-84.10115760879933, 9.928592696701784], [-84.10127110434439, 9.92860780423414], [-84.101265676117, 9.9286556342411], [-84.10103471686304, 9.928625530079957], [-84.1010399917351, 9.928578149000764]]]}}, {"id": "284", "type": "Feature", "properties": {"id": 1535}, "geometry": {"type": "Polygon", "coordinates": [[[-84.10283343743656, 9.92850704476741], [-84.10288067762616, 9.928510019479189], [-84.10286886886111, 9.928675507440785], [-84.10282363973943, 9.928672782903629], [-84.10278188517407, 9.92865792420042], [-84.10278783244709, 9.928563151866205], [-84.10283343743656, 9.92850704476741]]]}}, {"id": "285", "type": "Feature", "properties": {"id": 1536}, "geometry": {"type": "Polygon", "coordinates": [[[-84.10372494755318, 9.92860568634026], [-84.1038664675182, 9.92862329796261], [-84.10384176970848, 9.928711803813142], [-84.10371674819766, 9.928698764032497], [-84.10372494755318, 9.92860568634026]]]}}, {"id": "286", "type": "Feature", "properties": {"id": 1537}, "geometry": {"type": "Polygon", "coordinates": [[[-84.0989623965918, 9.928519760341334], [-84.09923555729405, 9.928545525956459], [-84.09922252883476, 9.928663636514095], [-84.09895109930268, 9.928634505693301], [-84.0989623965918, 9.928519760341334]]]}}, {"id": "287", "type": "Feature", "properties": {"id": 1538}, "geometry": {"type": "Polygon", "coordinates": [[[-84.10166873266948, 9.928456606502461], [-84.10178428055585, 9.928459826417553], [-84.1018164143095, 9.928564159998674], [-84.10166855925428, 9.928734835274982], [-84.10165756849341, 9.928733314067753], [-84.10166873266948, 9.928456606502461]]]}}, {"id": "288", "type": "Feature", "properties": {"id": 1000064}, "geometry": {"type": "Polygon", "coordinates": [[[-84.10582080077198, 9.928596393694338], [-84.10591657252907, 9.928607072784535], [-84.10594005130186, 9.928630936494892], [-84.10593359171574, 9.928678770113795], [-84.1059040836717, 9.928697795451516], [-84.10581100387473, 9.928686099734215], [-84.10582080077198, 9.928596393694338]]]}}, {"id": "289", "type": "Feature", "properties": {"id": 1540}, "geometry": {"type": "Polygon", "coordinates": [[[-84.10029039311559, 9.928493016272574], [-84.10036994492035, 9.928502834767915], [-84.10040815805465, 9.928507705909974], [-84.10039332333844, 9.928681933957336], [-84.10027504416543, 9.928669522690896], [-84.10029039311559, 9.928493016272574]]]}}, {"id": "290", "type": "Feature", "properties": {"id": 1541}, "geometry": {"type": "Polygon", "coordinates": [[[-84.1041134837159, 9.928618587293936], [-84.10418062571912, 9.92862405166451], [-84.10420362027392, 9.92866455214464], [-84.10419925352815, 9.928698370157617], [-84.10415958107761, 9.928693228646791], [-84.10403088936923, 9.92867645246749], [-84.10403168988928, 9.928650280243387], [-84.10406250794244, 9.928618587293931], [-84.1041134837159, 9.928618587293936]]]}}, {"id": "291", "type": "Feature", "properties": {"id": 1543}, "geometry": {"type": "Polygon", "coordinates": [[[-84.10048263336624, 9.928515927248664], [-84.10058325560416, 9.928525025783825], [-84.10057056733835, 9.92867460354539], [-84.10056819510739, 9.928702455686814], [-84.10046468592245, 9.928694621188656], [-84.10046860462431, 9.92863998810778], [-84.10047556213642, 9.92857265513645], [-84.10048263336624, 9.928515927248664]]]}}, {"id": "292", "type": "Feature", "properties": {"id": 1544}, "geometry": {"type": "Polygon", "coordinates": [[[-84.10485259758853, 9.92853460807802], [-84.10491054772035, 9.928539558412794], [-84.10490315291499, 9.92863506406381], [-84.10487719418956, 9.928736883837606], [-84.10482922305992, 9.928732649198178], [-84.10485259758853, 9.92853460807802]]]}}, {"id": "293", "type": "Feature", "properties": {"id": 1000065}, "geometry": {"type": "Polygon", "coordinates": [[[-84.1032239404692, 9.928690534778253], [-84.10326215303908, 9.928693416379534], [-84.10325797410195, 9.92874767441004], [-84.10321977885188, 9.92874478828207], [-84.1032239404692, 9.928690534778253]]]}}, {"id": "294", "type": "Feature", "properties": {"id": 1000066}, "geometry": {"type": "Polygon", "coordinates": [[[-84.10329299327915, 9.928656025182022], [-84.1033952509854, 9.928663022696087], [-84.10348944441677, 9.928694754110069], [-84.1034820779105, 9.92875976754865], [-84.10336151317517, 9.928753746786848], [-84.10328289831915, 9.928744910038185], [-84.10329299327915, 9.928656025182022]]]}}, {"id": "295", "type": "Feature", "properties": {"id": 1548}, "geometry": {"type": "Polygon", "coordinates": [[[-84.10399155666487, 9.928671799699426], [-84.10403784578969, 9.928677275364604], [-84.10419279365178, 9.928697501724798], [-84.10419042971847, 9.928720197594208], [-84.10414894916764, 9.928765058272468], [-84.10396924412939, 9.928740317006774], [-84.10399155666487, 9.928671799699426]]]}}, {"id": "296", "type": "Feature", "properties": {"id": 1549}, "geometry": {"type": "Polygon", "coordinates": [[[-84.10175334549507, 9.928666844222157], [-84.10187154274614, 9.928684801574317], [-84.10185451948915, 9.92878363457718], [-84.10182907423462, 9.928779754318755], [-84.10172063548305, 9.928763150265434], [-84.101734562971, 9.928680141511917], [-84.10173966713513, 9.92867082681563], [-84.10175334549507, 9.928666844222157]]]}}, {"id": "297", "type": "Feature", "properties": {"id": 1000067}, "geometry": {"type": "Polygon", "coordinates": [[[-84.10352540782183, 9.928682194104493], [-84.10363885215963, 9.928700765344162], [-84.10362110184803, 9.928775975780956], [-84.10349121865285, 9.928748100145581], [-84.10349913906192, 9.928704425385515], [-84.10352540782183, 9.928682194104493]]]}}, {"id": "298", "type": "Feature", "properties": {"id": 1000068}, "geometry": {"type": "Polygon", "coordinates": [[[-84.10574609004165, 9.928678558220847], [-84.10581100387473, 9.928686099734215], [-84.1059040836717, 9.928697795451516], [-84.10592671160339, 9.928700815505454], [-84.10591709466087, 9.928795744959487], [-84.10576419080249, 9.928779397741653], [-84.10573531696181, 9.928775836859614], [-84.10574468256429, 9.928690915197363], [-84.10574609004165, 9.928678558220847]]]}}, {"id": "299", "type": "Feature", "properties": {"id": 1000069}, "geometry": {"type": "Polygon", "coordinates": [[[-84.10557484335972, 9.928443446369732], [-84.10577142585647, 9.928469299901787], [-84.10573338887265, 9.928793390047646], [-84.10553547414457, 9.928772429160324], [-84.10555835016878, 9.928579112185263], [-84.10557484335972, 9.928443446369732]]]}}, {"id": "300", "type": "Feature", "properties": {"id": 1554}, "geometry": {"type": "Polygon", "coordinates": [[[-84.10366610906992, 9.928694525442685], [-84.10371674819766, 9.928698764032497], [-84.1037967717868, 9.92870674751782], [-84.10378079255872, 9.928807635660146], [-84.10362600479395, 9.928791205331532], [-84.10362959614017, 9.928751489769128], [-84.10366610906992, 9.928694525442685]]]}}, {"id": "301", "type": "Feature", "properties": {"id": 1556}, "geometry": {"type": "Polygon", "coordinates": [[[-84.10188745898614, 9.928648426645701], [-84.10197638045214, 9.928661691102397], [-84.10194447968026, 9.92884405849568], [-84.10190220035365, 9.928837397571508], [-84.10186415828679, 9.928796178166351], [-84.10188745898614, 9.928648426645701]]]}}, {"id": "302", "type": "Feature", "properties": {"id": 1559}, "geometry": {"type": "Polygon", "coordinates": [[[-84.10100837264284, 9.9286711705485], [-84.10125987564173, 9.928707496170839], [-84.10125202269046, 9.928806121716226], [-84.10106211478215, 9.928832657613269], [-84.1009970319614, 9.928823605842714], [-84.10099854632121, 9.92874594901371], [-84.10100837264284, 9.9286711705485]]]}}, {"id": "303", "type": "Feature", "properties": {"id": 1000070}, "geometry": {"type": "Polygon", "coordinates": [[[-84.10576419080249, 9.928779397741653], [-84.1057948873632, 9.928782538932802], [-84.10592072884864, 9.928796041309349], [-84.1059170080539, 9.92883736211647], [-84.10587806565015, 9.92883446555082], [-84.10576087056114, 9.928822238982871], [-84.10576419080249, 9.928779397741653]]]}}, {"id": "304", "type": "Feature", "properties": {"id": 1561}, "geometry": {"type": "Polygon", "coordinates": [[[-84.1040584837528, 9.928752208088191], [-84.10407781206709, 9.928754953516679], [-84.10414894916764, 9.928765058272472], [-84.1042363201378, 9.92877750884167], [-84.10422940715407, 9.928834294037765], [-84.1040494674591, 9.928811022030617], [-84.1040584837528, 9.928752208088191]]]}}, {"id": "305", "type": "Feature", "properties": {"id": 1562}, "geometry": {"type": "Polygon", "coordinates": [[[-84.1014095901819, 9.928702469087849], [-84.10158430438536, 9.928726626193342], [-84.1015711691132, 9.928836872365725], [-84.10155114606061, 9.928851051741427], [-84.10147449051335, 9.928854555290357], [-84.10140362711745, 9.928844630721036], [-84.1014095901819, 9.928702469087849]]]}}, {"id": "306", "type": "Feature", "properties": {"id": 1563}, "geometry": {"type": "Polygon", "coordinates": [[[-84.10229474815073, 9.928733006995445], [-84.10236116063753, 9.928743734195956], [-84.10234266706375, 9.928867081599039], [-84.10228255947925, 9.928888731488874], [-84.10224516262575, 9.928883863171206], [-84.1022690527982, 9.928740704795961], [-84.10229474815073, 9.928733006995445]]]}}, {"id": "307", "type": "Feature", "properties": {"id": 1566}, "geometry": {"type": "Polygon", "coordinates": [[[-84.10071994334535, 9.928613061896524], [-84.10084433969111, 9.928623693815698], [-84.10082825704126, 9.928816833360777], [-84.10077418443342, 9.928840991504195], [-84.10070277423634, 9.928832242396524], [-84.10071994334535, 9.928613061896524]]]}}, {"id": "308", "type": "Feature", "properties": {"id": 1001566}, "geometry": {"type": "Polygon", "coordinates": [[[-84.10072676733814, 9.928545757244192], [-84.10087418865018, 9.928560173108288], [-84.10086776350825, 9.928618188164707], [-84.10072141305322, 9.92860553033509], [-84.10072676733814, 9.928545757244192]]]}}, {"id": "309", "type": "Feature", "properties": {"id": 1567}, "geometry": {"type": "Polygon", "coordinates": [[[-84.10217568094143, 9.928689842493299], [-84.10227481756691, 9.928706449245746], [-84.1022690527982, 9.928740704795961], [-84.10225569966761, 9.928819187930397], [-84.1022494183918, 9.928855628652272], [-84.10221414806155, 9.928851866511595], [-84.10215355697419, 9.928822564659473], [-84.10217568094143, 9.928689842493299]]]}}, {"id": "310", "type": "Feature", "properties": {"id": 1568}, "geometry": {"type": "Polygon", "coordinates": [[[-84.10058254667042, 9.928533368297177], [-84.10064851005228, 9.928540656998358], [-84.10071994334535, 9.92861306189652], [-84.10071812317979, 9.92863729379654], [-84.10070555290694, 9.928796968163942], [-84.10066664113985, 9.928836237755936], [-84.10061190016704, 9.92883282721821], [-84.10056112716366, 9.928786622611462], [-84.10056303530574, 9.92876374606471], [-84.10056757862145, 9.928709674216774], [-84.10057471899836, 9.928625037298241], [-84.10058254667042, 9.928533368297177]]]}}, {"id": "311", "type": "Feature", "properties": {"id": 1572}, "geometry": {"type": "Polygon", "coordinates": [[[-84.10031790000775, 9.9286715584329], [-84.10039332333845, 9.928681933957336], [-84.10056757862145, 9.928709674216774], [-84.10056333904548, 9.928760185586322], [-84.10055541774715, 9.928802232741344], [-84.10050335594299, 9.928841038092333], [-84.10048226254757, 9.928854997674417], [-84.10031864784891, 9.928833165455588], [-84.10026457812675, 9.928765067538865], [-84.10027121902928, 9.928710995065268], [-84.10031790000775, 9.9286715584329]]]}}, {"id": "312", "type": "Feature", "properties": {"id": 1573}, "geometry": {"type": "Polygon", "coordinates": [[[-84.1020720886406, 9.928682097018864], [-84.10215621808142, 9.928693811187577], [-84.10215280410922, 9.928822007131586], [-84.10214093517908, 9.928888078717431], [-84.10208448217242, 9.92888212831844], [-84.10204298595193, 9.928877529627147], [-84.10205286905779, 9.928810966518313], [-84.1020720886406, 9.928682097018864]]]}}, {"id": "313", "type": "Feature", "properties": {"id": 1576}, "geometry": {"type": "Polygon", "coordinates": [[[-84.10256340236464, 9.928757166783699], [-84.10265446606802, 9.928774479895962], [-84.10264028696153, 9.928899395893362], [-84.10257918979926, 9.928889149006226], [-84.10254573005119, 9.928868111589304], [-84.10256340236464, 9.928757166783699]]]}}, {"id": "314", "type": "Feature", "properties": {"id": 1577}, "geometry": {"type": "Polygon", "coordinates": [[[-84.10247036889339, 9.928748211726502], [-84.10256238616131, 9.928765980734433], [-84.10253734087217, 9.928919551800714], [-84.1024464326333, 9.928904191595256], [-84.10247036889339, 9.928748211726502]]]}}, {"id": "315", "type": "Feature", "properties": {"id": 1578}, "geometry": {"type": "Polygon", "coordinates": [[[-84.10401947896258, 9.928821154827597], [-84.1041101243531, 9.928832300447619], [-84.1041135286917, 9.928847389662211], [-84.10410563193801, 9.928907380504462], [-84.10407635618915, 9.928902959096828], [-84.10398634006803, 9.928889243445198], [-84.10399252426019, 9.928834809370812], [-84.10401947896258, 9.928821154827597]]]}}, {"id": "316", "type": "Feature", "properties": {"id": 1580}, "geometry": {"type": "Polygon", "coordinates": [[[-84.10367918842103, 9.928837323873788], [-84.10379182466437, 9.928851937657424], [-84.1037732334398, 9.928908870748048], [-84.10371925583854, 9.928905547885078], [-84.10367356990805, 9.928901561602792], [-84.10367918842103, 9.928837323873788]]]}}, {"id": "317", "type": "Feature", "properties": {"id": 1582}, "geometry": {"type": "Polygon", "coordinates": [[[-84.10140362711745, 9.928844630721038], [-84.10149915854434, 9.928857156368675], [-84.1015031502678, 9.928951470594868], [-84.10149396668461, 9.92902010631167], [-84.10139060450497, 9.929004445047346], [-84.10140362711745, 9.928844630721038]]]}}, {"id": "318", "type": "Feature", "properties": {"id": 1586}, "geometry": {"type": "Polygon", "coordinates": [[[-84.10265446606802, 9.928774479895962], [-84.102720528921, 9.928779405177735], [-84.10276446980944, 9.928843135332155], [-84.10274871169771, 9.928959401787996], [-84.10268765128095, 9.928945657310159], [-84.1026377988344, 9.92892119356059], [-84.10265446606802, 9.928774479895962]]]}}, {"id": "319", "type": "Feature", "properties": {"id": 1587}, "geometry": {"type": "Polygon", "coordinates": [[[-84.10109375731737, 9.928837260593086], [-84.10113671317893, 9.92884348649997], [-84.10124186775631, 9.92885877052457], [-84.10124903321463, 9.92890602180387], [-84.10124517193192, 9.928940492053796], [-84.10108548464825, 9.928922708919995], [-84.10109375731737, 9.928837260593086]]]}}, {"id": "320", "type": "Feature", "properties": {"id": 1588}, "geometry": {"type": "Polygon", "coordinates": [[[-84.09897555921104, 9.928811527661093], [-84.0990703300545, 9.92881803237505], [-84.09909942166932, 9.928821724239675], [-84.09908621443311, 9.928937402643472], [-84.09893629445476, 9.928920525553679], [-84.0989470030247, 9.928818911390438], [-84.09897555921104, 9.928811527661093]]]}}, {"id": "321", "type": "Feature", "properties": {"id": 1000071}, "geometry": {"type": "Polygon", "coordinates": [[[-84.10575918617464, 9.928871856125463], [-84.10590502191049, 9.928888139472948], [-84.10590283938379, 9.928918197331457], [-84.1058972499046, 9.928980069843306], [-84.1057510482828, 9.928961653292111], [-84.10575227819784, 9.928935695833133], [-84.10575918617464, 9.928871856125463]]]}}, {"id": "322", "type": "Feature", "properties": {"id": 1000072}, "geometry": {"type": "Polygon", "coordinates": [[[-84.10338754971382, 9.92887027101609], [-84.10338499788804, 9.928907459383463], [-84.10337837157176, 9.92898513517892], [-84.1033204185321, 9.928979822905386], [-84.10332807799405, 9.928871241147078], [-84.10335966997766, 9.928870271016088], [-84.10338754971382, 9.92887027101609]]]}}, {"id": "323", "type": "Feature", "properties": {"id": 1595}, "geometry": {"type": "Polygon", "coordinates": [[[-84.10282977506084, 9.92883918018241], [-84.10293546493754, 9.928854597988], [-84.10292442823233, 9.928974974005316], [-84.10279325866739, 9.928962536056444], [-84.10275606043247, 9.928930409803353], [-84.1027667603795, 9.928843504777934], [-84.10282977506084, 9.92883918018241]]]}}, {"id": "324", "type": "Feature", "properties": {"id": 1596}, "geometry": {"type": "Polygon", "coordinates": [[[-84.10194120222535, 9.928868528342118], [-84.10200695703556, 9.928876382860517], [-84.10200359196908, 9.928906131692335], [-84.10200351193323, 9.928906833367114], [-84.10199458768223, 9.928984256334724], [-84.10192655225964, 9.928977224417048], [-84.10194120222535, 9.928868528342118]]]}}, {"id": "325", "type": "Feature", "properties": {"id": 1000073}, "geometry": {"type": "Polygon", "coordinates": [[[-84.10338499788804, 9.928907459383463], [-84.10344692206304, 9.92891294705593], [-84.10344091803451, 9.928990762501925], [-84.10337837157176, 9.92898513517892], [-84.10338499788804, 9.928907459383463]]]}}, {"id": "326", "type": "Feature", "properties": {"id": 1000074}, "geometry": {"type": "Polygon", "coordinates": [[[-84.10344816319946, 9.928901385236097], [-84.10350698071385, 9.928906493777578], [-84.10349808385865, 9.928996131877172], [-84.10344091803451, 9.928990762501925], [-84.10344816319946, 9.928901385236097]]]}}, {"id": "327", "type": "Feature", "properties": {"id": 1000075}, "geometry": {"type": "Polygon", "coordinates": [[[-84.10350713223285, 9.928900075988162], [-84.10357144483848, 9.928905728446653], [-84.10356183897623, 9.928993935284756], [-84.10352543516625, 9.92899152492439], [-84.1034989027306, 9.928979031003875], [-84.10350713223285, 9.928900075988162]]]}}, {"id": "328", "type": "Feature", "properties": {"id": 1600}, "geometry": {"type": "Polygon", "coordinates": [[[-84.10359948874056, 9.928897024242454], [-84.10367356990805, 9.928901561602792], [-84.10371925583854, 9.928905547885078], [-84.10370434079177, 9.929010604163786], [-84.10360071813409, 9.929002368955366], [-84.10358454385302, 9.929000860791877], [-84.10356535295209, 9.928987130244195], [-84.10356566557633, 9.928972823755778], [-84.10359948874056, 9.928897024242454]]]}}, {"id": "329", "type": "Feature", "properties": {"id": 1603}, "geometry": {"type": "Polygon", "coordinates": [[[-84.10164102880532, 9.928896194873916], [-84.1017181902835, 9.928904061010346], [-84.10170592438375, 9.92902699716231], [-84.10165902903874, 9.929022175675804], [-84.10163674261315, 9.929001877827588], [-84.10164102880532, 9.928896194873916]]]}}, {"id": "330", "type": "Feature", "properties": {"id": 1604}, "geometry": {"type": "Polygon", "coordinates": [[[-84.10151761953063, 9.928849744975716], [-84.10156915427284, 9.928851615877285], [-84.10156393702694, 9.928901611229751], [-84.10154763285722, 9.929027463757777], [-84.10149396668461, 9.92902010631167], [-84.1015031502678, 9.928951470594868], [-84.10151761953063, 9.928849744975716]]]}}, {"id": "331", "type": "Feature", "properties": {"id": 1609}, "geometry": {"type": "Polygon", "coordinates": [[[-84.09995790450405, 9.928923724389179], [-84.09998517333852, 9.92892642879898], [-84.10009899212781, 9.928941133006639], [-84.1000907034412, 9.929025749462197], [-84.10002340990344, 9.929017107479934], [-84.09994917502863, 9.929007454868618], [-84.09995790450405, 9.928923724389179]]]}}, {"id": "332", "type": "Feature", "properties": {"id": 1610}, "geometry": {"type": "Polygon", "coordinates": [[[-84.09966981140518, 9.928889371287168], [-84.09970562802953, 9.928891008720276], [-84.09980184917632, 9.928898725299415], [-84.09986450436523, 9.928907296377298], [-84.09985083450684, 9.929023787973183], [-84.09959321324843, 9.928995114350236], [-84.09960645234841, 9.928897278819917], [-84.09966981140518, 9.928889371287168]]]}}, {"id": "333", "type": "Feature", "properties": {"id": 1616}, "geometry": {"type": "Polygon", "coordinates": [[[-84.10172027879688, 9.928885527952014], [-84.10174721439292, 9.92888701849263], [-84.10177167788343, 9.928906963380362], [-84.10175629810207, 9.929057157830377], [-84.10170320464447, 9.929050449692381], [-84.1017181902835, 9.928904061010346], [-84.10172027879688, 9.928885527952014]]]}}, {"id": "334", "type": "Feature", "properties": {"id": 1000076}, "geometry": {"type": "Polygon", "coordinates": [[[-84.10327419534, 9.928844937501946], [-84.10333838137478, 9.928847659500889], [-84.1035625356979, 9.929001919280406], [-84.1035557489355, 9.929078249722641], [-84.1033124618099, 9.929052930530776], [-84.10326009133681, 9.929047058939178], [-84.10327419534, 9.928844937501946]]]}}, {"id": "335", "type": "Feature", "properties": {"id": 1618}, "geometry": {"type": "Polygon", "coordinates": [[[-84.1017957676542, 9.928903349340509], [-84.10182735736473, 9.928906247478576], [-84.1018237617388, 9.928944215538207], [-84.1018099361404, 9.929063981683763], [-84.10175629810207, 9.929057157830377], [-84.10176368313753, 9.928984736556682], [-84.10178332046418, 9.92892237523405], [-84.1017957676542, 9.928903349340509]]]}}, {"id": "336", "type": "Feature", "properties": {"id": 1000077}, "geometry": {"type": "Polygon", "coordinates": [[[-84.1057100078762, 9.928956693235875], [-84.1057510482828, 9.928961653292111], [-84.10585684137197, 9.928974549703534], [-84.10588907407079, 9.92898456524915], [-84.1058819129947, 9.929050965658975], [-84.1058453073841, 9.929064351027028], [-84.10574104558295, 9.929051804048916], [-84.10569881954123, 9.929046663528776], [-84.1057100078762, 9.928956693235875]]]}}, {"id": "337", "type": "Feature", "properties": {"id": 1621}, "geometry": {"type": "Polygon", "coordinates": [[[-84.1018589471801, 9.928891420518694], [-84.10191450603625, 9.928897128065206], [-84.10192255877226, 9.928958718685344], [-84.10190760053912, 9.929076370952192], [-84.10183500455715, 9.9290671703539], [-84.1018589471801, 9.928891420518694]]]}}, {"id": "338", "type": "Feature", "properties": {"id": 1622}, "geometry": {"type": "Polygon", "coordinates": [[[-84.10192333535892, 9.928997598730744], [-84.10196419374455, 9.929003915589599], [-84.10197978925271, 9.929006352141045], [-84.1019755131348, 9.92903908507269], [-84.10196175139328, 9.929068294562393], [-84.10195126621856, 9.929076435457992], [-84.10191341778673, 9.929071564381696], [-84.10192333535892, 9.928997598730744]]]}}, {"id": "339", "type": "Feature", "properties": {"id": 1627}, "geometry": {"type": "Polygon", "coordinates": [[[-84.10200695703554, 9.92887638286052], [-84.10202418298462, 9.928878298099777], [-84.10204561536953, 9.928881546636358], [-84.10208218724328, 9.928887141438711], [-84.10205601784627, 9.929057456048401], [-84.10198604228526, 9.929048177764447], [-84.10200695703554, 9.92887638286052]]]}}, {"id": "340", "type": "Feature", "properties": {"id": 1628}, "geometry": {"type": "Polygon", "coordinates": [[[-84.10207536067303, 9.928929730806335], [-84.102136655354, 9.92893632324683], [-84.10210996613633, 9.92910247681794], [-84.10205032067901, 9.929094899849401], [-84.10207536067303, 9.928929730806335]]]}}, {"id": "341", "type": "Feature", "properties": {"id": 1630}, "geometry": {"type": "Polygon", "coordinates": [[[-84.10213827048939, 9.928925285155357], [-84.1021699178078, 9.928928254784934], [-84.10214070651183, 9.92910255033979], [-84.10211078850003, 9.929097357245015], [-84.10213827048939, 9.928925285155357]]]}}, {"id": "342", "type": "Feature", "properties": {"id": 1632}, "geometry": {"type": "Polygon", "coordinates": [[[-84.1021699178078, 9.928928254784934], [-84.10221101879532, 9.92893627599326], [-84.10218940433818, 9.92912140496461], [-84.1021388075226, 9.929114813541824], [-84.10214070651183, 9.92910255033979], [-84.1021699178078, 9.928928254784934]]]}}, {"id": "343", "type": "Feature", "properties": {"id": 1633}, "geometry": {"type": "Polygon", "coordinates": [[[-84.09894147026355, 9.928926327053388], [-84.09910910456267, 9.928944570980752], [-84.0991327967121, 9.929013349536804], [-84.09912834356267, 9.929077506745521], [-84.09902674603488, 9.929065511153622], [-84.09893985917651, 9.929055247218662], [-84.09890178199493, 9.92905074839526], [-84.09890274093584, 9.928994538618104], [-84.09894147026355, 9.928926327053388]]]}}, {"id": "344", "type": "Feature", "properties": {"id": 1634}, "geometry": {"type": "Polygon", "coordinates": [[[-84.10356272039165, 9.928998587964037], [-84.1037310631924, 9.929012547382973], [-84.10371726104033, 9.9291132821489], [-84.10355499747773, 9.929084369750784], [-84.10356272039165, 9.928998587964037]]]}}, {"id": "345", "type": "Feature", "properties": {"id": 1635}, "geometry": {"type": "Polygon", "coordinates": [[[-84.10220868542618, 9.928953923877305], [-84.10231982708223, 9.928970694637918], [-84.10230248306482, 9.929119994314915], [-84.1021909736055, 9.929107133458622], [-84.10220868542618, 9.928953923877305]]]}}, {"id": "346", "type": "Feature", "properties": {"id": 1636}, "geometry": {"type": "Polygon", "coordinates": [[[-84.09986450436523, 9.928907296377298], [-84.0999585888955, 9.928917149039552], [-84.0999409100624, 9.929087285186801], [-84.09984522894219, 9.929078176876798], [-84.09985083450684, 9.929023787973183], [-84.09986450436523, 9.928907296377298]]]}}, {"id": "347", "type": "Feature", "properties": {"id": 1637}, "geometry": {"type": "Polygon", "coordinates": [[[-84.1023558275485, 9.928957863259443], [-84.1023723415593, 9.928960371698887], [-84.10242727584408, 9.929013077063937], [-84.102407933488, 9.929147456536237], [-84.10232835350857, 9.9291371914396], [-84.10232866930254, 9.929130503573877], [-84.1023558275485, 9.928957863259443]]]}}, {"id": "348", "type": "Feature", "properties": {"id": 1638}, "geometry": {"type": "Polygon", "coordinates": [[[-84.09997024244824, 9.929010161133949], [-84.10001082687796, 9.92901539328684], [-84.10009070344117, 9.929025749462191], [-84.10008180925968, 9.929116550748764], [-84.10005198646833, 9.929112490828565], [-84.09996626643806, 9.929100724953543], [-84.0999416304612, 9.929080040868119], [-84.09994644711139, 9.92903376757396], [-84.09997024244824, 9.929010161133949]]]}}, {"id": "349", "type": "Feature", "properties": {"id": 1640}, "geometry": {"type": "Polygon", "coordinates": [[[-84.10243070432543, 9.929035763940158], [-84.10248917138362, 9.929045816512206], [-84.10247685543443, 9.92915235578678], [-84.10241392957367, 9.929142673987128], [-84.10243070432543, 9.929035763940158]]]}}, {"id": "350", "type": "Feature", "properties": {"id": 1641}, "geometry": {"type": "Polygon", "coordinates": [[[-84.10257624363966, 9.928977722211188], [-84.10264291159459, 9.928986291537349], [-84.10263063737078, 9.92907690133073], [-84.10261907272552, 9.929161892277635], [-84.10255410643241, 9.929153172329773], [-84.1025563654268, 9.929129907768928], [-84.10256723657982, 9.929046533725856], [-84.10257603620252, 9.928979300988098], [-84.10257624363966, 9.928977722211188]]]}}, {"id": "351", "type": "Feature", "properties": {"id": 1000078}, "geometry": {"type": "Polygon", "coordinates": [[[-84.10574104558295, 9.929051804048916], [-84.1058453073841, 9.929064351027028], [-84.10589433225029, 9.929071186952973], [-84.10588608240438, 9.929155970700114], [-84.10582073773236, 9.929149060632055], [-84.10571758969104, 9.929137338818451], [-84.10568767583968, 9.929133912361207], [-84.10569286048047, 9.92909159470078], [-84.10574104558295, 9.929051804048916]]]}}, {"id": "352", "type": "Feature", "properties": {"id": 1645}, "geometry": {"type": "Polygon", "coordinates": [[[-84.10264035212107, 9.929005069873611], [-84.10270734526566, 9.929009305417068], [-84.10268681868368, 9.92918941122706], [-84.10261821252695, 9.929179612728237], [-84.10264035212107, 9.929005069873611]]]}}, {"id": "353", "type": "Feature", "properties": {"id": 1646}, "geometry": {"type": "Polygon", "coordinates": [[[-84.10271498097663, 9.92895180912114], [-84.10274871169771, 9.928959401787996], [-84.1027777672316, 9.929017393072144], [-84.10277713564444, 9.929093292594686], [-84.10276387231454, 9.92918723378263], [-84.1027120821692, 9.929182256766726], [-84.10269136592423, 9.929164183150336], [-84.10271498097663, 9.92895180912114]]]}}, {"id": "354", "type": "Feature", "properties": {"id": 1652}, "geometry": {"type": "Polygon", "coordinates": [[[-84.1006236428763, 9.929023677178508], [-84.10073459426837, 9.9290406669175], [-84.10073362787894, 9.929047604143884], [-84.10072420415796, 9.92911506578443], [-84.10071170361344, 9.929203945867364], [-84.10068020738402, 9.929200049261434], [-84.10066899143963, 9.92919847121385], [-84.10060589781618, 9.929149183901409], [-84.1006236428763, 9.929023677178508]]]}}, {"id": "355", "type": "Feature", "properties": {"id": 1653}, "geometry": {"type": "Polygon", "coordinates": [[[-84.09963169982952, 9.92899935256668], [-84.09978144918287, 9.929016053468368], [-84.0998355741566, 9.929157886420446], [-84.0998296622858, 9.929205147460163], [-84.09958831250323, 9.929183394918654], [-84.09958233355171, 9.929092592717456], [-84.09958933872335, 9.929035717192118], [-84.09963169982952, 9.92899935256668]]]}}, {"id": "356", "type": "Feature", "properties": {"id": 1655}, "geometry": {"type": "Polygon", "coordinates": [[[-84.10084779068164, 9.929031627138224], [-84.10097996192484, 9.929050688625935], [-84.10095203129057, 9.929234243362636], [-84.10091904803757, 9.929229851356228], [-84.10081978095704, 9.92921604656075], [-84.10084590773464, 9.929041110438297], [-84.10084779068164, 9.929031627138224]]]}}, {"id": "357", "type": "Feature", "properties": {"id": 1656}, "geometry": {"type": "Polygon", "coordinates": [[[-84.09940921167224, 9.928943292044385], [-84.09947667566247, 9.928948917740692], [-84.09944270846712, 9.929249533154426], [-84.09915879073878, 9.929217487360985], [-84.09917313232529, 9.929082791703943], [-84.09918790122805, 9.92896298198103], [-84.09940921167224, 9.928943292044385]]]}}, {"id": "358", "type": "Feature", "properties": {"id": 1000079}, "geometry": {"type": "Polygon", "coordinates": [[[-84.10571541304748, 9.929137089493256], [-84.10587240181725, 9.92915428702096], [-84.1058602912235, 9.929245079903573], [-84.10579293947448, 9.929236485226193], [-84.1057685390812, 9.929233344793825], [-84.10571243672808, 9.929203283534322], [-84.10571541304748, 9.929137089493256]]]}}, {"id": "359", "type": "Feature", "properties": {"id": 1661}, "geometry": {"type": "Polygon", "coordinates": [[[-84.0999390811694, 9.929096963520845], [-84.09993990015232, 9.92909706273671], [-84.10001286112947, 9.92910707740648], [-84.10008180925968, 9.929116550748764], [-84.10009281776341, 9.929118264873575], [-84.10008850715205, 9.929195562609403], [-84.10006529005322, 9.929263824727327], [-84.09987063239831, 9.929236147654313], [-84.09988181861713, 9.929119585699645], [-84.0999390811694, 9.929096963520845]]]}}, {"id": "360", "type": "Feature", "properties": {"id": 1663}, "geometry": {"type": "Polygon", "coordinates": [[[-84.10175384618063, 9.929154051755058], [-84.10175683471499, 9.92928393217622], [-84.10168852894485, 9.929287569718516], [-84.10168645137612, 9.929154343521585], [-84.10175384618063, 9.929154051755058]]]}}, {"id": "361", "type": "Feature", "properties": {"id": 1000080}, "geometry": {"type": "Polygon", "coordinates": [[[-84.10401792394796, 9.92911574563414], [-84.10410121561671, 9.929125883414255], [-84.10409569166306, 9.929163331596731], [-84.10408103654686, 9.929259520546147], [-84.10407202964588, 9.929314864581833], [-84.10399423869866, 9.929301713974299], [-84.10401792394796, 9.92911574563414]]]}}, {"id": "362", "type": "Feature", "properties": {"id": 1000081}, "geometry": {"type": "Polygon", "coordinates": [[[-84.10567795667184, 9.929221277904468], [-84.1058602912235, 9.929245079903573], [-84.1058631324074, 9.929245576080715], [-84.1058528613451, 9.929325818008596], [-84.10566762171982, 9.929303464553122], [-84.10567795667184, 9.929221277904468]]]}}, {"id": "363", "type": "Feature", "properties": {"id": 1667}, "geometry": {"type": "Polygon", "coordinates": [[[-84.10199582350319, 9.929180677772964], [-84.10206616589753, 9.929183228840156], [-84.10206590257239, 9.929244887423167], [-84.1020642530921, 9.929294697177697], [-84.10203427074704, 9.929316208457438], [-84.10200050083228, 9.929316619137241], [-84.10199582350319, 9.929180677772964]]]}}, {"id": "364", "type": "Feature", "properties": {"id": 1668}, "geometry": {"type": "Polygon", "coordinates": [[[-84.10432259671235, 9.929144325334393], [-84.10442387406565, 9.929154483788423], [-84.10439786340915, 9.929343049759485], [-84.10430001194004, 9.929332890229313], [-84.10432259671235, 9.929144325334393]]]}}, {"id": "365", "type": "Feature", "properties": {"id": 1669}, "geometry": {"type": "Polygon", "coordinates": [[[-84.10183184180755, 9.929183358869148], [-84.10183248652284, 9.929203793334795], [-84.10183488198109, 9.929282276174131], [-84.10183607982285, 9.929321879269033], [-84.1017620283258, 9.929324614388328], [-84.10175788190304, 9.9291872694045], [-84.10183184180755, 9.929183358869148]]]}}, {"id": "366", "type": "Feature", "properties": {"id": 1670}, "geometry": {"type": "Polygon", "coordinates": [[[-84.10067605547434, 9.929199506608715], [-84.10070755170369, 9.929203403215043], [-84.10074840981581, 9.92920881603347], [-84.10076037004812, 9.929228615062957], [-84.10075118068467, 9.929304931351949], [-84.10073631571015, 9.929323470794797], [-84.10066162213447, 9.929314180156023], [-84.10067605547434, 9.929199506608715]]]}}, {"id": "367", "type": "Feature", "properties": {"id": 1671}, "geometry": {"type": "Polygon", "coordinates": [[[-84.10409569166306, 9.929163331596731], [-84.10416989507851, 9.92917142740375], [-84.10416044532786, 9.929263011594706], [-84.10415629594402, 9.929300686219563], [-84.10414830988557, 9.929350381823664], [-84.10410544262709, 9.929346584254239], [-84.10408684993112, 9.929344394621296], [-84.10407102878125, 9.929320705547347], [-84.10408362080399, 9.929240299433557], [-84.10409569166306, 9.929163331596731]]]}}, {"id": "368", "type": "Feature", "properties": {"id": 1673}, "geometry": {"type": "Polygon", "coordinates": [[[-84.10164529201823, 9.929156632910223], [-84.10164576798955, 9.929235199049709], [-84.10159287028576, 9.9292353319715], [-84.10159665980859, 9.929157255037266], [-84.10164529201823, 9.929156632910223]]]}}, {"id": "369", "type": "Feature", "properties": {"id": 1001673}, "geometry": {"type": "Polygon", "coordinates": [[[-84.10164687098609, 9.929226233365588], [-84.10167716846715, 9.929226816840277], [-84.10167654444282, 9.929302883088537], [-84.10164634756757, 9.929302229736432], [-84.10164687098609, 9.929226233365588]]]}}, {"id": "370", "type": "Feature", "properties": {"id": 1675}, "geometry": {"type": "Polygon", "coordinates": [[[-84.09987063239831, 9.929236147654313], [-84.09993529385939, 9.929244266024357], [-84.09996899263693, 9.929248601477216], [-84.10007046586205, 9.92926400053016], [-84.1000577828461, 9.929333870285289], [-84.09986075715051, 9.929308906698614], [-84.0998682028972, 9.929253105293846], [-84.09987063239831, 9.929236147654313]]]}}, {"id": "371", "type": "Feature", "properties": {"id": 1678}, "geometry": {"type": "Polygon", "coordinates": [[[-84.10209893264187, 9.929187035938469], [-84.10213276444097, 9.929192970804156], [-84.10212959453861, 9.929254284027278], [-84.10212158766893, 9.929343037671911], [-84.10209158727984, 9.929341326823522], [-84.10209893264187, 9.929187035938469]]]}}, {"id": "372", "type": "Feature", "properties": {"id": 1681}, "geometry": {"type": "Polygon", "coordinates": [[[-84.10416989507851, 9.92917142740375], [-84.10424247489917, 9.929181382561229], [-84.10421938435924, 9.929356195146969], [-84.10414881000871, 9.929346487898588], [-84.10416989507851, 9.92917142740375]]]}}, {"id": "373", "type": "Feature", "properties": {"id": 1683}, "geometry": {"type": "Polygon", "coordinates": [[[-84.10137697705603, 9.929252760421283], [-84.1015906597308, 9.929264727465815], [-84.10158987024688, 9.92934109352601], [-84.10156571736043, 9.929338997190232], [-84.10137907803949, 9.929322585256436], [-84.10137697705603, 9.929252760421283]]]}}, {"id": "374", "type": "Feature", "properties": {"id": 1684}, "geometry": {"type": "Polygon", "coordinates": [[[-84.10212959453861, 9.929254284027278], [-84.1022830910029, 9.929266342499803], [-84.10227537913711, 9.929332383752213], [-84.10212260005821, 9.929329444756883], [-84.10212959453861, 9.929254284027278]]]}}, {"id": "375", "type": "Feature", "properties": {"id": 1688}, "geometry": {"type": "Polygon", "coordinates": [[[-84.10229325819053, 9.92920719252775], [-84.10236556158698, 9.929216763833205], [-84.1023547500162, 9.929320115568084], [-84.10231538887182, 9.929345263528635], [-84.1022778767983, 9.929342922310594], [-84.10229325819053, 9.92920719252775]]]}}, {"id": "376", "type": "Feature", "properties": {"id": 1689}, "geometry": {"type": "Polygon", "coordinates": [[[-84.10424247489917, 9.929181382561229], [-84.10431709714527, 9.929192709205003], [-84.10430001194004, 9.929332890229313], [-84.10429559398658, 9.929366609992387], [-84.1042833102058, 9.929364956901829], [-84.10421938435924, 9.929356195146969], [-84.10422871735432, 9.929275251544357], [-84.10424247489917, 9.929181382561229]]]}}, {"id": "377", "type": "Feature", "properties": {"id": 1000082}, "geometry": {"type": "Polygon", "coordinates": [[[-84.10054820862192, 9.929182281425733], [-84.10056196741174, 9.92918340118045], [-84.10058794337792, 9.929185822985797], [-84.10062050440318, 9.929197386799366], [-84.1005997573197, 9.929347397935894], [-84.1005671116597, 9.929348382475567], [-84.10054105455849, 9.9293448874882], [-84.10053098687419, 9.92932273427873], [-84.10054820862192, 9.929182281425733]]]}}, {"id": "378", "type": "Feature", "properties": {"id": 1692}, "geometry": {"type": "Polygon", "coordinates": [[[-84.10490423596674, 9.928824688535773], [-84.10533475214498, 9.928880888540904], [-84.10542734024756, 9.928894114737908], [-84.10538483163916, 9.929226838289866], [-84.10536348928156, 9.92937928193605], [-84.1052735761184, 9.929369700111357], [-84.10492879497204, 9.929324657364504], [-84.1048428916888, 9.929311926011422], [-84.1048576666804, 9.929192700482501], [-84.10490423596674, 9.928824688535773]]]}}, {"id": "379", "type": "Feature", "properties": {"id": 1693}, "geometry": {"type": "Polygon", "coordinates": [[[-84.10450517759382, 9.929205953682077], [-84.10461461861384, 9.92921884934463], [-84.10459678474011, 9.929370011735081], [-84.10456186531337, 9.929376013813098], [-84.10455219864085, 9.929376830606458], [-84.10448616546425, 9.92935732078221], [-84.10450517759382, 9.929205953682077]]]}}, {"id": "380", "type": "Feature", "properties": {"id": 1694}, "geometry": {"type": "Polygon", "coordinates": [[[-84.10183271550152, 9.929158888120732], [-84.1018706896782, 9.929160132374808], [-84.10187707738274, 9.929358022067527], [-84.10183758983135, 9.929361108342153], [-84.10183639207332, 9.929321776503873], [-84.10183519423155, 9.929282173408959], [-84.10183271550152, 9.929158888120732]]]}}, {"id": "381", "type": "Feature", "properties": {"id": 1695}, "geometry": {"type": "Polygon", "coordinates": [[[-84.1024637767991, 9.929251856015064], [-84.10258793504994, 9.929268194927081], [-84.1025779093765, 9.929335183322392], [-84.10257522513118, 9.929351980742911], [-84.10245441711488, 9.929339306577033], [-84.1024637767991, 9.929251856015064]]]}}, {"id": "382", "type": "Feature", "properties": {"id": 1697}, "geometry": {"type": "Polygon", "coordinates": [[[-84.09930992688389, 9.929234971644014], [-84.0994043035777, 9.929245321478037], [-84.09939264164193, 9.929369234652432], [-84.09923635177148, 9.929352612570826], [-84.0992404410925, 9.929321439050659], [-84.0992563468372, 9.929256924465848], [-84.09930992688389, 9.929234971644014]]]}}, {"id": "383", "type": "Feature", "properties": {"id": 1698}, "geometry": {"type": "Polygon", "coordinates": [[[-84.1025922677813, 9.929253142829873], [-84.10268911858464, 9.929263816893535], [-84.1026733579828, 9.929367767206783], [-84.10258438314467, 9.929361623706152], [-84.1025922677813, 9.929253142829873]]]}}, {"id": "384", "type": "Feature", "properties": {"id": 1700}, "geometry": {"type": "Polygon", "coordinates": [[[-84.10274438904041, 9.929279171114315], [-84.10282134062011, 9.929291084549027], [-84.10281034952061, 9.929358176912222], [-84.10273249626299, 9.929352043026547], [-84.10274438904041, 9.929279171114315]]]}}, {"id": "385", "type": "Feature", "properties": {"id": 1701}, "geometry": {"type": "Polygon", "coordinates": [[[-84.10268911858464, 9.929263816893535], [-84.10274538972413, 9.929271213947393], [-84.10274438904041, 9.929279171114315], [-84.10272956923812, 9.929372122093234], [-84.1026733579828, 9.929367767206783], [-84.10268911858464, 9.929263816893535]]]}}, {"id": "386", "type": "Feature", "properties": {"id": 1702}, "geometry": {"type": "Polygon", "coordinates": [[[-84.10191183397858, 9.929182664825174], [-84.10199633922414, 9.929193944031432], [-84.10199987988923, 9.929269398660399], [-84.10200050083228, 9.929316619137241], [-84.10199992819638, 9.929361312642834], [-84.10195009956301, 9.929368694657807], [-84.10191652264612, 9.929365752076041], [-84.10191183397858, 9.929182664825174]]]}}, {"id": "387", "type": "Feature", "properties": {"id": 1000083}, "geometry": {"type": "Polygon", "coordinates": [[[-84.10108082227866, 9.929248246629362], [-84.1012559285268, 9.92927143127492], [-84.10125176735542, 9.929381472287579], [-84.10107593771696, 9.929375632005017], [-84.10108082227866, 9.929248246629362]]]}}, {"id": "388", "type": "Feature", "properties": {"id": 1707}, "geometry": {"type": "Polygon", "coordinates": [[[-84.10282134062011, 9.929291084549027], [-84.10292879922437, 9.929307686736905], [-84.10291774590661, 9.929387055802268], [-84.10280820183687, 9.929376788042946], [-84.10281034952061, 9.929358176912222], [-84.10282134062011, 9.929291084549027]]]}}, {"id": "389", "type": "Feature", "properties": {"id": 1708}, "geometry": {"type": "Polygon", "coordinates": [[[-84.10296199837535, 9.929311971832092], [-84.10301848546658, 9.929319422619402], [-84.10301144232193, 9.92939892884418], [-84.10295125632364, 9.929392963334736], [-84.10296199837535, 9.929311971832092]]]}}, {"id": "390", "type": "Feature", "properties": {"id": 1710}, "geometry": {"type": "Polygon", "coordinates": [[[-84.10076771117103, 9.929209752052198], [-84.10081978095704, 9.92921604656075], [-84.10106347653837, 9.929248994957222], [-84.1010595445778, 9.9293780256679], [-84.10105850990554, 9.929409037841252], [-84.10074888124176, 9.929366091939448], [-84.10075634588496, 9.929304063254943], [-84.10076553524719, 9.929227746965813], [-84.10076771117103, 9.929209752052198]]]}}, {"id": "391", "type": "Feature", "properties": {"id": 1711}, "geometry": {"type": "Polygon", "coordinates": [[[-84.10301848546658, 9.929319422619402], [-84.10308229841681, 9.929327761612353], [-84.10307599478347, 9.929403772784104], [-84.10301144232193, 9.92939892884418], [-84.10301848546658, 9.929319422619402]]]}}, {"id": "392", "type": "Feature", "properties": {"id": 1712}, "geometry": {"type": "Polygon", "coordinates": [[[-84.10175567048151, 9.92929093473586], [-84.1017589220353, 9.92940658680855], [-84.10168970443283, 9.929410767142043], [-84.10168804788286, 9.929294411310021], [-84.10175567048151, 9.92929093473586]]]}}, {"id": "393", "type": "Feature", "properties": {"id": 1714}, "geometry": {"type": "Polygon", "coordinates": [[[-84.10139818306496, 9.929323379210226], [-84.10150058389019, 9.929332138902868], [-84.10156571736043, 9.929338997190232], [-84.10155529085107, 9.92942002584039], [-84.10147075543833, 9.929409541729738], [-84.10139341413928, 9.929390667659263], [-84.10139818306496, 9.929323379210226]]]}}, {"id": "394", "type": "Feature", "properties": {"id": 1717}, "geometry": {"type": "Polygon", "coordinates": [[[-84.10191153045747, 9.92917065205513], [-84.10191354325644, 9.929241447599201], [-84.10191649438936, 9.929347236763213], [-84.10191652264612, 9.929365752076041], [-84.10187943715843, 9.929365341719496], [-84.10187314570747, 9.929250863475458], [-84.10187047645191, 9.92917174778777], [-84.10191153045747, 9.92917065205513]]]}}, {"id": "395", "type": "Feature", "properties": {"id": 1718}, "geometry": {"type": "Polygon", "coordinates": [[[-84.1031637853956, 9.929332617049747], [-84.10319653410943, 9.929339092651302], [-84.10318810150044, 9.92942220328327], [-84.10318699622293, 9.929430290928147], [-84.10315338910104, 9.92942788260246], [-84.1031637853956, 9.929332617049747]]]}}, {"id": "396", "type": "Feature", "properties": {"id": 1719}, "geometry": {"type": "Polygon", "coordinates": [[[-84.10022977135347, 9.929279516775003], [-84.10029965514339, 9.929287429180551], [-84.10042400288454, 9.929302825174206], [-84.1004186380699, 9.929354636793843], [-84.10039367473364, 9.929427591194058], [-84.10025378451876, 9.929414585449361], [-84.10020619698521, 9.929401390419834], [-84.1002123114166, 9.92931363550033], [-84.10022977135347, 9.929279516775003]]]}}, {"id": "397", "type": "Feature", "properties": {"id": 1723}, "geometry": {"type": "Polygon", "coordinates": [[[-84.10319653410943, 9.929339092651302], [-84.10331441892812, 9.92935050319208], [-84.10330380865614, 9.929430530658012], [-84.10318810150044, 9.92942220328327], [-84.10319653410943, 9.929339092651302]]]}}, {"id": "398", "type": "Feature", "properties": {"id": 1727}, "geometry": {"type": "Polygon", "coordinates": [[[-84.10331441892812, 9.92935050319208], [-84.10342074511611, 9.929364153447192], [-84.10341221325126, 9.929442756006143], [-84.10330336615323, 9.929433868155627], [-84.10331441892812, 9.92935050319208]]]}}, {"id": "399", "type": "Feature", "properties": {"id": 1730}, "geometry": {"type": "Polygon", "coordinates": [[[-84.10342074511611, 9.929364153447192], [-84.10347491577242, 9.929369365469261], [-84.10346572885894, 9.929445681825207], [-84.10341173624177, 9.929447150536038], [-84.10342074511611, 9.929364153447192]]]}}, {"id": "400", "type": "Feature", "properties": {"id": 1731}, "geometry": {"type": "Polygon", "coordinates": [[[-84.10052832169148, 9.929347632054093], [-84.10060311347183, 9.929354290528739], [-84.10067639595073, 9.929363654101643], [-84.10069983033456, 9.929366708660341], [-84.10068849019814, 9.9294537355124], [-84.1005181230715, 9.92943181698796], [-84.10052832169148, 9.929347632054093]]]}}, {"id": "401", "type": "Feature", "properties": {"id": 1732}, "geometry": {"type": "Polygon", "coordinates": [[[-84.09983335337698, 9.929304535200062], [-84.1000577828461, 9.929333870285289], [-84.1000505149817, 9.929405296269373], [-84.10002705748045, 9.929439470938982], [-84.09985854705825, 9.929417721111191], [-84.0998249160939, 9.929369099903145], [-84.09982828859992, 9.929335350482049], [-84.09983335337698, 9.929304535200062]]]}}, {"id": "402", "type": "Feature", "properties": {"id": 1733}, "geometry": {"type": "Polygon", "coordinates": [[[-84.10347491577242, 9.929369365469261], [-84.10359734809101, 9.929388769412572], [-84.10361504636003, 9.929407661467062], [-84.10360636963891, 9.929464895673602], [-84.10357265632031, 9.929460931309004], [-84.10346572885894, 9.929445681825207], [-84.10347491577242, 9.929369365469261]]]}}, {"id": "403", "type": "Feature", "properties": {"id": 1000084}, "geometry": {"type": "Polygon", "coordinates": [[[-84.09914885074645, 9.929343128173102], [-84.09940831606437, 9.929371171366867], [-84.09938847295302, 9.929496588232452], [-84.09913520844988, 9.9294668252268], [-84.09914885074645, 9.929343128173102]]]}}, {"id": "404", "type": "Feature", "properties": {"id": 1737}, "geometry": {"type": "Polygon", "coordinates": [[[-84.09961025098974, 9.929375241624212], [-84.09968504658066, 9.929384161749665], [-84.09967038684188, 9.92950826149036], [-84.0995831570264, 9.92949826456167], [-84.09954043131864, 9.929493339515325], [-84.09954952944045, 9.929427973913409], [-84.09961025098974, 9.929375241624212]]]}}, {"id": "405", "type": "Feature", "properties": {"id": 1738}, "geometry": {"type": "Polygon", "coordinates": [[[-84.09989082683857, 9.929421264846898], [-84.09999133032777, 9.92943389343461], [-84.09998392724437, 9.929519171504909], [-84.0998814683598, 9.929506231554571], [-84.09988755167359, 9.929447396877023], [-84.09989082683857, 9.929421264846898]]]}}, {"id": "406", "type": "Feature", "properties": {"id": 1743}, "geometry": {"type": "Polygon", "coordinates": [[[-84.10167355554279, 9.92941178266361], [-84.10176150774757, 9.929513823734663], [-84.1017546021838, 9.929592689759714], [-84.10156855570918, 9.929574467474003], [-84.10139360671917, 9.929550101381883], [-84.10140260466048, 9.929480527640882], [-84.10158987024698, 9.929414582233113], [-84.10167355554279, 9.92941178266361]]]}}, {"id": "407", "type": "Feature", "properties": {"id": 1747}, "geometry": {"type": "Polygon", "coordinates": [[[-84.10412744110442, 9.929470375421424], [-84.10422000971543, 9.92948029264547], [-84.10420891840789, 9.92960181126035], [-84.10411689714871, 9.929592526795089], [-84.10412744110442, 9.929470375421424]]]}}, {"id": "408", "type": "Feature", "properties": {"id": 1752}, "geometry": {"type": "Polygon", "coordinates": [[[-84.09986903901442, 9.929505023654782], [-84.0998814683598, 9.929506231554566], [-84.10002396449691, 9.929524222981406], [-84.10002856613869, 9.929583520101996], [-84.10002508727665, 9.929617534910422], [-84.09992583678266, 9.92960625191801], [-84.09986746156446, 9.929532064780375], [-84.09986903901442, 9.929505023654782]]]}}, {"id": "409", "type": "Feature", "properties": {"id": 1756}, "geometry": {"type": "Polygon", "coordinates": [[[-84.09953598597808, 9.929496205148538], [-84.09976298449762, 9.929522178099807], [-84.09975998434184, 9.929553011827387], [-84.0997506199596, 9.929648406521846], [-84.09971413970233, 9.929644348559064], [-84.09958354033624, 9.929629649223894], [-84.09952898291672, 9.92955941001931], [-84.09953598597808, 9.929496205148538]]]}}, {"id": "410", "type": "Feature", "properties": {"id": 1000085}, "geometry": {"type": "Polygon", "coordinates": [[[-84.10138088550256, 9.92956011611201], [-84.10145772121601, 9.929568866138794], [-84.10153455784618, 9.929577618860206], [-84.10152464261662, 9.929656549396837], [-84.10137790014556, 9.929638419748347], [-84.10138088550256, 9.92956011611201]]]}}, {"id": "411", "type": "Feature", "properties": {"id": 1772}, "geometry": {"type": "Polygon", "coordinates": [[[-84.10104967385926, 9.929604477185885], [-84.10123725673748, 9.929613682871056], [-84.10123314117149, 9.929717727167374], [-84.10122456832126, 9.929716825575305], [-84.10107864728424, 9.929700865599745], [-84.10104470143631, 9.929694403770153], [-84.10104967385926, 9.929604477185885]]]}}, {"id": "412", "type": "Feature", "properties": {"id": 1776}, "geometry": {"type": "Polygon", "coordinates": [[[-84.10019407061257, 9.929563100512555], [-84.10028624354548, 9.92956739213863], [-84.10026161383476, 9.929846566668793], [-84.10022234907854, 9.929845511853625], [-84.10017308965708, 9.929794177511884], [-84.10016086901992, 9.92966876624552], [-84.10016453735649, 9.929628103784502], [-84.10019407061257, 9.929563100512555]]]}}, {"id": "413", "type": "Feature", "properties": {"id": 1778}, "geometry": {"type": "Polygon", "coordinates": [[[-84.10454804976159, 9.929525462647147], [-84.10465382643976, 9.929538288230235], [-84.10463588733792, 9.929684802896752], [-84.1046288522424, 9.929735990304842], [-84.10458049660801, 9.929730924954823], [-84.1045283494569, 9.929712300882375], [-84.10454804976159, 9.929525462647147]]]}}, {"id": "414", "type": "Feature", "properties": {"id": 1779}, "geometry": {"type": "Polygon", "coordinates": [[[-84.0991557034259, 9.929602472104042], [-84.09934397863395, 9.929618374910653], [-84.0993661096784, 9.929647558148986], [-84.09936218320277, 9.92970012313197], [-84.0993289995392, 9.929744103153979], [-84.09914422095649, 9.929724626642042], [-84.0991557034259, 9.929602472104042]]]}}, {"id": "415", "type": "Feature", "properties": {"id": 1624}, "geometry": {"type": "Polygon", "coordinates": [[[-84.10486306113631, 9.929558142748322], [-84.10497334352186, 9.929572565664065], [-84.1049723459412, 9.929588638130625], [-84.10495870444998, 9.92970650076617], [-84.10495661178733, 9.92972178220851], [-84.10488110768185, 9.929745224389771], [-84.10483656159057, 9.929739989174951], [-84.10486306113631, 9.929558142748322]]]}}, {"id": "416", "type": "Feature", "properties": {"id": 1000086}, "geometry": {"type": "Polygon", "coordinates": [[[-84.1044523752881, 9.929522855482713], [-84.10454713548184, 9.929534175780692], [-84.1045283494569, 9.929712300882375], [-84.10452526655268, 9.929739972460995], [-84.10447901423076, 9.929733524921687], [-84.10444222309894, 9.929655246806277], [-84.10444405208838, 9.92962591869698], [-84.1044523752881, 9.929522855482713]]]}}, {"id": "417", "type": "Feature", "properties": {"id": 1782}, "geometry": {"type": "Polygon", "coordinates": [[[-84.1015888477207, 9.929657621807921], [-84.10162531901332, 9.929660440556297], [-84.10162807225132, 9.929718490654986], [-84.10162563386473, 9.929747964130133], [-84.10158376143448, 9.929746566663189], [-84.10153247476575, 9.929743920310406], [-84.1015166061389, 9.92973629926773], [-84.10151787181088, 9.929658613318079], [-84.1015888477207, 9.929657621807921]]]}}, {"id": "418", "type": "Feature", "properties": {"id": 1783}, "geometry": {"type": "Polygon", "coordinates": [[[-84.10502232156033, 9.929585138690419], [-84.10509192065973, 9.929591458749966], [-84.10506824656532, 9.929776272528738], [-84.10495144363658, 9.929762531843055], [-84.10496967790922, 9.929607030813989], [-84.1049723459412, 9.929588638130625], [-84.10502232156033, 9.929585138690419]]]}}, {"id": "419", "type": "Feature", "properties": {"id": 1784}, "geometry": {"type": "Polygon", "coordinates": [[[-84.10164602358005, 9.929641289195207], [-84.10168339145089, 9.929643175720667], [-84.1017263837208, 9.929645854407742], [-84.10175946287617, 9.929647979907466], [-84.10175899111918, 9.929660714311883], [-84.10175639862983, 9.929725256535828], [-84.10175485964012, 9.929761965251531], [-84.10175331631012, 9.929784660854196], [-84.10163211057608, 9.92977131574177], [-84.10163467409849, 9.92974464772899], [-84.10164193121507, 9.92967854300871], [-84.10164602358005, 9.929641289195207]]]}}, {"id": "420", "type": "Feature", "properties": {"id": 1785}, "geometry": {"type": "Polygon", "coordinates": [[[-84.10476246592268, 9.929544521045287], [-84.10486306113631, 9.929558142748322], [-84.10483597566076, 9.9297441624221], [-84.10475600897058, 9.92980305077893], [-84.10472581850803, 9.92979921475976], [-84.10476002283863, 9.929559313286996], [-84.10476246592268, 9.929544521045287]]]}}, {"id": "421", "type": "Feature", "properties": {"id": 1000087}, "geometry": {"type": "Polygon", "coordinates": [[[-84.10086287109316, 9.929562604228803], [-84.10098890420525, 9.929577456841614], [-84.1010459087569, 9.929644471822554], [-84.10104219279131, 9.929698936745233], [-84.1008446954642, 9.929671335454156], [-84.10086287109316, 9.929562604228803]]]}}, {"id": "422", "type": "Feature", "properties": {"id": 1787}, "geometry": {"type": "Polygon", "coordinates": [[[-84.1033867616072, 9.929616757583698], [-84.10359688829048, 9.929646452983974], [-84.10358160324756, 9.929761108824533], [-84.10337147521284, 9.929733144032802], [-84.1033867616072, 9.929616757583698]]]}}, {"id": "423", "type": "Feature", "properties": {"id": 1788}, "geometry": {"type": "Polygon", "coordinates": [[[-84.09955535933396, 9.929626492959432], [-84.09958354033623, 9.929629649223894], [-84.09970019055858, 9.929642778528166], [-84.09968700039113, 9.929768140076629], [-84.09954265082642, 9.929751893197341], [-84.09954056294704, 9.929751631797357], [-84.09952575927161, 9.929725601752535], [-84.09951397621495, 9.929694409849674], [-84.09951832180377, 9.929655352128158], [-84.09953257182845, 9.929641637672532], [-84.09955535933396, 9.929626492959432]]]}}, {"id": "424", "type": "Feature", "properties": {"id": 1790}, "geometry": {"type": "Polygon", "coordinates": [[[-84.10465281787414, 9.929546525587444], [-84.10476002283863, 9.929559313286996], [-84.10473464326344, 9.92974174397953], [-84.10473031056527, 9.929768227676165], [-84.10468095361315, 9.9297618550593], [-84.10462608550608, 9.929753237725695], [-84.10465281787414, 9.929546525587444]]]}}, {"id": "425", "type": "Feature", "properties": {"id": 1793}, "geometry": {"type": "Polygon", "coordinates": [[[-84.1017654766774, 9.92950162067343], [-84.10179924138332, 9.92950634588653], [-84.10196534880068, 9.929548028351109], [-84.10201026270188, 9.929592076180468], [-84.10201369520807, 9.929747747627642], [-84.10177503127531, 9.929741045319828], [-84.10175899111918, 9.929660714311883], [-84.10175946287617, 9.929647979907466], [-84.1017654766774, 9.92950162067343]]]}}, {"id": "426", "type": "Feature", "properties": {"id": 1796}, "geometry": {"type": "Polygon", "coordinates": [[[-84.10046409504356, 9.929618462811968], [-84.10049697258081, 9.92962366309168], [-84.10049659585216, 9.929626373962371], [-84.10049607621495, 9.929629972789245], [-84.10049578408454, 9.929631979271571], [-84.10047285514254, 9.929786876384172], [-84.10043828998357, 9.929782727505913], [-84.10040997214661, 9.92974974341334], [-84.10038534243589, 9.92970825400233], [-84.10037880116887, 9.929691151073307], [-84.10038775186415, 9.929619209973227], [-84.10046409504356, 9.929618462811968]]]}}, {"id": "427", "type": "Feature", "properties": {"id": 1797}, "geometry": {"type": "Polygon", "coordinates": [[[-84.10509192065973, 9.929591458749966], [-84.10520790628222, 9.929606665955765], [-84.10520509543709, 9.929628934355609], [-84.105185075542, 9.929765021020739], [-84.10510985341553, 9.929781167154584], [-84.10506824656532, 9.929776272528738], [-84.10507043588532, 9.929751585572204], [-84.10509192065973, 9.929591458749966]]]}}, {"id": "428", "type": "Feature", "properties": {"id": 1798}, "geometry": {"type": "Polygon", "coordinates": [[[-84.1010916690674, 9.929702247638833], [-84.10123740861827, 9.92971819410085], [-84.10123140188472, 9.929783920468203], [-84.10118233450545, 9.929803967925645], [-84.10108420261055, 9.929793328194501], [-84.10106897208416, 9.92979161484228], [-84.10106742772167, 9.9297562816743], [-84.1010916690674, 9.929702247638833]]]}}, {"id": "429", "type": "Feature", "properties": {"id": 1800}, "geometry": {"type": "Polygon", "coordinates": [[[-84.10382211644867, 9.929621804454303], [-84.10387308912843, 9.929625930925425], [-84.10389423049924, 9.929628409739381], [-84.10401571150345, 9.929679440286552], [-84.10403924469549, 9.929749154324478], [-84.10403391377079, 9.929802508905848], [-84.10377091149624, 9.92977089132389], [-84.10377585859082, 9.92973001589573], [-84.10382211644867, 9.929621804454303]]]}}, {"id": "430", "type": "Feature", "properties": {"id": 1801}, "geometry": {"type": "Polygon", "coordinates": [[[-84.10520749599112, 9.92963011154539], [-84.10534505501063, 9.929646220070415], [-84.10532186339132, 9.929810514442636], [-84.10521206142558, 9.929796299484693], [-84.10519699501066, 9.929716109153981], [-84.10520749599112, 9.92963011154539]]]}}, {"id": "431", "type": "Feature", "properties": {"id": 1803}, "geometry": {"type": "Polygon", "coordinates": [[[-84.09916523475512, 9.929730097474675], [-84.09933738501151, 9.929744820305915], [-84.09935826355769, 9.929747073666856], [-84.09934989585662, 9.929821400459053], [-84.0992923402732, 9.929867844979235], [-84.09909550969479, 9.929847189552646], [-84.0991047313353, 9.92975119378461], [-84.09916523475512, 9.929730097474675]]]}}, {"id": "432", "type": "Feature", "properties": {"id": 1807}, "geometry": {"type": "Polygon", "coordinates": [[[-84.09953308459941, 9.929750797499425], [-84.09954056294704, 9.929751631797357], [-84.0995572527814, 9.929753502866724], [-84.09965442712883, 9.929764420012846], [-84.09965867420588, 9.929785480915978], [-84.0996491281511, 9.92987134822543], [-84.09964010099517, 9.929888021442263], [-84.09951944237713, 9.929874313726806], [-84.09951843914857, 9.929874133187832], [-84.09953308459941, 9.929750797499425]]]}}, {"id": "433", "type": "Feature", "properties": {"id": 1810}, "geometry": {"type": "Polygon", "coordinates": [[[-84.10049697258081, 9.929623663091673], [-84.10060633610829, 9.92963963613594], [-84.10059505042469, 9.92971414467307], [-84.10056792815755, 9.929892549243746], [-84.10049898713378, 9.92988313359212], [-84.10046762479877, 9.929822134982201], [-84.10047323187158, 9.929784165513531], [-84.10048060361137, 9.929734252087027], [-84.10049697258081, 9.929623663091673]]]}}, {"id": "434", "type": "Feature", "properties": {"id": 1811}, "geometry": {"type": "Polygon", "coordinates": [[[-84.10238494591272, 9.92960943695232], [-84.10278103319274, 9.92966166790425], [-84.10286415171001, 9.929674023397084], [-84.10285438664627, 9.929750297101076], [-84.10283717589672, 9.929883743082202], [-84.10235628426547, 9.929819940824153], [-84.10238494591272, 9.92960943695232]]]}}, {"id": "435", "type": "Feature", "properties": {"id": 1000088}, "geometry": {"type": "Polygon", "coordinates": [[[-84.0996762341462, 9.929766925345726], [-84.0997568601329, 9.929775985672762], [-84.09974485966073, 9.929899863093755], [-84.09966241415484, 9.929890485032377], [-84.0996762341462, 9.929766925345726]]]}}, {"id": "436", "type": "Feature", "properties": {"id": 1813}, "geometry": {"type": "Polygon", "coordinates": [[[-84.0989158490673, 9.929756610270484], [-84.09907491725428, 9.929776174099695], [-84.09908110525939, 9.929776995981047], [-84.09906859561697, 9.929912837281886], [-84.09890205059352, 9.929892333736918], [-84.09889286223128, 9.929867945728049], [-84.0988823091748, 9.929825790626156], [-84.09888162301552, 9.92981855732012], [-84.09888458489645, 9.92981177502903], [-84.09890053546704, 9.92978184166545], [-84.0989158490673, 9.929756610270484]]]}}, {"id": "437", "type": "Feature", "properties": {"id": 1814}, "geometry": {"type": "Polygon", "coordinates": [[[-84.10522150533902, 9.92980151581937], [-84.10528417760975, 9.929809366468925], [-84.10536065615891, 9.929820017122402], [-84.10536181619733, 9.929878433493382], [-84.10535862270697, 9.929912077165403], [-84.10516805451893, 9.929887029866936], [-84.1051698863594, 9.929852319000572], [-84.10522150533902, 9.92980151581937]]]}}, {"id": "438", "type": "Feature", "properties": {"id": 1815}, "geometry": {"type": "Polygon", "coordinates": [[[-84.10376051185, 9.92979684523589], [-84.10406308184152, 9.929820643133368], [-84.10410706369058, 9.929824519833385], [-84.10409364917444, 9.929940000402771], [-84.10374638428878, 9.929897482184636], [-84.10376051185, 9.92979684523589]]]}}, {"id": "439", "type": "Feature", "properties": {"id": 1000089}, "geometry": {"type": "Polygon", "coordinates": [[[-84.10286559817901, 9.929662725137902], [-84.1032414734217, 9.929703174099423], [-84.10321038830806, 9.92994078306068], [-84.10305007122554, 9.929920919583813], [-84.10285438664627, 9.929750297101076], [-84.10286559817901, 9.929662725137902]]]}}, {"id": "440", "type": "Feature", "properties": {"id": 1000090}, "geometry": {"type": "Polygon", "coordinates": [[[-84.1013731967087, 9.929793541258753], [-84.10145766768176, 9.929802700228997], [-84.10144199040757, 9.92995841132403], [-84.10135772087715, 9.929946035944726], [-84.1013731967087, 9.929793541258753]]]}}, {"id": "441", "type": "Feature", "properties": {"id": 1820}, "geometry": {"type": "Polygon", "coordinates": [[[-84.10113014199935, 9.929855549053011], [-84.10122772410968, 9.929857689564459], [-84.10122681985591, 9.92988867276376], [-84.10121626427181, 9.92996443339947], [-84.10107532982248, 9.929960362897393], [-84.10105548094435, 9.929952410231843], [-84.101057469865, 9.929886859575966], [-84.10107871230616, 9.929874281314348], [-84.10113014199935, 9.929855549053011]]]}}, {"id": "442", "type": "Feature", "properties": {"id": 1822}, "geometry": {"type": "Polygon", "coordinates": [[[-84.1014836413336, 9.929826633413894], [-84.10201854980266, 9.929873118559131], [-84.10202200566164, 9.930016171542546], [-84.10183322962209, 9.930010471183989], [-84.10168467596844, 9.929996546475913], [-84.101614664723, 9.929982555075663], [-84.101470646761, 9.929949209400684], [-84.1014836413336, 9.929826633413894]]]}}, {"id": "443", "type": "Feature", "properties": {"id": 1824}, "geometry": {"type": "Polygon", "coordinates": [[[-84.10223653653217, 9.929870367379035], [-84.10240966290799, 9.92990217307877], [-84.10239703541347, 9.92998190732598], [-84.10222327320228, 9.929954354335704], [-84.10223653653217, 9.929870367379035]]]}}, {"id": "444", "type": "Feature", "properties": {"id": 1825}, "geometry": {"type": "Polygon", "coordinates": [[[-84.09952253509529, 9.929874630793725], [-84.09976192842831, 9.92990165496769], [-84.09975696501121, 9.929952430014323], [-84.09956443119383, 9.929994694561936], [-84.09950049947614, 9.929987570512218], [-84.0995059689796, 9.929937639588871], [-84.09952253509529, 9.929874630793725]]]}}, {"id": "445", "type": "Feature", "properties": {"id": 1826}, "geometry": {"type": "Polygon", "coordinates": [[[-84.09912360518972, 9.92984981901551], [-84.09932889739811, 9.929871750379652], [-84.09931760878071, 9.929997405201236], [-84.09920823855857, 9.929987878775114], [-84.09918260836295, 9.92998484017112], [-84.09911010636675, 9.929976243858519], [-84.09912360518972, 9.92984981901551]]]}}, {"id": "446", "type": "Feature", "properties": {"id": 1829}, "geometry": {"type": "Polygon", "coordinates": [[[-84.10523808277723, 9.929903369940629], [-84.10533367910054, 9.929915932443551], [-84.10532229999758, 9.929999527792797], [-84.10522346486566, 9.929984525562366], [-84.10516574108605, 9.929969006858999], [-84.10517455010218, 9.929908234107796], [-84.10523808277723, 9.929903369940629]]]}}, {"id": "447", "type": "Feature", "properties": {"id": 1830}, "geometry": {"type": "Polygon", "coordinates": [[[-84.10240966290799, 9.92990217307877], [-84.10259379948249, 9.929929603939149], [-84.10259599895491, 9.929963962427998], [-84.10258635001814, 9.930021652617574], [-84.10239703541347, 9.92998190732598], [-84.10239846758216, 9.929972703214412], [-84.10240966290799, 9.92990217307877]]]}}, {"id": "448", "type": "Feature", "properties": {"id": 1832}, "geometry": {"type": "Polygon", "coordinates": [[[-84.09882255535535, 9.929887304806497], [-84.09889946268879, 9.929893300649344], [-84.09907871843407, 9.929918997301447], [-84.09906577891213, 9.930058232841505], [-84.0988073454257, 9.930030456059203], [-84.09882255535535, 9.929887304806497]]]}}, {"id": "449", "type": "Feature", "properties": {"id": 1835}, "geometry": {"type": "Polygon", "coordinates": [[[-84.10106640748059, 9.929960530636402], [-84.10120338793662, 9.92997397952461], [-84.10119410761995, 9.930071008546054], [-84.1010629404075, 9.93005668073644], [-84.10106640748059, 9.929960530636402]]]}}, {"id": "450", "type": "Feature", "properties": {"id": 1837}, "geometry": {"type": "Polygon", "coordinates": [[[-84.10412289630476, 9.929688222641976], [-84.10483830155151, 9.92974922182154], [-84.10511663315117, 9.929781964725434], [-84.10508857709337, 9.929964198495151], [-84.10506624712015, 9.9300736696691], [-84.10409275663656, 9.929947683862261], [-84.10412289630476, 9.929688222641976]]]}}, {"id": "451", "type": "Feature", "properties": {"id": 1839}, "geometry": {"type": "Polygon", "coordinates": [[[-84.10508857709337, 9.929964198495151], [-84.10533182650671, 9.930000855249569], [-84.10531772579368, 9.930119798752525], [-84.10506536664134, 9.930083905693591], [-84.10506624712015, 9.9300736696691], [-84.10508857709337, 9.929964198495151]]]}}, {"id": "452", "type": "Feature", "properties": {"id": 1842}, "geometry": {"type": "Polygon", "coordinates": [[[-84.10315352210479, 9.930009101378554], [-84.10326437208593, 9.930028076426463], [-84.10325532996477, 9.930117188904472], [-84.10314073246522, 9.930097909770346], [-84.10315352210479, 9.930009101378554]]]}}, {"id": "453", "type": "Feature", "properties": {"id": 1844}, "geometry": {"type": "Polygon", "coordinates": [[[-84.10326437208593, 9.930028076426463], [-84.10333491010293, 9.930040175536464], [-84.10332919088498, 9.93007839752598], [-84.10332130021857, 9.930125703662108], [-84.10325532996477, 9.930117188904472], [-84.10326437208593, 9.930028076426463]]]}}, {"id": "454", "type": "Feature", "properties": {"id": 1845}, "geometry": {"type": "Polygon", "coordinates": [[[-84.09953291627731, 9.930007302518746], [-84.09959816567843, 9.930014006626028], [-84.09971294680682, 9.930057050409664], [-84.09970248824527, 9.930153168777515], [-84.09961538573643, 9.930143710060632], [-84.09951160016585, 9.930132161941103], [-84.09948177208655, 9.930110922389417], [-84.09948713727889, 9.930059834136339], [-84.09953291627731, 9.930007302518746]]]}}, {"id": "455", "type": "Feature", "properties": {"id": 1847}, "geometry": {"type": "Polygon", "coordinates": [[[-84.10146761940949, 9.930030371579736], [-84.10152181673287, 9.930035075113835], [-84.10157037985715, 9.930059110362258], [-84.10156294799881, 9.930126399824523], [-84.10153108244198, 9.930147318847782], [-84.10145813941101, 9.930140580836223], [-84.10146761940949, 9.930030371579736]]]}}, {"id": "456", "type": "Feature", "properties": {"id": 1848}, "geometry": {"type": "Polygon", "coordinates": [[[-84.101018397392, 9.930055815558323], [-84.10107471982978, 9.930060900000537], [-84.10119483119438, 9.93007397438832], [-84.10119206528742, 9.930101006846858], [-84.10116439089468, 9.930172196735352], [-84.10100875967908, 9.930156022918663], [-84.101018397392, 9.930055815558323]]]}}, {"id": "457", "type": "Feature", "properties": {"id": 1849}, "geometry": {"type": "Polygon", "coordinates": [[[-84.10333665117759, 9.930030113360717], [-84.10350362175225, 9.930052883075657], [-84.10350373973942, 9.930067312418446], [-84.10348945158324, 9.930162166215757], [-84.10331972421311, 9.930135273909064], [-84.10333491010293, 9.930040175536464], [-84.10333665117759, 9.930030113360717]]]}}, {"id": "458", "type": "Feature", "properties": {"id": 1000091}, "geometry": {"type": "Polygon", "coordinates": [[[-84.10020509271976, 9.93004407821821], [-84.1004859921991, 9.930078895557335], [-84.10047639808883, 9.93016844418205], [-84.10018017591605, 9.93012902006747], [-84.10018740316328, 9.930086596085285], [-84.10020509271976, 9.93004407821821]]]}}, {"id": "459", "type": "Feature", "properties": {"id": 1852}, "geometry": {"type": "Polygon", "coordinates": [[[-84.10158221224907, 9.929978694998423], [-84.10164789058446, 9.929986281968127], [-84.10168484516296, 9.929994014836739], [-84.10168255867409, 9.930028225771201], [-84.10168253594547, 9.930028454537815], [-84.10166724598857, 9.930180635331169], [-84.10155789614818, 9.930166887900402], [-84.10157037985715, 9.930059110362258], [-84.10158221224907, 9.929978694998423]]]}}, {"id": "460", "type": "Feature", "properties": {"id": 1853}, "geometry": {"type": "Polygon", "coordinates": [[[-84.10175724083871, 9.930014467210261], [-84.10178489904354, 9.93001499291879], [-84.10176774424257, 9.930203984934632], [-84.10173814950113, 9.930202852456636], [-84.1016778187561, 9.930180108058972], [-84.10166793899934, 9.930173737878716], [-84.10168038882667, 9.930049824869931], [-84.10169913482198, 9.930030020345157], [-84.10175724083871, 9.930014467210261]]]}}, {"id": "461", "type": "Feature", "properties": {"id": 1855}, "geometry": {"type": "Polygon", "coordinates": [[[-84.10340175336655, 9.930150510247548], [-84.10352460180403, 9.930166838030773], [-84.1035164794575, 9.930231935323025], [-84.10339664103248, 9.930217234145237], [-84.10340175336655, 9.930150510247548]]]}}, {"id": "462", "type": "Feature", "properties": {"id": 1000092}, "geometry": {"type": "Polygon", "coordinates": [[[-84.10236104148701, 9.930204762890058], [-84.10277753595933, 9.930267301336233], [-84.10275490071501, 9.930372329942726], [-84.10233903408155, 9.93031214616847], [-84.10236104148701, 9.930204762890058]]]}}, {"id": "463", "type": "Feature", "properties": {"id": 1000093}, "geometry": {"type": "Polygon", "coordinates": [[[-84.10218869380259, 9.930107397180304], [-84.10283023796512, 9.930191412962246], [-84.10282311946169, 9.930245810880033], [-84.10217408834997, 9.930162610790171], [-84.10218869380259, 9.930107397180304]]]}}, {"id": "464", "type": "Feature", "properties": {"id": 1859}, "geometry": {"type": "Polygon", "coordinates": [[[-84.10185398133673, 9.930067308955541], [-84.10190833668808, 9.930072265423219], [-84.10189104066953, 9.930246463823403], [-84.10186742519205, 9.930244004579944], [-84.10184134239162, 9.930188383652112], [-84.10185398133673, 9.930067308955541]]]}}, {"id": "465", "type": "Feature", "properties": {"id": 1860}, "geometry": {"type": "Polygon", "coordinates": [[[-84.099201628271, 9.930113521041216], [-84.09932184758935, 9.930127630836347], [-84.09931167444796, 9.9302130707794], [-84.09929405293127, 9.930250478166322], [-84.09914931742223, 9.93023487867575], [-84.09915286496353, 9.93020449688618], [-84.0991684459335, 9.930158649900802], [-84.099201628271, 9.930113521041216]]]}}, {"id": "466", "type": "Feature", "properties": {"id": 1861}, "geometry": {"type": "Polygon", "coordinates": [[[-84.10200411246142, 9.930033908628776], [-84.10203259760245, 9.930040575641613], [-84.10205067597401, 9.930046072580282], [-84.10208929961347, 9.930061369950408], [-84.10204232348335, 9.930247919687396], [-84.10195781154681, 9.930226424337446], [-84.10200411246142, 9.930033908628776]]]}}, {"id": "467", "type": "Feature", "properties": {"id": 1862}, "geometry": {"type": "Polygon", "coordinates": [[[-84.10195358549039, 9.930030486939197], [-84.10200411246143, 9.930033908628769], [-84.10195781154681, 9.930226424337446], [-84.10194158533479, 9.93029271268195], [-84.1018912162605, 9.930279959121629], [-84.1018940393863, 9.930217058852309], [-84.1019061315757, 9.930097431022494], [-84.10191462471253, 9.930063666844317], [-84.10195358549039, 9.930030486939197]]]}}, {"id": "468", "type": "Feature", "properties": {"id": 1863}, "geometry": {"type": "Polygon", "coordinates": [[[-84.09951160016587, 9.930132161941103], [-84.09959632476256, 9.930141552018355], [-84.09969856176927, 9.93015299297511], [-84.09972449994908, 9.930156129206367], [-84.09971976943908, 9.93019791046009], [-84.0996658603972, 9.930247264330603], [-84.09963108097884, 9.930272212478837], [-84.09958416196848, 9.930266813954635], [-84.09951288732724, 9.9302585880824], [-84.0994958394512, 9.930186598787213], [-84.09949923063242, 9.930151952887345], [-84.09951160016587, 9.930132161941103]]]}}, {"id": "469", "type": "Feature", "properties": {"id": 1864}, "geometry": {"type": "Polygon", "coordinates": [[[-84.10104482468225, 9.93015977093442], [-84.10116439089468, 9.930172196735352], [-84.10119692617106, 9.930175734286495], [-84.10118450945896, 9.930277025135375], [-84.10097639353123, 9.930252508945596], [-84.10098115058065, 9.930215415558084], [-84.10104482468225, 9.93015977093442]]]}}, {"id": "470", "type": "Feature", "properties": {"id": 1000094}, "geometry": {"type": "Polygon", "coordinates": [[[-84.09974635314751, 9.930039202229834], [-84.09985111978911, 9.930041351494848], [-84.10010335837339, 9.930077330241847], [-84.10018360236961, 9.930108906809794], [-84.10015236436455, 9.930292064532642], [-84.09977970658676, 9.9302287010608], [-84.09973709512306, 9.930166631980299], [-84.09974635314751, 9.930039202229834]]]}}, {"id": "471", "type": "Feature", "properties": {"id": 1873}, "geometry": {"type": "Polygon", "coordinates": [[[-84.10211018314484, 9.930189118317264], [-84.1021577370929, 9.930203820696503], [-84.10212327233535, 9.93030741255968], [-84.10211037699743, 9.93030958781894], [-84.10208215195594, 9.930302477517397], [-84.10211018314484, 9.930189118317264]]]}}, {"id": "472", "type": "Feature", "properties": {"id": 1871}, "geometry": {"type": "Polygon", "coordinates": [[[-84.09878337797662, 9.930151780790617], [-84.09904806211637, 9.93017912127073], [-84.09904430433421, 9.93021298713877], [-84.09903379669123, 9.930307291698965], [-84.09877633694077, 9.930279619079853], [-84.09877200714516, 9.930273766527863], [-84.09878337797662, 9.930151780790617]]]}}, {"id": "473", "type": "Feature", "properties": {"id": 1000095}, "geometry": {"type": "Polygon", "coordinates": [[[-84.10285159473734, 9.93019444924494], [-84.10299897744555, 9.930217460664942], [-84.10298305112146, 9.930323617302367], [-84.10293508261503, 9.930328424278407], [-84.10283202413672, 9.930312361447749], [-84.10285159473734, 9.93019444924494]]]}}, {"id": "474", "type": "Feature", "properties": {"id": 1000096}, "geometry": {"type": "Polygon", "coordinates": [[[-84.10308749382314, 9.930231348245286], [-84.10319447398815, 9.930248042718718], [-84.10318091287522, 9.930335120257325], [-84.1030722006632, 9.930320777204171], [-84.10308749382314, 9.930231348245286]]]}}, {"id": "475", "type": "Feature", "properties": {"id": 1879}, "geometry": {"type": "Polygon", "coordinates": [[[-84.09905072946997, 9.930224238485302], [-84.09929779123829, 9.930250848677101], [-84.09929370052079, 9.930291438014436], [-84.09926388539131, 9.930313056979127], [-84.0992306051259, 9.930335942834146], [-84.09919530572641, 9.930341048779656], [-84.09903873064165, 9.930324627231611], [-84.09905072946997, 9.930224238485302]]]}}, {"id": "476", "type": "Feature", "properties": {"id": 1883}, "geometry": {"type": "Polygon", "coordinates": [[[-84.10099505380983, 9.930254397469481], [-84.10112365269123, 9.93026938257995], [-84.10112638325795, 9.930269728962134], [-84.10114238514922, 9.930297246756242], [-84.10114206933748, 9.930301544009687], [-84.10113832628512, 9.93033883591678], [-84.10111553304463, 9.930364260747409], [-84.10101268615477, 9.93035410816745], [-84.10099077841288, 9.930289842952678], [-84.10099505380983, 9.930254397469481]]]}}, {"id": "477", "type": "Feature", "properties": {"id": 1885}, "geometry": {"type": "Polygon", "coordinates": [[[-84.10326831306709, 9.930256862733673], [-84.10349074181813, 9.930292532147487], [-84.10349401503812, 9.930318332219478], [-84.10348354087142, 9.930393273699764], [-84.10324999704007, 9.930376310702275], [-84.10326831306709, 9.930256862733673]]]}}, {"id": "478", "type": "Feature", "properties": {"id": 1892}, "geometry": {"type": "Polygon", "coordinates": [[[-84.09944530847682, 9.930255527039105], [-84.09950330068844, 9.930257637988397], [-84.09951888874788, 9.930259429969551], [-84.09972377019604, 9.930283059275498], [-84.09971028800557, 9.930407841322527], [-84.09965756442453, 9.930441130549823], [-84.09953557189502, 9.930427726011212], [-84.09941742157609, 9.930357580261935], [-84.09944530847682, 9.930255527039105]]]}}, {"id": "479", "type": "Feature", "properties": {"id": 1896}, "geometry": {"type": "Polygon", "coordinates": [[[-84.10135697374888, 9.930374454077992], [-84.10154336735503, 9.9303907202842], [-84.10153894811953, 9.93045753719011], [-84.10147583848172, 9.93045818521066], [-84.10144967262454, 9.930450961352353], [-84.10135298122864, 9.930422132246083], [-84.10135697374888, 9.930374454077992]]]}}, {"id": "480", "type": "Feature", "properties": {"id": 1897}, "geometry": {"type": "Polygon", "coordinates": [[[-84.10104444218595, 9.930389056958163], [-84.10117066472671, 9.930404751652231], [-84.10121945901125, 9.93041603923429], [-84.10121601093529, 9.930472642480966], [-84.10120870210231, 9.930471856242018], [-84.10103661806092, 9.930450453725676], [-84.10104444218595, 9.930389056958163]]]}}, {"id": "481", "type": "Feature", "properties": {"id": 1898}, "geometry": {"type": "Polygon", "coordinates": [[[-84.10172110871605, 9.930333186591081], [-84.10174471423274, 9.930338725698055], [-84.1017464935659, 9.930356603676112], [-84.1017118519528, 9.93047984878717], [-84.10165799461441, 9.930463986039857], [-84.10165954049398, 9.930335385262342], [-84.10172110871605, 9.930333186591081]]]}}, {"id": "482", "type": "Feature", "properties": {"id": 1907}, "geometry": {"type": "Polygon", "coordinates": [[[-84.1033617473462, 9.930444067836827], [-84.10347011555666, 9.930457654096172], [-84.10348752984902, 9.930475846918496], [-84.10347697366174, 9.930548094845884], [-84.10334135597141, 9.930527250053116], [-84.10331118204411, 9.930516522031692], [-84.10331623474123, 9.930462708261786], [-84.1033617473462, 9.930444067836827]]]}}, {"id": "483", "type": "Feature", "properties": {"id": 1910}, "geometry": {"type": "Polygon", "coordinates": [[[-84.10175305220632, 9.930333046779126], [-84.10190490895133, 9.930373327318835], [-84.10189680087713, 9.930400817122047], [-84.10185491329676, 9.930541946919426], [-84.10175708294194, 9.930526709319498], [-84.10170339803518, 9.930512711519365], [-84.10171406251739, 9.930471761167386], [-84.10175305220632, 9.930333046779126]]]}}, {"id": "484", "type": "Feature", "properties": {"id": 1916}, "geometry": {"type": "Polygon", "coordinates": [[[-84.10375804303216, 9.929932974990177], [-84.10406761473058, 9.92997174981014], [-84.10458810483071, 9.930050794259099], [-84.10450910339662, 9.930562272265735], [-84.10450583152318, 9.930583296574232], [-84.10365655570926, 9.930450826182765], [-84.10373591794664, 9.929937041664061], [-84.10375804303216, 9.929932974990177]]]}}, {"id": "485", "type": "Feature", "properties": {"id": 1000097}, "geometry": {"type": "Polygon", "coordinates": [[[-84.105008794193, 9.93033778217885], [-84.10528917497577, 9.930377941363979], [-84.10525660580986, 9.930586643735799], [-84.10498204113723, 9.930548010577793], [-84.105008794193, 9.93033778217885]]]}}, {"id": "486", "type": "Feature", "properties": {"id": 1000098}, "geometry": {"type": "Polygon", "coordinates": [[[-84.10048017428998, 9.930172717417662], [-84.10093225625303, 9.93022131695529], [-84.10086194432634, 9.930852712958325], [-84.10085350611445, 9.930913714183438], [-84.10084897889286, 9.930944583452835], [-84.10038779648332, 9.930895358907032], [-84.10048017428998, 9.930172717417662]]]}}, {"id": "487", "type": "Feature", "properties": {"id": 1922}, "geometry": {"type": "Polygon", "coordinates": [[[-84.10203682493452, 9.930430557823204], [-84.10208270760144, 9.930432178145239], [-84.1021550205452, 9.930452122111868], [-84.10218468159975, 9.930480883039166], [-84.1021336731331, 9.930642513683434], [-84.1020816585954, 9.930628380397506], [-84.10197996618801, 9.930592481001245], [-84.10203682493452, 9.930430557823204]]]}}, {"id": "488", "type": "Feature", "properties": {"id": 1924}, "geometry": {"type": "Polygon", "coordinates": [[[-84.10101651485475, 9.930467829422806], [-84.10107722188981, 9.930474784169753], [-84.1012115959013, 9.930496975689692], [-84.10120122977042, 9.930595716216489], [-84.10119621386279, 9.930595627316517], [-84.1010518485618, 9.930586538695632], [-84.10098836909653, 9.930579595632368], [-84.10091121227727, 9.930568316582267], [-84.10092179910691, 9.93046929569836], [-84.10101651485475, 9.930467829422806]]]}}, {"id": "489", "type": "Feature", "properties": {"id": 1926}, "geometry": {"type": "Polygon", "coordinates": [[[-84.09947736894804, 9.930393170963164], [-84.09953557189502, 9.930427726011212], [-84.09969410248972, 9.93052279939445], [-84.0996878614936, 9.93056578470917], [-84.09956299278377, 9.93065445441771], [-84.09945107045812, 9.930556236365963], [-84.09941576352541, 9.930512032049764], [-84.09941839225316, 9.930459136235747], [-84.09947736894804, 9.930393170963164]]]}}, {"id": "490", "type": "Feature", "properties": {"id": 1927}, "geometry": {"type": "Polygon", "coordinates": [[[-84.10219074646078, 9.930459131045563], [-84.10221348359775, 9.930465041228876], [-84.10222927327624, 9.930471884598894], [-84.10227320862242, 9.930518683452165], [-84.1022205132951, 9.930665460834494], [-84.1021336731331, 9.930642513683434], [-84.10219074646078, 9.930459131045563]]]}}, {"id": "491", "type": "Feature", "properties": {"id": 1000099}, "geometry": {"type": "Polygon", "coordinates": [[[-84.09977970658676, 9.9302287010608], [-84.1000542302614, 9.930274552668756], [-84.0999899750512, 9.930659707699517], [-84.09971511068018, 9.930613673986327], [-84.09977970658676, 9.9302287010608]]]}}, {"id": "492", "type": "Feature", "properties": {"id": 1934}, "geometry": {"type": "Polygon", "coordinates": [[[-84.10228706349938, 9.930488215367697], [-84.10237478075236, 9.93051484957524], [-84.1023191267306, 9.930699901900143], [-84.1022205132951, 9.930665460834494], [-84.10227320862242, 9.930518683452165], [-84.10228706349938, 9.930488215367697]]]}}, {"id": "493", "type": "Feature", "properties": {"id": 1935}, "geometry": {"type": "Polygon", "coordinates": [[[-84.09906167805035, 9.930487992908683], [-84.09913813266093, 9.930590233965459], [-84.09913334765871, 9.930632239615306], [-84.09906286736047, 9.930684070521504], [-84.0990123786639, 9.930616131041852], [-84.09902155990805, 9.930517481346593], [-84.09906167805035, 9.930487992908683]]]}}, {"id": "494", "type": "Feature", "properties": {"id": 1952}, "geometry": {"type": "Polygon", "coordinates": [[[-84.09927638825887, 9.930497069032171], [-84.0992844257934, 9.930520666312145], [-84.09933322395955, 9.930665575156041], [-84.09926161924479, 9.930731867749138], [-84.09913323453732, 9.930719025713657], [-84.09913272608895, 9.930716492756202], [-84.09914126604454, 9.93061081120581], [-84.0991506259211, 9.930537612958648], [-84.09927638825887, 9.930497069032171]]]}}, {"id": "495", "type": "Feature", "properties": {"id": 1953}, "geometry": {"type": "Polygon", "coordinates": [[[-84.10243218935697, 9.930484714987958], [-84.10278942387336, 9.930525565047724], [-84.10276295647688, 9.930753067009647], [-84.10240572171647, 9.930712216924677], [-84.10243218935697, 9.930484714987958]]]}}, {"id": "496", "type": "Feature", "properties": {"id": 1955}, "geometry": {"type": "Polygon", "coordinates": [[[-84.09940837368568, 9.930502721105698], [-84.09945107045813, 9.930556236365957], [-84.09945744485611, 9.930571531531928], [-84.09949224770824, 9.930677891807205], [-84.09943604895219, 9.93073746906601], [-84.09941104105332, 9.930745048194604], [-84.09940446516201, 9.930746070800065], [-84.09935883447807, 9.930742074554175], [-84.09929120156204, 9.93054103114684], [-84.09940837368568, 9.930502721105698]]]}}, {"id": "497", "type": "Feature", "properties": {"id": 1966}, "geometry": {"type": "Polygon", "coordinates": [[[-84.09913323453732, 9.930719025713657], [-84.0991346153004, 9.930719116627118], [-84.09928036483917, 9.930733713979391], [-84.09927322349142, 9.930804325337228], [-84.09912641872934, 9.930783881045182], [-84.09913323453732, 9.930719025713657]]]}}, {"id": "498", "type": "Feature", "properties": {"id": 1000100}, "geometry": {"type": "Polygon", "coordinates": [[[-84.09928036483916, 9.930733713979386], [-84.09940446516201, 9.930746070800058], [-84.09940169336446, 9.930790756722656], [-84.09936697975043, 9.930809391736112], [-84.09931973485723, 9.930810418125361], [-84.09927322349142, 9.930804325337228], [-84.09928036483916, 9.930733713979386]]]}}, {"id": "499", "type": "Feature", "properties": {"id": 1970}, "geometry": {"type": "Polygon", "coordinates": [[[-84.10292513672233, 9.930559159092542], [-84.10311357009085, 9.93056643216938], [-84.10323381434083, 9.930589455472335], [-84.10341225330671, 9.930651597624163], [-84.10338166848416, 9.93082030424038], [-84.10337829507365, 9.930837690115345], [-84.10307996892217, 9.930780727969397], [-84.10289044841322, 9.930744528411966], [-84.10292226208033, 9.930573436209794], [-84.10292513672233, 9.930559159092542]]]}}, {"id": "500", "type": "Feature", "properties": {"id": 1973}, "geometry": {"type": "Polygon", "coordinates": [[[-84.10111387082259, 9.930733438541203], [-84.10117416246477, 9.930738104013816], [-84.1011648500373, 9.930832654031072], [-84.10101669483934, 9.930823281151186], [-84.1010210299155, 9.930744432887437], [-84.10111387082259, 9.930733438541203]]]}}, {"id": "501", "type": "Feature", "properties": {"id": 1981}, "geometry": {"type": "Polygon", "coordinates": [[[-84.09910575757375, 9.930783241186276], [-84.09912641872934, 9.930783881045182], [-84.09922426024896, 9.93079750662565], [-84.09921343056345, 9.930872375728164], [-84.09907890951068, 9.930859992852103], [-84.09907845072055, 9.930838970422737], [-84.09910575757375, 9.930783241186276]]]}}, {"id": "502", "type": "Feature", "properties": {"id": 1982}, "geometry": {"type": "Polygon", "coordinates": [[[-84.10086594927228, 9.930813303668542], [-84.10116658191706, 9.930832757488487], [-84.1011606046177, 9.93093259174246], [-84.10112149061933, 9.930930507405785], [-84.10085858040765, 9.930914131886922], [-84.10085350611445, 9.930913714183438], [-84.10086594927228, 9.930813303668542]]]}}, {"id": "503", "type": "Feature", "properties": {"id": 1983}, "geometry": {"type": "Polygon", "coordinates": [[[-84.10366609581126, 9.930491031907613], [-84.10447285556407, 9.93063577816964], [-84.10443146925635, 9.930868726319634], [-84.10362313745748, 9.930726387402535], [-84.10366609581126, 9.930491031907613]]]}}, {"id": "504", "type": "Feature", "properties": {"id": 1990}, "geometry": {"type": "Polygon", "coordinates": [[[-84.0999231645717, 9.93084023805206], [-84.10005714222416, 9.930866329013288], [-84.10006990054218, 9.930882601458396], [-84.10006372367141, 9.930918366308502], [-84.09996076995039, 9.930925179313606], [-84.09991463386181, 9.93092245438342], [-84.0999179602337, 9.930883284408171], [-84.0999231645717, 9.93084023805206]]]}}, {"id": "505", "type": "Feature", "properties": {"id": 1995}, "geometry": {"type": "Polygon", "coordinates": [[[-84.09971318789783, 9.930798520030187], [-84.09981715962871, 9.93081874281414], [-84.09991827704717, 9.930880664028614], [-84.09991204595747, 9.930947418259073], [-84.09978711264222, 9.931129724814387], [-84.09973187287899, 9.931197325668721], [-84.09969976807608, 9.931191603863644], [-84.0996684473906, 9.931180571290032], [-84.09971318789783, 9.930798520030187]]]}}, {"id": "506", "type": "Feature", "properties": {"id": 1000101}, "geometry": {"type": "Polygon", "coordinates": [[[-84.09909569598032, 9.930877536982655], [-84.0991480113721, 9.930882530761764], [-84.09921203539582, 9.93088975159756], [-84.0992030292498, 9.930964078571167], [-84.09908659510229, 9.93095089411073], [-84.09909569598032, 9.930877536982655]]]}}, {"id": "507", "type": "Feature", "properties": {"id": 1999}, "geometry": {"type": "Polygon", "coordinates": [[[-84.10085858040765, 9.930914131886922], [-84.10095414493381, 9.930917666528046], [-84.1010097503513, 9.930921003604738], [-84.10117064729992, 9.93093279831977], [-84.10115881351464, 9.931030990092985], [-84.10105227668946, 9.93101919652321], [-84.10094098459737, 9.93100620767393], [-84.1008590235278, 9.930980161250215], [-84.10085858040765, 9.930914131886922]]]}}, {"id": "508", "type": "Feature", "properties": {"id": 2001}, "geometry": {"type": "Polygon", "coordinates": [[[-84.0993055813899, 9.930880204831366], [-84.09946594068349, 9.930897059135711], [-84.09945793498984, 9.930971233914143], [-84.09937931920709, 9.930960768715872], [-84.0993380960792, 9.930955265422584], [-84.09929778495913, 9.930949852272047], [-84.0993055813899, 9.930880204831366]]]}}, {"id": "509", "type": "Feature", "properties": {"id": 2005}, "geometry": {"type": "Polygon", "coordinates": [[[-84.09997568463557, 9.930916080404264], [-84.10008177835313, 9.930920669497672], [-84.10009487413775, 9.93094087813029], [-84.10009096494264, 9.93098129652884], [-84.09996889061591, 9.930968162886696], [-84.0999703184252, 9.930924212402903], [-84.09997568463557, 9.930916080404264]]]}}, {"id": "510", "type": "Feature", "properties": {"id": 2012}, "geometry": {"type": "Polygon", "coordinates": [[[-84.09908659510229, 9.93095089411073], [-84.0991454539829, 9.930957406471403], [-84.09920302924981, 9.930964078571176], [-84.09919493273107, 9.931030629252628], [-84.09907831576898, 9.931016133770436], [-84.09908659510229, 9.93095089411073]]]}}, {"id": "511", "type": "Feature", "properties": {"id": 2018}, "geometry": {"type": "Polygon", "coordinates": [[[-84.09996710585428, 9.930970975717452], [-84.10011916754658, 9.930984160861325], [-84.10011449276747, 9.931048013684995], [-84.09996050223619, 9.931030924167318], [-84.09996710585428, 9.930970975717452]]]}}, {"id": "512", "type": "Feature", "properties": {"id": 1000102}, "geometry": {"type": "Polygon", "coordinates": [[[-84.10289231752732, 9.930943183349584], [-84.10317842245063, 9.930997527287685], [-84.10316549517546, 9.931070228030098], [-84.10298336126796, 9.931033212477654], [-84.10288622001073, 9.930983873707678], [-84.10289231752732, 9.930943183349584]]]}}, {"id": "513", "type": "Feature", "properties": {"id": 1000103}, "geometry": {"type": "Polygon", "coordinates": [[[-84.10470359828273, 9.931033807780858], [-84.10476852795318, 9.931044971662612], [-84.10476110839224, 9.931099155366653], [-84.10472709757252, 9.931093201103508], [-84.10469509222021, 9.931087329054806], [-84.10470359828273, 9.931033807780858]]]}}, {"id": "514", "type": "Feature", "properties": {"id": 2035}, "geometry": {"type": "Polygon", "coordinates": [[[-84.10092243157457, 9.931004248113842], [-84.10094098459737, 9.93100620767393], [-84.10115881351464, 9.931030990092985], [-84.10114825820942, 9.931105360493735], [-84.1011033017427, 9.931100998729786], [-84.10098455836632, 9.931089194285038], [-84.10083745151738, 9.931074405493945], [-84.10084036216313, 9.931049358593832], [-84.10092243157457, 9.931004248113842]]]}}, {"id": "515", "type": "Feature", "properties": {"id": 2036}, "geometry": {"type": "Polygon", "coordinates": [[[-84.09996050223619, 9.931030924167318], [-84.10008132514703, 9.931044332814912], [-84.10007892199576, 9.931069910075138], [-84.1000619591679, 9.93110581053531], [-84.09995417037416, 9.931094267792247], [-84.09996050223619, 9.931030924167318]]]}}, {"id": "516", "type": "Feature", "properties": {"id": 2037}, "geometry": {"type": "Polygon", "coordinates": [[[-84.0990777864585, 9.931028940700633], [-84.0991410425886, 9.931036173405738], [-84.09919430405687, 9.931042351291325], [-84.09918638952097, 9.931107545635456], [-84.09914144217774, 9.931103119407947], [-84.09908843999189, 9.931097899877052], [-84.09907060208346, 9.931096124040616], [-84.0990777864585, 9.931028940700633]]]}}, {"id": "517", "type": "Feature", "properties": {"id": 1904}, "geometry": {"type": "Polygon", "coordinates": [[[-84.10326135639868, 9.931020117419115], [-84.1034091959772, 9.93104466563285], [-84.10339844299793, 9.9311118483529], [-84.1032630460723, 9.931089035949], [-84.10324960525112, 9.93106270832577], [-84.10326135639868, 9.931020117419115]]]}}, {"id": "518", "type": "Feature", "properties": {"id": 1000104}, "geometry": {"type": "Polygon", "coordinates": [[[-84.1019420597703, 9.930717056407557], [-84.1021771763642, 9.930744471936942], [-84.10213730141417, 9.931103623271502], [-84.10190204465613, 9.931077930238992], [-84.1019420597703, 9.930717056407557]]]}}, {"id": "519", "type": "Feature", "properties": {"id": 1000105}, "geometry": {"type": "Polygon", "coordinates": [[[-84.10478490531325, 9.931043723836101], [-84.1048367149868, 9.931051495125907], [-84.10487799562854, 9.931057778481316], [-84.10497994394562, 9.931073818625766], [-84.10497411031183, 9.93112253399046], [-84.10477773400417, 9.93109028561741], [-84.10478490531325, 9.931043723836101]]]}}, {"id": "520", "type": "Feature", "properties": {"id": 1000106}, "geometry": {"type": "Polygon", "coordinates": [[[-84.10441533909291, 9.931039717905529], [-84.10451661885074, 9.931055592707821], [-84.10451061834489, 9.931105302271106], [-84.1045059485779, 9.931135459727965], [-84.10440366660251, 9.93112124215874], [-84.10440866693253, 9.931079486139634], [-84.10441533909291, 9.931039717905529]]]}}, {"id": "521", "type": "Feature", "properties": {"id": 2049}, "geometry": {"type": "Polygon", "coordinates": [[[-84.09927418605244, 9.930946813628221], [-84.0993199725324, 9.93095283171127], [-84.09937600671226, 9.930960326493828], [-84.0993530212011, 9.93114381254351], [-84.09931150124461, 9.931140881017678], [-84.09926794840872, 9.931125835773324], [-84.09925653914729, 9.931097366264929], [-84.09927418605244, 9.930946813628221]]]}}, {"id": "522", "type": "Feature", "properties": {"id": 2050}, "geometry": {"type": "Polygon", "coordinates": [[[-84.10355763215509, 9.931035213615417], [-84.10384449202104, 9.931083993667125], [-84.10383363786394, 9.931142797007459], [-84.10372788194402, 9.931143199700085], [-84.10371058502206, 9.931143205068178], [-84.10354470787698, 9.931113430993516], [-84.10355205186278, 9.931064721137387], [-84.10355763215509, 9.931035213615417]]]}}, {"id": "523", "type": "Feature", "properties": {"id": 2053}, "geometry": {"type": "Polygon", "coordinates": [[[-84.09937931920709, 9.930960768715872], [-84.09942427860969, 9.930966675264221], [-84.09945333976015, 9.931011371764084], [-84.0994361169546, 9.931155150154], [-84.09935281410209, 9.931145462749358], [-84.09936470417937, 9.931048328553906], [-84.09937425356324, 9.930985809316734], [-84.09937931920709, 9.930960768715872]]]}}, {"id": "524", "type": "Feature", "properties": {"id": 2055}, "geometry": {"type": "Polygon", "coordinates": [[[-84.10498195010013, 9.931076054841482], [-84.10507077911126, 9.931090856386747], [-84.1051469900139, 9.93110392210939], [-84.10514478533864, 9.931134120222083], [-84.10514282930143, 9.931157939103517], [-84.10497595045844, 9.931128249796375], [-84.10498195010013, 9.931076054841482]]]}}, {"id": "525", "type": "Feature", "properties": {"id": 2063}, "geometry": {"type": "Polygon", "coordinates": [[[-84.09995417037416, 9.931094267792245], [-84.10005731878701, 9.931105810536648], [-84.10010291933675, 9.931110950754455], [-84.10010024907314, 9.931173059964234], [-84.10004958601805, 9.931168382698162], [-84.09994689360322, 9.931156930234064], [-84.09995417037416, 9.931094267792245]]]}}, {"id": "526", "type": "Feature", "properties": {"id": 2064}, "geometry": {"type": "Polygon", "coordinates": [[[-84.09952843629914, 9.930910700552204], [-84.09959424728997, 9.930919229431725], [-84.09959399698275, 9.930921763776063], [-84.09956586912634, 9.93116947800225], [-84.09950054685008, 9.931161830623195], [-84.09952843629914, 9.930910700552204]]]}}, {"id": "527", "type": "Feature", "properties": {"id": 2065}, "geometry": {"type": "Polygon", "coordinates": [[[-84.09908165789842, 9.93109789987716], [-84.09914144217774, 9.931103119407952], [-84.09918638952097, 9.931107545635465], [-84.09917774720009, 9.931178707839612], [-84.09904813208229, 9.931168577017962], [-84.09905027379627, 9.931153458061464], [-84.09908165789842, 9.93109789987716]]]}}, {"id": "528", "type": "Feature", "properties": {"id": 2066}, "geometry": {"type": "Polygon", "coordinates": [[[-84.1030635918725, 9.931067878649882], [-84.10339441531852, 9.931116287286965], [-84.1033842341763, 9.931180670462002], [-84.10331209265813, 9.93116821497079], [-84.1030518733451, 9.931123151395536], [-84.10305933034137, 9.931087184493439], [-84.1030635918725, 9.931067878649882]]]}}, {"id": "529", "type": "Feature", "properties": {"id": 2067}, "geometry": {"type": "Polygon", "coordinates": [[[-84.09959424728997, 9.930919229431725], [-84.09966135387444, 9.930927926218986], [-84.09963731444843, 9.931177897518408], [-84.09956586912634, 9.93116947800225], [-84.09959424728997, 9.930919229431725]]]}}, {"id": "530", "type": "Feature", "properties": {"id": 1000107}, "geometry": {"type": "Polygon", "coordinates": [[[-84.10462949496092, 9.93107898213681], [-84.10482140121123, 9.931112557537304], [-84.10481122898763, 9.931181820103607], [-84.10476134035547, 9.931171479977507], [-84.1046208224512, 9.931134657460715], [-84.10462949496092, 9.93107898213681]]]}}, {"id": "531", "type": "Feature", "properties": {"id": 2072}, "geometry": {"type": "Polygon", "coordinates": [[[-84.10354470787698, 9.931113430993516], [-84.10371058502206, 9.931143205068178], [-84.10370270959403, 9.93118976330417], [-84.10353721674996, 9.931163652776727], [-84.10354470787698, 9.931113430993516]]]}}, {"id": "532", "type": "Feature", "properties": {"id": 1000108}, "geometry": {"type": "Polygon", "coordinates": [[[-84.10482290169621, 9.931101289991128], [-84.10494670252562, 9.931122211213394], [-84.1050219528219, 9.93113631284284], [-84.1050100074789, 9.931220627490188], [-84.10492646600288, 9.931206057864287], [-84.10481122898763, 9.931181820103607], [-84.10482290169621, 9.931101289991128]]]}}, {"id": "533", "type": "Feature", "properties": {"id": 1000109}, "geometry": {"type": "Polygon", "coordinates": [[[-84.10371058502206, 9.931143205068178], [-84.10379479443252, 9.931156419127902], [-84.10381701958637, 9.931183991805614], [-84.10381076660437, 9.931221503734603], [-84.10371002037137, 9.931207411006728], [-84.10369999259292, 9.931205591503227], [-84.10371058502206, 9.931143205068178]]]}}, {"id": "534", "type": "Feature", "properties": {"id": 2083}, "geometry": {"type": "Polygon", "coordinates": [[[-84.09994689360322, 9.93115693023406], [-84.10010024907314, 9.931173059964234], [-84.10009203916954, 9.931245226600636], [-84.09993979533272, 9.931221968517583], [-84.09994689360322, 9.93115693023406]]]}}, {"id": "535", "type": "Feature", "properties": {"id": 1000110}, "geometry": {"type": "Polygon", "coordinates": [[[-84.10410938941284, 9.93112212099758], [-84.10427317506507, 9.931147420856526], [-84.10425832899003, 9.931234413940244], [-84.10409738428389, 9.931208947497415], [-84.10410938941284, 9.93112212099758]]]}}, {"id": "536", "type": "Feature", "properties": {"id": 1000111}, "geometry": {"type": "Polygon", "coordinates": [[[-84.10440870396253, 9.931130270814775], [-84.10454575048969, 9.931155744584924], [-84.10454075608135, 9.93121605814014], [-84.1045197040155, 9.93123197118428], [-84.10440175325398, 9.931213823322905], [-84.1043967811297, 9.931212872145442], [-84.10440870396253, 9.931130270814775]]]}}, {"id": "537", "type": "Feature", "properties": {"id": 2089}, "geometry": {"type": "Polygon", "coordinates": [[[-84.1050219528219, 9.93113631284284], [-84.10514282930143, 9.931157939103517], [-84.1051775505674, 9.931164431600642], [-84.10518632495213, 9.93116625145435], [-84.10518190755762, 9.931201503878237], [-84.10517499141923, 9.931247520424874], [-84.1050100074789, 9.931220627490188], [-84.1050219528219, 9.93113631284284]]]}}, {"id": "538", "type": "Feature", "properties": {"id": 2091}, "geometry": {"type": "Polygon", "coordinates": [[[-84.0990274380077, 9.931166927944629], [-84.0991777472001, 9.93117870783961], [-84.09916910490293, 9.93124996046213], [-84.09903993460077, 9.931241862482524], [-84.09901868594594, 9.931239982222559], [-84.0990274380077, 9.931166927944629]]]}}, {"id": "539", "type": "Feature", "properties": {"id": 1000112}, "geometry": {"type": "Polygon", "coordinates": [[[-84.10247960700015, 9.930951238277565], [-84.10273907449408, 9.93098135850768], [-84.10300882862411, 9.931120289925547], [-84.10298193588508, 9.931259025134787], [-84.1027116122763, 9.931235805581846], [-84.1024496101143, 9.93120543655388], [-84.1024585048382, 9.931130002808517], [-84.10247960700015, 9.930951238277565]]]}}, {"id": "540", "type": "Feature", "properties": {"id": 2097}, "geometry": {"type": "Polygon", "coordinates": [[[-84.10325112192339, 9.931163606527532], [-84.10337898832782, 9.931185357939798], [-84.10336642784512, 9.931264297475497], [-84.10329715933024, 9.931252745281121], [-84.10322789082007, 9.931241193072358], [-84.10323562963505, 9.931199778851278], [-84.10325112192339, 9.931163606527532]]]}}, {"id": "541", "type": "Feature", "properties": {"id": 1000113}, "geometry": {"type": "Polygon", "coordinates": [[[-84.10369999259292, 9.931205591503227], [-84.10381076660437, 9.931221503734603], [-84.10380372928208, 9.931261846557316], [-84.103772933658, 9.93127776068444], [-84.10370621534473, 9.93126433882544], [-84.10369121536807, 9.93126093545214], [-84.10369999259292, 9.931205591503227]]]}}, {"id": "542", "type": "Feature", "properties": {"id": 1002437}, "geometry": {"type": "Polygon", "coordinates": [[[-84.10460510356391, 9.931170099819115], [-84.10480331654561, 9.931197086986824], [-84.10479097845383, 9.931287351728683], [-84.10459009135243, 9.931259909737438], [-84.10460510356391, 9.931170099819115]]]}}, {"id": "543", "type": "Feature", "properties": {"id": 1000114}, "geometry": {"type": "Polygon", "coordinates": [[[-84.10433161687307, 9.931252451528723], [-84.10436782601927, 9.931258886168324], [-84.10439562353496, 9.93126445781209], [-84.10438571730529, 9.93132419864229], [-84.1043729295444, 9.93138765641748], [-84.10432925300086, 9.931378892277335], [-84.104314936539, 9.931352203493066], [-84.10433161687307, 9.931252451528723]]]}}, {"id": "544", "type": "Feature", "properties": {"id": 1000115}, "geometry": {"type": "Polygon", "coordinates": [[[-84.10480331654561, 9.931197086986824], [-84.10499731148508, 9.931229418938324], [-84.10498480596792, 9.931318565316307], [-84.10479097845383, 9.931287351728683], [-84.10480206585427, 9.931205579108715], [-84.10480331654561, 9.931197086986824]]]}}, {"id": "545", "type": "Feature", "properties": {"id": 2113}, "geometry": {"type": "Polygon", "coordinates": [[[-84.09905758879931, 9.93124290533686], [-84.09916910490293, 9.93124996046213], [-84.09916037159526, 9.931324307267484], [-84.09904857827273, 9.93131229497075], [-84.09905758879931, 9.93124290533686]]]}}, {"id": "546", "type": "Feature", "properties": {"id": 2116}, "geometry": {"type": "Polygon", "coordinates": [[[-84.10504745147544, 9.931241830103668], [-84.10517597412324, 9.931264655217493], [-84.10516262971116, 9.931343363251587], [-84.10503611263361, 9.931321034579604], [-84.10504745147544, 9.931241830103668]]]}}, {"id": "547", "type": "Feature", "properties": {"id": 2117}, "geometry": {"type": "Polygon", "coordinates": [[[-84.10081425024279, 9.931224352886339], [-84.10112276132938, 9.931257774452007], [-84.10110221719468, 9.931425103748456], [-84.10079823169727, 9.93138618238737], [-84.10081425024279, 9.931224352886339]]]}}, {"id": "548", "type": "Feature", "properties": {"id": 1000117}, "geometry": {"type": "Polygon", "coordinates": [[[-84.10388964295196, 9.931173885374527], [-84.10407749607924, 9.93120605407651], [-84.1040643243001, 9.931302988167825], [-84.10404018213643, 9.931324121451349], [-84.10399380405067, 9.931317011117772], [-84.10394784360982, 9.931309403570996], [-84.10386895862558, 9.931295841330027], [-84.10388964295196, 9.931173885374527]]]}}, {"id": "549", "type": "Feature", "properties": {"id": 1000118}, "geometry": {"type": "Polygon", "coordinates": [[[-84.10369121536807, 9.93126093545214], [-84.103772933658, 9.93127776068444], [-84.1037947131653, 9.931301362391693], [-84.10378695546545, 9.931343553514097], [-84.10367911871998, 9.931322908122148], [-84.10369121536807, 9.93126093545214]]]}}, {"id": "550", "type": "Feature", "properties": {"id": 1000119}, "geometry": {"type": "Polygon", "coordinates": [[[-84.10407749607924, 9.93120605407651], [-84.10409738428389, 9.931208947497415], [-84.10413774579821, 9.931215314076338], [-84.10420259163736, 9.93122556678601], [-84.10418649502975, 9.931321673332143], [-84.10416845320356, 9.931344213107435], [-84.10407753502939, 9.931328997743359], [-84.1040643243001, 9.931302988167825], [-84.10407382767931, 9.931232068908477], [-84.10407749607924, 9.93120605407651]]]}}, {"id": "551", "type": "Feature", "properties": {"id": 2127}, "geometry": {"type": "Polygon", "coordinates": [[[-84.10137042912372, 9.931103401140241], [-84.10173239416562, 9.931145695778353], [-84.10170484388263, 9.931377469371881], [-84.10134286763852, 9.9313351530099], [-84.10137042912372, 9.931103401140241]]]}}, {"id": "552", "type": "Feature", "properties": {"id": 1000120}, "geometry": {"type": "Polygon", "coordinates": [[[-84.10426614423258, 9.931241909078171], [-84.10433161687307, 9.931252451528723], [-84.104314936539, 9.931352203493066], [-84.10429355117321, 9.931371140511347], [-84.10425013932657, 9.931363615056988], [-84.10426280887785, 9.931264112885456], [-84.10426614423258, 9.931241909078171]]]}}, {"id": "553", "type": "Feature", "properties": {"id": 2131}, "geometry": {"type": "Polygon", "coordinates": [[[-84.10356205681788, 9.931167296354566], [-84.10370270959403, 9.93118976330417], [-84.10369121536807, 9.93126093545214], [-84.10368550128479, 9.931291921683524], [-84.10367390213437, 9.931351802455223], [-84.10366860735583, 9.931377424146698], [-84.1035581347808, 9.931357906707314], [-84.10353356671189, 9.931353440627571], [-84.10355437781321, 9.931210656430364], [-84.10356205681788, 9.931167296354566]]]}}, {"id": "554", "type": "Feature", "properties": {"id": 1000121}, "geometry": {"type": "Polygon", "coordinates": [[[-84.10419783733454, 9.9312527418038], [-84.10420694579894, 9.931254064502134], [-84.10426280887785, 9.931264112885456], [-84.10425109813775, 9.931356904220234], [-84.10420346669476, 9.931349959999046], [-84.10418649502975, 9.931321673332143], [-84.10419783733454, 9.9312527418038]]]}}, {"id": "555", "type": "Feature", "properties": {"id": 2135}, "geometry": {"type": "Polygon", "coordinates": [[[-84.09904857827273, 9.93131229497075], [-84.09916037159526, 9.931324307267484], [-84.09915163839302, 9.931396554523372], [-84.09903768416785, 9.931382959331069], [-84.09904857827273, 9.93131229497075]]]}}, {"id": "556", "type": "Feature", "properties": {"id": 2136}, "geometry": {"type": "Polygon", "coordinates": [[[-84.1030736557503, 9.931220241484477], [-84.10318330305759, 9.931239297826542], [-84.10334963625878, 9.93126916326473], [-84.10334527024679, 9.931305693827639], [-84.10328778883913, 9.931339826627774], [-84.10320692240353, 9.931373906964419], [-84.10315543459642, 9.931364998282685], [-84.10306428607356, 9.93129583452805], [-84.1030736557503, 9.931220241484477]]]}}, {"id": "557", "type": "Feature", "properties": {"id": 2138}, "geometry": {"type": "Polygon", "coordinates": [[[-84.09941902698058, 9.931273506954321], [-84.09948012997086, 9.93127851958831], [-84.09946790186025, 9.931392345506195], [-84.09943027025749, 9.931398435612012], [-84.09940532173681, 9.93139676609506], [-84.09941902698058, 9.931273506954321]]]}}, {"id": "558", "type": "Feature", "properties": {"id": 1000122}, "geometry": {"type": "Polygon", "coordinates": [[[-84.10367911871998, 9.931322908122148], [-84.10371368596243, 9.931328794588174], [-84.10378695546545, 9.931343553514097], [-84.10377991053237, 9.931381076254818], [-84.10375037802157, 9.93139417430439], [-84.10367189154076, 9.931381971848548], [-84.10367036303234, 9.93138032321716], [-84.10366860735583, 9.931377424146698], [-84.10367911871998, 9.931322908122148]]]}}, {"id": "559", "type": "Feature", "properties": {"id": 2141}, "geometry": {"type": "Polygon", "coordinates": [[[-84.09994372547683, 9.931321348760157], [-84.10005390456975, 9.93133239286165], [-84.10004569277432, 9.931403188760251], [-84.09993446699941, 9.931393076838686], [-84.09994137972821, 9.931332855815846], [-84.09994372547683, 9.931321348760157]]]}}, {"id": "560", "type": "Feature", "properties": {"id": 2142}, "geometry": {"type": "Polygon", "coordinates": [[[-84.09948012997086, 9.93127851958831], [-84.09953658233876, 9.931285839388469], [-84.09952382986376, 9.931413447811906], [-84.09949988546195, 9.931411306363673], [-84.09946790186025, 9.931392345506195], [-84.09948012997086, 9.93127851958831]]]}}, {"id": "561", "type": "Feature", "properties": {"id": 2143}, "geometry": {"type": "Polygon", "coordinates": [[[-84.09953658233876, 9.931285839388469], [-84.09959710377453, 9.931290380535053], [-84.09958487586285, 9.931404730500311], [-84.09954988737672, 9.93141186791911], [-84.09952393425779, 9.93140909821866], [-84.09952646232496, 9.93137933178732], [-84.09953658233876, 9.931285839388469]]]}}, {"id": "562", "type": "Feature", "properties": {"id": 2145}, "geometry": {"type": "Polygon", "coordinates": [[[-84.09974773197597, 9.931299372061591], [-84.09985648995413, 9.931312037472338], [-84.09987385894493, 9.931330354892772], [-84.09986198040747, 9.931443465656614], [-84.09976485916316, 9.931433499213183], [-84.09973700295565, 9.931429839223286], [-84.09974773197597, 9.931299372061591]]]}}, {"id": "563", "type": "Feature", "properties": {"id": 2149}, "geometry": {"type": "Polygon", "coordinates": [[[-84.09965799325009, 9.931291104362645], [-84.09974773197597, 9.931299372061591], [-84.09974585404997, 9.931335299110424], [-84.09974058634069, 9.931394203186905], [-84.09973700295565, 9.931429839223286], [-84.09968303555257, 9.931425034125375], [-84.09964355100288, 9.931421272787626], [-84.09965799325009, 9.931291104362645]]]}}, {"id": "564", "type": "Feature", "properties": {"id": 2150}, "geometry": {"type": "Polygon", "coordinates": [[[-84.10350766335326, 9.931354277112934], [-84.1036686920924, 9.931381152196955], [-84.10365993462383, 9.931432933754206], [-84.10351787022134, 9.931409950870188], [-84.10350072393712, 9.93140661068377], [-84.10350766335326, 9.931354277112934]]]}}, {"id": "565", "type": "Feature", "properties": {"id": 1000123}, "geometry": {"type": "Polygon", "coordinates": [[[-84.10367189154076, 9.931381971848548], [-84.10370642141245, 9.931387312528786], [-84.10375037802157, 9.93139417430439], [-84.10377284752067, 9.931420277196786], [-84.10376669273846, 9.931451089679026], [-84.10366297562612, 9.931433615644847], [-84.10367189154076, 9.931381971848548]]]}}, {"id": "566", "type": "Feature", "properties": {"id": 2156}, "geometry": {"type": "Polygon", "coordinates": [[[-84.09903475621664, 9.931382610018064], [-84.09914336423255, 9.931395567384193], [-84.09913461248316, 9.931473564170101], [-84.09902597732717, 9.93146141877079], [-84.09903475621664, 9.931382610018064]]]}}, {"id": "567", "type": "Feature", "properties": {"id": 2159}, "geometry": {"type": "Polygon", "coordinates": [[[-84.09959710377453, 9.931290380535053], [-84.09965746256765, 9.931296461478286], [-84.09964844648282, 9.931387476733518], [-84.09964355100288, 9.931421272787626], [-84.09963556563316, 9.931475899700184], [-84.0995785523071, 9.93146793204672], [-84.09958487586285, 9.931404730500311], [-84.09959710377453, 9.931290380535053]]]}}, {"id": "568", "type": "Feature", "properties": {"id": 2160}, "geometry": {"type": "Polygon", "coordinates": [[[-84.09993446699941, 9.931393076838686], [-84.10004569277433, 9.931403188760251], [-84.1000375319115, 9.931473541590783], [-84.09992694871733, 9.931459880496927], [-84.09993446699941, 9.931393076838686]]]}}, {"id": "569", "type": "Feature", "properties": {"id": 1000124}, "geometry": {"type": "Polygon", "coordinates": [[[-84.10388046021643, 9.931400569357617], [-84.10393714000469, 9.931409368835782], [-84.10395488126055, 9.931441904197586], [-84.1039466181527, 9.931498750400827], [-84.10393370231675, 9.931497174612973], [-84.10386818556086, 9.931489162447345], [-84.10388046021643, 9.931400569357617]]]}}, {"id": "570", "type": "Feature", "properties": {"id": 1000125}, "geometry": {"type": "Polygon", "coordinates": [[[-84.10397795501115, 9.931418007457463], [-84.1040298849005, 9.931424928796133], [-84.10401658452231, 9.931512886852895], [-84.1039460736906, 9.93150212829261], [-84.10395488126055, 9.931441904197586], [-84.10397795501115, 9.931418007457463]]]}}, {"id": "571", "type": "Feature", "properties": {"id": 1000126}, "geometry": {"type": "Polygon", "coordinates": [[[-84.10438108669918, 9.93139112052629], [-84.10444860702924, 9.931403029275348], [-84.10443604566949, 9.931500224410293], [-84.10441114745164, 9.931522842288011], [-84.10435993364771, 9.931514396025719], [-84.10438108669918, 9.93139112052629]]]}}, {"id": "572", "type": "Feature", "properties": {"id": 1000127}, "geometry": {"type": "Polygon", "coordinates": [[[-84.10444860702924, 9.931403029275348], [-84.10451345301989, 9.931413613308804], [-84.10450961911349, 9.931444598965232], [-84.10449861015955, 9.931510547937386], [-84.10447623156635, 9.931533267548508], [-84.10443248629917, 9.931525612299211], [-84.10444860702924, 9.931403029275348]]]}}, {"id": "573", "type": "Feature", "properties": {"id": 2177}, "geometry": {"type": "Polygon", "coordinates": [[[-84.09992694871733, 9.931459880496927], [-84.10006927002092, 9.931477420098393], [-84.10006240128564, 9.931543286061201], [-84.09991945271842, 9.93152527870763], [-84.09992694871733, 9.931459880496927]]]}}, {"id": "574", "type": "Feature", "properties": {"id": 2178}, "geometry": {"type": "Polygon", "coordinates": [[[-84.09964355100288, 9.931421272787626], [-84.09973700295565, 9.931429839223286], [-84.09985186275804, 9.931442277159318], [-84.09984773931225, 9.93151560749656], [-84.099826058889, 9.931582780964867], [-84.09969830429598, 9.931571136532451], [-84.09963392898486, 9.931482756606856], [-84.09964355100288, 9.931421272787626]]]}}, {"id": "575", "type": "Feature", "properties": {"id": 2180}, "geometry": {"type": "Polygon", "coordinates": [[[-84.09902597732717, 9.93146141877079], [-84.09913487149437, 9.931473593027293], [-84.0991257751278, 9.93155126552088], [-84.09901702174113, 9.931540288365621], [-84.09902597732717, 9.93146141877079]]]}}, {"id": "576", "type": "Feature", "properties": {"id": 1000128}, "geometry": {"type": "Polygon", "coordinates": [[[-84.1045372694606, 9.931419322243752], [-84.10458072265249, 9.931425439263384], [-84.10456102149922, 9.931548512763447], [-84.1045107355198, 9.93153929175719], [-84.10449861015955, 9.931510547937386], [-84.10450961911349, 9.931444598965232], [-84.1045372694606, 9.931419322243752]]]}}, {"id": "577", "type": "Feature", "properties": {"id": 2183}, "geometry": {"type": "Polygon", "coordinates": [[[-84.10351787022134, 9.931409950870188], [-84.10366297562612, 9.931433615644847], [-84.10376669273846, 9.931451089679026], [-84.10381755997382, 9.931461345740676], [-84.10381493791715, 9.931480452288058], [-84.10380582408638, 9.931546449197246], [-84.10352182299174, 9.931503342363511], [-84.10350376304362, 9.931500464500612], [-84.10351787022134, 9.931409950870188]]]}}, {"id": "578", "type": "Feature", "properties": {"id": 1000129}, "geometry": {"type": "Polygon", "coordinates": [[[-84.10458072265249, 9.931425439263384], [-84.10471551279684, 9.931449670976257], [-84.1046917365346, 9.931570053869796], [-84.10464134727806, 9.931562199267702], [-84.10456102149922, 9.931548512763447], [-84.10458072265249, 9.931425439263384]]]}}, {"id": "579", "type": "Feature", "properties": {"id": 1000130}, "geometry": {"type": "Polygon", "coordinates": [[[-84.1047212862862, 9.931474274471451], [-84.10477493492954, 9.931483867808842], [-84.10476384447541, 9.93155611312137], [-84.10474070508657, 9.93157732898657], [-84.1046917365346, 9.931570053869796], [-84.10470308233253, 9.931512389400574], [-84.1047212862862, 9.931474274471451]]]}}, {"id": "580", "type": "Feature", "properties": {"id": 2195}, "geometry": {"type": "Polygon", "coordinates": [[[-84.09991945271842, 9.93152527870763], [-84.10002913762658, 9.931539095809642], [-84.10004309762502, 9.931558070547222], [-84.1000403826657, 9.93158205134343], [-84.10002226498477, 9.931601148818233], [-84.09991372689312, 9.93158971125882], [-84.09991945271842, 9.93152527870763]]]}}, {"id": "581", "type": "Feature", "properties": {"id": 1000131}, "geometry": {"type": "Polygon", "coordinates": [[[-84.10477493492954, 9.931483867808842], [-84.10482987932578, 9.931495241923235], [-84.10483457153991, 9.93153550367623], [-84.10482560739958, 9.931593705902491], [-84.1047753014059, 9.931584939986944], [-84.10476384447541, 9.93155611312137], [-84.10477493492954, 9.931483867808842]]]}}, {"id": "582", "type": "Feature", "properties": {"id": 1000132}, "geometry": {"type": "Polygon", "coordinates": [[[-84.10492630481853, 9.931486264279801], [-84.1049789506424, 9.931495526514711], [-84.10495768117144, 9.931615577253847], [-84.10487269605342, 9.931601602935608], [-84.10482560739958, 9.931593705902491], [-84.1048402412007, 9.931496564211077], [-84.10492630481853, 9.931486264279801]]]}}, {"id": "583", "type": "Feature", "properties": {"id": 1000133}, "geometry": {"type": "Polygon", "coordinates": [[[-84.10381493791715, 9.931480452288058], [-84.10387669692925, 9.931490071859752], [-84.10386330439329, 9.931583402003433], [-84.10384465081249, 9.931606319159432], [-84.10379758655638, 9.93160090903242], [-84.10381493791715, 9.931480452288058]]]}}, {"id": "584", "type": "Feature", "properties": {"id": 1000134}, "geometry": {"type": "Polygon", "coordinates": [[[-84.10387669692925, 9.931490071859752], [-84.1039466181527, 9.931498750400827], [-84.10393006542014, 9.931621241974703], [-84.10387889582243, 9.931614177947942], [-84.10386330439329, 9.931583402003433], [-84.10387669692925, 9.931490071859752]]]}}, {"id": "585", "type": "Feature", "properties": {"id": 2208}, "geometry": {"type": "Polygon", "coordinates": [[[-84.09901702174113, 9.931540288365627], [-84.0991257751278, 9.93155126552088], [-84.09911556373078, 9.93163304245638], [-84.09900760391449, 9.93162264103107], [-84.09901151510292, 9.931588371126821], [-84.09901702174113, 9.931540288365627]]]}}, {"id": "586", "type": "Feature", "properties": {"id": 2209}, "geometry": {"type": "Polygon", "coordinates": [[[-84.10352182299174, 9.931503342363511], [-84.10370848174969, 9.931531444831101], [-84.10380582408638, 9.931546449197246], [-84.10380407966824, 9.931558811246513], [-84.10379758655638, 9.93160090903242], [-84.10378890159569, 9.931642268005506], [-84.10367130956847, 9.93162382893795], [-84.10350686948742, 9.931596732479102], [-84.10352182299174, 9.931503342363511]]]}}, {"id": "587", "type": "Feature", "properties": {"id": 1000135}, "geometry": {"type": "Polygon", "coordinates": [[[-84.1039460736906, 9.93150212829261], [-84.1040120041152, 9.931512159967255], [-84.10399887302312, 9.931603295528063], [-84.10397735330623, 9.931628359104428], [-84.10393006542014, 9.931621241974703], [-84.10394215820241, 9.931526419953249], [-84.1039460736906, 9.93150212829261]]]}}, {"id": "588", "type": "Feature", "properties": {"id": 1000136}, "geometry": {"type": "Polygon", "coordinates": [[[-84.10103791333671, 9.931513852483642], [-84.10110375180545, 9.931520120350635], [-84.10109030484767, 9.931633374025772], [-84.10102472448882, 9.93162724170663], [-84.10103791333671, 9.931513852483642]]]}}, {"id": "589", "type": "Feature", "properties": {"id": 1000137}, "geometry": {"type": "Polygon", "coordinates": [[[-84.1049789506424, 9.931495526514711], [-84.10504229279742, 9.931506773686925], [-84.10502602916966, 9.931602466091274], [-84.10500464498107, 9.931625006961166], [-84.10495768117144, 9.931615577253847], [-84.1049789506424, 9.931495526514711]]]}}, {"id": "590", "type": "Feature", "properties": {"id": 2214}, "geometry": {"type": "Polygon", "coordinates": [[[-84.09945513937143, 9.931475730730128], [-84.0994607026449, 9.931476362006233], [-84.0995563587873, 9.931487695104542], [-84.09961209702233, 9.931494762355333], [-84.09957097458235, 9.93182163875935], [-84.09946137168373, 9.931809638204511], [-84.09943065514472, 9.931635840845205], [-84.09945513937143, 9.931475730730128]]]}}, {"id": "591", "type": "Feature", "properties": {"id": 2216}, "geometry": {"type": "Polygon", "coordinates": [[[-84.09963282096639, 9.931524849857183], [-84.09970269841715, 9.931532034459696], [-84.09984054181228, 9.93158403434257], [-84.09983143389066, 9.931646661148976], [-84.0996367727912, 9.931624761509985], [-84.09962035655671, 9.931622867608686], [-84.09963282096639, 9.931524849857183]]]}}, {"id": "592", "type": "Feature", "properties": {"id": 1000138}, "geometry": {"type": "Polygon", "coordinates": [[[-84.10089586285568, 9.931481040839355], [-84.10102536882795, 9.93149637291641], [-84.10100753960592, 9.931644665216995], [-84.1008780336038, 9.93162942355259], [-84.10089586285568, 9.931481040839355]]]}}, {"id": "593", "type": "Feature", "properties": {"id": 2218}, "geometry": {"type": "Polygon", "coordinates": [[[-84.10504229279742, 9.931506773686925], [-84.10510396391366, 9.931518518449488], [-84.10509896006121, 9.931549007403019], [-84.10507943588031, 9.931639315835817], [-84.10503915719482, 9.931630878191628], [-84.10502602916966, 9.931602466091274], [-84.10504229279742, 9.931506773686925]]]}}, {"id": "594", "type": "Feature", "properties": {"id": 1000139}, "geometry": {"type": "Polygon", "coordinates": [[[-84.1040120041152, 9.931512159967255], [-84.10406344970792, 9.93152032414415], [-84.10407548288431, 9.9315363046395], [-84.10406399796567, 9.931642720433478], [-84.10400922855544, 9.93163357198585], [-84.10399887302312, 9.931603295528063], [-84.1040120041152, 9.931512159967255]]]}}, {"id": "595", "type": "Feature", "properties": {"id": 2223}, "geometry": {"type": "Polygon", "coordinates": [[[-84.10204943149282, 9.931384173194244], [-84.10240623547544, 9.931424701891684], [-84.10237953902933, 9.93165573474048], [-84.1020191113427, 9.931614704395098], [-84.10204943149282, 9.931384173194244]]]}}, {"id": "596", "type": "Feature", "properties": {"id": 1000140}, "geometry": {"type": "Polygon", "coordinates": [[[-84.10407767826119, 9.93152266698632], [-84.10411338136167, 9.931528319701533], [-84.10414083371928, 9.931559552346474], [-84.10412949013036, 9.931626577255564], [-84.1041103889087, 9.931649407221903], [-84.10406399796567, 9.931642720433478], [-84.10407548288431, 9.9315363046395], [-84.10407767826119, 9.93152266698632]]]}}, {"id": "597", "type": "Feature", "properties": {"id": 1000141}, "geometry": {"type": "Polygon", "coordinates": [[[-84.10414482593208, 9.931532247095044], [-84.10421304880138, 9.93154181939488], [-84.10420296994123, 9.93160921403717], [-84.10419438081632, 9.931663148787269], [-84.10414404737415, 9.931655702967884], [-84.10412949013036, 9.931626577255564], [-84.10414482593208, 9.931532247095044]]]}}, {"id": "598", "type": "Feature", "properties": {"id": 1000142}, "geometry": {"type": "Polygon", "coordinates": [[[-84.10420296994123, 9.93160921403717], [-84.10430375551627, 9.931621712362137], [-84.10432885878105, 9.931642338594218], [-84.10432149346016, 9.931691977693626], [-84.1041922455012, 9.93167655727494], [-84.10420296994123, 9.93160921403717]]]}}, {"id": "599", "type": "Feature", "properties": {"id": 1000143}, "geometry": {"type": "Polygon", "coordinates": [[[-84.10306946832088, 9.931612088742797], [-84.10313054812268, 9.931616047395673], [-84.10330679877232, 9.931652572840804], [-84.10330269424789, 9.93171058573244], [-84.10328128672602, 9.931707919727131], [-84.10306270035252, 9.93167745190275], [-84.10306946832088, 9.931612088742797]]]}}, {"id": "600", "type": "Feature", "properties": {"id": 1000144}, "geometry": {"type": "Polygon", "coordinates": [[[-84.10248412574028, 9.931428972062566], [-84.10284463106397, 9.931467949377964], [-84.10281872431254, 9.931703577100738], [-84.10245820597414, 9.931664626890136], [-84.10248412574028, 9.931428972062566]]]}}, {"id": "601", "type": "Feature", "properties": {"id": 2244}, "geometry": {"type": "Polygon", "coordinates": [[[-84.09963466902909, 9.931624518800659], [-84.09983343874724, 9.931646858537123], [-84.09982588936451, 9.931712866553518], [-84.09977077076219, 9.931728001961403], [-84.09971777696299, 9.9317227092796], [-84.09965630040003, 9.931714953872769], [-84.09962906255643, 9.931672781587196], [-84.09963466902909, 9.931624518800659]]]}}, {"id": "602", "type": "Feature", "properties": {"id": 2245}, "geometry": {"type": "Polygon", "coordinates": [[[-84.099904906911, 9.931650625241577], [-84.10001163112143, 9.931662102647955], [-84.10000417904067, 9.931727074438811], [-84.09998429718819, 9.931724912144421], [-84.09989794634055, 9.931714968605018], [-84.099904906911, 9.931650625241577]]]}}, {"id": "603", "type": "Feature", "properties": {"id": 2254}, "geometry": {"type": "Polygon", "coordinates": [[[-84.09928224177979, 9.931656721347256], [-84.09932383785527, 9.931661762495185], [-84.09934573057035, 9.931671906723746], [-84.09934604944989, 9.931677671108842], [-84.09933751102598, 9.931757852322123], [-84.0992435101476, 9.93174796547475], [-84.09925178330394, 9.931662336364624], [-84.09928224177979, 9.931656721347256]]]}}, {"id": "604", "type": "Feature", "properties": {"id": 2256}, "geometry": {"type": "Polygon", "coordinates": [[[-84.09904383282198, 9.931639704507738], [-84.09910283311794, 9.931644357650498], [-84.09915772381531, 9.931681891145448], [-84.0991475118885, 9.931764920382514], [-84.09907987118306, 9.931777630225712], [-84.09903084325789, 9.93177180872953], [-84.09904383282198, 9.931639704507738]]]}}, {"id": "605", "type": "Feature", "properties": {"id": 1000145}, "geometry": {"type": "Polygon", "coordinates": [[[-84.09915890117676, 9.931672807318147], [-84.09925049865056, 9.931675632908599], [-84.09923950994168, 9.93178937849689], [-84.09914548585988, 9.931781332909473], [-84.0991475118885, 9.93176492038251], [-84.09915890117676, 9.931672807318147]]]}}, {"id": "606", "type": "Feature", "properties": {"id": 2266}, "geometry": {"type": "Polygon", "coordinates": [[[-84.10291478516888, 9.931660032804801], [-84.10314268039821, 9.931686870682013], [-84.10319438725827, 9.931694583461987], [-84.10328128672602, 9.931707919727131], [-84.10327048188717, 9.931812828372596], [-84.10313275867767, 9.93179685165836], [-84.10308904908788, 9.931791066192504], [-84.10289749050936, 9.93176439900923], [-84.1029077755766, 9.931700452186027], [-84.10291478516888, 9.931660032804801]]]}}, {"id": "607", "type": "Feature", "properties": {"id": 2271}, "geometry": {"type": "Polygon", "coordinates": [[[-84.09973756612138, 9.931761985698245], [-84.09978816816432, 9.93176664533546], [-84.0997937276844, 9.931793138450812], [-84.0997887706909, 9.931842334456045], [-84.09958816669929, 9.931820192697039], [-84.0995960216787, 9.931783832526], [-84.09966156494073, 9.93176768409332], [-84.09973756612138, 9.931761985698245]]]}}, {"id": "608", "type": "Feature", "properties": {"id": 1000146}, "geometry": {"type": "Polygon", "coordinates": [[[-84.10492777566331, 9.931694459648392], [-84.10505497281672, 9.931719851953828], [-84.10503936996587, 9.931779514317865], [-84.10494318468987, 9.931763667995032], [-84.10492192084808, 9.93174358993316], [-84.10492777566331, 9.931694459648392]]]}}, {"id": "609", "type": "Feature", "properties": {"id": 1000147}, "geometry": {"type": "Polygon", "coordinates": [[[-84.09989290495861, 9.931780763273132], [-84.09997786297794, 9.93178723526185], [-84.09997065767476, 9.931857016356318], [-84.09988722226694, 9.931849874120632], [-84.09989290495861, 9.931780763273132]]]}}, {"id": "610", "type": "Feature", "properties": {"id": 1000148}, "geometry": {"type": "Polygon", "coordinates": [[[-84.10377326161496, 9.931738084773434], [-84.10382797421329, 9.931742963312033], [-84.10384342598759, 9.931770350179463], [-84.10382801848876, 9.931866398020064], [-84.10375523596123, 9.9318555957487], [-84.10377326161496, 9.931738084773434]]]}}, {"id": "611", "type": "Feature", "properties": {"id": 1000149}, "geometry": {"type": "Polygon", "coordinates": [[[-84.10385970722324, 9.931746103395348], [-84.10391194285417, 9.931755840293118], [-84.1038990415807, 9.93185705742172], [-84.10389591253673, 9.931877960565192], [-84.10382801848876, 9.931866398020064], [-84.10384342598759, 9.931770350179463], [-84.10385970722324, 9.931746103395348]]]}}, {"id": "612", "type": "Feature", "properties": {"id": 1000150}, "geometry": {"type": "Polygon", "coordinates": [[[-84.10391194285417, 9.931755840293118], [-84.10396079361345, 9.931761566504491], [-84.10397286358895, 9.931792906489692], [-84.10395642641981, 9.93189167715921], [-84.10392338229566, 9.931888110812332], [-84.10389591253673, 9.931877960565192], [-84.10391194285417, 9.931755840293118]]]}}, {"id": "613", "type": "Feature", "properties": {"id": 1000151}, "geometry": {"type": "Polygon", "coordinates": [[[-84.10399257782547, 9.931769124978327], [-84.10404251770333, 9.931775776944214], [-84.10403191282583, 9.931842910745885], [-84.10402332267813, 9.931897211798317], [-84.10398375975845, 9.931893314089583], [-84.10395968655546, 9.931868467736736], [-84.10397286358895, 9.931792906489692], [-84.10399257782547, 9.931769124978327]]]}}, {"id": "614", "type": "Feature", "properties": {"id": 1000152}, "geometry": {"type": "Polygon", "coordinates": [[[-84.10404401806655, 9.931766774315035], [-84.1040894032237, 9.931776014642432], [-84.10410570406692, 9.931805615837725], [-84.10409021084001, 9.931902720512126], [-84.10402332267813, 9.931897211798317], [-84.10404136832429, 9.931782673484445], [-84.10404401806655, 9.931766774315035]]]}}, {"id": "615", "type": "Feature", "properties": {"id": 1000153}, "geometry": {"type": "Polygon", "coordinates": [[[-84.10412648540195, 9.931781341399747], [-84.10417409368534, 9.93178939106034], [-84.10415484302594, 9.931910116122195], [-84.10409021084001, 9.931902720512126], [-84.10410570406692, 9.931805615837725], [-84.10412648540195, 9.931781341399747]]]}}, {"id": "616", "type": "Feature", "properties": {"id": 1000154}, "geometry": {"type": "Polygon", "coordinates": [[[-84.10417506818709, 9.931783916856375], [-84.10422530384689, 9.93179277489748], [-84.10423760633482, 9.931821240095221], [-84.104221082146, 9.931919617396712], [-84.10415484302594, 9.931910116122195], [-84.10417506818709, 9.931783916856375]]]}}, {"id": "617", "type": "Feature", "properties": {"id": 1000155}, "geometry": {"type": "Polygon", "coordinates": [[[-84.10425723690557, 9.931797021148181], [-84.10430356471834, 9.931806720352261], [-84.10428571918091, 9.931925682164492], [-84.10423385037778, 9.931921150534675], [-84.104221082146, 9.931919617396712], [-84.10422499600763, 9.93189547434641], [-84.10422504879956, 9.931895149726309], [-84.10423760633482, 9.931821240095221], [-84.10425723690557, 9.931797021148181]]]}}, {"id": "618", "type": "Feature", "properties": {"id": 1000156}, "geometry": {"type": "Polygon", "coordinates": [[[-84.10430356471834, 9.931806720352261], [-84.10435447235486, 9.931816588713694], [-84.10436326258235, 9.93184127678566], [-84.10435033733634, 9.931916801211718], [-84.1043190489887, 9.93192945655664], [-84.10428571918091, 9.931925682164492], [-84.10430356471834, 9.931806720352261]]]}}, {"id": "619", "type": "Feature", "properties": {"id": 1000157}, "geometry": {"type": "Polygon", "coordinates": [[[-84.10438529352984, 9.931817313480702], [-84.10443505693178, 9.931824800935434], [-84.10441552397654, 9.931942613503066], [-84.1043885283103, 9.931939457277508], [-84.10436882875717, 9.931937112540727], [-84.10435033733634, 9.931916801211718], [-84.10436326258235, 9.93184127678566], [-84.10438529352984, 9.931817313480702]]]}}, {"id": "620", "type": "Feature", "properties": {"id": 1000158}, "geometry": {"type": "Polygon", "coordinates": [[[-84.10443614049423, 9.931815502650608], [-84.10448440272842, 9.93182294851205], [-84.10449314600982, 9.931852330109196], [-84.10447773651993, 9.931950358884185], [-84.10441552397654, 9.931942613503066], [-84.10443614049423, 9.931815502650608]]]}}, {"id": "621", "type": "Feature", "properties": {"id": 2306}, "geometry": {"type": "Polygon", "coordinates": [[[-84.09958816669929, 9.931820192697039], [-84.09968854045175, 9.931830971598675], [-84.09978877069088, 9.931842334456043], [-84.0997769305465, 9.931963293991336], [-84.09957218338396, 9.931940074117477], [-84.09957986251868, 9.931877626721258], [-84.09958816669929, 9.931820192697039]]]}}, {"id": "622", "type": "Feature", "properties": {"id": 1000159}, "geometry": {"type": "Polygon", "coordinates": [[[-84.10456895303032, 9.931840955031573], [-84.10461340631443, 9.931849528008303], [-84.10462260743296, 9.93187859026297], [-84.10460760394037, 9.931968720839293], [-84.10455010205517, 9.931958719481429], [-84.10456895303032, 9.931840955031573]]]}}, {"id": "623", "type": "Feature", "properties": {"id": 1000160}, "geometry": {"type": "Polygon", "coordinates": [[[-84.1046458172907, 9.931850562909599], [-84.10469667956858, 9.931860233447678], [-84.10468140334177, 9.931982923375983], [-84.10460755478175, 9.931969294266027], [-84.10462260743296, 9.93187859026297], [-84.1046458172907, 9.931850562909599]]]}}, {"id": "624", "type": "Feature", "properties": {"id": 2310}, "geometry": {"type": "Polygon", "coordinates": [[[-84.09989051275367, 9.931850155789657], [-84.09996752050799, 9.931856706268421], [-84.0999739045723, 9.93185733729036], [-84.10000704869691, 9.931901539890678], [-84.10000566025454, 9.931918812605147], [-84.09999826595998, 9.93197676433863], [-84.09987706462925, 9.931964079267093], [-84.09989051275367, 9.931850155789657]]]}}, {"id": "625", "type": "Feature", "properties": {"id": 1000161}, "geometry": {"type": "Polygon", "coordinates": [[[-84.10469667956858, 9.931860233447678], [-84.10474504786643, 9.931864282585908], [-84.10475502981468, 9.931895497922431], [-84.1047365697425, 9.931993526636782], [-84.10468140334177, 9.931982923375983], [-84.10468261105102, 9.93194698453051], [-84.10469667956858, 9.931860233447678]]]}}, {"id": "626", "type": "Feature", "properties": {"id": 1000162}, "geometry": {"type": "Polygon", "coordinates": [[[-84.10477765879398, 9.931873828560757], [-84.10482619660391, 9.931881611645213], [-84.10482611485241, 9.931884329132682], [-84.10480488139908, 9.932006706370165], [-84.1047365697425, 9.931993526636782], [-84.10475472990572, 9.931897090571592], [-84.10477765879398, 9.931873828560757]]]}}, {"id": "627", "type": "Feature", "properties": {"id": 1000163}, "geometry": {"type": "Polygon", "coordinates": [[[-84.10482611485241, 9.931884329132682], [-84.10487418326241, 9.93189368418737], [-84.10488464977102, 9.9319215584304], [-84.10486480227839, 9.932018170764778], [-84.1048288287837, 9.932011320165717], [-84.10480488139908, 9.932006706370165], [-84.10482611485241, 9.931884329132682]]]}}, {"id": "628", "type": "Feature", "properties": {"id": 2320}, "geometry": {"type": "Polygon", "coordinates": [[[-84.10495365119823, 9.93190762130918], [-84.10500191343243, 9.931913539812784], [-84.10496896357147, 9.932037726238505], [-84.10492735625539, 9.932030265445361], [-84.10495365119823, 9.93190762130918]]]}}, {"id": "629", "type": "Feature", "properties": {"id": 1000164}, "geometry": {"type": "Polygon", "coordinates": [[[-84.10490597043673, 9.931897884415921], [-84.10495365119823, 9.93190762130918], [-84.10492735625539, 9.932030265445361], [-84.10486480227839, 9.932018170764778], [-84.10488464977102, 9.9319215584304], [-84.10490597043673, 9.931897884415921]]]}}, {"id": "630", "type": "Feature", "properties": {"id": 2327}, "geometry": {"type": "Polygon", "coordinates": [[[-84.09957218338396, 9.931940074117477], [-84.09979924168303, 9.931965718367913], [-84.09979146201749, 9.932039251107765], [-84.0996323663702, 9.932037351305294], [-84.09956218265029, 9.9320289077169], [-84.09957218338396, 9.931940074117477]]]}}, {"id": "631", "type": "Feature", "properties": {"id": 2330}, "geometry": {"type": "Polygon", "coordinates": [[[-84.0987727479674, 9.931326418099287], [-84.09899657389462, 9.931352032626318], [-84.09894976218092, 9.93176760977462], [-84.0989350012635, 9.931896319260687], [-84.09891530483993, 9.932061758551773], [-84.09848188018796, 9.93201162474624], [-84.09851060804014, 9.931751104233838], [-84.09860225464855, 9.931422223828763], [-84.0987727479674, 9.931326418099287]]]}}, {"id": "632", "type": "Feature", "properties": {"id": 2337}, "geometry": {"type": "Polygon", "coordinates": [[[-84.10194946087519, 9.931686456723346], [-84.10213213598189, 9.93170339968509], [-84.10216166680365, 9.931706191834087], [-84.10212687077758, 9.93207484190311], [-84.10212459824366, 9.93209871317203], [-84.10191237385189, 9.932079066656803], [-84.10192864479899, 9.931906542540784], [-84.10194946087519, 9.931686456723346]]]}}, {"id": "633", "type": "Feature", "properties": {"id": 2345}, "geometry": {"type": "Polygon", "coordinates": [[[-84.09894976218092, 9.93176760977462], [-84.09903084325789, 9.93177180872953], [-84.09900799021058, 9.931991043497527], [-84.0989898059971, 9.932154804777207], [-84.09897227550908, 9.932165720813074], [-84.09890458976825, 9.932158859795408], [-84.09894976218092, 9.93176760977462]]]}}, {"id": "634", "type": "Feature", "properties": {"id": 2346}, "geometry": {"type": "Polygon", "coordinates": [[[-84.09966144023329, 9.932040355964633], [-84.09978238798519, 9.932053956926563], [-84.09977129380009, 9.932159298197861], [-84.09965345704862, 9.932144711573907], [-84.09965634501215, 9.93207950884595], [-84.09966144023329, 9.932040355964633]]]}}, {"id": "635", "type": "Feature", "properties": {"id": 2358}, "geometry": {"type": "Polygon", "coordinates": [[[-84.09915503301147, 9.931782143325076], [-84.09924701371477, 9.931789901015582], [-84.09922134751382, 9.932066799842067], [-84.09919919619244, 9.932213473592714], [-84.09912558812297, 9.93220758631442], [-84.09915503301147, 9.931782143325076]]]}}, {"id": "636", "type": "Feature", "properties": {"id": 2360}, "geometry": {"type": "Polygon", "coordinates": [[[-84.09956218265029, 9.932028907716894], [-84.09963222526581, 9.932036753278949], [-84.09965732793047, 9.932113059301447], [-84.0996534570486, 9.932144711573907], [-84.09964015454858, 9.932248960386978], [-84.09959893133748, 9.932243728384325], [-84.09953552908442, 9.932223935877001], [-84.09956218265029, 9.932028907716894]]]}}, {"id": "637", "type": "Feature", "properties": {"id": 2368}, "geometry": {"type": "Polygon", "coordinates": [[[-84.0996534570486, 9.932144711573908], [-84.09977129380009, 9.932159298197861], [-84.09977460894763, 9.93216013512858], [-84.09976425104496, 9.93226752695915], [-84.0997251410331, 9.93228529366319], [-84.09963781319841, 9.932280192332435], [-84.09964122605545, 9.93224561813532], [-84.0996534570486, 9.932144711573908]]]}}, {"id": "638", "type": "Feature", "properties": {"id": 1000165}, "geometry": {"type": "Polygon", "coordinates": [[[-84.10063574613048, 9.931972857785297], [-84.10073528957588, 9.931976802892278], [-84.10101424782128, 9.932175809995599], [-84.10100318229902, 9.932303793298457], [-84.10076259642905, 9.932282697153079], [-84.10061118062916, 9.932269147420245], [-84.10062545015265, 9.93209609127247], [-84.10063574613048, 9.931972857785297]]]}}, {"id": "639", "type": "Feature", "properties": {"id": 2372}, "geometry": {"type": "Polygon", "coordinates": [[[-84.10001618679958, 9.931924172349506], [-84.10015182868477, 9.931938060660572], [-84.10013753282243, 9.932081786903945], [-84.10011471337282, 9.932310151025424], [-84.09996465783823, 9.93229530673576], [-84.0999952661027, 9.931979876825677], [-84.10001618679958, 9.931924172349506]]]}}, {"id": "640", "type": "Feature", "properties": {"id": 2376}, "geometry": {"type": "Polygon", "coordinates": [[[-84.10013753282243, 9.932081786903945], [-84.10020080367077, 9.932088763918571], [-84.10019797554193, 9.932120838481115], [-84.10017846463921, 9.932324642640335], [-84.1001138722075, 9.932317220580936], [-84.10013753282243, 9.932081786903945]]]}}, {"id": "641", "type": "Feature", "properties": {"id": 2379}, "geometry": {"type": "Polygon", "coordinates": [[[-84.10028374487923, 9.932094501896009], [-84.10040903514684, 9.932105928981494], [-84.10043437877005, 9.932108390198616], [-84.10041456790792, 9.932339920444244], [-84.10037936226921, 9.932337185835394], [-84.10026500488193, 9.932302123186984], [-84.10028374487923, 9.932094501896009]]]}}, {"id": "642", "type": "Feature", "properties": {"id": 2387}, "geometry": {"type": "Polygon", "coordinates": [[[-84.10165810726394, 9.931973516840223], [-84.10166294107606, 9.931974509976913], [-84.101667319373, 9.931977040372493], [-84.1016705124853, 9.931980836992429], [-84.10167242907478, 9.931985447770332], [-84.10167270418071, 9.931990330304203], [-84.10164820832476, 9.932108153510132], [-84.10155107820185, 9.932390199414174], [-84.10123807083723, 9.93235718934469], [-84.10127355628147, 9.932020587210783], [-84.10153705415881, 9.931975630566317], [-84.10165810726394, 9.931973516840223]]]}}, {"id": "643", "type": "Feature", "properties": {"id": 2408}, "geometry": {"type": "Polygon", "coordinates": [[[-84.1020800615108, 9.932112758758747], [-84.10213986422195, 9.93211767205148], [-84.10229303266922, 9.93215781378252], [-84.1022829248374, 9.93228798929827], [-84.10226236812836, 9.932471620453734], [-84.10225190241933, 9.932470994804238], [-84.10212948391236, 9.932459084049944], [-84.10208284125834, 9.932383321603613], [-84.10206774355721, 9.932274849197595], [-84.1020800615108, 9.932112758758747]]]}}, {"id": "644", "type": "Feature", "properties": {"id": 1000166}, "geometry": {"type": "Polygon", "coordinates": [[[-84.1022829248374, 9.93228798929827], [-84.10241726730922, 9.932300483539873], [-84.10239634068985, 9.932541892969823], [-84.10232264399805, 9.932535430506562], [-84.10225715308961, 9.932528533180026], [-84.10225841453985, 9.932505736899262], [-84.10225920503245, 9.932498190430124], [-84.10227185481875, 9.932383578232328], [-84.1022829248374, 9.93228798929827]]]}}, {"id": "645", "type": "Feature", "properties": {"id": 2422}, "geometry": {"type": "Polygon", "coordinates": [[[-84.10271436305372, 9.932331129855243], [-84.10280332233752, 9.932338963151912], [-84.10277451819462, 9.932515679497875], [-84.10276407215801, 9.932577939084107], [-84.10268825274055, 9.932569270160982], [-84.10269394719779, 9.9325171786925], [-84.10271436305372, 9.932331129855243]]]}}, {"id": "646", "type": "Feature", "properties": {"id": 2436}, "geometry": {"type": "Polygon", "coordinates": [[[-84.10297145778604, 9.93212871751289], [-84.10306607525905, 9.93213478826368], [-84.10313461396488, 9.932308352208802], [-84.10312543919181, 9.932418374404588], [-84.10311598816965, 9.932505521379452], [-84.10295458961527, 9.932577363703677], [-84.10290721680494, 9.932568305033755], [-84.10297145778604, 9.93212871751289]]]}}, {"id": "647", "type": "Feature", "properties": {"id": 2445}, "geometry": {"type": "Polygon", "coordinates": [[[-84.10412006162478, 9.932411886978025], [-84.1043699010621, 9.932442147666416], [-84.10433917992101, 9.932645906077422], [-84.10409418608957, 9.932611301999227], [-84.10411066114945, 9.932484149879114], [-84.10412006162478, 9.932411886978025]]]}}, {"id": "648", "type": "Feature", "properties": {"id": 3613}, "geometry": {"type": "Polygon", "coordinates": [[[-84.09909222130487, 9.929974158839068], [-84.09911465671732, 9.929976774333033], [-84.09928998772249, 9.929997442674683], [-84.09932703337024, 9.930015933618416], [-84.0993296113025, 9.930047025437538], [-84.0993266664458, 9.930086580979243], [-84.09931869983613, 9.930127261390231], [-84.09919996818357, 9.930114728202943], [-84.0990711240599, 9.93009751017314], [-84.09908451035142, 9.929985618099312], [-84.09909222130487, 9.929974158839068]]]}}, {"id": "649", "type": "Feature", "properties": {"id": 3614}, "geometry": {"type": "Polygon", "coordinates": [[[-84.09881213667087, 9.930030969696462], [-84.09894563572925, 9.930045265079647], [-84.0989373753073, 9.930139269139431], [-84.0988032745061, 9.930126967542726], [-84.09881213667087, 9.930030969696462]]]}}, {"id": "650", "type": "Feature", "properties": {"id": 3615}, "geometry": {"type": "Polygon", "coordinates": [[[-84.0992421230883, 9.92947937618571], [-84.09934356257602, 9.92949285361076], [-84.09936918559066, 9.929578889277774], [-84.09934897596663, 9.9296178475027], [-84.09933353546215, 9.929617492817192], [-84.0991557034259, 9.929602472104042], [-84.09912106190433, 9.929598685013435], [-84.0991224897137, 9.929560184228848], [-84.0992421230883, 9.92947937618571]]]}}, {"id": "651", "type": "Feature", "properties": {"id": 3616}, "geometry": {"type": "Polygon", "coordinates": [[[-84.09893326035993, 9.929054487429994], [-84.09917313232529, 9.929082791703943], [-84.09915081155664, 9.92929242741396], [-84.09909372937582, 9.929287108042478], [-84.09894676691323, 9.929221687425839], [-84.09892933388431, 9.929117073274693], [-84.09893326035993, 9.929054487429994]]]}}, {"id": "652", "type": "Feature", "properties": {"id": 3617}, "geometry": {"type": "Polygon", "coordinates": [[[-84.0992409509808, 9.92848960070851], [-84.09943267224163, 9.928507781215783], [-84.09949312428817, 9.928540745801108], [-84.09948866210979, 9.928586264891784], [-84.09945366669213, 9.928666657680031], [-84.09937797904438, 9.928686843599792], [-84.09922172245906, 9.928670951091558], [-84.0992409509808, 9.92848960070851]]]}}, {"id": "653", "type": "Feature", "properties": {"id": 3618}, "geometry": {"type": "Polygon", "coordinates": [[[-84.09934421410715, 9.928131108578997], [-84.09953560271356, 9.92814938468729], [-84.09952799020814, 9.928214388512338], [-84.09952067003486, 9.928275481650235], [-84.09933345976816, 9.928254259060456], [-84.09934421410715, 9.928131108578997]]]}}, {"id": "654", "type": "Feature", "properties": {"id": 3619}, "geometry": {"type": "Polygon", "coordinates": [[[-84.1002445385132, 9.926719333380552], [-84.1002418011382, 9.926751756706505], [-84.10022976292055, 9.926853920210586], [-84.10009180604561, 9.926835749842597], [-84.10010241246697, 9.92672112440336], [-84.1002445385132, 9.926719333380552]]]}}, {"id": "655", "type": "Feature", "properties": {"id": 3620}, "geometry": {"type": "Polygon", "coordinates": [[[-84.10120146500023, 9.926723960189445], [-84.10121134213152, 9.92675679406895], [-84.10121072903853, 9.92683889459149], [-84.1012105575724, 9.926859570727101], [-84.10120967302133, 9.926963401698947], [-84.10120691973131, 9.92697858382986], [-84.10111479538577, 9.92697530029062], [-84.10100479164423, 9.92696455416198], [-84.1010262005309, 9.926832058858984], [-84.10108267308101, 9.92677351181611], [-84.10113722039085, 9.926723960189443], [-84.10120146500023, 9.926723960189445]]]}}, {"id": "656", "type": "Feature", "properties": {"id": 3622}, "geometry": {"type": "Polygon", "coordinates": [[[-84.10111191479554, 9.927323134599598], [-84.10134104856338, 9.927342612049362], [-84.10132035286867, 9.927590543410517], [-84.101088840584, 9.927571538307115], [-84.10109800645925, 9.927470919139054], [-84.10111191479554, 9.927323134599598]]]}}, {"id": "657", "type": "Feature", "properties": {"id": 3623}, "geometry": {"type": "Polygon", "coordinates": [[[-84.10104246566583, 9.927332064341318], [-84.10111023491704, 9.927340102733853], [-84.10110643638566, 9.927383401286123], [-84.10108957830188, 9.92756420147184], [-84.10103481849161, 9.927558767971794], [-84.10097741546515, 9.927551867938766], [-84.10097778677384, 9.927541533621257], [-84.10099069035071, 9.927414311277133], [-84.10099241800728, 9.927397764101888], [-84.10104246566583, 9.927332064341318]]]}}, {"id": "658", "type": "Feature", "properties": {"id": 3624}, "geometry": {"type": "Polygon", "coordinates": [[[-84.10066135582245, 9.927097816708882], [-84.100699906674, 9.927102915024912], [-84.10070008515015, 9.92711311165672], [-84.10068307528579, 9.927260205936493], [-84.10067779110811, 9.927297666262236], [-84.10057425935233, 9.927286404106429], [-84.10059219151009, 9.927104610649105], [-84.10066135582245, 9.927097816708882]]]}}, {"id": "659", "type": "Feature", "properties": {"id": 3625}, "geometry": {"type": "Polygon", "coordinates": [[[-84.10023524397945, 9.9270178039026], [-84.1002573750239, 9.92701833131473], [-84.10043410310887, 9.927036176048693], [-84.10043074575373, 9.927075991281603], [-84.10042251508311, 9.927167504894541], [-84.100285755393, 9.927178511564236], [-84.10025853450723, 9.927177157215315], [-84.10022396635398, 9.927174547361997], [-84.10022555362356, 9.92714688025226], [-84.10023524397945, 9.9270178039026]]]}}, {"id": "660", "type": "Feature", "properties": {"id": 3626}, "geometry": {"type": "Polygon", "coordinates": [[[-84.09993112059459, 9.92707935728813], [-84.1000784664433, 9.927091819562827], [-84.10007140286001, 9.927170775361663], [-84.10002624839034, 9.927215781173098], [-84.09992046480103, 9.927206852275884], [-84.09992561539215, 9.927143967014935], [-84.09993112059459, 9.92707935728813]]]}}, {"id": "661", "type": "Feature", "properties": {"id": 3627}, "geometry": {"type": "Polygon", "coordinates": [[[-84.0999496821157, 9.927000597081234], [-84.10008318228688, 9.927008332459538], [-84.1000784664433, 9.927091819562827], [-84.09993112059458, 9.92707935728813], [-84.09993351611395, 9.9270533050825], [-84.0999496821157, 9.927000597081234]]]}}, {"id": "662", "type": "Feature", "properties": {"id": 1000167}, "geometry": {"type": "Polygon", "coordinates": [[[-84.09991328286584, 9.927214206191834], [-84.10002455286708, 9.927225428414074], [-84.10001821560624, 9.927271449338951], [-84.09991017308958, 9.927261523367683], [-84.09991020111254, 9.927241312010137], [-84.09991328286584, 9.927214206191834]]]}}, {"id": "663", "type": "Feature", "properties": {"id": 3629}, "geometry": {"type": "Polygon", "coordinates": [[[-84.09992704129198, 9.927313861574824], [-84.10001179739541, 9.927322456748387], [-84.10001322457637, 9.927322744545467], [-84.10000356783085, 9.927418005487397], [-84.100000234687, 9.927450719915582], [-84.09995837244, 9.927448007408321], [-84.09992200510777, 9.927438585493372], [-84.09989256974332, 9.927430064128911], [-84.09990167845694, 9.927339232873098], [-84.09992704129198, 9.927313861574824]]]}}, {"id": "664", "type": "Feature", "properties": {"id": 3630}, "geometry": {"type": "Polygon", "coordinates": [[[-84.09980455694712, 9.927201009451384], [-84.09988656129683, 9.927209108138623], [-84.09990622316995, 9.927287047687035], [-84.09990167845694, 9.927339232873098], [-84.0998940867907, 9.927415999822694], [-84.09989256974332, 9.927430064128911], [-84.09983696256185, 9.927429938620168], [-84.09978170358694, 9.927424360143807], [-84.09978433827659, 9.92739135646846], [-84.09980455694712, 9.927201009451384]]]}}, {"id": "665", "type": "Feature", "properties": {"id": 3631}, "geometry": {"type": "Polygon", "coordinates": [[[-84.10054229830648, 9.927655730976365], [-84.10067435137512, 9.92766697822066], [-84.10067336857513, 9.927676900179229], [-84.10067005943085, 9.927704382448528], [-84.10062177873365, 9.927836346513491], [-84.10055605847165, 9.92783015507711], [-84.10052826379797, 9.927825189995414], [-84.10054229830648, 9.927655730976365]]]}}, {"id": "666", "type": "Feature", "properties": {"id": 3632}, "geometry": {"type": "Polygon", "coordinates": [[[-84.10026900321012, 9.92762963091403], [-84.10032936930688, 9.927635814632085], [-84.10030368570247, 9.92784202161394], [-84.10024069484624, 9.927865669100537], [-84.10019584152518, 9.92786170444095], [-84.10021200996185, 9.927702288310341], [-84.10026900321012, 9.92762963091403]]]}}, {"id": "667", "type": "Feature", "properties": {"id": 3633}, "geometry": {"type": "Polygon", "coordinates": [[[-84.10014078546983, 9.927625118413257], [-84.10019736241404, 9.927630744132214], [-84.10021449612584, 9.927665553266129], [-84.10021200996185, 9.927702288310341], [-84.1002076678984, 9.927745099887984], [-84.10019317693526, 9.927764010933865], [-84.10016351465188, 9.927762548708174], [-84.10010633957006, 9.927754861532177], [-84.10011758356846, 9.927655532455223], [-84.10014078546983, 9.927625118413257]]]}}, {"id": "668", "type": "Feature", "properties": {"id": 3634}, "geometry": {"type": "Polygon", "coordinates": [[[-84.10000273415653, 9.927607801746477], [-84.10012900604305, 9.927617470951388], [-84.10012320783432, 9.927655471573162], [-84.10008706414435, 9.927844785086458], [-84.09997694435071, 9.927830720798076], [-84.10000273415653, 9.927607801746477]]]}}, {"id": "669", "type": "Feature", "properties": {"id": 3635}, "geometry": {"type": "Polygon", "coordinates": [[[-84.09974905299259, 9.92780832705915], [-84.09986510434862, 9.92782014942622], [-84.09986227341508, 9.927870716116598], [-84.09984041008491, 9.928055749339743], [-84.09972769295446, 9.928043151240654], [-84.09972902650092, 9.927971842904629], [-84.09974077000732, 9.927860862895107], [-84.09974905299259, 9.92780832705915]]]}}, {"id": "670", "type": "Feature", "properties": {"id": 3636}, "geometry": {"type": "Polygon", "coordinates": [[[-84.09990068792912, 9.928597632528193], [-84.1000978478571, 9.928626710373344], [-84.10011271946529, 9.92868974837771], [-84.10009963939422, 9.928781983987689], [-84.10001474909113, 9.92876786021971], [-84.09988545160655, 9.928725660960817], [-84.09989478514439, 9.92863826530574], [-84.09990068792912, 9.928597632528193]]]}}, {"id": "671", "type": "Feature", "properties": {"id": 3637}, "geometry": {"type": "Polygon", "coordinates": [[[-84.09964479456468, 9.928613111502932], [-84.09989478514439, 9.92863826530574], [-84.0998907231394, 9.928679543538786], [-84.09988545160655, 9.928725660960817], [-84.0998819950319, 9.92875575412858], [-84.09982011965604, 9.928751279328472], [-84.09969179912791, 9.928738237198896], [-84.09963115037084, 9.928729846327947], [-84.09964479456468, 9.928613111502932]]]}}, {"id": "672", "type": "Feature", "properties": {"id": 3638}, "geometry": {"type": "Polygon", "coordinates": [[[-84.10114040657466, 9.928639306100301], [-84.10116724085887, 9.928642803789181], [-84.1012381866311, 9.928652051150735], [-84.10123120229103, 9.928698270434756], [-84.10109880090351, 9.928681916813344], [-84.10110379823568, 9.928647547295386], [-84.10114040657466, 9.928639306100301]]]}}, {"id": "673", "type": "Feature", "properties": {"id": 1000168}, "geometry": {"type": "Polygon", "coordinates": [[[-84.09903084325789, 9.93177180872953], [-84.09914062880559, 9.931780920615344], [-84.09915503301147, 9.931782143325076], [-84.09914630392836, 9.93191082938764], [-84.09901727660613, 9.931902913520458], [-84.09903084325789, 9.93177180872953]]]}}, {"id": "674", "type": "Feature", "properties": {"id": 3641}, "geometry": {"type": "Polygon", "coordinates": [[[-84.09900799021058, 9.931991043497527], [-84.09909487158399, 9.932000014811235], [-84.09913923511131, 9.932027843054023], [-84.09913791045547, 9.932057009033688], [-84.09912415944672, 9.932226936193594], [-84.09907589841926, 9.932224778680984], [-84.0989860243135, 9.932213919002269], [-84.09899013175766, 9.932149712578042], [-84.09900799021058, 9.931991043497527]]]}}, {"id": "675", "type": "Feature", "properties": {"id": 3642}, "geometry": {"type": "Polygon", "coordinates": [[[-84.10041260467014, 9.93207604275708], [-84.10062545015265, 9.93209609127247], [-84.10061144121161, 9.932263765261611], [-84.10042254819501, 9.93224665465556], [-84.10040903514684, 9.932105928981494], [-84.10041260467014, 9.93207604275708]]]}}, {"id": "676", "type": "Feature", "properties": {"id": 3643}, "geometry": {"type": "Polygon", "coordinates": [[[-84.10024808889128, 9.932011976235028], [-84.10029040629574, 9.932016665316551], [-84.10028374487923, 9.932094501896009], [-84.10026248390679, 9.932334668383803], [-84.1001782431571, 9.932326581529004], [-84.10017897346101, 9.932318966894076], [-84.10019797554193, 9.932120838481115], [-84.10024808889128, 9.932011976235028]]]}}, {"id": "677", "type": "Feature", "properties": {"id": 3644}, "geometry": {"type": "Polygon", "coordinates": [[[-84.09985314490136, 9.932080463277627], [-84.0999353115813, 9.932088812402501], [-84.09998504734735, 9.932095903138045], [-84.0999726055056, 9.932223292863972], [-84.0998404770155, 9.932216178360827], [-84.09985314490136, 9.932080463277627]]]}}, {"id": "678", "type": "Feature", "properties": {"id": 1000169}, "geometry": {"type": "Polygon", "coordinates": [[[-84.1000730344211, 9.931447328970801], [-84.10029585894956, 9.931466209356607], [-84.10028174261981, 9.93162827770717], [-84.10017944262309, 9.931695938075165], [-84.10004702418138, 9.93168205414954], [-84.1000730344211, 9.931447328970801]]]}}, {"id": "679", "type": "Feature", "properties": {"id": 3646}, "geometry": {"type": "Polygon", "coordinates": [[[-84.10073437306039, 9.929042269607942], [-84.10076419019448, 9.929046621872212], [-84.10077939419301, 9.929049261744893], [-84.10078970803426, 9.929051109754552], [-84.1008288692864, 9.929072713176014], [-84.10083943407247, 9.929086159794544], [-84.10082700349102, 9.929172732533427], [-84.10077883775955, 9.92916818796897], [-84.10071886643243, 9.929153171496557], [-84.10073437306039, 9.929042269607942]]]}}, {"id": "680", "type": "Feature", "properties": {"id": 1000170}, "geometry": {"type": "Polygon", "coordinates": [[[-84.1028452688596, 9.932102344578452], [-84.1029729298139, 9.932115158705058], [-84.10297145778604, 9.93212871751289], [-84.10294930967743, 9.93229285477864], [-84.10293665190251, 9.932381212420916], [-84.10290721680494, 9.932568305033755], [-84.10284208137801, 9.932557320172592], [-84.10277451819462, 9.932515679497875], [-84.10278068770238, 9.932468828106947], [-84.10280332233752, 9.932338963151912], [-84.1028452688596, 9.932102344578452]]]}}, {"id": "681", "type": "Feature", "properties": {"id": 3648}, "geometry": {"type": "Polygon", "coordinates": [[[-84.10263096962609, 9.929955357993837], [-84.10277971647432, 9.929976886000969], [-84.10277216796145, 9.930033318950349], [-84.10262208496901, 9.930007327148944], [-84.10263096962609, 9.929955357993837]]]}}, {"id": "682", "type": "Feature", "properties": {"id": 1000171}, "geometry": {"type": "Polygon", "coordinates": [[[-84.10206760920981, 9.929938376441799], [-84.10212158766909, 9.929943156077295], [-84.10222327320228, 9.929954354335695], [-84.10239703541347, 9.92998190732598], [-84.10241020267262, 9.929984380056204], [-84.1023922576742, 9.93011123245713], [-84.10213630984634, 9.930070414451139], [-84.10208929961347, 9.930061369950408], [-84.10205067597401, 9.930046072580282], [-84.10206159269264, 9.929967462701104], [-84.10206760920981, 9.929938376441799]]]}}, {"id": "683", "type": "Feature", "properties": {"id": 3652}, "geometry": {"type": "Polygon", "coordinates": [[[-84.10214193876591, 9.930251306276286], [-84.10234896919165, 9.930274504753235], [-84.10232050402993, 9.930383841009652], [-84.10211594439126, 9.930332187836106], [-84.1021181606145, 9.930323765547103], [-84.10214193876591, 9.930251306276286]]]}}, {"id": "684", "type": "Feature", "properties": {"id": 1000172}, "geometry": {"type": "Polygon", "coordinates": [[[-84.10178472053795, 9.930003839287801], [-84.10185759051453, 9.93001367274296], [-84.10185323103808, 9.930078459188802], [-84.10185177622024, 9.930092474554511], [-84.10183913727344, 9.930213549250833], [-84.10183318919213, 9.930260206655257], [-84.10176429782248, 9.930240466230655], [-84.10178472053795, 9.930003839287801]]]}}, {"id": "685", "type": "Feature", "properties": {"id": 3654}, "geometry": {"type": "Polygon", "coordinates": [[[-84.1029368999164, 9.928735973145004], [-84.10328085100892, 9.928773882892095], [-84.10326534858774, 9.928978701791692], [-84.10315834317431, 9.929212154011047], [-84.10297932560185, 9.929211187924977], [-84.1029339984538, 9.929203702781367], [-84.1029290175018, 9.929090635449352], [-84.1029247054702, 9.92899253580495], [-84.10292442823233, 9.928974974005316], [-84.1029368999164, 9.928735973145004]]]}}, {"id": "686", "type": "Feature", "properties": {"id": 3655}, "geometry": {"type": "Polygon", "coordinates": [[[-84.10283612404359, 9.928980833841184], [-84.10286990215438, 9.928985115630796], [-84.1029247054702, 9.92899253580495], [-84.1029290175018, 9.929090635449352], [-84.10285141351991, 9.929136801380695], [-84.10281245944003, 9.92913012355763], [-84.10282029868272, 9.929080302164714], [-84.10282088392358, 9.929076600236707], [-84.10283612404359, 9.928980833841184]]]}}, {"id": "687", "type": "Feature", "properties": {"id": 3656}, "geometry": {"type": "Polygon", "coordinates": [[[-84.1027968727425, 9.928965445437974], [-84.10283849919702, 9.928971583722355], [-84.10280112668073, 9.929199121635003], [-84.10276450389777, 9.929194232712344], [-84.1027968727425, 9.928965445437974]]]}}, {"id": "688", "type": "Feature", "properties": {"id": 3657}, "geometry": {"type": "Polygon", "coordinates": [[[-84.10255355379749, 9.928972444371198], [-84.10257624363966, 9.928977722211188], [-84.10255328171468, 9.92913453657301], [-84.10254453440687, 9.929161951541564], [-84.10248178970507, 9.929150372758047], [-84.10249982632592, 9.929017521129483], [-84.10255355379749, 9.928972444371198]]]}}, {"id": "689", "type": "Feature", "properties": {"id": 3658}, "geometry": {"type": "Polygon", "coordinates": [[[-84.10161415861336, 9.928929120480745], [-84.10163968668263, 9.928932278269048], [-84.10163526557264, 9.929036795666946], [-84.10160121107637, 9.929031615965684], [-84.10161415861336, 9.928929120480745]]]}}, {"id": "690", "type": "Feature", "properties": {"id": 1000173}, "geometry": {"type": "Polygon", "coordinates": [[[-84.10156393702694, 9.928901611229751], [-84.10161710744242, 9.928906926573744], [-84.10160133416605, 9.929025641686138], [-84.10159992090809, 9.929026616831035], [-84.10154806892467, 9.92902108719939], [-84.1015567806329, 9.928952001830542], [-84.10156393702694, 9.928901611229751]]]}}, {"id": "691", "type": "Feature", "properties": {"id": 3660}, "geometry": {"type": "Polygon", "coordinates": [[[-84.10163017963606, 9.928442721650402], [-84.10166438054128, 9.928443115422668], [-84.10166873266948, 9.928456606502461], [-84.10165977349317, 9.92868075758758], [-84.10165756849341, 9.928733314067753], [-84.10158430438536, 9.928726626193342], [-84.10156822304475, 9.928724509364782], [-84.10156837270486, 9.928671604591127], [-84.1015689367226, 9.928636012284937], [-84.10156988452147, 9.92858010561039], [-84.1015745429739, 9.92847944792015], [-84.10163017963606, 9.928442721650402]]]}}, {"id": "692", "type": "Feature", "properties": {"id": 3661}, "geometry": {"type": "Polygon", "coordinates": [[[-84.1019754148917, 9.928667207413268], [-84.1020720886406, 9.928682097018864], [-84.1020552428695, 9.928795873335703], [-84.10205181375545, 9.928818483416492], [-84.10201141389335, 9.928832389264821], [-84.10198706964326, 9.928829459140514], [-84.10195016325133, 9.928811427975585], [-84.1019754148917, 9.928667207413268]]]}}, {"id": "693", "type": "Feature", "properties": {"id": 1000174}, "geometry": {"type": "Polygon", "coordinates": [[[-84.10347579996204, 9.928186859298437], [-84.10362669302442, 9.928214540110504], [-84.10360928363794, 9.92828955289525], [-84.10346003613742, 9.928264030941614], [-84.10347579996204, 9.928186859298437]]]}}, {"id": "694", "type": "Feature", "properties": {"id": 1000175}, "geometry": {"type": "Polygon", "coordinates": [[[-84.10371464869831, 9.928214562770092], [-84.10381228278459, 9.928233039755996], [-84.1038706583199, 9.92825096115385], [-84.1038670883332, 9.928287522974554], [-84.10377603173383, 9.928313806211916], [-84.10369443804962, 9.928311343567541], [-84.10363316130713, 9.928302431088543], [-84.10364478853184, 9.928253005963148], [-84.10371464869831, 9.928214562770092]]]}}, {"id": "695", "type": "Feature", "properties": {"id": 1000176}, "geometry": {"type": "Polygon", "coordinates": [[[-84.10326179653353, 9.928137886540867], [-84.10343601459321, 9.928172218072996], [-84.10341859533389, 9.928255299746482], [-84.10325011714124, 9.928228580265325], [-84.10325435294503, 9.928195685479855], [-84.10326179653353, 9.928137886540867]]]}}, {"id": "696", "type": "Feature", "properties": {"id": 3665}, "geometry": {"type": "Polygon", "coordinates": [[[-84.10298661489892, 9.928098867519537], [-84.10309838653644, 9.928120054860852], [-84.10308458415457, 9.928200597641538], [-84.10292199318049, 9.9281799872796], [-84.10291605157586, 9.928110396107769], [-84.10298661489892, 9.928098867519537]]]}}, {"id": "697", "type": "Feature", "properties": {"id": 1000177}, "geometry": {"type": "Polygon", "coordinates": [[[-84.10320780699222, 9.928127076094043], [-84.10326179653353, 9.928137886540865], [-84.10325573382838, 9.928184961270505], [-84.10319942121255, 9.928174032457635], [-84.10320780699222, 9.928127076094043]]]}}, {"id": "698", "type": "Feature", "properties": {"id": 1000178}, "geometry": {"type": "Polygon", "coordinates": [[[-84.1030513101144, 9.92821052438321], [-84.10317661740675, 9.928237986606751], [-84.10317076167063, 9.928278011572049], [-84.10304612285847, 9.928260022913348], [-84.1030513101144, 9.92821052438321]]]}}, {"id": "699", "type": "Feature", "properties": {"id": 3668}, "geometry": {"type": "Polygon", "coordinates": [[[-84.10294186689083, 9.928180190777717], [-84.10297930113369, 9.928181650267788], [-84.10299218645031, 9.928183948392952], [-84.10298470732918, 9.928240850079751], [-84.10293631742793, 9.92823112072225], [-84.10294186689083, 9.928180190777717]]]}}, {"id": "700", "type": "Feature", "properties": {"id": 4232}, "geometry": {"type": "Polygon", "coordinates": [[[-84.10403979352934, 9.927694116075873], [-84.1040864667304, 9.927701111227506], [-84.1041775763011, 9.927716699350428], [-84.10416148143379, 9.927760891966411], [-84.10412997814397, 9.927756199083854], [-84.10402642840035, 9.927738928946939], [-84.10403979352934, 9.927694116075873]]]}}, {"id": "701", "type": "Feature", "properties": {"id": 3670}, "geometry": {"type": "Polygon", "coordinates": [[[-84.10392722912219, 9.927611809532754], [-84.10400276527308, 9.92761842357793], [-84.10420220896259, 9.927637041106099], [-84.10418822208943, 9.927704185085634], [-84.1039832751496, 9.927684373346265], [-84.10392554083533, 9.927650052740853], [-84.10392660639818, 9.927623610832798], [-84.10392722912219, 9.927611809532754]]]}}, {"id": "702", "type": "Feature", "properties": {"id": 1000179}, "geometry": {"type": "Polygon", "coordinates": [[[-84.10349232122849, 9.927143715572608], [-84.10350950790894, 9.927156132469795], [-84.103471054217, 9.927246826562921], [-84.1034407997907, 9.92722908989969], [-84.10347657851541, 9.927169629642624], [-84.10349232122849, 9.927143715572608]]]}}, {"id": "703", "type": "Feature", "properties": {"id": 1000180}, "geometry": {"type": "Polygon", "coordinates": [[[-84.10356278449254, 9.927119375014135], [-84.10360698055129, 9.927126607361318], [-84.1035867208518, 9.927251840110483], [-84.1035446801953, 9.927247389033797], [-84.10356278449254, 9.927119375014135]]]}}, {"id": "704", "type": "Feature", "properties": {"id": 1000181}, "geometry": {"type": "Polygon", "coordinates": [[[-84.10352847596555, 9.92707156767729], [-84.10356559844033, 9.92709947775155], [-84.1035446801953, 9.927247389033802], [-84.10349514149446, 9.92723984897255], [-84.10352847596555, 9.92707156767729]]]}}, {"id": "705", "type": "Feature", "properties": {"id": 3674}, "geometry": {"type": "Polygon", "coordinates": [[[-84.10371393681899, 9.927005076020208], [-84.10370954273016, 9.927065746859359], [-84.10368999661078, 9.92717014843696], [-84.10367393545843, 9.927250147335947], [-84.10363657092775, 9.927251026204905], [-84.10358792623853, 9.927244389164713], [-84.10362408527807, 9.92706119468118], [-84.10363832818675, 9.927047911275588], [-84.10369637732356, 9.927006741020993], [-84.10371393681899, 9.927005076020208]]]}}, {"id": "706", "type": "Feature", "properties": {"id": 3675}, "geometry": {"type": "Polygon", "coordinates": [[[-84.10378030271266, 9.927094104689315], [-84.10381878887019, 9.92709753747909], [-84.10379288912517, 9.927262878220175], [-84.10375431332554, 9.927258640507343], [-84.10378030271266, 9.927094104689315]]]}}, {"id": "707", "type": "Feature", "properties": {"id": 1000182}, "geometry": {"type": "Polygon", "coordinates": [[[-84.10372475958195, 9.926971484046817], [-84.10388075041584, 9.926973099322845], [-84.10387845643957, 9.927006936531468], [-84.10383149099289, 9.927006951120383], [-84.10380613692456, 9.927005076020196], [-84.10371408543823, 9.92699815308956], [-84.10372475958195, 9.926971484046817]]]}}, {"id": "708", "type": "Feature", "properties": {"id": 3677}, "geometry": {"type": "Polygon", "coordinates": [[[-84.10409535672704, 9.927141500235042], [-84.10422891082013, 9.927148653710212], [-84.10426008717155, 9.927150875527056], [-84.10425728863326, 9.927196715237667], [-84.10423137866107, 9.927217461220993], [-84.10410326069126, 9.927209092658973], [-84.10409410126464, 9.927174476736095], [-84.10409535672704, 9.927141500235042]]]}}, {"id": "709", "type": "Feature", "properties": {"id": 3678}, "geometry": {"type": "Polygon", "coordinates": [[[-84.10376696892573, 9.926525977485749], [-84.10390000375364, 9.926531947565252], [-84.1038966484909, 9.926582288325271], [-84.10386344381519, 9.92657954267465], [-84.1037660598039, 9.92656926055972], [-84.10376696892573, 9.926525977485749]]]}}, {"id": "710", "type": "Feature", "properties": {"id": 3680}, "geometry": {"type": "Polygon", "coordinates": [[[-84.1041612627946, 9.925993016712882], [-84.10413772892497, 9.926134988097381], [-84.10411858079256, 9.926162203810737], [-84.10411054082898, 9.926150507821028], [-84.1041049044397, 9.926140479410812], [-84.1040630845762, 9.926066069561628], [-84.1041612627946, 9.925993016712882]]]}}, {"id": "711", "type": "Feature", "properties": {"id": 3681}, "geometry": {"type": "Polygon", "coordinates": [[[-84.10423513824401, 9.926205525959542], [-84.10433388214739, 9.926211428767612], [-84.10432420746405, 9.926289079501684], [-84.10417114933962, 9.92628889061521], [-84.10417111712012, 9.926255141715899], [-84.1041999381976, 9.92622695098902], [-84.10423513824401, 9.926205525959542]]]}}, {"id": "712", "type": "Feature", "properties": {"id": 3682}, "geometry": {"type": "Polygon", "coordinates": [[[-84.10409349518335, 9.926360606240047], [-84.10412443635592, 9.926362051086278], [-84.10430859783827, 9.926375727570756], [-84.10430227181602, 9.926433601840586], [-84.10409258606153, 9.926420307060397], [-84.10409349518335, 9.926360606240047]]]}}, {"id": "713", "type": "Feature", "properties": {"id": 3683}, "geometry": {"type": "Polygon", "coordinates": [[[-84.10406497999996, 9.92642216002209], [-84.10408548602466, 9.92642359943687], [-84.10428279244456, 9.926437539343016], [-84.10428224420065, 9.92649429263555], [-84.10408879805391, 9.92648299291005], [-84.10406298415138, 9.92645525394881], [-84.10406497999996, 9.92642216002209]]]}}, {"id": "714", "type": "Feature", "properties": {"id": 3684}, "geometry": {"type": "Polygon", "coordinates": [[[-84.1034692108295, 9.926525619513267], [-84.10359180410455, 9.92653618444014], [-84.10358214725912, 9.926620337034082], [-84.10358036503324, 9.926619569025853], [-84.10346872813044, 9.92656426968084], [-84.1034692108295, 9.926525619513267]]]}}, {"id": "715", "type": "Feature", "properties": {"id": 3685}, "geometry": {"type": "Polygon", "coordinates": [[[-84.10326361847187, 9.926338890063944], [-84.10335787652727, 9.92641642379951], [-84.10331998373263, 9.926465219126975], [-84.10322573839561, 9.926387546236587], [-84.10326361847187, 9.926338890063944]]]}}, {"id": "716", "type": "Feature", "properties": {"id": 3686}, "geometry": {"type": "Polygon", "coordinates": [[[-84.10325283601816, 9.926706266747868], [-84.10335328604982, 9.926808953737885], [-84.10337104636824, 9.926830824531564], [-84.10333483301528, 9.926871421032283], [-84.10329358654984, 9.926854635597966], [-84.10323321005083, 9.926791693705843], [-84.10320194970764, 9.926749034507479], [-84.10325283601816, 9.926706266747868]]]}}, {"id": "717", "type": "Feature", "properties": {"id": 3687}, "geometry": {"type": "Polygon", "coordinates": [[[-84.10317029550808, 9.926725769741223], [-84.10329372980264, 9.92686216451587], [-84.10323952674332, 9.926911420520707], [-84.10313858099448, 9.926787419894502], [-84.10315119040547, 9.926746198721608], [-84.10317029550808, 9.926725769741223]]]}}, {"id": "718", "type": "Feature", "properties": {"id": 3688}, "geometry": {"type": "Polygon", "coordinates": [[[-84.10287178696287, 9.927186939252277], [-84.10298491133092, 9.927281228828138], [-84.10294750771973, 9.92733271528892], [-84.10283298156688, 9.927233634939785], [-84.10287178696287, 9.927186939252277]]]}}, {"id": "719", "type": "Feature", "properties": {"id": 1000183}, "geometry": {"type": "Polygon", "coordinates": [[[-84.10274420686595, 9.927003061121288], [-84.10284169414676, 9.927076678708126], [-84.10275112560792, 9.927194257465288], [-84.10265844916678, 9.92713474420757], [-84.10274420686595, 9.927003061121288]]]}}, {"id": "720", "type": "Feature", "properties": {"id": 3692}, "geometry": {"type": "Polygon", "coordinates": [[[-84.10463427916864, 9.932299458675942], [-84.10489921835489, 9.932332029672153], [-84.10486693908155, 9.932445393292138], [-84.10486081634276, 9.932443966856212], [-84.10467018514068, 9.932395970583691], [-84.10464286081881, 9.932387864812332], [-84.10461804797423, 9.932380503446407], [-84.10463427916864, 9.932299458675942]]]}}, {"id": "721", "type": "Feature", "properties": {"id": 3693}, "geometry": {"type": "Polygon", "coordinates": [[[-84.10474979656023, 9.932152236792184], [-84.1049118336196, 9.932177438142778], [-84.10489225737201, 9.932319863921023], [-84.1047735358561, 9.93230762949051], [-84.10473342543182, 9.932303002680246], [-84.10473543306617, 9.932274995818828], [-84.10474979656023, 9.932152236792184]]]}}, {"id": "722", "type": "Feature", "properties": {"id": 3696}, "geometry": {"type": "Polygon", "coordinates": [[[-84.10460595879778, 9.932440866323537], [-84.10484479190286, 9.932503952487417], [-84.1048650977513, 9.932510019421066], [-84.10482340962795, 9.932670661208133], [-84.10467495732085, 9.932640867548145], [-84.10458921214125, 9.93252501832268], [-84.10460595879778, 9.932440866323537]]]}}, {"id": "723", "type": "Feature", "properties": {"id": 3697}, "geometry": {"type": "Polygon", "coordinates": [[[-84.1046639081967, 9.93263860342398], [-84.10482340962795, 9.932670661208133], [-84.10480905294719, 9.932785046154487], [-84.10464742119223, 9.932762659993069], [-84.10465305183794, 9.932719003639638], [-84.1046639081967, 9.93263860342398]]]}}, {"id": "724", "type": "Feature", "properties": {"id": 1000184}, "geometry": {"type": "Polygon", "coordinates": [[[-84.10454334952334, 9.932524051976182], [-84.10468013409199, 9.93254563046817], [-84.10465305183794, 9.932719003639638], [-84.10452387018786, 9.932707143354401], [-84.10454334952334, 9.932524051976182]]]}}, {"id": "725", "type": "Feature", "properties": {"id": 3699}, "geometry": {"type": "Polygon", "coordinates": [[[-84.10465828876296, 9.930905431159493], [-84.10508279300443, 9.930966935490407], [-84.10509590061547, 9.930996900961429], [-84.10509183640202, 9.931026084793494], [-84.10507948558343, 9.93107629343979], [-84.10483173052725, 9.93103852958562], [-84.10464827909189, 9.93096044413416], [-84.10465828876296, 9.930905431159493]]]}}, {"id": "726", "type": "Feature", "properties": {"id": 3700}, "geometry": {"type": "Polygon", "coordinates": [[[-84.10504509101725, 9.93089286613284], [-84.10510190751646, 9.930902164507003], [-84.10516717138687, 9.930913245360488], [-84.10517872953046, 9.930931923528783], [-84.1051728958223, 9.930980307512481], [-84.10508189390677, 9.930964346831116], [-84.10503738007414, 9.930943706549522], [-84.10504509101725, 9.93089286613284]]]}}, {"id": "727", "type": "Feature", "properties": {"id": 3701}, "geometry": {"type": "Polygon", "coordinates": [[[-84.10485257186062, 9.930303034666272], [-84.10499620075896, 9.930323078941383], [-84.1049621281859, 9.930560948597927], [-84.10481884644392, 9.930544357974169], [-84.10485257186062, 9.930303034666272]]]}}, {"id": "728", "type": "Feature", "properties": {"id": 3703}, "geometry": {"type": "Polygon", "coordinates": [[[-84.10492545837192, 9.927512682394061], [-84.10492424319442, 9.927666502301193], [-84.10485608837863, 9.927663058229836], [-84.10485602888558, 9.927514576416318], [-84.10492545837192, 9.927512682394061]]]}}, {"id": "729", "type": "Feature", "properties": {"id": 3704}, "geometry": {"type": "Polygon", "coordinates": [[[-84.10455054092127, 9.927522356228826], [-84.10455254406146, 9.92760178611412], [-84.10439280216221, 9.927599994606503], [-84.10438872446849, 9.927521875891514], [-84.10455054092127, 9.927522356228826]]]}}, {"id": "730", "type": "Feature", "properties": {"id": 3705}, "geometry": {"type": "Polygon", "coordinates": [[[-84.10461579257999, 9.926845477118441], [-84.10466765094405, 9.926851612649447], [-84.10465822391389, 9.92706414943053], [-84.10462329552493, 9.927061840669706], [-84.10460647332391, 9.9270256724289], [-84.10461579257999, 9.926845477118441]]]}}, {"id": "731", "type": "Feature", "properties": {"id": 1000185}, "geometry": {"type": "Polygon", "coordinates": [[[-84.10488319194147, 9.92686259724277], [-84.10494256350427, 9.926864511780963], [-84.1049382744565, 9.926954688316744], [-84.10493290588754, 9.927010243465492], [-84.1049122289356, 9.927049253508482], [-84.10487981747005, 9.92704891914418], [-84.10487980948605, 9.927023899605244], [-84.10488015105436, 9.926994085404823], [-84.10488319194147, 9.92686259724277]]]}}, {"id": "732", "type": "Feature", "properties": {"id": 3707}, "geometry": {"type": "Polygon", "coordinates": [[[-84.10483529474162, 9.926859913082259], [-84.10488319194147, 9.92686259724277], [-84.10487938188137, 9.926986981436654], [-84.1048278337211, 9.926982783235813], [-84.10483529474162, 9.926859913082259]]]}}, {"id": "733", "type": "Feature", "properties": {"id": 3708}, "geometry": {"type": "Polygon", "coordinates": [[[-84.1049574733771, 9.926618343258317], [-84.10502714593697, 9.9266210776444], [-84.10508716731202, 9.926624740641508], [-84.10508581213121, 9.926677440658283], [-84.10495999723352, 9.926671861088925], [-84.104959156724, 9.926656451966018], [-84.1049574733771, 9.926618343258317]]]}}, {"id": "734", "type": "Feature", "properties": {"id": 3709}, "geometry": {"type": "Polygon", "coordinates": [[[-84.10502802496262, 9.926526473456436], [-84.10507709232829, 9.9265337524938], [-84.10509704441974, 9.92654525337251], [-84.1050963054534, 9.926622119994512], [-84.10502611138389, 9.92661933067161], [-84.10502802496262, 9.926526473456436]]]}}, {"id": "735", "type": "Feature", "properties": {"id": 3710}, "geometry": {"type": "Polygon", "coordinates": [[[-84.1044528664195, 9.926684088595124], [-84.10455906994532, 9.926687405605648], [-84.10455531953183, 9.926761989419594], [-84.10444995006075, 9.926755708462988], [-84.10444928499105, 9.926751341043545], [-84.10445039344057, 9.926704609651901], [-84.1044528664195, 9.926684088595124]]]}}, {"id": "736", "type": "Feature", "properties": {"id": 3711}, "geometry": {"type": "Polygon", "coordinates": [[[-84.10466419408903, 9.926657082929296], [-84.10467150231736, 9.926682093808314], [-84.10466891153574, 9.926776877008326], [-84.10461267613259, 9.926776066146552], [-84.10461230142576, 9.926765710630944], [-84.10461734372025, 9.92665775290291], [-84.10466419408903, 9.926657082929296]]]}}, {"id": "737", "type": "Feature", "properties": {"id": 3712}, "geometry": {"type": "Polygon", "coordinates": [[[-84.1046723024654, 9.926667021930923], [-84.10470600276479, 9.92666755147847], [-84.10472939378266, 9.92667696725811], [-84.1047277135726, 9.926789567049502], [-84.10466874776864, 9.926787398522604], [-84.10466891153574, 9.926776877008326], [-84.10467150231736, 9.926682093808314], [-84.1046723024654, 9.926667021930923]]]}}, {"id": "738", "type": "Feature", "properties": {"id": 3713}, "geometry": {"type": "Polygon", "coordinates": [[[-84.10481538576222, 9.926663663154875], [-84.10484380253972, 9.926664002213132], [-84.10484380034528, 9.92666769054657], [-84.10483713604427, 9.926792016692431], [-84.10478121919977, 9.92679096710251], [-84.10478233019614, 9.926737489554641], [-84.10478385906583, 9.926684260414127], [-84.10481538576222, 9.926663663154875]]]}}, {"id": "739", "type": "Feature", "properties": {"id": 3714}, "geometry": {"type": "Polygon", "coordinates": [[[-84.10484380034528, 9.92666769054657], [-84.10489871579028, 9.926670701020548], [-84.10489855789349, 9.926681121727464], [-84.10489121569302, 9.926794971817207], [-84.10483713604427, 9.926792016692431], [-84.10484380034528, 9.92666769054657]]]}}, {"id": "740", "type": "Feature", "properties": {"id": 3715}, "geometry": {"type": "Polygon", "coordinates": [[[-84.10491455667947, 9.926671035108212], [-84.1049465442551, 9.926671865311777], [-84.10494214582907, 9.926785002275102], [-84.10491616338498, 9.926796993744675], [-84.10489121569302, 9.926794971817207], [-84.10489855789349, 9.926681121727464], [-84.10491455667947, 9.926671035108212]]]}}, {"id": "741", "type": "Feature", "properties": {"id": 3716}, "geometry": {"type": "Polygon", "coordinates": [[[-84.10495999723352, 9.926671861088925], [-84.10500450663594, 9.926675172592585], [-84.1049984077455, 9.926798201964985], [-84.10494183042863, 9.926795791305608], [-84.1049465442551, 9.926671865311777], [-84.10495999723352, 9.926671861088925]]]}}, {"id": "742", "type": "Feature", "properties": {"id": 3717}, "geometry": {"type": "Polygon", "coordinates": [[[-84.10500450663594, 9.926675172592585], [-84.10508891578988, 9.926679333207137], [-84.105082412886, 9.926772941571619], [-84.10507103280423, 9.926791575892919], [-84.10505787920319, 9.926803367923824], [-84.1050524108522, 9.92680642511695], [-84.10504470327976, 9.926809592785952], [-84.1049979680226, 9.926807072070732], [-84.10500450663594, 9.926675172592585]]]}}, {"id": "743", "type": "Feature", "properties": {"id": 3718}, "geometry": {"type": "Polygon", "coordinates": [[[-84.10458224351167, 9.926490169255151], [-84.10463606583683, 9.926492269284754], [-84.10463159907789, 9.926591173559775], [-84.1046305101577, 9.926608263066063], [-84.1046148286134, 9.926621740383862], [-84.10457689006525, 9.926619491780524], [-84.10457714464387, 9.926561139870438], [-84.10458224351167, 9.926490169255151]]]}}, {"id": "744", "type": "Feature", "properties": {"id": 3719}, "geometry": {"type": "Polygon", "coordinates": [[[-84.10480686288001, 9.926500997484743], [-84.10485560818734, 9.926503825730293], [-84.10485009689988, 9.92662170893351], [-84.10483685436769, 9.926632110470344], [-84.10480066188696, 9.926631195651018], [-84.10480686288001, 9.926500997484743]]]}}, {"id": "745", "type": "Feature", "properties": {"id": 3720}, "geometry": {"type": "Polygon", "coordinates": [[[-84.1047469229548, 9.926496794500215], [-84.10479900808589, 9.926500171485113], [-84.10479355094698, 9.926605620694056], [-84.10479236305306, 9.926624608509563], [-84.10476829757303, 9.926622959127872], [-84.10473893066461, 9.9266204384726], [-84.10474029008648, 9.926599398481098], [-84.1047469229548, 9.926496794500215]]]}}, {"id": "746", "type": "Feature", "properties": {"id": 3721}, "geometry": {"type": "Polygon", "coordinates": [[[-84.10465300422766, 9.925844889550898], [-84.10471149634756, 9.925848185085945], [-84.10470568793484, 9.925975935698483], [-84.10464719631977, 9.925974297085908], [-84.10465300422766, 9.925844889550898]]]}}, {"id": "747", "type": "Feature", "properties": {"id": 3722}, "geometry": {"type": "Polygon", "coordinates": [[[-84.10459548384382, 9.925834447560987], [-84.10465317013164, 9.925841078575143], [-84.10465300422766, 9.925844889550898], [-84.10464719631977, 9.925974297085908], [-84.1046433160467, 9.926040535708903], [-84.10459139967287, 9.926038934555768], [-84.10459106274912, 9.926030484351882], [-84.10458959347515, 9.925943673707081], [-84.10459548384382, 9.925834447560987]]]}}, {"id": "748", "type": "Feature", "properties": {"id": 3723}, "geometry": {"type": "Polygon", "coordinates": [[[-84.10449490837175, 9.925937712257188], [-84.10458959347515, 9.925943673707081], [-84.10459106274912, 9.926030484351882], [-84.10449098077407, 9.926027131881167], [-84.10449490837175, 9.925937712257188]]]}}, {"id": "749", "type": "Feature", "properties": {"id": 1000186}, "geometry": {"type": "Polygon", "coordinates": [[[-84.10450568158684, 9.925820490029743], [-84.10459563098748, 9.925831867473777], [-84.10458959347515, 9.925943673707081], [-84.10449198702618, 9.92593752833], [-84.10450568158684, 9.925820490029743]]]}}, {"id": "750", "type": "Feature", "properties": {"id": 3725}, "geometry": {"type": "Polygon", "coordinates": [[[-84.10471136340554, 9.925852688059363], [-84.10476644227315, 9.925870573448057], [-84.10476135196907, 9.925944730628164], [-84.10475783009275, 9.92598072444457], [-84.10470568793484, 9.925975935698483], [-84.10471136340554, 9.925852688059363]]]}}, {"id": "751", "type": "Feature", "properties": {"id": 3726}, "geometry": {"type": "Polygon", "coordinates": [[[-84.10476135196907, 9.925944730628164], [-84.10481603637598, 9.925946079366229], [-84.10481319475609, 9.926045690748982], [-84.10475417368171, 9.926044020063259], [-84.10475783009275, 9.92598072444457], [-84.10476135196907, 9.925944730628164]]]}}, {"id": "752", "type": "Feature", "properties": {"id": 4133}, "geometry": {"type": "Polygon", "coordinates": [[[-84.10463924062674, 9.9300703512323], [-84.10485656948548, 9.930095790496779], [-84.10532097234953, 9.930152684809721], [-84.105304788026, 9.930274873904747], [-84.10462734026534, 9.93018371305484], [-84.10463924062674, 9.9300703512323]]]}}, {"id": "753", "type": "Feature", "properties": {"id": 4138}, "geometry": {"type": "Polygon", "coordinates": [[[-84.10442464227513, 9.931952660142938], [-84.10467550281079, 9.93199267919205], [-84.10488307719498, 9.932026415334217], [-84.10486933765657, 9.932107323016753], [-84.10441681342243, 9.93203385180683], [-84.10442464227513, 9.931952660142938]]]}}, {"id": "754", "type": "Feature", "properties": {"id": 1000187}, "geometry": {"type": "Polygon", "coordinates": [[[-84.10451769204055, 9.931830298913566], [-84.10456895303032, 9.931840955031573], [-84.10455010205517, 9.931958719481429], [-84.10447773651993, 9.931950358884185], [-84.10449314600982, 9.931852330109196], [-84.10451769204055, 9.931830298913566]]]}}, {"id": "755", "type": "Feature", "properties": {"id": 1000188}, "geometry": {"type": "Polygon", "coordinates": [[[-84.10427439427494, 9.931553891230875], [-84.10433807760467, 9.931562796393097], [-84.10433269152838, 9.931610332169383], [-84.10430375551627, 9.931621712362137], [-84.10422769080219, 9.931612006828745], [-84.10423524167615, 9.931559670385058], [-84.10427439427494, 9.931553891230875]]]}}, {"id": "756", "type": "Feature", "properties": {"id": 1000189}, "geometry": {"type": "Polygon", "coordinates": [[[-84.10494318468987, 9.931763667995032], [-84.10503936996587, 9.931779514317865], [-84.10501966000604, 9.931847676480256], [-84.10490527650599, 9.931823269793549], [-84.10491640893974, 9.931772991809783], [-84.10494318468987, 9.931763667995032]]]}}, {"id": "757", "type": "Feature", "properties": {"id": 4143}, "geometry": {"type": "Polygon", "coordinates": [[[-84.10504884562968, 9.930832714696997], [-84.10516015406472, 9.93085217781915], [-84.10515204622764, 9.930910723312088], [-84.10504509101725, 9.93089286613284], [-84.1050406130654, 9.930892076546973], [-84.10504884562968, 9.930832714696997]]]}}, {"id": "758", "type": "Feature", "properties": {"id": 4163}, "geometry": {"type": "Polygon", "coordinates": [[[-84.09937585823901, 9.93167105929525], [-84.09941486660436, 9.931673143866298], [-84.09943916678355, 9.931683018236129], [-84.09942852403468, 9.93177623779693], [-84.09933582242279, 9.931767075991909], [-84.09934604944989, 9.931677671108842], [-84.09937585823901, 9.93167105929525]]]}}, {"id": "759", "type": "Feature", "properties": {"id": 4164}, "geometry": {"type": "Polygon", "coordinates": [[[-84.09960635101463, 9.931710239395125], [-84.0996244088197, 9.931712132807618], [-84.09981684321538, 9.931732962133381], [-84.09980964920759, 9.931794068364983], [-84.09965897546508, 9.931790200346535], [-84.0995960216787, 9.931783832526], [-84.09960635101463, 9.931710239395125]]]}}, {"id": "760", "type": "Feature", "properties": {"id": 4165}, "geometry": {"type": "Polygon", "coordinates": [[[-84.09932833966076, 9.930809391736105], [-84.09938741527125, 9.930812468271245], [-84.09947281611603, 9.930821170470477], [-84.09947156678288, 9.930831894392439], [-84.09946398154591, 9.930896853223722], [-84.09930197142742, 9.930879774820445], [-84.0993085704475, 9.930820813696112], [-84.09930920666018, 9.930815179474058], [-84.09932833966076, 9.930809391736105]]]}}, {"id": "761", "type": "Feature", "properties": {"id": 4166}, "geometry": {"type": "Polygon", "coordinates": [[[-84.09946636250766, 9.930902656004264], [-84.09952843629914, 9.930910700552204], [-84.09950054685008, 9.931161830623195], [-84.0994361169546, 9.931155150154], [-84.09946636250766, 9.930902656004264]]]}}, {"id": "762", "type": "Feature", "properties": {"id": 4167}, "geometry": {"type": "Polygon", "coordinates": [[[-84.09947399227974, 9.930830889191427], [-84.09966816489646, 9.930856842201376], [-84.09966135387444, 9.930927926218986], [-84.09946636250766, 9.930902656004264], [-84.09947399227974, 9.930830889191427]]]}}, {"id": "763", "type": "Feature", "properties": {"id": 4168}, "geometry": {"type": "Polygon", "coordinates": [[[-84.09950304551634, 9.930761265932702], [-84.09969312263169, 9.930799590773983], [-84.09968616206133, 9.930859187651278], [-84.0994959073029, 9.930834393059568], [-84.09950304551634, 9.930761265932702]]]}}, {"id": "764", "type": "Feature", "properties": {"id": 4171}, "geometry": {"type": "Polygon", "coordinates": [[[-84.09991372689312, 9.93158971125882], [-84.10001866479611, 9.931600769436486], [-84.10001163112146, 9.93166210264795], [-84.099904906911, 9.931650625241577], [-84.09991372689312, 9.93158971125882]]]}}, {"id": "765", "type": "Feature", "properties": {"id": 4172}, "geometry": {"type": "Polygon", "coordinates": [[[-84.0998988761454, 9.931716253967789], [-84.0999842971882, 9.931724912144418], [-84.09997786297794, 9.93178723526185], [-84.09989290495861, 9.931780763273132], [-84.0998988761454, 9.931716253967789]]]}}, {"id": "766", "type": "Feature", "properties": {"id": 4174}, "geometry": {"type": "Polygon", "coordinates": [[[-84.0998404770155, 9.932216178360827], [-84.0999726055056, 9.932223292863972], [-84.09996417908829, 9.932302068134762], [-84.0999374395442, 9.932320627276919], [-84.09982950469698, 9.932311855610065], [-84.0998404770155, 9.932216178360827]]]}}, {"id": "767", "type": "Feature", "properties": {"id": 4176}, "geometry": {"type": "Polygon", "coordinates": [[[-84.09923981159025, 9.931997189405234], [-84.09931792366075, 9.932005819778785], [-84.0992937254571, 9.932219372150051], [-84.09919919619244, 9.932213473592714], [-84.09921394489203, 9.932066137843416], [-84.09923981159025, 9.931997189405234]]]}}, {"id": "768", "type": "Feature", "properties": {"id": 4177}, "geometry": {"type": "Polygon", "coordinates": [[[-84.09958831250323, 9.929183394918654], [-84.0998296622858, 9.929205147460163], [-84.09982183385522, 9.929327850282235], [-84.0997964157113, 9.929395061520248], [-84.09966755592039, 9.929376778031822], [-84.09957082183917, 9.929349001191689], [-84.09958831250323, 9.929183394918654]]]}}, {"id": "769", "type": "Feature", "properties": {"id": 4179}, "geometry": {"type": "Polygon", "coordinates": [[[-84.10024038707381, 9.92913329515942], [-84.10054909497295, 9.9291733781553], [-84.10054820862192, 9.929182281425733], [-84.10054602263469, 9.92920364178565], [-84.10051647779751, 9.929446483825956], [-84.10041099838418, 9.929432243803644], [-84.10022977135347, 9.929279516775003], [-84.10024038707381, 9.92913329515942]]]}}, {"id": "770", "type": "Feature", "properties": {"id": 4180}, "geometry": {"type": "Polygon", "coordinates": [[[-84.09906287867443, 9.930096513814517], [-84.09915889885102, 9.930108116772152], [-84.09915335187462, 9.930191012980902], [-84.09905361707438, 9.930179500644693], [-84.09906287867443, 9.930096513814517]]]}}, {"id": "771", "type": "Feature", "properties": {"id": 4117}, "geometry": {"type": "Polygon", "coordinates": [[[-84.10171051989175, 9.931897292272282], [-84.10192045456442, 9.931921152229137], [-84.10191324177266, 9.93200368965364], [-84.10170210160712, 9.931983419687887], [-84.10171051989175, 9.931897292272282]]]}}, {"id": "772", "type": "Feature", "properties": {"id": 2318}, "geometry": {"type": "Polygon", "coordinates": [[[-84.10305828545552, 9.931786516502282], [-84.10327983773837, 9.931813722683014], [-84.10326089191834, 9.931943983483562], [-84.10323213522943, 9.932004516315317], [-84.10310052677926, 9.931984749152571], [-84.10303898019676, 9.931914179467922], [-84.10305828545552, 9.931786516502282]]]}}, {"id": "773", "type": "Feature", "properties": {"id": 4184}, "geometry": {"type": "Polygon", "coordinates": [[[-84.10295776956607, 9.931405964381732], [-84.10324324695259, 9.93144951297242], [-84.10322248337785, 9.931588179132943], [-84.10293260874887, 9.931556027509274], [-84.10295776956607, 9.931405964381732]]]}}, {"id": "774", "type": "Feature", "properties": {"id": 4185}, "geometry": {"type": "Polygon", "coordinates": [[[-84.10321306796283, 9.931329488617978], [-84.10328778883914, 9.93133982662777], [-84.10334328553805, 9.931351073856353], [-84.10333645919708, 9.93139402491764], [-84.10328145680207, 9.93138573423142], [-84.10320692240356, 9.931373906964415], [-84.10321306796283, 9.931329488617978]]]}}, {"id": "775", "type": "Feature", "properties": {"id": 4186}, "geometry": {"type": "Polygon", "coordinates": [[[-84.10336655637597, 9.930412727176835], [-84.10343194787202, 9.930421296737018], [-84.10348329434646, 9.930428062256434], [-84.10347810558603, 9.930458263758057], [-84.10347011555666, 9.930457654096172], [-84.1033617473462, 9.930444067836827], [-84.10336655637597, 9.930412727176835]]]}}, {"id": "776", "type": "Feature", "properties": {"id": 1000190}, "geometry": {"type": "Polygon", "coordinates": [[[-84.10323481079057, 9.930406709471118], [-84.10331752922102, 9.930415839692788], [-84.10330461041382, 9.930515304418865], [-84.1032231858608, 9.930501473246709], [-84.10322365999477, 9.930496481584946], [-84.10323481079057, 9.930406709471118]]]}}, {"id": "777", "type": "Feature", "properties": {"id": 4188}, "geometry": {"type": "Polygon", "coordinates": [[[-84.10134457968067, 9.930507764709459], [-84.10191498859784, 9.930578280290362], [-84.10185966838728, 9.931100290463814], [-84.1012976692447, 9.931047115786146], [-84.10134457968067, 9.930507764709459]]]}}, {"id": "778", "type": "Feature", "properties": {"id": 1000191}, "geometry": {"type": "Polygon", "coordinates": [[[-84.10280554819192, 9.930340733685606], [-84.10323560160205, 9.930400263490474], [-84.10323481079057, 9.930406709471118], [-84.10322365999477, 9.930496481584946], [-84.10293049814288, 9.930454929635815], [-84.10280270362158, 9.930371548325185], [-84.10280554819192, 9.930340733685606]]]}}, {"id": "779", "type": "Feature", "properties": {"id": 1000192}, "geometry": {"type": "Polygon", "coordinates": [[[-84.10233467871947, 9.930328969302412], [-84.10283812327754, 9.930402673236362], [-84.10288904374816, 9.930426118068528], [-84.10288225485664, 9.930466362639226], [-84.10232050402993, 9.930383841009652], [-84.10233467871947, 9.930328969302412]]]}}, {"id": "780", "type": "Feature", "properties": {"id": 4195}, "geometry": {"type": "Polygon", "coordinates": [[[-84.10308229841681, 9.929327761612353], [-84.1031637853956, 9.929332617049747], [-84.10315388712543, 9.929423318999458], [-84.10309288973932, 9.929415670954578], [-84.10307707382734, 9.929389353658959], [-84.10308229841681, 9.929327761612353]]]}}, {"id": "781", "type": "Feature", "properties": {"id": 4196}, "geometry": {"type": "Polygon", "coordinates": [[[-84.10292879922437, 9.929307686736905], [-84.10296199837535, 9.929311971832092], [-84.10295125632364, 9.929392963334736], [-84.10291715061817, 9.929391330252432], [-84.10292879922437, 9.929307686736905]]]}}, {"id": "782", "type": "Feature", "properties": {"id": 4197}, "geometry": {"type": "Polygon", "coordinates": [[[-84.10206798511383, 9.929181743786426], [-84.1020990767295, 9.929183947754845], [-84.10209339249788, 9.929305776035289], [-84.10206395157505, 9.929303980266138], [-84.10206468869656, 9.929281285811983], [-84.10206640444167, 9.92922947528255], [-84.10206798511383, 9.929181743786426]]]}}, {"id": "783", "type": "Feature", "properties": {"id": 4198}, "geometry": {"type": "Polygon", "coordinates": [[[-84.10174824072179, 9.9294145044673], [-84.10174885887437, 9.929513427764938], [-84.10167797653895, 9.92950533605275], [-84.10167687378267, 9.929415687897881], [-84.10174824072179, 9.9294145044673]]]}}, {"id": "784", "type": "Feature", "properties": {"id": 4199}, "geometry": {"type": "Polygon", "coordinates": [[[-84.10159317271106, 9.929326967452575], [-84.1016455288634, 9.929328573226128], [-84.10164260593739, 9.929412818035303], [-84.10158987024698, 9.929414582233113], [-84.10159317271106, 9.929326967452575]]]}}, {"id": "785", "type": "Feature", "properties": {"id": 4201}, "geometry": {"type": "Polygon", "coordinates": [[[-84.10208929961347, 9.930061369950408], [-84.10213630984634, 9.930070414451139], [-84.10211018314484, 9.930189118317264], [-84.10209133752747, 9.930266001275065], [-84.10208215195594, 9.930302477517397], [-84.10207716196915, 9.930322196470412], [-84.10202902096098, 9.930311922409235], [-84.10204232348335, 9.930247919687396], [-84.10208929961347, 9.930061369950408]]]}}, {"id": "786", "type": "Feature", "properties": {"id": 4202}, "geometry": {"type": "Polygon", "coordinates": [[[-84.10136243097963, 9.93030928665079], [-84.10142836858842, 9.930314601358344], [-84.10149412559149, 9.930325702914368], [-84.10154533944912, 9.930358373091671], [-84.10154336735503, 9.9303907202842], [-84.10135697374889, 9.930374454077992], [-84.10136243097963, 9.93030928665079]]]}}, {"id": "787", "type": "Feature", "properties": {"id": 1000193}, "geometry": {"type": "Polygon", "coordinates": [[[-84.10572629534553, 9.928818117956865], [-84.1059170080539, 9.92883736211647], [-84.10591415744085, 9.928889029082628], [-84.10590502191049, 9.928888139472948], [-84.10575918617464, 9.928871856125463], [-84.10572177689006, 9.928867306271526], [-84.10572629534553, 9.928818117956865]]]}}, {"id": "788", "type": "Feature", "properties": {"id": 4210}, "geometry": {"type": "Polygon", "coordinates": [[[-84.1009970319614, 9.928823605842714], [-84.10106211478215, 9.928832657613269], [-84.10109375731737, 9.928837260593085], [-84.10108548464825, 9.92892270891999], [-84.10098837247556, 9.92891164659321], [-84.1009970319614, 9.928823605842714]]]}}, {"id": "789", "type": "Feature", "properties": {"id": 4211}, "geometry": {"type": "Polygon", "coordinates": [[[-84.10106886436581, 9.928780880055804], [-84.10111977185244, 9.928787838194907], [-84.10125202269046, 9.928806121716226], [-84.10124632724788, 9.9288514436651], [-84.10113671317893, 9.92884348649997], [-84.10109375731737, 9.928837260593085], [-84.10106211478215, 9.928832657613269], [-84.10106886436581, 9.928780880055804]]]}}, {"id": "790", "type": "Feature", "properties": {"id": 4212}, "geometry": {"type": "Polygon", "coordinates": [[[-84.10071356589451, 9.928298602238215], [-84.10081923246821, 9.92831062231521], [-84.1008047400334, 9.928455971467466], [-84.1007001701231, 9.928445037593082], [-84.10071356589451, 9.928298602238215]]]}}, {"id": "791", "type": "Feature", "properties": {"id": 4213}, "geometry": {"type": "Polygon", "coordinates": [[[-84.10040810856016, 9.927887689471637], [-84.10057171284727, 9.927907097929552], [-84.10056922684984, 9.927934029937584], [-84.10055196264896, 9.928036402853293], [-84.10042763103459, 9.928122245578576], [-84.10038566661355, 9.928117448977124], [-84.10040810856016, 9.927887689471637]]]}}, {"id": "792", "type": "Feature", "properties": {"id": 4214}, "geometry": {"type": "Polygon", "coordinates": [[[-84.10133156841208, 9.927195122813943], [-84.10133070629404, 9.92722753518036], [-84.10132903050155, 9.927278053504377], [-84.10124985247697, 9.927275509679838], [-84.10125442634495, 9.927195853646522], [-84.10133156841208, 9.927195122813943]]]}}, {"id": "793", "type": "Feature", "properties": {"id": 4216}, "geometry": {"type": "Polygon", "coordinates": [[[-84.10124985247697, 9.927275509679838], [-84.10132903050155, 9.927278053504377], [-84.10132698021337, 9.927313951121583], [-84.10132471593442, 9.92734151650822], [-84.10128618349559, 9.927338541135613], [-84.10124749244304, 9.927335408593494], [-84.10124780511867, 9.927320944891736], [-84.10124985247697, 9.927275509679838]]]}}, {"id": "794", "type": "Feature", "properties": {"id": 4217}, "geometry": {"type": "Polygon", "coordinates": [[[-84.10010234723131, 9.927003955153873], [-84.10014868303963, 9.927008486288074], [-84.10017209764972, 9.927028295396447], [-84.10015736756567, 9.927170846611276], [-84.1000863274987, 9.927162430783229], [-84.10008906671581, 9.927132035425185], [-84.10010234723131, 9.927003955153873]]]}}, {"id": "795", "type": "Feature", "properties": {"id": 4218}, "geometry": {"type": "Polygon", "coordinates": [[[-84.10017384817883, 9.927012529781203], [-84.10023524397945, 9.9270178039026], [-84.10022396635398, 9.927174547361997], [-84.10018855288422, 9.927173143059077], [-84.10015736756567, 9.927170846611276], [-84.10015955223913, 9.927141905640301], [-84.1001597366456, 9.927139979724247], [-84.10017384817883, 9.927012529781203]]]}}, {"id": "796", "type": "Feature", "properties": {"id": 1000194}, "geometry": {"type": "Polygon", "coordinates": [[[-84.09970304282194, 9.926288069728693], [-84.0997456200277, 9.926334337875662], [-84.09965334416184, 9.926432396475226], [-84.09959854365567, 9.926375347805283], [-84.0996769607659, 9.926293855792645], [-84.09970304282194, 9.926288069728693]]]}}, {"id": "797", "type": "Feature", "properties": {"id": 4222}, "geometry": {"type": "Polygon", "coordinates": [[[-84.09926661241167, 9.926914568072036], [-84.09941362502545, 9.926930920019307], [-84.09941189640627, 9.92694766876109], [-84.09940054799057, 9.927052392632914], [-84.09939824222121, 9.92707160970598], [-84.09925136274603, 9.92705472882176], [-84.09926661241167, 9.926914568072036]]]}}, {"id": "798", "type": "Feature", "properties": {"id": 4223}, "geometry": {"type": "Polygon", "coordinates": [[[-84.09907753602742, 9.927299969273479], [-84.09936940926093, 9.927322722752464], [-84.09936088522777, 9.927417224238527], [-84.09922753609636, 9.92740832037648], [-84.09907004002851, 9.927387519600808], [-84.09907753602742, 9.927299969273479]]]}}, {"id": "799", "type": "Feature", "properties": {"id": 4224}, "geometry": {"type": "Polygon", "coordinates": [[[-84.10288616337421, 9.929102702267864], [-84.10292989454376, 9.929106356488875], [-84.1029339984538, 9.929203702781367], [-84.1028473233449, 9.929191455696861], [-84.10285141351991, 9.929136801380695], [-84.10285394618381, 9.929122730029299], [-84.10288616337421, 9.929102702267864]]]}}, {"id": "800", "type": "Feature", "properties": {"id": 4225}, "geometry": {"type": "Polygon", "coordinates": [[[-84.10319092379439, 9.928969104013925], [-84.10326534858774, 9.928978701791692], [-84.10349171992361, 9.929073028328471], [-84.10347929525861, 9.929191234962746], [-84.1032318734145, 9.929246361753728], [-84.10315488534636, 9.929237949189963], [-84.10319092379439, 9.928969104013925]]]}}, {"id": "801", "type": "Feature", "properties": {"id": 1000195}, "geometry": {"type": "Polygon", "coordinates": [[[-84.103115043318, 9.928552270784717], [-84.10317298454882, 9.928552927926294], [-84.10317863895953, 9.928636944675889], [-84.1030962140475, 9.928633969411324], [-84.10309707606223, 9.928597618735857], [-84.103115043318, 9.928552270784717]]]}}, {"id": "802", "type": "Feature", "properties": {"id": 4228}, "geometry": {"type": "Polygon", "coordinates": [[[-84.10379519780858, 9.928367246323408], [-84.103938944167, 9.928385910018969], [-84.103934446213, 9.928415408932855], [-84.10379186560976, 9.928394812275357], [-84.10379519780858, 9.928367246323408]]]}}, {"id": "803", "type": "Feature", "properties": {"id": 4230}, "geometry": {"type": "Polygon", "coordinates": [[[-84.10403713982222, 9.927783902160508], [-84.10416698253162, 9.92780267651115], [-84.10414001191731, 9.92788894381305], [-84.10401962677464, 9.92786514566496], [-84.10403713982222, 9.927783902160508]]]}}, {"id": "804", "type": "Feature", "properties": {"id": 4231}, "geometry": {"type": "Polygon", "coordinates": [[[-84.10404534729408, 9.92775062834346], [-84.10417455854689, 9.927769542697098], [-84.10416698253162, 9.92780267651115], [-84.10403713982222, 9.927783902160508], [-84.10404534729408, 9.92775062834346]]]}}, {"id": "805", "type": "Feature", "properties": {"id": 1000196}, "geometry": {"type": "Polygon", "coordinates": [[[-84.10392989159736, 9.92754117952645], [-84.10397302839817, 9.927543828017448], [-84.10396768145779, 9.927615523620306], [-84.10392722912219, 9.927611809532754], [-84.10392989159736, 9.92754117952645]]]}}, {"id": "806", "type": "Feature", "properties": {"id": 4235}, "geometry": {"type": "Polygon", "coordinates": [[[-84.10360059963088, 9.927304176432036], [-84.10365635910317, 9.927309549490825], [-84.1036280248061, 9.927468651691754], [-84.10357953830845, 9.927462980132441], [-84.10360059963088, 9.927304176432036]]]}}, {"id": "807", "type": "Feature", "properties": {"id": 4238}, "geometry": {"type": "Polygon", "coordinates": [[[-84.10369454884729, 9.92715746768178], [-84.10373294690095, 9.927162023731192], [-84.10373374636848, 9.927163870740548], [-84.10372539142946, 9.927231970492107], [-84.1036841662732, 9.927227442444348], [-84.10369454884729, 9.92715746768178]]]}}, {"id": "808", "type": "Feature", "properties": {"id": 4239}, "geometry": {"type": "Polygon", "coordinates": [[[-84.1037428277553, 9.927095668189903], [-84.10377936256604, 9.927100056698034], [-84.10375484190101, 9.927254437323533], [-84.10372324710217, 9.92724873300737], [-84.1037428277553, 9.927095668189903]]]}}, {"id": "809", "type": "Feature", "properties": {"id": 4240}, "geometry": {"type": "Polygon", "coordinates": [[[-84.10401866553988, 9.927219573580645], [-84.10401563303995, 9.927283709449172], [-84.10397165316535, 9.927279708800873], [-84.1039761572863, 9.92721929375393], [-84.10401866553988, 9.927219573580645]]]}}, {"id": "810", "type": "Feature", "properties": {"id": 1002438}, "geometry": {"type": "Polygon", "coordinates": [[[-84.10398701754701, 9.926538718452761], [-84.10414173868404, 9.926541102303126], [-84.10426956177788, 9.926552693590706], [-84.10426592771447, 9.926582505202164], [-84.10398482463282, 9.92657103160688], [-84.10398701754701, 9.926538718452761]]]}}, {"id": "811", "type": "Feature", "properties": {"id": 1000197}, "geometry": {"type": "Polygon", "coordinates": [[[-84.10404091138119, 9.926369525425633], [-84.10404062634264, 9.926421324318738], [-84.10396892316035, 9.926422058934067], [-84.10396920837891, 9.926370793512167], [-84.10404091138119, 9.926369525425633]]]}}, {"id": "812", "type": "Feature", "properties": {"id": 1000198}, "geometry": {"type": "Polygon", "coordinates": [[[-84.10383984180167, 9.926325638475122], [-84.10383814253144, 9.926364440828914], [-84.10373745560442, 9.926363300254724], [-84.10373931646606, 9.926325009621976], [-84.10383984180167, 9.926325638475122]]]}}, {"id": "813", "type": "Feature", "properties": {"id": 1002439}, "geometry": {"type": "Polygon", "coordinates": [[[-84.10378596054392, 9.926579026571654], [-84.10381883340185, 9.926582211768697], [-84.10381439478124, 9.926632095632797], [-84.10378240411738, 9.926629258595254], [-84.10378562872671, 9.926579466110365], [-84.10378596054392, 9.926579026571654]]]}}, {"id": "814", "type": "Feature", "properties": {"id": 4246}, "geometry": {"type": "Polygon", "coordinates": [[[-84.10367259917025, 9.926696282412946], [-84.10378348157705, 9.926738839200373], [-84.10377467568169, 9.92676214377983], [-84.10376972392075, 9.92677335876458], [-84.10366082881296, 9.92673604825128], [-84.10366403664901, 9.926721531204675], [-84.10367259917025, 9.926696282412946]]]}}, {"id": "815", "type": "Feature", "properties": {"id": 4249}, "geometry": {"type": "Polygon", "coordinates": [[[-84.10349021708447, 9.926877316480802], [-84.10355991642876, 9.926945076802893], [-84.10362039498025, 9.927004783331707], [-84.1035920514748, 9.927032303863314], [-84.10345851353517, 9.926899689198988], [-84.10349021708447, 9.926877316480802]]]}}, {"id": "816", "type": "Feature", "properties": {"id": 4251}, "geometry": {"type": "Polygon", "coordinates": [[[-84.1032827857869, 9.927097089725137], [-84.10328950066436, 9.92710306343352], [-84.10337424826857, 9.92718486631372], [-84.10334828098556, 9.927214230634881], [-84.10334633666825, 9.927214231235915], [-84.10326068363398, 9.92713292321966], [-84.1032557653329, 9.927126944434903], [-84.1032827857869, 9.927097089725137]]]}}, {"id": "817", "type": "Feature", "properties": {"id": 4252}, "geometry": {"type": "Polygon", "coordinates": [[[-84.1031319040603, 9.927277025094593], [-84.10319795644227, 9.927330198619243], [-84.10321765307631, 9.927353221734922], [-84.10320029280366, 9.927370560390688], [-84.10311902305155, 9.927310758921486], [-84.10311130232925, 9.927304970878675], [-84.1031319040603, 9.927277025094593]]]}}, {"id": "818", "type": "Feature", "properties": {"id": 4255}, "geometry": {"type": "Polygon", "coordinates": [[[-84.10339443312387, 9.92653641773964], [-84.10357215440013, 9.926629834202487], [-84.10357885656826, 9.926633625853508], [-84.10353101384251, 9.926685729390657], [-84.10338780145891, 9.926542639059797], [-84.10339443312387, 9.92653641773964]]]}}, {"id": "819", "type": "Feature", "properties": {"id": 4256}, "geometry": {"type": "Polygon", "coordinates": [[[-84.10170867438573, 9.927726335870824], [-84.10174429596235, 9.92772668887969], [-84.10174554566656, 9.927780473759183], [-84.10170909431254, 9.927780343421945], [-84.10170867438573, 9.927726335870824]]]}}, {"id": "820", "type": "Feature", "properties": {"id": 4257}, "geometry": {"type": "Polygon", "coordinates": [[[-84.10255036214795, 9.928234722667858], [-84.10262203125231, 9.928239647957751], [-84.10262026785098, 9.928331285043683], [-84.10252605938346, 9.928325617562916], [-84.10252839170371, 9.928248006025287], [-84.10255036214795, 9.928234722667858]]]}}, {"id": "821", "type": "Feature", "properties": {"id": 4258}, "geometry": {"type": "Polygon", "coordinates": [[[-84.10236534995917, 9.928767424069827], [-84.10241030824854, 9.928775209508638], [-84.10244408012446, 9.928794106397117], [-84.10242983721577, 9.92888037343771], [-84.10234998601109, 9.928866940856272], [-84.10236534995917, 9.928767424069827]]]}}, {"id": "822", "type": "Feature", "properties": {"id": 4259}, "geometry": {"type": "Polygon", "coordinates": [[[-84.10140188558621, 9.928655638794394], [-84.10156844928137, 9.928664016051417], [-84.10156822304475, 9.928724509364782], [-84.1014095901819, 9.928702469087849], [-84.10139972304418, 9.928700963418164], [-84.10140188558621, 9.928655638794394]]]}}, {"id": "823", "type": "Feature", "properties": {"id": 1000199}, "geometry": {"type": "Polygon", "coordinates": [[[-84.10234794049083, 9.928868657240628], [-84.10243764051145, 9.928884627088776], [-84.10243824659264, 9.928941342431061], [-84.10243264034136, 9.928964476317855], [-84.10233597038281, 9.928947461718643], [-84.10234794049083, 9.928868657240628]]]}}, {"id": "824", "type": "Feature", "properties": {"id": 4262}, "geometry": {"type": "Polygon", "coordinates": [[[-84.10232393239862, 9.928951641985895], [-84.1023558275485, 9.928957863259443], [-84.10232866930254, 9.929130503573877], [-84.10230171808031, 9.92912510071659], [-84.10231982708223, 9.928970694637918], [-84.10232393239862, 9.928951641985895]]]}}, {"id": "825", "type": "Feature", "properties": {"id": 4291}, "geometry": {"type": "Polygon", "coordinates": [[[-84.10161426779764, 9.929235047144683], [-84.10164652501219, 9.929276467268776], [-84.10164634756757, 9.929302229736432], [-84.1016455288634, 9.929328573226128], [-84.10159317271105, 9.929326967452578], [-84.10159287028576, 9.9292353319715], [-84.10161426779764, 9.929235047144683]]]}}, {"id": "826", "type": "Feature", "properties": {"id": 1000200}, "geometry": {"type": "Polygon", "coordinates": [[[-84.10023520869602, 9.931629351877142], [-84.10030832305638, 9.931635071534284], [-84.10030112367367, 9.931706684027821], [-84.10022656198332, 9.931700964803397], [-84.10023520869602, 9.931629351877142]]]}}, {"id": "827", "type": "Feature", "properties": {"id": 1000201}, "geometry": {"type": "Polygon", "coordinates": [[[-84.10028607763357, 9.930927545390276], [-84.10032951359518, 9.930934230581096], [-84.1002804113072, 9.931336158022336], [-84.10021574315418, 9.931331392456906], [-84.10026194849095, 9.930927552630502], [-84.10028607763357, 9.930927545390276]]]}}, {"id": "828", "type": "Feature", "properties": {"id": 1000202}, "geometry": {"type": "Polygon", "coordinates": [[[-84.09968686974923, 9.930632992592033], [-84.10000677872274, 9.930686031650726], [-84.09997980445222, 9.930851589412121], [-84.09966513615854, 9.930788525836578], [-84.09968686974923, 9.930632992592033]]]}}, {"id": "829", "type": "Feature", "properties": {"id": 4297}, "geometry": {"type": "Polygon", "coordinates": [[[-84.09991977849985, 9.928455820592063], [-84.10015266514044, 9.928485148428784], [-84.10013548264423, 9.928632149155348], [-84.1000978478571, 9.928626710373344], [-84.09990068792912, 9.928597632528193], [-84.09990722703397, 9.928548370464442], [-84.09991977849985, 9.928455820592063]]]}}, {"id": "830", "type": "Feature", "properties": {"id": 4299}, "geometry": {"type": "Polygon", "coordinates": [[[-84.10417933549944, 9.928235980601848], [-84.10460148468044, 9.928281801786154], [-84.10457566003407, 9.928524539216804], [-84.10415282268299, 9.928469146993338], [-84.10417933549944, 9.928235980601848]]]}}, {"id": "831", "type": "Feature", "properties": {"id": 4300}, "geometry": {"type": "Polygon", "coordinates": [[[-84.10471317490959, 9.927766785177091], [-84.10480488738587, 9.927773970827873], [-84.10480410251711, 9.927802014499154], [-84.10479900596523, 9.927934777067914], [-84.10479836655854, 9.927946198161576], [-84.1046984688227, 9.927936182118497], [-84.10471317490959, 9.927766785177091]]]}}, {"id": "832", "type": "Feature", "properties": {"id": 4301}, "geometry": {"type": "Polygon", "coordinates": [[[-84.10480267423503, 9.92751329376234], [-84.10485602888558, 9.927514576416318], [-84.10485608472014, 9.927653907928324], [-84.10480296914187, 9.927654300150262], [-84.10480267423503, 9.92751329376234]]]}}, {"id": "833", "type": "Feature", "properties": {"id": 4302}, "geometry": {"type": "Polygon", "coordinates": [[[-84.10447295498406, 9.927427903870534], [-84.1044767302743, 9.927519234008672], [-84.10439789708768, 9.927516016504095], [-84.10439387469874, 9.927429622169335], [-84.10447295498406, 9.927427903870534]]]}}, {"id": "834", "type": "Feature", "properties": {"id": 1000203}, "geometry": {"type": "Polygon", "coordinates": [[[-84.10465199000664, 9.927430248577325], [-84.10465010080753, 9.92750329348462], [-84.10464954370934, 9.92752310047411], [-84.10456708372628, 9.927521310540808], [-84.10450453670738, 9.927519768556392], [-84.10450377303857, 9.927434586143498], [-84.10465199000664, 9.927430248577325]]]}}, {"id": "835", "type": "Feature", "properties": {"id": 4305}, "geometry": {"type": "Polygon", "coordinates": [[[-84.10450670267255, 9.926217914914897], [-84.10460402221155, 9.926222828117197], [-84.1046026944054, 9.926279277251428], [-84.10450426408751, 9.92627294448401], [-84.10450670267255, 9.926217914914897]]]}}, {"id": "836", "type": "Feature", "properties": {"id": 4316}, "geometry": {"type": "Polygon", "coordinates": [[[-84.10351269325139, 9.931597692116123], [-84.10367130956847, 9.93162382893795], [-84.10363491261543, 9.931844538175682], [-84.10362540430414, 9.931864647133327], [-84.1034947730744, 9.931857235176725], [-84.10347308488498, 9.931834345964543], [-84.10351269325139, 9.931597692116123]]]}}, {"id": "837", "type": "Feature", "properties": {"id": 4329}, "geometry": {"type": "Polygon", "coordinates": [[[-84.10106251613146, 9.92937509820653], [-84.10125176735542, 9.929381472287579], [-84.1012458160676, 9.929604273391668], [-84.10124180333298, 9.929604135362155], [-84.10105986310816, 9.92959754102163], [-84.10106251613146, 9.92937509820653]]]}}, {"id": "838", "type": "Feature", "properties": {"id": 2169}, "geometry": {"type": "Polygon", "coordinates": [[[-84.10440175325398, 9.931213823322905], [-84.1045279350607, 9.931233169879077], [-84.10513436134417, 9.931371894734111], [-84.1051095741102, 9.931514338292976], [-84.1043759352434, 9.931387338082834], [-84.10440175325398, 9.931213823322905]]]}}, {"id": "839", "type": "Feature", "properties": {"id": 2432}, "geometry": {"type": "Polygon", "coordinates": [[[-84.10408497944243, 9.932050667691604], [-84.10416806222844, 9.932063473119127], [-84.10415950841663, 9.932139100903411], [-84.10408953450414, 9.932645027033235], [-84.10399828288628, 9.932633456986295], [-84.10401171388209, 9.932526056625623], [-84.10408497944243, 9.932050667691604]]]}}, {"id": "840", "type": "Feature", "properties": {"id": 3690}, "geometry": {"type": "Polygon", "coordinates": [[[-84.10342413571765, 9.93235604311231], [-84.1035645256394, 9.93236925006582], [-84.10360033473485, 9.932373139538143], [-84.10357712989625, 9.932585430422195], [-84.10344584403181, 9.93257369094059], [-84.10340397799732, 9.932540471018276], [-84.10342413571765, 9.93235604311231]]]}}, {"id": "841", "type": "Feature", "properties": {"id": 3691}, "geometry": {"type": "Polygon", "coordinates": [[[-84.10352298607678, 9.93191769230995], [-84.10367155091171, 9.931952252301452], [-84.10363349480663, 9.932223453055279], [-84.1036232127785, 9.932287584298177], [-84.10347068527199, 9.93227786709526], [-84.10352298607678, 9.93191769230995]]]}}, {"id": "842", "type": "Feature", "properties": {"id": 4317}, "geometry": {"type": "Polygon", "coordinates": [[[-84.10373245586317, 9.931925788842413], [-84.1038700917189, 9.931944125058608], [-84.10391357507284, 9.931966853860638], [-84.10390625925109, 9.932027281951976], [-84.10390313246808, 9.932050157467364], [-84.10387062448835, 9.932258286248269], [-84.10380394478591, 9.932263331434076], [-84.10376400093811, 9.93225779048244], [-84.10373345952918, 9.932253436612523], [-84.1036923816844, 9.932246573776407], [-84.10363349480663, 9.932223453055279], [-84.10364334044054, 9.93214993412893], [-84.10365451785948, 9.932070596986], [-84.10367155091171, 9.931952252301452], [-84.10367447929383, 9.931934533538474], [-84.10373245586317, 9.931925788842413]]]}}, {"id": "843", "type": "Feature", "properties": {"id": 4318}, "geometry": {"type": "Polygon", "coordinates": [[[-84.10369106765513, 9.932308652784972], [-84.10378469212824, 9.932321052662562], [-84.10384932743177, 9.932387838146893], [-84.10384267656373, 9.932442448226125], [-84.1038281721329, 9.932543999835648], [-84.1038205836447, 9.932585718483416], [-84.10371175562096, 9.9325729266675], [-84.10362666641687, 9.932560920791945], [-84.10358012066499, 9.932554059638193], [-84.10358237924143, 9.932526821043275], [-84.1035877632923, 9.932472475807339], [-84.10360033473485, 9.932373139538143], [-84.1036029297386, 9.932355486990915], [-84.10369106765513, 9.932308652784972]]]}}, {"id": "844", "type": "Feature", "properties": {"id": 1000204}, "geometry": {"type": "Polygon", "coordinates": [[[-84.1039769091857, 9.931897624220532], [-84.10418485489184, 9.931916945452631], [-84.10417629312411, 9.931990700321238], [-84.10409152101072, 9.93201014504873], [-84.10408105450206, 9.932009381371087], [-84.10397057468883, 9.931996780689566], [-84.1039769091857, 9.931897624220532]]]}}, {"id": "845", "type": "Feature", "properties": {"id": 1764}, "geometry": {"type": "Polygon", "coordinates": [[[-84.10382464705776, 9.929432748744658], [-84.10388949054553, 9.92943670521257], [-84.10400213189592, 9.929446280337837], [-84.10404892714867, 9.929452230697638], [-84.10410964427129, 9.929619063944742], [-84.10410348217337, 9.929686336940016], [-84.10404749550993, 9.929680969372598], [-84.1037920342253, 9.929619411258374], [-84.10380727137735, 9.92944766644914], [-84.10382464705776, 9.929432748744658]]]}}, {"id": "846", "type": "Feature", "properties": {"id": 1000205}, "geometry": {"type": "Polygon", "coordinates": [[[-84.10476039632796, 9.927438022739711], [-84.10486351082028, 9.92744069564881], [-84.1048594901679, 9.927514481990972], [-84.10485602888949, 9.927514576415074], [-84.10476407898838, 9.92751324603059], [-84.10476091938912, 9.927511516803175], [-84.10476039632796, 9.927438022739711]]]}}, {"id": "847", "type": "Feature", "properties": {"id": 1000206}, "geometry": {"type": "Polygon", "coordinates": [[[-84.10480267424288, 9.927513293759855], [-84.10480296914187, 9.927654300150262], [-84.10480280614506, 9.92766722420245], [-84.10477997257554, 9.927661974262957], [-84.10475981485524, 9.927656819370286], [-84.10476407898838, 9.92751324603059], [-84.10480267424288, 9.927513293759855]]]}}, {"id": "848", "type": "Feature", "properties": {"id": 1000207}, "geometry": {"type": "Polygon", "coordinates": [[[-84.10465010080753, 9.92750329348462], [-84.10476088229252, 9.927506303348467], [-84.1047640789923, 9.927513246029351], [-84.10476098212884, 9.927617517542147], [-84.10456464292098, 9.927605329848017], [-84.10456708372628, 9.927521310540808], [-84.10465010080753, 9.92750329348462]]]}}, {"id": "849", "type": "Feature", "properties": {"id": 1002440}, "geometry": {"type": "Polygon", "coordinates": [[[-84.10486214250224, 9.927410591242632], [-84.10500349464208, 9.927416031539247], [-84.10500053541834, 9.927474057178673], [-84.10484993407613, 9.927426306827757], [-84.10484860393669, 9.927412476694316], [-84.10486214250224, 9.927410591242632]]]}}, {"id": "850", "type": "Feature", "properties": {"id": 1000208}, "geometry": {"type": "Polygon", "coordinates": [[[-84.10443039779913, 9.927845004330411], [-84.10446365534993, 9.927848142094124], [-84.10462432302884, 9.92786592059131], [-84.10461459169632, 9.92793756874973], [-84.10443275993913, 9.92791575421375], [-84.10442792790616, 9.927882934480095], [-84.10443039779913, 9.927845004330411]]]}}, {"id": "851", "type": "Feature", "properties": {"id": 1336}, "geometry": {"type": "Polygon", "coordinates": [[[-84.10464659410334, 9.927071081449077], [-84.1049000376485, 9.927075956432274], [-84.10489833903169, 9.927169426210861], [-84.10489812368118, 9.927180732020355], [-84.10466569961429, 9.927205150653222], [-84.10449566403858, 9.927208518295062], [-84.10447958652365, 9.927100988998617], [-84.10464659410334, 9.927071081449077]]]}}, {"id": "852", "type": "Feature", "properties": {"id": 4306}, "geometry": {"type": "Polygon", "coordinates": [[[-84.10453884771665, 9.926281024220483], [-84.1046024453011, 9.926282351742394], [-84.10459826061123, 9.926407242800112], [-84.10453485866556, 9.92640401158011], [-84.10453884771665, 9.926281024220483]]]}}, {"id": "853", "type": "Feature", "properties": {"id": 1002436}, "geometry": {"type": "Polygon", "coordinates": [[[-84.10297766456497, 9.932515829511905], [-84.10314171932413, 9.932538070324577], [-84.10313256131059, 9.932593750114709], [-84.10296992762251, 9.932571820366094], [-84.10297766456497, 9.932515829511905]]]}}, {"id": "854", "type": "Feature", "properties": {"id": 2417}, "geometry": {"type": "Polygon", "coordinates": [[[-84.10242664377097, 9.932213465584214], [-84.10248204472703, 9.932218672134168], [-84.10272385119278, 9.932248118439217], [-84.10269394719779, 9.9325171786925], [-84.10246642018075, 9.93251703182272], [-84.10239756023387, 9.93251186490044], [-84.10242221464456, 9.932248053816982], [-84.10242664377097, 9.932213465584214]]]}}, {"id": "855", "type": "Feature", "properties": {"id": 4182}, "geometry": {"type": "Polygon", "coordinates": [[[-84.10302278357109, 9.931935895899576], [-84.10310479652277, 9.931947802764169], [-84.10310052677926, 9.931984749152571], [-84.10301773087402, 9.931973223202926], [-84.10302278357109, 9.931935895899576]]]}}, {"id": "856", "type": "Feature", "properties": {"id": 1000209}, "geometry": {"type": "Polygon", "coordinates": [[[-84.10299436214999, 9.931575881616702], [-84.103072047368, 9.931581480718643], [-84.1030694683248, 9.93161208874156], [-84.10306270035645, 9.93167745190151], [-84.10297928157128, 9.93166762816355], [-84.10299436214999, 9.931575881616702]]]}}, {"id": "857", "type": "Feature", "properties": {"id": 1000210}, "geometry": {"type": "Polygon", "coordinates": [[[-84.10293088764256, 9.93156841614731], [-84.10299436215391, 9.931575881615464], [-84.10297928157519, 9.931667628162314], [-84.1029147851728, 9.931660032803556], [-84.10292488756475, 9.931601077574657], [-84.10293088764256, 9.93156841614731]]]}}, {"id": "858", "type": "Feature", "properties": {"id": 1895}, "geometry": {"type": "Polygon", "coordinates": [[[-84.10154968551934, 9.93028979647033], [-84.1016010019743, 9.93029135178255], [-84.10165954049398, 9.930335385262342], [-84.10165772970916, 9.930504665007165], [-84.10153816004437, 9.930472944312317], [-84.10153894811953, 9.93045753719011], [-84.10154968551934, 9.93028979647033]]]}}, {"id": "859", "type": "Feature", "properties": {"id": 1920}, "geometry": {"type": "Polygon", "coordinates": [[[-84.10189402107214, 9.930410183010192], [-84.10197498050856, 9.930430591078625], [-84.10203143505137, 9.930445907235221], [-84.10197908582496, 9.930595142999184], [-84.10191498859784, 9.930578280290362], [-84.10185017059985, 9.930559310130397], [-84.1018549133007, 9.930541946918188], [-84.10189402107214, 9.930410183010192]]]}}, {"id": "860", "type": "Feature", "properties": {"id": 1805}, "geometry": {"type": "Polygon", "coordinates": [[[-84.10201990214374, 9.929808776930441], [-84.10224790510068, 9.92984112747055], [-84.10224380267351, 9.929871702265423], [-84.10222327320228, 9.929954354335695], [-84.10206760920981, 9.929938376441799], [-84.10201965535259, 9.929932612923702], [-84.10201421785946, 9.92981064330785], [-84.10201990214374, 9.929808776930441]]]}}, {"id": "861", "type": "Feature", "properties": {"id": 1841}, "geometry": {"type": "Polygon", "coordinates": [[[-84.10308420542026, 9.929993859304126], [-84.10315352210871, 9.93000910137732], [-84.10314073246913, 9.930097909769104], [-84.10313867981094, 9.930106152928587], [-84.10306967891609, 9.930094332548874], [-84.10308420542026, 9.929993859304126]]]}}, {"id": "862", "type": "Feature", "properties": {"id": 3649}, "geometry": {"type": "Polygon", "coordinates": [[[-84.1029692565611, 9.929969285347946], [-84.10308546859456, 9.929987793580953], [-84.10307191743391, 9.930078849789606], [-84.10305767876046, 9.930089666609419], [-84.10295630902476, 9.930072558164097], [-84.1029692565611, 9.929969285347946]]]}}, {"id": "863", "type": "Feature", "properties": {"id": 3650}, "geometry": {"type": "Polygon", "coordinates": [[[-84.10278293835529, 9.92995279902187], [-84.10296883356513, 9.929972659331012], [-84.1029563090287, 9.930072558162859], [-84.1027706224061, 9.930044873587061], [-84.10278293835529, 9.92995279902187]]]}}, {"id": "864", "type": "Feature", "properties": {"id": 1001873}, "geometry": {"type": "Polygon", "coordinates": [[[-84.1021577370968, 9.930203820695263], [-84.10235764336598, 9.930228089452228], [-84.10234896919557, 9.930274504751996], [-84.10214193876982, 9.930251306275052], [-84.1021577370968, 9.930203820695263]]]}}, {"id": "865", "type": "Feature", "properties": {"id": 1682}, "geometry": {"type": "Polygon", "coordinates": [[[-84.10243122326753, 9.929223356027356], [-84.10246659214727, 9.92922553347156], [-84.102463776803, 9.929251856013824], [-84.10245479350102, 9.929335837337106], [-84.1023926964521, 9.929352447336665], [-84.10235195908166, 9.929348403513304], [-84.10235475002011, 9.929320115566844], [-84.10236382873549, 9.929233328864798], [-84.10243122326753, 9.929223356027356]]]}}, {"id": "866", "type": "Feature", "properties": {"id": 4260}, "geometry": {"type": "Polygon", "coordinates": [[[-84.10182134693723, 9.92883662615564], [-84.1018657159337, 9.928841447644897], [-84.10185744552416, 9.928906670647258], [-84.10183500455715, 9.9290671703539], [-84.1018099361404, 9.929063981683763], [-84.10181629424011, 9.928891839979883], [-84.10182134693723, 9.92883662615564]]]}}, {"id": "867", "type": "Feature", "properties": {"id": 1002441}, "geometry": {"type": "Polygon", "coordinates": [[[-84.1035762838671, 9.928828971428597], [-84.10367918842495, 9.928837323872543], [-84.10367356991198, 9.928901561601537], [-84.10359948874446, 9.928897024241207], [-84.10357304844729, 9.928894860104284], [-84.1035762838671, 9.928828971428597]]]}}, {"id": "868", "type": "Feature", "properties": {"id": 1000211}, "geometry": {"type": "Polygon", "coordinates": [[[-84.10352827420101, 9.928826577805035], [-84.10357628387102, 9.928828971427352], [-84.10357304844729, 9.928894860104284], [-84.10352433467307, 9.928892845215763], [-84.10352827420101, 9.928826577805035]]]}}, {"id": "869", "type": "Feature", "properties": {"id": 1000212}, "geometry": {"type": "Polygon", "coordinates": [[[-84.10305833397476, 9.928544418781005], [-84.1031156086501, 9.92854501578527], [-84.10311172772528, 9.928596588772752], [-84.10309621405142, 9.928633969410088], [-84.10306742519307, 9.928635163418281], [-84.10305500052806, 9.928622327829657], [-84.10305833397476, 9.928544418781005]]]}}, {"id": "870", "type": "Feature", "properties": {"id": 1000213}, "geometry": {"type": "Polygon", "coordinates": [[[-84.10302439342642, 9.928542627768168], [-84.10305833397868, 9.928544418779767], [-84.1030680312782, 9.928623223334622], [-84.1030686373555, 9.928646207994124], [-84.10302266264833, 9.928645632463313], [-84.10302439342642, 9.928542627768168]]]}}, {"id": "871", "type": "Feature", "properties": {"id": 1000214}, "geometry": {"type": "Polygon", "coordinates": [[[-84.10318282974318, 9.928223509237958], [-84.10325011714515, 9.928228580264081], [-84.1032636256471, 9.928230722617675], [-84.10325949901758, 9.928278732182905], [-84.10317889021522, 9.928269777111385], [-84.10318282974318, 9.928223509237958]]]}}, {"id": "872", "type": "Feature", "properties": {"id": 1000215}, "geometry": {"type": "Polygon", "coordinates": [[[-84.10321595850836, 9.9281772419123], [-84.1032557338323, 9.928184961269258], [-84.10325011714906, 9.92822858026284], [-84.10320777770524, 9.928225389405087], [-84.10321595850836, 9.9281772419123]]]}}, {"id": "873", "type": "Feature", "properties": {"id": 1000216}, "geometry": {"type": "Polygon", "coordinates": [[[-84.10370806167698, 9.928354932138976], [-84.10378106398552, 9.928364767879447], [-84.10379519780858, 9.928367246323408], [-84.10379218244465, 9.928393868898388], [-84.10370489853547, 9.92838087328162], [-84.10370806167698, 9.928354932138976]]]}}, {"id": "874", "type": "Feature", "properties": {"id": 4253}, "geometry": {"type": "Polygon", "coordinates": [[[-84.10276906184835, 9.927733810006602], [-84.10285481669247, 9.927761259241809], [-84.10286208966711, 9.927881257366254], [-84.10270359942797, 9.927880958863515], [-84.1027019327046, 9.92773499098979], [-84.10276906184835, 9.927733810006602]]]}}, {"id": "875", "type": "Feature", "properties": {"id": 1000217}, "geometry": {"type": "Polygon", "coordinates": [[[-84.10387704843131, 9.926314263469495], [-84.10395189946209, 9.926319412666421], [-84.10399962835821, 9.926325532001771], [-84.10399864347619, 9.926363889784202], [-84.10387672949204, 9.926364878059433], [-84.10387704843131, 9.926314263469495]]]}}, {"id": "876", "type": "Feature", "properties": {"id": 1000218}, "geometry": {"type": "Polygon", "coordinates": [[[-84.10381883340577, 9.926582211767457], [-84.10385545678785, 9.926585379770769], [-84.1038506081381, 9.926634632914547], [-84.10381439478516, 9.926632095631545], [-84.10381883340577, 9.926582211767457]]]}}, {"id": "877", "type": "Feature", "properties": {"id": 1000219}, "geometry": {"type": "Polygon", "coordinates": [[[-84.10390060984271, 9.926585678273456], [-84.10389424598597, 9.92663403590678], [-84.10385060814203, 9.92663463291331], [-84.10385545679176, 9.926585379769525], [-84.10390060984271, 9.926585678273456]]]}}, {"id": "878", "type": "Feature", "properties": {"id": 1002442}, "geometry": {"type": "Polygon", "coordinates": [[[-84.10390318568395, 9.92653179831202], [-84.10398701755093, 9.92653871845152], [-84.10398482463282, 9.92657103160688], [-84.10398384424751, 9.926583809050358], [-84.10389954919663, 9.926582543983486], [-84.10390318568395, 9.92653179831202]]]}}, {"id": "879", "type": "Feature", "properties": {"id": 1002443}, "geometry": {"type": "Polygon", "coordinates": [[[-84.10384197148062, 9.926640453740122], [-84.10396989478312, 9.926646583964063], [-84.10396836716176, 9.92672221744391], [-84.10386068423438, 9.926717616983659], [-84.10383712283087, 9.926705229074345], [-84.10384197148062, 9.926640453740122]]]}}, {"id": "880", "type": "Feature", "properties": {"id": 4247}, "geometry": {"type": "Polygon", "coordinates": [[[-84.10386053271802, 9.926795824969577], [-84.10401568951049, 9.926807765118657], [-84.10400599221096, 9.92684537658538], [-84.10385629014947, 9.926829257385883], [-84.10386053271802, 9.926795824969577]]]}}, {"id": "881", "type": "Feature", "properties": {"id": 1002444}, "geometry": {"type": "Polygon", "coordinates": [[[-84.10372049103258, 9.926756567201915], [-84.10379962155535, 9.92678298930885], [-84.10378719689031, 9.926813735193026], [-84.10371507322508, 9.926788959383668], [-84.10372049103258, 9.926756567201915]]]}}, {"id": "882", "type": "Feature", "properties": {"id": 1002445}, "geometry": {"type": "Polygon", "coordinates": [[[-84.10363325226028, 9.926719109501423], [-84.1037195114024, 9.926762424294463], [-84.103715073229, 9.926788959382424], [-84.10371143673771, 9.926794929458389], [-84.10365416206237, 9.92677761624142], [-84.10360385732106, 9.92675582546703], [-84.10363325226028, 9.926719109501423]]]}}, {"id": "883", "type": "Feature", "properties": {"id": 4248}, "geometry": {"type": "Polygon", "coordinates": [[[-84.10381144013917, 9.92682448132661], [-84.10385629015339, 9.926829257384641], [-84.10399840259957, 9.926844559369153], [-84.10399326450535, 9.926892540164523], [-84.1037981063523, 9.926871047901436], [-84.10381144013917, 9.92682448132661]]]}}, {"id": "884", "type": "Feature", "properties": {"id": 1002446}, "geometry": {"type": "Polygon", "coordinates": [[[-84.10359931171195, 9.926757914993402], [-84.10381019771616, 9.926828820357926], [-84.10379810635621, 9.926871047900189], [-84.10368143571735, 9.926842093044796], [-84.10361688806734, 9.926814630704168], [-84.10357658366618, 9.926786272850007], [-84.10359931171195, 9.926757914993402]]]}}, {"id": "885", "type": "Feature", "properties": {"id": 1002447}, "geometry": {"type": "Polygon", "coordinates": [[[-84.1035765836701, 9.926786272848766], [-84.10368143572127, 9.926842093043554], [-84.10366325328069, 9.926879107500257], [-84.10354173399595, 9.926820600778408], [-84.10357021981334, 9.926788362376195], [-84.1035765836701, 9.926786272848766]]]}}, {"id": "886", "type": "Feature", "properties": {"id": 1000220}, "geometry": {"type": "Polygon", "coordinates": [[[-84.1036871934889, 9.926653438658377], [-84.10384888520667, 9.926704771718926], [-84.10383962291588, 9.926752243421777], [-84.10367325362084, 9.926683289043211], [-84.1036871934889, 9.926653438658377]]]}}, {"id": "887", "type": "Feature", "properties": {"id": 1000221}, "geometry": {"type": "Polygon", "coordinates": [[[-84.1038758312753, 9.926879607543185], [-84.10397330996565, 9.926890342619348], [-84.10396993037833, 9.92691612195154], [-84.10396782155473, 9.926926800343368], [-84.1038828003236, 9.926919284710383], [-84.10387416954549, 9.926918509980508], [-84.1038758312753, 9.926879607543185]]]}}, {"id": "888", "type": "Feature", "properties": {"id": 1000222}, "geometry": {"type": "Polygon", "coordinates": [[[-84.10344202421469, 9.927138584791035], [-84.10347657851541, 9.927169629642624], [-84.1034407997907, 9.92722908989969], [-84.10339150161359, 9.927185819863377], [-84.10344202421469, 9.927138584791035]]]}}, {"id": "889", "type": "Feature", "properties": {"id": 1000223}, "geometry": {"type": "Polygon", "coordinates": [[[-84.09897101035183, 9.926296800975052], [-84.09903135059461, 9.92630484204561], [-84.0990659669097, 9.926311256841153], [-84.09906486504892, 9.926326301190471], [-84.09905101307297, 9.926462769261029], [-84.09896010088987, 9.926448441067002], [-84.09897101035183, 9.926296800975052]]]}}, {"id": "890", "type": "Feature", "properties": {"id": 1002448}, "geometry": {"type": "Polygon", "coordinates": [[[-84.0994001916163, 9.926719557257147], [-84.09944681103627, 9.926722675642624], [-84.09944209879681, 9.926772954293034], [-84.09944019297684, 9.926779855019541], [-84.09939867641324, 9.92677686998207], [-84.0994001916163, 9.926719557257147]]]}}, {"id": "891", "type": "Feature", "properties": {"id": 1273}, "geometry": {"type": "Polygon", "coordinates": [[[-84.10081811862818, 9.926514783586393], [-84.10083007181036, 9.92663877944447], [-84.10083398621828, 9.926680364269105], [-84.10080266355713, 9.926688065105807], [-84.10073872198834, 9.9266944829381], [-84.10070618045228, 9.926694825135627], [-84.10066804121678, 9.92663280927354], [-84.1006670224321, 9.926581813334389], [-84.10068114586014, 9.926554147696699], [-84.10071205308994, 9.926526560629982], [-84.10081811862818, 9.926514783586393]]]}}, {"id": "892", "type": "Feature", "properties": {"id": 1002449}, "geometry": {"type": "Polygon", "coordinates": [[[-84.09913518383257, 9.926924979352377], [-84.09923530896098, 9.92693042927928], [-84.09922202140146, 9.92704799416652], [-84.09912465373887, 9.927036614933662], [-84.09913518383257, 9.926924979352377]]]}}, {"id": "893", "type": "Feature", "properties": {"id": 1002450}, "geometry": {"type": "Polygon", "coordinates": [[[-84.10009617262124, 9.927755064314706], [-84.10011335385396, 9.927755448959752], [-84.10015408194829, 9.927765585553372], [-84.10019870098947, 9.927789143240766], [-84.10019651335224, 9.927827169195542], [-84.10013589908817, 9.92783057669566], [-84.10008899999991, 9.927825716486511], [-84.10009617262124, 9.927755064314706]]]}}, {"id": "894", "type": "Feature", "properties": {"id": 1505}, "geometry": {"type": "Polygon", "coordinates": [[[-84.10092922517534, 9.928324453983995], [-84.10100407105807, 9.928332711267132], [-84.10099985334867, 9.92836761385237], [-84.10099869310557, 9.928375998902226], [-84.10095895250441, 9.928397863530009], [-84.10092157407554, 9.928392632598532], [-84.10092922517534, 9.928324453983995]]]}}, {"id": "895", "type": "Feature", "properties": {"id": 1792}, "geometry": {"type": "Polygon", "coordinates": [[[-84.09887757067254, 9.929263638211278], [-84.0991263061349, 9.929289817200093], [-84.09909469205081, 9.92962707714164], [-84.09907873111541, 9.929776643165416], [-84.09891966292798, 9.929757079338017], [-84.09882955636506, 9.929745984475993], [-84.09887757067254, 9.929263638211278]]]}}, {"id": "896", "type": "Feature", "properties": {"id": 1000001}, "geometry": {"type": "Polygon", "coordinates": [[[-84.10029901517507, 9.927155921300416], [-84.10042251508311, 9.927167504894541], [-84.10041815883864, 9.927214309411742], [-84.1004135415398, 9.927259183774199], [-84.1003537004192, 9.927263595879836], [-84.1000793726899, 9.927234960521199], [-84.10008085322875, 9.927217908561536], [-84.1000863274987, 9.927162430783229], [-84.10029901517507, 9.927155921300416]]]}}, {"id": "897", "type": "Feature", "properties": {"id": 1001355}, "geometry": {"type": "Polygon", "coordinates": [[[-84.09922241588868, 9.927176690956653], [-84.09924397033198, 9.927179213064223], [-84.0993371996756, 9.927190172735816], [-84.09932486884537, 9.927319738630972], [-84.09920608618327, 9.927310430155352], [-84.09922241588868, 9.927176690956653]]]}}, {"id": "898", "type": "Feature", "properties": {"id": 1000002}, "geometry": {"type": "Polygon", "coordinates": [[[-84.09949988546195, 9.931411306363673], [-84.09952382986376, 9.931413447811906], [-84.09956352585102, 9.931417261505118], [-84.0995563587873, 9.931487695104542], [-84.09951502408177, 9.931483305450584], [-84.09949683115008, 9.93144872398848], [-84.09949988546195, 9.931411306363673]]]}}, {"id": "899", "type": "Feature", "properties": {"id": 1000003}, "geometry": {"type": "Polygon", "coordinates": [[[-84.10128633752348, 9.931496083957063], [-84.10134934404189, 9.931503191846906], [-84.10134470655599, 9.931548051385667], [-84.1012559056647, 9.931538855137585], [-84.10125843525613, 9.931514538747908], [-84.10128633752348, 9.931496083957063]]]}}, {"id": "900", "type": "Feature", "properties": {"id": 1000004}, "geometry": {"type": "Polygon", "coordinates": [[[-84.10129883525697, 9.931573009769568], [-84.10135528661321, 9.93157676576614], [-84.1013533977035, 9.931621834088594], [-84.10129736931678, 9.931618497198453], [-84.10129883525697, 9.931573009769568]]]}}, {"id": "901", "type": "Feature", "properties": {"id": 1000005}, "geometry": {"type": "Polygon", "coordinates": [[[-84.10136269279023, 9.931597306028811], [-84.10140096130266, 9.931599809827908], [-84.10139632427551, 9.931646136689011], [-84.1013599585736, 9.931643632312277], [-84.10136269279023, 9.931597306028811]]]}}, {"id": "902", "type": "Feature", "properties": {"id": 1000006}, "geometry": {"type": "Polygon", "coordinates": [[[-84.10096164881575, 9.932030077832465], [-84.10101958124828, 9.932037187316253], [-84.10102296416507, 9.932037605528386], [-84.10101199769514, 9.932127325106197], [-84.1009088189024, 9.932115198469859], [-84.10091471907552, 9.932051053752483], [-84.10096164881575, 9.932030077832465]]]}}, {"id": "903", "type": "Feature", "properties": {"id": 1000007}, "geometry": {"type": "Polygon", "coordinates": [[[-84.10069857164494, 9.931816766663257], [-84.10083980680508, 9.931829301118055], [-84.10082632031731, 9.931974779690453], [-84.10071384251344, 9.931974394375777], [-84.10064703066713, 9.931968545218204], [-84.1006529221531, 9.931875892535146], [-84.10069857164494, 9.931816766663257]]]}}, {"id": "904", "type": "Feature", "properties": {"id": 1000008}, "geometry": {"type": "Polygon", "coordinates": [[[-84.10061118062916, 9.932269147420245], [-84.10076259642905, 9.932282697153079], [-84.10075033755109, 9.932398439447192], [-84.10059472477236, 9.932384232346767], [-84.10061118062916, 9.932269147420245]]]}}, {"id": "905", "type": "Feature", "properties": {"id": 1000028}, "geometry": {"type": "Polygon", "coordinates": [[[-84.10135630814091, 9.930425324643675], [-84.10144967262454, 9.930450961352353], [-84.10147583848172, 9.93045818521066], [-84.10148872377214, 9.930463644452876], [-84.1014852819802, 9.930525572092717], [-84.10134457968067, 9.930507764709459], [-84.10135630814091, 9.930425324643675]]]}}, {"id": "906", "type": "Feature", "properties": {"id": 1000029}, "geometry": {"type": "Polygon", "coordinates": [[[-84.10467018514068, 9.932395970583691], [-84.10486081634276, 9.932443966856212], [-84.10484479190286, 9.932503952487417], [-84.10465258786343, 9.932456210514953], [-84.10467018514068, 9.932395970583691]]]}}, {"id": "907", "type": "Feature", "properties": {"id": 1000030}, "geometry": {"type": "Polygon", "coordinates": [[[-84.10487208742161, 9.928203418706014], [-84.10518096404007, 9.928242988514095], [-84.10516874400295, 9.928396635272186], [-84.10485666666206, 9.928357330904213], [-84.10487208742161, 9.928203418706014]]]}}, {"id": "908", "type": "Feature", "properties": {"id": 1000031}, "geometry": {"type": "Polygon", "coordinates": [[[-84.10375921746468, 9.927510620647551], [-84.10390542635473, 9.927515184654382], [-84.10393077867731, 9.927516334815932], [-84.10392989159736, 9.92754117952645], [-84.10392660639818, 9.927623610832798], [-84.10375343317843, 9.927614525418424], [-84.10375921746468, 9.927510620647551]]]}}, {"id": "909", "type": "Feature", "properties": {"id": 1000032}, "geometry": {"type": "Polygon", "coordinates": [[[-84.10335213219797, 9.927009953906117], [-84.10349232122849, 9.927143715572608], [-84.10347657851541, 9.927169629642624], [-84.10344202421469, 9.927138584791035], [-84.10332726002167, 9.927032321586314], [-84.10335213219797, 9.927009953906117]]]}}, {"id": "910", "type": "Feature", "properties": {"id": 1000033}, "geometry": {"type": "Polygon", "coordinates": [[[-84.10392453178602, 9.927082489038808], [-84.10400939695344, 9.92708605798971], [-84.10400851471007, 9.927126164281198], [-84.10391257652901, 9.927122822368307], [-84.10391471856745, 9.92710445456639], [-84.10391739644484, 9.92708253739282], [-84.10392453178602, 9.927082489038808]]]}}]}