{
"type": "FeatureCollection",
"name": "basic_lengths",
"crs": { "type": "name", "properties": { "name": "urn:ogc:def:crs:OGC:1.3:CRS84" } },
"features": [
{ "type": "Feature", "properties": { "kind": "L1", "value": "36.78898123593087", "building_uid": "7" }, "geometry": { "type": "MultiLineString", "coordinates": [ [ [ -90.513965655861739, 14.64293952579238 ], [ -90.514011320078708, 14.642610180151463 ] ], [ [ -90.514011320078708, 14.642610180151463 ], [ -90.514031634526532, 14.642673635757802 ] ], [ [ -90.514011320078708, 14.642610180151463 ], [ -90.513974451330427, 14.642666119955116 ] ] ] } },
{ "type": "Feature", "properties": { "kind": "L1", "value": "40.477979313452984", "building_uid": "8" }, "geometry": { "type": "MultiLineString", "coordinates": [ [ [ -90.514988033547951, 14.642792182555993 ], [ -90.514936133141276, 14.643154331959778 ] ], [ [ -90.514936133141276, 14.643154331959778 ], [ -90.514914101249801, 14.643084417087454 ] ], [ [ -90.514936133141276, 14.643154331959778 ], [ -90.514976980171454, 14.643092959305365 ] ] ] } },
{ "type": "Feature", "properties": { "kind": "L1", "value": "33.664681526869046", "building_uid": "9" }, "geometry": { "type": "MultiLineString", "coordinates": [ [ [ -90.515273731237727, 14.642791612194864 ], [ -90.515230627882502, 14.643092812575048 ] ], [ [ -90.515230627882502, 14.643092812575048 ], [ -90.515212292621896, 14.643034669364734 ] ], [ [ -90.515230627882502, 14.643092812575048 ], [ -90.515264589134446, 14.643041763687521 ] ] ] } },
{ "type": "Feature", "properties": { "kind": "L1", "value": "33.891256416593315", "building_uid": "10" }, "geometry": { "type": "MultiLineString", "coordinates": [ [ [ -90.515423325030753, 14.643142827697439 ], [ -90.515468686818437, 14.642839873286432 ] ], [ [ -90.515468686818437, 14.642839873286432 ], [ -90.515486764999437, 14.642898520285902 ] ], [ [ -90.515468686818437, 14.642839873286432 ], [ -90.515434163970824, 14.642891054266126 ] ] ] } },
{ "type": "Feature", "properties": { "kind": "L1", "value": "17.28307660086443", "building_uid": "53" }, "geometry": { "type": "MultiLineString", "coordinates": [ [ [ -90.514361053693023, 14.642703159941263 ], [ -90.514201957316914, 14.64268362955435 ] ], [ [ -90.514201957316914, 14.64268362955435 ], [ -90.514232490871507, 14.642674076939901 ] ], [ [ -90.514201957316914, 14.64268362955435 ], [ -90.514229099868984, 14.64270026240094 ] ] ] } },
{ "type": "Feature", "properties": { "kind": "L1", "value": "35.42909315279489", "building_uid": "54" }, "geometry": { "type": "MultiLineString", "coordinates": [ [ [ -90.514456670844282, 14.642651012924754 ], [ -90.514413886900769, 14.642968339104298 ] ], [ [ -90.514413886900769, 14.642968339104298 ], [ -90.51439409382337, 14.642907299189753 ] ], [ [ -90.514413886900769, 14.642968339104298 ], [ -90.514449190177373, 14.642914340945898 ] ] ] } },
{ "type": "Feature", "properties": { "kind": "L1", "value": "22.506478053568436", "building_uid": "55" }, "geometry": { "type": "MultiLineString", "coordinates": [ [ [ -90.514591105830661, 14.642688296206805 ], [ -90.514562688840456, 14.642889717059616 ] ], [ [ -90.514562688840456, 14.642889717059616 ], [ -90.5145503537222, 14.642850868644723 ] ], [ [ -90.514562688840456, 14.642889717059616 ], [ -90.514585325787237, 14.642855545760506 ] ] ] } },
{ "type": "Feature", "properties": { "kind": "L1", "value": "24.95862684147774", "building_uid": "105" }, "geometry": { "type": "MultiLineString", "coordinates": [ [ [ -90.514796050589538, 14.64349784275727 ], [ -90.514833440003784, 14.643275337270094 ] ], [ [ -90.514833440003784, 14.643275337270094 ], [ -90.514845979252996, 14.643318745887493 ] ], [ [ -90.514833440003784, 14.643275337270094 ], [ -90.51480734624505, 14.643312592036665 ] ] ] } },
{ "type": "Feature", "properties": { "kind": "L1", "value": "28.61713748653591", "building_uid": "106" }, "geometry": { "type": "MultiLineString", "coordinates": [ [ [ -90.514472379310703, 14.643821588353877 ], [ -90.514508879703527, 14.6435655298763 ] ], [ [ -90.514508879703527, 14.6435655298763 ], [ -90.51452449298634, 14.643614947195031 ] ], [ [ -90.514508879703527, 14.6435655298763 ], [ -90.514480034205349, 14.643608939675994 ] ] ] } },
{ "type": "Feature", "properties": { "kind": "L1", "value": "32.98836346509836", "building_uid": "107" }, "geometry": { "type": "MultiLineString", "coordinates": [ [ [ -90.513887302203941, 14.643472605631946 ], [ -90.513841019218617, 14.643767179003268 ] ], [ [ -90.513841019218617, 14.643767179003268 ], [ -90.513823835536996, 14.643709975361769 ] ], [ [ -90.513841019218617, 14.643767179003268 ], [ -90.513874981581409, 14.643717592991226 ] ] ] } },
{ "type": "Feature", "properties": { "kind": "L1", "value": "34.25541795297077", "building_uid": "108" }, "geometry": { "type": "MultiLineString", "coordinates": [ [ [ -90.514110042463059, 14.643479974155751 ], [ -90.514064577955907, 14.643786237880267 ] ], [ [ -90.514064577955907, 14.643786237880267 ], [ -90.514046231030662, 14.643726982582967 ] ], [ [ -90.514064577955907, 14.643786237880267 ], [ -90.514099406846313, 14.643734465500643 ] ] ] } },
{ "type": "Feature", "properties": { "kind": "L1", "value": "42.837304777277545", "building_uid": "109" }, "geometry": { "type": "MultiLineString", "coordinates": [ [ [ -90.514252940454796, 14.643525809684508 ], [ -90.514198244832599, 14.643909098521894 ] ], [ [ -90.514198244832599, 14.643909098521894 ], [ -90.51417488430495, 14.643835121867864 ] ], [ [ -90.514198244832599, 14.643909098521894 ], [ -90.514241433834073, 14.643844124116209 ] ] ] } },
{ "type": "Feature", "properties": { "kind": "L1", "value": "32.8197985324824", "building_uid": "110" }, "geometry": { "type": "MultiLineString", "coordinates": [ [ [ -90.514347925456491, 14.643841196073572 ], [ -90.514390225978786, 14.643547593076528 ] ], [ [ -90.514390225978786, 14.643547593076528 ], [ -90.514408047302894, 14.643604293088451 ] ], [ [ -90.514390225978786, 14.643547593076528 ], [ -90.514357069765026, 14.643597330939709 ] ] ] } },
{ "type": "Feature", "properties": { "kind": "L1", "value": "21.859258423923386", "building_uid": "761" }, "geometry": { "type": "MultiLineString", "coordinates": [ [ [ -90.514690122182216, 14.645011421218847 ], [ -90.514488838754659, 14.644987184667185 ] ], [ [ -90.514488838754659, 14.644987184667185 ], [ -90.514527427779896, 14.644975013525428 ] ], [ [ -90.514488838754659, 14.644987184667185 ], [ -90.514523219613238, 14.645008142143897 ] ] ] } },
{ "type": "Feature", "properties": { "kind": "L1", "value": "15.22392938315006", "building_uid": "176" }, "geometry": { "type": "MultiLineString", "coordinates": [ [ [ -90.515239201746695, 14.644694717455861 ], [ -90.515220942292117, 14.644831088927633 ] ], [ [ -90.515220942292117, 14.644831088927633 ], [ -90.515212413051785, 14.644804867386402 ] ], [ [ -90.515220942292117, 14.644831088927633 ], [ -90.515236091012454, 14.644807872658525 ] ] ] } },
{ "type": "Feature", "properties": { "kind": "L1", "value": "20.50236496829438", "building_uid": "177" }, "geometry": { "type": "MultiLineString", "coordinates": [ [ [ -90.515074790014609, 14.644803622552095 ], [ -90.515102533375895, 14.644620394767063 ] ], [ [ -90.515102533375895, 14.644620394767063 ], [ -90.515113411339641, 14.644655890020292 ] ], [ [ -90.515102533375895, 14.644620394767063 ], [ -90.51508159781342, 14.644651323822103 ] ] ] } },
{ "type": "Feature", "properties": { "kind": "L1", "value": "20.282616047644378", "building_uid": "178" }, "geometry": { "type": "MultiLineString", "coordinates": [ [ [ -90.514974917275012, 14.644601625603149 ], [ -90.514947471176015, 14.644782889481036 ] ], [ [ -90.514947471176015, 14.644782889481036 ], [ -90.51493670982957, 14.644747774669685 ] ], [ [ -90.514947471176015, 14.644782889481036 ], [ -90.514968182378553, 14.644752291947658 ] ] ] } },
{ "type": "Feature", "properties": { "kind": "L1", "value": "20.12799841724209", "building_uid": "179" }, "geometry": { "type": "MultiLineString", "coordinates": [ [ [ -90.514873411921556, 14.644586944985679 ], [ -90.514846100463942, 14.644766816326465 ] ], [ [ -90.514846100463942, 14.644766816326465 ], [ -90.514835435605221, 14.644731965008541 ] ], [ [ -90.514846100463942, 14.644766816326465 ], [ -90.514866666367993, 14.644736460126557 ] ] ] } },
{ "type": "Feature", "properties": { "kind": "L1", "value": "28.248554042442297", "building_uid": "183" }, "geometry": { "type": "MultiLineString", "coordinates": [ [ [ -90.514663958912948, 14.643668014383119 ], [ -90.514923135321027, 14.643706004896194 ] ], [ [ -90.514923135321027, 14.643706004896194 ], [ -90.514872858499459, 14.643720447353047 ] ], [ [ -90.514923135321027, 14.643706004896194 ], [ -90.514879454682671, 14.643677790040849 ] ] ] } },
{ "type": "Feature", "properties": { "kind": "L1", "value": "43.28319008559466", "building_uid": "184" }, "geometry": { "type": "MultiLineString", "coordinates": [ [ [ -90.514079510750562, 14.644196286504817 ], [ -90.514477662847554, 14.644247362193461 ] ], [ [ -90.514477662847554, 14.644247362193461 ], [ -90.51440105908992, 14.644270869621183 ] ], [ [ -90.514477662847554, 14.644247362193461 ], [ -90.514409927220811, 14.644205338744602 ] ] ] } },
{ "type": "Feature", "properties": { "kind": "L1", "value": "42.41577600932702", "building_uid": "185" }, "geometry": { "type": "MultiLineString", "coordinates": [ [ [ -90.514119403689321, 14.643952261707822 ], [ -90.513729621445691, 14.643899406976169 ] ], [ [ -90.513729621445691, 14.643899406976169 ], [ -90.513804862499043, 14.643876910868373 ] ], [ [ -90.513729621445691, 14.643899406976169 ], [ -90.51379568541978, 14.643941064238241 ] ] ] } },
{ "type": "Feature", "properties": { "kind": "L1", "value": "40.91080211325412", "building_uid": "186" }, "geometry": { "type": "MultiLineString", "coordinates": [ [ [ -90.514123212743982, 14.644278906676165 ], [ -90.514069130979607, 14.644644703805058 ] ], [ [ -90.514069130979607, 14.644644703805058 ], [ -90.514047177595046, 14.644573948257815 ] ], [ [ -90.514069130979607, 14.644644703805058 ], [ -90.514110690297144, 14.644582849441205 ] ] ] } },
{ "type": "Feature", "properties": { "kind": "L1", "value": "42.43015778866044", "building_uid": "187" }, "geometry": { "type": "MultiLineString", "coordinates": [ [ [ -90.513981502365866, 14.64428014986126 ], [ -90.51392794463716, 14.644659878775935 ] ], [ [ -90.51392794463716, 14.644659878775935 ], [ -90.513904686788592, 14.644586641056154 ] ], [ [ -90.51392794463716, 14.644659878775935 ], [ -90.513970618445654, 14.644595455990117 ] ] ] } },
{ "type": "Feature", "properties": { "kind": "L1", "value": "25.457554585228856", "building_uid": "188" }, "geometry": { "type": "MultiLineString", "coordinates": [ [ [ -90.513055005848685, 14.643435817549326 ], [ -90.513288216750738, 14.643472294442219 ] ], [ [ -90.513288216750738, 14.643472294442219 ], [ -90.513242777883875, 14.643484874472158 ] ], [ [ -90.513288216750738, 14.643472294442219 ], [ -90.513249111257082, 14.643446490728239 ] ] ] } },
{ "type": "Feature", "properties": { "kind": "L1", "value": "32.48237837282098", "building_uid": "191" }, "geometry": { "type": "MultiLineString", "coordinates": [ [ [ -90.513216186249124, 14.644443978901709 ], [ -90.512919039161432, 14.644394970775487 ] ], [ [ -90.512919039161432, 14.644394970775487 ], [ -90.512977155093694, 14.644379400765906 ] ], [ [ -90.512919039161432, 14.644394970775487 ], [ -90.512968645886872, 14.644428307416709 ] ] ] } },
{ "type": "Feature", "properties": { "kind": "L1", "value": "17.25454338089188", "building_uid": "192" }, "geometry": { "type": "MultiLineString", "coordinates": [ [ [ -90.51282055611658, 14.64438711375765 ], [ -90.512661987431699, 14.644365660747122 ] ], [ [ -90.512661987431699, 14.644365660747122 ], [ -90.51269259225981, 14.644356500157793 ] ], [ [ -90.512661987431699, 14.644365660747122 ], [ -90.512688867409608, 14.644382598563938 ] ] ] } },
{ "type": "Feature", "properties": { "kind": "L1", "value": "22.45612116190371", "building_uid": "193" }, "geometry": { "type": "MultiLineString", "coordinates": [ [ [ -90.512634794906901, 14.644216612103687 ], [ -90.512603479479651, 14.644417164750044 ] ], [ [ -90.512603479479651, 14.644417164750044 ], [ -90.512591744986182, 14.644378235200989 ] ], [ [ -90.512603479479651, 14.644417164750044 ], [ -90.512626566552825, 14.64438338933024 ] ] ] } },
{ "type": "Feature", "properties": { "kind": "L1", "value": "19.573174379918743", "building_uid": "846" }, "geometry": { "type": "MultiLineString", "coordinates": [ [ [ -90.514056161011638, 14.646933493825834 ], [ -90.514084503166032, 14.646758846216899 ] ], [ [ -90.514084503166032, 14.646758846216899 ], [ -90.514094527860337, 14.646792835467988 ] ], [ [ -90.514084503166032, 14.646758846216899 ], [ -90.514064203796096, 14.646788170761976 ] ] ] } },
{ "type": "Feature", "properties": { "kind": "L1", "value": "25.353343497295516", "building_uid": "194" }, "geometry": { "type": "MultiLineString", "coordinates": [ [ [ -90.512202027964733, 14.644292557665457 ], [ -90.512434952112685, 14.644324581229222 ] ], [ [ -90.512434952112685, 14.644324581229222 ], [ -90.512389951822939, 14.6443379448027 ] ], [ [ -90.512434952112685, 14.644324581229222 ], [ -90.512395511998349, 14.6442996084066 ] ] ] } },
{ "type": "Feature", "properties": { "kind": "L1", "value": "16.345712414393347", "building_uid": "195" }, "geometry": { "type": "MultiLineString", "coordinates": [ [ [ -90.512221839816959, 14.644161665753176 ], [ -90.512372114108715, 14.644181578743174 ] ], [ [ -90.512372114108715, 14.644181578743174 ], [ -90.512343146430467, 14.644190335930553 ] ], [ [ -90.512372114108715, 14.644181578743174 ], [ -90.512346603875969, 14.64416560265038 ] ] ] } },
{ "type": "Feature", "properties": { "kind": "L1", "value": "40.86607645060275", "building_uid": "196" }, "geometry": { "type": "MultiLineString", "coordinates": [ [ [ -90.512368315082654, 14.643887538797305 ], [ -90.512421732232539, 14.643522057659437 ] ], [ [ -90.512421732232539, 14.643522057659437 ], [ -90.512443778554527, 14.643592701245083 ] ], [ [ -90.512421732232539, 14.643522057659437 ], [ -90.512380321001899, 14.643583909437647 ] ] ] } },
{ "type": "Feature", "properties": { "kind": "L1", "value": "133.18748351988023", "building_uid": "302" }, "geometry": { "type": "MultiLineString", "coordinates": [ [ [ -90.513686602629392, 14.642973401624831 ], [ -90.512465972183961, 14.642785824322159 ] ], [ [ -90.512465972183961, 14.642785824322159 ], [ -90.512703509710107, 14.642719374488639 ] ], [ [ -90.512465972183961, 14.642785824322159 ], [ -90.51267094092421, 14.642920276162894 ] ] ] } },
{ "type": "Feature", "properties": { "kind": "L1", "value": "24.787671617926993", "building_uid": "303" }, "geometry": { "type": "MultiLineString", "coordinates": [ [ [ -90.514025590496047, 14.643328600720148 ], [ -90.513798457687599, 14.643293440517855 ] ], [ [ -90.513798457687599, 14.643293440517855 ], [ -90.513842680515268, 14.643281122036941 ] ], [ [ -90.513798457687599, 14.643293440517855 ], [ -90.513836575736264, 14.643318505415936 ] ] ] } },
{ "type": "Feature", "properties": { "kind": "L1", "value": "18.841731411139328", "building_uid": "304" }, "geometry": { "type": "MultiLineString", "coordinates": [ [ [ -90.51263157681619, 14.643261946177971 ], [ -90.51260436498788, 14.643430078001249 ] ], [ [ -90.51260436498788, 14.643430078001249 ], [ -90.512594701316161, 14.643397362791763 ] ], [ [ -90.51260436498788, 14.643430078001249 ], [ -90.512623893586053, 14.643401841539356 ] ] ] } },
{ "type": "Feature", "properties": { "kind": "L1", "value": "23.73326530150007", "building_uid": "305" }, "geometry": { "type": "MultiLineString", "coordinates": [ [ [ -90.512361611461202, 14.643297800363735 ], [ -90.51257978000119, 14.643326872874532 ] ], [ [ -90.51257978000119, 14.643326872874532 ], [ -90.51253771054067, 14.643339557146843 ] ], [ [ -90.51257978000119, 14.643326872874532 ], [ -90.512542758308882, 14.643303649174005 ] ] ] } },
{ "type": "Feature", "properties": { "kind": "L1", "value": "21.76031698309754", "building_uid": "306" }, "geometry": { "type": "MultiLineString", "coordinates": [ [ [ -90.512392328532457, 14.643512645162797 ], [ -90.512419706494711, 14.643317889418187 ] ], [ [ -90.512419706494711, 14.643317889418187 ], [ -90.512431651380098, 14.643355444190684 ] ], [ [ -90.512419706494711, 14.643317889418187 ], [ -90.512397836477064, 14.64335093810573 ] ] ] } },
{ "type": "Feature", "properties": { "kind": "L1", "value": "32.33895219353768", "building_uid": "307" }, "geometry": { "type": "MultiLineString", "coordinates": [ [ [ -90.512660715844206, 14.64336109644117 ], [ -90.512957106646553, 14.643406569682297 ] ], [ [ -90.512957106646553, 14.643406569682297 ], [ -90.51289943468629, 14.643422718369335 ] ], [ [ -90.512957106646553, 14.643406569682297 ], [ -90.512907330061381, 14.643373935947269 ] ] ] } },
{ "type": "Feature", "properties": { "kind": "L1", "value": "32.26921794128379", "building_uid": "500" }, "geometry": { "type": "MultiLineString", "coordinates": [ [ [ -90.515025451108841, 14.645756173956082 ], [ -90.514982640322046, 14.64604468255536 ] ], [ [ -90.514982640322046, 14.64604468255536 ], [ -90.514965353505275, 14.645988864002071 ] ], [ [ -90.514982640322046, 14.64604468255536 ], [ -90.515015447065593, 14.645995910074758 ] ] ] } },
{ "type": "Feature", "properties": { "kind": "L1", "value": "32.033283102036606", "building_uid": "501" }, "geometry": { "type": "MultiLineString", "coordinates": [ [ [ -90.514803418583639, 14.646039315831768 ], [ -90.51484822921627, 14.645753251056176 ] ], [ [ -90.51484822921627, 14.645753251056176 ], [ -90.514864941385667, 14.645808791207964 ] ], [ [ -90.51484822921627, 14.645753251056176 ], [ -90.514815272184222, 14.645801416000289 ] ] ] } },
{ "type": "Feature", "properties": { "kind": "L1", "value": "31.488551656320713", "building_uid": "502" }, "geometry": { "type": "MultiLineString", "coordinates": [ [ [ -90.513755647584276, 14.645773455269202 ], [ -90.513466954622814, 14.645729755803723 ] ], [ [ -90.513466954622814, 14.645729755803723 ], [ -90.51352307730518, 14.645713919403706 ] ], [ [ -90.513466954622814, 14.645729755803723 ], [ -90.51351548978522, 14.645761434320427 ] ] ] } },
{ "type": "Feature", "properties": { "kind": "L1", "value": "21.836279516887675", "building_uid": "762" }, "geometry": { "type": "MultiLineString", "coordinates": [ [ [ -90.514677667798168, 14.645115936568835 ], [ -90.514477947171045, 14.645082776921196 ] ], [ [ -90.514477947171045, 14.645082776921196 ], [ -90.514517027572722, 14.645072351809363 ] ], [ [ -90.514477947171045, 14.645082776921196 ], [ -90.514511270099533, 14.645105223195747 ] ] ] } },
{ "type": "Feature", "properties": { "kind": "L1", "value": "31.82536328251601", "building_uid": "503" }, "geometry": { "type": "MultiLineString", "coordinates": [ [ [ -90.513478905385583, 14.645576549631892 ], [ -90.513770315598379, 14.645622977369536 ] ], [ [ -90.513770315598379, 14.645622977369536 ], [ -90.513713463522762, 14.645638542923638 ] ], [ [ -90.513770315598379, 14.645622977369536 ], [ -90.513721524707677, 14.645590580738522 ] ] ] } },
{ "type": "Feature", "properties": { "kind": "L1", "value": "45.373318249344514", "building_uid": "504" }, "geometry": { "type": "MultiLineString", "coordinates": [ [ [ -90.513496062898469, 14.645492114935337 ], [ -90.513912945023662, 14.645549222455877 ] ], [ [ -90.513912945023662, 14.645549222455877 ], [ -90.513832422553278, 14.645573177708187 ] ], [ [ -90.513912945023662, 14.645549222455877 ], [ -90.513842338034962, 14.645504564512914 ] ] ] } },
{ "type": "Feature", "properties": { "kind": "L1", "value": "27.394881677174382", "building_uid": "505" }, "geometry": { "type": "MultiLineString", "coordinates": [ [ [ -90.513497872359281, 14.645341250640465 ], [ -90.513749957970248, 14.645372941438104 ] ], [ [ -90.513749957970248, 14.645372941438104 ], [ -90.513701513319518, 14.645387942100193 ] ], [ [ -90.513749957970248, 14.645372941438104 ], [ -90.513707015741886, 14.645346452168113 ] ] ] } },
{ "type": "Feature", "properties": { "kind": "L1", "value": "42.61385503190689", "building_uid": "506" }, "geometry": { "type": "MultiLineString", "coordinates": [ [ [ -90.513518105040262, 14.645186698498089 ], [ -90.513909415558672, 14.645241817684548 ] ], [ [ -90.513909415558672, 14.645241817684548 ], [ -90.513833700860914, 14.645264029012925 ] ], [ [ -90.513909415558672, 14.645241817684548 ], [ -90.513843271101322, 14.645199624469889 ] ] ] } },
{ "type": "Feature", "properties": { "kind": "L1", "value": "18.120558841389208", "building_uid": "507" }, "geometry": { "type": "MultiLineString", "coordinates": [ [ [ -90.513765779815088, 14.644785720954657 ], [ -90.513599085300498, 14.644764392223061 ] ], [ [ -90.513599085300498, 14.644764392223061 ], [ -90.513631152243462, 14.644754540428282 ] ], [ [ -90.513599085300498, 14.644764392223061 ], [ -90.513627448964129, 14.64478197619299 ] ] ] } },
{ "type": "Feature", "properties": { "kind": "L1", "value": "33.847568733911835", "building_uid": "508" }, "geometry": { "type": "MultiLineString", "coordinates": [ [ [ -90.513421590080441, 14.644965065025302 ], [ -90.513463334756253, 14.644662016702856 ] ], [ [ -90.513463334756253, 14.644662016702856 ], [ -90.513482076953892, 14.644720383028423 ] ], [ [ -90.513463334756253, 14.644662016702856 ], [ -90.513429459177146, 14.644713512401083 ] ] ] } },
{ "type": "Feature", "properties": { "kind": "L1", "value": "16.356271461677096", "building_uid": "509" }, "geometry": { "type": "MultiLineString", "coordinates": [ [ [ -90.51237743369191, 14.644497893112606 ], [ -90.512355053370428, 14.644644031636325 ] ], [ [ -90.512355053370428, 14.644644031636325 ], [ -90.512346423177846, 14.644615700581603 ] ], [ [ -90.512355053370428, 14.644644031636325 ], [ -90.512371796953929, 14.644619384098844 ] ] ] } },
{ "type": "Feature", "properties": { "kind": "L1", "value": "16.4206512177075", "building_uid": "510" }, "geometry": { "type": "MultiLineString", "coordinates": [ [ [ -90.512223996905945, 14.644625806689778 ], [ -90.512244202717724, 14.644478781372793 ] ], [ [ -90.512244202717724, 14.644478781372793 ], [ -90.512253304052223, 14.644507094219879 ] ], [ [ -90.512244202717724, 14.644478781372793 ], [ -90.512227776316095, 14.644503768602046 ] ] ] } },
{ "type": "Feature", "properties": { "kind": "L1", "value": "16.480963360321155", "building_uid": "511" }, "geometry": { "type": "MultiLineString", "coordinates": [ [ [ -90.512473991494815, 14.644663257142438 ], [ -90.512498072138115, 14.644516234298658 ] ], [ [ -90.512498072138115, 14.644516234298658 ], [ -90.512506470902565, 14.644544865571124 ] ], [ [ -90.512498072138115, 14.644516234298658 ], [ -90.512480943591342, 14.644540902206174 ] ] ] } },
{ "type": "Feature", "properties": { "kind": "L1", "value": "32.081560648674895", "building_uid": "512" }, "geometry": { "type": "MultiLineString", "coordinates": [ [ [ -90.512566639333812, 14.644819702525242 ], [ -90.512609787642333, 14.644532955294794 ] ], [ [ -90.512609787642333, 14.644532955294794 ], [ -90.512626860233652, 14.644588482371521 ] ], [ [ -90.512609787642333, 14.644532955294794 ], [ -90.512577072818729, 14.644581380719439 ] ] ] } },
{ "type": "Feature", "properties": { "kind": "L1", "value": "14.47335622319768", "building_uid": "513" }, "geometry": { "type": "MultiLineString", "coordinates": [ [ [ -90.512726246443421, 14.644548457380276 ], [ -90.512708507537212, 14.644678056475774 ] ], [ [ -90.512708507537212, 14.644678056475774 ], [ -90.512700471887555, 14.644653105342821 ] ], [ [ -90.512708507537212, 14.644678056475774 ], [ -90.512722973955604, 14.644656024941309 ] ] ] } },
{ "type": "Feature", "properties": { "kind": "L1", "value": "13.604993778693462", "building_uid": "514" }, "geometry": { "type": "MultiLineString", "coordinates": [ [ [ -90.51276536176357, 14.644728633582934 ], [ -90.512640454092534, 14.644710884553261 ] ], [ [ -90.512640454092534, 14.644710884553261 ], [ -90.512664635918071, 14.644703822677069 ] ], [ [ -90.512640454092534, 14.644710884553261 ], [ -90.512661554180141, 14.644724380872436 ] ] ] } },
{ "type": "Feature", "properties": { "kind": "L1", "value": "13.582116196427425", "building_uid": "515" }, "geometry": { "type": "MultiLineString", "coordinates": [ [ [ -90.512629899443539, 14.644789884754658 ], [ -90.512754597040768, 14.644807604459247 ] ], [ [ -90.512754597040768, 14.644807604459247 ], [ -90.512730455837442, 14.644814654370014 ] ], [ [ -90.512754597040768, 14.644807604459247 ], [ -90.51273353247791, 14.644794130755407 ] ] ] } },
{ "type": "Feature", "properties": { "kind": "L1", "value": "10.400897986880551", "building_uid": "847" }, "geometry": { "type": "MultiLineString", "coordinates": [ [ [ -90.513919782004606, 14.646872061220385 ], [ -90.514015015581833, 14.646887253600429 ] ], [ [ -90.514015015581833, 14.646887253600429 ], [ -90.513996434467813, 14.646892336841951 ] ], [ [ -90.514015015581833, 14.646887253600429 ], [ -90.513999072319791, 14.646876662775433 ] ] ] } },
{ "type": "Feature", "properties": { "kind": "L1", "value": "41.118338375187754", "building_uid": "516" }, "geometry": { "type": "MultiLineString", "coordinates": [ [ [ -90.512498509108482, 14.644729325519364 ], [ -90.512120471689585, 14.644679341652289 ] ], [ [ -90.512120471689585, 14.644679341652289 ], [ -90.512193334643214, 14.644657291803005 ] ], [ [ -90.512120471689585, 14.644679341652289 ], [ -90.512184655996307, 14.644719511895703 ] ] ] } },
{ "type": "Feature", "properties": { "kind": "L1", "value": "59.36269978855537", "building_uid": "517" }, "geometry": { "type": "MultiLineString", "coordinates": [ [ [ -90.512713398315412, 14.644907542391385 ], [ -90.512168121698835, 14.644831896676139 ] ], [ [ -90.512168121698835, 14.644831896676139 ], [ -90.512273526499655, 14.644800735708221 ] ], [ [ -90.512168121698835, 14.644831896676139 ], [ -90.512260392184871, 14.644890481144847 ] ] ] } },
{ "type": "Feature", "properties": { "kind": "L1", "value": "41.63601088018665", "building_uid": "518" }, "geometry": { "type": "MultiLineString", "coordinates": [ [ [ -90.512488441979258, 14.64501132144458 ], [ -90.512104872990122, 14.644966587613601 ] ], [ [ -90.512104872990122, 14.644966587613601 ], [ -90.512178282834, 14.644943130964821 ] ], [ [ -90.512104872990122, 14.644966587613601 ], [ -90.51217051573056, 14.645006261400168 ] ] ] } },
{ "type": "Feature", "properties": { "kind": "L1", "value": "17.168080392426138", "building_uid": "519" }, "geometry": { "type": "MultiLineString", "coordinates": [ [ [ -90.512128767209049, 14.645201215560428 ], [ -90.512150981389595, 14.645047643554948 ] ], [ [ -90.512150981389595, 14.645047643554948 ], [ -90.512160287064347, 14.645077308336091 ] ], [ [ -90.512150981389595, 14.645047643554948 ], [ -90.512133622568456, 14.645073652176171 ] ] ] } },
{ "type": "Feature", "properties": { "kind": "L1", "value": "16.41112329049757", "building_uid": "521" }, "geometry": { "type": "MultiLineString", "coordinates": [ [ [ -90.512101976685415, 14.64528889488802 ], [ -90.512082058887131, 14.64543587062289 ] ], [ [ -90.512082058887131, 14.64543587062289 ], [ -90.512072909605109, 14.645407590469873 ] ], [ [ -90.512082058887131, 14.64543587062289 ], [ -90.512098428838058, 14.645410868675141 ] ] ] } },
{ "type": "Feature", "properties": { "kind": "L1", "value": "11.601959286652418", "building_uid": "522" }, "geometry": { "type": "MultiLineString", "coordinates": [ [ [ -90.5120193968867, 14.645547917487058 ], [ -90.512125930574115, 14.645562949239856 ] ], [ [ -90.512125930574115, 14.645562949239856 ], [ -90.51210531513739, 14.645568991568444 ] ], [ [ -90.512125930574115, 14.645562949239856 ], [ -90.512107925083143, 14.645551457560295 ] ] ] } },
{ "type": "Feature", "properties": { "kind": "L1", "value": "21.395303936818735", "building_uid": "523" }, "geometry": { "type": "MultiLineString", "coordinates": [ [ [ -90.512575447814186, 14.645676935783138 ], [ -90.51260752576384, 14.645486201753787 ] ], [ [ -90.51260752576384, 14.645486201753787 ], [ -90.512618269748785, 14.645523414298719 ] ], [ [ -90.51260752576384, 14.645486201753787 ], [ -90.512585152793477, 14.645518134704533 ] ] ] } },
{ "type": "Feature", "properties": { "kind": "L1", "value": "25.634388156462073", "building_uid": "524" }, "geometry": { "type": "MultiLineString", "coordinates": [ [ [ -90.512494182276441, 14.645433572470248 ], [ -90.51245574897294, 14.645662096951746 ] ], [ [ -90.51245574897294, 14.645662096951746 ], [ -90.512442876218046, 14.645617511445522 ] ], [ [ -90.51245574897294, 14.645662096951746 ], [ -90.512482554707063, 14.645623837052939 ] ] ] } },
{ "type": "Feature", "properties": { "kind": "L1", "value": "17.582808516443606", "building_uid": "525" }, "geometry": { "type": "MultiLineString", "coordinates": [ [ [ -90.51229484546208, 14.645483408119359 ], [ -90.51227175954115, 14.64564064367546 ] ], [ [ -90.51227175954115, 14.64564064367546 ], [ -90.512262293805236, 14.645610243097627 ] ], [ [ -90.51227175954115, 14.64564064367546 ], [ -90.512289594465003, 14.64561404273037 ] ] ] } },
{ "type": "Feature", "properties": { "kind": "L1", "value": "43.13512512188912", "building_uid": "697" }, "geometry": { "type": "MultiLineString", "coordinates": [ [ [ -90.512789770811537, 14.646209842745488 ], [ -90.512395267749781, 14.646144202538027 ] ], [ [ -90.512395267749781, 14.646144202538027 ], [ -90.51247247451775, 14.646123635789833 ] ], [ [ -90.512395267749781, 14.646144202538027 ], [ -90.512461077407181, 14.646188565472173 ] ] ] } },
{ "type": "Feature", "properties": { "kind": "L1", "value": "32.383525060901704", "building_uid": "698" }, "geometry": { "type": "MultiLineString", "coordinates": [ [ [ -90.512682324034728, 14.64657384322318 ], [ -90.512725377397388, 14.646284325927153 ] ], [ [ -90.512725377397388, 14.646284325927153 ], [ -90.512742707883035, 14.646340347268113 ] ], [ [ -90.512725377397388, 14.646284325927153 ], [ -90.512692439099823, 14.646333261300349 ] ] ] } },
{ "type": "Feature", "properties": { "kind": "L1", "value": "35.33559593319229", "building_uid": "699" }, "geometry": { "type": "MultiLineString", "coordinates": [ [ [ -90.51225689037669, 14.645856239465756 ], [ -90.512580466975791, 14.645907641021294 ] ], [ [ -90.512580466975791, 14.645907641021294 ], [ -90.512517352564373, 14.645924952061428 ] ], [ [ -90.512580466975791, 14.645907641021294 ], [ -90.512526277355803, 14.645871695792223 ] ] ] } },
{ "type": "Feature", "properties": { "kind": "L1", "value": "22.31871779335306", "building_uid": "700" }, "geometry": { "type": "MultiLineString", "coordinates": [ [ [ -90.512269504519494, 14.645779480226222 ], [ -90.512064954315861, 14.645748060267858 ] ], [ [ -90.512064954315861, 14.645748060267858 ], [ -90.51210475911283, 14.645736922427151 ] ], [ [ -90.512064954315861, 14.645748060267858 ], [ -90.512099303682263, 14.645770588594994 ] ] ] } },
{ "type": "Feature", "properties": { "kind": "L1", "value": "14.001328626330475", "building_uid": "310" }, "geometry": { "type": "MultiLineString", "coordinates": [ [ [ -90.512968375003467, 14.644055487794288 ], [ -90.513097042647587, 14.644072923649853 ] ], [ [ -90.513097042647587, 14.644072923649853 ], [ -90.513072206474675, 14.644080351757006 ] ], [ [ -90.513097042647587, 14.644072923649853 ], [ -90.513075233820388, 14.644059174652083 ] ] ] } },
{ "type": "Feature", "properties": { "kind": "L1", "value": "29.226276083389276", "building_uid": "702" }, "geometry": { "type": "MultiLineString", "coordinates": [ [ [ -90.512006249498043, 14.645966345277353 ], [ -90.512041289502093, 14.645704543776196 ] ], [ [ -90.512041289502093, 14.645704543776196 ], [ -90.512057666295192, 14.645754881874502 ] ], [ [ -90.512041289502093, 14.645704543776196 ], [ -90.512012209918467, 14.64574911477494 ] ] ] } },
{ "type": "Feature", "properties": { "kind": "L1", "value": "20.61156692291826", "building_uid": "703" }, "geometry": { "type": "MultiLineString", "coordinates": [ [ [ -90.514168989380948, 14.646033724732664 ], [ -90.51414269372313, 14.64621815063771 ] ], [ [ -90.51414269372313, 14.64621815063771 ], [ -90.51413144923103, 14.646182557360593 ] ], [ [ -90.51414269372313, 14.64621815063771 ], [ -90.514163471009766, 14.646186885262079 ] ] ] } },
{ "type": "Feature", "properties": { "kind": "L1", "value": "26.783975574458665", "building_uid": "704" }, "geometry": { "type": "MultiLineString", "coordinates": [ [ [ -90.514014647153033, 14.646256520951674 ], [ -90.514051018879201, 14.646017173593794 ] ], [ [ -90.514051018879201, 14.646017173593794 ], [ -90.514065204963785, 14.646063551206927 ] ], [ [ -90.514051018879201, 14.646017173593794 ], [ -90.514023647222004, 14.646057564931931 ] ] ] } },
{ "type": "Feature", "properties": { "kind": "L1", "value": "27.239063171587944", "building_uid": "705" }, "geometry": { "type": "MultiLineString", "coordinates": [ [ [ -90.513686862307779, 14.646016137794019 ], [ -90.51343680239934, 14.645980442164868 ] ], [ [ -90.51343680239934, 14.645980442164868 ], [ -90.513485227549637, 14.645966334230145 ] ], [ [ -90.51343680239934, 14.645980442164868 ], [ -90.513479029726511, 14.646007490628152 ] ] ] } },
{ "type": "Feature", "properties": { "kind": "L1", "value": "27.454094828127662", "building_uid": "706" }, "geometry": { "type": "MultiLineString", "coordinates": [ [ [ -90.513409925904725, 14.646085943215947 ], [ -90.513661959929465, 14.646121920849593 ] ], [ [ -90.513661959929465, 14.646121920849593 ], [ -90.513613152458532, 14.646136140156361 ] ], [ [ -90.513661959929465, 14.646121920849593 ], [ -90.513619399220985, 14.646094658857514 ] ] ] } },
{ "type": "Feature", "properties": { "kind": "L1", "value": "41.022713592705486", "building_uid": "746" }, "geometry": { "type": "MultiLineString", "coordinates": [ [ [ -90.514551606815857, 14.643084980718555 ], [ -90.514499426597922, 14.643452060291555 ] ], [ [ -90.514499426597922, 14.643452060291555 ], [ -90.514477017376947, 14.64338122874798 ] ], [ [ -90.514499426597922, 14.643452060291555 ], [ -90.514540752396556, 14.643389817008119 ] ] ] } },
{ "type": "Feature", "properties": { "kind": "L1", "value": "40.8325781601116", "building_uid": "747" }, "geometry": { "type": "MultiLineString", "coordinates": [ [ [ -90.514342161235703, 14.643437969279832 ], [ -90.514394835644566, 14.643072691016449 ] ], [ [ -90.514394835644566, 14.643072691016449 ], [ -90.514416998918634, 14.643143236714646 ] ], [ [ -90.514394835644566, 14.643072691016449 ], [ -90.514353576722229, 14.643134567135331 ] ] ] } },
{ "type": "Feature", "properties": { "kind": "L1", "value": "17.60823105623894", "building_uid": "748" }, "geometry": { "type": "MultiLineString", "coordinates": [ [ [ -90.5142387599589, 14.643262045004814 ], [ -90.514215620459993, 14.643419505309048 ] ], [ [ -90.514215620459993, 14.643419505309048 ], [ -90.51420614506452, 14.643389059564372 ] ], [ [ -90.514215620459993, 14.643419505309048 ], [ -90.514233484466672, 14.643392868054402 ] ] ] } },
{ "type": "Feature", "properties": { "kind": "L1", "value": "37.98112409950899", "building_uid": "749" }, "geometry": { "type": "MultiLineString", "coordinates": [ [ [ -90.514192012938722, 14.643075924408494 ], [ -90.513843552773864, 14.643024780491215 ] ], [ [ -90.513843552773864, 14.643024780491215 ], [ -90.513911155182669, 14.643005374706163 ] ], [ [ -90.513843552773864, 14.643024780491215 ], [ -90.513902275191072, 14.643062727201928 ] ] ] } },
{ "type": "Feature", "properties": { "kind": "L1", "value": "20.72732813702754", "building_uid": "751" }, "geometry": { "type": "MultiLineString", "coordinates": [ [ [ -90.515437764096021, 14.643260414365106 ], [ -90.515410617642701, 14.643445779911966 ] ], [ [ -90.515410617642701, 14.643445779911966 ], [ -90.515399445998526, 14.643409946270763 ] ], [ [ -90.515410617642701, 14.643445779911966 ], [ -90.515431630514712, 14.643414414258606 ] ] ] } },
{ "type": "Feature", "properties": { "kind": "L1", "value": "20.7063568582567", "building_uid": "752" }, "geometry": { "type": "MultiLineString", "coordinates": [ [ [ -90.515281926931365, 14.643497768225549 ], [ -90.515471820097261, 14.643526157216529 ] ], [ [ -90.515471820097261, 14.643526157216529 ], [ -90.515434935211616, 14.643536638469783 ] ], [ [ -90.515471820097261, 14.643526157216529 ], [ -90.5154398643094, 14.643505384319631 ] ] ] } },
{ "type": "Feature", "properties": { "kind": "L1", "value": "16.273739288285757", "building_uid": "753" }, "geometry": { "type": "MultiLineString", "coordinates": [ [ [ -90.514971343646707, 14.643452979453059 ], [ -90.515120401478427, 14.643476432815994 ] ], [ [ -90.515120401478427, 14.643476432815994 ], [ -90.515091346950086, 14.643484448202678 ] ], [ [ -90.515120401478427, 14.643476432815994 ], [ -90.515095419089974, 14.643459915056516 ] ] ] } },
{ "type": "Feature", "properties": { "kind": "L1", "value": "43.15353142964225", "building_uid": "754" }, "geometry": { "type": "MultiLineString", "coordinates": [ [ [ -90.515104088587435, 14.643701619163636 ], [ -90.515051111514325, 14.644088019150113 ] ], [ [ -90.515051111514325, 14.644088019150113 ], [ -90.515027169361204, 14.644013619993986 ] ], [ [ -90.515051111514325, 14.644088019150113 ], [ -90.515094259127096, 14.644022339382788 ] ] ] } },
{ "type": "Feature", "properties": { "kind": "L1", "value": "24.83217157850315", "building_uid": "757" }, "geometry": { "type": "MultiLineString", "coordinates": [ [ [ -90.515230556549625, 14.643672210600334 ], [ -90.515197997405636, 14.643894280853539 ] ], [ [ -90.515197997405636, 14.643894280853539 ], [ -90.51518462036816, 14.643851348632619 ] ], [ [ -90.515197997405636, 14.643894280853539 ], [ -90.515223177901277, 14.643856707475811 ] ] ] } },
{ "type": "Feature", "properties": { "kind": "L1", "value": "15.82101316557324", "building_uid": "1305" }, "geometry": { "type": "MultiLineString", "coordinates": [ [ [ -90.515229576838379, 14.644216041943384 ], [ -90.515375332813562, 14.64423299018646 ] ], [ [ -90.515375332813562, 14.64423299018646 ], [ -90.51534744151374, 14.644241912935755 ] ], [ [ -90.515375332813562, 14.64423299018646 ], [ -90.515350384197447, 14.644217923320298 ] ] ] } },
{ "type": "Feature", "properties": { "kind": "L1", "value": "15.989830821770436", "building_uid": "758" }, "geometry": { "type": "MultiLineString", "coordinates": [ [ [ -90.515283076809752, 14.64374453797836 ], [ -90.515429945781975, 14.64376495017498 ] ], [ [ -90.515429945781975, 14.64376495017498 ], [ -90.515401552022482, 14.643773336661704 ] ], [ [ -90.515429945781975, 14.64376495017498 ], [ -90.515405096137599, 14.643749163808256 ] ] ] } },
{ "type": "Feature", "properties": { "kind": "L1", "value": "23.713148532190306", "building_uid": "759" }, "geometry": { "type": "MultiLineString", "coordinates": [ [ [ -90.514740459937599, 14.645076261398813 ], [ -90.514767429491357, 14.644863664184472 ] ], [ [ -90.514767429491357, 14.644863664184472 ], [ -90.514780997420814, 14.644904419303803 ] ], [ [ -90.514767429491357, 14.644863664184472 ], [ -90.514744084488569, 14.644899980470285 ] ] ] } },
{ "type": "Feature", "properties": { "kind": "L1", "value": "21.94953166453846", "building_uid": "760" }, "geometry": { "type": "MultiLineString", "coordinates": [ [ [ -90.514703872514914, 14.644904796733719 ], [ -90.514502225324023, 14.644877026983485 ] ], [ [ -90.514502225324023, 14.644877026983485 ], [ -90.514541187015894, 14.644865466331206 ] ], [ [ -90.514502225324023, 14.644877026983485 ], [ -90.514536365387542, 14.644898654836805 ] ] ] } },
{ "type": "Feature", "properties": { "kind": "L1", "value": "24.232565668201566", "building_uid": "766" }, "geometry": { "type": "MultiLineString", "coordinates": [ [ [ -90.514182318404906, 14.645923896668496 ], [ -90.514214341936878, 14.645707223716286 ] ], [ [ -90.514214341936878, 14.645707223716286 ], [ -90.51422734768083, 14.645749133509392 ] ], [ [ -90.514214341936878, 14.645707223716286 ], [ -90.514189726937559, 14.64574386287793 ] ] ] } },
{ "type": "Feature", "properties": { "kind": "L1", "value": "13.291394327655553", "building_uid": "767" }, "geometry": { "type": "MultiLineString", "coordinates": [ [ [ -90.514162926823914, 14.645653149963183 ], [ -90.514285524549038, 14.64566614346165 ] ], [ [ -90.514285524549038, 14.64566614346165 ], [ -90.514262174269561, 14.645673877205706 ] ], [ [ -90.514285524549038, 14.64566614346165 ], [ -90.51426443031545, 14.645653699283296 ] ] ] } },
{ "type": "Feature", "properties": { "kind": "L1", "value": "33.130587425877856", "building_uid": "768" }, "geometry": { "type": "MultiLineString", "coordinates": [ [ [ -90.514351311495531, 14.645239350469689 ], [ -90.514046418540744, 14.645201235331403 ] ], [ [ -90.514046418540744, 14.645201235331403 ], [ -90.514104992851358, 14.645183053500295 ] ], [ [ -90.514046418540744, 14.645201235331403 ], [ -90.51409837494721, 14.645233234837878 ] ] ] } },
{ "type": "Feature", "properties": { "kind": "L1", "value": "26.103703276674082", "building_uid": "769" }, "geometry": { "type": "MultiLineString", "coordinates": [ [ [ -90.514337543176893, 14.64533311804032 ], [ -90.514097306287496, 14.645303167298927 ] ], [ [ -90.514097306287496, 14.645303167298927 ], [ -90.514143452154315, 14.645288826339717 ] ], [ [ -90.514097306287496, 14.645303167298927 ], [ -90.514138251829635, 14.645328366129419 ] ] ] } },
{ "type": "Feature", "properties": { "kind": "L1", "value": "41.06111028678638", "building_uid": "771" }, "geometry": { "type": "MultiLineString", "coordinates": [ [ [ -90.513780219318463, 14.646266203986219 ], [ -90.513403705506832, 14.646209577976146 ] ], [ [ -90.513403705506832, 14.646209577976146 ], [ -90.513476868954001, 14.64618885769419 ] ], [ [ -90.513403705506832, 14.646209577976146 ], [ -90.51346703697395, 14.646250826581328 ] ] ] } },
{ "type": "Feature", "properties": { "kind": "L1", "value": "42.29972926156532", "building_uid": "772" }, "geometry": { "type": "MultiLineString", "coordinates": [ [ [ -90.513757016150876, 14.646530876747711 ], [ -90.513369247913346, 14.64647189291853 ] ], [ [ -90.513369247913346, 14.64647189291853 ], [ -90.513444656054418, 14.646450673899883 ] ], [ [ -90.513369247913346, 14.64647189291853 ], [ -90.513434414672972, 14.646514495029484 ] ] ] } },
{ "type": "Feature", "properties": { "kind": "L1", "value": "30.53169658317491", "building_uid": "842" }, "geometry": { "type": "MultiLineString", "coordinates": [ [ [ -90.51374868118468, 14.646904524680309 ], [ -90.513785371351617, 14.646631040015459 ] ], [ [ -90.513785371351617, 14.646631040015459 ], [ -90.513802463405412, 14.646683631606152 ] ], [ [ -90.513785371351617, 14.646631040015459 ], [ -90.513754978286997, 14.646677592938845 ] ] ] } },
{ "type": "Feature", "properties": { "kind": "L1", "value": "31.719934556290568", "building_uid": "843" }, "geometry": { "type": "MultiLineString", "coordinates": [ [ [ -90.513906707701381, 14.646618595258683 ], [ -90.513864122671322, 14.646902121489418 ] ], [ [ -90.513864122671322, 14.646902121489418 ], [ -90.513847227378292, 14.646847224640238 ] ], [ [ -90.513864122671322, 14.646902121489418 ], [ -90.513896456048386, 14.646854233528463 ] ] ] } },
{ "type": "Feature", "properties": { "kind": "L1", "value": "21.1159596283799", "building_uid": "844" }, "geometry": { "type": "MultiLineString", "coordinates": [ [ [ -90.513651569914245, 14.646872811947116 ], [ -90.513679547527801, 14.646684016071163 ] ], [ [ -90.513679547527801, 14.646684016071163 ], [ -90.513690866576212, 14.646720539860647 ] ], [ [ -90.513679547527801, 14.646684016071163 ], [ -90.513658085959335, 14.646715935151613 ] ] ] } },
{ "type": "Feature", "properties": { "kind": "L1", "value": "20.88350536575604", "building_uid": "845" }, "geometry": { "type": "MultiLineString", "coordinates": [ [ [ -90.514139455667305, 14.64671137941504 ], [ -90.513947946435209, 14.646682677233736 ] ], [ [ -90.513947946435209, 14.646682677233736 ], [ -90.513985151473776, 14.646672120013646 ] ], [ [ -90.513947946435209, 14.646682677233736 ], [ -90.51398016790823, 14.646703639680172 ] ] ] } },
{ "type": "Feature", "properties": { "kind": "L1", "value": "14.728535037078801", "building_uid": "520" }, "geometry": { "type": "MultiLineString", "coordinates": [ [ [ -90.512366185899765, 14.645280270282372 ], [ -90.512230599042667, 14.645263661235752 ] ], [ [ -90.512230599042667, 14.645263661235752 ], [ -90.512256617631266, 14.645255513925497 ] ], [ [ -90.512230599042667, 14.645263661235752 ], [ -90.512253733818667, 14.645277829720545 ] ] ] } },
{ "type": "Feature", "properties": { "kind": "L1", "value": "24.11179705202144", "building_uid": "914" }, "geometry": { "type": "MultiLineString", "coordinates": [ [ [ -90.515019379369079, 14.646390282151534 ], [ -90.515047202485349, 14.646174159340214 ] ], [ [ -90.515047202485349, 14.646174159340214 ], [ -90.515060921882665, 14.646215623743458 ] ], [ [ -90.515047202485349, 14.646174159340214 ], [ -90.515023396579124, 14.646211044452565 ] ] ] } },
{ "type": "Feature", "properties": { "kind": "L1", "value": "32.91848749303602", "building_uid": "915" }, "geometry": { "type": "MultiLineString", "coordinates": [ [ [ -90.514746778835729, 14.646429154808178 ], [ -90.51479111960154, 14.646134936129302 ] ], [ [ -90.51479111960154, 14.646134936129302 ], [ -90.514808624863264, 14.646191915596834 ] ], [ [ -90.51479111960154, 14.646134936129302 ], [ -90.514757539815633, 14.646184617736012 ] ] ] } },
{ "type": "Feature", "properties": { "kind": "L1", "value": "30.96058543828303", "building_uid": "916" }, "geometry": { "type": "MultiLineString", "coordinates": [ [ [ -90.514651675436639, 14.646116256418376 ], [ -90.514607269183202, 14.64639257683535 ] ], [ [ -90.514607269183202, 14.64639257683535 ], [ -90.514591329637042, 14.646338836241265 ] ], [ [ -90.514607269183202, 14.64639257683535 ], [ -90.514639307048711, 14.646346144893574 ] ] ] } },
{ "type": "Feature", "properties": { "kind": "L1", "value": "26.899030319533715", "building_uid": "918" }, "geometry": { "type": "MultiLineString", "coordinates": [ [ [ -90.51394945782863, 14.646287954929363 ], [ -90.514196352718912, 14.64632349516922 ] ], [ [ -90.514196352718912, 14.64632349516922 ], [ -90.514148514744903, 14.646337370823847 ] ], [ [ -90.514196352718912, 14.64632349516922 ], [ -90.514154685569252, 14.646296735393079 ] ] ] } },
{ "type": "Feature", "properties": { "kind": "L1", "value": "14.002900110360681", "building_uid": "919" }, "geometry": { "type": "MultiLineString", "coordinates": [ [ [ -90.513685759893804, 14.646016482017911 ], [ -90.513814209395335, 14.646035483678057 ] ], [ [ -90.513814209395335, 14.646035483678057 ], [ -90.513789276814592, 14.646042609917462 ] ], [ [ -90.513814209395335, 14.646035483678057 ], [ -90.513792576057455, 14.646021468907609 ] ] ] } },
{ "type": "Feature", "properties": { "kind": "L1", "value": "43.2825559706516", "building_uid": "1267" }, "geometry": { "type": "MultiLineString", "coordinates": [ [ [ -90.514491074041828, 14.644136348629706 ], [ -90.514093231175593, 14.644083081128951 ] ], [ [ -90.514093231175593, 14.644083081128951 ], [ -90.514169969147915, 14.644059996530425 ] ], [ [ -90.514093231175593, 14.644083081128951 ], [ -90.514160720391189, 14.644125476524007 ] ] ] } },
{ "type": "Feature", "properties": { "kind": "L1", "value": "43.2246331599534", "building_uid": "1268" }, "geometry": { "type": "MultiLineString", "coordinates": [ [ [ -90.51450470254693, 14.644028375104289 ], [ -90.514107563851539, 14.643973978030608 ] ], [ [ -90.514107563851539, 14.643973978030608 ], [ -90.514184272244691, 14.643951156112553 ] ], [ [ -90.514107563851539, 14.643973978030608 ], [ -90.514174827367583, 14.644016520241047 ] ] ] } },
{ "type": "Feature", "properties": { "kind": "L1", "value": "26.162809927885277", "building_uid": "1269" }, "geometry": { "type": "MultiLineString", "coordinates": [ [ [ -90.514296965640256, 14.643868006656765 ], [ -90.514536903076092, 14.643903850124364 ] ], [ [ -90.514536903076092, 14.643903850124364 ], [ -90.514490299931126, 14.643917098485376 ] ], [ [ -90.514536903076092, 14.643903850124364 ], [ -90.514496523336064, 14.643877607712634 ] ] ] } },
{ "type": "Feature", "properties": { "kind": "L1", "value": "24.09337049238252", "building_uid": "1271" }, "geometry": { "type": "MultiLineString", "coordinates": [ [ [ -90.513291993589178, 14.643417041024396 ], [ -90.513512707562427, 14.643451563027588 ] ], [ [ -90.513512707562427, 14.643451563027588 ], [ -90.513469703620046, 14.64346346898072 ] ], [ [ -90.513512707562427, 14.643451563027588 ], [ -90.513475697571707, 14.643427142079704 ] ] ] } },
{ "type": "Feature", "properties": { "kind": "L1", "value": "21.18591997484568", "building_uid": "1272" }, "geometry": { "type": "MultiLineString", "coordinates": [ [ [ -90.512294888018687, 14.644088997767343 ], [ -90.512320730574373, 14.643899276292863 ] ], [ [ -90.512320730574373, 14.643899276292863 ], [ -90.512332516770428, 14.643935792185209 ] ], [ [ -90.512320730574373, 14.643899276292863 ], [ -90.512299575865597, 14.643931538821148 ] ] ] } },
{ "type": "Feature", "properties": { "kind": "L1", "value": "23.4513134031835", "building_uid": "1297" }, "geometry": { "type": "MultiLineString", "coordinates": [ [ [ -90.513692267964785, 14.644371932968111 ], [ -90.513664577088647, 14.644582057640916 ] ], [ [ -90.513664577088647, 14.644582057640916 ], [ -90.513651354603326, 14.64454169133074 ] ], [ [ -90.513664577088647, 14.644582057640916 ], [ -90.513687838169929, 14.64454624890106 ] ] ] } },
{ "type": "Feature", "properties": { "kind": "L1", "value": "11.731918305356182", "building_uid": "1300" }, "geometry": { "type": "MultiLineString", "coordinates": [ [ [ -90.515300746741175, 14.644462769479704 ], [ -90.515286598304499, 14.644567850715585 ] ], [ [ -90.515286598304499, 14.644567850715585 ], [ -90.515280040341153, 14.64454763920037 ] ], [ [ -90.515286598304499, 14.644567850715585 ], [ -90.515298285406558, 14.644549967854083 ] ] ] } },
{ "type": "Feature", "properties": { "kind": "L1", "value": "17.609376162668443", "building_uid": "1302" }, "geometry": { "type": "MultiLineString", "coordinates": [ [ [ -90.515179800078769, 14.644387192506569 ], [ -90.515341609573767, 14.644409229179972 ] ], [ [ -90.515341609573767, 14.644409229179972 ], [ -90.515310366639056, 14.644418550687933 ] ], [ [ -90.515341609573767, 14.644409229179972 ], [ -90.515314192818451, 14.644391918884436 ] ] ] } },
{ "type": "Feature", "properties": { "kind": "L1", "value": "41.64409833317248", "building_uid": "1303" }, "geometry": { "type": "MultiLineString", "coordinates": [ [ [ -90.514972193858426, 14.644280184675798 ], [ -90.515355928224338, 14.644324178999739 ] ], [ [ -90.515355928224338, 14.644324178999739 ], [ -90.515282552608952, 14.644347783501837 ] ], [ [ -90.515355928224338, 14.644324178999739 ], [ -90.515290191222164, 14.644284625628488 ] ] ] } },
{ "type": "Feature", "properties": { "kind": "L1", "value": "32.64351290644161", "building_uid": "1405" }, "geometry": { "type": "MultiLineString", "coordinates": [ [ [ -90.512199311271999, 14.646519580917687 ], [ -90.511899502308452, 14.646477707915249 ] ], [ [ -90.511899502308452, 14.646477707915249 ], [ -90.511957481344041, 14.646460625763892 ] ], [ [ -90.511899502308452, 14.646477707915249 ], [ -90.511950210924653, 14.646509970052415 ] ] ] } },
{ "type": "Feature", "properties": { "kind": "L1", "value": "32.81147000862158", "building_uid": "1406" }, "geometry": { "type": "MultiLineString", "coordinates": [ [ [ -90.511916031483537, 14.646310520729379 ], [ -90.512217915292197, 14.646348821474001 ] ], [ [ -90.512217915292197, 14.646348821474001 ], [ -90.512159870287974, 14.646366721963979 ] ], [ [ -90.512217915292197, 14.646348821474001 ], [ -90.512166520411498, 14.646317036134358 ] ] ] } },
{ "type": "Feature", "properties": { "kind": "L1", "value": "18.844250401687372", "building_uid": "1408" }, "geometry": { "type": "MultiLineString", "coordinates": [ [ [ -90.512123285811114, 14.646096165721962 ], [ -90.511950063296169, 14.646073041038232 ] ], [ [ -90.511950063296169, 14.646073041038232 ], [ -90.511983469440722, 14.646062977655179 ] ], [ [ -90.511950063296169, 14.646073041038232 ], [ -90.511979454308374, 14.646091487671917 ] ] ] } },
{ "type": "Feature", "properties": { "kind": "L1", "value": "33.14721660982433", "building_uid": "1409" }, "geometry": { "type": "MultiLineString", "coordinates": [ [ [ -90.511937424873906, 14.646184617842859 ], [ -90.512241772021966, 14.646227727349098 ] ], [ [ -90.512241772021966, 14.646227727349098 ], [ -90.512182863038319, 14.646244958925726 ] ], [ [ -90.512241772021966, 14.646227727349098 ], [ -90.51219034810093, 14.646194867636158 ] ] ] } },
{ "type": "Feature", "properties": { "kind": "L1", "value": "41.93660370555623", "building_uid": "1410" }, "geometry": { "type": "MultiLineString", "coordinates": [ [ [ -90.51373937349797, 14.646650138466141 ], [ -90.5133543676899, 14.646595305500796 ] ], [ [ -90.5133543676899, 14.646595305500796 ], [ -90.513428914755835, 14.646573561435453 ] ], [ [ -90.5133543676899, 14.646595305500796 ], [ -90.513419394082817, 14.646636927873386 ] ] ] } },
{ "type": "Feature", "properties": { "kind": "L1", "value": "18.356893206824026", "building_uid": "1411" }, "geometry": { "type": "MultiLineString", "coordinates": [ [ [ -90.513492848644134, 14.646808690016005 ], [ -90.51332459405225, 14.64678293040587 ] ], [ [ -90.51332459405225, 14.64678293040587 ], [ -90.5133573284607, 14.646773753504137 ] ], [ [ -90.51332459405225, 14.64678293040587 ], [ -90.513352855813366, 14.6468014457788 ] ] ] } },
{ "type": "Feature", "properties": { "kind": "L1", "value": "33.01707332849349", "building_uid": "1412" }, "geometry": { "type": "MultiLineString", "coordinates": [ [ [ -90.514184155705792, 14.646404807414005 ], [ -90.513881672783327, 14.646357600596721 ] ], [ [ -90.513881672783327, 14.646357600596721 ], [ -90.513940599555937, 14.646341265200176 ] ], [ [ -90.513881672783327, 14.646357600596721 ], [ -90.513932403031873, 14.646391049610896 ] ] ] } },
{ "type": "Feature", "properties": { "kind": "L1", "value": "32.70169127913318", "building_uid": "1413" }, "geometry": { "type": "MultiLineString", "coordinates": [ [ [ -90.513873334968935, 14.646437347052229 ], [ -90.514172928701257, 14.646484102654862 ] ], [ [ -90.514172928701257, 14.646484102654862 ], [ -90.5141145647885, 14.646500282131553 ] ], [ [ -90.514172928701257, 14.646484102654862 ], [ -90.514122682931486, 14.646450973245605 ] ] ] } },
{ "type": "Feature", "properties": { "kind": "L1", "value": "33.325458818411796", "building_uid": "1414" }, "geometry": { "type": "MultiLineString", "coordinates": [ [ [ -90.514175736150008, 14.646600236353621 ], [ -90.513870133209053, 14.646554413182393 ] ], [ [ -90.513870133209053, 14.646554413182393 ], [ -90.513929505404008, 14.646537570251942 ] ], [ [ -90.513870133209053, 14.646554413182393 ], [ -90.513921549114229, 14.646587868128069 ] ] ] } },
{ "type": "Feature", "properties": { "kind": "L1", "value": "33.84186860838223", "building_uid": "1426" }, "geometry": { "type": "MultiLineString", "coordinates": [ [ [ -90.512954255157283, 14.644589172600455 ], [ -90.512907116254695, 14.644891417930909 ] ], [ [ -90.512907116254695, 14.644891417930909 ], [ -90.512889421551009, 14.644832753241261 ] ], [ [ -90.512907116254695, 14.644891417930909 ], [ -90.512941899930738, 14.644840511704597 ] ] ] } },
{ "type": "Feature", "properties": { "kind": "L1", "value": "16.794714628609338", "building_uid": "1428" }, "geometry": { "type": "MultiLineString", "coordinates": [ [ [ -90.513242019498776, 14.645283980375382 ], [ -90.513395678954552, 14.645309194824351 ] ], [ [ -90.513395678954552, 14.645309194824351 ], [ -90.513365637423632, 14.64531726957361 ] ], [ [ -90.513395678954552, 14.645309194824351 ], [ -90.513370015372928, 14.645291979268704 ] ] ] } },
{ "type": "Feature", "properties": { "kind": "L1", "value": "21.76525968053125", "building_uid": "1429" }, "geometry": { "type": "MultiLineString", "coordinates": [ [ [ -90.513436246411132, 14.645193224740725 ], [ -90.513237217643592, 14.645159933011735 ] ], [ [ -90.513237217643592, 14.645159933011735 ], [ -90.513276184105308, 14.645149588782415 ] ], [ [ -90.513237217643592, 14.645159933011735 ], [ -90.513270403697021, 14.645182346286129 ] ] ] } },
{ "type": "Feature", "properties": { "kind": "L1", "value": "24.637799756347256", "building_uid": "1430" }, "geometry": { "type": "MultiLineString", "coordinates": [ [ [ -90.512793292325753, 14.64525194565242 ], [ -90.513019551813869, 14.645283692991116 ] ], [ [ -90.513019551813869, 14.645283692991116 ], [ -90.512975783538749, 14.645296558090376 ] ], [ [ -90.513019551813869, 14.645283692991116 ], [ -90.512981295778872, 14.645259318778807 ] ] ] } },
{ "type": "Feature", "properties": { "kind": "L1", "value": "10.577127723292586", "building_uid": "763" }, "geometry": { "type": "MultiLineString", "coordinates": [ [ [ -90.514554542550798, 14.645182852032152 ], [ -90.514457442608204, 14.645168992116565 ] ], [ [ -90.514457442608204, 14.645168992116565 ], [ -90.514476246334169, 14.6451635137055 ] ], [ [ -90.514457442608204, 14.645168992116565 ], [ -90.51447383985294, 14.645179495073114 ] ] ] } },
{ "type": "Feature", "properties": { "kind": "L1", "value": "24.285954885978594", "building_uid": "1431" }, "geometry": { "type": "MultiLineString", "coordinates": [ [ [ -90.512780456204723, 14.645339692595154 ], [ -90.51300369207074, 14.645369551636483 ] ], [ [ -90.51300369207074, 14.645369551636483 ], [ -90.512960635792723, 14.645382510179614 ] ], [ [ -90.51300369207074, 14.645369551636483 ], [ -90.51296582017244, 14.645345768530991 ] ] ] } },
{ "type": "Feature", "properties": { "kind": "L1", "value": "17.550170658175407", "building_uid": "1542" }, "geometry": { "type": "MultiLineString", "coordinates": [ [ [ -90.515005378459094, 14.645063370811908 ], [ -90.515026530525148, 14.644906174627444 ] ], [ [ -90.515026530525148, 14.644906174627444 ], [ -90.515036343342146, 14.644936408928954 ] ], [ [ -90.515026530525148, 14.644906174627444 ], [ -90.515009049602824, 14.644932927576875 ] ] ] } },
{ "type": "Feature", "properties": { "kind": "L1", "value": "20.394110635154835", "building_uid": "1543" }, "geometry": { "type": "MultiLineString", "coordinates": [ [ [ -90.515278421363234, 14.645008586068903 ], [ -90.515091081753283, 14.644982658392342 ] ], [ [ -90.515091081753283, 14.644982658392342 ], [ -90.515127290113838, 14.644971941269489 ] ], [ [ -90.515091081753283, 14.644982658392342 ], [ -90.51512278832098, 14.645002774918568 ] ] ] } },
{ "type": "Feature", "properties": { "kind": "L1", "value": "19.38596203693638", "building_uid": "1544" }, "geometry": { "type": "MultiLineString", "coordinates": [ [ [ -90.51522122735129, 14.645107712598231 ], [ -90.515195279965781, 14.645281003927014 ] ], [ [ -90.515195279965781, 14.645281003927014 ], [ -90.51518493905526, 14.645247457571847 ] ], [ [ -90.515195279965781, 14.645281003927014 ], [ -90.515215027413106, 14.645251728170694 ] ] ] } },
{ "type": "Feature", "properties": { "kind": "L1", "value": "34.191391168236905", "building_uid": "1545" }, "geometry": { "type": "MultiLineString", "coordinates": [ [ [ -90.514902743638956, 14.645287247652956 ], [ -90.515215629814364, 14.645338236397004 ] ], [ [ -90.515215629814364, 14.645338236397004 ], [ -90.515154489015572, 14.645354742580954 ] ], [ [ -90.515215629814364, 14.645338236397004 ], [ -90.515163342109133, 14.645303245673624 ] ] ] } },
{ "type": "Feature", "properties": { "kind": "L1", "value": "13.955459624498898", "building_uid": "1546" }, "geometry": { "type": "MultiLineString", "coordinates": [ [ [ -90.515063312725104, 14.645475109237054 ], [ -90.515191762944497, 14.645491002832975 ] ], [ [ -90.515191762944497, 14.645491002832975 ], [ -90.515167100063024, 14.645498692530518 ] ], [ [ -90.515191762944497, 14.645491002832975 ], [ -90.515169859647642, 14.645477551349595 ] ] ] } },
{ "type": "Feature", "properties": { "kind": "L1", "value": "43.56675819130563", "building_uid": "1549" }, "geometry": { "type": "MultiLineString", "coordinates": [ [ [ -90.513917160945951, 14.645393624579985 ], [ -90.514318647485396, 14.6454393691193 ] ], [ [ -90.514318647485396, 14.6454393691193 ], [ -90.514241902119522, 14.645464117101886 ] ], [ [ -90.514318647485396, 14.6454393691193 ], [ -90.51424984465686, 14.645398037782595 ] ] ] } },
{ "type": "Feature", "properties": { "kind": "L1", "value": "14.195048553572441", "building_uid": "1551" }, "geometry": { "type": "MultiLineString", "coordinates": [ [ [ -90.51390022891961, 14.645887874479939 ], [ -90.513920463511269, 14.645761166025602 ] ], [ [ -90.513920463511269, 14.645761166025602 ], [ -90.513927795903612, 14.645785798565306 ] ], [ [ -90.513920463511269, 14.645761166025602 ], [ -90.513905795617163, 14.645782468229925 ] ] ] } },
{ "type": "Feature", "properties": { "kind": "L1", "value": "13.57230077899817", "building_uid": "1552" }, "geometry": { "type": "MultiLineString", "coordinates": [ [ [ -90.512784276923995, 14.645583614702849 ], [ -90.512768051767267, 14.645705197915627 ] ], [ [ -90.512768051767267, 14.645705197915627 ], [ -90.512760437574485, 14.645681824332378 ] ], [ [ -90.512768051767267, 14.645705197915627 ], [ -90.512781547958909, 14.645684494774169 ] ] ] } },
{ "type": "Feature", "properties": { "kind": "L1", "value": "9.719839505624714", "building_uid": "1553" }, "geometry": { "type": "MultiLineString", "coordinates": [ [ [ -90.512805976360738, 14.64549872369866 ], [ -90.512794131329954, 14.645585767056577 ] ], [ [ -90.512794131329954, 14.645585767056577 ], [ -90.512788721753608, 14.645569014675601 ] ], [ [ -90.512794131329954, 14.645585767056577 ], [ -90.51280383500611, 14.645570964208476 ] ] ] } },
{ "type": "Feature", "properties": { "kind": "L1", "value": "21.709841524236786", "building_uid": "1554" }, "geometry": { "type": "MultiLineString", "coordinates": [ [ [ -90.512768307028438, 14.645431218033945 ], [ -90.512967847976952, 14.645458018915242 ] ], [ [ -90.512967847976952, 14.645458018915242 ], [ -90.512929352168371, 14.645469581841359 ] ], [ [ -90.512967847976952, 14.645458018915242 ], [ -90.512934005567445, 14.645436740074365 ] ] ] } },
{ "type": "Feature", "properties": { "kind": "L1", "value": "29.318423412621648", "building_uid": "1556" }, "geometry": { "type": "MultiLineString", "coordinates": [ [ [ -90.513080220355349, 14.645030365038888 ], [ -90.512811397257266, 14.644989848682336 ] ], [ [ -90.512811397257266, 14.644989848682336 ], [ -90.512863641945529, 14.644975070381745 ] ], [ [ -90.512811397257266, 14.644989848682336 ], [ -90.512856607132619, 14.645019315142367 ] ] ] } },
{ "type": "Feature", "properties": { "kind": "L1", "value": "40.26682844765327", "building_uid": "1557" }, "geometry": { "type": "MultiLineString", "coordinates": [ [ [ -90.513040460153846, 14.644958809206074 ], [ -90.513106363483445, 14.644600763334966 ] ], [ [ -90.513106363483445, 14.644600763334966 ], [ -90.513125501215384, 14.644671086703443 ] ], [ [ -90.513106363483445, 14.644600763334966 ], [ -90.513063334319042, 14.644660239876274 ] ] ] } },
{ "type": "Feature", "properties": { "kind": "L1", "value": "34.70351435377429", "building_uid": "1558" }, "geometry": { "type": "MultiLineString", "coordinates": [ [ [ -90.513297340686677, 14.644634167752583 ], [ -90.513249001915355, 14.644944108659923 ] ], [ [ -90.513249001915355, 14.644944108659923 ], [ -90.513230856610775, 14.644883950317341 ] ], [ [ -90.513249001915355, 14.644944108659923 ], [ -90.513284671174063, 14.644891906262178 ] ] ] } },
{ "type": "Feature", "properties": { "kind": "L1", "value": "34.589598058331916", "building_uid": "1559" }, "geometry": { "type": "MultiLineString", "coordinates": [ [ [ -90.513166063754014, 14.644936502702507 ], [ -90.51321828083033, 14.644628201670306 ] ], [ [ -90.51321828083033, 14.644628201670306 ], [ -90.513235580792724, 14.644688381921911 ] ], [ [ -90.51321828083033, 14.644628201670306 ], [ -90.513182051004364, 14.644679787672521 ] ] ] } },
{ "type": "Feature", "properties": { "kind": "L1", "value": "21.83987671187951", "building_uid": "2593" }, "geometry": { "type": "MultiLineString", "coordinates": [ [ [ -90.515360962185639, 14.643822526022747 ], [ -90.515334623978234, 14.644018142935034 ] ], [ [ -90.515334623978234, 14.644018142935034 ], [ -90.515322415827356, 14.643980517634773 ] ], [ [ -90.515334623978234, 14.644018142935034 ], [ -90.515356380349772, 14.643984852583722 ] ] ] } },
{ "type": "Feature", "properties": { "kind": "L1", "value": "15.92286984176323", "building_uid": "2594" }, "geometry": { "type": "MultiLineString", "coordinates": [ [ [ -90.51533835135632, 14.644165422372447 ], [ -90.515356644033218, 14.644022689991036 ] ], [ [ -90.515356644033218, 14.644022689991036 ], [ -90.51536571943177, 14.64405006725832 ] ], [ [ -90.515356644033218, 14.644022689991036 ], [ -90.515340937122488, 14.644047056511631 ] ] ] } },
{ "type": "Feature", "properties": { "kind": "L1", "value": "13.813618575353553", "building_uid": "2595" }, "geometry": { "type": "MultiLineString", "coordinates": [ [ [ -90.514978557937454, 14.644195586364541 ], [ -90.515105630574354, 14.644211855254813 ] ], [ [ -90.515105630574354, 14.644211855254813 ], [ -90.515081184822961, 14.644219363621804 ] ], [ [ -90.515105630574354, 14.644211855254813 ], [ -90.515084009552936, 14.644198449048888 ] ] ] } },
{ "type": "Feature", "properties": { "kind": "L1", "value": "6.747392268262116", "building_uid": "2596" }, "geometry": { "type": "MultiLineString", "coordinates": [ [ [ -90.515308241995584, 14.644656305310997 ], [ -90.515246399900519, 14.644646822935798 ] ], [ [ -90.515246399900519, 14.644646822935798 ], [ -90.515258432699028, 14.644643452518777 ] ], [ [ -90.515246399900519, 14.644646822935798 ], [ -90.515256786289697, 14.644653630935322 ] ] ] } },
{ "type": "Feature", "properties": { "kind": "L1", "value": "41.208738883302765", "building_uid": "2597" }, "geometry": { "type": "MultiLineString", "coordinates": [ [ [ -90.514169437993502, 14.644657088124688 ], [ -90.51422391345497, 14.6442886269945 ] ], [ [ -90.51422391345497, 14.6442886269945 ], [ -90.514246026763828, 14.644359897814923 ] ], [ [ -90.51422391345497, 14.6442886269945 ], [ -90.514182051576086, 14.644350931854188 ] ] ] } },
{ "type": "Feature", "properties": { "kind": "L1", "value": "17.70577451494672", "building_uid": "2598" }, "geometry": { "type": "MultiLineString", "coordinates": [ [ [ -90.514263875834544, 14.644682116414451 ], [ -90.514292783298004, 14.644524667138677 ] ], [ [ -90.514292783298004, 14.644524667138677 ], [ -90.514301212308382, 14.644555585538782 ] ], [ [ -90.514292783298004, 14.644524667138677 ], [ -90.514273874673165, 14.644550827741474 ] ] ] } },
{ "type": "Feature", "properties": { "kind": "L1", "value": "20.982730784913123", "building_uid": "2599" }, "geometry": { "type": "MultiLineString", "coordinates": [ [ [ -90.514264065388986, 14.644370732129802 ], [ -90.514457037577586, 14.644395810175132 ] ], [ [ -90.514457037577586, 14.644395810175132 ], [ -90.514419882010628, 14.644407144897249 ] ], [ [ -90.514457037577586, 14.644395810175132 ], [ -90.514424236254769, 14.644375384104587 ] ] ] } },
{ "type": "Feature", "properties": { "kind": "L1", "value": "31.729850985834815", "building_uid": "2689" }, "geometry": { "type": "MultiLineString", "coordinates": [ [ [ -90.514801598250131, 14.648330045524308 ], [ -90.514509943424869, 14.648290967621632 ] ], [ [ -90.514509943424869, 14.648290967621632 ], [ -90.514566201801387, 14.648274050053015 ] ], [ [ -90.514509943424869, 14.648290967621632 ], [ -90.514559416638704, 14.648322051884985 ] ] ] } },
{ "type": "Feature", "properties": { "kind": "L1", "value": "32.15190443877447", "building_uid": "2690" }, "geometry": { "type": "MultiLineString", "coordinates": [ [ [ -90.514806317222892, 14.64827033560031 ], [ -90.514511879734954, 14.648223631409811 ] ], [ [ -90.514511879734954, 14.648223631409811 ], [ -90.514569304579155, 14.648207867195993 ] ], [ [ -90.514511879734954, 14.648223631409811 ], [ -90.514561195257201, 14.648256327024491 ] ] ] } },
{ "type": "Feature", "properties": { "kind": "L1", "value": "23.554248601229823", "building_uid": "2691" }, "geometry": { "type": "MultiLineString", "coordinates": [ [ [ -90.514576485575731, 14.648385363125982 ], [ -90.514792991922377, 14.648414371900405 ] ], [ [ -90.514792991922377, 14.648414371900405 ], [ -90.514751229227628, 14.648426930518088 ] ], [ [ -90.514792991922377, 14.648414371900405 ], [ -90.514756266047968, 14.648391296959966 ] ] ] } },
{ "type": "Feature", "properties": { "kind": "L1", "value": "32.54565568836743", "building_uid": "2693" }, "geometry": { "type": "MultiLineString", "coordinates": [ [ [ -90.514838073704368, 14.648194479004863 ], [ -90.51454419882603, 14.648126849077569 ] ], [ [ -90.51454419882603, 14.648126849077569 ], [ -90.514603338363671, 14.648114924183995 ] ], [ [ -90.51454419882603, 14.648126849077569 ], [ -90.514591595687534, 14.648163291433658 ] ] ] } },
{ "type": "Feature", "properties": { "kind": "L1", "value": "33.21907964591617", "building_uid": "2694" }, "geometry": { "type": "MultiLineString", "coordinates": [ [ [ -90.514545654170178, 14.648004045411795 ], [ -90.51484671393996, 14.648068356565187 ] ], [ [ -90.51484671393996, 14.648068356565187 ], [ -90.5147865601635, 14.648081474359881 ] ], [ [ -90.51484671393996, 14.648068356565187 ], [ -90.514797726553994, 14.64803192454432 ] ] ] } },
{ "type": "Feature", "properties": { "kind": "L1", "value": "40.939600360645485", "building_uid": "2695" }, "geometry": { "type": "MultiLineString", "coordinates": [ [ [ -90.514495609465627, 14.647811558484106 ], [ -90.51487103458723, 14.647867875067618 ] ], [ [ -90.51487103458723, 14.647867875067618 ], [ -90.514798095290217, 14.647888561712165 ] ], [ [ -90.51487103458723, 14.647867875067618 ], [ -90.514807873554631, 14.647826772445011 ] ] ] } },
{ "type": "Feature", "properties": { "kind": "L1", "value": "40.708473560818845", "building_uid": "2696" }, "geometry": { "type": "MultiLineString", "coordinates": [ [ [ -90.514508785180169, 14.647698303428154 ], [ -90.514881143981071, 14.647759987769996 ] ], [ [ -90.514881143981071, 14.647759987769996 ], [ -90.514808294487125, 14.647779449126334 ] ], [ [ -90.514881143981071, 14.647759987769996 ], [ -90.514819004755282, 14.647718164497247 ] ] ] } },
{ "type": "Feature", "properties": { "kind": "L1", "value": "32.66824763733843", "building_uid": "2697" }, "geometry": { "type": "MultiLineString", "coordinates": [ [ [ -90.51456169835842, 14.647922059892243 ], [ -90.51486123027378, 14.647967270747166 ] ], [ [ -90.51486123027378, 14.647967270747166 ], [ -90.514803011646592, 14.647983724971178 ] ], [ [ -90.51486123027378, 14.647967270747166 ], [ -90.514810861629172, 14.647934426597425 ] ] ] } },
{ "type": "Feature", "properties": { "kind": "L1", "value": "28.479278412168902", "building_uid": "2698" }, "geometry": { "type": "MultiLineString", "coordinates": [ [ [ -90.514784676292592, 14.647425689925859 ], [ -90.514827909675162, 14.64717188927108 ] ], [ [ -90.514827909675162, 14.64717188927108 ], [ -90.514842106883862, 14.647221451358691 ] ], [ [ -90.514827909675162, 14.64717188927108 ], [ -90.514798039388793, 14.647214335789656 ] ] ] } },
{ "type": "Feature", "properties": { "kind": "L1", "value": "28.480027238139673", "building_uid": "2699" }, "geometry": { "type": "MultiLineString", "coordinates": [ [ [ -90.514767648485105, 14.647154754041649 ], [ -90.514722503012266, 14.64740824578141 ] ], [ [ -90.514722503012266, 14.64740824578141 ], [ -90.514708679220647, 14.647358582334354 ] ], [ [ -90.514722503012266, 14.64740824578141 ], [ -90.514752693104796, 14.647366012615887 ] ] ] } },
{ "type": "Feature", "properties": { "kind": "L1", "value": "12.432295618292228", "building_uid": "2700" }, "geometry": { "type": "MultiLineString", "coordinates": [ [ [ -90.514845609703514, 14.647212632785546 ], [ -90.514959384921056, 14.647231137621288 ] ], [ [ -90.514959384921056, 14.647231137621288 ], [ -90.514937155346686, 14.647237146271005 ] ], [ [ -90.514959384921056, 14.647231137621288 ], [ -90.51494036834481, 14.647218420548668 ] ] ] } },
{ "type": "Feature", "properties": { "kind": "L1", "value": "11.747039812408888", "building_uid": "2701" }, "geometry": { "type": "MultiLineString", "coordinates": [ [ [ -90.51494592913852, 14.64731926351819 ], [ -90.514837957136407, 14.647304767042812 ] ], [ [ -90.514837957136407, 14.647304767042812 ], [ -90.514858786823723, 14.647298509405262 ] ], [ [ -90.514837957136407, 14.647304767042812 ], [ -90.514856269792105, 14.64731627999485 ] ] ] } },
{ "type": "Feature", "properties": { "kind": "L1", "value": "27.469436866131787", "building_uid": "2702" }, "geometry": { "type": "MultiLineString", "coordinates": [ [ [ -90.514919817755811, 14.647507780648086 ], [ -90.514667440464279, 14.647473141163166 ] ], [ [ -90.514667440464279, 14.647473141163166 ], [ -90.514716193999163, 14.64745865122903 ] ], [ [ -90.514667440464279, 14.647473141163166 ], [ -90.514710179511951, 14.647500188749971 ] ] ] } },
{ "type": "Feature", "properties": { "kind": "L1", "value": "12.289305387109783", "building_uid": "2703" }, "geometry": { "type": "MultiLineString", "coordinates": [ [ [ -90.514894571499596, 14.647472704144352 ], [ -90.514910744731935, 14.647362811153478 ] ], [ [ -90.514910744731935, 14.647362811153478 ], [ -90.514917353534571, 14.647384061464315 ] ], [ [ -90.514910744731935, 14.647362811153478 ], [ -90.514898272762636, 14.647381399592296 ] ] ] } },
{ "type": "Feature", "properties": { "kind": "L1", "value": "33.980844445161836", "building_uid": "2704" }, "geometry": { "type": "MultiLineString", "coordinates": [ [ [ -90.514616280448379, 14.647435649136382 ], [ -90.51468456805317, 14.647135969796746 ] ], [ [ -90.51468456805317, 14.647135969796746 ], [ -90.514698206865788, 14.64719590970353 ] ], [ [ -90.51468456805317, 14.647135969796746 ], [ -90.514646173444248, 14.647184670583259 ] ] ] } },
{ "type": "Feature", "properties": { "kind": "L1", "value": "33.56294729771333", "building_uid": "2705" }, "geometry": { "type": "MultiLineString", "coordinates": [ [ [ -90.514513561539403, 14.647426060060385 ], [ -90.514559786384609, 14.647126228185433 ] ], [ [ -90.514559786384609, 14.647126228185433 ], [ -90.514577437563531, 14.647184380138613 ] ], [ [ -90.514559786384609, 14.647126228185433 ], [ -90.514525377660689, 14.647176772220037 ] ] ] } },
{ "type": "Feature", "properties": { "kind": "L1", "value": "16.33827635319913", "building_uid": "2706" }, "geometry": { "type": "MultiLineString", "coordinates": [ [ [ -90.514390893203796, 14.647092742726835 ], [ -90.514365915425927, 14.647238317174562 ] ], [ [ -90.514365915425927, 14.647238317174562 ], [ -90.51435780487094, 14.647209874635692 ] ], [ [ -90.514365915425927, 14.647238317174562 ], [ -90.514383081010308, 14.647213985611966 ] ] ] } },
{ "type": "Feature", "properties": { "kind": "L1", "value": "16.25346840106994", "building_uid": "2708" }, "geometry": { "type": "MultiLineString", "coordinates": [ [ [ -90.514441162091956, 14.647251243881556 ], [ -90.514464401745599, 14.647106172149073 ] ], [ [ -90.514464401745599, 14.647106172149073 ], [ -90.514472783715618, 14.647134380529121 ] ], [ [ -90.514464401745599, 14.647106172149073 ], [ -90.514447594871115, 14.64713055562601 ] ] ] } },
{ "type": "Feature", "properties": { "kind": "L1", "value": "40.70921221158484", "building_uid": "2711" }, "geometry": { "type": "MultiLineString", "coordinates": [ [ [ -90.514529333388438, 14.647593536997487 ], [ -90.514902699175821, 14.647649196033983 ] ], [ [ -90.514902699175821, 14.647649196033983 ], [ -90.51483019024721, 14.647669832429461 ] ], [ [ -90.514902699175821, 14.647649196033983 ], [ -90.514839854331768, 14.647608382035529 ] ] ] } },
{ "type": "Feature", "properties": { "kind": "L1", "value": "19.54102015124629", "building_uid": "2712" }, "geometry": { "type": "MultiLineString", "coordinates": [ [ [ -90.514731690351255, 14.647543176758916 ], [ -90.514911224867419, 14.647567818167321 ] ], [ [ -90.514911224867419, 14.647567818167321 ], [ -90.514876542908752, 14.647578125981019 ] ], [ [ -90.514911224867419, 14.647567818167321 ], [ -90.514880821404319, 14.647548577293076 ] ] ] } },
{ "type": "Feature", "properties": { "kind": "L1", "value": "22.16368127330227", "building_uid": "701" }, "geometry": { "type": "MultiLineString", "coordinates": [ [ [ -90.512036741819117, 14.645931549679926 ], [ -90.512240311083517, 14.645959904492917 ] ], [ [ -90.512240311083517, 14.645959904492917 ], [ -90.512200950186468, 14.645971517216124 ] ], [ [ -90.512240311083517, 14.645959904492917 ], [ -90.512205873404085, 14.645938012519737 ] ] ] } },
{ "type": "Feature", "properties": { "kind": "L1", "value": "25.095756801264454", "building_uid": "2720" }, "geometry": { "type": "MultiLineString", "coordinates": [ [ [ -90.514367521754181, 14.648410981466554 ], [ -90.514400407485496, 14.648186551490047 ] ], [ [ -90.514400407485496, 14.648186551490047 ], [ -90.51441393059244, 14.648229938255431 ] ], [ [ -90.514400407485496, 14.648186551490047 ], [ -90.514374962557014, 14.648224525780082 ] ] ] } },
{ "type": "Feature", "properties": { "kind": "L1", "value": "21.991297544763206", "building_uid": "2728" }, "geometry": { "type": "MultiLineString", "coordinates": [ [ [ -90.515076057891633, 14.646434042783271 ], [ -90.514874107761642, 14.646405660043094 ] ], [ [ -90.514874107761642, 14.646405660043094 ], [ -90.514913177598302, 14.646394185689804 ] ], [ [ -90.514874107761642, 14.646405660043094 ], [ -90.514908249502625, 14.646427423820503 ] ] ] } },
{ "type": "Feature", "properties": { "kind": "L1", "value": "29.17978256910706", "building_uid": "2729" }, "geometry": { "type": "MultiLineString", "coordinates": [ [ [ -90.514812826448363, 14.646528129174854 ], [ -90.515080510076828, 14.646567630986311 ] ], [ [ -90.515080510076828, 14.646567630986311 ], [ -90.515028559976187, 14.646582499306238 ] ], [ [ -90.515080510076828, 14.646567630986311 ], [ -90.515035418651991, 14.646538442390012 ] ] ] } },
{ "type": "Feature", "properties": { "kind": "L1", "value": "54.58221104941755", "building_uid": "2730" }, "geometry": { "type": "MultiLineString", "coordinates": [ [ [ -90.514697463872295, 14.647059735603856 ], [ -90.514778707639223, 14.646573053513869 ] ], [ [ -90.514778707639223, 14.646573053513869 ], [ -90.514806232591084, 14.64666795603722 ] ], [ [ -90.514778707639223, 14.646573053513869 ], [ -90.514721730026778, 14.646654584505745 ] ] ] } },
{ "type": "Feature", "properties": { "kind": "L1", "value": "53.72052805033418", "building_uid": "2731" }, "geometry": { "type": "MultiLineString", "coordinates": [ [ [ -90.514986241424296, 14.646565292266214 ], [ -90.514920035518884, 14.647046276519898 ] ], [ [ -90.514920035518884, 14.647046276519898 ], [ -90.514890279463103, 14.646953644291433 ] ], [ [ -90.514920035518884, 14.647046276519898 ], [ -90.514973792817315, 14.646964540843566 ] ] ] } },
{ "type": "Feature", "properties": { "kind": "L1", "value": "18.725571144261593", "building_uid": "2734" }, "geometry": { "type": "MultiLineString", "coordinates": [ [ [ -90.514222964207292, 14.646916104594585 ], [ -90.514395115358923, 14.646938950951245 ] ], [ [ -90.514395115358923, 14.646938950951245 ], [ -90.514361927564337, 14.646948976583555 ] ], [ [ -90.514395115358923, 14.646938950951245 ], [ -90.514365894373014, 14.646920643004586 ] ] ] } },
{ "type": "Feature", "properties": { "kind": "L1", "value": "35.3536514465036", "building_uid": "2736" }, "geometry": { "type": "MultiLineString", "coordinates": [ [ [ -90.514561816569596, 14.646688202886228 ], [ -90.514512338943192, 14.647003915978329 ] ], [ [ -90.514512338943192, 14.647003915978329 ], [ -90.514493898701531, 14.646942617678734 ] ], [ [ -90.514512338943192, 14.647003915978329 ], [ -90.514548716001528, 14.646950760987336 ] ] ] } },
{ "type": "Feature", "properties": { "kind": "L1", "value": "25.39641296012885", "building_uid": "2738" }, "geometry": { "type": "MultiLineString", "coordinates": [ [ [ -90.514463611522388, 14.646763358088277 ], [ -90.514427832863788, 14.646990116408004 ] ], [ [ -90.514427832863788, 14.646990116408004 ], [ -90.514414632131007, 14.646946069516407 ] ], [ [ -90.514427832863788, 14.646990116408004 ], [ -90.514454004204666, 14.64695195816876 ] ] ] } },
{ "type": "Feature", "properties": { "kind": "L1", "value": "32.488022426695395", "building_uid": "2741" }, "geometry": { "type": "MultiLineString", "coordinates": [ [ [ -90.513847593281653, 14.646268460081021 ], [ -90.513892317454705, 14.645978228155208 ] ], [ [ -90.513892317454705, 14.645978228155208 ], [ -90.513909407091916, 14.646034516532175 ] ], [ [ -90.513892317454705, 14.645978228155208 ], [ -90.51385901429893, 14.646027155562413 ] ] ] } },
{ "type": "Feature", "properties": { "kind": "L1", "value": "13.63726458093446", "building_uid": "2742" }, "geometry": { "type": "MultiLineString", "coordinates": [ [ [ -90.513432645014419, 14.646267910701779 ], [ -90.513414173608609, 14.646389783011426 ] ], [ [ -90.513414173608609, 14.646389783011426 ], [ -90.513406941443378, 14.646366172179791 ] ], [ [ -90.513414173608609, 14.646389783011426 ], [ -90.513428102090302, 14.646369212314173 ] ] ] } },
{ "type": "Feature", "properties": { "kind": "L1", "value": "20.979695004400618", "building_uid": "2745" }, "geometry": { "type": "MultiLineString", "coordinates": [ [ [ -90.51358205363789, 14.646668777193089 ], [ -90.513554257364476, 14.646856354837904 ] ], [ [ -90.513554257364476, 14.646856354837904 ], [ -90.513543011211169, 14.646820066788029 ] ], [ [ -90.513554257364476, 14.646856354837904 ], [ -90.513575580320804, 14.646824641656625 ] ] ] } },
{ "type": "Feature", "properties": { "kind": "L1", "value": "20.61364228909213", "building_uid": "2746" }, "geometry": { "type": "MultiLineString", "coordinates": [ [ [ -90.513343716544554, 14.646689376152219 ], [ -90.513533084536022, 14.646715510601101 ] ], [ [ -90.513533084536022, 14.646715510601101 ], [ -90.513496490536312, 14.646726357067768 ] ], [ [ -90.513533084536022, 14.646715510601101 ], [ -90.51350102825073, 14.646695189814384 ] ] ] } },
{ "type": "Feature", "properties": { "kind": "L1", "value": "21.81981416652741", "building_uid": "2747" }, "geometry": { "type": "MultiLineString", "coordinates": [ [ [ -90.51372935177524, 14.648170214430193 ], [ -90.513929322132569, 14.648200992794193 ] ], [ [ -90.513929322132569, 14.648200992794193 ], [ -90.513890403151223, 14.648211869884792 ] ], [ [ -90.513929322132569, 14.648200992794193 ], [ -90.513895747224069, 14.648178957859338 ] ] ] } },
{ "type": "Feature", "properties": { "kind": "L1", "value": "18.282344275753804", "building_uid": "2748" }, "geometry": { "type": "MultiLineString", "coordinates": [ [ [ -90.513936032476494, 14.648138361090608 ], [ -90.513768481798792, 14.648112572198352 ] ], [ [ -90.513768481798792, 14.648112572198352 ], [ -90.513801091170507, 14.648103458615999 ] ], [ [ -90.513768481798792, 14.648112572198352 ], [ -90.513796613411486, 14.648131034867204 ] ] ] } },
{ "type": "Feature", "properties": { "kind": "L1", "value": "16.620271726952193", "building_uid": "2749" }, "geometry": { "type": "MultiLineString", "coordinates": [ [ [ -90.513915041362267, 14.648287189118586 ], [ -90.513762716423628, 14.648263784279662 ] ], [ [ -90.513762716423628, 14.648263784279662 ], [ -90.513792358982997, 14.648255491527845 ] ], [ [ -90.513762716423628, 14.648263784279662 ], [ -90.513788295167942, 14.648280561840597 ] ] ] } },
{ "type": "Feature", "properties": { "kind": "L1", "value": "19.649659617697207", "building_uid": "2750" }, "geometry": { "type": "MultiLineString", "coordinates": [ [ [ -90.513698595117305, 14.648324356738051 ], [ -90.513726728093587, 14.648148977773296 ] ], [ [ -90.513726728093587, 14.648148977773296 ], [ -90.51373685429428, 14.648183082362355 ] ], [ [ -90.513726728093587, 14.648148977773296 ], [ -90.513706403049198, 14.648178452113775 ] ] ] } },
{ "type": "Feature", "properties": { "kind": "L1", "value": "28.16587054567727", "building_uid": "2751" }, "geometry": { "type": "MultiLineString", "coordinates": [ [ [ -90.513949379345846, 14.648056939236053 ], [ -90.513692102397201, 14.64801227461078 ] ], [ [ -90.513692102397201, 14.64801227461078 ], [ -90.513742614394729, 14.647999198698125 ] ], [ [ -90.513692102397201, 14.64801227461078 ], [ -90.513734859217109, 14.648041542522167 ] ] ] } },
{ "type": "Feature", "properties": { "kind": "L1", "value": "26.80907086439295", "building_uid": "2752" }, "geometry": { "type": "MultiLineString", "coordinates": [ [ [ -90.513723509665112, 14.647913388375127 ], [ -90.513969443739569, 14.647949699756625 ] ], [ [ -90.513969443739569, 14.647949699756625 ], [ -90.5139217129542, 14.647963356412385 ] ], [ [ -90.513969443739569, 14.647949699756625 ], [ -90.513928017719053, 14.64792287942233 ] ] ] } },
{ "type": "Feature", "properties": { "kind": "L1", "value": "20.73200985280871", "building_uid": "2753" }, "geometry": { "type": "MultiLineString", "coordinates": [ [ [ -90.51378752657196, 14.647824965772118 ], [ -90.513977934743167, 14.647851579601019 ] ], [ [ -90.513977934743167, 14.647851579601019 ], [ -90.51394111056932, 14.64786242469178 ] ], [ [ -90.513977934743167, 14.647851579601019 ], [ -90.513945731542606, 14.647831086404116 ] ] ] } },
{ "type": "Feature", "properties": { "kind": "L1", "value": "8.85779374082235", "building_uid": "2755" }, "geometry": { "type": "MultiLineString", "coordinates": [ [ [ -90.513973984138289, 14.647613207455215 ], [ -90.513962601904183, 14.647692453151381 ] ], [ [ -90.513962601904183, 14.647692453151381 ], [ -90.513957785323598, 14.647677152280924 ] ], [ [ -90.513962601904183, 14.647692453151381 ], [ -90.513971544809721, 14.647679025625376 ] ] ] } },
{ "type": "Feature", "properties": { "kind": "L1", "value": "26.54169865155144", "building_uid": "2757" }, "geometry": { "type": "MultiLineString", "coordinates": [ [ [ -90.513798463548454, 14.647382105482945 ], [ -90.514041901642202, 14.647418327525067 ] ], [ [ -90.514041901642202, 14.647418327525067 ], [ -90.513994631045946, 14.647431795023257 ] ], [ [ -90.514041901642202, 14.647418327525067 ], [ -90.514000920283564, 14.64739172873518 ] ] ] } },
{ "type": "Feature", "properties": { "kind": "L1", "value": "33.35931705785153", "building_uid": "2758" }, "geometry": { "type": "MultiLineString", "coordinates": [ [ [ -90.513711639563212, 14.647531743592642 ], [ -90.514017761018792, 14.647576286961328 ] ], [ [ -90.514017761018792, 14.647576286961328 ], [ -90.513958405916583, 14.647593404490461 ] ], [ [ -90.514017761018792, 14.647576286961328 ], [ -90.513966139988, 14.647543021488184 ] ] ] } },
{ "type": "Feature", "properties": { "kind": "L1", "value": "33.27499223234239", "building_uid": "2759" }, "geometry": { "type": "MultiLineString", "coordinates": [ [ [ -90.51402482377317, 14.647491573122174 ], [ -90.513719476234954, 14.647447142376842 ] ], [ [ -90.513719476234954, 14.647447142376842 ], [ -90.513778681268107, 14.647430068174399 ] ], [ [ -90.513719476234954, 14.647447142376842 ], [ -90.513770966713167, 14.647480323807933 ] ] ] } },
{ "type": "Feature", "properties": { "kind": "L1", "value": "23.350834404488374", "building_uid": "2761" }, "geometry": { "type": "MultiLineString", "coordinates": [ [ [ -90.514071024697188, 14.647198896998049 ], [ -90.513856454249776, 14.647169683580932 ] ], [ [ -90.513856454249776, 14.647169683580932 ], [ -90.513897883788786, 14.647157321298724 ] ], [ [ -90.513856454249776, 14.647169683580932 ], [ -90.513892811443839, 14.647192636430084 ] ] ] } },
{ "type": "Feature", "properties": { "kind": "L1", "value": "23.36413834545332", "building_uid": "2762" }, "geometry": { "type": "MultiLineString", "coordinates": [ [ [ -90.514062822695678, 14.647260308998749 ], [ -90.513848078100679, 14.647231442157713 ] ], [ [ -90.513848078100679, 14.647231442157713 ], [ -90.51388950911867, 14.647219002728576 ] ], [ [ -90.513848078100679, 14.647231442157713 ], [ -90.513884496948364, 14.647254346512014 ] ] ] } },
{ "type": "Feature", "properties": { "kind": "L1", "value": "27.900689650622336", "building_uid": "2763" }, "geometry": { "type": "MultiLineString", "coordinates": [ [ [ -90.513793979284983, 14.647303334664072 ], [ -90.514050420328687, 14.647337806550656 ] ], [ [ -90.514050420328687, 14.647337806550656 ], [ -90.514000944739166, 14.647352661340662 ] ], [ [ -90.514050420328687, 14.647337806550656 ], [ -90.514006930092648, 14.647310454944943 ] ] ] } },
{ "type": "Feature", "properties": { "kind": "L1", "value": "20.374364563395126", "building_uid": "764" }, "geometry": { "type": "MultiLineString", "coordinates": [ [ [ -90.514449543262998, 14.645240318599722 ], [ -90.514637068257542, 14.645263572051475 ] ], [ [ -90.514637068257542, 14.645263572051475 ], [ -90.514601058449912, 14.645274789169916 ] ], [ [ -90.514637068257542, 14.645263572051475 ], [ -90.514605095910042, 14.645243925040747 ] ] ] } },
{ "type": "Feature", "properties": { "kind": "L1", "value": "15.443158606153204", "building_uid": "2764" }, "geometry": { "type": "MultiLineString", "coordinates": [ [ [ -90.514080109986011, 14.647117318868988 ], [ -90.513938327712225, 14.647097149838906 ] ], [ [ -90.513938327712225, 14.647097149838906 ], [ -90.513965778363968, 14.64708913807462 ] ], [ [ -90.513938327712225, 14.647097149838906 ], [ -90.513962276405778, 14.647112473354992 ] ] ] } },
{ "type": "Feature", "properties": { "kind": "L1", "value": "14.711249473194586", "building_uid": "2765" }, "geometry": { "type": "MultiLineString", "coordinates": [ [ [ -90.513910395017334, 14.64701449403077 ], [ -90.51389070893832, 14.64714599855305 ] ], [ [ -90.51389070893832, 14.64714599855305 ], [ -90.513882860688369, 14.647120541818063 ] ], [ [ -90.51389070893832, 14.64714599855305 ], [ -90.513905693852578, 14.647123781859472 ] ] ] } },
{ "type": "Feature", "properties": { "kind": "L1", "value": "20.71938936473045", "building_uid": "2767" }, "geometry": { "type": "MultiLineString", "coordinates": [ [ [ -90.513806245216159, 14.647194595619681 ], [ -90.513833987883544, 14.647009386446131 ] ], [ [ -90.513833987883544, 14.647009386446131 ], [ -90.513845038163126, 14.647045240766602 ] ], [ [ -90.513833987883544, 14.647009386446131 ], [ -90.513812880256964, 14.647040674733059 ] ] ] } },
{ "type": "Feature", "properties": { "kind": "L1", "value": "18.869791393634877", "building_uid": "2768" }, "geometry": { "type": "MultiLineString", "coordinates": [ [ [ -90.513722052261343, 14.647165234582666 ], [ -90.513749772510565, 14.64699692462476 ] ], [ [ -90.513749772510565, 14.64699692462476 ], [ -90.513759359744853, 14.647029713922635 ] ], [ [ -90.513749772510565, 14.64699692462476 ], [ -90.513730136054988, 14.647025151578003 ] ] ] } },
{ "type": "Feature", "properties": { "kind": "L1", "value": "18.800185002825298", "building_uid": "2769" }, "geometry": { "type": "MultiLineString", "coordinates": [ [ [ -90.513662527805479, 14.646983198322316 ], [ -90.513636284748301, 14.647151096591291 ] ], [ [ -90.513636284748301, 14.647151096591291 ], [ -90.513626465500693, 14.64711850347746 ] ], [ [ -90.513636284748301, 14.647151096591291 ], [ -90.51365561772019, 14.647122822702505 ] ] ] } },
{ "type": "Feature", "properties": { "kind": "L1", "value": "34.55745772923367", "building_uid": "2770" }, "geometry": { "type": "MultiLineString", "coordinates": [ [ [ -90.513275937947967, 14.647094543979827 ], [ -90.513593323584203, 14.647138891399296 ] ], [ [ -90.513593323584203, 14.647138891399296 ], [ -90.513531943738329, 14.647156971459127 ] ], [ [ -90.513593323584203, 14.647138891399296 ], [ -90.513539643769775, 14.647104734435963 ] ] ] } },
{ "type": "Feature", "properties": { "kind": "L1", "value": "34.680292582738495", "building_uid": "2771" }, "geometry": { "type": "MultiLineString", "coordinates": [ [ [ -90.51360354048262, 14.647023853114989 ], [ -90.51328502676985, 14.646979348673433 ] ], [ [ -90.51328502676985, 14.646979348673433 ], [ -90.513346624713975, 14.646961204297684 ] ], [ [ -90.51328502676985, 14.646979348673433 ], [ -90.513338897377906, 14.647013626999529 ] ] ] } },
{ "type": "Feature", "properties": { "kind": "L1", "value": "53.52553707863032", "building_uid": "2772" }, "geometry": { "type": "MultiLineString", "coordinates": [ [ [ -90.513695037317731, 14.647653660363444 ], [ -90.513204540900659, 14.647577891380283 ] ], [ [ -90.513204540900659, 14.647577891380283 ], [ -90.513300026941494, 14.647551261303928 ] ], [ [ -90.513204540900659, 14.647577891380283 ], [ -90.513286871070193, 14.64763198960962 ] ] ] } },
{ "type": "Feature", "properties": { "kind": "L1", "value": "28.72997158050494", "building_uid": "2773" }, "geometry": { "type": "MultiLineString", "coordinates": [ [ [ -90.513228030453789, 14.647450555082871 ], [ -90.513491574980762, 14.647489534673868 ] ], [ [ -90.513491574980762, 14.647489534673868 ], [ -90.513440420462288, 14.647504156940604 ] ], [ [ -90.513491574980762, 14.647489534673868 ], [ -90.513447188494368, 14.64746078144641 ] ] ] } },
{ "type": "Feature", "properties": { "kind": "L1", "value": "29.203065715943865", "building_uid": "2774" }, "geometry": { "type": "MultiLineString", "coordinates": [ [ [ -90.513483342082182, 14.647382429279586 ], [ -90.513215457919983, 14.647342807823302 ] ], [ [ -90.513215457919983, 14.647342807823302 ], [ -90.513267454762698, 14.647327944819338 ] ], [ [ -90.513215457919983, 14.647342807823302 ], [ -90.513260575255387, 14.647372034564428 ] ] ] } },
{ "type": "Feature", "properties": { "kind": "L1", "value": "10.51215945699308", "building_uid": "2775" }, "geometry": { "type": "MultiLineString", "coordinates": [ [ [ -90.513358624583518, 14.64719364688197 ], [ -90.513262263573296, 14.647178951846659 ] ], [ [ -90.513262263573296, 14.647178951846659 ], [ -90.513281005871377, 14.647173685693538 ] ], [ [ -90.513262263573296, 14.647178951846659 ], [ -90.513278454365761, 14.647189545295372 ] ] ] } },
{ "type": "Feature", "properties": { "kind": "L1", "value": "13.280018432686125", "building_uid": "2776" }, "geometry": { "type": "MultiLineString", "coordinates": [ [ [ -90.513180373592093, 14.648111501890563 ], [ -90.513162444672702, 14.648230189982378 ] ], [ [ -90.513162444672702, 14.648230189982378 ], [ -90.513155390525114, 14.64820720098241 ] ], [ [ -90.513162444672702, 14.648230189982378 ], [ -90.513175998472633, 14.648210151806 ] ] ] } },
{ "type": "Feature", "properties": { "kind": "L1", "value": "28.133303993244823", "building_uid": "2777" }, "geometry": { "type": "MultiLineString", "coordinates": [ [ [ -90.513144003257338, 14.648054376661886 ], [ -90.513402004238642, 14.648092998444085 ] ], [ [ -90.513402004238642, 14.648092998444085 ], [ -90.513351885605857, 14.648107229315258 ] ], [ [ -90.513402004238642, 14.648092998444085 ], [ -90.513358591530775, 14.648064766324376 ] ] ] } },
{ "type": "Feature", "properties": { "kind": "L1", "value": "43.3478943787628", "building_uid": "2778" }, "geometry": { "type": "MultiLineString", "coordinates": [ [ [ -90.51317473054273, 14.647831277567249 ], [ -90.513572869776581, 14.64788678092139 ] ], [ [ -90.513572869776581, 14.64788678092139 ], [ -90.513495883885028, 14.647909484174637 ] ], [ [ -90.513572869776581, 14.64788678092139 ], [ -90.513505520944477, 14.647843956515525 ] ] ] } },
{ "type": "Feature", "properties": { "kind": "L1", "value": "35.70502132116649", "building_uid": "2779" }, "geometry": { "type": "MultiLineString", "coordinates": [ [ [ -90.513190440622168, 14.647716648855619 ], [ -90.513517633899966, 14.647767191465245 ] ], [ [ -90.513517633899966, 14.647767191465245 ], [ -90.513453938455342, 14.647784955596546 ] ], [ [ -90.513517633899966, 14.647767191465245 ], [ -90.513462714183419, 14.647731104534282 ] ] ] } },
{ "type": "Feature", "properties": { "kind": "L1", "value": "43.20782591154946", "building_uid": "2780" }, "geometry": { "type": "MultiLineString", "coordinates": [ [ [ -90.513563513291402, 14.648005980125326 ], [ -90.513167188498045, 14.647947176705365 ] ], [ [ -90.513167188498045, 14.647947176705365 ], [ -90.51324413198644, 14.647925221066224 ] ], [ [ -90.513167188498045, 14.647947176705365 ], [ -90.513233921858259, 14.647990450038483 ] ] ] } },
{ "type": "Feature", "properties": { "kind": "L1", "value": "13.318009178358945", "building_uid": "2781" }, "geometry": { "type": "MultiLineString", "coordinates": [ [ [ -90.513247255368498, 14.648243508962342 ], [ -90.513265234845065, 14.64812448122183 ] ], [ [ -90.513265234845065, 14.64812448122183 ], [ -90.51327230931733, 14.648147535946768 ] ], [ [ -90.513265234845065, 14.64812448122183 ], [ -90.513251642401585, 14.648144576804521 ] ] ] } },
{ "type": "Feature", "properties": { "kind": "L1", "value": "13.512457299657529", "building_uid": "2782" }, "geometry": { "type": "MultiLineString", "coordinates": [ [ [ -90.513351770404228, 14.64813598503593 ], [ -90.513333678473117, 14.648256772030152 ] ], [ [ -90.513333678473117, 14.648256772030152 ], [ -90.513326471654679, 14.648233389165425 ] ], [ [ -90.513333678473117, 14.648256772030152 ], [ -90.513347444039539, 14.648236366817903 ] ] ] } },
{ "type": "Feature", "properties": { "kind": "L1", "value": "21.86537184251166", "building_uid": "2785" }, "geometry": { "type": "MultiLineString", "coordinates": [ [ [ -90.513441393751918, 14.648272240442241 ], [ -90.51347137078622, 14.64807688805366 ] ], [ [ -90.51347137078622, 14.64807688805366 ], [ -90.513482896729741, 14.648114764808799 ] ], [ [ -90.51347137078622, 14.64807688805366 ], [ -90.513448977487485, 14.648109831055999 ] ] ] } },
{ "type": "Feature", "properties": { "kind": "L1", "value": "23.724618625606972", "building_uid": "2786" }, "geometry": { "type": "MultiLineString", "coordinates": [ [ [ -90.51255837994033, 14.648145537557927 ], [ -90.512589122999941, 14.647933322101519 ] ], [ [ -90.512589122999941, 14.647933322101519 ], [ -90.512601974057617, 14.647974318521925 ] ], [ [ -90.512589122999941, 14.647933322101519 ], [ -90.512565126886926, 14.647969258690489 ] ] ] } },
{ "type": "Feature", "properties": { "kind": "L1", "value": "38.812557713686346", "building_uid": "2787" }, "geometry": { "type": "MultiLineString", "coordinates": [ [ [ -90.512697213418932, 14.647181256997934 ], [ -90.512740620541138, 14.646833200792269 ] ], [ [ -90.512740620541138, 14.646833200792269 ], [ -90.51276296903076, 14.646899862088397 ] ], [ [ -90.512740620541138, 14.646833200792269 ], [ -90.512702536001697, 14.646892717917975 ] ] ] } },
{ "type": "Feature", "properties": { "kind": "L1", "value": "26.06413788708841", "building_uid": "2788" }, "geometry": { "type": "MultiLineString", "coordinates": [ [ [ -90.512824828511697, 14.646849134041707 ], [ -90.512791605792913, 14.647082351574529 ] ], [ [ -90.512791605792913, 14.647082351574529 ], [ -90.512777381000888, 14.647037344212206 ] ], [ [ -90.512791605792913, 14.647082351574529 ], [ -90.512817874605602, 14.647042812191714 ] ] ] } },
{ "type": "Feature", "properties": { "kind": "L1", "value": "25.75816955503072", "building_uid": "2789" }, "geometry": { "type": "MultiLineString", "coordinates": [ [ [ -90.512884183539938, 14.647087208829051 ], [ -90.512917017506211, 14.646856729202922 ] ], [ [ -90.512917017506211, 14.646856729202922 ], [ -90.512931075077475, 14.646901208293826 ] ], [ [ -90.512917017506211, 14.646856729202922 ], [ -90.512891056880008, 14.646895804305236 ] ] ] } },
{ "type": "Feature", "properties": { "kind": "L1", "value": "17.68220926053544", "building_uid": "2790" }, "geometry": { "type": "MultiLineString", "coordinates": [ [ [ -90.513172390887419, 14.647082393364162 ], [ -90.513009956267837, 14.64705994879114 ] ], [ [ -90.513009956267837, 14.64705994879114 ], [ -90.513041347946967, 14.647050649958674 ] ], [ [ -90.513009956267837, 14.64705994879114 ], [ -90.513037450884937, 14.64707738431615 ] ] ] } },
{ "type": "Feature", "properties": { "kind": "L1", "value": "34.925093963159554", "building_uid": "2791" }, "geometry": { "type": "MultiLineString", "coordinates": [ [ [ -90.513149839646388, 14.647188474329846 ], [ -90.512829011612141, 14.647144104850012 ] ], [ [ -90.512829011612141, 14.647144104850012 ], [ -90.512891017340053, 14.647125745579704 ] ], [ [ -90.512829011612141, 14.647144104850012 ], [ -90.512883313431203, 14.647178549144856 ] ] ] } },
{ "type": "Feature", "properties": { "kind": "L1", "value": "25.575429500217975", "building_uid": "2850" }, "geometry": { "type": "MultiLineString", "coordinates": [ [ [ -90.512175207585514, 14.647134622907211 ], [ -90.512412240491869, 14.647145552794894 ] ], [ [ -90.512412240491869, 14.647145552794894 ], [ -90.512368326660024, 14.647163077711573 ] ], [ [ -90.512412240491869, 14.647145552794894 ], [ -90.512370224406283, 14.647124065576579 ] ] ] } },
{ "type": "Feature", "properties": { "kind": "L1", "value": "18.339955884111248", "building_uid": "2792" }, "geometry": { "type": "MultiLineString", "coordinates": [ [ [ -90.513033769083734, 14.646928736071798 ], [ -90.513200576292022, 14.646961486069097 ] ], [ [ -90.513200576292022, 14.646961486069097 ], [ -90.513167497362318, 14.646969276782652 ] ], [ [ -90.513200576292022, 14.646961486069097 ], [ -90.513173183742325, 14.646941822741033 ] ] ] } },
{ "type": "Feature", "properties": { "kind": "L1", "value": "36.524590171083666", "building_uid": "2793" }, "geometry": { "type": "MultiLineString", "coordinates": [ [ [ -90.512794173438337, 14.647253258499379 ], [ -90.513129443439112, 14.647301351978021 ] ], [ [ -90.513129443439112, 14.647301351978021 ], [ -90.513064496626967, 14.647320224756733 ] ], [ [ -90.513129443439112, 14.647301351978021 ], [ -90.513072847091294, 14.647265044269751 ] ] ] } },
{ "type": "Feature", "properties": { "kind": "L1", "value": "37.03020935489017", "building_uid": "2794" }, "geometry": { "type": "MultiLineString", "coordinates": [ [ [ -90.513115927676822, 14.647406493713058 ], [ -90.512775359775972, 14.647362289692497 ] ], [ [ -90.512775359775972, 14.647362289692497 ], [ -90.512840929222563, 14.647342276017689 ] ], [ [ -90.512775359775972, 14.647362289692497 ], [ -90.512833254031676, 14.64739832841718 ] ] ] } },
{ "type": "Feature", "properties": { "kind": "L1", "value": "30.33467608547685", "building_uid": "2885" }, "geometry": { "type": "MultiLineString", "coordinates": [ [ [ -90.513378068065265, 14.64554686459871 ], [ -90.513100634927397, 14.645500705958714 ] ], [ [ -90.513100634927397, 14.645500705958714 ], [ -90.513154930124031, 14.645486241892989 ] ], [ [ -90.513100634927397, 14.645500705958714 ], [ -90.513146915629676, 14.645531903644615 ] ] ] } },
{ "type": "Feature", "properties": { "kind": "L1", "value": "37.25561706879657", "building_uid": "2795" }, "geometry": { "type": "MultiLineString", "coordinates": [ [ [ -90.513107483794343, 14.647503277244169 ], [ -90.512765246753247, 14.647455946610938 ] ], [ [ -90.512765246753247, 14.647455946610938 ], [ -90.512831390189419, 14.647436362325758 ] ], [ [ -90.512765246753247, 14.647455946610938 ], [ -90.512823172119582, 14.647492689415833 ] ] ] } },
{ "type": "Feature", "properties": { "kind": "L1", "value": "14.459948151054867", "building_uid": "2796" }, "geometry": { "type": "MultiLineString", "coordinates": [ [ [ -90.512508690514665, 14.648079733355608 ], [ -90.512375839920949, 14.648061490307862 ] ], [ [ -90.512375839920949, 14.648061490307862 ], [ -90.512401504405275, 14.648053864496571 ] ], [ [ -90.512375839920949, 14.648061490307862 ], [ -90.51239833684231, 14.648075729656362 ] ] ] } },
{ "type": "Feature", "properties": { "kind": "L1", "value": "14.157193650502593", "building_uid": "2797" }, "geometry": { "type": "MultiLineString", "coordinates": [ [ [ -90.512522266769963, 14.647981021876859 ], [ -90.512392216058785, 14.647963035110577 ] ], [ [ -90.512392216058785, 14.647963035110577 ], [ -90.512417350782144, 14.647955593248955 ] ], [ [ -90.512392216058785, 14.647963035110577 ], [ -90.512414227719191, 14.647976997601008 ] ] ] } },
{ "type": "Feature", "properties": { "kind": "L1", "value": "27.2615625219188", "building_uid": "2798" }, "geometry": { "type": "MultiLineString", "coordinates": [ [ [ -90.512394170673048, 14.647886284273714 ], [ -90.512644388977705, 14.647922340683667 ] ], [ [ -90.512644388977705, 14.647922340683667 ], [ -90.512595903762033, 14.647936396118657 ] ], [ [ -90.512644388977705, 14.647922340683667 ], [ -90.512602164254645, 14.647895214004574 ] ] ] } },
{ "type": "Feature", "properties": { "kind": "L1", "value": "32.468405059982985", "building_uid": "2800" }, "geometry": { "type": "MultiLineString", "coordinates": [ [ [ -90.513046540525238, 14.647894908365702 ], [ -90.512747507289461, 14.647859349378425 ] ], [ [ -90.512747507289461, 14.647859349378425 ], [ -90.512804797586057, 14.647841186732268 ] ], [ [ -90.512747507289461, 14.647859349378425 ], [ -90.512798623428125, 14.647890403034102 ] ] ] } },
{ "type": "Feature", "properties": { "kind": "L1", "value": "32.35753018931725", "building_uid": "2801" }, "geometry": { "type": "MultiLineString", "coordinates": [ [ [ -90.512752360706756, 14.647917664553193 ], [ -90.51305037293811, 14.647953101547884 ] ], [ [ -90.51305037293811, 14.647953101547884 ], [ -90.512993278295738, 14.647971202339411 ] ], [ [ -90.51305037293811, 14.647953101547884 ], [ -90.512999431233482, 14.64792215408098 ] ] ] } },
{ "type": "Feature", "properties": { "kind": "L1", "value": "17.27265189281016", "building_uid": "2803" }, "geometry": { "type": "MultiLineString", "coordinates": [ [ [ -90.512849481604434, 14.648131349713701 ], [ -90.513008252107497, 14.648152595105568 ] ], [ [ -90.513008252107497, 14.648152595105568 ], [ -90.51297762868775, 14.648161809726343 ] ], [ [ -90.513008252107497, 14.648152595105568 ], [ -90.512981317542426, 14.648135678554487 ] ] ] } },
{ "type": "Feature", "properties": { "kind": "L1", "value": "17.349920837373098", "building_uid": "2804" }, "geometry": { "type": "MultiLineString", "coordinates": [ [ [ -90.512866223651187, 14.648023002295416 ], [ -90.513025740208235, 14.648044087049994 ] ], [ [ -90.513025740208235, 14.648044087049994 ], [ -90.512994995504329, 14.648053392189265 ] ], [ [ -90.513025740208235, 14.648044087049994 ], [ -90.512998656465498, 14.648027138215303 ] ] ] } },
{ "type": "Feature", "properties": { "kind": "L1", "value": "27.84867938400845", "building_uid": "2805" }, "geometry": { "type": "MultiLineString", "coordinates": [ [ [ -90.512682219479316, 14.647766513775325 ], [ -90.512426194060566, 14.647732547417091 ] ], [ [ -90.512426194060566, 14.647732547417091 ], [ -90.512475550426686, 14.647717635283223 ] ], [ [ -90.512426194060566, 14.647732547417091 ], [ -90.512469652807312, 14.647759773180825 ] ] ] } },
{ "type": "Feature", "properties": { "kind": "L1", "value": "24.14999092299129", "building_uid": "2806" }, "geometry": { "type": "MultiLineString", "coordinates": [ [ [ -90.512637010173549, 14.647853377982631 ], [ -90.512415351223936, 14.647821437289229 ] ], [ [ -90.512415351223936, 14.647821437289229 ], [ -90.512458302412767, 14.647808986081936 ] ], [ [ -90.512415351223936, 14.647821437289229 ], [ -90.512452756512616, 14.647845467765956 ] ] ] } },
{ "type": "Feature", "properties": { "kind": "L1", "value": "26.341655224688385", "building_uid": "2807" }, "geometry": { "type": "MultiLineString", "coordinates": [ [ [ -90.512687731519406, 14.647663572652771 ], [ -90.512446021732174, 14.647628308391869 ] ], [ [ -90.512446021732174, 14.647628308391869 ], [ -90.512492895900749, 14.647614809573879 ] ], [ [ -90.512446021732174, 14.647628308391869 ], [ -90.512486772930174, 14.647654591354934 ] ] ] } },
{ "type": "Feature", "properties": { "kind": "L1", "value": "24.60708085519793", "building_uid": "2808" }, "geometry": { "type": "MultiLineString", "coordinates": [ [ [ -90.512599955525147, 14.647037751817162 ], [ -90.512628082997352, 14.646817157538097 ] ], [ [ -90.512628082997352, 14.646817157538097 ], [ -90.512642135473286, 14.646859457485952 ] ], [ [ -90.512628082997352, 14.646817157538097 ], [ -90.512603833676962, 14.646854828116266 ] ] ] } },
{ "type": "Feature", "properties": { "kind": "L1", "value": "13.444679309245478", "building_uid": "2809" }, "geometry": { "type": "MultiLineString", "coordinates": [ [ [ -90.51251994287432, 14.64705874869923 ], [ -90.512643737502458, 14.647073710840909 ] ], [ [ -90.512643737502458, 14.647073710840909 ], [ -90.512619999354996, 14.647081186176546 ] ], [ [ -90.512643737502458, 14.647073710840909 ], [ -90.512622597231442, 14.647060811392436 ] ] ] } },
{ "type": "Feature", "properties": { "kind": "L1", "value": "16.612531133101907", "building_uid": "2810" }, "geometry": { "type": "MultiLineString", "coordinates": [ [ [ -90.512510302446074, 14.647126949398244 ], [ -90.512663296286291, 14.647145195972765 ] ], [ [ -90.512663296286291, 14.647145195972765 ], [ -90.512633980305083, 14.647154478847037 ] ], [ [ -90.512663296286291, 14.647145195972765 ], [ -90.5126371484575, 14.647129298307778 ] ] ] } },
{ "type": "Feature", "properties": { "kind": "L1", "value": "16.605807996779514", "building_uid": "2811" }, "geometry": { "type": "MultiLineString", "coordinates": [ [ [ -90.51265964209604, 14.647200660936717 ], [ -90.512506894656369, 14.647181010642514 ] ], [ [ -90.512506894656369, 14.647181010642514 ], [ -90.512536287837804, 14.647172002504604 ] ], [ [ -90.512506894656369, 14.647181010642514 ], [ -90.51253287594578, 14.647197142480517 ] ] ] } },
{ "type": "Feature", "properties": { "kind": "L1", "value": "32.30822406441025", "building_uid": "2812" }, "geometry": { "type": "MultiLineString", "coordinates": [ [ [ -90.512783024578368, 14.647364946433898 ], [ -90.512488992269198, 14.647308125278839 ] ], [ [ -90.512488992269198, 14.647308125278839 ], [ -90.512547221957192, 14.647294228122981 ] ], [ [ -90.512488992269198, 14.647308125278839 ], [ -90.512537356056967, 14.647342621468216 ] ] ] } },
{ "type": "Feature", "properties": { "kind": "L1", "value": "32.484343500187926", "building_uid": "2813" }, "geometry": { "type": "MultiLineString", "coordinates": [ [ [ -90.512493391997396, 14.647233314862209 ], [ -90.512792197281712, 14.64727175427436 ] ], [ [ -90.512792197281712, 14.64727175427436 ], [ -90.512734698242923, 14.647289376182927 ] ], [ [ -90.512792197281712, 14.64727175427436 ], [ -90.512741372472135, 14.647240197244772 ] ] ] } },
{ "type": "Feature", "properties": { "kind": "L1", "value": "18.325019700441857", "building_uid": "2814" }, "geometry": { "type": "MultiLineString", "coordinates": [ [ [ -90.512454708833801, 14.647548078661002 ], [ -90.512622813322182, 14.647572901199533 ] ], [ [ -90.512622813322182, 14.647572901199533 ], [ -90.512590187463175, 14.647582235574157 ] ], [ [ -90.512622813322182, 14.647572901199533 ], [ -90.512594497409495, 14.647554568098021 ] ] ] } },
{ "type": "Feature", "properties": { "kind": "L1", "value": "8.73162913100922", "building_uid": "2815" }, "geometry": { "type": "MultiLineString", "coordinates": [ [ [ -90.512544929198455, 14.647491630728968 ], [ -90.512465305073363, 14.647477074965133 ] ], [ [ -90.512465305073363, 14.647477074965133 ], [ -90.512481001528457, 14.64747316089781 ] ], [ [ -90.512465305073363, 14.647477074965133 ], [ -90.512478474201799, 14.647486265837086 ] ] ] } },
{ "type": "Feature", "properties": { "kind": "L1", "value": "31.84129590985557", "building_uid": "2816" }, "geometry": { "type": "MultiLineString", "coordinates": [ [ [ -90.512760272533839, 14.647440905135836 ], [ -90.512470139067375, 14.647386652746048 ] ], [ [ -90.512470139067375, 14.647386652746048 ], [ -90.512527439039417, 14.647372610825354 ] ], [ [ -90.512470139067375, 14.647386652746048 ], [ -90.51251801915204, 14.647420362462237 ] ] ] } },
{ "type": "Feature", "properties": { "kind": "L1", "value": "40.26104283875865", "building_uid": "2818" }, "geometry": { "type": "MultiLineString", "coordinates": [ [ [ -90.513081450753788, 14.647659675230919 ], [ -90.512712376577284, 14.647603491732266 ] ], [ [ -90.512712376577284, 14.647603491732266 ], [ -90.512784153119554, 14.647583303663479 ] ], [ [ -90.512712376577284, 14.647603491732266 ], [ -90.512774397911031, 14.647644047700263 ] ] ] } },
{ "type": "Feature", "properties": { "kind": "L1", "value": "11.396967973156563", "building_uid": "2819" }, "geometry": { "type": "MultiLineString", "coordinates": [ [ [ -90.51295702010259, 14.647778163558941 ], [ -90.513061496563424, 14.647794067588638 ] ], [ [ -90.513061496563424, 14.647794067588638 ], [ -90.513041178282208, 14.647799782422364 ] ], [ [ -90.513061496563424, 14.647794067588638 ], [ -90.513043939709092, 14.647782587183119 ] ] ] } },
{ "type": "Feature", "properties": { "kind": "L1", "value": "25.942697717916804", "building_uid": "2820" }, "geometry": { "type": "MultiLineString", "coordinates": [ [ [ -90.51193234936936, 14.648064000766547 ], [ -90.511966763859675, 14.647832055608605 ] ], [ [ -90.511966763859675, 14.647832055608605 ], [ -90.51198066226398, 14.647876930396954 ] ], [ [ -90.511966763859675, 14.647832055608605 ], [ -90.511940389424595, 14.647871266302792 ] ] ] } },
{ "type": "Feature", "properties": { "kind": "L1", "value": "25.282494708616785", "building_uid": "2821" }, "geometry": { "type": "MultiLineString", "coordinates": [ [ [ -90.511668321834833, 14.647960913590842 ], [ -90.511900028139664, 14.647996561816392 ] ], [ [ -90.511900028139664, 14.647996561816392 ], [ -90.511854933873551, 14.648009167833788 ] ], [ [ -90.511900028139664, 14.647996561816392 ], [ -90.511861123496928, 14.647971032525641 ] ] ] } },
{ "type": "Feature", "properties": { "kind": "L1", "value": "14.700811125476648", "building_uid": "2851" }, "geometry": { "type": "MultiLineString", "coordinates": [ [ [ -90.51226571318854, 14.647212806610325 ], [ -90.512401824130009, 14.647221444555131 ] ], [ [ -90.512401824130009, 14.647221444555131 ], [ -90.512376402544433, 14.647231079760223 ] ], [ [ -90.512401824130009, 14.647221444555131 ], [ -90.512377902349414, 14.647208677906939 ] ] ] } },
{ "type": "Feature", "properties": { "kind": "L1", "value": "25.53836905659402", "building_uid": "2822" }, "geometry": { "type": "MultiLineString", "coordinates": [ [ [ -90.51168135629689, 14.647854471994231 ], [ -90.511915933207106, 14.647887077554351 ] ], [ [ -90.511915933207106, 14.647887077554351 ], [ -90.511870582763009, 14.647900471328914 ] ], [ [ -90.511915933207106, 14.647887077554351 ], [ -90.511876244082259, 14.647861863543975 ] ] ] } },
{ "type": "Feature", "properties": { "kind": "L1", "value": "13.635948079355481", "building_uid": "2824" }, "geometry": { "type": "MultiLineString", "coordinates": [ [ [ -90.512060322445947, 14.648019152049256 ], [ -90.512185234350611, 14.648038729269159 ] ], [ [ -90.512185234350611, 14.648038729269159 ], [ -90.512160893017338, 14.648045459966589 ] ], [ [ -90.512185234350611, 14.648038729269159 ], [ -90.512164292225961, 14.648024901386398 ] ] ] } },
{ "type": "Feature", "properties": { "kind": "L1", "value": "13.041230082925821", "building_uid": "2825" }, "geometry": { "type": "MultiLineString", "coordinates": [ [ [ -90.512244548856572, 14.647987964082649 ], [ -90.512225317851218, 14.648104274370249 ] ], [ [ -90.512225317851218, 14.648104274370249 ], [ -90.512218706158066, 14.648081609222297 ] ], [ [ -90.512225317851218, 14.648104274370249 ], [ -90.512238901233033, 14.648084774350908 ] ] ] } },
{ "type": "Feature", "properties": { "kind": "L1", "value": "25.96414790858684", "building_uid": "2826" }, "geometry": { "type": "MultiLineString", "coordinates": [ [ [ -90.512109470548864, 14.647587635974865 ], [ -90.512347346783713, 14.647624715943325 ] ], [ [ -90.512347346783713, 14.647624715943325 ], [ -90.512301009854326, 14.647637570213368 ] ], [ [ -90.512347346783713, 14.647624715943325 ], [ -90.512307448060895, 14.647598419361756 ] ] ] } },
{ "type": "Feature", "properties": { "kind": "L1", "value": "30.730919938932573", "building_uid": "2827" }, "geometry": { "type": "MultiLineString", "coordinates": [ [ [ -90.512042601996583, 14.64776563156108 ], [ -90.512323180520156, 14.647815056681722 ] ], [ [ -90.512323180520156, 14.647815056681722 ], [ -90.512268031552949, 14.647829187315049 ] ], [ [ -90.512323180520156, 14.647815056681722 ], [ -90.51227661325899, 14.647783008346829 ] ] ] } },
{ "type": "Feature", "properties": { "kind": "L1", "value": "16.34604900567687", "building_uid": "2889" }, "geometry": { "type": "MultiLineString", "coordinates": [ [ [ -90.513358274923576, 14.645675028742678 ], [ -90.513208273881574, 14.645653222256902 ] ], [ [ -90.513208273881574, 14.645653222256902 ], [ -90.513237356423176, 14.645644830874595 ] ], [ [ -90.513208273881574, 14.645653222256902 ], [ -90.513233570177874, 14.645669519007978 ] ] ] } },
{ "type": "Feature", "properties": { "kind": "L1", "value": "37.21015213691758", "building_uid": "2829" }, "geometry": { "type": "MultiLineString", "coordinates": [ [ [ -90.51204199635481, 14.647810333045339 ], [ -90.511700125243166, 14.647763414568711 ] ], [ [ -90.511700125243166, 14.647763414568711 ], [ -90.511766166574787, 14.64774378572848 ] ], [ [ -90.511700125243166, 14.647763414568711 ], [ -90.511758020056405, 14.647800052512226 ] ] ] } },
{ "type": "Feature", "properties": { "kind": "L1", "value": "37.01048613832648", "building_uid": "2830" }, "geometry": { "type": "MultiLineString", "coordinates": [ [ [ -90.512046387877277, 14.647748207384327 ], [ -90.511705728755587, 14.647706063648235 ] ], [ [ -90.511705728755587, 14.647706063648235 ], [ -90.511771135879258, 14.647685669060648 ] ], [ [ -90.511705728755587, 14.647706063648235 ], [ -90.51176381840483, 14.647741736385139 ] ] ] } },
{ "type": "Feature", "properties": { "kind": "L1", "value": "24.686427200215086", "building_uid": "2832" }, "geometry": { "type": "MultiLineString", "coordinates": [ [ [ -90.512079793099034, 14.647909111999477 ], [ -90.512306524992354, 14.647940764721483 ] ], [ [ -90.512306524992354, 14.647940764721483 ], [ -90.51226267926873, 14.647953685618019 ] ], [ [ -90.512306524992354, 14.647940764721483 ], [ -90.512268175148066, 14.647916369012771 ] ] ] } },
{ "type": "Feature", "properties": { "kind": "L1", "value": "25.714142697582165", "building_uid": "2833" }, "geometry": { "type": "MultiLineString", "coordinates": [ [ [ -90.512096380530878, 14.647678144083464 ], [ -90.512331888730685, 14.647715336140799 ] ], [ [ -90.512331888730685, 14.647715336140799 ], [ -90.512285971302617, 14.647727975213485 ] ], [ [ -90.512331888730685, 14.647715336140799 ], [ -90.51229242897422, 14.647689214121062 ] ] ] } },
{ "type": "Feature", "properties": { "kind": "L1", "value": "25.252726276607323", "building_uid": "2834" }, "geometry": { "type": "MultiLineString", "coordinates": [ [ [ -90.51235929796691, 14.647559680685799 ], [ -90.512127028719419, 14.647529675947116 ] ], [ [ -90.512127028719419, 14.647529675947116 ], [ -90.512171735073522, 14.64751600065471 ] ], [ [ -90.512127028719419, 14.647529675947116 ], [ -90.512166525320666, 14.647554228683715 ] ] ] } },
{ "type": "Feature", "properties": { "kind": "L1", "value": "29.99023148650039", "building_uid": "2835" }, "geometry": { "type": "MultiLineString", "coordinates": [ [ [ -90.512144066166726, 14.646739418712318 ], [ -90.512100700714683, 14.647007024636034 ] ], [ [ -90.512100700714683, 14.647007024636034 ], [ -90.512085328991503, 14.646954949305536 ] ], [ [ -90.512100700714683, 14.647007024636034 ], [ -90.512131793441185, 14.646962086635803 ] ] ] } },
{ "type": "Feature", "properties": { "kind": "L1", "value": "14.282316521136314", "building_uid": "2836" }, "geometry": { "type": "MultiLineString", "coordinates": [ [ [ -90.512322422040725, 14.646807839662049 ], [ -90.512453319512076, 14.6468279465035 ] ], [ [ -90.512453319512076, 14.6468279465035 ], [ -90.512427847256035, 14.646835073827798 ] ], [ [ -90.512453319512076, 14.6468279465035 ], [ -90.512431338403502, 14.646813529994743 ] ] ] } },
{ "type": "Feature", "properties": { "kind": "L1", "value": "14.063645494611137", "building_uid": "2837" }, "geometry": { "type": "MultiLineString", "coordinates": [ [ [ -90.512311251847137, 14.646909838849707 ], [ -90.512440659874187, 14.646926148285397 ] ], [ [ -90.512440659874187, 14.646926148285397 ], [ -90.512415787268679, 14.646933841357825 ] ], [ [ -90.512440659874187, 14.646926148285397 ], [ -90.512418619073841, 14.646912542675757 ] ] ] } },
{ "type": "Feature", "properties": { "kind": "L1", "value": "23.47214011951203", "building_uid": "2838" }, "geometry": { "type": "MultiLineString", "coordinates": [ [ [ -90.512237047459209, 14.646979489293575 ], [ -90.512271528280266, 14.646770128643386 ] ], [ [ -90.512271528280266, 14.646770128643386 ], [ -90.512283453886894, 14.646810915201572 ] ], [ [ -90.512271528280266, 14.646770128643386 ], [ -90.512247102594188, 14.64680524016168 ] ] ] } },
{ "type": "Feature", "properties": { "kind": "L1", "value": "13.990370770106765", "building_uid": "2839" }, "geometry": { "type": "MultiLineString", "coordinates": [ [ [ -90.51229559933158, 14.647008907846313 ], [ -90.512424378064225, 14.6470247909999 ] ], [ [ -90.512424378064225, 14.6470247909999 ], [ -90.512399656532722, 14.647032509549632 ] ], [ [ -90.512424378064225, 14.6470247909999 ], [ -90.512402414323759, 14.647011314449978 ] ] ] } },
{ "type": "Feature", "properties": { "kind": "L1", "value": "22.5273423723285", "building_uid": "2840" }, "geometry": { "type": "MultiLineString", "coordinates": [ [ [ -90.512045321969509, 14.646728951493134 ], [ -90.512017151913824, 14.646930595071275 ] ], [ [ -90.512017151913824, 14.646930595071275 ], [ -90.512004752373599, 14.646891726649393 ] ], [ [ -90.512017151913824, 14.646930595071275 ], [ -90.51203976376307, 14.646896363036047 ] ] ] } },
{ "type": "Feature", "properties": { "kind": "L1", "value": "16.111589212352637", "building_uid": "2841" }, "geometry": { "type": "MultiLineString", "coordinates": [ [ [ -90.511832316445776, 14.646756385854493 ], [ -90.511980305069343, 14.646776956000107 ] ], [ [ -90.511980305069343, 14.646776956000107 ], [ -90.511951694623107, 14.646785405827984 ] ], [ [ -90.511980305069343, 14.646776956000107 ], [ -90.511955266212127, 14.646761049032269 ] ] ] } },
{ "type": "Feature", "properties": { "kind": "L1", "value": "12.59084622731974", "building_uid": "2842" }, "geometry": { "type": "MultiLineString", "coordinates": [ [ [ -90.511826641169208, 14.646871925001626 ], [ -90.511942573969279, 14.646885935595877 ] ], [ [ -90.511942573969279, 14.646885935595877 ], [ -90.511920343478806, 14.646892936447202 ] ], [ [ -90.511942573969279, 14.646885935595877 ], [ -90.511922776136188, 14.646873855588497 ] ] ] } },
{ "type": "Feature", "properties": { "kind": "L1", "value": "25.772775178184105", "building_uid": "2843" }, "geometry": { "type": "MultiLineString", "coordinates": [ [ [ -90.511821802426823, 14.646953313452835 ], [ -90.512058320974944, 14.646987623201509 ] ], [ [ -90.512058320974944, 14.646987623201509 ], [ -90.512012470648742, 14.647000867935441 ] ], [ [ -90.512058320974944, 14.646987623201509 ], [ -90.512018427842818, 14.646961940424507 ] ] ] } },
{ "type": "Feature", "properties": { "kind": "L1", "value": "36.31280290050922", "building_uid": "2844" }, "geometry": { "type": "MultiLineString", "coordinates": [ [ [ -90.511809431847567, 14.647016696491232 ], [ -90.512141879346601, 14.647069990395034 ] ], [ [ -90.512141879346601, 14.647069990395034 ], [ -90.512076992673244, 14.647087688294505 ] ], [ [ -90.512141879346601, 14.647069990395034 ], [ -90.512086246080116, 14.647032972290111 ] ] ] } },
{ "type": "Feature", "properties": { "kind": "L1", "value": "22.222162170389787", "building_uid": "2845" }, "geometry": { "type": "MultiLineString", "coordinates": [ [ [ -90.511982790172269, 14.647247374688259 ], [ -90.51178002747443, 14.647210947777186 ] ], [ [ -90.51178002747443, 14.647210947777186 ], [ -90.511819942962447, 14.647200864716732 ] ], [ [ -90.51178002747443, 14.647210947777186 ], [ -90.511813618136344, 14.647234236459482 ] ] ] } },
{ "type": "Feature", "properties": { "kind": "L1", "value": "20.910232292107025", "building_uid": "2846" }, "geometry": { "type": "MultiLineString", "coordinates": [ [ [ -90.511793213921763, 14.647108682788815 ], [ -90.51198442462109, 14.647140671787685 ] ], [ [ -90.51198442462109, 14.647140671787685 ], [ -90.511946988340483, 14.647150608660683 ] ], [ [ -90.51198442462109, 14.647140671787685 ], [ -90.511952542590805, 14.647119138185133 ] ] ] } },
{ "type": "Feature", "properties": { "kind": "L1", "value": "32.03360371622498", "building_uid": "2847" }, "geometry": { "type": "MultiLineString", "coordinates": [ [ [ -90.512042141474282, 14.64735474103645 ], [ -90.511749995871682, 14.647301496541026 ] ], [ [ -90.511749995871682, 14.647301496541026 ], [ -90.511807573064459, 14.647287106334915 ] ], [ [ -90.511749995871682, 14.647301496541026 ], [ -90.511798328181627, 14.647335189158431 ] ] ] } },
{ "type": "Feature", "properties": { "kind": "L1", "value": "42.111074164617605", "building_uid": "2848" }, "geometry": { "type": "MultiLineString", "coordinates": [ [ [ -90.512138861218105, 14.647576274273829 ], [ -90.511756367411181, 14.647498610666471 ] ], [ [ -90.511756367411181, 14.647498610666471 ], [ -90.511832441210203, 14.647481211770881 ] ], [ [ -90.511756367411181, 14.647498610666471 ], [ -90.511818956400916, 14.647544164501564 ] ] ] } },
{ "type": "Feature", "properties": { "kind": "L1", "value": "25.722753510246235", "building_uid": "2849" }, "geometry": { "type": "MultiLineString", "coordinates": [ [ [ -90.511747085324316, 14.647446137126503 ], [ -90.511982370978956, 14.647485105958856 ] ], [ [ -90.511982370978956, 14.647485105958856 ], [ -90.511936339641693, 14.647497404677392 ] ], [ [ -90.511982370978956, 14.647485105958856 ], [ -90.511943105808896, 14.647458680171111 ] ] ] } },
{ "type": "Feature", "properties": { "kind": "L1", "value": "21.023822048237307", "building_uid": "2853" }, "geometry": { "type": "MultiLineString", "coordinates": [ [ [ -90.512367244060471, 14.647488052020906 ], [ -90.512173224648535, 14.64746839252965 ] ], [ [ -90.512173224648535, 14.64746839252965 ], [ -90.512210099652947, 14.647455989705641 ] ], [ [ -90.512173224648535, 14.64746839252965 ], [ -90.512206686156148, 14.64748792239684 ] ] ] } },
{ "type": "Feature", "properties": { "kind": "L1", "value": "35.90208055772543", "building_uid": "2854" }, "geometry": { "type": "MultiLineString", "coordinates": [ [ [ -90.512044569921244, 14.647376383783056 ], [ -90.512376929904903, 14.647398186649887 ] ], [ [ -90.512376929904903, 14.647398186649887 ], [ -90.512314792997188, 14.647421585418417 ] ], [ [ -90.512376929904903, 14.647398186649887 ], [ -90.512318578613659, 14.647366883907042 ] ] ] } },
{ "type": "Feature", "properties": { "kind": "L1", "value": "29.000583947407403", "building_uid": "2855" }, "geometry": { "type": "MultiLineString", "coordinates": [ [ [ -90.511756780880916, 14.647378200035904 ], [ -90.512021265407796, 14.647426403757864 ] ], [ [ -90.512021265407796, 14.647426403757864 ], [ -90.511969139707489, 14.647439431406193 ] ], [ [ -90.512021265407796, 14.647426403757864 ], [ -90.511977509328091, 14.647395901187876 ] ] ] } },
{ "type": "Feature", "properties": { "kind": "L1", "value": "18.664185203144715", "building_uid": "2856" }, "geometry": { "type": "MultiLineString", "coordinates": [ [ [ -90.511713909387638, 14.647642495421403 ], [ -90.511885344813251, 14.647666324897999 ] ], [ [ -90.511885344813251, 14.647666324897999 ], [ -90.511852201395584, 14.64767611338196 ] ], [ [ -90.511885344813251, 14.647666324897999 ], [ -90.511856338917468, 14.647647897695794 ] ] ] } },
{ "type": "Feature", "properties": { "kind": "L1", "value": "29.700779257346717", "building_uid": "750" }, "geometry": { "type": "MultiLineString", "coordinates": [ [ [ -90.514755962465813, 14.643201567465722 ], [ -90.515028981577586, 14.643237994724679 ] ], [ [ -90.515028981577586, 14.643237994724679 ], [ -90.514976331325158, 14.643253859761323 ] ], [ [ -90.515028981577586, 14.643237994724679 ], [ -90.514982656069037, 14.643208924009981 ] ] ] } },
{ "type": "Feature", "properties": { "kind": "L1", "value": "18.884979573931044", "building_uid": "2858" }, "geometry": { "type": "MultiLineString", "coordinates": [ [ [ -90.512133612816626, 14.646012764369058 ], [ -90.511959870358112, 14.645990648253029 ] ], [ [ -90.511959870358112, 14.645990648253029 ], [ -90.511993283189312, 14.645980359262261 ] ], [ [ -90.511959870358112, 14.645990648253029 ], [ -90.511989443175423, 14.646008954865463 ] ] ] } },
{ "type": "Feature", "properties": { "kind": "L1", "value": "20.558198187169126", "building_uid": "2859" }, "geometry": { "type": "MultiLineString", "coordinates": [ [ [ -90.512716053901755, 14.646649861209651 ], [ -90.51252769285307, 14.646620583098203 ] ], [ [ -90.51252769285307, 14.646620583098203 ], [ -90.512564377245539, 14.646610389340163 ] ], [ [ -90.51252769285307, 14.646620583098203 ], [ -90.51255929368304, 14.646641390869801 ] ] ] } },
{ "type": "Feature", "properties": { "kind": "L1", "value": "48.250239529478776", "building_uid": "2860" }, "geometry": { "type": "MultiLineString", "coordinates": [ [ [ -90.512460048331079, 14.646673211840172 ], [ -90.512528026554776, 14.646242398385397 ] ], [ [ -90.512528026554776, 14.646242398385397 ], [ -90.512553105737368, 14.64632608242478 ] ], [ [ -90.512528026554776, 14.646242398385397 ], [ -90.512478303757376, 14.646314894187119 ] ] ] } },
{ "type": "Feature", "properties": { "kind": "L1", "value": "12.571091446738777", "building_uid": "2863" }, "geometry": { "type": "MultiLineString", "coordinates": [ [ [ -90.514764491659008, 14.64597218599082 ], [ -90.514649498124982, 14.645953178505682 ] ], [ [ -90.514649498124982, 14.645953178505682 ], [ -90.514671992159705, 14.645947160662333 ] ], [ [ -90.514649498124982, 14.645953178505682 ], [ -90.514668691899885, 14.645966087009695 ] ] ] } },
{ "type": "Feature", "properties": { "kind": "L1", "value": "9.447664439664297", "building_uid": "2864" }, "geometry": { "type": "MultiLineString", "coordinates": [ [ [ -90.514561488323267, 14.645950553612028 ], [ -90.514648059754251, 14.645963954012736 ] ], [ [ -90.514648059754251, 14.645963954012736 ], [ -90.514631204330172, 14.645968649269205 ] ], [ [ -90.514648059754251, 14.645963954012736 ], [ -90.51463353103108, 14.645954400805778 ] ] ] } },
{ "type": "Feature", "properties": { "kind": "L1", "value": "21.97472397607064", "building_uid": "2865" }, "geometry": { "type": "MultiLineString", "coordinates": [ [ [ -90.514455210780767, 14.645771344025521 ], [ -90.51442437605813, 14.645967569343803 ] ], [ [ -90.51442437605813, 14.645967569343803 ], [ -90.514412929981873, 14.645929463750182 ] ], [ [ -90.51442437605813, 14.645967569343803 ], [ -90.514447000447021, 14.645934538724982 ] ] ] } },
{ "type": "Feature", "properties": { "kind": "L1", "value": "9.279881096273101", "building_uid": "2867" }, "geometry": { "type": "MultiLineString", "coordinates": [ [ [ -90.515123311030862, 14.645693333047566 ], [ -90.515111011907294, 14.645776303182588 ] ], [ [ -90.515111011907294, 14.645776303182588 ], [ -90.515106038248931, 14.645760251752485 ] ], [ [ -90.515111011907294, 14.645776303182588 ], [ -90.515120444284477, 14.645762276021079 ] ] ] } },
{ "type": "Feature", "properties": { "kind": "L1", "value": "42.18940050964711", "building_uid": "2869" }, "geometry": { "type": "MultiLineString", "coordinates": [ [ [ -90.514757087842554, 14.645646288674778 ], [ -90.515145250980552, 14.645695554997491 ] ], [ [ -90.515145250980552, 14.645695554997491 ], [ -90.515070614887222, 14.645718568148292 ] ], [ [ -90.515145250980552, 14.645695554997491 ], [ -90.515079168920607, 14.645654681757792 ] ] ] } },
{ "type": "Feature", "properties": { "kind": "L1", "value": "9.08681001174229", "building_uid": "2871" }, "geometry": { "type": "MultiLineString", "coordinates": [ [ [ -90.515120842508068, 14.645393914265812 ], [ -90.51520435883657, 14.645405153754639 ] ], [ [ -90.51520435883657, 14.645405153754639 ], [ -90.5151882447866, 14.645409989305039 ] ], [ [ -90.51520435883657, 14.645405153754639 ], [ -90.515190196284891, 14.645396243633989 ] ] ] } },
{ "type": "Feature", "properties": { "kind": "L1", "value": "10.57875152129244", "building_uid": "2872" }, "geometry": { "type": "MultiLineString", "coordinates": [ [ [ -90.513797905644935, 14.644808553068435 ], [ -90.513808693701648, 14.644713568992266 ] ], [ [ -90.513808693701648, 14.644713568992266 ], [ -90.513814984206917, 14.644731673741138 ] ], [ [ -90.513808693701648, 14.644713568992266 ], [ -90.513798492278951, 14.644729898166661 ] ] ] } },
{ "type": "Feature", "properties": { "kind": "L1", "value": "28.774435242984644", "building_uid": "2874" }, "geometry": { "type": "MultiLineString", "coordinates": [ [ [ -90.513962706779921, 14.644741532625689 ], [ -90.513916923633843, 14.644997615688123 ] ], [ [ -90.513916923633843, 14.644997615688123 ], [ -90.51390299070944, 14.644947430016106 ] ], [ [ -90.513916923633843, 14.644997615688123 ], [ -90.513947454030983, 14.64495496533327 ] ] ] } },
{ "type": "Feature", "properties": { "kind": "L1", "value": "8.755485918230248", "building_uid": "2875" }, "geometry": { "type": "MultiLineString", "coordinates": [ [ [ -90.513837498536873, 14.644756021208375 ], [ -90.513917849952392, 14.644767661135273 ] ], [ [ -90.513917849952392, 14.644767661135273 ], [ -90.513902274818619, 14.644772163669767 ] ], [ [ -90.513917849952392, 14.644767661135273 ], [ -90.513904295838699, 14.644758938862134 ] ] ] } },
{ "type": "Feature", "properties": { "kind": "L1", "value": "16.78082104669093", "building_uid": "2876" }, "geometry": { "type": "MultiLineString", "coordinates": [ [ [ -90.514350970908126, 14.644782561175845 ], [ -90.514331195860279, 14.644932922973128 ] ], [ [ -90.514331195860279, 14.644932922973128 ], [ -90.514321726774412, 14.644904040800752 ] ], [ [ -90.514331195860279, 14.644932922973128 ], [ -90.514347833864889, 14.64490729551884 ] ] ] } },
{ "type": "Feature", "properties": { "kind": "L1", "value": "27.70657045435044", "building_uid": "2877" }, "geometry": { "type": "MultiLineString", "coordinates": [ [ [ -90.514356912486718, 14.645124647857779 ], [ -90.514102833156869, 14.645086580395795 ] ], [ [ -90.514102833156869, 14.645086580395795 ], [ -90.514152192769615, 14.645072571527081 ] ], [ [ -90.514102833156869, 14.645086580395795 ], [ -90.51414558315355, 14.645114389638417 ] ] ] } },
{ "type": "Feature", "properties": { "kind": "L1", "value": "30.188682038545025", "building_uid": "2878" }, "geometry": { "type": "MultiLineString", "coordinates": [ [ [ -90.514142880823343, 14.645025100907599 ], [ -90.514197643189902, 14.644757654508901 ] ], [ [ -90.514197643189902, 14.644757654508901 ], [ -90.514210935039216, 14.644810638845511 ] ], [ [ -90.514197643189902, 14.644757654508901 ], [ -90.514164498745629, 14.644801625677458 ] ] ] } },
{ "type": "Feature", "properties": { "kind": "L1", "value": "15.718723959484146", "building_uid": "2879" }, "geometry": { "type": "MultiLineString", "coordinates": [ [ [ -90.514371002563806, 14.645012510185001 ], [ -90.514226340561692, 14.644994475435535 ] ], [ [ -90.514226340561692, 14.644994475435535 ], [ -90.51425412789466, 14.644985839712318 ] ], [ [ -90.514226340561692, 14.644994475435535 ], [ -90.514250996542344, 14.645009649185077 ] ] ] } },
{ "type": "Feature", "properties": { "kind": "L1", "value": "30.98739192373468", "building_uid": "2883" }, "geometry": { "type": "MultiLineString", "coordinates": [ [ [ -90.513803831995645, 14.645863097503868 ], [ -90.513848002170121, 14.645586496320755 ] ], [ [ -90.513848002170121, 14.645586496320755 ], [ -90.513864008832499, 14.645640268384756 ] ], [ [ -90.513848002170121, 14.645586496320755 ], [ -90.513815982824525, 14.645632998581572 ] ] ] } },
{ "type": "Feature", "properties": { "kind": "L1", "value": "13.701621994493836", "building_uid": "2884" }, "geometry": { "type": "MultiLineString", "coordinates": [ [ [ -90.512865445230247, 14.64559429842561 ], [ -90.512848194239041, 14.645716926935604 ] ], [ [ -90.512848194239041, 14.645716926935604 ], [ -90.51284067524314, 14.645693279461009 ] ], [ [ -90.512848194239041, 14.645716926935604 ], [ -90.512861967122703, 14.645696118741135 ] ] ] } },
{ "type": "Feature", "properties": { "kind": "L1", "value": "16.273467805401665", "building_uid": "2886" }, "geometry": { "type": "MultiLineString", "coordinates": [ [ [ -90.513197956654125, 14.645733028653869 ], [ -90.51334729156514, 14.645754739197494 ] ], [ [ -90.51334729156514, 14.645754739197494 ], [ -90.513318338093882, 14.645763093162985 ] ], [ [ -90.51334729156514, 14.645754739197494 ], [ -90.513322107672323, 14.645738514671603 ] ] ] } },
{ "type": "Feature", "properties": { "kind": "L1", "value": "18.32700485138799", "building_uid": "2887" }, "geometry": { "type": "MultiLineString", "coordinates": [ [ [ -90.513171215628233, 14.645597326132005 ], [ -90.513148706229359, 14.645761425940403 ] ], [ [ -90.513148706229359, 14.645761425940403 ], [ -90.513138540067658, 14.645729828582295 ] ], [ [ -90.513148706229359, 14.645761425940403 ], [ -90.51316703257676, 14.645733533325398 ] ] ] } },
{ "type": "Feature", "properties": { "kind": "L1", "value": "18.59124528105837", "building_uid": "2888" }, "geometry": { "type": "MultiLineString", "coordinates": [ [ [ -90.513046308184585, 14.645747367991586 ], [ -90.513069271185486, 14.645580919018787 ] ], [ [ -90.513069271185486, 14.645580919018787 ], [ -90.513079559069212, 14.645612979517242 ] ], [ [ -90.513069271185486, 14.645580919018787 ], [ -90.513050658691725, 14.645609200121028 ] ] ] } },
{ "type": "Feature", "properties": { "kind": "L1", "value": "18.40543846118304", "building_uid": "2890" }, "geometry": { "type": "MultiLineString", "coordinates": [ [ [ -90.512944701203267, 14.645742825337798 ], [ -90.512967873372062, 14.64557809785078 ] ], [ [ -90.512967873372062, 14.64557809785078 ], [ -90.512977973891495, 14.645609863523187 ] ], [ [ -90.512967873372062, 14.64557809785078 ], [ -90.512949372414354, 14.645606049700692 ] ] ] } },
{ "type": "Feature", "properties": { "kind": "L1", "value": "25.7413212462084", "building_uid": "2892" }, "geometry": { "type": "MultiLineString", "coordinates": [ [ [ -90.51248804646805, 14.64501039820842 ], [ -90.512724493824848, 14.645043200160591 ] ], [ [ -90.512724493824848, 14.645043200160591 ], [ -90.512678787328198, 14.64505671251619 ] ], [ [ -90.512724493824848, 14.645043200160591 ], [ -90.512684482672185, 14.645017796373056 ] ] ] } },
{ "type": "Feature", "properties": { "kind": "L1", "value": "17.722951279689923", "building_uid": "2893" }, "geometry": { "type": "MultiLineString", "coordinates": [ [ [ -90.512635310489884, 14.645138158873838 ], [ -90.512473092324782, 14.645111936323838 ] ], [ [ -90.512473092324782, 14.645111936323838 ], [ -90.512504772733593, 14.645103339985971 ] ], [ [ -90.512473092324782, 14.645111936323838 ], [ -90.512500219741625, 14.645130038958046 ] ] ] } },
{ "type": "Feature", "properties": { "kind": "L1", "value": "17.8705339576595", "building_uid": "2894" }, "geometry": { "type": "MultiLineString", "coordinates": [ [ [ -90.512374465427968, 14.645479201313476 ], [ -90.512351476678319, 14.645639075304546 ] ], [ [ -90.512351476678319, 14.645639075304546 ], [ -90.512341764274723, 14.645608204476364 ] ], [ [ -90.512351476678319, 14.645639075304546 ], [ -90.512369523043176, 14.64561198811613 ] ] ] } },
{ "type": "Feature", "properties": { "kind": "L1", "value": "17.977917048589298", "building_uid": "2895" }, "geometry": { "type": "MultiLineString", "coordinates": [ [ [ -90.512527122508956, 14.645242598866398 ], [ -90.512691793430548, 14.645268491472248 ] ], [ [ -90.512691793430548, 14.645268491472248 ], [ -90.51265969707076, 14.645277349471915 ] ], [ [ -90.512691793430548, 14.645268491472248 ], [ -90.512664192765968, 14.645250246820803 ] ] ] } },
{ "type": "Feature", "properties": { "kind": "L1", "value": "12.862009818015492", "building_uid": "2896" }, "geometry": { "type": "MultiLineString", "coordinates": [ [ [ -90.512678328284565, 14.645365984310049 ], [ -90.51256044361277, 14.645347908354486 ] ], [ [ -90.51256044361277, 14.645347908354486 ], [ -90.512583380824907, 14.645341483713048 ] ], [ [ -90.51256044361277, 14.645347908354486 ], [ -90.512580242314542, 14.645360885956036 ] ] ] } },
{ "type": "Feature", "properties": { "kind": "L1", "value": "21.347885315927826", "building_uid": "755" }, "geometry": { "type": "MultiLineString", "coordinates": [ [ [ -90.51464320451268, 14.644093382166277 ], [ -90.514667627897623, 14.643902007787187 ] ], [ [ -90.514667627897623, 14.643902007787187 ], [ -90.51467981482989, 14.643938706498501 ] ], [ [ -90.514667627897623, 14.643902007787187 ], [ -90.514646586934589, 14.643934686712523 ] ] ] } },
{ "type": "Feature", "properties": { "kind": "L1", "value": "12.521271819766895", "building_uid": "2898" }, "geometry": { "type": "MultiLineString", "coordinates": [ [ [ -90.512068130763637, 14.645239168783728 ], [ -90.512183510482544, 14.645252390342526 ] ], [ [ -90.512183510482544, 14.645252390342526 ], [ -90.51216144875329, 14.645259488772655 ] ], [ [ -90.512183510482544, 14.645252390342526 ], [ -90.512163744393092, 14.645240498799881 ] ] ] } },
{ "type": "Feature", "properties": { "kind": "L1", "value": "41.030401983441685", "building_uid": "3049" }, "geometry": { "type": "MultiLineString", "coordinates": [ [ [ -90.513927025238843, 14.645513119113202 ], [ -90.514304764646326, 14.645559203493614 ] ], [ [ -90.514304764646326, 14.645559203493614 ], [ -90.514232294216782, 14.645581935622651 ] ], [ [ -90.514304764646326, 14.645559203493614 ], [ -90.514240295769113, 14.645519764798609 ] ] ] } },
{ "type": "Feature", "properties": { "kind": "L1", "value": "17.327523498409587", "building_uid": "3239" }, "geometry": { "type": "MultiLineString", "coordinates": [ [ [ -90.515277079267747, 14.643500820550583 ], [ -90.515118240071615, 14.643476640284455 ] ], [ [ -90.515118240071615, 14.643476640284455 ], [ -90.51514913068813, 14.643467951726786 ] ], [ [ -90.515118240071615, 14.643476640284455 ], [ -90.51514493232709, 14.643494094762747 ] ] ] } },
{ "type": "Feature", "properties": { "kind": "L1", "value": "26.070564694508427", "building_uid": "3240" }, "geometry": { "type": "MultiLineString", "coordinates": [ [ [ -90.514119466689792, 14.643152835066537 ], [ -90.514082626982287, 14.643385595965052 ] ], [ [ -90.514082626982287, 14.643385595965052 ], [ -90.514069097799634, 14.643340373669487 ] ], [ [ -90.514082626982287, 14.643385595965052 ], [ -90.514109511428771, 14.643346437056323 ] ] ] } },
{ "type": "Feature", "properties": { "kind": "L1", "value": "13.414537469951526", "building_uid": "3241" }, "geometry": { "type": "MultiLineString", "coordinates": [ [ [ -90.513879214343177, 14.643117461710235 ], [ -90.513860661936107, 14.643237288029889 ] ], [ [ -90.513860661936107, 14.643237288029889 ], [ -90.513853622226932, 14.643214041369552 ] ], [ [ -90.513860661936107, 14.643237288029889 ], [ -90.513874427326456, 14.643217094880011 ] ] ] } },
{ "type": "Feature", "properties": { "kind": "L1", "value": "9.307764213946394", "building_uid": "12787" }, "geometry": { "type": "MultiLineString", "coordinates": [ [ [ -90.514332898313427, 14.644647202511749 ], [ -90.514418228360697, 14.644660150418522 ] ], [ [ -90.514418228360697, 14.644660150418522 ], [ -90.514401637241647, 14.644664825579635 ] ], [ [ -90.514418228360697, 14.644660150418522 ], [ -90.514403885362867, 14.644650781346311 ] ] ] } },
{ "type": "Feature", "properties": { "kind": "L1", "value": "10.640369313558654", "building_uid": "12789" }, "geometry": { "type": "MultiLineString", "coordinates": [ [ [ -90.514398002406807, 14.644501909552377 ], [ -90.514300381975275, 14.64448757546619 ] ], [ [ -90.514300381975275, 14.64448757546619 ], [ -90.514319321206742, 14.644482140145982 ] ], [ [ -90.514300381975275, 14.64448757546619 ], [ -90.514316832403708, 14.644498207229733 ] ] ] } },
{ "type": "Feature", "properties": { "kind": "L1", "value": "14.449991470784397", "building_uid": "12843" }, "geometry": { "type": "MultiLineString", "coordinates": [ [ [ -90.512233504050215, 14.644078779498587 ], [ -90.512366411040773, 14.644095940600103 ] ], [ [ -90.512366411040773, 14.644095940600103 ], [ -90.512340830289688, 14.644103767380827 ] ], [ [ -90.512366411040773, 14.644095940600103 ], [ -90.512343809930513, 14.644081892534164 ] ] ] } },
{ "type": "Feature", "properties": { "kind": "L1", "value": "18.212312275327886", "building_uid": "12849" }, "geometry": { "type": "MultiLineString", "coordinates": [ [ [ -90.512547812881252, 14.644252816915174 ], [ -90.512520310455102, 14.644415143837728 ] ], [ [ -90.512520310455102, 14.644415143837728 ], [ -90.51251120333778, 14.644383456929495 ] ], [ [ -90.512520310455102, 14.644415143837728 ], [ -90.512539387846928, 14.644387983485304 ] ] ] } },
{ "type": "Feature", "properties": { "kind": "L1", "value": "17.58963560149845", "building_uid": "12850" }, "geometry": { "type": "MultiLineString", "coordinates": [ [ [ -90.512194207523578, 14.645440293920705 ], [ -90.512169251618303, 14.645597320837895 ] ], [ [ -90.512169251618303, 14.645597320837895 ], [ -90.512160142954485, 14.645566804190807 ] ], [ [ -90.512169251618303, 14.645597320837895 ], [ -90.512187407382996, 14.645570911598615 ] ] ] } },
{ "type": "Feature", "properties": { "kind": "L1", "value": "9.355728451999909", "building_uid": "12851" }, "geometry": { "type": "MultiLineString", "coordinates": [ [ [ -90.512032293778944, 14.645468317599995 ], [ -90.512118332323979, 14.645479526317244 ] ], [ [ -90.512118332323979, 14.645479526317244 ], [ -90.512101763764207, 14.645484575004613 ] ], [ [ -90.512118332323979, 14.645479526317244 ], [ -90.51210370992024, 14.645470414215298 ] ] ] } },
{ "type": "Feature", "properties": { "kind": "L1", "value": "8.310113387933484", "building_uid": "12852" }, "geometry": { "type": "MultiLineString", "coordinates": [ [ [ -90.512637970959716, 14.645414136388029 ], [ -90.51262778587288, 14.645488547816154 ] ], [ [ -90.51262778587288, 14.645488547816154 ], [ -90.512623172049771, 14.645474221720335 ] ], [ [ -90.51262778587288, 14.645488547816154 ], [ -90.512636092027094, 14.645475898049389 ] ] ] } },
{ "type": "Feature", "properties": { "kind": "L1", "value": "21.357342897567843", "building_uid": "756" }, "geometry": { "type": "MultiLineString", "coordinates": [ [ [ -90.514646129243332, 14.64377101206523 ], [ -90.514841760305927, 14.643801730386782 ] ], [ [ -90.514841760305927, 14.643801730386782 ], [ -90.514803633138712, 14.643812261596938 ] ], [ [ -90.514841760305927, 14.643801730386782 ], [ -90.514808966678345, 14.643780063098079 ] ] ] } },
{ "type": "Feature", "properties": { "kind": "L1", "value": "42.05537012102177", "building_uid": "12916" }, "geometry": { "type": "MultiLineString", "coordinates": [ [ [ -90.515180145514805, 14.645582580757177 ], [ -90.514793213831041, 14.645533484984773 ] ], [ [ -90.514793213831041, 14.645533484984773 ], [ -90.514867611890949, 14.64551054234504 ] ], [ [ -90.514793213831041, 14.645533484984773 ], [ -90.514859087407189, 14.645574226068124 ] ] ] } },
{ "type": "Feature", "properties": { "kind": "L1", "value": "9.121085368445627", "building_uid": "12918" }, "geometry": { "type": "MultiLineString", "coordinates": [ [ [ -90.513407035187697, 14.645043077102454 ], [ -90.51341845333819, 14.644961435286698 ] ], [ [ -90.51341845333819, 14.644961435286698 ], [ -90.513423471342222, 14.644977173448353 ] ], [ [ -90.51341845333819, 14.644961435286698 ], [ -90.513409295992759, 14.644975294170534 ] ] ] } },
{ "type": "Feature", "properties": { "kind": "L1", "value": "24.903328339704835", "building_uid": "12952" }, "geometry": { "type": "MultiLineString", "coordinates": [ [ [ -90.514888284996999, 14.646376520300185 ], [ -90.514919717769104, 14.646153647463551 ] ], [ [ -90.514919717769104, 14.646153647463551 ], [ -90.51493336887566, 14.646196632436398 ] ], [ [ -90.514919717769104, 14.646153647463551 ], [ -90.514894671571682, 14.646191459046793 ] ] ] } },
{ "type": "Feature", "properties": { "kind": "L1", "value": "25.857490369221775", "building_uid": "12953" }, "geometry": { "type": "MultiLineString", "coordinates": [ [ [ -90.514561724494769, 14.646188128520473 ], [ -90.51432384716226, 14.646157749810849 ] ], [ [ -90.51432384716226, 14.646157749810849 ], [ -90.514369602496259, 14.64614368067855 ] ], [ [ -90.51432384716226, 14.646157749810849 ], [ -90.51436432784341, 14.646182831962079 ] ] ] } },
{ "type": "Feature", "properties": { "kind": "L1", "value": "9.538186429355", "building_uid": "12995" }, "geometry": { "type": "MultiLineString", "coordinates": [ [ [ -90.512839306668823, 14.645119481686335 ], [ -90.51282719203121, 14.645204833606023 ] ], [ [ -90.51282719203121, 14.645204833606023 ], [ -90.512821978178607, 14.645188365629213 ] ], [ [ -90.51282719203121, 14.645204833606023 ], [ -90.512836797722287, 14.645190359539232 ] ] ] } },
{ "type": "Feature", "properties": { "kind": "L1", "value": "5.4062476955786805", "building_uid": "12998" }, "geometry": { "type": "MultiLineString", "coordinates": [ [ [ -90.512769731454355, 14.645533530344444 ], [ -90.512762984176149, 14.64558192375242 ] ], [ [ -90.512762984176149, 14.64558192375242 ], [ -90.512760005948707, 14.645572596632393 ] ], [ [ -90.512762984176149, 14.64558192375242 ], [ -90.512768408448622, 14.645573707143495 ] ] ] } },
{ "type": "Feature", "properties": { "kind": "L1", "value": "42.344383818779754", "building_uid": "48" }, "geometry": { "type": "MultiLineString", "coordinates": [ [ [ -90.513694340840715, 14.644112221154671 ], [ -90.514083943965602, 14.644161540744633 ] ], [ [ -90.514083943965602, 14.644161540744633 ], [ -90.51400904226395, 14.644184662968781 ] ], [ [ -90.514083943965602, 14.644161540744633 ], [ -90.514017605485165, 14.644120539121666 ] ] ] } },
{ "type": "Feature", "properties": { "kind": "L1", "value": "28.711930938225333", "building_uid": "180" }, "geometry": { "type": "MultiLineString", "coordinates": [ [ [ -90.51453741693004, 14.644675840607544 ], [ -90.514801026170517, 14.644713270176037 ] ], [ [ -90.514801026170517, 14.644713270176037 ], [ -90.514749994529552, 14.644728179005789 ] ], [ [ -90.514801026170517, 14.644713270176037 ], [ -90.514756493347036, 14.644684792304663 ] ] ] } },
{ "type": "Feature", "properties": { "kind": "L1", "value": "28.494709295011035", "building_uid": "181" }, "geometry": { "type": "MultiLineString", "coordinates": [ [ [ -90.514545027687902, 14.644587078905014 ], [ -90.51480718728557, 14.644620385873612 ] ], [ [ -90.51480718728557, 14.644620385873612 ], [ -90.514756776311188, 14.644635922684737 ] ], [ [ -90.51480718728557, 14.644620385873612 ], [ -90.514762559326201, 14.644592774558387 ] ] ] } },
{ "type": "Feature", "properties": { "kind": "L1", "value": "21.178057139769432", "building_uid": "189" }, "geometry": { "type": "MultiLineString", "coordinates": [ [ [ -90.513053557101216, 14.643725674385211 ], [ -90.513079461597457, 14.643536032467871 ] ], [ [ -90.513079461597457, 14.643536032467871 ], [ -90.513091229631797, 14.643572539040482 ] ], [ [ -90.513079461597457, 14.643536032467871 ], [ -90.513058302595525, 14.64356827547461 ] ] ] } },
{ "type": "Feature", "properties": { "kind": "L1", "value": "26.30134954270398", "building_uid": "190" }, "geometry": { "type": "MultiLineString", "coordinates": [ [ [ -90.513035635675905, 14.644336114564966 ], [ -90.513069276255806, 14.644100790090432 ] ], [ [ -90.513069276255806, 14.644100790090432 ], [ -90.5130836079652, 14.644146213779685 ] ], [ [ -90.513069276255806, 14.644100790090432 ], [ -90.513042749076149, 14.644140676963996 ] ] ] } },
{ "type": "Feature", "properties": { "kind": "L1", "value": "32.876013926525225", "building_uid": "197" }, "geometry": { "type": "MultiLineString", "coordinates": [ [ [ -90.512639666966422, 14.643492334998008 ], [ -90.512942239324971, 14.643529968430409 ] ], [ [ -90.512942239324971, 14.643529968430409 ], [ -90.512884127488391, 14.643548046865469 ] ], [ [ -90.512942239324971, 14.643529968430409 ], [ -90.512890661661586, 14.643498247062077 ] ] ] } },
{ "type": "Feature", "properties": { "kind": "L1", "value": "32.643927012477484", "building_uid": "309" }, "geometry": { "type": "MultiLineString", "coordinates": [ [ [ -90.513023702082933, 14.644021169333843 ], [ -90.513064512876525, 14.643728970088656 ] ], [ [ -90.513064512876525, 14.643728970088656 ], [ -90.513082482387048, 14.643785293055842 ] ], [ [ -90.513064512876525, 14.643728970088656 ], [ -90.513031748536662, 14.643778576103909 ] ] ] } },
{ "type": "Feature", "properties": { "kind": "L1", "value": "27.745497389271808", "building_uid": "765" }, "geometry": { "type": "MultiLineString", "coordinates": [ [ [ -90.514693460656261, 14.645372217239006 ], [ -90.51443845126532, 14.645337915295412 ] ], [ [ -90.51443845126532, 14.645337915295412 ], [ -90.51448765256562, 14.645323147369405 ] ], [ [ -90.51443845126532, 14.645337915295412 ], [ -90.514481696744298, 14.645365118508401 ] ] ] } },
{ "type": "Feature", "properties": { "kind": "L1", "value": "19.573345795822064", "building_uid": "770" }, "geometry": { "type": "MultiLineString", "coordinates": [ [ [ -90.513948852676208, 14.645741664869069 ], [ -90.513976837627354, 14.645566961120224 ] ], [ [ -90.513976837627354, 14.645566961120224 ], [ -90.513986931859137, 14.645600931164745 ] ], [ [ -90.513976837627354, 14.645566961120224 ], [ -90.513956598214307, 14.645596325223845 ] ] ] } },
{ "type": "Feature", "properties": { "kind": "L1", "value": "32.43960322925749", "building_uid": "913" }, "geometry": { "type": "MultiLineString", "coordinates": [ [ [ -90.514590773756922, 14.646446788723377 ], [ -90.514292652689974, 14.646406449014032 ] ], [ [ -90.514292652689974, 14.646406449014032 ], [ -90.514350192661325, 14.646389227828982 ] ], [ [ -90.514292652689974, 14.646406449014032 ], [ -90.514343188469738, 14.646438294330189 ] ] ] } },
{ "type": "Feature", "properties": { "kind": "L1", "value": "13.894068335142553", "building_uid": "920" }, "geometry": { "type": "MultiLineString", "coordinates": [ [ [ -90.513679555759424, 14.646116001275542 ], [ -90.513806967661139, 14.646135105609925 ] ], [ [ -90.513806967661139, 14.646135105609925 ], [ -90.513782214242937, 14.646142127846254 ] ], [ [ -90.513806967661139, 14.646135105609925 ], [ -90.513785531314653, 14.646121157620609 ] ] ] } },
{ "type": "Feature", "properties": { "kind": "L1", "value": "25.00545003060956", "building_uid": "1296" }, "geometry": { "type": "MultiLineString", "coordinates": [ [ [ -90.513817744939601, 14.644378322833438 ], [ -90.513789187906156, 14.644602491673872 ] ], [ [ -90.513789187906156, 14.644602491673872 ], [ -90.513774903189329, 14.644559508416714 ] ], [ [ -90.513789187906156, 14.644602491673872 ], [ -90.513813825222527, 14.644564208545638 ] ] ] } },
{ "type": "Feature", "properties": { "kind": "L1", "value": "11.210342785849624", "building_uid": "1298" }, "geometry": { "type": "MultiLineString", "coordinates": [ [ [ -90.513724795342426, 14.644275552586356 ], [ -90.513712440665884, 14.644376104180184 ] ], [ [ -90.513712440665884, 14.644376104180184 ], [ -90.513705950807022, 14.644356861329127 ] ], [ [ -90.513712440665884, 14.644376104180184 ], [ -90.513723409383488, 14.644358894754404 ] ] ] } },
{ "type": "Feature", "properties": { "kind": "L1", "value": "30.55375076819195", "building_uid": "1301" }, "geometry": { "type": "MultiLineString", "coordinates": [ [ [ -90.515032897639827, 14.644596937833974 ], [ -90.515072114037878, 14.644323584280897 ] ], [ [ -90.515072114037878, 14.644323584280897 ], [ -90.515088736548265, 14.644376360031131 ] ], [ [ -90.515072114037878, 14.644323584280897 ], [ -90.515041274700451, 14.644369905513969 ] ] ] } },
{ "type": "Feature", "properties": { "kind": "L1", "value": "14.77195186783972", "building_uid": "1306" }, "geometry": { "type": "MultiLineString", "coordinates": [ [ [ -90.514833519504663, 14.643900212791703 ], [ -90.514697542414055, 14.643883486509578 ] ], [ [ -90.514697542414055, 14.643883486509578 ], [ -90.514723641905434, 14.643875328264702 ] ], [ [ -90.514697542414055, 14.643883486509578 ], [ -90.514720737755866, 14.643897708429632 ] ] ] } },
{ "type": "Feature", "properties": { "kind": "L1", "value": "34.649666491276385", "building_uid": "1407" }, "geometry": { "type": "MultiLineString", "coordinates": [ [ [ -90.512297986712966, 14.646293875775843 ], [ -90.512347691356013, 14.645984632265108 ] ], [ [ -90.512347691356013, 14.645984632265108 ], [ -90.512365528714128, 14.646044776569061 ] ], [ [ -90.512347691356013, 14.645984632265108 ], [ -90.51231183494852, 14.646036595884889 ] ] ] } },
{ "type": "Feature", "properties": { "kind": "L1", "value": "24.664288220876323", "building_uid": "1427" }, "geometry": { "type": "MultiLineString", "coordinates": [ [ [ -90.51310354495439, 14.644993836266794 ], [ -90.513329338095119, 14.645030088270055 ] ], [ [ -90.513329338095119, 14.645030088270055 ], [ -90.513285263284089, 14.645042098491388 ] ], [ [ -90.513329338095119, 14.645030088270055 ], [ -90.513291557656387, 14.645004935890277 ] ] ] } },
{ "type": "Feature", "properties": { "kind": "L1", "value": "12.785941170901912", "building_uid": "1547" }, "geometry": { "type": "MultiLineString", "coordinates": [ [ [ -90.514414550122709, 14.64555360135329 ], [ -90.51453204616115, 14.645569548241978 ] ], [ [ -90.51453204616115, 14.645569548241978 ], [ -90.514509364224438, 14.645576326819691 ] ], [ [ -90.51453204616115, 14.645569548241978 ], [ -90.51451213306386, 14.645556988556889 ] ] ] } },
{ "type": "Feature", "properties": { "kind": "L1", "value": "32.11356813931008", "building_uid": "1548" }, "geometry": { "type": "MultiLineString", "coordinates": [ [ [ -90.514688051763471, 14.645681535158547 ], [ -90.514393348469341, 14.645638758437508 ] ], [ [ -90.514393348469341, 14.645638758437508 ], [ -90.514450480484953, 14.645622260160966 ] ], [ [ -90.514393348469341, 14.645638758437508 ], [ -90.514443053182617, 14.645670764316801 ] ] ] } },
{ "type": "Feature", "properties": { "kind": "L1", "value": "18.83855116140423", "building_uid": "1550" }, "geometry": { "type": "MultiLineString", "coordinates": [ [ [ -90.514119015197082, 14.645586894868499 ], [ -90.514102780482403, 14.645756337121501 ] ], [ [ -90.514102780482403, 14.645756337121501 ], [ -90.51409101315943, 14.645724287747271 ] ], [ [ -90.514102780482403, 14.645756337121501 ], [ -90.514120433271927, 14.645726959762568 ] ] ] } },
{ "type": "Feature", "properties": { "kind": "L1", "value": "19.118883135277148", "building_uid": "1555" }, "geometry": { "type": "MultiLineString", "coordinates": [ [ [ -90.513034834244706, 14.645196547065314 ], [ -90.512859257068996, 14.64517191341495 ] ], [ [ -90.512859257068996, 14.64517191341495 ], [ -90.512893221014437, 14.645161929717508 ] ], [ [ -90.512859257068996, 14.64517191341495 ], [ -90.512888943898716, 14.645190827398746 ] ] ] } },
{ "type": "Feature", "properties": { "kind": "L1", "value": "40.99510082711092", "building_uid": "2589" }, "geometry": { "type": "MultiLineString", "coordinates": [ [ [ -90.514559697428226, 14.644498197258814 ], [ -90.514937016917074, 14.644544961664751 ] ], [ [ -90.514937016917074, 14.644544961664751 ], [ -90.514864563585391, 14.644567536120201 ] ], [ [ -90.514937016917074, 14.644544961664751 ], [ -90.514872683171916, 14.644505434118091 ] ] ] } },
{ "type": "Feature", "properties": { "kind": "L1", "value": "41.16081999629184", "building_uid": "2590" }, "geometry": { "type": "MultiLineString", "coordinates": [ [ [ -90.51457394020801, 14.644383488525484 ], [ -90.514952382790952, 14.64443342049967 ] ], [ [ -90.514952382790952, 14.64443342049967 ], [ -90.514879450897297, 14.644455513236828 ] ], [ [ -90.514952382790952, 14.64443342049967 ], [ -90.51488812045838, 14.644393226354854 ] ] ] } },
{ "type": "Feature", "properties": { "kind": "L1", "value": "41.4911666251346", "building_uid": "2591" }, "geometry": { "type": "MultiLineString", "coordinates": [ [ [ -90.514970686328894, 14.644316831154887 ], [ -90.514587030543396, 14.644285926978091 ] ], [ [ -90.514587030543396, 14.644285926978091 ], [ -90.514659255504228, 14.644259956301651 ] ], [ [ -90.514587030543396, 14.644285926978091 ], [ -90.514653889639959, 14.64432310122425 ] ] ] } },
{ "type": "Feature", "properties": { "kind": "L1", "value": "14.710199777766231", "building_uid": "2600" }, "geometry": { "type": "MultiLineString", "coordinates": [ [ [ -90.512419396083402, 14.6441209045667 ], [ -90.512401982072703, 14.644252702839374 ] ], [ [ -90.512401982072703, 14.644252702839374 ], [ -90.512393696634803, 14.644227379814122 ] ], [ [ -90.512401982072703, 14.644252702839374 ], [ -90.512416580497231, 14.64423024594462 ] ] ] } },
{ "type": "Feature", "properties": { "kind": "L1", "value": "17.120167725435852", "building_uid": "2602" }, "geometry": { "type": "MultiLineString", "coordinates": [ [ [ -90.512834257641359, 14.644280755685815 ], [ -90.512676811343084, 14.644260274136332 ] ], [ [ -90.512676811343084, 14.644260274136332 ], [ -90.512707128388442, 14.644251029817342 ] ], [ [ -90.512676811343084, 14.644260274136332 ], [ -90.512703572212942, 14.644276943505528 ] ] ] } },
{ "type": "Feature", "properties": { "kind": "L1", "value": "28.86780270315246", "building_uid": "2604" }, "geometry": { "type": "MultiLineString", "coordinates": [ [ [ -90.512813755359616, 14.643961562373299 ], [ -90.512549069668367, 14.643921641758432 ] ], [ [ -90.512549069668367, 14.643921641758432 ], [ -90.512600512667944, 14.643907095846078 ] ], [ [ -90.512549069668367, 14.643921641758432 ], [ -90.512593581327522, 14.643950659858765 ] ] ] } },
{ "type": "Feature", "properties": { "kind": "L1", "value": "20.326075535485852", "building_uid": "2605" }, "geometry": { "type": "MultiLineString", "coordinates": [ [ [ -90.512877949057696, 14.643568092122839 ], [ -90.512851991846603, 14.6437499598788 ] ], [ [ -90.512851991846603, 14.6437499598788 ], [ -90.512840908271983, 14.643714858123271 ] ], [ [ -90.512851991846603, 14.6437499598788 ], [ -90.512872485520717, 14.643719130369744 ] ] ] } },
{ "type": "Feature", "properties": { "kind": "L1", "value": "54.647404499619185", "building_uid": "2606" }, "geometry": { "type": "MultiLineString", "coordinates": [ [ [ -90.51266893633165, 14.644164184926776 ], [ -90.512738255464157, 14.643675163733567 ] ], [ [ -90.512738255464157, 14.643675163733567 ], [ -90.512768144390691, 14.643769509010838 ] ], [ [ -90.512738255464157, 14.643675163733567 ], [ -90.512683236825168, 14.643758099948059 ] ] ] } },
{ "type": "Feature", "properties": { "kind": "L1", "value": "29.411460014264275", "building_uid": "2607" }, "geometry": { "type": "MultiLineString", "coordinates": [ [ [ -90.512524437386489, 14.643520387196158 ], [ -90.512483461726063, 14.643783062811147 ] ], [ [ -90.512483461726063, 14.643783062811147 ], [ -90.512468085189241, 14.643732077768469 ] ], [ [ -90.512483461726063, 14.643783062811147 ], [ -90.512513692910019, 14.643738821873713 ] ] ] } },
{ "type": "Feature", "properties": { "kind": "L1", "value": "12.299070536057545", "building_uid": "2692" }, "geometry": { "type": "MultiLineString", "coordinates": [ [ [ -90.514534351654589, 14.648435727402498 ], [ -90.514547269930304, 14.648325338023128 ] ], [ [ -90.514547269930304, 14.648325338023128 ], [ -90.514554511867871, 14.648346410446695 ] ], [ [ -90.514547269930304, 14.648325338023128 ], [ -90.51453534482259, 14.648344284301386 ] ] ] } },
{ "type": "Feature", "properties": { "kind": "L1", "value": "17.618064452220523", "building_uid": "2709" }, "geometry": { "type": "MultiLineString", "coordinates": [ [ [ -90.514349511844344, 14.647219356764612 ], [ -90.514326664776476, 14.647376947274763 ] ], [ [ -90.514326664776476, 14.647376947274763 ], [ -90.514317124820778, 14.647346502028464 ] ], [ [ -90.514326664776476, 14.647376947274763 ], [ -90.514344487330305, 14.647350262319073 ] ] ] } },
{ "type": "Feature", "properties": { "kind": "L1", "value": "42.273667222643965", "building_uid": "2710" }, "geometry": { "type": "MultiLineString", "coordinates": [ [ [ -90.514545944523434, 14.647495499068196 ], [ -90.514157408892757, 14.647443192795816 ] ], [ [ -90.514157408892757, 14.647443192795816 ], [ -90.514232376443687, 14.647420700384979 ] ], [ [ -90.514157408892757, 14.647443192795816 ], [ -90.51422329444371, 14.647484647531234 ] ] ] } },
{ "type": "Feature", "properties": { "kind": "L1", "value": "21.583008517185053", "building_uid": "2713" }, "geometry": { "type": "MultiLineString", "coordinates": [ [ [ -90.514249972368901, 14.648217680730857 ], [ -90.514051502758761, 14.648191692147252 ] ], [ [ -90.514051502758761, 14.648191692147252 ], [ -90.514089733881576, 14.648180070381741 ] ], [ [ -90.514051502758761, 14.648191692147252 ], [ -90.51408522144564, 14.648212735399026 ] ] ] } },
{ "type": "Feature", "properties": { "kind": "L1", "value": "25.035450352508132", "building_uid": "2714" }, "geometry": { "type": "MultiLineString", "coordinates": [ [ [ -90.514285912558236, 14.648182671392103 ], [ -90.514253104398009, 14.64840656183056 ] ], [ [ -90.514253104398009, 14.64840656183056 ], [ -90.514239614075478, 14.64836327924373 ] ], [ [ -90.514253104398009, 14.64840656183056 ], [ -90.514278488453101, 14.64836867895953 ] ] ] } },
{ "type": "Feature", "properties": { "kind": "L1", "value": "10.587275623505361", "building_uid": "2715" }, "geometry": { "type": "MultiLineString", "coordinates": [ [ [ -90.51414306958786, 14.648290155147199 ], [ -90.514045727735564, 14.64827729886739 ] ], [ [ -90.514045727735564, 14.64827729886739 ], [ -90.514064488196581, 14.648271618743161 ] ], [ [ -90.514045727735564, 14.64827729886739 ], [ -90.514062255943259, 14.648287639695974 ] ] ] } },
{ "type": "Feature", "properties": { "kind": "L1", "value": "24.962302757218207", "building_uid": "2716" }, "geometry": { "type": "MultiLineString", "coordinates": [ [ [ -90.514066083603822, 14.648106276338225 ], [ -90.514295345874032, 14.648138309478393 ] ], [ [ -90.514295345874032, 14.648138309478393 ], [ -90.514251008461571, 14.648151369633597 ] ], [ [ -90.514295345874032, 14.648138309478393 ], [ -90.514256570398089, 14.648113636601336 ] ] ] } },
{ "type": "Feature", "properties": { "kind": "L1", "value": "31.966918836921106", "building_uid": "2717" }, "geometry": { "type": "MultiLineString", "coordinates": [ [ [ -90.514385431574169, 14.648066236891108 ], [ -90.514091490067614, 14.648027639057833 ] ], [ [ -90.514091490067614, 14.648027639057833 ], [ -90.514148121250074, 14.648010446266044 ] ], [ [ -90.514091490067614, 14.648027639057833 ], [ -90.51414141945024, 14.648058824508967 ] ] ] } },
{ "type": "Feature", "properties": { "kind": "L1", "value": "50.16524831032723", "building_uid": "2718" }, "geometry": { "type": "MultiLineString", "coordinates": [ [ [ -90.51456928858282, 14.647950522896494 ], [ -90.514108893675228, 14.647883885842466 ] ], [ [ -90.514108893675228, 14.647883885842466 ], [ -90.514198130689294, 14.647858077669051 ] ], [ [ -90.514108893675228, 14.647883885842466 ], [ -90.514186560390755, 14.647933851616667 ] ] ] } },
{ "type": "Feature", "properties": { "kind": "L1", "value": "16.819169512146793", "building_uid": "2721" }, "geometry": { "type": "MultiLineString", "coordinates": [ [ [ -90.514454832334465, 14.648423581990036 ], [ -90.514475335126249, 14.648272963145445 ] ], [ [ -90.514475335126249, 14.648272963145445 ], [ -90.5144846948278, 14.648301951770891 ] ], [ [ -90.514475335126249, 14.648272963145445 ], [ -90.514458542695706, 14.648298577333168 ] ] ] } },
{ "type": "Feature", "properties": { "kind": "L1", "value": "20.045684774509095", "building_uid": "2722" }, "geometry": { "type": "MultiLineString", "coordinates": [ [ [ -90.51443976357551, 14.648194551882645 ], [ -90.514464623640876, 14.64801509419199 ] ], [ [ -90.514464623640876, 14.64801509419199 ], [ -90.514475697181496, 14.648049668763251 ] ], [ [ -90.514464623640876, 14.64801509419199 ], [ -90.514444537761932, 14.648045577182433 ] ] ] } },
{ "type": "Feature", "properties": { "kind": "L1", "value": "34.264893090900934", "building_uid": "2723" }, "geometry": { "type": "MultiLineString", "coordinates": [ [ [ -90.514443002414069, 14.647672994110088 ], [ -90.51412809752442, 14.647630438082691 ] ], [ [ -90.51412809752442, 14.647630438082691 ], [ -90.514188872187461, 14.647612237591209 ] ], [ [ -90.51412809752442, 14.647630438082691 ], [ -90.514181483133129, 14.647664066178066 ] ] ] } },
{ "type": "Feature", "properties": { "kind": "L1", "value": "23.61531331489361", "building_uid": "2724" }, "geometry": { "type": "MultiLineString", "coordinates": [ [ [ -90.514116112171308, 14.647715231751787 ], [ -90.514333422788042, 14.647742536178676 ] ], [ [ -90.514333422788042, 14.647742536178676 ], [ -90.514291662281707, 14.647755469969725 ] ], [ [ -90.514333422788042, 14.647742536178676 ], [ -90.514296403159179, 14.647719703930548 ] ] ] } },
{ "type": "Feature", "properties": { "kind": "L1", "value": "8.395565789288968", "building_uid": "2725" }, "geometry": { "type": "MultiLineString", "coordinates": [ [ [ -90.514163343077016, 14.647596075817546 ], [ -90.514173314093853, 14.647520858425727 ] ], [ [ -90.514173314093853, 14.647520858425727 ], [ -90.514178036752853, 14.647535312986987 ] ], [ [ -90.514173314093853, 14.647520858425727 ], [ -90.514164976712479, 14.647533671907746 ] ] ] } },
{ "type": "Feature", "properties": { "kind": "L1", "value": "18.5432549177351", "building_uid": "2727" }, "geometry": { "type": "MultiLineString", "coordinates": [ [ [ -90.514518806265286, 14.64777943357514 ], [ -90.514348874326984, 14.64775321709584 ] ], [ [ -90.514348874326984, 14.64775321709584 ], [ -90.514381952447096, 14.647743985036298 ] ], [ [ -90.514348874326984, 14.64775321709584 ], [ -90.514377400453043, 14.647771953252553 ] ] ] } },
{ "type": "Feature", "properties": { "kind": "L1", "value": "18.738945436925693", "building_uid": "2732" }, "geometry": { "type": "MultiLineString", "coordinates": [ [ [ -90.51440426540492, 14.646864729409286 ], [ -90.514231991353171, 14.64684186675075 ] ], [ [ -90.514231991353171, 14.64684186675075 ], [ -90.514265202837237, 14.646831833974749 ] ], [ [ -90.514231991353171, 14.64684186675075 ], [ -90.514261233186161, 14.64686018778699 ] ] ] } },
{ "type": "Feature", "properties": { "kind": "L1", "value": "18.953010909928725", "building_uid": "2733" }, "geometry": { "type": "MultiLineString", "coordinates": [ [ [ -90.514241013704805, 14.646773245589456 ], [ -90.514415015943683, 14.646798021624956 ] ], [ [ -90.514415015943683, 14.646798021624956 ], [ -90.514381325094121, 14.646807849821304 ] ], [ [ -90.514415015943683, 14.646798021624956 ], [ -90.514385626950244, 14.646779211561409 ] ] ] } },
{ "type": "Feature", "properties": { "kind": "L1", "value": "19.020135639687616", "building_uid": "2735" }, "geometry": { "type": "MultiLineString", "coordinates": [ [ [ -90.514428472151508, 14.646714027564899 ], [ -90.514253793997852, 14.646689564690977 ] ], [ [ -90.514253793997852, 14.646689564690977 ], [ -90.514287580174212, 14.646679624122553 ] ], [ [ -90.514253793997852, 14.646689564690977 ], [ -90.514283332680478, 14.646708373635168 ] ] ] } },
{ "type": "Feature", "properties": { "kind": "L1", "value": "9.184915056100982", "building_uid": "2737" }, "geometry": { "type": "MultiLineString", "coordinates": [ [ [ -90.514428314643368, 14.646699226323452 ], [ -90.514512667396659, 14.646711040762058 ] ], [ [ -90.514512667396659, 14.646711040762058 ], [ -90.514496351814884, 14.646715840886523 ] ], [ [ -90.514512667396659, 14.646711040762058 ], [ -90.514498403153397, 14.646701957634832 ] ] ] } },
{ "type": "Feature", "properties": { "kind": "L1", "value": "37.68316186651161", "building_uid": "2739" }, "geometry": { "type": "MultiLineString", "coordinates": [ [ [ -90.514268493283808, 14.646578949402233 ], [ -90.514615382962802, 14.64662155063003 ] ], [ [ -90.514615382962802, 14.64662155063003 ], [ -90.514548806773604, 14.646642375248154 ] ], [ [ -90.514615382962802, 14.64662155063003 ], [ -90.514556203591056, 14.646585282155606 ] ] ] } },
{ "type": "Feature", "properties": { "kind": "L1", "value": "32.2497283204704", "building_uid": "2743" }, "geometry": { "type": "MultiLineString", "coordinates": [ [ [ -90.513748070937496, 14.646392761745322 ], [ -90.513452764152973, 14.646345773456259 ] ], [ [ -90.513452764152973, 14.646345773456259 ], [ -90.513510371195963, 14.646329988991637 ] ], [ [ -90.513452764152973, 14.646345773456259 ], [ -90.513502212616302, 14.646378592314326 ] ] ] } },
{ "type": "Feature", "properties": { "kind": "L1", "value": "9.080494044521227", "building_uid": "2754" }, "geometry": { "type": "MultiLineString", "coordinates": [ [ [ -90.513859173037744, 14.647676395775138 ], [ -90.513870664299489, 14.647595133779689 ] ], [ [ -90.513870664299489, 14.647595133779689 ], [ -90.513875636163249, 14.647610809099607 ] ], [ [ -90.513870664299489, 14.647595133779689 ], [ -90.513861526589821, 14.647608917811636 ] ] ] } },
{ "type": "Feature", "properties": { "kind": "L1", "value": "23.90579640618012", "building_uid": "2756" }, "geometry": { "type": "MultiLineString", "coordinates": [ [ [ -90.513988403299052, 14.64775155338415 ], [ -90.513768732838173, 14.647721645250376 ] ], [ [ -90.513768732838173, 14.647721645250376 ], [ -90.513811147132046, 14.647708989246921 ] ], [ [ -90.513768732838173, 14.647721645250376 ], [ -90.51380595414949, 14.647745143672964 ] ] ] } },
{ "type": "Feature", "properties": { "kind": "L1", "value": "12.90802167202131", "building_uid": "2760" }, "geometry": { "type": "MultiLineString", "coordinates": [ [ [ -90.513747365536204, 14.647691947968028 ], [ -90.513764746863302, 14.647576578003187 ] ], [ [ -90.513764746863302, 14.647576578003187 ], [ -90.513771612179767, 14.647598920494593 ] ], [ [ -90.513764746863302, 14.647576578003187 ], [ -90.513751580418358, 14.647596059791155 ] ] ] } },
{ "type": "Feature", "properties": { "kind": "L1", "value": "18.785270514657324", "building_uid": "2784" }, "geometry": { "type": "MultiLineString", "coordinates": [ [ [ -90.513567654819056, 14.648297255987984 ], [ -90.513600576168045, 14.648130613998047 ] ], [ [ -90.513600576168045, 14.648130613998047 ], [ -90.513609075914431, 14.648163528955802 ] ], [ [ -90.513600576168045, 14.648130613998047 ], [ -90.513580141682553, 14.648158110614874 ] ] ] } },
{ "type": "Feature", "properties": { "kind": "L1", "value": "27.921060611243472", "building_uid": "2802" }, "geometry": { "type": "MultiLineString", "coordinates": [ [ [ -90.512757962490156, 14.647922619903941 ], [ -90.512722689224773, 14.648172495388486 ] ], [ [ -90.512722689224773, 14.648172495388486 ], [ -90.5127073898487, 14.648124299849144 ] ], [ [ -90.512722689224773, 14.648172495388486 ], [ -90.512750775994533, 14.648130105290303 ] ] ] } },
{ "type": "Feature", "properties": { "kind": "L1", "value": "12.558158819938845", "building_uid": "2817" }, "geometry": { "type": "MultiLineString", "coordinates": [ [ [ -90.512795890406494, 14.647785148440818 ], [ -90.512680562588798, 14.647768963476425 ] ], [ [ -90.512680562588798, 14.647768963476425 ], [ -90.512702872192122, 14.647762406588893 ] ], [ [ -90.512680562588798, 14.647768963476425 ], [ -90.512700061981079, 14.647781387795735 ] ] ] } },
{ "type": "Feature", "properties": { "kind": "L1", "value": "20.492615994788373", "building_uid": "2823" }, "geometry": { "type": "MultiLineString", "coordinates": [ [ [ -90.512039026936691, 14.64789189354706 ], [ -90.512013933012938, 14.648075393840736 ] ], [ [ -90.512013933012938, 14.648075393840736 ], [ -90.512002550912499, 14.648040067253437 ] ], [ [ -90.512013933012938, 14.648075393840736 ], [ -90.512034412251182, 14.648044197330718 ] ] ] } },
{ "type": "Feature", "properties": { "kind": "L1", "value": "12.896423177534619", "building_uid": "2852" }, "geometry": { "type": "MultiLineString", "coordinates": [ [ [ -90.512147454451792, 14.647074458104562 ], [ -90.51226673614751, 14.647083688876549 ] ], [ [ -90.51226673614751, 14.647083688876549 ], [ -90.512244313591125, 14.647091831706929 ] ], [ [ -90.51226673614751, 14.647083688876549 ], [ -90.512245916328894, 14.647072199686791 ] ] ] } },
{ "type": "Feature", "properties": { "kind": "L1", "value": "18.407449017338507", "building_uid": "2857" }, "geometry": { "type": "MultiLineString", "coordinates": [ [ [ -90.512206299819283, 14.645996631579555 ], [ -90.512180244774171, 14.646160968521411 ] ], [ [ -90.512180244774171, 14.646160968521411 ], [ -90.512170700689325, 14.646129036401538 ] ], [ [ -90.512180244774171, 14.646160968521411 ], [ -90.512199234424273, 14.646133324702062 ] ] ] } },
{ "type": "Feature", "properties": { "kind": "L1", "value": "10.633209118209097", "building_uid": "2862" }, "geometry": { "type": "MultiLineString", "coordinates": [ [ [ -90.514759888873442, 14.645761071050028 ], [ -90.514745277145906, 14.645856066784511 ] ], [ [ -90.514745277145906, 14.645856066784511 ], [ -90.514739678673777, 14.645837645264335 ] ], [ [ -90.514745277145906, 14.645856066784511 ], [ -90.514756172710008, 14.645840050155378 ] ] ] } },
{ "type": "Feature", "properties": { "kind": "L1", "value": "12.97199489886362", "building_uid": "2866" }, "geometry": { "type": "MultiLineString", "coordinates": [ [ [ -90.514514918481012, 14.645723244447078 ], [ -90.514395935960863, 14.645705575736395 ] ], [ [ -90.514395935960863, 14.645705575736395 ], [ -90.514419036818538, 14.645698986947762 ] ], [ [ -90.514395935960863, 14.645705575736395 ], [ -90.514415969012504, 14.645718569849612 ] ] ] } },
{ "type": "Feature", "properties": { "kind": "L1", "value": "41.47384522744324", "building_uid": "2873" }, "geometry": { "type": "MultiLineString", "coordinates": [ [ [ -90.51396542592326, 14.645117939811181 ], [ -90.514031415431688, 14.644748836181646 ] ], [ [ -90.514031415431688, 14.644748836181646 ], [ -90.514051497535831, 14.644821170984494 ] ], [ [ -90.514031415431688, 14.644748836181646 ], [ -90.51398741065529, 14.64481030998161 ] ] ] } },
{ "type": "Feature", "properties": { "kind": "L1", "value": "18.142327241774268", "building_uid": "2880" }, "geometry": { "type": "MultiLineString", "coordinates": [ [ [ -90.513976308264716, 14.645284787058579 ], [ -90.514003642474776, 14.64512307370477 ] ], [ [ -90.514003642474776, 14.64512307370477 ], [ -90.514012726876459, 14.645154635543284 ] ], [ [ -90.514003642474776, 14.64512307370477 ], [ -90.513984648799365, 14.645150136695896 ] ] ] } },
{ "type": "Feature", "properties": { "kind": "L1", "value": "41.889632954121645", "building_uid": "2881" }, "geometry": { "type": "MultiLineString", "coordinates": [ [ [ -90.514140691331988, 14.644768082816771 ], [ -90.51406470349302, 14.645139189826386 ] ], [ [ -90.51406470349302, 14.645139189826386 ], [ -90.514046259798349, 14.64506566908565 ] ], [ [ -90.51406470349302, 14.645139189826386 ], [ -90.514110694591082, 14.64507817570513 ] ] ] } },
{ "type": "Feature", "properties": { "kind": "L1", "value": "14.084288772779919", "building_uid": "2882" }, "geometry": { "type": "MultiLineString", "coordinates": [ [ [ -90.513609146318203, 14.645135163964964 ], [ -90.513625856780564, 14.64500897821749 ] ], [ [ -90.513625856780564, 14.64500897821749 ], [ -90.513633782545099, 14.645033226003576 ] ], [ [ -90.513625856780564, 14.64500897821749 ], [ -90.513611873092003, 14.645030475681931 ] ] ] } },
{ "type": "Feature", "properties": { "kind": "L1", "value": "29.042099666077196", "building_uid": "2891" }, "geometry": { "type": "MultiLineString", "coordinates": [ [ [ -90.512180083147811, 14.64535556201187 ], [ -90.512447436831749, 14.64538831254446 ] ], [ [ -90.512447436831749, 14.64538831254446 ], [ -90.512396132665771, 14.645404377579052 ] ], [ [ -90.512447436831749, 14.64538831254446 ], [ -90.512401819087273, 14.645360374728437 ] ] ] } },
{ "type": "Feature", "properties": { "kind": "L1", "value": "8.254065163332102", "building_uid": "2897" }, "geometry": { "type": "MultiLineString", "coordinates": [ [ [ -90.512502196948276, 14.645170377311072 ], [ -90.512490204367964, 14.645244020373877 ] ], [ [ -90.512490204367964, 14.645244020373877 ], [ -90.512485984886482, 14.645229684807465 ] ], [ [ -90.512490204367964, 14.645244020373877 ], [ -90.512498771438899, 14.645231658627946 ] ] ] } },
{ "type": "Feature", "properties": { "kind": "L1", "value": "13.913778605512764", "building_uid": "12745" }, "geometry": { "type": "MultiLineString", "coordinates": [ [ [ -90.51408405916969, 14.646241273563739 ], [ -90.514211914702358, 14.646258662729362 ] ], [ [ -90.514211914702358, 14.646258662729362 ], [ -90.514187229772148, 14.646266032361583 ] ], [ [ -90.514211914702358, 14.646258662729362 ], [ -90.514190249041718, 14.646244989132592 ] ] ] } },
{ "type": "Feature", "properties": { "kind": "L1", "value": "25.05280681474597", "building_uid": "12746" }, "geometry": { "type": "MultiLineString", "coordinates": [ [ [ -90.51429513563393, 14.646284143564408 ], [ -90.51452561035741, 14.646313576942292 ] ], [ [ -90.51452561035741, 14.646313576942292 ], [ -90.514481278895531, 14.64632720826992 ] ], [ [ -90.51452561035741, 14.646313576942292 ], [ -90.51448638938929, 14.646289275367206 ] ] ] } },
{ "type": "Feature", "properties": { "kind": "L1", "value": "33.20346851450129", "building_uid": "12782" }, "geometry": { "type": "MultiLineString", "coordinates": [ [ [ -90.513526155816578, 14.644452992014298 ], [ -90.513221072238352, 14.644411322837396 ] ], [ [ -90.513221072238352, 14.644411322837396 ], [ -90.513279989629311, 14.644393769438475 ] ], [ [ -90.513221072238352, 14.644411322837396 ], [ -90.513272754668378, 14.644443982332657 ] ] ] } },
{ "type": "Feature", "properties": { "kind": "L1", "value": "18.061147315742975", "building_uid": "12783" }, "geometry": { "type": "MultiLineString", "coordinates": [ [ [ -90.513150445942827, 14.643725992476003 ], [ -90.513174604915335, 14.64356454176961 ] ], [ [ -90.513174604915335, 14.64356454176961 ], [ -90.513184241962662, 14.643595794713448 ] ], [ [ -90.513174604915335, 14.64356454176961 ], [ -90.513156209690536, 14.643591818439427 ] ] ] } },
{ "type": "Feature", "properties": { "kind": "L1", "value": "24.64380003929577", "building_uid": "12784" }, "geometry": { "type": "MultiLineString", "coordinates": [ [ [ -90.513588560626715, 14.643420110973594 ], [ -90.513556795773724, 14.643640571794272 ] ], [ [ -90.513556795773724, 14.643640571794272 ], [ -90.513543414504994, 14.643597996663871 ] ], [ [ -90.513556795773724, 14.643640571794272 ], [ -90.513581692551369, 14.643603224782447 ] ] ] } },
{ "type": "Feature", "properties": { "kind": "L1", "value": "51.694848283972945", "building_uid": "12785" }, "geometry": { "type": "MultiLineString", "coordinates": [ [ [ -90.513231019982811, 14.644154829458618 ], [ -90.513278516978403, 14.643690140033678 ] ], [ [ -90.513278516978403, 14.643690140033678 ], [ -90.513310249078145, 14.643778279068409 ] ], [ [ -90.513278516978403, 14.643690140033678 ], [ -90.513229566176079, 14.643770461658532 ] ] ] } },
{ "type": "Feature", "properties": { "kind": "L1", "value": "80.07428742612936", "building_uid": "12786" }, "geometry": { "type": "MultiLineString", "coordinates": [ [ [ -90.513533613131401, 14.643636323837026 ], [ -90.513430400460223, 14.644352659849101 ] ], [ [ -90.513430400460223, 14.644352659849101 ], [ -90.513386921064935, 14.644214321887898 ] ], [ [ -90.513430400460223, 14.644352659849101 ], [ -90.513511296997919, 14.644231309460434 ] ] ] } },
{ "type": "Feature", "properties": { "kind": "L1", "value": "13.475789472915439", "building_uid": "12788" }, "geometry": { "type": "MultiLineString", "coordinates": [ [ [ -90.51431480723798, 14.644560375563579 ], [ -90.514438186875182, 14.644580102488703 ] ], [ [ -90.514438186875182, 14.644580102488703 ], [ -90.514414110313709, 14.644586680118559 ] ], [ [ -90.514438186875182, 14.644580102488703 ], [ -90.514417535461178, 14.644566373401672 ] ] ] } },
{ "type": "Feature", "properties": { "kind": "L1", "value": "17.84943100620512", "building_uid": "12846" }, "geometry": { "type": "MultiLineString", "coordinates": [ [ [ -90.512532038337085, 14.644079311289785 ], [ -90.512367827757757, 14.64405838256471 ] ], [ [ -90.512367827757757, 14.64405838256471 ], [ -90.512399409726612, 14.644048662631622 ] ], [ [ -90.512367827757757, 14.64405838256471 ], [ -90.512395775911813, 14.644075689660838 ] ] ] } },
{ "type": "Feature", "properties": { "kind": "L1", "value": "12.17480534342442", "building_uid": "12847" }, "geometry": { "type": "MultiLineString", "coordinates": [ [ [ -90.512461901927594, 14.643867740063053 ], [ -90.51244657480764, 14.643976703847803 ] ], [ [ -90.51244657480764, 14.643976703847803 ], [ -90.512439893460325, 14.643955691574119 ] ], [ [ -90.51244657480764, 14.643976703847803 ], [ -90.512458812593948, 14.643958214231114 ] ] ] } },
{ "type": "Feature", "properties": { "kind": "L1", "value": "12.079758081487515", "building_uid": "12848" }, "geometry": { "type": "MultiLineString", "coordinates": [ [ [ -90.512415445889417, 14.643935818665426 ], [ -90.512304501550858, 14.643920330729776 ] ], [ [ -90.512304501550858, 14.643920330729776 ], [ -90.512325956061261, 14.643914008062151 ] ], [ [ -90.512304501550858, 14.643920330729776 ], [ -90.512323266923886, 14.643932268139537 ] ] ] } },
{ "type": "Feature", "properties": { "kind": "L1", "value": "17.766197710775568", "building_uid": "12856" }, "geometry": { "type": "MultiLineString", "coordinates": [ [ [ -90.51188568544319, 14.647603060059947 ], [ -90.511722525339806, 14.647580193542192 ] ], [ [ -90.511722525339806, 14.647580193542192 ], [ -90.511754085157165, 14.647570911522433 ] ], [ [ -90.511722525339806, 14.647580193542192 ], [ -90.511750114823187, 14.64759776521934 ] ] ] } },
{ "type": "Feature", "properties": { "kind": "L1", "value": "15.167756565772306", "building_uid": "12915" }, "geometry": { "type": "MultiLineString", "coordinates": [ [ [ -90.515060080521465, 14.645461984414084 ], [ -90.514920470546144, 14.645444721234306 ] ], [ [ -90.514920470546144, 14.645444721234306 ], [ -90.514947275160779, 14.645436361427327 ] ], [ [ -90.514920470546144, 14.645444721234306 ], [ -90.514944277769089, 14.645459339354883 ] ] ] } },
{ "type": "Feature", "properties": { "kind": "L1", "value": "20.26570085625042", "building_uid": "12919" }, "geometry": { "type": "MultiLineString", "coordinates": [ [ [ -90.513980796636176, 14.644324767055732 ], [ -90.51379455201112, 14.64429959403892 ] ], [ [ -90.51379455201112, 14.64429959403892 ], [ -90.513830496370971, 14.644288830186852 ] ], [ [ -90.51379455201112, 14.64429959403892 ], [ -90.513826125622472, 14.644319483712531 ] ] ] } },
{ "type": "Feature", "properties": { "kind": "L1", "value": "18.382779875432327", "building_uid": "12951" }, "geometry": { "type": "MultiLineString", "coordinates": [ [ [ -90.514520939012925, 14.645983484157741 ], [ -90.514548891400835, 14.645819668632027 ] ], [ [ -90.514548891400835, 14.645819668632027 ], [ -90.514558046295221, 14.645851662378016 ] ], [ [ -90.514548891400835, 14.645819668632027 ], [ -90.514529603129233, 14.645847061801623 ] ] ] } },
{ "type": "Feature", "properties": { "kind": "L1", "value": "17.471843488261513", "building_uid": "12956" }, "geometry": { "type": "MultiLineString", "coordinates": [ [ [ -90.51441749228853, 14.647406170487567 ], [ -90.514441064050203, 14.647250016125081 ] ], [ [ -90.514441064050203, 14.647250016125081 ], [ -90.51445034797139, 14.647280260688513 ] ], [ [ -90.514441064050203, 14.647250016125081 ], [ -90.514423234828527, 14.64727638112819 ] ] ] } },
{ "type": "Feature", "properties": { "kind": "L1", "value": "12.526412508633683", "building_uid": "12987" }, "geometry": { "type": "MultiLineString", "coordinates": [ [ [ -90.515107113458043, 14.644194398893074 ], [ -90.515222574625426, 14.644207338378067 ] ], [ [ -90.515222574625426, 14.644207338378067 ], [ -90.515200522626202, 14.64421449468586 ] ], [ [ -90.515222574625426, 14.644207338378067 ], [ -90.515202769279028, 14.644195491216051 ] ] ] } },
{ "type": "Feature", "properties": { "kind": "L1", "value": "14.605587041268489", "building_uid": "12997" }, "geometry": { "type": "MultiLineString", "coordinates": [ [ [ -90.512946302159691, 14.645562190684021 ], [ -90.512812040222897, 14.645544287671752 ] ], [ [ -90.512812040222897, 14.645544287671752 ], [ -90.512837930991083, 14.645536483954107 ] ], [ [ -90.512812040222897, 14.645544287671752 ], [ -90.512834822504885, 14.645558581656132 ] ] ] } },
{ "type": "Feature", "properties": { "kind": "L1", "value": "18.904480005997264", "building_uid": "1000003" }, "geometry": { "type": "MultiLineString", "coordinates": [ [ [ -90.514360075187994, 14.642961449946371 ], [ -90.514388405981151, 14.642792918798804 ] ], [ [ -90.514388405981151, 14.642792918798804 ], [ -90.514397901465955, 14.642825798478427 ] ], [ [ -90.514388405981151, 14.642792918798804 ], [ -90.514368639938965, 14.642821135556719 ] ] ] } },
{ "type": "Feature", "properties": { "kind": "L1", "value": "11.104665803930798", "building_uid": "1000002" }, "geometry": { "type": "MultiLineString", "coordinates": [ [ [ -90.51437233456835, 14.64296070761217 ], [ -90.514359252377005, 14.643060209638556 ] ], [ [ -90.514359252377005, 14.643060209638556 ], [ -90.514352985558304, 14.643041097157305 ] ], [ [ -90.514359252377005, 14.643060209638556 ], [ -90.514370261795449, 14.643043250335467 ] ] ] } },
{ "type": "Feature", "properties": { "kind": "L1", "value": "13.913354613574864", "building_uid": "1000004" }, "geometry": { "type": "MultiLineString", "coordinates": [ [ [ -90.515082246836087, 14.643104912155964 ], [ -90.515065271419232, 14.643229507014807 ] ], [ [ -90.515065271419232, 14.643229507014807 ], [ -90.5150575318889, 14.643205525778585 ] ], [ [ -90.515065271419232, 14.643229507014807 ], [ -90.515079164935329, 14.643208319735042 ] ] ] } },
{ "type": "Feature", "properties": { "kind": "L1", "value": "7.354462899041053", "building_uid": "1000005" }, "geometry": { "type": "MultiLineString", "coordinates": [ [ [ -90.512474881335052, 14.64345987432902 ], [ -90.512542588633522, 14.643468131547554 ] ], [ [ -90.512542588633522, 14.643468131547554 ], [ -90.512529599063626, 14.643472206740466 ] ], [ [ -90.512542588633522, 14.643468131547554 ], [ -90.512531032741379, 14.643461062924864 ] ] ] } },
{ "type": "Feature", "properties": { "kind": "L1", "value": "16.60208068194083", "building_uid": "1000012" }, "geometry": { "type": "MultiLineString", "coordinates": [ [ [ -90.513002821488627, 14.644322529542952 ], [ -90.513155105491066, 14.644345101163388 ] ], [ [ -90.513155105491066, 14.644345101163388 ], [ -90.513125542721539, 14.644353541820772 ] ], [ [ -90.513155105491066, 14.644345101163388 ], [ -90.513129461782299, 14.644328477785884 ] ] ] } },
{ "type": "Feature", "properties": { "kind": "L1", "value": "14.462730972862381", "building_uid": "1000007" }, "geometry": { "type": "MultiLineString", "coordinates": [ [ [ -90.51400930290481, 14.643664540768761 ], [ -90.513985654893759, 14.643793144968871 ] ], [ [ -90.513985654893759, 14.643793144968871 ], [ -90.513978776754797, 14.643767887882779 ] ], [ [ -90.513985654893759, 14.643793144968871 ], [ -90.514001105989536, 14.643771780060462 ] ] ] } },
{ "type": "Feature", "properties": { "kind": "L1", "value": "6.046856875665316", "building_uid": "1000008" }, "geometry": { "type": "MultiLineString", "coordinates": [ [ [ -90.51441719750288, 14.644515749936339 ], [ -90.514425227246008, 14.644461688035786 ] ], [ [ -90.514425227246008, 14.644461688035786 ], [ -90.514428465096273, 14.644472148176945 ] ], [ [ -90.514425227246008, 14.644461688035786 ], [ -90.514419078429199, 14.644470826583291 ] ] ] } },
{ "type": "Feature", "properties": { "kind": "L1", "value": "7.010401194533898", "building_uid": "1000009" }, "geometry": { "type": "MultiLineString", "coordinates": [ [ [ -90.514673664768964, 14.643837759406019 ], [ -90.514666395920855, 14.643900691158581 ] ], [ [ -90.514666395920855, 14.643900691158581 ], [ -90.514662250137405, 14.643888685869188 ] ], [ [ -90.514666395920855, 14.643900691158581 ], [ -90.514673176830854, 14.643889882233076 ] ] ] } },
{ "type": "Feature", "properties": { "kind": "L1", "value": "20.590840316301502", "building_uid": "1000011" }, "geometry": { "type": "MultiLineString", "coordinates": [ [ [ -90.514998844681656, 14.643998987597408 ], [ -90.514809148186231, 14.643976907448636 ] ], [ [ -90.514809148186231, 14.643976907448636 ], [ -90.514845449730814, 14.643965298888284 ] ], [ [ -90.514809148186231, 14.643976907448636 ], [ -90.51484161599619, 14.643996520595323 ] ] ] } },
{ "type": "Feature", "properties": { "kind": "L1", "value": "17.93658799086918", "building_uid": "182" }, "geometry": { "type": "MultiLineString", "coordinates": [ [ [ -90.514589934083943, 14.644150351862347 ], [ -90.514755084646765, 14.644170330954063 ] ], [ [ -90.514755084646765, 14.644170330954063 ], [ -90.51472341473405, 14.644180300386594 ] ], [ [ -90.514755084646765, 14.644170330954063 ], [ -90.514726883655385, 14.644153118655636 ] ] ] } },
{ "type": "Feature", "properties": { "kind": "L1", "value": "22.931710033723302", "building_uid": "1000013" }, "geometry": { "type": "MultiLineString", "coordinates": [ [ [ -90.514752461619295, 14.644163723640879 ], [ -90.514964086696949, 14.644185154077473 ] ], [ [ -90.514964086696949, 14.644185154077473 ], [ -90.514923866744397, 14.644198685005398 ] ], [ [ -90.514964086696949, 14.644185154077473 ], [ -90.514927587655862, 14.644163854148477 ] ] ] } },
{ "type": "Feature", "properties": { "kind": "L1", "value": "10.89683576626421", "building_uid": "1000016" }, "geometry": { "type": "MultiLineString", "coordinates": [ [ [ -90.514641659204472, 14.645277926538061 ], [ -90.514741963581997, 14.645290284766995 ] ], [ [ -90.514741963581997, 14.645290284766995 ], [ -90.514722709381871, 14.645296299082421 ] ], [ [ -90.514741963581997, 14.645290284766995 ], [ -90.514724855123916, 14.64527979031406 ] ] ] } },
{ "type": "Feature", "properties": { "kind": "L1", "value": "9.8466745294172", "building_uid": "1000019" }, "geometry": { "type": "MultiLineString", "coordinates": [ [ [ -90.514929243755361, 14.645436450212603 ], [ -90.514838428513329, 14.645426745133841 ] ], [ [ -90.514838428513329, 14.645426745133841 ], [ -90.514855732366485, 14.64542103080837 ] ], [ [ -90.514838428513329, 14.645426745133841 ], [ -90.514854047282412, 14.645435977779766 ] ] ] } },
{ "type": "Feature", "properties": { "kind": "L1", "value": "9.1482449544694", "building_uid": "1000015" }, "geometry": { "type": "MultiLineString", "coordinates": [ [ [ -90.514615262857589, 14.645181637514497 ], [ -90.51453128065657, 14.645169647676797 ] ], [ [ -90.51453128065657, 14.645169647676797 ], [ -90.514547544290778, 14.645164909795209 ] ], [ [ -90.51453128065657, 14.645169647676797 ], [ -90.514545462509261, 14.645178732155967 ] ] ] } },
{ "type": "Feature", "properties": { "kind": "L1", "value": "39.81601787114463", "building_uid": "2861" }, "geometry": { "type": "MultiLineString", "coordinates": [ [ [ -90.512242142518403, 14.646630374976471 ], [ -90.512294600053991, 14.646274342379982 ] ], [ [ -90.512294600053991, 14.646274342379982 ], [ -90.512316000445765, 14.646343194283254 ] ], [ [ -90.512294600053991, 14.646274342379982 ], [ -90.512254182633953, 14.646334560525814 ] ] ] } },
{ "type": "Feature", "properties": { "kind": "L1", "value": "11.199983285423427", "building_uid": "1000023" }, "geometry": { "type": "MultiLineString", "coordinates": [ [ [ -90.512070705317456, 14.64745685224584 ], [ -90.512174225972643, 14.647465689850057 ] ], [ [ -90.512174225972643, 14.647465689850057 ], [ -90.512154694418498, 14.647472606912244 ] ], [ [ -90.512174225972643, 14.647465689850057 ], [ -90.512156228893971, 14.647455568958691 ] ] ] } },
{ "type": "Feature", "properties": { "kind": "L1", "value": "13.605177587055705", "building_uid": "1000020" }, "geometry": { "type": "MultiLineString", "coordinates": [ [ [ -90.512135938175135, 14.647099325059479 ], [ -90.512132374955598, 14.647222178159229 ] ], [ [ -90.512132374955598, 14.647222178159229 ], [ -90.512122355319832, 14.647199616387828 ] ], [ [ -90.512132374955598, 14.647222178159229 ], [ -90.512143686343194, 14.647200202842033 ] ] ] } },
{ "type": "Feature", "properties": { "kind": "L1", "value": "14.514462166759477", "building_uid": "1000021" }, "geometry": { "type": "MultiLineString", "coordinates": [ [ [ -90.512134460306811, 14.647210711548722 ], [ -90.512269079105835, 14.647214353411913 ] ], [ [ -90.512269079105835, 14.647214353411913 ], [ -90.512244361724498, 14.647224771422328 ] ], [ [ -90.512269079105835, 14.647214353411913 ], [ -90.512244994058136, 14.647202615153365 ] ] ] } },
{ "type": "Feature", "properties": { "kind": "L1", "value": "18.1545203401998", "building_uid": "1000024" }, "geometry": { "type": "MultiLineString", "coordinates": [ [ [ -90.51420787506099, 14.647379259225817 ], [ -90.514219664396819, 14.647215662691504 ] ], [ [ -90.514219664396819, 14.647215662691504 ], [ -90.514231730109088, 14.647246286628308 ] ], [ [ -90.514219664396819, 14.647215662691504 ], [ -90.514203324783637, 14.647244346279841 ] ] ] } },
{ "type": "Feature", "properties": { "kind": "L1", "value": "27.5175477587978", "building_uid": "1000001" }, "geometry": { "type": "MultiLineString", "coordinates": [ [ [ -90.514268109911214, 14.643003968320535 ], [ -90.514230879103593, 14.643249890769937 ] ], [ [ -90.514230879103593, 14.643249890769937 ], [ -90.514216278224964, 14.64320225060372 ] ], [ [ -90.514230879103593, 14.643249890769937 ], [ -90.514258977030437, 14.643208378365447 ] ] ] } },
{ "type": "Feature", "properties": { "kind": "L1", "value": "22.368942713235185", "building_uid": "1000017" }, "geometry": { "type": "MultiLineString", "coordinates": [ [ [ -90.514626683352802, 14.645717436535035 ], [ -90.51459689399293, 14.645917414001676 ] ], [ [ -90.51459689399293, 14.645917414001676 ], [ -90.514584932695229, 14.64587871431333 ] ], [ [ -90.51459689399293, 14.645917414001676 ], [ -90.514619654635155, 14.645883617236985 ] ] ] } },
{ "type": "Feature", "properties": { "kind": "L2", "value": "26.603618089948892", "building_uid": "7" }, "geometry": { "type": "MultiLineString", "coordinates": [ [ [ -90.513866180447479, 14.64275877759318 ], [ -90.51411079557549, 14.642790928298792 ] ], [ [ -90.51411079557549, 14.642790928298792 ], [ -90.514063665142615, 14.642805231065111 ] ], [ [ -90.51411079557549, 14.642790928298792 ], [ -90.514069247352595, 14.642764970194943 ] ] ] } },
{ "type": "Feature", "properties": { "kind": "L2", "value": "37.648310823515004", "building_uid": "8" }, "geometry": { "type": "MultiLineString", "coordinates": [ [ [ -90.514789104440794, 14.642949757704207 ], [ -90.515135062373147, 14.642996756700711 ] ], [ [ -90.515135062373147, 14.642996756700711 ], [ -90.51506827334903, 14.643016707972965 ] ], [ [ -90.515135062373147, 14.642996756700711 ], [ -90.515076433614055, 14.642959767278571 ] ] ] } },
{ "type": "Feature", "properties": { "kind": "L2", "value": "22.787863597582184", "building_uid": "9" }, "geometry": { "type": "MultiLineString", "coordinates": [ [ [ -90.515356883563584, 14.642956416497791 ], [ -90.515147475624019, 14.642928008235431 ] ], [ [ -90.515147475624019, 14.642928008235431 ], [ -90.515187899450979, 14.642915924507655 ] ], [ [ -90.515147475624019, 14.642928008235431 ], [ -90.515182967002403, 14.642950390641623 ] ] ] } },
{ "type": "Feature", "properties": { "kind": "L2", "value": "20.2909500204889", "building_uid": "10" }, "geometry": { "type": "MultiLineString", "coordinates": [ [ [ -90.515352858556994, 14.642978129224613 ], [ -90.515539153357537, 14.643004571732554 ] ], [ [ -90.515539153357537, 14.643004571732554 ], [ -90.515503089704353, 14.643015109720775 ] ], [ [ -90.515539153357537, 14.643004571732554 ], [ -90.515507680828634, 14.642984447745032 ] ] ] } },
{ "type": "Feature", "properties": { "kind": "L2", "value": "7.3990099740892346", "building_uid": "53" }, "geometry": { "type": "MultiLineString", "coordinates": [ [ [ -90.514285799297014, 14.642660237811487 ], [ -90.514277211699309, 14.642726551709879 ] ], [ [ -90.514277211699309, 14.642726551709879 ], [ -90.514273011368772, 14.64271382483858 ] ], [ [ -90.514277211699309, 14.642726551709879 ], [ -90.514284525233833, 14.642715238260259 ] ] ] } },
{ "type": "Feature", "properties": { "kind": "L2", "value": "15.803982017340676", "building_uid": "54" }, "geometry": { "type": "MultiLineString", "coordinates": [ [ [ -90.514362586194679, 14.642800385210723 ], [ -90.514507971609646, 14.642818966805319 ] ], [ [ -90.514507971609646, 14.642818966805319 ], [ -90.514480005690771, 14.642827563074103 ] ], [ [ -90.514507971609646, 14.642818966805319 ], [ -90.514483231948915, 14.642803634291861 ] ] ] } },
{ "type": "Feature", "properties": { "kind": "L2", "value": "19.317163654692614", "building_uid": "55" }, "geometry": { "type": "MultiLineString", "coordinates": [ [ [ -90.514665678055479, 14.642800880254825 ], [ -90.514488116651194, 14.642777132982868 ] ], [ [ -90.514488116651194, 14.642777132982868 ], [ -90.514522363287952, 14.642766825168813 ] ], [ [ -90.514488116651194, 14.642777132982868 ], [ -90.514518240118406, 14.642796049751096 ] ] ] } },
{ "type": "Feature", "properties": { "kind": "L2", "value": "21.810613696612076", "building_uid": "105" }, "geometry": { "type": "MultiLineString", "coordinates": [ [ [ -90.514714890832309, 14.643370684157729 ], [ -90.514914599810311, 14.643402495834405 ] ], [ [ -90.514914599810311, 14.643402495834405 ], [ -90.514875638560426, 14.643413164479856 ] ], [ [ -90.514914599810311, 14.643402495834405 ], [ -90.514881161926141, 14.643380294744851 ] ] ] } },
{ "type": "Feature", "properties": { "kind": "L2", "value": "13.72393180214011", "building_uid": "106" }, "geometry": { "type": "MultiLineString", "coordinates": [ [ [ -90.514427566949564, 14.643685037639377 ], [ -90.51455369210565, 14.643702080580486 ] ], [ [ -90.51455369210565, 14.643702080580486 ], [ -90.5145293509011, 14.643709370694424 ] ], [ [ -90.51455369210565, 14.643702080580486 ], [ -90.514532310021011, 14.64368861201612 ] ] ] } },
{ "type": "Feature", "properties": { "kind": "L2", "value": "21.63516694155663", "building_uid": "107" }, "geometry": { "type": "MultiLineString", "coordinates": [ [ [ -90.513963374802188, 14.643634668970549 ], [ -90.513764946687417, 14.64360511563323 ] ], [ [ -90.513764946687417, 14.64360511563323 ], [ -90.513803479709964, 14.643594143089507 ] ], [ [ -90.513764946687417, 14.64360511563323 ], [ -90.513798348430583, 14.643626801968656 ] ] ] } },
{ "type": "Feature", "properties": { "kind": "L2", "value": "20.456236345078015", "building_uid": "108" }, "geometry": { "type": "MultiLineString", "coordinates": [ [ [ -90.514181233298373, 14.643646322854252 ], [ -90.5139933871869, 14.643619889154568 ] ], [ [ -90.5139933871869, 14.643619889154568 ], [ -90.514029731272231, 14.643609221975286 ] ], [ [ -90.5139933871869, 14.643619889154568 ], [ -90.514025141648176, 14.643640139182395 ] ] ] } },
{ "type": "Feature", "properties": { "kind": "L2", "value": "17.862865345813155", "building_uid": "109" }, "geometry": { "type": "MultiLineString", "coordinates": [ [ [ -90.514307672344074, 14.643728557080136 ], [ -90.514143513031016, 14.643706351112108 ] ], [ [ -90.514143513031016, 14.643706351112108 ], [ -90.514175196586436, 14.643696866891045 ] ], [ [ -90.514143513031016, 14.643706351112108 ], [ -90.514171341013011, 14.643723885526249 ] ] ] } },
{ "type": "Feature", "properties": { "kind": "L2", "value": "12.335146747133557", "building_uid": "110" }, "geometry": { "type": "MultiLineString", "coordinates": [ [ [ -90.51431240624035, 14.643686655243906 ], [ -90.514425745245248, 14.643702133901028 ] ], [ [ -90.514425745245248, 14.643702133901028 ], [ -90.514403857479834, 14.643708655335425 ] ], [ [ -90.514425745245248, 14.643702133901028 ], [ -90.514406544997712, 14.643690001103442 ] ] ] } },
{ "type": "Feature", "properties": { "kind": "L2", "value": "13.108961955827976", "building_uid": "761" }, "geometry": { "type": "MultiLineString", "coordinates": [ [ [ -90.514582016225447, 14.645058065159192 ], [ -90.514596944686701, 14.644940540767566 ] ], [ [ -90.514596944686701, 14.644940540767566 ], [ -90.514604441526345, 14.644963071936267 ] ], [ [ -90.514596944686701, 14.644940540767566 ], [ -90.514584035938853, 14.644960614907628 ] ] ] } },
{ "type": "Feature", "properties": { "kind": "L2", "value": "13.775606413601082", "building_uid": "176" }, "geometry": { "type": "MultiLineString", "coordinates": [ [ [ -90.51516670119581, 14.6447548594035 ], [ -90.515293442859544, 14.644770946965039 ] ], [ [ -90.515293442859544, 14.644770946965039 ], [ -90.515269072839146, 14.644778460935967 ] ], [ [ -90.515293442859544, 14.644770946965039 ], [ -90.515271866092618, 14.644757600890983 ] ] ] } },
{ "type": "Feature", "properties": { "kind": "L2", "value": "18.11245984143213", "building_uid": "177" }, "geometry": { "type": "MultiLineString", "coordinates": [ [ [ -90.515005533746731, 14.644700077279548 ], [ -90.515171789675321, 14.644723940014565 ] ], [ [ -90.515171789675321, 14.644723940014565 ], [ -90.515139582242142, 14.644733296421858 ] ], [ [ -90.515171789675321, 14.644723940014565 ], [ -90.515143725482815, 14.644705932830989 ] ] ] } },
{ "type": "Feature", "properties": { "kind": "L2", "value": "10.009858916535325", "building_uid": "178" }, "geometry": { "type": "MultiLineString", "coordinates": [ [ [ -90.515007134912722, 14.644698851555608 ], [ -90.514915253559877, 14.644685663523136 ] ], [ [ -90.514915253559877, 14.644685663523136 ], [ -90.514933053024521, 14.644680492763756 ] ], [ [ -90.514915253559877, 14.644685663523136 ], [ -90.51493076320682, 14.644695615254253 ] ] ] } },
{ "type": "Feature", "properties": { "kind": "L2", "value": "12.46750670077974", "building_uid": "179" }, "geometry": { "type": "MultiLineString", "coordinates": [ [ [ -90.514916972922066, 14.644685116272276 ], [ -90.514802539487107, 14.644668645029626 ] ], [ [ -90.514802539487107, 14.644668645029626 ], [ -90.514824711806099, 14.644662213499336 ] ], [ [ -90.514802539487107, 14.644668645029626 ], [ -90.514821851929327, 14.644681047774034 ] ] ] } },
{ "type": "Feature", "properties": { "kind": "L2", "value": "17.431461948617446", "building_uid": "183" }, "geometry": { "type": "MultiLineString", "coordinates": [ [ [ -90.514805586421005, 14.643609153585606 ], [ -90.51478150776596, 14.64376486576006 ] ], [ [ -90.51478150776596, 14.64376486576006 ], [ -90.51477235434335, 14.643734659600309 ] ], [ [ -90.51478150776596, 14.64376486576006 ], [ -90.514799390265651, 14.64373862265801 ] ] ] } },
{ "type": "Feature", "properties": { "kind": "L2", "value": "17.26854632474884", "building_uid": "184" }, "geometry": { "type": "MultiLineString", "coordinates": [ [ [ -90.514289051455052, 14.644144495095384 ], [ -90.514268122057317, 14.644299153764171 ] ], [ [ -90.514268122057317, 14.644299153764171 ], [ -90.514258489220694, 14.644269397733575 ] ], [ [ -90.514268122057317, 14.644299153764171 ], [ -90.514285342291728, 14.644272842452915 ] ] ] } },
{ "type": "Feature", "properties": { "kind": "L2", "value": "29.128991637339585", "building_uid": "185" }, "geometry": { "type": "MultiLineString", "coordinates": [ [ [ -90.513905871397071, 14.644056144839331 ], [ -90.513943153629995, 14.64379552399455 ] ], [ [ -90.513943153629995, 14.64379552399455 ], [ -90.513959021295889, 14.643845832632438 ] ], [ [ -90.513943153629995, 14.64379552399455 ], [ -90.513913770314431, 14.643839696438722 ] ] ] } },
{ "type": "Feature", "properties": { "kind": "L2", "value": "11.113277086848337", "building_uid": "186" }, "geometry": { "type": "MultiLineString", "coordinates": [ [ [ -90.5141472020061, 14.644468956845536 ], [ -90.514045141792195, 14.6444546536378 ] ], [ [ -90.514045141792195, 14.6444546536378 ], [ -90.514064883104666, 14.644448847353621 ] ], [ [ -90.514045141792195, 14.6444546536378 ], [ -90.514062399663175, 14.644465645171721 ] ] ] } },
{ "type": "Feature", "properties": { "kind": "L2", "value": "21.967782232707506", "building_uid": "187" }, "geometry": { "type": "MultiLineString", "coordinates": [ [ [ -90.514055687673405, 14.644483513001997 ], [ -90.513853759421949, 14.644456515606393 ] ], [ [ -90.513853759421949, 14.644456515606393 ], [ -90.513892705003485, 14.6444447917942 ] ], [ [ -90.513853759421949, 14.644456515606393 ], [ -90.513888017486948, 14.644478026623338 ] ] ] } },
{ "type": "Feature", "properties": { "kind": "L2", "value": "21.68143829860295", "building_uid": "188" }, "geometry": { "type": "MultiLineString", "coordinates": [ [ [ -90.513187564853098, 14.643357366206384 ], [ -90.513155657696672, 14.643550745836642 ] ], [ [ -90.513155657696672, 14.643550745836642 ], [ -90.513144653246229, 14.643513067773698 ] ], [ [ -90.513155657696672, 14.643550745836642 ], [ -90.513178229241859, 14.643518319314923 ] ] ] } },
{ "type": "Feature", "properties": { "kind": "L2", "value": "13.379136143172252", "building_uid": "191" }, "geometry": { "type": "MultiLineString", "coordinates": [ [ [ -90.513057246239313, 14.644479056186622 ], [ -90.513077979114669, 14.644359893578805 ] ], [ [ -90.513077979114669, 14.644359893578805 ], [ -90.513084566030557, 14.644383199363087 ] ], [ [ -90.513077979114669, 14.644359893578805 ], [ -90.513063876057345, 14.644379786994801 ] ] ] } },
{ "type": "Feature", "properties": { "kind": "L2", "value": "14.280636858394507", "building_uid": "192" }, "geometry": { "type": "MultiLineString", "coordinates": [ [ [ -90.512750390335313, 14.644312499215598 ], [ -90.51273215319253, 14.644440275313512 ] ], [ [ -90.51273215319253, 14.644440275313512 ], [ -90.512724366128126, 14.644415613616635 ] ], [ [ -90.51273215319253, 14.644440275313512 ], [ -90.512746551647908, 14.644418615221769 ] ] ] } },
{ "type": "Feature", "properties": { "kind": "L2", "value": "10.63002943262616", "building_uid": "193" }, "geometry": { "type": "MultiLineString", "coordinates": [ [ [ -90.512667891167325, 14.644324104586186 ], [ -90.512570383245716, 14.644309672261889 ] ], [ [ -90.512570383245716, 14.644309672261889 ], [ -90.512589310610878, 14.644304264000738 ] ], [ [ -90.512570383245716, 14.644309672261889 ], [ -90.512586804752999, 14.644320312579959 ] ] ] } },
{ "type": "Feature", "properties": { "kind": "L2", "value": "10.65038316498293", "building_uid": "846" }, "geometry": { "type": "MultiLineString", "coordinates": [ [ [ -90.514119135917952, 14.646853677034578 ], [ -90.514021528281546, 14.646838663001652 ] ], [ [ -90.514021528281546, 14.646838663001652 ], [ -90.514040524236805, 14.646833352069841 ] ], [ [ -90.514021528281546, 14.646838663001652 ], [ -90.514037917347565, 14.646849416873192 ] ] ] } },
{ "type": "Feature", "properties": { "kind": "L2", "value": "14.87491295328882", "building_uid": "194" }, "geometry": { "type": "MultiLineString", "coordinates": [ [ [ -90.51232813900404, 14.644242043389612 ], [ -90.51230884103785, 14.644375095559131 ] ], [ [ -90.51230884103785, 14.644375095559131 ], [ -90.512300788226611, 14.644349390213693 ] ], [ [ -90.51230884103785, 14.644375095559131 ], [ -90.512323889813544, 14.644352566418087 ] ] ] } },
{ "type": "Feature", "properties": { "kind": "L2", "value": "14.605022079042396", "building_uid": "195" }, "geometry": { "type": "MultiLineString", "coordinates": [ [ [ -90.512306113990931, 14.644106257749639 ], [ -90.51228783991543, 14.6442369867684 ] ], [ [ -90.51228783991543, 14.6442369867684 ], [ -90.512279803201267, 14.644211786779723 ] ], [ [ -90.51228783991543, 14.6442369867684 ], [ -90.512302501409692, 14.644214794466398 ] ] ] } },
{ "type": "Feature", "properties": { "kind": "L2", "value": "11.333907950575815", "building_uid": "196" }, "geometry": { "type": "MultiLineString", "coordinates": [ [ [ -90.51234296876072, 14.643697586103459 ], [ -90.512447078628753, 14.643712010354777 ] ], [ [ -90.512447078628753, 14.643712010354777 ], [ -90.512426955287992, 14.643717963409104 ] ], [ [ -90.512447078628753, 14.643712010354777 ], [ -90.512429459732587, 14.643700828182517 ] ] ] } },
{ "type": "Feature", "properties": { "kind": "L2", "value": "73.44571867674662", "building_uid": "302" }, "geometry": { "type": "MultiLineString", "coordinates": [ [ [ -90.513023166414953, 14.6432072927156 ], [ -90.513129407382451, 14.642551934707965 ] ], [ [ -90.513129407382451, 14.642551934707965 ], [ -90.513167043879434, 14.642679468934348 ] ], [ [ -90.513129407382451, 14.642551934707965 ], [ -90.513053256226414, 14.642661982921522 ] ] ] } },
{ "type": "Feature", "properties": { "kind": "L2", "value": "12.808814446510892", "building_uid": "303" }, "geometry": { "type": "MultiLineString", "coordinates": [ [ [ -90.513902693644127, 14.64336815714184 ], [ -90.513921354505172, 14.64325388414745 ] ], [ [ -90.513921354505172, 14.64325388414745 ], [ -90.513927892459506, 14.643276133126964 ] ], [ [ -90.513921354505172, 14.64325388414745 ], [ -90.51390805156187, 14.643273061770216 ] ] ] } },
{ "type": "Feature", "properties": { "kind": "L2", "value": "11.871731948598033", "building_uid": "304" }, "geometry": { "type": "MultiLineString", "coordinates": [ [ [ -90.512672373869719, 14.643354358944805 ], [ -90.512563567956121, 14.6433376652253 ] ], [ [ -90.512563567956121, 14.6433376652253 ], [ -90.512584739527028, 14.643331737074972 ] ], [ [ -90.512563567956121, 14.6433376652253 ], [ -90.512581841040074, 14.64334964524196 ] ] ] } },
{ "type": "Feature", "properties": { "kind": "L2", "value": "20.46568365707317", "building_uid": "305" }, "geometry": { "type": "MultiLineString", "coordinates": [ [ [ -90.512457821197629, 14.643403921012752 ], [ -90.512483570225115, 14.643220752271427 ] ], [ [ -90.512483570225115, 14.643220752271427 ], [ -90.51249480445604, 14.643256072715111 ] ], [ [ -90.512483570225115, 14.643220752271427 ], [ -90.512463001387061, 14.643251834731164 ] ] ] } },
{ "type": "Feature", "properties": { "kind": "L2", "value": "16.903002179705823", "building_uid": "306" }, "geometry": { "type": "MultiLineString", "coordinates": [ [ [ -90.512328326940434, 14.643404914130331 ], [ -90.512483708117372, 14.643425620429271 ] ], [ [ -90.512483708117372, 14.643425620429271 ], [ -90.512453745893083, 14.643434654130305 ] ], [ [ -90.512483708117372, 14.643425620429271 ], [ -90.512457341066252, 14.643409080230935 ] ] ] } },
{ "type": "Feature", "properties": { "kind": "L2", "value": "18.632557668518672", "building_uid": "307" }, "geometry": { "type": "MultiLineString", "coordinates": [ [ [ -90.512795456206831, 14.643466965738998 ], [ -90.512822366222792, 14.643300700471302 ] ], [ [ -90.512822366222792, 14.643300700471302 ], [ -90.512831922564658, 14.643333052507005 ] ], [ [ -90.512822366222792, 14.643300700471302 ], [ -90.512803054387589, 14.643328623439206 ] ] ] } },
{ "type": "Feature", "properties": { "kind": "L2", "value": "30.015799325689095", "building_uid": "500" }, "geometry": { "type": "MultiLineString", "coordinates": [ [ [ -90.514866228116318, 14.645881042714734 ], [ -90.515141863395471, 14.645919813726731 ] ], [ [ -90.515141863395471, 14.645919813726731 ], [ -90.515088535420787, 14.645935468945988 ] ], [ [ -90.515141863395471, 14.645919813726731 ], [ -90.515095267186865, 14.645890103165518 ] ] ] } },
{ "type": "Feature", "properties": { "kind": "L2", "value": "13.573357817891225", "building_uid": "501" }, "geometry": { "type": "MultiLineString", "coordinates": [ [ [ -90.514763574558316, 14.645887040243057 ], [ -90.514888073293662, 14.645905526637346 ] ], [ [ -90.514888073293662, 14.645905526637346 ], [ -90.514863901568589, 14.645912421159752 ] ], [ [ -90.514888073293662, 14.645905526637346 ], [ -90.514867111344472, 14.645891930379081 ] ] ] } },
{ "type": "Feature", "properties": { "kind": "L2", "value": "20.063591463453463", "building_uid": "502" }, "geometry": { "type": "MultiLineString", "coordinates": [ [ [ -90.513597001450137, 14.645841151863227 ], [ -90.513625600696287, 14.645662059291581 ] ], [ [ -90.513625600696287, 14.645662059291581 ], [ -90.513635964600695, 14.645696875412177 ] ], [ [ -90.513625600696287, 14.645662059291581 ], [ -90.513604868914982, 14.645692168368885 ] ] ] } },
{ "type": "Feature", "properties": { "kind": "L2", "value": "9.905106003366694", "building_uid": "762" }, "geometry": { "type": "MultiLineString", "coordinates": [ [ [ -90.514570082915739, 14.645143458969219 ], [ -90.514585532026999, 14.645055254560503 ] ], [ [ -90.514585532026999, 14.645055254560503 ], [ -90.514590389103276, 14.645072513989126 ] ], [ [ -90.514585532026999, 14.645055254560503 ], [ -90.514575074293603, 14.645069971269148 ] ] ] } },
{ "type": "Feature", "properties": { "kind": "L2", "value": "11.252098236098277", "building_uid": "503" }, "geometry": { "type": "MultiLineString", "coordinates": [ [ [ -90.513633040243192, 14.645549607767229 ], [ -90.51361618068961, 14.645649919319689 ] ], [ [ -90.51361618068961, 14.645649919319689 ], [ -90.513610528179854, 14.645630349264017 ] ], [ [ -90.51361618068961, 14.645649919319689 ], [ -90.513627945180787, 14.645633124119247 ] ] ] } },
{ "type": "Feature", "properties": { "kind": "L2", "value": "12.016261084851248", "building_uid": "504" }, "geometry": { "type": "MultiLineString", "coordinates": [ [ [ -90.513712271007307, 14.64546692380592 ], [ -90.513696736824457, 14.645574413762786 ] ], [ [ -90.513696736824457, 14.645574413762786 ], [ -90.513690220889487, 14.645553651606882 ] ], [ [ -90.513696736824457, 14.645574413762786 ], [ -90.513708884263465, 14.645556208325008 ] ] ] } },
{ "type": "Feature", "properties": { "kind": "L2", "value": "15.411943128222875", "building_uid": "505" }, "geometry": { "type": "MultiLineString", "coordinates": [ [ [ -90.513633071124133, 14.645288057403489 ], [ -90.513614759166842, 14.645426134738996 ] ], [ [ -90.513614759166842, 14.645426134738996 ], [ -90.513606091317158, 14.645399599673731 ] ], [ [ -90.513614759166842, 14.645426134738996 ], [ -90.51363006553008, 14.645402613578886 ] ] ] } },
{ "type": "Feature", "properties": { "kind": "L2", "value": "19.371733639647772", "building_uid": "506" }, "geometry": { "type": "MultiLineString", "coordinates": [ [ [ -90.513726627742983, 14.64512766252194 ], [ -90.513700892764575, 14.645300853814941 ] ], [ [ -90.513700892764575, 14.645300853814941 ], [ -90.513690522035958, 14.645267343072311 ] ], [ [ -90.513700892764575, 14.645300853814941 ], [ -90.513720593027472, 14.645271578711354 ] ] ] } },
{ "type": "Feature", "properties": { "kind": "L2", "value": "15.990470329051847", "building_uid": "507" }, "geometry": { "type": "MultiLineString", "coordinates": [ [ [ -90.513672766441104, 14.644846665708803 ], [ -90.513692098651461, 14.644703447495766 ] ], [ [ -90.513692098651461, 14.644703447495766 ], [ -90.513701027838707, 14.644730998367811 ] ], [ [ -90.513692098651461, 14.644703447495766 ], [ -90.513676161097365, 14.644727816536836 ] ] ] } },
{ "type": "Feature", "properties": { "kind": "L2", "value": "7.962198072537459", "building_uid": "508" }, "geometry": { "type": "MultiLineString", "coordinates": [ [ [ -90.51340585239636, 14.644808760682313 ], [ -90.513479072488565, 14.644818321048499 ] ], [ [ -90.513479072488565, 14.644818321048499 ], [ -90.513464970524836, 14.644822613663658 ] ], [ [ -90.513479072488565, 14.644818321048499 ], [ -90.513466630474824, 14.644810562582878 ] ] ] } },
{ "type": "Feature", "properties": { "kind": "L2", "value": "14.120896731752843", "building_uid": "509" }, "geometry": { "type": "MultiLineString", "coordinates": [ [ [ -90.512301451095126, 14.64456155607213 ], [ -90.512431035987021, 14.644580368661721 ] ], [ [ -90.512431035987021, 14.644580368661721 ], [ -90.512405914028747, 14.64458762267887 ] ], [ [ -90.512431035987021, 14.644580368661721 ], [ -90.5124091804214, 14.644566294656162 ] ] ] } },
{ "type": "Feature", "properties": { "kind": "L2", "value": "15.130280478985432", "building_uid": "510" }, "geometry": { "type": "MultiLineString", "coordinates": [ [ [ -90.512164528421465, 14.644543230627509 ], [ -90.512303671222071, 14.644561357417048 ] ], [ [ -90.512303671222071, 14.644561357417048 ], [ -90.512276876319731, 14.644569522300213 ] ], [ [ -90.512303671222071, 14.644561357417048 ], [ -90.512280023637246, 14.644546621165457 ] ] ] } },
{ "type": "Feature", "properties": { "kind": "L2", "value": "12.460067925504461", "building_uid": "511" }, "geometry": { "type": "MultiLineString", "coordinates": [ [ [ -90.512543114543249, 14.644598608440941 ], [ -90.512428949108553, 14.644580882989141 ] ], [ [ -90.512428949108553, 14.644580882989141 ], [ -90.512451181731777, 14.644574700849663 ] ], [ [ -90.512428949108553, 14.644580882989141 ], [ -90.512448104090069, 14.644593491022487 ] ] ] } },
{ "type": "Feature", "properties": { "kind": "L2", "value": "12.496534452134599", "building_uid": "512" }, "geometry": { "type": "MultiLineString", "coordinates": [ [ [ -90.512530852615569, 14.644668147273574 ], [ -90.512645574410385, 14.644684510540973 ] ], [ [ -90.512645574410385, 14.644684510540973 ], [ -90.512623359195459, 14.644690985382089 ] ], [ [ -90.512645574410385, 14.644684510540973 ], [ -90.512626200318834, 14.644672103645171 ] ] ] } },
{ "type": "Feature", "properties": { "kind": "L2", "value": "13.520238665031256", "building_uid": "513" }, "geometry": { "type": "MultiLineString", "coordinates": [ [ [ -90.512779549646766, 14.644621323534649 ], [ -90.512655204349471, 14.644605190306967 ] ], [ [ -90.512655204349471, 14.644605190306967 ], [ -90.512679143963226, 14.644597881822648 ] ], [ [ -90.512655204349471, 14.644605190306967 ], [ -90.512676342775677, 14.644618347468649 ] ] ] } },
{ "type": "Feature", "properties": { "kind": "L2", "value": "9.50416811664048", "building_uid": "514" }, "geometry": { "type": "MultiLineString", "coordinates": [ [ [ -90.51269654055136, 14.644762236952046 ], [ -90.512709275293219, 14.644677281199455 ] ], [ [ -90.512709275293219, 14.644677281199455 ], [ -90.512714342337347, 14.644693728398684 ] ], [ [ -90.512709275293219, 14.644677281199455 ], [ -90.51269959161317, 14.644691632424459 ] ] ] } },
{ "type": "Feature", "properties": { "kind": "L2", "value": "8.196402607779854", "building_uid": "515" }, "geometry": { "type": "MultiLineString", "coordinates": [ [ [ -90.512697739982357, 14.644762111732319 ], [ -90.512686756491391, 14.644835377497008 ] ], [ [ -90.512686756491391, 14.644835377497008 ], [ -90.512682386867652, 14.644821193359913 ] ], [ [ -90.512686756491391, 14.644835377497008 ], [ -90.512695107886259, 14.644823001101031 ] ] ] } },
{ "type": "Feature", "properties": { "kind": "L2", "value": "8.647564085276032", "building_uid": "847" }, "geometry": { "type": "MultiLineString", "coordinates": [ [ [ -90.513973885326465, 14.646841112509868 ], [ -90.513960912251747, 14.646918202319542 ] ], [ [ -90.513960912251747, 14.646918202319542 ], [ -90.513956571217435, 14.646903161310464 ] ], [ [ -90.513960912251747, 14.646918202319542 ], [ -90.513969956327614, 14.646905296490903 ] ] ] } },
{ "type": "Feature", "properties": { "kind": "L2", "value": "16.53411568586105", "building_uid": "516" }, "geometry": { "type": "MultiLineString", "coordinates": [ [ [ -90.512299168922922, 14.644778334764682 ], [ -90.512319811796218, 14.644630332552067 ] ], [ [ -90.512319811796218, 14.644630332552067 ], [ -90.512328918725643, 14.644658858438955 ] ], [ [ -90.512319811796218, 14.644630332552067 ], [ -90.512303221354898, 14.64465546088878 ] ] ] } },
{ "type": "Feature", "properties": { "kind": "L2", "value": "16.52079449757549", "building_uid": "517" }, "geometry": { "type": "MultiLineString", "coordinates": [ [ [ -90.512429948470484, 14.644943593667982 ], [ -90.512451571386848, 14.644795845702784 ] ], [ [ -90.512451571386848, 14.644795845702784 ], [ -90.512460478609768, 14.644824406154294 ] ], [ [ -90.512451571386848, 14.644795845702784 ], [ -90.512434825363954, 14.644820847304366 ] ] ] } },
{ "type": "Feature", "properties": { "kind": "L2", "value": "17.276853068462138", "building_uid": "518" }, "geometry": { "type": "MultiLineString", "coordinates": [ [ [ -90.512287124424162, 14.645066435725727 ], [ -90.512306190469189, 14.644911473482763 ] ], [ [ -90.512306190469189, 14.644911473482763 ], [ -90.512316187463611, 14.644941131190608 ] ], [ [ -90.512306190469189, 14.644911473482763 ], [ -90.512289281599664, 14.6449379931703 ] ] ] } },
{ "type": "Feature", "properties": { "kind": "L2", "value": "12.08956811709259", "building_uid": "519" }, "geometry": { "type": "MultiLineString", "coordinates": [ [ [ -90.512084337062802, 14.645116814501549 ], [ -90.512195411553918, 14.645132044603359 ] ], [ [ -90.512195411553918, 14.645132044603359 ], [ -90.512173955827109, 14.645138424674933 ] ], [ [ -90.512195411553918, 14.645132044603359 ], [ -90.512176600206516, 14.645120143275326 ] ] ] } },
{ "type": "Feature", "properties": { "kind": "L2", "value": "8.607940024393255", "building_uid": "521" }, "geometry": { "type": "MultiLineString", "coordinates": [ [ [ -90.51213160817656, 14.645367468880949 ], [ -90.512052427409571, 14.645357296625395 ] ], [ [ -90.512052427409571, 14.645357296625395 ], [ -90.512067662937014, 14.645352624417708 ] ], [ [ -90.512052427409571, 14.645357296625395 ], [ -90.512065896738576, 14.645365656514667 ] ] ] } },
{ "type": "Feature", "properties": { "kind": "L2", "value": "8.791182516569773", "building_uid": "522" }, "geometry": { "type": "MultiLineString", "coordinates": [ [ [ -90.512078512875078, 14.645516136381991 ], [ -90.512066814576897, 14.645594730355972 ] ], [ [ -90.512066814576897, 14.645594730355972 ], [ -90.512062111932167, 14.645579521598689 ] ], [ [ -90.512066814576897, 14.645594730355972 ], [ -90.512075758127111, 14.645581446981167 ] ] ] } },
{ "type": "Feature", "properties": { "kind": "L2", "value": "13.710219039955131", "building_uid": "523" }, "geometry": { "type": "MultiLineString", "coordinates": [ [ [ -90.512528718816796, 14.645571562118164 ], [ -90.512654254790235, 14.645591575406693 ] ], [ [ -90.512654254790235, 14.645591575406693 ], [ -90.512629762499387, 14.645598278534532 ] ], [ [ -90.512654254790235, 14.645591575406693 ], [ -90.512633237383724, 14.645577617008646 ] ] ] } },
{ "type": "Feature", "properties": { "kind": "L2", "value": "12.129466526528748", "building_uid": "524" }, "geometry": { "type": "MultiLineString", "coordinates": [ [ [ -90.512530496626823, 14.645556687636596 ], [ -90.512419434658682, 14.645538981778559 ] ], [ [ -90.512419434658682, 14.645538981778559 ], [ -90.512441103048488, 14.645533051523186 ] ], [ [ -90.512419434658682, 14.645538981778559 ], [ -90.512438028795373, 14.645551330824176 ] ] ] } },
{ "type": "Feature", "properties": { "kind": "L2", "value": "10.243759031830873", "building_uid": "525" }, "geometry": { "type": "MultiLineString", "coordinates": [ [ [ -90.512330346646976, 14.645568573676034 ], [ -90.512236258373392, 14.645555478112046 ] ], [ [ -90.512236258373392, 14.645555478112046 ], [ -90.512254449844932, 14.645550109007507 ] ], [ [ -90.512236258373392, 14.645555478112046 ], [ -90.512252176073162, 14.645565594666607 ] ] ] } },
{ "type": "Feature", "properties": { "kind": "L2", "value": "19.264358258778774", "building_uid": "697" }, "geometry": { "type": "MultiLineString", "coordinates": [ [ [ -90.512577464300449, 14.646262791373152 ], [ -90.512607574157997, 14.646091254065286 ] ], [ [ -90.512607574157997, 14.646091254065286 ], [ -90.512617008369048, 14.646124825015262 ] ], [ [ -90.512607574157997, 14.646091254065286 ], [ -90.512587224438249, 14.64611986935558 ] ] ] } },
{ "type": "Feature", "properties": { "kind": "L2", "value": "10.11892938977756", "building_uid": "698" }, "geometry": { "type": "MultiLineString", "coordinates": [ [ [ -90.51265739162659, 14.646422535752031 ], [ -90.512750309853573, 14.646435633397521 ] ], [ [ -90.512750309853573, 14.646435633397521 ], [ -90.5127323302805, 14.646440905813117 ] ], [ [ -90.512750309853573, 14.646435633397521 ], [ -90.51273460441891, 14.646425612787917 ] ] ] } },
{ "type": "Feature", "properties": { "kind": "L2", "value": "26.312254484554963", "building_uid": "699" }, "geometry": { "type": "MultiLineString", "coordinates": [ [ [ -90.512438335559594, 14.645764645744755 ], [ -90.512399021705903, 14.64599923484305 ] ], [ [ -90.512399021705903, 14.64599923484305 ], [ -90.512385782032979, 14.645953477596519 ] ], [ [ -90.512399021705903, 14.64599923484305 ], [ -90.512426513578831, 14.645959948120844 ] ] ] } },
{ "type": "Feature", "properties": { "kind": "L2", "value": "8.460219129351524", "building_uid": "700" }, "geometry": { "type": "MultiLineString", "coordinates": [ [ [ -90.512161113048606, 14.645801516020597 ], [ -90.512173345761724, 14.645726024515623 ] ], [ [ -90.512173345761724, 14.645726024515623 ], [ -90.512177682205163, 14.645740714892044 ] ], [ [ -90.512173345761724, 14.645726024515623 ], [ -90.512164574678977, 14.645738701554908 ] ] ] } },
{ "type": "Feature", "properties": { "kind": "L2", "value": "10.36610268835871", "building_uid": "310" }, "geometry": { "type": "MultiLineString", "coordinates": [ [ [ -90.513026079475281, 14.644110579732168 ], [ -90.513039338163409, 14.644017831728195 ] ], [ [ -90.513039338163409, 14.644017831728195 ], [ -90.513044986689664, 14.644035734483721 ] ], [ [ -90.513039338163409, 14.644017831728195 ], [ -90.513028883058936, 14.644033552268167 ] ] ] } },
{ "type": "Feature", "properties": { "kind": "L2", "value": "10.610746643087166", "building_uid": "702" }, "geometry": { "type": "MultiLineString", "coordinates": [ [ [ -90.511974957215955, 14.645829251748648 ], [ -90.512072581822125, 14.645841637301002 ] ], [ [ -90.512072581822125, 14.645841637301002 ], [ -90.5120538109867, 14.645847426115735 ] ], [ [ -90.512072581822125, 14.645841637301002 ], [ -90.512055961478495, 14.645831358443072 ] ] ] } },
{ "type": "Feature", "properties": { "kind": "L2", "value": "14.253048541365606", "building_uid": "703" }, "geometry": { "type": "MultiLineString", "coordinates": [ [ [ -90.514221335912524, 14.646134789594068 ], [ -90.514090347217135, 14.646117085761794 ] ], [ [ -90.514090347217135, 14.646117085761794 ], [ -90.51411562738484, 14.646109515334373 ] ], [ [ -90.514090347217135, 14.646117085761794 ], [ -90.514112553474121, 14.646131074248066 ] ] ] } },
{ "type": "Feature", "properties": { "kind": "L2", "value": "12.964756947414699", "building_uid": "704" }, "geometry": { "type": "MultiLineString", "coordinates": [ [ [ -90.513973334915562, 14.646128276789163 ], [ -90.514092331154075, 14.64614541774743 ] ], [ [ -90.514092331154075, 14.64614541774743 ], [ -90.514069273622155, 14.646152103316673 ] ], [ [ -90.514092331154075, 14.64614541774743 ], [ -90.514072249794538, 14.646132518193172 ] ] ] } },
{ "type": "Feature", "properties": { "kind": "L2", "value": "11.900232385877214", "building_uid": "705" }, "geometry": { "type": "MultiLineString", "coordinates": [ [ [ -90.513553823756439, 14.646051471758156 ], [ -90.513569840913533, 14.645945108263751 ] ], [ [ -90.513569840913533, 14.645945108263751 ], [ -90.513576171531938, 14.645965705977392 ] ], [ [ -90.513569840913533, 14.645945108263751 ], [ -90.513557703709125, 14.645963069775707 ] ] ] } },
{ "type": "Feature", "properties": { "kind": "L2", "value": "13.189444746246892", "building_uid": "706" }, "geometry": { "type": "MultiLineString", "coordinates": [ [ [ -90.513544819302581, 14.646044988901727 ], [ -90.513527066492614, 14.646162875227605 ] ], [ [ -90.513527066492614, 14.646162875227605 ], [ -90.513520050126587, 14.646140046035471 ] ], [ [ -90.513527066492614, 14.646162875227605 ], [ -90.513540518667142, 14.64614296790206 ] ] ] } },
{ "type": "Feature", "properties": { "kind": "L2", "value": "16.924229226026487", "building_uid": "746" }, "geometry": { "type": "MultiLineString", "coordinates": [ [ [ -90.514603288909925, 14.643279000246611 ], [ -90.514447744583848, 14.643258040751006 ] ], [ [ -90.514447744583848, 14.643258040751006 ], [ -90.51447775835868, 14.643249039526257 ] ], [ [ -90.514447744583848, 14.643258040751006 ], [ -90.51447411921535, 14.643274640292089 ] ] ] } },
{ "type": "Feature", "properties": { "kind": "L2", "value": "16.532858718978826", "building_uid": "747" }, "geometry": { "type": "MultiLineString", "coordinates": [ [ [ -90.51429254557317, 14.643244947655067 ], [ -90.514444451386595, 14.643265712629947 ] ], [ [ -90.514444451386595, 14.643265712629947 ], [ -90.514415114019528, 14.643274449702362 ] ], [ [ -90.514444451386595, 14.643265712629947 ], [ -90.514418719378028, 14.643249447788181 ] ] ] } },
{ "type": "Feature", "properties": { "kind": "L2", "value": "14.211514325851144", "building_uid": "748" }, "geometry": { "type": "MultiLineString", "coordinates": [ [ [ -90.514161926019099, 14.64333168329251 ], [ -90.514292454420996, 14.643349867006224 ] ], [ [ -90.514292454420996, 14.643349867006224 ], [ -90.514267216044956, 14.643357312720354 ] ], [ [ -90.514292454420996, 14.643349867006224 ], [ -90.514270373228996, 14.643335829285897 ] ] ] } },
{ "type": "Feature", "properties": { "kind": "L2", "value": "19.973583551971227", "building_uid": "749" }, "geometry": { "type": "MultiLineString", "coordinates": [ [ [ -90.514003970334471, 14.643139560155872 ], [ -90.514031595299443, 14.642961144864964 ] ], [ [ -90.514031595299443, 14.642961144864964 ], [ -90.514042076812402, 14.642995758072251 ] ], [ [ -90.514031595299443, 14.642961144864964 ], [ -90.514011099108757, 14.64299121132558 ] ] ] } },
{ "type": "Feature", "properties": { "kind": "L2", "value": "13.995901315032109", "building_uid": "751" }, "geometry": { "type": "MultiLineString", "coordinates": [ [ [ -90.515488469394171, 14.643362020914301 ], [ -90.515359912370386, 14.64334417334905 ] ], [ [ -90.515359912370386, 14.64334417334905 ], [ -90.515384764227804, 14.643336828948843 ] ], [ [ -90.515359912370386, 14.64334417334905 ], [ -90.515381665400639, 14.643357987914234 ] ] ] } },
{ "type": "Feature", "properties": { "kind": "L2", "value": "15.846650484568578", "building_uid": "752" }, "geometry": { "type": "MultiLineString", "coordinates": [ [ [ -90.515388030916839, 14.64344121652554 ], [ -90.515365716082414, 14.643582708951376 ] ], [ [ -90.515365716082414, 14.643582708951376 ], [ -90.515357477426463, 14.643555225435808 ] ], [ [ -90.515365716082414, 14.643582708951376 ], [ -90.515382044388403, 14.643558898192602 ] ] ] } },
{ "type": "Feature", "properties": { "kind": "L2", "value": "15.312634042223351", "building_uid": "753" }, "geometry": { "type": "MultiLineString", "coordinates": [ [ [ -90.515057205652639, 14.643396428664234 ], [ -90.515034539450241, 14.643532983625464 ] ], [ [ -90.515034539450241, 14.643532983625464 ], [ -90.515026793125926, 14.643506366166578 ] ], [ [ -90.515034539450241, 14.643532983625464 ], [ -90.515050502803362, 14.643510096755092 ] ] ] } },
{ "type": "Feature", "properties": { "kind": "L2", "value": "12.96448956577385", "building_uid": "754" }, "geometry": { "type": "MultiLineString", "coordinates": [ [ [ -90.515017984922054, 14.64388707111226 ], [ -90.515137215260467, 14.643902567200067 ] ], [ [ -90.515137215260467, 14.643902567200067 ], [ -90.515114258108312, 14.643909570287498 ] ], [ [ -90.515137215260467, 14.643902567200067 ], [ -90.515116948654807, 14.643889946431267 ] ] ] } },
{ "type": "Feature", "properties": { "kind": "L2", "value": "13.28583666783758", "building_uid": "757" }, "geometry": { "type": "MultiLineString", "coordinates": [ [ [ -90.515275293182128, 14.643791725933845 ], [ -90.515153260805945, 14.643774765509416 ] ], [ [ -90.515153260805945, 14.643774765509416 ], [ -90.515176852982648, 14.643767797264021 ] ], [ [ -90.515153260805945, 14.643774765509416 ], [ -90.515173908181822, 14.643787882309747 ] ] ] } },
{ "type": "Feature", "properties": { "kind": "L2", "value": "12.155675145555335", "building_uid": "1305" }, "geometry": { "type": "MultiLineString", "coordinates": [ [ [ -90.515309141902648, 14.644169999318967 ], [ -90.515295767734429, 14.644279032831909 ] ], [ [ -90.515295767734429, 14.644279032831909 ], [ -90.515288726325281, 14.644258168636668 ] ], [ [ -90.515295767734429, 14.644279032831909 ], [ -90.515307657592118, 14.644260369858618 ] ] ] } },
{ "type": "Feature", "properties": { "kind": "L2", "value": "15.084807552318802", "building_uid": "758" }, "geometry": { "type": "MultiLineString", "coordinates": [ [ [ -90.515346622009872, 14.643822194650493 ], [ -90.515366400561874, 14.64368729352327 ] ], [ [ -90.515366400561874, 14.64368729352327 ], [ -90.515374526748374, 14.643713373566168 ] ], [ [ -90.515366400561874, 14.64368729352327 ], [ -90.515351104198942, 14.643710118257665 ] ] ] } },
{ "type": "Feature", "properties": { "kind": "L2", "value": "11.531555134660877", "building_uid": "759" }, "geometry": { "type": "MultiLineString", "coordinates": [ [ [ -90.514807037939548, 14.644976347409065 ], [ -90.514700851515869, 14.644963578166276 ] ], [ [ -90.514700851515869, 14.644963578166276 ], [ -90.514721207584557, 14.644957154293085 ] ], [ [ -90.514700851515869, 14.644963578166276 ], [ -90.514718990477093, 14.644974631192037 ] ] ] } },
{ "type": "Feature", "properties": { "kind": "L2", "value": "11.51538069625909", "building_uid": "760" }, "geometry": { "type": "MultiLineString", "coordinates": [ [ [ -90.514595566843781, 14.644942411289362 ], [ -90.514610530969875, 14.64483941246861 ] ], [ [ -90.514610530969875, 14.64483941246861 ], [ -90.514616760313473, 14.644859313645414 ] ], [ [ -90.514610530969875, 14.64483941246861 ], [ -90.514598876788085, 14.644856850745395 ] ] ] } },
{ "type": "Feature", "properties": { "kind": "L2", "value": "14.833085801046044", "building_uid": "766" }, "geometry": { "type": "MultiLineString", "coordinates": [ [ [ -90.514130218543656, 14.645806017803132 ], [ -90.51426644183168, 14.645825102567095 ] ], [ [ -90.51426644183168, 14.645825102567095 ], [ -90.514240092949279, 14.64583285348335 ] ], [ [ -90.51426644183168, 14.645825102567095 ], [ -90.514243406617709, 14.64581043299402 ] ] ] } },
{ "type": "Feature", "properties": { "kind": "L2", "value": "10.291682576442563", "building_uid": "767" }, "geometry": { "type": "MultiLineString", "coordinates": [ [ [ -90.514229392116633, 14.645613434754612 ], [ -90.514219059246315, 14.645705858685211 ] ], [ [ -90.514219059246315, 14.645705858685211 ], [ -90.51421290845721, 14.645688255454276 ] ], [ [ -90.514219059246315, 14.645705858685211 ], [ -90.514228955942073, 14.645689956105036 ] ] ] } },
{ "type": "Feature", "properties": { "kind": "L2", "value": "12.12525304126703", "building_uid": "768" }, "geometry": { "type": "MultiLineString", "coordinates": [ [ [ -90.514191701248052, 14.645274613697467 ], [ -90.514206028739821, 14.645165972198523 ] ], [ [ -90.514206028739821, 14.645165972198523 ], [ -90.514212863359802, 14.64518684378325 ] ], [ [ -90.514206028739821, 14.645165972198523 ], [ -90.514194000076429, 14.645184485668617 ] ] ] } },
{ "type": "Feature", "properties": { "kind": "L2", "value": "12.569399128080827", "building_uid": "769" }, "geometry": { "type": "MultiLineString", "coordinates": [ [ [ -90.514224830869694, 14.64526182969159 ], [ -90.514210018562082, 14.645374455706136 ] ], [ [ -90.514210018562082, 14.645374455706136 ], [ -90.514202925903732, 14.6453528219847 ] ], [ [ -90.514210018562082, 14.645374455706136 ], [ -90.514222481028142, 14.645355259894204 ] ] ] } },
{ "type": "Feature", "properties": { "kind": "L2", "value": "13.340525862208542", "building_uid": "771" }, "geometry": { "type": "MultiLineString", "coordinates": [ [ [ -90.513582514055514, 14.646297440471363 ], [ -90.513601410688949, 14.646178341634537 ] ], [ [ -90.513601410688949, 14.646178341634537 ], [ -90.51360832499536, 14.646201484735396 ] ], [ [ -90.513601410688949, 14.646178341634537 ], [ -90.51358764592095, 14.646198374615402 ] ] ] } },
{ "type": "Feature", "properties": { "kind": "L2", "value": "17.87125122980123", "building_uid": "772" }, "geometry": { "type": "MultiLineString", "coordinates": [ [ [ -90.513550334245267, 14.646581137308162 ], [ -90.513575929726898, 14.646421632509144 ] ], [ [ -90.513575929726898, 14.646421632509144 ], [ -90.513585137641684, 14.64645265092309 ] ], [ [ -90.513575929726898, 14.646421632509144 ], [ -90.513557442867068, 14.646448438272547 ] ] ] } },
{ "type": "Feature", "properties": { "kind": "L2", "value": "11.718122184327806", "building_uid": "842" }, "geometry": { "type": "MultiLineString", "coordinates": [ [ [ -90.513713121602606, 14.646760927299985 ], [ -90.513820930975697, 14.646774637390283 ] ], [ [ -90.513820930975697, 14.646774637390283 ], [ -90.513800199039125, 14.646781024216221 ] ], [ [ -90.513820930975697, 14.646774637390283 ], [ -90.513802579519179, 14.646763280346791 ] ] ] } },
{ "type": "Feature", "properties": { "kind": "L2", "value": "11.43073499886615", "building_uid": "843" }, "geometry": { "type": "MultiLineString", "coordinates": [ [ [ -90.513937886478899, 14.646767828919169 ], [ -90.513832943941523, 14.646752887825455 ] ], [ [ -90.513832943941523, 14.646752887825455 ], [ -90.513853263099648, 14.646746960060387 ] ], [ [ -90.513832943941523, 14.646752887825455 ], [ -90.51385066887552, 14.646764232089037 ] ] ] } },
{ "type": "Feature", "properties": { "kind": "L2", "value": "12.43000958925597", "building_uid": "844" }, "geometry": { "type": "MultiLineString", "coordinates": [ [ [ -90.513608484585703, 14.646770396595484 ], [ -90.51372263288134, 14.646786431412842 ] ], [ [ -90.51372263288134, 14.646786431412842 ], [ -90.51370055012039, 14.646792918502776 ] ], [ [ -90.51372263288134, 14.646786431412842 ], [ -90.513703334242607, 14.646774131338868 ] ] ] } },
{ "type": "Feature", "properties": { "kind": "L2", "value": "12.197506903223678", "building_uid": "845" }, "geometry": { "type": "MultiLineString", "coordinates": [ [ [ -90.514035091703391, 14.646751479994645 ], [ -90.514052310373813, 14.646642576690436 ] ], [ [ -90.514052310373813, 14.646642576690436 ], [ -90.514058643727438, 14.646663733645626 ] ], [ [ -90.514052310373813, 14.646642576690436 ], [ -90.514039734858159, 14.64666089970066 ] ] ] } },
{ "type": "Feature", "properties": { "kind": "L2", "value": "10.022330358796003", "building_uid": "520" }, "geometry": { "type": "MultiLineString", "coordinates": [ [ [ -90.512292588191016, 14.645316879913068 ], [ -90.512304196739208, 14.64522705162336 ] ], [ [ -90.512304196739208, 14.64522705162336 ], [ -90.512309890943996, 14.645244289345291 ] ], [ [ -90.512304196739208, 14.64522705162336 ], [ -90.512294294169777, 14.645242378732963 ] ] ] } },
{ "type": "Feature", "properties": { "kind": "L2", "value": "11.819603671481532", "building_uid": "914" }, "geometry": { "type": "MultiLineString", "coordinates": [ [ [ -90.515087698505383, 14.646288860357242 ], [ -90.514978883376699, 14.646275581126162 ] ], [ [ -90.514978883376699, 14.646275581126162 ], [ -90.514999760209761, 14.64626903342343 ] ], [ [ -90.514978883376699, 14.646275581126162 ], [ -90.514997454539682, 14.646286942864343 ] ] ] } },
{ "type": "Feature", "properties": { "kind": "L2", "value": "11.15777561937044", "building_uid": "915" }, "geometry": { "type": "MultiLineString", "coordinates": [ [ [ -90.514820163808821, 14.646289361828718 ], [ -90.514717734679238, 14.64627472910645 ] ], [ [ -90.514717734679238, 14.64627472910645 ], [ -90.514737571479102, 14.646268952262048 ] ], [ [ -90.514717734679238, 14.64627472910645 ], [ -90.514735030803223, 14.646285810657268 ] ] ] } },
{ "type": "Feature", "properties": { "kind": "L2", "value": "18.586257053091195", "building_uid": "916" }, "geometry": { "type": "MultiLineString", "coordinates": [ [ [ -90.514544283802948, 14.646241439364124 ], [ -90.51471466087385, 14.646267393867909 ] ], [ [ -90.51471466087385, 14.646267393867909 ], [ -90.514681524824525, 14.64627671016207 ] ], [ [ -90.51471466087385, 14.646267393867909 ], [ -90.51468603128734, 14.646248668483732 ] ] ] } },
{ "type": "Feature", "properties": { "kind": "L2", "value": "9.372289495764823", "building_uid": "918" }, "geometry": { "type": "MultiLineString", "coordinates": [ [ [ -90.514079264454779, 14.646263848045514 ], [ -90.514066546058501, 14.646347602114869 ] ], [ [ -90.514066546058501, 14.646347602114869 ], [ -90.514061580322078, 14.646331374087078 ] ], [ [ -90.514066546058501, 14.646347602114869 ], [ -90.514076122509849, 14.646333467356747 ] ] ] } },
{ "type": "Feature", "properties": { "kind": "L2", "value": "11.786149174115907", "building_uid": "919" }, "geometry": { "type": "MultiLineString", "coordinates": [ [ [ -90.513758198740547, 14.645973351965701 ], [ -90.513741770534239, 14.646078613746038 ] ], [ [ -90.513741770534239, 14.646078613746038 ], [ -90.51373561006811, 14.646058181903943 ] ], [ [ -90.513741770534239, 14.646078613746038 ], [ -90.513753886608583, 14.646060885759974 ] ] ] } },
{ "type": "Feature", "properties": { "kind": "L2", "value": "7.978781307521984", "building_uid": "1267" }, "geometry": { "type": "MultiLineString", "coordinates": [ [ [ -90.514297195367135, 14.64407401283831 ], [ -90.514287109771914, 14.64414541708266 ] ], [ [ -90.514287109771914, 14.64414541708266 ], [ -90.514282739020246, 14.644131644256019 ] ], [ [ -90.514287109771914, 14.64414541708266 ], [ -90.514295136786558, 14.644133304220343 ] ] ] } },
{ "type": "Feature", "properties": { "kind": "L2", "value": "17.194656088752193", "building_uid": "1268" }, "geometry": { "type": "MultiLineString", "coordinates": [ [ [ -90.514295020330422, 14.644078083203318 ], [ -90.514317245979299, 14.643924270091418 ] ], [ [ -90.514317245979299, 14.643924270091418 ], [ -90.51432657043749, 14.643953979529133 ] ], [ [ -90.514317245979299, 14.643924270091418 ], [ -90.514299864217165, 14.643950321462706 ] ] ] } },
{ "type": "Feature", "properties": { "kind": "L2", "value": "14.798375787269983", "building_uid": "1269" }, "geometry": { "type": "MultiLineString", "coordinates": [ [ [ -90.5144273462423, 14.643819861086115 ], [ -90.514406522435024, 14.643951995752127 ] ], [ [ -90.514406522435024, 14.643951995752127 ], [ -90.514398825874835, 14.643926331144327 ] ], [ [ -90.514406522435024, 14.643951995752127 ], [ -90.514421768112584, 14.643929758489747 ] ] ] } },
{ "type": "Feature", "properties": { "kind": "L2", "value": "10.283264830468319", "building_uid": "1271" }, "geometry": { "type": "MultiLineString", "coordinates": [ [ [ -90.513409917307811, 14.643388443162026 ], [ -90.513394783813354, 14.643480160938779 ] ], [ [ -90.513394783813354, 14.643480160938779 ], [ -90.513389564579441, 14.643462290634849 ] ], [ [ -90.513394783813354, 14.643480160938779 ], [ -90.513405489291713, 14.643464781428865 ] ] ] } },
{ "type": "Feature", "properties": { "kind": "L2", "value": "17.26474890932231", "building_uid": "1272" }, "geometry": { "type": "MultiLineString", "coordinates": [ [ [ -90.512228411161615, 14.643983885115233 ], [ -90.512387207461032, 14.644004388922163 ] ], [ [ -90.512387207461032, 14.644004388922163 ], [ -90.512356643780677, 14.644013740336955 ] ], [ [ -90.512387207461032, 14.644004388922163 ], [ -90.51236020380496, 14.64398760441877 ] ] ] } },
{ "type": "Feature", "properties": { "kind": "L2", "value": "6.668030436868074", "building_uid": "1297" }, "geometry": { "type": "MultiLineString", "coordinates": [ [ [ -90.51370910491093, 14.644480828388174 ], [ -90.513647740165609, 14.644473162220729 ] ], [ [ -90.513647740165609, 14.644473162220729 ], [ -90.513659528765999, 14.644469501873798 ] ], [ [ -90.513647740165609, 14.644473162220729 ], [ -90.513658197702767, 14.644479601732858 ] ] ] } },
{ "type": "Feature", "properties": { "kind": "L2", "value": "7.168989491486755", "building_uid": "1300" }, "geometry": { "type": "MultiLineString", "coordinates": [ [ [ -90.515326648378874, 14.644519518868211 ], [ -90.515260696674233, 14.644511101323559 ] ], [ [ -90.515260696674233, 14.644511101323559 ], [ -90.515273381944226, 14.644507199695902 ] ], [ [ -90.515260696674233, 14.644511101323559 ], [ -90.515271920420375, 14.644518054508366 ] ] ] } },
{ "type": "Feature", "properties": { "kind": "L2", "value": "7.88295505510872", "building_uid": "1302" }, "geometry": { "type": "MultiLineString", "coordinates": [ [ [ -90.515265771003243, 14.644362948833717 ], [ -90.515255638634073, 14.644433472879278 ] ], [ [ -90.515255638634073, 14.644433472879278 ], [ -90.515251352766086, 14.644419855750748 ] ], [ [ -90.515255638634073, 14.644433472879278 ], [ -90.51526359772167, 14.644421523411257 ] ] ] } },
{ "type": "Feature", "properties": { "kind": "L2", "value": "10.789011195246998", "building_uid": "1303" }, "geometry": { "type": "MultiLineString", "coordinates": [ [ [ -90.515169914584959, 14.644253785056604 ], [ -90.515158207429266, 14.644350578770661 ] ], [ [ -90.515158207429266, 14.644350578770661 ], [ -90.515151926437284, 14.644332070365563 ] ], [ [ -90.515158207429266, 14.644350578770661 ], [ -90.515168732538498, 14.644333997217188 ] ] ] } },
{ "type": "Feature", "properties": { "kind": "L2", "value": "26.400962781935203", "building_uid": "1405" }, "geometry": { "type": "MultiLineString", "coordinates": [ [ [ -90.512066798487766, 14.646380606532286 ], [ -90.512032015019528, 14.646616682387604 ] ], [ [ -90.512032015019528, 14.646616682387604 ], [ -90.512017825030412, 14.646571028476796 ] ], [ [ -90.512032015019528, 14.646616682387604 ], [ -90.5120588148379, 14.646576753345437 ] ] ] } },
{ "type": "Feature", "properties": { "kind": "L2", "value": "13.149784873665192", "building_uid": "1406" }, "geometry": { "type": "MultiLineString", "coordinates": [ [ [ -90.512059090608943, 14.646388567356663 ], [ -90.512074856117749, 14.64627077493949 ] ], [ [ -90.512074856117749, 14.64627077493949 ], [ -90.512082224564196, 14.646293423566496 ] ], [ [ -90.512074856117749, 14.64627077493949 ], [ -90.512061772314169, 14.646290828786736 ] ] ] } },
{ "type": "Feature", "properties": { "kind": "L2", "value": "12.405059660870467", "building_uid": "1408" }, "geometry": { "type": "MultiLineString", "coordinates": [ [ [ -90.512044492311205, 14.646029092374343 ], [ -90.512028856775501, 14.646140114415594 ] ], [ [ -90.512028856775501, 14.646140114415594 ], [ -90.512022052550719, 14.646118703691243 ] ], [ [ -90.512028856775501, 14.646140114415594 ], [ -90.512041329247282, 14.646121277084024 ] ] ] } },
{ "type": "Feature", "properties": { "kind": "L2", "value": "13.426771604082507", "building_uid": "1409" }, "geometry": { "type": "MultiLineString", "coordinates": [ [ [ -90.512098565956251, 14.646146159184584 ], [ -90.512080630886118, 14.646266186101011 ] ], [ [ -90.512080630886118, 14.646266186101011 ], [ -90.512073461717165, 14.646242953904039 ] ], [ [ -90.512080630886118, 14.646266186101011 ], [ -90.512094301937239, 14.646245905766756 ] ] ] } },
{ "type": "Feature", "properties": { "kind": "L2", "value": "9.772392594298505", "building_uid": "1410" }, "geometry": { "type": "MultiLineString", "coordinates": [ [ [ -90.513540308340069, 14.646666396610298 ], [ -90.513553432769996, 14.646579047507931 ] ], [ [ -90.513553432769996, 14.646579047507931 ], [ -90.513558637021973, 14.646595960588796 ] ], [ [ -90.513553432769996, 14.646579047507931 ], [ -90.513543470611282, 14.646593800495939 ] ] ] } },
{ "type": "Feature", "properties": { "kind": "L2", "value": "9.227549332469955", "building_uid": "1411" }, "geometry": { "type": "MultiLineString", "coordinates": [ [ [ -90.51340207140035, 14.646836982749477 ], [ -90.51341537127756, 14.646754637700615 ] ], [ [ -90.51341537127756, 14.646754637700615 ], [ -90.513420109306864, 14.646770658176155 ] ], [ [ -90.51341537127756, 14.646754637700615 ], [ -90.513405811737641, 14.646768469208892 ] ] ] } },
{ "type": "Feature", "properties": { "kind": "L2", "value": "8.88834010221034", "building_uid": "1412" }, "geometry": { "type": "MultiLineString", "coordinates": [ [ [ -90.514026387684538, 14.646420844359035 ], [ -90.514039440752754, 14.646341563744423 ] ], [ [ -90.514039440752754, 14.646341563744423 ], [ -90.51404395746701, 14.646357008447307 ] ], [ [ -90.514039440752754, 14.646341563744423 ], [ -90.514030192001741, 14.646354860097103 ] ] ] } },
{ "type": "Feature", "properties": { "kind": "L2", "value": "8.971760076351627", "building_uid": "1413" }, "geometry": { "type": "MultiLineString", "coordinates": [ [ [ -90.514029719253784, 14.646420712501028 ], [ -90.514016544365418, 14.646500737297012 ] ], [ [ -90.514016544365418, 14.646500737297012 ], [ -90.514011985124682, 14.646485147677826 ] ], [ [ -90.514016544365418, 14.646500737297012 ], [ -90.51402587980995, 14.646487316078099 ] ] ] } },
{ "type": "Feature", "properties": { "kind": "L2", "value": "14.983569479648736", "building_uid": "1414" }, "geometry": { "type": "MultiLineString", "coordinates": [ [ [ -90.514012353944096, 14.646644213168265 ], [ -90.51403351535717, 14.646510436461453 ] ], [ [ -90.51403351535717, 14.646510436461453 ], [ -90.514041293420476, 14.646536426468572 ] ], [ [ -90.51403351535717, 14.646510436461453 ], [ -90.514018065798524, 14.646532943603315 ] ] ] } },
{ "type": "Feature", "properties": { "kind": "L2", "value": "15.545656224744787", "building_uid": "1426" }, "geometry": { "type": "MultiLineString", "coordinates": [ [ [ -90.512859384555568, 14.644729754016044 ], [ -90.513001986915924, 14.644750836503759 ] ], [ [ -90.513001986915924, 14.644750836503759 ], [ -90.512974308330229, 14.644758750322351 ] ], [ [ -90.513001986915924, 14.644750836503759 ], [ -90.512977968843316, 14.644735279808348 ] ] ] } },
{ "type": "Feature", "properties": { "kind": "L2", "value": "14.725547946688135", "building_uid": "1428" }, "geometry": { "type": "MultiLineString", "coordinates": [ [ [ -90.513330202499588, 14.64523100104125 ], [ -90.513307495930945, 14.645362174180569 ] ], [ [ -90.513307495930945, 14.645362174180569 ], [ -90.513300224042823, 14.645336528933054 ] ], [ [ -90.513307495930945, 14.645362174180569 ], [ -90.513322999481233, 14.645340266133671 ] ] ] } },
{ "type": "Feature", "properties": { "kind": "L2", "value": "13.82113594394864", "building_uid": "1429" }, "geometry": { "type": "MultiLineString", "coordinates": [ [ [ -90.51332587526251, 14.645238104015386 ], [ -90.513347588761462, 14.645115053775593 ] ], [ [ -90.513347588761462, 14.645115053775593 ], [ -90.513354335466502, 14.645139144930964 ] ], [ [ -90.513347588761462, 14.645115053775593 ], [ -90.513332970416656, 14.645135571177004 ] ] ] } },
{ "type": "Feature", "properties": { "kind": "L2", "value": "12.275522193080404", "building_uid": "1430" }, "geometry": { "type": "MultiLineString", "coordinates": [ [ [ -90.51291454536323, 14.645212940962198 ], [ -90.512898298744844, 14.645322697732727 ] ], [ [ -90.512898298744844, 14.645322697732727 ], [ -90.512891715165978, 14.645301466060426 ] ], [ [ -90.512898298744844, 14.645322697732727 ], [ -90.51291077210233, 14.645304140039013 ] ] ] } },
{ "type": "Feature", "properties": { "kind": "L2", "value": "8.932067073661507", "building_uid": "763" }, "geometry": { "type": "MultiLineString", "coordinates": [ [ [ -90.514499982285116, 14.645215839331387 ], [ -90.514512002865828, 14.64513600482638 ] ], [ [ -90.514512002865828, 14.64513600482638 ], [ -90.514516754777617, 14.645151464967364 ] ], [ [ -90.514512002865828, 14.64513600482638 ], [ -90.514502893217752, 14.645149486538987 ] ] ] } },
{ "type": "Feature", "properties": { "kind": "L2", "value": "6.668606028670017", "building_uid": "1431" }, "geometry": { "type": "MultiLineString", "coordinates": [ [ [ -90.512896284953698, 14.645324782080939 ], [ -90.512887863296115, 14.645384462201628 ] ], [ [ -90.512887863296115, 14.645384462201628 ], [ -90.512884208723847, 14.645372951443685 ] ], [ [ -90.512887863296115, 14.645384462201628 ], [ -90.512894570915037, 14.645374337536419 ] ] ] } },
{ "type": "Feature", "properties": { "kind": "L2", "value": "14.001927742897552", "building_uid": "1542" }, "geometry": { "type": "MultiLineString", "coordinates": [ [ [ -90.51508036128115, 14.644992987651012 ], [ -90.514951547722916, 14.644976557773385 ] ], [ [ -90.514951547722916, 14.644976557773385 ], [ -90.514976323016455, 14.644968935369535 ] ], [ [ -90.514951547722916, 14.644976557773385 ], [ -90.51497347031696, 14.644990136397753 ] ] ] } },
{ "type": "Feature", "properties": { "kind": "L2", "value": "19.24219700373332", "building_uid": "1543" }, "geometry": { "type": "MultiLineString", "coordinates": [ [ [ -90.515197314629788, 14.64490957507576 ], [ -90.515172188454287, 14.645081669418737 ] ], [ [ -90.515172188454287, 14.645081669418737 ], [ -90.515161802619133, 14.645048407609332 ] ], [ [ -90.515172188454287, 14.645081669418737 ], [ -90.51519168311836, 14.645052543051616 ] ] ] } },
{ "type": "Feature", "properties": { "kind": "L2", "value": "5.980244917073557", "building_uid": "1544" }, "geometry": { "type": "MultiLineString", "coordinates": [ [ [ -90.51523570682015, 14.645198254624711 ], [ -90.515180800514145, 14.645190461900356 ] ], [ [ -90.515180800514145, 14.645190461900356 ], [ -90.515191429436911, 14.645187355996669 ] ], [ [ -90.515180800514145, 14.645190461900356 ], [ -90.515190076395513, 14.645196392848579 ] ] ] } },
{ "type": "Feature", "properties": { "kind": "L2", "value": "19.561906765283283", "building_uid": "1545" }, "geometry": { "type": "MultiLineString", "coordinates": [ [ [ -90.515074168086898, 14.645225598120758 ], [ -90.515044205295794, 14.645399886025483 ] ], [ [ -90.515044205295794, 14.645399886025483 ], [ -90.515034505699106, 14.645365828589481 ] ], [ [ -90.515044205295794, 14.645399886025483 ], [ -90.515064767107688, 14.645370760068483 ] ] ] } },
{ "type": "Feature", "properties": { "kind": "L2", "value": "10.552923440058889", "building_uid": "1546" }, "geometry": { "type": "MultiLineString", "coordinates": [ [ [ -90.515121365611961, 14.645530340620592 ], [ -90.515133710045802, 14.645435771465708 ] ], [ [ -90.515133710045802, 14.645435771465708 ], [ -90.515139682446161, 14.645453929081738 ] ], [ [ -90.515133710045802, 14.645435771465708 ], [ -90.515123262505512, 14.645451897354445 ] ] ] } },
{ "type": "Feature", "properties": { "kind": "L2", "value": "11.922921033648283", "building_uid": "1549" }, "geometry": { "type": "MultiLineString", "coordinates": [ [ [ -90.514124332994015, 14.645363009108037 ], [ -90.514111475362043, 14.645469984757289 ] ], [ [ -90.514111475362043, 14.645469984757289 ], [ -90.514104518924896, 14.645449536087167 ] ], [ [ -90.514111475362043, 14.645469984757289 ], [ -90.514123092991241, 14.645451652282013 ] ] ] } },
{ "type": "Feature", "properties": { "kind": "L2", "value": "11.200257149871115", "building_uid": "1551" }, "geometry": { "type": "MultiLineString", "coordinates": [ [ [ -90.513961689270062, 14.645832292122099 ], [ -90.513859003175028, 14.64581674837433 ] ], [ [ -90.513859003175028, 14.64581674837433 ], [ -90.513878965640401, 14.645811115499541 ] ], [ [ -90.513859003175028, 14.64581674837433 ], [ -90.513876266789282, 14.645828016223344 ] ] ] } },
{ "type": "Feature", "properties": { "kind": "L2", "value": "8.05703829380193", "building_uid": "1552" }, "geometry": { "type": "MultiLineString", "coordinates": [ [ [ -90.512813230654842, 14.645649095472985 ], [ -90.512739098046197, 14.645639717141098 ] ], [ [ -90.512739098046197, 14.645639717141098 ], [ -90.512753349613661, 14.645635316462997 ] ], [ [ -90.512739098046197, 14.645639717141098 ], [ -90.512751721261324, 14.645647517684642 ] ] ] } },
{ "type": "Feature", "properties": { "kind": "L2", "value": "9.607520839087533", "building_uid": "1553" }, "geometry": { "type": "MultiLineString", "coordinates": [ [ [ -90.51284423854608, 14.645547944974746 ], [ -90.512755869152016, 14.645536545773117 ] ], [ [ -90.512755869152016, 14.645536545773117 ], [ -90.512772876741721, 14.645531339807466 ] ], [ [ -90.512755869152016, 14.645536545773117 ], [ -90.512770897508048, 14.645545884217608 ] ] ] } },
{ "type": "Feature", "properties": { "kind": "L2", "value": "13.997196485136852", "building_uid": "1554" }, "geometry": { "type": "MultiLineString", "coordinates": [ [ [ -90.512859203665656, 14.645507247102884 ], [ -90.512876951312691, 14.645381989885815 ] ], [ [ -90.512876951312691, 14.645381989885815 ], [ -90.512884608484583, 14.64540615471603 ] ], [ [ -90.512876951312691, 14.645381989885815 ], [ -90.512862860213446, 14.64540323369245 ] ] ] } },
{ "type": "Feature", "properties": { "kind": "L2", "value": "25.023812130245286", "building_uid": "1556" }, "geometry": { "type": "MultiLineString", "coordinates": [ [ [ -90.51296356808777, 14.644898411179955 ], [ -90.512928049460342, 14.645121802610007 ] ], [ [ -90.512928049460342, 14.645121802610007 ], [ -90.512915094057703, 14.6450783873796 ] ], [ [ -90.512928049460342, 14.645121802610007 ], [ -90.512953881203345, 14.645084233284882 ] ] ] } },
{ "type": "Feature", "properties": { "kind": "L2", "value": "16.41943596073766", "building_uid": "1557" }, "geometry": { "type": "MultiLineString", "coordinates": [ [ [ -90.512998434170285, 14.644766704333344 ], [ -90.513148389556747, 14.644792868200474 ] ], [ [ -90.513148389556747, 14.644792868200474 ], [ -90.513118937013331, 14.64480046606551 ] ], [ [ -90.513148389556747, 14.644792868200474 ], [ -90.513123479798409, 14.644775785342294 ] ] ] } },
{ "type": "Feature", "properties": { "kind": "L2", "value": "9.371039704103788", "building_uid": "1558" }, "geometry": { "type": "MultiLineString", "coordinates": [ [ [ -90.513230190401771, 14.644782783951749 ], [ -90.513316152255726, 14.644795492462913 ] ], [ [ -90.513316152255726, 14.644795492462913 ], [ -90.513299467396664, 14.644800263006504 ] ], [ [ -90.513316152255726, 14.644795492462913 ], [ -90.513301673953379, 14.644786114794744 ] ] ] } },
{ "type": "Feature", "properties": { "kind": "L2", "value": "9.042660037571212", "building_uid": "1559" }, "geometry": { "type": "MultiLineString", "coordinates": [ [ [ -90.513233563534968, 14.644788997572745 ], [ -90.513150781107029, 14.644775706803607 ] ], [ [ -90.513150781107029, 14.644775706803607 ], [ -90.513166940205835, 14.64477130345184 ] ], [ [ -90.513150781107029, 14.644775706803607 ], [ -90.513164632549547, 14.644784928370521 ] ] ] } },
{ "type": "Feature", "properties": { "kind": "L2", "value": "16.104284820621", "building_uid": "2593" }, "geometry": { "type": "MultiLineString", "coordinates": [ [ [ -90.515421869221598, 14.643929789124156 ], [ -90.515273716971265, 14.643910879814328 ] ], [ [ -90.515273716971265, 14.643910879814328 ], [ -90.515302212868107, 14.643902115330032 ] ], [ [ -90.515273716971265, 14.643910879814328 ], [ -90.515298929683325, 14.643926499373896 ] ] ] } },
{ "type": "Feature", "properties": { "kind": "L2", "value": "7.731960058014776", "building_uid": "2594" }, "geometry": { "type": "MultiLineString", "coordinates": [ [ [ -90.515311904091121, 14.644089732099218 ], [ -90.515383091310412, 14.644098380260722 ] ], [ [ -90.515383091310412, 14.644098380260722 ], [ -90.515369437023253, 14.644102670950584 ] ], [ [ -90.515383091310412, 14.644098380260722 ], [ -90.515370938583658, 14.644090954415507 ] ] ] } },
{ "type": "Feature", "properties": { "kind": "L2", "value": "8.376033433262235", "building_uid": "2595" }, "geometry": { "type": "MultiLineString", "coordinates": [ [ [ -90.515047160309152, 14.644166211283293 ], [ -90.515037028192353, 14.644241230352211 ] ], [ [ -90.515037028192353, 14.644241230352211 ], [ -90.515032352053339, 14.644226798468754 ] ], [ [ -90.515037028192353, 14.644241230352211 ], [ -90.515045377459643, 14.644228466089258 ] ] ] } },
{ "type": "Feature", "properties": { "kind": "L2", "value": "5.449544595355695", "building_uid": "2596" }, "geometry": { "type": "MultiLineString", "coordinates": [ [ [ -90.515273387635489, 14.644675878627131 ], [ -90.515281254257303, 14.644627249623317 ] ], [ [ -90.515281254257303, 14.644627249623317 ], [ -90.515284050026466, 14.644636711564829 ] ], [ [ -90.515281254257303, 14.644627249623317 ], [ -90.515275606656715, 14.644635416819808 ] ] ] } },
{ "type": "Feature", "properties": { "kind": "L2", "value": "11.493216735146452", "building_uid": "2597" }, "geometry": { "type": "MultiLineString", "coordinates": [ [ [ -90.514143901033989, 14.644465461474571 ], [ -90.514249450490553, 14.644480253646176 ] ], [ [ -90.514249450490553, 14.644480253646176 ], [ -90.514229034262613, 14.644486258449426 ] ], [ [ -90.514249450490553, 14.644480253646176 ], [ -90.514231602597334, 14.64446888634556 ] ] ] } },
{ "type": "Feature", "properties": { "kind": "L2", "value": "12.608297022442793", "building_uid": "2598" }, "geometry": { "type": "MultiLineString", "coordinates": [ [ [ -90.514220750547878, 14.644593370847232 ], [ -90.514335908607052, 14.644613412695447 ] ], [ [ -90.514335908607052, 14.644613412695447 ], [ -90.514313294961568, 14.644619256656256 ] ], [ [ -90.514335908607052, 14.644613412695447 ], [ -90.514316774789563, 14.644600303109334 ] ] ] } },
{ "type": "Feature", "properties": { "kind": "L2", "value": "15.938223679539648", "building_uid": "2599" }, "geometry": { "type": "MultiLineString", "coordinates": [ [ [ -90.514370334246436, 14.644311915120474 ], [ -90.514350768692523, 14.644454627221005 ] ], [ [ -90.514350768692523, 14.644454627221005 ], [ -90.514341925763091, 14.64442714888111 ] ], [ [ -90.514350768692523, 14.644454627221005 ], [ -90.514366704593783, 14.644430369126137 ] ] ] } },
{ "type": "Feature", "properties": { "kind": "L2", "value": "7.017757014384463", "building_uid": "2689" }, "geometry": { "type": "MultiLineString", "coordinates": [ [ [ -90.514651332048643, 14.648341908066268 ], [ -90.514660209583596, 14.648279105166818 ] ], [ [ -90.514660209583596, 14.648279105166818 ], [ -90.5146640526998, 14.648291219470016 ] ], [ [ -90.514660209583596, 14.648279105166818 ], [ -90.514653148157024, 14.648289758366438 ] ] ] } },
{ "type": "Feature", "properties": { "kind": "L2", "value": "8.439400582433597", "building_uid": "2690" }, "geometry": { "type": "MultiLineString", "coordinates": [ [ [ -90.514652802800725, 14.648284606151222 ], [ -90.514665394107666, 14.648209360946721 ] ], [ [ -90.514665394107666, 14.648209360946721 ], [ -90.514669644244293, 14.648224036176273 ] ], [ [ -90.514665394107666, 14.648209360946721 ], [ -90.514656579333206, 14.648221963843268 ] ] ] } },
{ "type": "Feature", "properties": { "kind": "L2", "value": "12.370575711801374", "building_uid": "2691" }, "geometry": { "type": "MultiLineString", "coordinates": [ [ [ -90.514692563137501, 14.648344514513537 ], [ -90.514676914331943, 14.648455220559949 ] ], [ [ -90.514676914331943, 14.648455220559949 ], [ -90.514670139842679, 14.648433866035068 ] ], [ [ -90.514676914331943, 14.648455220559949 ], [ -90.51468936187878, 14.648436441584341 ] ] ] } },
{ "type": "Feature", "properties": { "kind": "L2", "value": "14.99699587403176", "building_uid": "2693" }, "geometry": { "type": "MultiLineString", "coordinates": [ [ [ -90.514675131734734, 14.648226585163666 ], [ -90.514707140723331, 14.648094743001765 ] ], [ [ -90.514707140723331, 14.648094743001765 ], [ -90.514712784675666, 14.648121275009254 ] ], [ [ -90.514707140723331, 14.648094743001765 ], [ -90.514689892780623, 14.648116006826696 ] ] ] } },
{ "type": "Feature", "properties": { "kind": "L2", "value": "10.806327205190701", "building_uid": "2694" }, "geometry": { "type": "MultiLineString", "coordinates": [ [ [ -90.514706927954975, 14.647988525630707 ], [ -90.514685440089536, 14.648083876435589 ] ], [ [ -90.514685440089536, 14.648083876435589 ], [ -90.514681057086904, 14.648064824713979 ] ], [ [ -90.514685440089536, 14.648083876435589 ], [ -90.514697612943976, 14.648068361286972 ] ] ] } },
{ "type": "Feature", "properties": { "kind": "L2", "value": "12.150182844286986", "building_uid": "2695" }, "geometry": { "type": "MultiLineString", "coordinates": [ [ [ -90.514674738492587, 14.647893956130568 ], [ -90.514691905481328, 14.647785477564149 ] ], [ [ -90.514691905481328, 14.647785477564149 ], [ -90.514698211378956, 14.647806553270218 ] ], [ [ -90.514691905481328, 14.647785477564149 ], [ -90.514679376157446, 14.647803727846222 ] ] ] } },
{ "type": "Feature", "properties": { "kind": "L2", "value": "13.487658422177857", "building_uid": "2696" }, "geometry": { "type": "MultiLineString", "coordinates": [ [ [ -90.514684468675455, 14.647789202842896 ], [ -90.514705460401245, 14.6476690884947 ] ], [ [ -90.514705460401245, 14.6476690884947 ], [ -90.514712083181337, 14.647692588068271 ] ], [ [ -90.514705460401245, 14.6476690884947 ], [ -90.51469122764054, 14.647689133149305 ] ] ] } },
{ "type": "Feature", "properties": { "kind": "L2", "value": "11.225754323167143", "building_uid": "2697" }, "geometry": { "type": "MultiLineString", "coordinates": [ [ [ -90.514719443010904, 14.647894560061795 ], [ -90.514703485569456, 14.647994770668344 ] ], [ [ -90.514703485569456, 14.647994770668344 ], [ -90.514697678210737, 14.647975293162231 ] ], [ [ -90.514703485569456, 14.647994770668344 ], [ -90.514715077872978, 14.647977919513538 ] ] ] } },
{ "type": "Feature", "properties": { "kind": "L2", "value": "8.544935399024471", "building_uid": "2698" }, "geometry": { "type": "MultiLineString", "coordinates": [ [ [ -90.514845400496924, 14.647305104329117 ], [ -90.514767185510834, 14.647292474868763 ] ], [ [ -90.514767185510834, 14.647292474868763 ], [ -90.514782459309814, 14.64728832759268 ] ], [ [ -90.514767185510834, 14.647292474868763 ], [ -90.514780266450174, 14.647301200619825 ] ] ] } },
{ "type": "Feature", "properties": { "kind": "L2", "value": "6.330842274930895", "building_uid": "2699" }, "geometry": { "type": "MultiLineString", "coordinates": [ [ [ -90.514774013968434, 14.647286385505909 ], [ -90.514716137568513, 14.647276614321266 ] ], [ [ -90.514716137568513, 14.647276614321266 ], [ -90.514727476621985, 14.647273622663297 ] ], [ [ -90.514716137568513, 14.647276614321266 ], [ -90.51472578004666, 14.64728314826154 ] ] ] } },
{ "type": "Feature", "properties": { "kind": "L2", "value": "9.825337595172044", "building_uid": "2700" }, "geometry": { "type": "MultiLineString", "coordinates": [ [ [ -90.514910007636772, 14.647178113174826 ], [ -90.514894986976387, 14.64726565724434 ] ], [ [ -90.514894986976387, 14.64726565724434 ], [ -90.51489010949183, 14.647248552780299 ] ], [ [ -90.514894986976387, 14.64726565724434 ], [ -90.514905309800255, 14.647251024959884 ] ] ] } },
{ "type": "Feature", "properties": { "kind": "L2", "value": "10.76199199682619", "building_uid": "2701" }, "geometry": { "type": "MultiLineString", "coordinates": [ [ [ -90.514885122242347, 14.647360168726701 ], [ -90.514898764022291, 14.647263861845436 ] ], [ [ -90.514898764022291, 14.647263861845436 ], [ -90.51490465219419, 14.647282441197838 ] ], [ [ -90.514898764022291, 14.647263861845436 ], [ -90.51488793039276, 14.64728019596383 ] ] ] } },
{ "type": "Feature", "properties": { "kind": "L2", "value": "7.052615087450617", "building_uid": "2702" }, "geometry": { "type": "MultiLineString", "coordinates": [ [ [ -90.514789061824303, 14.647522003928353 ], [ -90.514798196362761, 14.647458917947983 ] ], [ [ -90.514798196362761, 14.647458917947983 ], [ -90.514802017449213, 14.647471104715102 ] ], [ [ -90.514798196362761, 14.647458917947983 ], [ -90.514791063796253, 14.647469601307062 ] ] ] } },
{ "type": "Feature", "properties": { "kind": "L2", "value": "6.235442457555425", "building_uid": "2703" }, "geometry": { "type": "MultiLineString", "coordinates": [ [ [ -90.514931293179188, 14.647421752216879 ], [ -90.514874023060202, 14.647413763078738 ] ], [ [ -90.514874023060202, 14.647413763078738 ], [ -90.514885097510046, 14.647410498299623 ] ], [ [ -90.514874023060202, 14.647413763078738 ], [ -90.514883710351299, 14.647419924107092 ] ] ] } },
{ "type": "Feature", "properties": { "kind": "L2", "value": "11.87859046378768", "building_uid": "2704" }, "geometry": { "type": "MultiLineString", "coordinates": [ [ [ -90.514596625195253, 14.647274188898749 ], [ -90.514704223376455, 14.647297430036867 ] ], [ [ -90.514704223376455, 14.647297430036867 ], [ -90.51468270227744, 14.64730207184946 ] ], [ [ -90.514704223376455, 14.647297430036867 ], [ -90.514686737642947, 14.647284362781315 ] ] ] } },
{ "type": "Feature", "properties": { "kind": "L2", "value": "14.114401063436718", "building_uid": "2705" }, "geometry": { "type": "MultiLineString", "coordinates": [ [ [ -90.514471919804919, 14.647266681278415 ], [ -90.514601428175595, 14.64728560695921 ] ], [ [ -90.514601428175595, 14.64728560695921 ], [ -90.514576310249225, 14.647292834046908 ] ], [ [ -90.514601428175595, 14.64728560695921 ], [ -90.51457959631874, 14.647271518884924 ] ] ] } },
{ "type": "Feature", "properties": { "kind": "L2", "value": "8.273680436802218", "building_uid": "2706" }, "geometry": { "type": "MultiLineString", "coordinates": [ [ [ -90.51434054569161, 14.647159372519095 ], [ -90.514416262953347, 14.647171687378842 ] ], [ [ -90.514416262953347, 14.647171687378842 ], [ -90.514401469207854, 14.64717568614356 ] ], [ [ -90.514416262953347, 14.647171687378842 ], [ -90.514403607439348, 14.647163224196264 ] ] ] } },
{ "type": "Feature", "properties": { "kind": "L2", "value": "8.501802609366475", "building_uid": "2708" }, "geometry": { "type": "MultiLineString", "coordinates": [ [ [ -90.514491752360414, 14.6471846255271 ], [ -90.514413811491806, 14.647172790499516 ] ], [ [ -90.514413811491806, 14.647172790499516 ], [ -90.514428966634469, 14.647168521777575 ] ], [ [ -90.514413811491806, 14.647172790499516 ], [ -90.514426911713656, 14.647181349696188 ] ] ] } },
{ "type": "Feature", "properties": { "kind": "L2", "value": "11.826294736545", "building_uid": "2711" }, "geometry": { "type": "MultiLineString", "coordinates": [ [ [ -90.514724319949934, 14.647568565538917 ], [ -90.514707712536818, 14.647674167634083 ] ], [ [ -90.514707712536818, 14.647674167634083 ], [ -90.51470155494215, 14.647653659368586 ] ], [ [ -90.514707712536818, 14.647674167634083 ], [ -90.514719890706402, 14.647656392699441 ] ] ] } },
{ "type": "Feature", "properties": { "kind": "L2", "value": "6.530748912607271", "building_uid": "2712" }, "geometry": { "type": "MultiLineString", "coordinates": [ [ [ -90.514825686636343, 14.647526288510198 ], [ -90.514817228564894, 14.647584706448843 ] ], [ [ -90.514817228564894, 14.647584706448843 ], [ -90.514813690117109, 14.647573421486436 ] ], [ [ -90.514817228564894, 14.647584706448843 ], [ -90.514823833260181, 14.647574813558247 ] ] ] } },
{ "type": "Feature", "properties": { "kind": "L2", "value": "9.161755037095554", "building_uid": "701" }, "geometry": { "type": "MultiLineString", "coordinates": [ [ [ -90.512144545530077, 14.645904762901441 ], [ -90.512132507348724, 14.645986691313306 ] ], [ [ -90.512132507348724, 14.645986691313306 ], [ -90.512127576821385, 14.645970850182302 ] ], [ [ -90.512132507348724, 14.645986691313306 ], [ -90.512141801997231, 14.645972831501421 ] ] ] } },
{ "type": "Feature", "properties": { "kind": "L2", "value": "9.974228498575341", "building_uid": "2720" }, "geometry": { "type": "MultiLineString", "coordinates": [ [ [ -90.51433815576614, 14.648292403952782 ], [ -90.514429773503707, 14.648305128999981 ] ], [ [ -90.514429773503707, 14.648305128999981 ], [ -90.514412061996921, 14.648310361867063 ] ], [ [ -90.514429773503707, 14.648305128999981 ], [ -90.514414271460339, 14.648295283014248 ] ] ] } },
{ "type": "Feature", "properties": { "kind": "L2", "value": "8.90834009873105", "building_uid": "2728" }, "geometry": { "type": "MultiLineString", "coordinates": [ [ [ -90.514980987365732, 14.646380027487048 ], [ -90.514969178264096, 14.646459675380566 ] ], [ [ -90.514969178264096, 14.646459675380566 ], [ -90.514964404180688, 14.646444266473683 ] ], [ [ -90.514969178264096, 14.646459675380566 ], [ -90.514978233421886, 14.646446210085166 ] ] ] } },
{ "type": "Feature", "properties": { "kind": "L2", "value": "16.585165955370172", "building_uid": "2729" }, "geometry": { "type": "MultiLineString", "coordinates": [ [ [ -90.514958198588147, 14.646473815030367 ], [ -90.514935137888756, 14.646621945201947 ] ], [ [ -90.514935137888756, 14.646621945201947 ], [ -90.514926458002051, 14.646593197164579 ] ], [ [ -90.514935137888756, 14.646621945201947 ], [ -90.514952177819367, 14.646596992628758 ] ] ] } },
{ "type": "Feature", "properties": { "kind": "L2", "value": "32.411503572083", "building_uid": "2730" }, "geometry": { "type": "MultiLineString", "coordinates": [ [ [ -90.514589670056012, 14.646792909739276 ], [ -90.514886501635644, 14.646839879314381 ] ], [ [ -90.514886501635644, 14.646839879314381 ], [ -90.514828619812263, 14.646855792659821 ] ], [ [ -90.514886501635644, 14.646839879314381 ], [ -90.514836775120997, 14.64680693846536 ] ] ] } },
{ "type": "Feature", "properties": { "kind": "L2", "value": "20.660597229537224", "building_uid": "2731" }, "geometry": { "type": "MultiLineString", "coordinates": [ [ [ -90.515048137706259, 14.646818179866301 ], [ -90.514858139368997, 14.646793388903195 ] ], [ [ -90.514858139368997, 14.646793388903195 ], [ -90.514894730989809, 14.646782247073057 ] ], [ [ -90.514858139368997, 14.646793388903195 ], [ -90.51489042652662, 14.646813518052479 ] ] ] } },
{ "type": "Feature", "properties": { "kind": "L2", "value": "9.842433651818936", "building_uid": "2734" }, "geometry": { "type": "MultiLineString", "coordinates": [ [ [ -90.514315206796311, 14.646883479350986 ], [ -90.514302872751884, 14.646971576224647 ] ], [ [ -90.514302872751884, 14.646971576224647 ], [ -90.514297460305571, 14.646954592645724 ] ], [ [ -90.514302872751884, 14.646971576224647 ], [ -90.514312756576842, 14.646956622650697 ] ] ] } },
{ "type": "Feature", "properties": { "kind": "L2", "value": "9.351060834512529", "building_uid": "2736" }, "geometry": { "type": "MultiLineString", "coordinates": [ [ [ -90.514579962781085, 14.646852430438081 ], [ -90.514494192789229, 14.646839688429084 ] ], [ [ -90.514494192789229, 14.646839688429084 ], [ -90.514510845788948, 14.646834939818412 ] ], [ [ -90.514494192789229, 14.646839688429084 ], [ -90.514508633391785, 14.646849056317004 ] ] ] } },
{ "type": "Feature", "properties": { "kind": "L2", "value": "9.157812737227358", "building_uid": "2738" }, "geometry": { "type": "MultiLineString", "coordinates": [ [ [ -90.51448771450238, 14.646883017595762 ], [ -90.514403729915287, 14.646870456898567 ] ], [ [ -90.514403729915287, 14.646870456898567 ], [ -90.514420043549322, 14.646865822349799 ] ], [ [ -90.514403729915287, 14.646870456898567 ], [ -90.51441786263311, 14.646879644994673 ] ] ] } },
{ "type": "Feature", "properties": { "kind": "L2", "value": "18.503876004089864", "building_uid": "2741" }, "geometry": { "type": "MultiLineString", "coordinates": [ [ [ -90.513785062818528, 14.646110943610644 ], [ -90.513954847977388, 14.64613574460448 ] ], [ [ -90.513954847977388, 14.64613574460448 ], [ -90.513921919362133, 14.646145221283826 ] ], [ [ -90.513954847977388, 14.64613574460448 ], [ -90.513926225538924, 14.646117277009047 ] ] ] } },
{ "type": "Feature", "properties": { "kind": "L2", "value": "7.599258228005307", "building_uid": "2742" }, "geometry": { "type": "MultiLineString", "coordinates": [ [ [ -90.51345828595025, 14.64633385755382 ], [ -90.513388532683052, 14.646323836155865 ] ], [ [ -90.513388532683052, 14.646323836155865 ], [ -90.513402046274479, 14.64631991244895 ] ], [ [ -90.513388532683052, 14.646323836155865 ], [ -90.513400306261815, 14.646331392854115 ] ] ] } },
{ "type": "Feature", "properties": { "kind": "L2", "value": "9.16455969086385", "building_uid": "2745" }, "geometry": { "type": "MultiLineString", "coordinates": [ [ [ -90.513610235952143, 14.64676847669732 ], [ -90.513526075072051, 14.64675665532978 ] ], [ [ -90.513526075072051, 14.64675665532978 ], [ -90.51354235647581, 14.646751872257687 ] ], [ [ -90.513526075072051, 14.64675665532978 ], [ -90.513540303930512, 14.646765723925151 ] ] ] } },
{ "type": "Feature", "properties": { "kind": "L2", "value": "11.479398694391309", "building_uid": "2746" }, "geometry": { "type": "MultiLineString", "coordinates": [ [ [ -90.513430926339723, 14.646753779705342 ], [ -90.513445874717902, 14.646651107083812 ] ], [ [ -90.513445874717902, 14.646651107083812 ], [ -90.513452078671833, 14.646670947826992 ] ], [ [ -90.513445874717902, 14.646651107083812 ], [ -90.513434251634749, 14.646668487539454 ] ] ] } },
{ "type": "Feature", "properties": { "kind": "L2", "value": "6.915718791299925", "building_uid": "2747" }, "geometry": { "type": "MultiLineString", "coordinates": [ [ [ -90.513834347174196, 14.648154750327857 ], [ -90.513824326710576, 14.648216456936982 ] ], [ [ -90.513824326710576, 14.648216456936982 ], [ -90.513820785941974, 14.648204447294296 ] ], [ [ -90.513824326710576, 14.648216456936982 ], [ -90.513831500130166, 14.648206096507648 ] ] ] } },
{ "type": "Feature", "properties": { "kind": "L2", "value": "7.473120143659607", "building_uid": "2748" }, "geometry": { "type": "MultiLineString", "coordinates": [ [ [ -90.513846843963961, 14.648158806851656 ], [ -90.513857670294158, 14.648092126465516 ] ], [ [ -90.513857670294158, 14.648092126465516 ], [ -90.513861496790199, 14.648105103979411 ] ], [ [ -90.513857670294158, 14.648092126465516 ], [ -90.513849919004713, 14.648103322133041 ] ] ] } },
{ "type": "Feature", "properties": { "kind": "L2", "value": "12.904251160154363", "building_uid": "2749" }, "geometry": { "type": "MultiLineString", "coordinates": [ [ [ -90.513829546802171, 14.648333059397935 ], [ -90.513848210964269, 14.64821791402262 ] ], [ [ -90.513848210964269, 14.64821791402262 ], [ -90.513854824283982, 14.6482403213677 ] ], [ [ -90.513848210964269, 14.64821791402262 ], [ -90.513834831458936, 14.648237249538083 ] ] ] } },
{ "type": "Feature", "properties": { "kind": "L2", "value": "11.749520454149922", "building_uid": "2750" }, "geometry": { "type": "MultiLineString", "coordinates": [ [ [ -90.513658805874073, 14.648228478241565 ], [ -90.513766517359699, 14.648244856261135 ] ], [ [ -90.513766517359699, 14.648244856261135 ], [ -90.513745571540241, 14.64825075137848 ] ], [ [ -90.513766517359699, 14.648244856261135 ], [ -90.513748415272147, 14.648233023740131 ] ] ] } },
{ "type": "Feature", "properties": { "kind": "L2", "value": "11.394423664154054", "building_uid": "2751" }, "geometry": { "type": "MultiLineString", "coordinates": [ [ [ -90.513811461550034, 14.648085273500053 ], [ -90.513830020149342, 14.647983940412709 ] ], [ [ -90.513830020149342, 14.647983940412709 ], [ -90.513835453471756, 14.648003835435757 ] ], [ [ -90.513830020149342, 14.647983940412709 ], [ -90.513817858909533, 14.648000780976551 ] ] ] } },
{ "type": "Feature", "properties": { "kind": "L2", "value": "11.993406593732129", "building_uid": "2752" }, "geometry": { "type": "MultiLineString", "coordinates": [ [ [ -90.51385481936255, 14.64787798534911 ], [ -90.513838134005141, 14.647985102843412 ] ], [ [ -90.513838134005141, 14.647985102843412 ], [ -90.51383185896556, 14.647964313482035 ] ], [ [ -90.513838134005141, 14.647985102843412 ], [ -90.513850457876302, 14.647967059637436 ] ] ] } },
{ "type": "Feature", "properties": { "kind": "L2", "value": "10.579469393590447", "building_uid": "2753" }, "geometry": { "type": "MultiLineString", "coordinates": [ [ [ -90.513889705751339, 14.647790972960156 ], [ -90.513875755541321, 14.647885572449358 ] ], [ [ -90.513875755541321, 14.647885572449358 ], [ -90.513870071484334, 14.647867277202339 ] ], [ [ -90.513875755541321, 14.647885572449358 ], [ -90.51388649687479, 14.647869573195113 ] ] ] } },
{ "type": "Feature", "properties": { "kind": "L2", "value": "8.636380904158694", "building_uid": "2755" }, "geometry": { "type": "MultiLineString", "coordinates": [ [ [ -90.514007972885835, 14.647658232685108 ], [ -90.513928613162904, 14.64764742791559 ] ], [ [ -90.513928613162904, 14.64764742791559 ], [ -90.513943936049401, 14.647642855700589 ] ], [ [ -90.513928613162904, 14.64764742791559 ], [ -90.513942060008446, 14.647655917113125 ] ] ] } },
{ "type": "Feature", "properties": { "kind": "L2", "value": "8.25213967588627", "building_uid": "2757" }, "geometry": { "type": "MultiLineString", "coordinates": [ [ [ -90.513925965840443, 14.647363371473654 ], [ -90.513914399316945, 14.647437061594454 ] ], [ [ -90.513914399316945, 14.647437061594454 ], [ -90.5139100984576, 14.647422752569534 ] ], [ [ -90.513914399316945, 14.647437061594454 ], [ -90.513922893310237, 14.647424656247416 ] ] ] } },
{ "type": "Feature", "properties": { "kind": "L2", "value": "8.955528652093248", "building_uid": "2758" }, "geometry": { "type": "MultiLineString", "coordinates": [ [ [ -90.513870841430744, 14.647514009825738 ], [ -90.513858559100555, 14.647594020823618 ] ], [ [ -90.513858559100555, 14.647594020823618 ], [ -90.513853839236063, 14.647578507161811 ] ], [ [ -90.513858559100555, 14.647594020823618 ], [ -90.513867731595752, 14.647580528649437 ] ] ] } },
{ "type": "Feature", "properties": { "kind": "L2", "value": "9.74112351716258", "building_uid": "2759" }, "geometry": { "type": "MultiLineString", "coordinates": [ [ [ -90.513865469944093, 14.647512872626722 ], [ -90.513878830012928, 14.647425842967067 ] ], [ [ -90.513878830012928, 14.647425842967067 ], [ -90.513883963849807, 14.647442717532346 ] ], [ [ -90.513878830012928, 14.647425842967067 ], [ -90.513868852844794, 14.647440518665304 ] ] ] } },
{ "type": "Feature", "properties": { "kind": "L2", "value": "4.943774141781469", "building_uid": "2761" }, "geometry": { "type": "MultiLineString", "coordinates": [ [ [ -90.513966915814009, 14.647162175728681 ], [ -90.513960563109677, 14.647206404897451 ] ], [ [ -90.513960563109677, 14.647206404897451 ], [ -90.513957874848685, 14.647197865068616 ] ], [ [ -90.513960563109677, 14.647206404897451 ], [ -90.51396555437347, 14.647198910630301 ] ] ] } },
{ "type": "Feature", "properties": { "kind": "L2", "value": "8.913852902853847", "building_uid": "2762" }, "geometry": { "type": "MultiLineString", "coordinates": [ [ [ -90.513949794476986, 14.647285758850078 ], [ -90.513961106293991, 14.647205992353229 ] ], [ [ -90.513961106293991, 14.647205992353229 ], [ -90.513965980839487, 14.64722138183147 ] ], [ [ -90.513961106293991, 14.647205992353229 ], [ -90.513952130955374, 14.64721952007403 ] ] ] } },
{ "type": "Feature", "properties": { "kind": "L2", "value": "9.181876173229526", "building_uid": "2763" }, "geometry": { "type": "MultiLineString", "coordinates": [ [ [ -90.513928025386463, 14.647279488126708 ], [ -90.513916374192206, 14.647361653155041 ] ], [ [ -90.513916374192206, 14.647361653155041 ], [ -90.513911352931885, 14.647345800987017 ] ], [ [ -90.513916374192206, 14.647361653155041 ], [ -90.513925619281892, 14.647347718601225 ] ] ] } },
{ "type": "Feature", "properties": { "kind": "L2", "value": "9.100406774525153", "building_uid": "764" }, "geometry": { "type": "MultiLineString", "coordinates": [ [ [ -90.514537971649858, 14.645292720182937 ], [ -90.514548639851412, 14.645211170503982 ] ], [ [ -90.514548639851412, 14.645211170503982 ], [ -90.514553785801681, 14.645226830247871 ] ], [ [ -90.514548639851412, 14.645211170503982 ], [ -90.514539626433475, 14.645225074403855 ] ] ] } },
{ "type": "Feature", "properties": { "kind": "L2", "value": "14.660902622187526", "building_uid": "2764" }, "geometry": { "type": "MultiLineString", "coordinates": [ [ [ -90.513999386112332, 14.647172758282586 ], [ -90.514019051566876, 14.647041710444256 ] ], [ [ -90.514019051566876, 14.647041710444256 ], [ -90.514026863911184, 14.647067082701748 ] ], [ [ -90.514019051566876, 14.647041710444256 ], [ -90.514004110046358, 14.647063846057765 ] ] ] } },
{ "type": "Feature", "properties": { "kind": "L2", "value": "8.127409372523594", "building_uid": "2765" }, "geometry": { "type": "MultiLineString", "coordinates": [ [ [ -90.513937862422097, 14.647085540665133 ], [ -90.51386324154538, 14.647074951914654 ] ], [ [ -90.51386324154538, 14.647074951914654 ], [ -90.513877686705044, 14.647070730498509 ] ], [ [ -90.51386324154538, 14.647074951914654 ], [ -90.513875848176653, 14.647083012000978 ] ] ] } },
{ "type": "Feature", "properties": { "kind": "L2", "value": "10.110085889467255", "building_uid": "2767" }, "geometry": { "type": "MultiLineString", "coordinates": [ [ [ -90.513773704825297, 14.647095401335447 ], [ -90.513866528296674, 14.647108580724852 ] ], [ [ -90.513866528296674, 14.647108580724852 ], [ -90.513848558798998, 14.647113830501958 ] ], [ [ -90.513866528296674, 14.647108580724852 ], [ -90.513850847137704, 14.647098553119676 ] ] ] } },
{ "type": "Feature", "properties": { "kind": "L2", "value": "8.811882746089235", "building_uid": "2768" }, "geometry": { "type": "MultiLineString", "coordinates": [ [ [ -90.513695547994558, 14.647074777989898 ], [ -90.513776276796563, 14.647087381213909 ] ], [ [ -90.513776276796563, 14.647087381213909 ], [ -90.513760549617501, 14.64709174012501 ] ], [ [ -90.513776276796563, 14.647087381213909 ], [ -90.513762737916736, 14.647078453346722 ] ] ] } },
{ "type": "Feature", "properties": { "kind": "L2", "value": "10.390413273111442", "building_uid": "2769" }, "geometry": { "type": "MultiLineString", "coordinates": [ [ [ -90.513601751772882, 14.647060086956412 ], [ -90.513697060800723, 14.647074207950752 ] ], [ [ -90.513697060800723, 14.647074207950752 ], [ -90.513678559021798, 14.647079491595568 ] ], [ [ -90.513697060800723, 14.647074207950752 ], [ -90.513681010851116, 14.64706380512458 ] ] ] } },
{ "type": "Feature", "properties": { "kind": "L2", "value": "14.307710458028511", "building_uid": "2770" }, "geometry": { "type": "MultiLineString", "coordinates": [ [ [ -90.513444060132983, 14.647052748900878 ], [ -90.513425201341107, 14.647180686580098 ] ], [ [ -90.513425201341107, 14.647180686580098 ], [ -90.513417512789758, 14.647155944456584 ] ], [ [ -90.513425201341107, 14.647180686580098 ], [ -90.513439726645728, 14.647159048338059 ] ] ] } },
{ "type": "Feature", "properties": { "kind": "L2", "value": "11.498894833844567", "building_uid": "2771" }, "geometry": { "type": "MultiLineString", "coordinates": [ [ [ -90.51343670510505, 14.647053011722512 ], [ -90.513451862091998, 14.646950190169056 ] ], [ [ -90.513451862091998, 14.646950190169056 ], [ -90.513458041175028, 14.646970075073153 ] ], [ [ -90.513451862091998, 14.646950190169056 ], [ -90.513440188254251, 14.646967580455067 ] ] ] } },
{ "type": "Feature", "properties": { "kind": "L2", "value": "20.061083646032756", "building_uid": "2772" }, "geometry": { "type": "MultiLineString", "coordinates": [ [ [ -90.513435205481272, 14.6477052673886 ], [ -90.513464372593134, 14.64752628459749 ] ], [ [ -90.513464372593134, 14.64752628459749 ], [ -90.513474624168637, 14.64756112752991 ] ], [ [ -90.513464372593134, 14.64752628459749 ], [ -90.513443547276424, 14.647556327065029 ] ] ] } },
{ "type": "Feature", "properties": { "kind": "L2", "value": "9.201622930665817", "building_uid": "2773" }, "geometry": { "type": "MultiLineString", "coordinates": [ [ [ -90.51336621382471, 14.647428954942288 ], [ -90.513353391570774, 14.647511134884873 ] ], [ [ -90.513353391570774, 14.647511134884873 ], [ -90.513348581278919, 14.647495183644688 ] ], [ [ -90.513353391570774, 14.647511134884873 ], [ -90.513362850228319, 14.647497293996496 ] ] ] } },
{ "type": "Feature", "properties": { "kind": "L2", "value": "19.379298916167055", "building_uid": "2774" }, "geometry": { "type": "MultiLineString", "coordinates": [ [ [ -90.513335897349748, 14.647449157059516 ], [ -90.513362902599667, 14.647276080113809 ] ], [ [ -90.513362902599667, 14.647276080113809 ], [ -90.513373033301875, 14.647309674641162 ] ], [ [ -90.513362902599667, 14.647276080113809 ], [ -90.513342981880186, 14.647305229980789 ] ] ] } },
{ "type": "Feature", "properties": { "kind": "L2", "value": "5.998981364102753", "building_uid": "2775" }, "geometry": { "type": "MultiLineString", "coordinates": [ [ [ -90.513306137671009, 14.647213068873203 ], [ -90.513314750479395, 14.647159529864611 ] ], [ [ -90.513314750479395, 14.647159529864611 ], [ -90.513317837305891, 14.647169943199309 ] ], [ [ -90.513314750479395, 14.647159529864611 ], [ -90.513308541311744, 14.647168525658163 ] ] ] } },
{ "type": "Feature", "properties": { "kind": "L2", "value": "9.06645409050553", "building_uid": "2776" }, "geometry": { "type": "MultiLineString", "coordinates": [ [ [ -90.513213022700128, 14.648176804727212 ], [ -90.51312979557558, 14.648164887140016 ] ], [ [ -90.51312979557558, 14.648164887140016 ], [ -90.513145916085378, 14.648160198394693 ] ], [ [ -90.51312979557558, 14.648164887140016 ], [ -90.513143846820043, 14.648173896290357 ] ] ] } },
{ "type": "Feature", "properties": { "kind": "L2", "value": "11.366582309967663", "building_uid": "2777" }, "geometry": { "type": "MultiLineString", "coordinates": [ [ [ -90.513281017386362, 14.648022943967096 ], [ -90.5132649900698, 14.648124431205931 ] ], [ [ -90.5132649900698, 14.648124431205931 ], [ -90.513259084540081, 14.648104716546056 ] ], [ [ -90.5132649900698, 14.648124431205931 ], [ -90.513276705875725, 14.648107354396181 ] ] ] } },
{ "type": "Feature", "properties": { "kind": "L2", "value": "11.82230700622363", "building_uid": "2778" }, "geometry": { "type": "MultiLineString", "coordinates": [ [ [ -90.513381574076718, 14.647806170128543 ], [ -90.51336602615892, 14.647911888521795 ] ], [ [ -90.51336602615892, 14.647911888521795 ], [ -90.513359666411844, 14.647891446365808 ] ], [ [ -90.51336602615892, 14.647911888521795 ], [ -90.51337802238919, 14.647894005316859 ] ] ] } },
{ "type": "Feature", "properties": { "kind": "L2", "value": "12.548378521800288", "building_uid": "2779" }, "geometry": { "type": "MultiLineString", "coordinates": [ [ [ -90.513363159620965, 14.647685942627803 ], [ -90.513344914838044, 14.647797897801087 ] ], [ [ -90.513344914838044, 14.647797897801087 ], [ -90.513338502485695, 14.647776103224366 ] ], [ [ -90.513344914838044, 14.647797897801087 ], [ -90.513357941350236, 14.647779106040073 ] ] ] } },
{ "type": "Feature", "properties": { "kind": "L2", "value": "13.798244500074594", "building_uid": "2780" }, "geometry": { "type": "MultiLineString", "coordinates": [ [ [ -90.513374994748546, 14.647914966709807 ], [ -90.51335570695241, 14.648038190280133 ] ], [ [ -90.51335570695241, 14.648038190280133 ], [ -90.513348505376584, 14.648014267345781 ] ], [ [ -90.51335570695241, 14.648038190280133 ], [ -90.513369900805273, 14.648017441822393 ] ] ] } },
{ "type": "Feature", "properties": { "kind": "L2", "value": "9.601873093400743", "building_uid": "2781" }, "geometry": { "type": "MultiLineString", "coordinates": [ [ [ -90.513212173957243, 14.64817768506558 ], [ -90.51330031626766, 14.648190305112013 ] ], [ [ -90.51330031626766, 14.648190305112013 ], [ -90.513283243838501, 14.648195271014751 ] ], [ [ -90.51330031626766, 14.648190305112013 ], [ -90.513285435069491, 14.648180764155443 ] ] ] } },
{ "type": "Feature", "properties": { "kind": "L2", "value": "9.326774214880366", "building_uid": "2782" }, "geometry": { "type": "MultiLineString", "coordinates": [ [ [ -90.513385540483995, 14.648202457627875 ], [ -90.513299908404676, 14.648190299432109 ] ], [ [ -90.513299908404676, 14.648190299432109 ], [ -90.513316485728993, 14.648185456391685 ] ], [ [ -90.513299908404676, 14.648190299432109 ], [ -90.513314374686189, 14.648199550103978 ] ] ] } },
{ "type": "Feature", "properties": { "kind": "L2", "value": "14.725522265824704", "building_uid": "2785" }, "geometry": { "type": "MultiLineString", "coordinates": [ [ [ -90.51338881730851, 14.648164736280931 ], [ -90.513523947259173, 14.648184392200056 ] ], [ [ -90.513523947259173, 14.648184392200056 ], [ -90.513497746953519, 14.648191949492407 ] ], [ [ -90.513523947259173, 14.648184392200056 ], [ -90.513501159828451, 14.648169709193754 ] ] ] } },
{ "type": "Feature", "properties": { "kind": "L2", "value": "13.132226730836713", "building_uid": "2786" }, "geometry": { "type": "MultiLineString", "coordinates": [ [ [ -90.512634077572358, 14.648047713769524 ], [ -90.512513425398126, 14.648031145879184 ] ], [ [ -90.512513425398126, 14.648031145879184 ], [ -90.512536733348213, 14.648024220259741 ] ], [ [ -90.512513425398126, 14.648031145879184 ], [ -90.512533856645646, 14.648044077750678 ] ] ] } },
{ "type": "Feature", "properties": { "kind": "L2", "value": "8.41740748638813", "building_uid": "2787" }, "geometry": { "type": "MultiLineString", "coordinates": [ [ [ -90.512757682250196, 14.6470118115333 ], [ -90.512680151769331, 14.647002646260463 ] ], [ [ -90.512680151769331, 14.647002646260463 ], [ -90.512695000748835, 14.646997927381435 ] ], [ [ -90.512680151769331, 14.647002646260463 ], [ -90.512693409379594, 14.647010687766425 ] ] ] } },
{ "type": "Feature", "properties": { "kind": "L2", "value": "9.7449662263934", "building_uid": "2788" }, "geometry": { "type": "MultiLineString", "coordinates": [ [ [ -90.512852997281769, 14.646971789484239 ], [ -90.512763437054332, 14.646959696128762 ] ], [ [ -90.512763437054332, 14.646959696128762 ], [ -90.512780720765804, 14.646954518037484 ] ], [ [ -90.512763437054332, 14.646959696128762 ], [ -90.51277862099306, 14.64696925834582 ] ] ] } },
{ "type": "Feature", "properties": { "kind": "L2", "value": "14.086794498488944", "building_uid": "2789" }, "geometry": { "type": "MultiLineString", "coordinates": [ [ [ -90.512835868911793, 14.64696322769626 ], [ -90.512965332169415, 14.646980710323373 ] ], [ [ -90.512965332169415, 14.646980710323373 ], [ -90.512940347701559, 14.646988195283717 ] ], [ [ -90.512965332169415, 14.646980710323373 ], [ -90.512943383208835, 14.646966887516776 ] ] ] } },
{ "type": "Feature", "properties": { "kind": "L2", "value": "12.02118651466338", "building_uid": "2790" }, "geometry": { "type": "MultiLineString", "coordinates": [ [ [ -90.513083337301154, 14.647124928996675 ], [ -90.513099009835244, 14.647017413184644 ] ], [ [ -90.513099009835244, 14.647017413184644 ], [ -90.51310550300488, 14.647038191402681 ] ], [ [ -90.513099009835244, 14.647017413184644 ], [ -90.513086835013453, 14.647035611933964 ] ] ] } },
{ "type": "Feature", "properties": { "kind": "L2", "value": "12.628105821157625", "building_uid": "2791" }, "geometry": { "type": "MultiLineString", "coordinates": [ [ [ -90.512997664628472, 14.647109818624823 ], [ -90.512981186573143, 14.647222760659565 ] ], [ [ -90.512981186573143, 14.647222760659565 ], [ -90.512974368332166, 14.647200932587459 ] ], [ [ -90.512981186573143, 14.647222760659565 ], [ -90.512993978494166, 14.647203644633755 ] ] ] } },
{ "type": "Feature", "properties": { "kind": "L2", "value": "6.084621713994396", "building_uid": "2850" }, "geometry": { "type": "MultiLineString", "coordinates": [ [ [ -90.512295059079506, 14.647112635984453 ], [ -90.512292388981066, 14.647167539777071 ] ], [ [ -90.512292388981066, 14.647167539777071 ], [ -90.512288106486849, 14.647157368100549 ] ], [ [ -90.512292388981066, 14.647167539777071 ], [ -90.512297639448249, 14.647157807559656 ] ] ] } },
{ "type": "Feature", "properties": { "kind": "L2", "value": "12.944410740910012", "building_uid": "2792" }, "geometry": { "type": "MultiLineString", "coordinates": [ [ [ -90.513129043255333, 14.646887798179343 ], [ -90.513105302094701, 14.647002423987736 ] ], [ [ -90.513105302094701, 14.647002423987736 ], [ -90.513099654209242, 14.646979693010163 ] ], [ [ -90.513105302094701, 14.647002423987736 ], [ -90.513119556704993, 14.646983600460894 ] ] ] } },
{ "type": "Feature", "properties": { "kind": "L2", "value": "13.528207969411504", "building_uid": "2793" }, "geometry": { "type": "MultiLineString", "coordinates": [ [ [ -90.512970956458105, 14.647216854483466 ], [ -90.512952660355396, 14.647337756107756 ] ], [ [ -90.512952660355396, 14.647337756107756 ], [ -90.512945480638336, 14.647314335656866 ] ], [ [ -90.512952660355396, 14.647337756107756 ], [ -90.512966472837405, 14.647317346925618 ] ] ] } },
{ "type": "Feature", "properties": { "kind": "L2", "value": "11.151596029364423", "building_uid": "2794" }, "geometry": { "type": "MultiLineString", "coordinates": [ [ [ -90.51293880770595, 14.647434318983466 ], [ -90.512952479687371, 14.647334464540689 ] ], [ [ -90.512952479687371, 14.647334464540689 ], [ -90.512958670370082, 14.647353689414576 ] ], [ [ -90.512952479687371, 14.647334464540689 ], [ -90.512941332598444, 14.647351439210636 ] ] ] } },
{ "type": "Feature", "properties": { "kind": "L2", "value": "19.01431844169309", "building_uid": "2885" }, "geometry": { "type": "MultiLineString", "coordinates": [ [ [ -90.51322449301864, 14.645608440960782 ], [ -90.513254209914948, 14.645439129671626 ] ], [ [ -90.513254209914948, 14.645439129671626 ], [ -90.51326352205912, 14.645472264799409 ] ], [ [ -90.513254209914948, 14.645439129671626 ], [ -90.513234124719347, 14.645467373800846 ] ] ] } },
{ "type": "Feature", "properties": { "kind": "L2", "value": "11.717766148947508", "building_uid": "2795" }, "geometry": { "type": "MultiLineString", "coordinates": [ [ [ -90.512944010367448, 14.647427211880617 ], [ -90.512928720117216, 14.647532012093771 ] ], [ [ -90.512928720117216, 14.647532012093771 ], [ -90.51292239339304, 14.647511757570411 ] ], [ [ -90.512928720117216, 14.647532012093771 ], [ -90.512940589914052, 14.647514274117706 ] ] ] } },
{ "type": "Feature", "properties": { "kind": "L2", "value": "12.96194514524405", "building_uid": "2796" }, "geometry": { "type": "MultiLineString", "coordinates": [ [ [ -90.512433866512367, 14.648128583727361 ], [ -90.512450663907742, 14.648012639952995 ] ], [ [ -90.512450663907742, 14.648012639952995 ], [ -90.512457684904291, 14.648035038398028 ] ], [ [ -90.512450663907742, 14.648012639952995 ], [ -90.512437553471415, 14.648032273806507 ] ] ] } },
{ "type": "Feature", "properties": { "kind": "L2", "value": "9.423575324908555", "building_uid": "2797" }, "geometry": { "type": "MultiLineString", "coordinates": [ [ [ -90.512451092460111, 14.648014169225421 ], [ -90.512463390356686, 14.647929887778718 ] ], [ [ -90.512463390356686, 14.647929887778718 ], [ -90.512468478154645, 14.647946176787451 ] ], [ [ -90.512463390356686, 14.647929887778718 ], [ -90.51245384428924, 14.647944152742737 ] ] ] } },
{ "type": "Feature", "properties": { "kind": "L2", "value": "7.405976184896887", "building_uid": "2798" }, "geometry": { "type": "MultiLineString", "coordinates": [ [ [ -90.512524310042096, 14.64787122209418 ], [ -90.51251424957492, 14.647937402926964 ] ], [ [ -90.51251424957492, 14.647937402926964 ], [ -90.512510327632668, 14.64792457898645 ] ], [ [ -90.51251424957492, 14.647937402926964 ], [ -90.512521818670507, 14.647926234785954 ] ] ] } },
{ "type": "Feature", "properties": { "kind": "L2", "value": "5.667224035198625", "building_uid": "2800" }, "geometry": { "type": "MultiLineString", "coordinates": [ [ [ -90.512893836700897, 14.647902537522279 ], [ -90.512900211072719, 14.647851720314105 ] ], [ [ -90.512900211072719, 14.647851720314105 ], [ -90.512903467362179, 14.647861456082504 ] ], [ [ -90.512900211072719, 14.647851720314105 ], [ -90.512894643926884, 14.647860406958339 ] ] ] } },
{ "type": "Feature", "properties": { "kind": "L2", "value": "7.553732776112278", "building_uid": "2801" }, "geometry": { "type": "MultiLineString", "coordinates": [ [ [ -90.512905615128247, 14.647901516484019 ], [ -90.512897118474868, 14.647969249708519 ] ], [ [ -90.512897118474868, 14.647969249708519 ], [ -90.512892778300795, 14.647956273069077 ] ], [ [ -90.512897118474868, 14.647969249708519 ], [ -90.512904538883532, 14.647957671488514 ] ] ] } },
{ "type": "Feature", "properties": { "kind": "L2", "value": "11.931903245030913", "building_uid": "2803" }, "geometry": { "type": "MultiLineString", "coordinates": [ [ [ -90.512921329972087, 14.648195363853718 ], [ -90.512936403722023, 14.648088580990443 ] ], [ [ -90.512936403722023, 14.648088580990443 ], [ -90.512942941842979, 14.64810917707136 ] ], [ [ -90.512936403722023, 14.648088580990443 ], [ -90.512924401021863, 14.648106696165986 ] ] ] } },
{ "type": "Feature", "properties": { "kind": "L2", "value": "12.56580060509499", "building_uid": "2804" }, "geometry": { "type": "MultiLineString", "coordinates": [ [ [ -90.512953824438185, 14.647977304163051 ], [ -90.51293813940282, 14.648089785207411 ] ], [ [ -90.51293813940282, 14.648089785207411 ], [ -90.512931217399569, 14.648068105960006 ] ], [ [ -90.51293813940282, 14.648089785207411 ], [ -90.512950747597884, 14.648070687476526 ] ] ] } },
{ "type": "Feature", "properties": { "kind": "L2", "value": "12.768621323599373", "building_uid": "2805" }, "geometry": { "type": "MultiLineString", "coordinates": [ [ [ -90.512546208471761, 14.647806675032127 ], [ -90.512562205030335, 14.647692386226559 ] ], [ [ -90.512562205030335, 14.647692386226559 ], [ -90.512569227496058, 14.647714418788633 ] ], [ [ -90.512562205030335, 14.647692386226559 ], [ -90.512549383446455, 14.64771178599856 ] ] ] } },
{ "type": "Feature", "properties": { "kind": "L2", "value": "8.161584577616662", "building_uid": "2806" }, "geometry": { "type": "MultiLineString", "coordinates": [ [ [ -90.512520637022732, 14.647873874157959 ], [ -90.512531724347284, 14.647800941163755 ] ], [ [ -90.512531724347284, 14.647800941163755 ], [ -90.512536046350164, 14.647815073514122 ] ], [ [ -90.512531724347284, 14.647800941163755 ], [ -90.512523382934731, 14.647813248709747 ] ] ] } },
{ "type": "Feature", "properties": { "kind": "L2", "value": "9.80332036907581", "building_uid": "2807" }, "geometry": { "type": "MultiLineString", "coordinates": [ [ [ -90.512560136572645, 14.647689730653349 ], [ -90.512573616645298, 14.647602150450384 ] ], [ [ -90.512573616645298, 14.647602150450384 ], [ -90.512578776531868, 14.647619134682508 ] ], [ [ -90.512573616645298, 14.647602150450384 ], [ -90.512563569923358, 14.64761691606645 ] ] ] } },
{ "type": "Feature", "properties": { "kind": "L2", "value": "16.5414048860813", "building_uid": "2808" }, "geometry": { "type": "MultiLineString", "coordinates": [ [ [ -90.512537865172263, 14.6469182502519 ], [ -90.512690173383817, 14.646936659083394 ] ], [ [ -90.512690173383817, 14.646936659083394 ], [ -90.512660967595863, 14.646945856136524 ] ], [ [ -90.512690173383817, 14.646936659083394 ], [ -90.512664163917989, 14.646920788417514 ] ] ] } },
{ "type": "Feature", "properties": { "kind": "L2", "value": "7.227099380474", "building_uid": "2809" }, "geometry": { "type": "MultiLineString", "coordinates": [ [ [ -90.512577709654181, 14.64709862404443 ], [ -90.512585970713715, 14.647033835511204 ] ], [ [ -90.512585970713715, 14.647033835511204 ], [ -90.512590097924843, 14.647046259006247 ] ], [ [ -90.512585970713715, 14.647033835511204 ], [ -90.512578848678785, 14.647044899357104 ] ] ] } },
{ "type": "Feature", "properties": { "kind": "L2", "value": "8.305176375096886", "building_uid": "2810" }, "geometry": { "type": "MultiLineString", "coordinates": [ [ [ -90.512591484057637, 14.647098838687807 ], [ -90.512582114661669, 14.647173306706947 ] ], [ [ -90.512582114661669, 14.647173306706947 ], [ -90.512577348021907, 14.647159037485237 ] ], [ [ -90.512582114661669, 14.647173306706947 ], [ -90.512590277925682, 14.647160579550512 ] ] ] } },
{ "type": "Feature", "properties": { "kind": "L2", "value": "4.551874517747079", "building_uid": "2811" }, "geometry": { "type": "MultiLineString", "coordinates": [ [ [ -90.512580502150868, 14.647211218276036 ], [ -90.512586034589816, 14.647170453327103 ] ], [ [ -90.512586034589816, 14.647170453327103 ], [ -90.512588570786875, 14.647178297724148 ] ], [ [ -90.512586034589816, 14.647170453327103 ], [ -90.512581492756283, 14.647177387166348 ] ] ] } },
{ "type": "Feature", "properties": { "kind": "L2", "value": "8.105938826070469", "building_uid": "2812" }, "geometry": { "type": "MultiLineString", "coordinates": [ [ [ -90.512628687248906, 14.647372447771408 ], [ -90.512643329542584, 14.647300624027757 ] ], [ [ -90.512643329542584, 14.647300624027757 ], [ -90.512646910851956, 14.647314847863369 ] ], [ [ -90.512643329542584, 14.647300624027757 ], [ -90.512634440065384, 14.647312437959679 ] ] ] } },
{ "type": "Feature", "properties": { "kind": "L2", "value": "9.249595330357682", "building_uid": "2813" }, "geometry": { "type": "MultiLineString", "coordinates": [ [ [ -90.512648415995244, 14.647211116629316 ], [ -90.512637173238716, 14.647293952598659 ] ], [ [ -90.512637173238716, 14.647293952598659 ], [ -90.512632019698685, 14.647278012425923 ] ], [ [ -90.512637173238716, 14.647293952598659 ], [ -90.512646402539971, 14.647279862817919 ] ] ] } },
{ "type": "Feature", "properties": { "kind": "L2", "value": "9.138293531341338", "building_uid": "2814" }, "geometry": { "type": "MultiLineString", "coordinates": [ [ [ -90.512532403961714, 14.647601298555408 ], [ -90.512545118176291, 14.647519681333383 ] ], [ [ -90.512545118176291, 14.647519681333383 ], [ -90.51254989920244, 14.647535521682393 ] ], [ [ -90.512545118176291, 14.647519681333383 ], [ -90.512535727955708, 14.647533429114119 ] ] ] } },
{ "type": "Feature", "properties": { "kind": "L2", "value": "6.434023663191885", "building_uid": "2815" }, "geometry": { "type": "MultiLineString", "coordinates": [ [ [ -90.512499609286252, 14.647512914622681 ], [ -90.512510624979811, 14.647455791077416 ] ], [ [ -90.512510624979811, 14.647455791077416 ], [ -90.512513587454634, 14.647467051889313 ] ], [ [ -90.512510624979811, 14.647455791077416 ], [ -90.512503669062696, 14.647465238871224 ] ] ] } },
{ "type": "Feature", "properties": { "kind": "L2", "value": "11.772568320645751", "building_uid": "2816" }, "geometry": { "type": "MultiLineString", "coordinates": [ [ [ -90.512604904731475, 14.64746599825135 ], [ -90.512625506812654, 14.647361559714117 ] ], [ [ -90.512625506812654, 14.647361559714117 ], [ -90.5126308393057, 14.647382185803551 ] ], [ [ -90.512625506812654, 14.647361559714117 ], [ -90.512612705593241, 14.647378795009027 ] ] ] } },
{ "type": "Feature", "properties": { "kind": "L2", "value": "23.920329074516513", "building_uid": "2818" }, "geometry": { "type": "MultiLineString", "coordinates": [ [ [ -90.512879770869901, 14.647738328556176 ], [ -90.512914056365389, 14.647524838541496 ] ], [ [ -90.512914056365389, 14.647524838541496 ], [ -90.512926375932679, 14.647566357510922 ] ], [ [ -90.512914056365389, 14.647524838541496 ], [ -90.512889307529022, 14.647560714638596 ] ] ] } },
{ "type": "Feature", "properties": { "kind": "L2", "value": "6.455284256555364", "building_uid": "2819" }, "geometry": { "type": "MultiLineString", "coordinates": [ [ [ -90.513013884359125, 14.647757308692471 ], [ -90.513004632299385, 14.64781492246591 ] ], [ [ -90.513004632299385, 14.64781492246591 ], [ -90.513001307579714, 14.647803717929287 ] ], [ [ -90.513004632299385, 14.64781492246591 ], [ -90.5130113111057, 14.647805240678036 ] ] ] } },
{ "type": "Feature", "properties": { "kind": "L2", "value": "9.145908431624004", "building_uid": "2820" }, "geometry": { "type": "MultiLineString", "coordinates": [ [ [ -90.511991550505627, 14.647953934267377 ], [ -90.511907562754956, 14.647942122105711 ] ], [ [ -90.511907562754956, 14.647942122105711 ], [ -90.511923811983408, 14.647937351650093 ] ], [ [ -90.511907562754956, 14.647942122105711 ], [ -90.511921761025306, 14.64795117474725 ] ] ] } },
{ "type": "Feature", "properties": { "kind": "L2", "value": "13.946726135904262", "building_uid": "2821" }, "geometry": { "type": "MultiLineString", "coordinates": [ [ [ -90.511794273784815, 14.647916516078668 ], [ -90.511774076153017, 14.648040959381779 ] ], [ [ -90.511774076153017, 14.648040959381779 ], [ -90.51176693360371, 14.648016740484286 ] ], [ [ -90.511774076153017, 14.648040959381779 ], [ -90.511788540816042, 14.648020064705904 ] ] ] } },
{ "type": "Feature", "properties": { "kind": "L2", "value": "10.942069504362891", "building_uid": "2851" }, "geometry": { "type": "MultiLineString", "coordinates": [ [ [ -90.512337070464042, 14.647167807772197 ], [ -90.512330466845242, 14.647266443412313 ] ], [ [ -90.512330466845242, 14.647266443412313 ], [ -90.512323100757555, 14.64724802113318 ] ], [ [ -90.512330466845242, 14.647266443412313 ], [ -90.512340226899425, 14.64724910799192 ] ] ] } },
{ "type": "Feature", "properties": { "kind": "L2", "value": "12.300055168015758", "building_uid": "2822" }, "geometry": { "type": "MultiLineString", "coordinates": [ [ [ -90.511790579843293, 14.647925773246721 ], [ -90.51180670962745, 14.647815776357222 ] ], [ [ -90.51180670962745, 14.647815776357222 ], [ -90.511813335345536, 14.647837041922644 ] ], [ [ -90.51180670962745, 14.647815776357222 ], [ -90.511794236493671, 14.647834387207107 ] ] ] } },
{ "type": "Feature", "properties": { "kind": "L2", "value": "13.252026045384786", "building_uid": "2824" }, "geometry": { "type": "MultiLineString", "coordinates": [ [ [ -90.51213254970709, 14.647969845580112 ], [ -90.512113007073381, 14.648088035752721 ] ], [ [ -90.512113007073381, 14.648088035752721 ], [ -90.512106288664171, 14.648065004209137 ] ], [ [ -90.512113007073381, 14.648088035752721 ], [ -90.512126810143911, 14.648068220627259 ] ] ] } },
{ "type": "Feature", "properties": { "kind": "L2", "value": "11.452626043536734", "building_uid": "2825" }, "geometry": { "type": "MultiLineString", "coordinates": [ [ [ -90.512182477540819, 14.648037897940515 ], [ -90.512287389180372, 14.648054340502606 ] ], [ [ -90.512287389180372, 14.648054340502606 ], [ -90.512266945263335, 14.648059993522685 ] ], [ [ -90.512287389180372, 14.648054340502606 ], [ -90.512269800199448, 14.648042726680339 ] ] ] } },
{ "type": "Feature", "properties": { "kind": "L2", "value": "8.134194499287405", "building_uid": "2826" }, "geometry": { "type": "MultiLineString", "coordinates": [ [ [ -90.512234374083761, 14.6475698979269 ], [ -90.512222443216018, 14.647642454048492 ] ], [ [ -90.512222443216018, 14.647642454048492 ], [ -90.512218306840722, 14.647628320592165 ] ], [ [ -90.512222443216018, 14.647642454048492 ], [ -90.512230904808462, 14.6476302842338 ] ] ] } },
{ "type": "Feature", "properties": { "kind": "L2", "value": "10.883696523120227", "building_uid": "2827" }, "geometry": { "type": "MultiLineString", "coordinates": [ [ [ -90.512191880952898, 14.647741970774758 ], [ -90.512173901513094, 14.647838717546714 ] ], [ [ -90.512173901513094, 14.647838717546714 ], [ -90.512168761385482, 14.647819701504655 ] ], [ [ -90.512173901513094, 14.647838717546714 ], [ -90.512185559606763, 14.647822660648053 ] ] ] } },
{ "type": "Feature", "properties": { "kind": "L2", "value": "10.27534468406185", "building_uid": "2889" }, "geometry": { "type": "MultiLineString", "coordinates": [ [ [ -90.51327623417896, 14.645710027649075 ], [ -90.513290314610359, 14.645618223372715 ] ], [ [ -90.513290314610359, 14.645618223372715 ], [ -90.513295732316422, 14.645636022682549 ] ], [ [ -90.513290314610359, 14.645618223372715 ], [ -90.513279792425237, 14.645633705235339 ] ] ] } },
{ "type": "Feature", "properties": { "kind": "L2", "value": "7.002178887475333", "building_uid": "2829" }, "geometry": { "type": "MultiLineString", "coordinates": [ [ [ -90.511866526458419, 14.647818191254016 ], [ -90.511875595080667, 14.64775555647976 ] ], [ [ -90.511875595080667, 14.64775555647976 ], [ -90.511879388951044, 14.647767656035128 ] ], [ [ -90.511875595080667, 14.64775555647976 ], [ -90.511868513626354, 14.64776616347795 ] ] ] } },
{ "type": "Feature", "properties": { "kind": "L2", "value": "6.573801412655288", "building_uid": "2830" }, "geometry": { "type": "MultiLineString", "coordinates": [ [ [ -90.511872214381796, 14.647756590919169 ], [ -90.511879902196398, 14.64769768023289 ] ], [ [ -90.511879902196398, 14.64769768023289 ], [ -90.511883623044483, 14.647708991124476 ] ], [ [ -90.511879902196398, 14.64769768023289 ], [ -90.511873394338863, 14.647707725826862 ] ] ] } },
{ "type": "Feature", "properties": { "kind": "L2", "value": "13.73023673074503", "building_uid": "2832" }, "geometry": { "type": "MultiLineString", "coordinates": [ [ [ -90.512202200395151, 14.64786355040812 ], [ -90.512184117663125, 14.647986326364176 ] ], [ [ -90.512184117663125, 14.647986326364176 ], [ -90.512176736517773, 14.647962583732257 ] ], [ [ -90.512184117663125, 14.647986326364176 ], [ -90.512198054221685, 14.647965559874468 ] ] ] } },
{ "type": "Feature", "properties": { "kind": "L2", "value": "11.753783204244883", "building_uid": "2833" }, "geometry": { "type": "MultiLineString", "coordinates": [ [ [ -90.512222865114111, 14.647644336256178 ], [ -90.512205404111739, 14.64774914402348 ] ], [ [ -90.512205404111739, 14.64774914402348 ], [ -90.51219947019672, 14.647728709495636 ] ], [ [ -90.512205404111739, 14.64774914402348 ], [ -90.512217668047583, 14.647731583313435 ] ] ] } },
{ "type": "Feature", "properties": { "kind": "L2", "value": "6.521379341517917", "building_uid": "2834" }, "geometry": { "type": "MultiLineString", "coordinates": [ [ [ -90.512247142658595, 14.647515478880058 ], [ -90.512239184000762, 14.647573877808139 ] ], [ [ -90.512239184000762, 14.647573877808139 ], [ -90.512235556679144, 14.647562637389575 ] ], [ [ -90.512239184000762, 14.647573877808139 ], [ -90.512245696520878, 14.647563947265462 ] ] ] } },
{ "type": "Feature", "properties": { "kind": "L2", "value": "12.150608385386613", "building_uid": "2835" }, "geometry": { "type": "MultiLineString", "coordinates": [ [ [ -90.512066703296327, 14.646864668676626 ], [ -90.512178063631055, 14.646881774666614 ] ], [ [ -90.512178063631055, 14.646881774666614 ], [ -90.512156393225652, 14.646887838160829 ] ], [ [ -90.512178063631055, 14.646881774666614 ], [ -90.51215936333702, 14.646869509863109 ] ] ] } },
{ "type": "Feature", "properties": { "kind": "L2", "value": "9.730539901385495", "building_uid": "2836" }, "geometry": { "type": "MultiLineString", "coordinates": [ [ [ -90.51239490587237, 14.646774479776598 ], [ -90.512380835667315, 14.646861306405663 ] ], [ [ -90.512380835667315, 14.646861306405663 ], [ -90.512375848200463, 14.646844410199293 ] ], [ [ -90.512380835667315, 14.646861306405663 ], [ -90.512390923911312, 14.646846725952253 ] ] ] } },
{ "type": "Feature", "properties": { "kind": "L2", "value": "10.639022274911005", "building_uid": "2837" }, "geometry": { "type": "MultiLineString", "coordinates": [ [ [ -90.512382292289217, 14.64687033752935 ], [ -90.512369619419957, 14.646965649622242 ] ], [ [ -90.512369619419957, 14.646965649622242 ], [ -90.512363642000281, 14.646947330318548 ] ], [ [ -90.512369619419957, 14.646965649622242 ], [ -90.512380191050426, 14.646949416089335 ] ] ] } },
{ "type": "Feature", "properties": { "kind": "L2", "value": "15.171716924793456", "building_uid": "2838" }, "geometry": { "type": "MultiLineString", "coordinates": [ [ [ -90.512323784551199, 14.646885658365086 ], [ -90.512184791222921, 14.646863959556859 ] ], [ [ -90.512184791222921, 14.646863959556859 ], [ -90.512211869151741, 14.646856454579749 ] ], [ [ -90.512184791222921, 14.646863959556859 ], [ -90.512208101582047, 14.646879330865167 ] ] ] } },
{ "type": "Feature", "properties": { "kind": "L2", "value": "12.47319608309187", "building_uid": "2839" }, "geometry": { "type": "MultiLineString", "coordinates": [ [ [ -90.512367260842552, 14.646960957917793 ], [ -90.512352716539695, 14.647072740944488 ] ], [ [ -90.512352716539695, 14.647072740944488 ], [ -90.512345648409706, 14.647051282088748 ] ], [ [ -90.512352716539695, 14.647072740944488 ], [ -90.512365057319371, 14.647053675869447 ] ] ] } },
{ "type": "Feature", "properties": { "kind": "L2", "value": "9.582906600955651", "building_uid": "2840" }, "geometry": { "type": "MultiLineString", "coordinates": [ [ [ -90.512075288254152, 14.646835606438163 ], [ -90.511987185653297, 14.646823940121926 ] ], [ [ -90.511987185653297, 14.646823940121926 ], [ -90.512004168079045, 14.646818804572264 ] ], [ [ -90.511987185653297, 14.646823940121926 ], [ -90.51200214245452, 14.646833304985622 ] ] ] } },
{ "type": "Feature", "properties": { "kind": "L2", "value": "15.346074121534816", "building_uid": "2841" }, "geometry": { "type": "MultiLineString", "coordinates": [ [ [ -90.511896248404383, 14.646835289317133 ], [ -90.51191637309023, 14.646698052558175 ] ], [ [ -90.51191637309023, 14.646698052558175 ], [ -90.511924639466756, 14.646724584422985 ] ], [ [ -90.51191637309023, 14.646698052558175 ], [ -90.51190081105598, 14.646721272191163 ] ] ] } },
{ "type": "Feature", "properties": { "kind": "L2", "value": "8.686921379674327", "building_uid": "2842" }, "geometry": { "type": "MultiLineString", "coordinates": [ [ [ -90.511889571821257, 14.646839992576242 ], [ -90.511879643308291, 14.646917868034652 ] ], [ [ -90.511879643308291, 14.646917868034652 ], [ -90.511874682205701, 14.646902935162988 ] ], [ [ -90.511879643308291, 14.646917868034652 ], [ -90.511888203728134, 14.646904569252673 ] ] ] } },
{ "type": "Feature", "properties": { "kind": "L2", "value": "10.645122875527196", "building_uid": "2843" }, "geometry": { "type": "MultiLineString", "coordinates": [ [ [ -90.511947339380185, 14.64692291207945 ], [ -90.51193278398857, 14.647018024631324 ] ], [ [ -90.51193278398857, 14.647018024631324 ], [ -90.511927165119133, 14.646999586579136 ] ], [ [ -90.51193278398857, 14.647018024631324 ], [ -90.511943679526908, 14.647001982185202 ] ] ] } },
{ "type": "Feature", "properties": { "kind": "L2", "value": "5.383393758445839", "building_uid": "2844" }, "geometry": { "type": "MultiLineString", "coordinates": [ [ [ -90.511979713314474, 14.647019351204783 ], [ -90.511971597818956, 14.647067335793887 ] ], [ [ -90.511971597818956, 14.647067335793887 ], [ -90.511968903059596, 14.64705797018655 ] ], [ [ -90.511971597818956, 14.647067335793887 ], [ -90.511977234633846, 14.647059305878601 ] ] ] } },
{ "type": "Feature", "properties": { "kind": "L2", "value": "7.7703918650847035", "building_uid": "2845" }, "geometry": { "type": "MultiLineString", "coordinates": [ [ [ -90.511887950144214, 14.647194647094597 ], [ -90.511874867475697, 14.647263675411889 ] ], [ [ -90.511874867475697, 14.647263675411889 ], [ -90.511871246155593, 14.647250086624471 ] ], [ [ -90.511874867475697, 14.647263675411889 ], [ -90.511883231567367, 14.647252239838918 ] ] ] } },
{ "type": "Feature", "properties": { "kind": "L2", "value": "16.06754408180507", "building_uid": "2846" }, "geometry": { "type": "MultiLineString", "coordinates": [ [ [ -90.5119014424276, 14.647053152620011 ], [ -90.51187619608308, 14.647196201991305 ] ], [ [ -90.51187619608308, 14.647196201991305 ], [ -90.511868353426166, 14.647168195050291 ] ], [ [ -90.51187619608308, 14.647196201991305 ], [ -90.511893191130895, 14.647172350229438 ] ] ] } },
{ "type": "Feature", "properties": { "kind": "L2", "value": "11.67508446721097", "building_uid": "2847" }, "geometry": { "type": "MultiLineString", "coordinates": [ [ [ -90.511886102636154, 14.647379951771338 ], [ -90.511906034653151, 14.647276285891113 ] ], [ [ -90.511906034653151, 14.647276285891113 ], [ -90.511911421521049, 14.647296716786895 ] ], [ [ -90.511906034653151, 14.647276285891113 ], [ -90.511893421972488, 14.647293436273618 ] ] ] } },
{ "type": "Feature", "properties": { "kind": "L2", "value": "18.679386415035623", "building_uid": "2848" }, "geometry": { "type": "MultiLineString", "coordinates": [ [ [ -90.511929922608843, 14.647620035467249 ], [ -90.511965305909811, 14.647454849616036 ] ], [ [ -90.511965305909811, 14.647454849616036 ], [ -90.511973232938942, 14.647487703240529 ] ], [ [ -90.511965305909811, 14.647454849616036 ], [ -90.511944551627508, 14.647481879682378 ] ] ] } },
{ "type": "Feature", "properties": { "kind": "L2", "value": "7.262271971708126", "building_uid": "2849" }, "geometry": { "type": "MultiLineString", "coordinates": [ [ [ -90.51187037822524, 14.647433284342334 ], [ -90.511859078045191, 14.647497958798875 ] ], [ [ -90.511859078045191, 14.647497958798875 ], [ -90.511855511603386, 14.647485305885699 ] ], [ [ -90.511859078045191, 14.647497958798875 ], [ -90.511866741064964, 14.647487165726773 ] ] ] } },
{ "type": "Feature", "properties": { "kind": "L2", "value": "10.2284639654075", "building_uid": "2853" }, "geometry": { "type": "MultiLineString", "coordinates": [ [ [ -90.512265322509649, 14.647524173426826 ], [ -90.512275146180414, 14.647432271162295 ] ], [ [ -90.512275146180414, 14.647432271162295 ], [ -90.512281344046883, 14.647449737924312 ] ], [ [ -90.512275146180414, 14.647432271162295 ], [ -90.512265387008469, 14.647448121095564 ] ] ] } },
{ "type": "Feature", "properties": { "kind": "L2", "value": "9.0634463975307", "building_uid": "2854" }, "geometry": { "type": "MultiLineString", "coordinates": [ [ [ -90.512213576454727, 14.647346440654188 ], [ -90.512207923333037, 14.647428129894724 ] ], [ [ -90.512207923333037, 14.647428129894724 ], [ -90.512201856155812, 14.64741285756573 ] ], [ [ -90.512207923333037, 14.647428129894724 ], [ -90.512216039898988, 14.647413787985776 ] ] ] } },
{ "type": "Feature", "properties": { "kind": "L2", "value": "7.613780343210652", "building_uid": "2855" }, "geometry": { "type": "MultiLineString", "coordinates": [ [ [ -90.511895522192148, 14.64736849961113 ], [ -90.511882524052737, 14.647436104252829 ] ], [ [ -90.511882524052737, 14.647436104252829 ], [ -90.511879011002691, 14.647422780480053 ] ], [ [ -90.511882524052737, 14.647436104252829 ], [ -90.511890749230517, 14.647424919780525 ] ] ] } },
{ "type": "Feature", "properties": { "kind": "L2", "value": "7.529619168984837", "building_uid": "2856" }, "geometry": { "type": "MultiLineString", "coordinates": [ [ [ -90.511794690086802, 14.647688078101677 ], [ -90.511804564097332, 14.64762074224747 ] ], [ [ -90.511804564097332, 14.64762074224747 ], [ -90.511808620104361, 14.647633760205737 ] ], [ [ -90.511804564097332, 14.64762074224747 ], [ -90.511796928534721, 14.647632135092932 ] ] ] } },
{ "type": "Feature", "properties": { "kind": "L2", "value": "14.630930239515322", "building_uid": "750" }, "geometry": { "type": "MultiLineString", "coordinates": [ [ [ -90.514883256523447, 14.643285253442244 ], [ -90.5149016874757, 14.643154308823274 ] ], [ [ -90.5149016874757, 14.643154308823274 ], [ -90.5149097144226, 14.643179560807798 ] ], [ [ -90.5149016874757, 14.643154308823274 ], [ -90.514886978887958, 14.643176527290274 ] ] ] } },
{ "type": "Feature", "properties": { "kind": "L2", "value": "6.424023452224872", "building_uid": "2858" }, "geometry": { "type": "MultiLineString", "coordinates": [ [ [ -90.512042877806905, 14.646030477076231 ], [ -90.512050605352201, 14.645972935576683 ] ], [ [ -90.512050605352201, 14.645972935576683 ], [ -90.512054200092351, 14.645984001561954 ] ], [ [ -90.512050605352201, 14.645972935576683 ], [ -90.512044209199232, 14.645982729715129 ] ] ] } },
{ "type": "Feature", "properties": { "kind": "L2", "value": "15.528675116793512", "building_uid": "2859" }, "geometry": { "type": "MultiLineString", "coordinates": [ [ [ -90.512610515839086, 14.646704484029334 ], [ -90.512633230886379, 14.646565960312691 ] ], [ [ -90.512633230886379, 14.646565960312691 ], [ -90.512641139450139, 14.646592938622696 ] ], [ [ -90.512633230886379, 14.646565960312691 ], [ -90.512617087599565, 14.646589200052551 ] ] ] } },
{ "type": "Feature", "properties": { "kind": "L2", "value": "33.09048937176671", "building_uid": "2860" }, "geometry": { "type": "MultiLineString", "coordinates": [ [ [ -90.512342304946671, 14.646435110205305 ], [ -90.512645770087133, 14.646480499945072 ] ], [ [ -90.512645770087133, 14.646480499945072 ], [ -90.512586823014487, 14.646497245590758 ] ], [ [ -90.512645770087133, 14.646480499945072 ], [ -90.512594704002353, 14.646447299525228 ] ] ] } },
{ "type": "Feature", "properties": { "kind": "L2", "value": "10.319724594948447", "building_uid": "2863" }, "geometry": { "type": "MultiLineString", "coordinates": [ [ [ -90.514698981841335, 14.646008636316768 ], [ -90.514715007930505, 14.645916728192226 ] ], [ [ -90.514715007930505, 14.645916728192226 ], [ -90.514720081990291, 14.645934706438368 ] ], [ [ -90.514715007930505, 14.645916728192226 ], [ -90.51470412404602, 14.645932068765982 ] ] ] } },
{ "type": "Feature", "properties": { "kind": "L2", "value": "8.389867973252864", "building_uid": "2864" }, "geometry": { "type": "MultiLineString", "coordinates": [ [ [ -90.51459866270217, 14.645994678691777 ], [ -90.514610885368299, 14.645919828940041 ] ], [ [ -90.514610885368299, 14.645919828940041 ], [ -90.514615167925143, 14.645934402163579 ] ], [ [ -90.514610885368299, 14.645919828940041 ], [ -90.514602171814403, 14.645932390481832 ] ] ] } },
{ "type": "Feature", "properties": { "kind": "L2", "value": "14.373265849348268", "building_uid": "2865" }, "geometry": { "type": "MultiLineString", "coordinates": [ [ [ -90.514373880363109, 14.645859638400676 ], [ -90.514505706505489, 14.645879274954794 ] ], [ [ -90.514505706505489, 14.645879274954794 ], [ -90.514480106752615, 14.645886563994619 ] ], [ [ -90.514505706505489, 14.645879274954794 ], [ -90.514483516229078, 14.645864867220705 ] ] ] } },
{ "type": "Feature", "properties": { "kind": "L2", "value": "8.338821582815008", "building_uid": "2867" }, "geometry": { "type": "MultiLineString", "coordinates": [ [ [ -90.515155450039188, 14.645740197844406 ], [ -90.515078872905463, 14.645729438380387 ] ], [ [ -90.515078872905463, 14.645729438380387 ], [ -90.515093687474021, 14.645725086883369 ] ], [ [ -90.515078872905463, 14.645729438380387 ], [ -90.51509181931614, 14.645737690435373 ] ] ] } },
{ "type": "Feature", "properties": { "kind": "L2", "value": "17.358417566260144", "building_uid": "2869" }, "geometry": { "type": "MultiLineString", "coordinates": [ [ [ -90.514961578899715, 14.645593176103953 ], [ -90.514940759841735, 14.645748667721577 ] ], [ [ -90.514940759841735, 14.645748667721577 ], [ -90.51493103460281, 14.645718769801103 ] ], [ [ -90.514940759841735, 14.645748667721577 ], [ -90.514958032477765, 14.645722196336987 ] ] ] } },
{ "type": "Feature", "properties": { "kind": "L2", "value": "8.937864563821956", "building_uid": "2871" }, "geometry": { "type": "MultiLineString", "coordinates": [ [ [ -90.515156923096214, 14.645439523867063 ], [ -90.515168278241831, 14.645359544159977 ] ], [ [ -90.515168278241831, 14.645359544159977 ], [ -90.515173163384176, 14.645374975858635 ] ], [ [ -90.515168278241831, 14.645359544159977 ], [ -90.515159276598723, 14.645373106954004 ] ] ] } },
{ "type": "Feature", "properties": { "kind": "L2", "value": "7.325766756610194", "building_uid": "2872" }, "geometry": { "type": "MultiLineString", "coordinates": [ [ [ -90.513769520227754, 14.644757424669084 ], [ -90.513837079124755, 14.644764697387545 ] ], [ [ -90.513837079124755, 14.644764697387545 ], [ -90.513824201918666, 14.644768938786598 ] ], [ [ -90.513837079124755, 14.644764697387545 ], [ -90.513825464667875, 14.64475781946274 ] ] ] } },
{ "type": "Feature", "properties": { "kind": "L2", "value": "9.85064394270487", "building_uid": "2874" }, "geometry": { "type": "MultiLineString", "coordinates": [ [ [ -90.513984836923669, 14.644877203788541 ], [ -90.513894793533197, 14.644861944524747 ] ], [ [ -90.513894793533197, 14.644861944524747 ], [ -90.513912439659066, 14.644857300458435 ] ], [ [ -90.513894793533197, 14.644861944524747 ], [ -90.51390979021491, 14.644872120431765 ] ] ] } },
{ "type": "Feature", "properties": { "kind": "L2", "value": "7.912844578762359", "building_uid": "2875" }, "geometry": { "type": "MultiLineString", "coordinates": [ [ [ -90.513883076572853, 14.644726490022993 ], [ -90.5138722719105, 14.644797192326781 ] ], [ [ -90.5138722719105, 14.644797192326781 ], [ -90.513868092417837, 14.644783487562897 ] ], [ [ -90.5138722719105, 14.644797192326781 ], [ -90.513880368344672, 14.644785265871409 ] ] ] } },
{ "type": "Feature", "properties": { "kind": "L2", "value": "14.30445832412796", "building_uid": "2876" }, "geometry": { "type": "MultiLineString", "coordinates": [ [ [ -90.514406906496319, 14.644865948097101 ], [ -90.514275260290972, 14.644849536035911 ] ], [ [ -90.514275260290972, 14.644849536035911 ], [ -90.514300547486997, 14.644841677288165 ] ], [ [ -90.514275260290972, 14.644849536035911 ], [ -90.514297697882427, 14.644863344545769 ] ] ] } },
{ "type": "Feature", "properties": { "kind": "L2", "value": "11.45981101177743", "building_uid": "2877" }, "geometry": { "type": "MultiLineString", "coordinates": [ [ [ -90.514221786823413, 14.645156773021753 ], [ -90.514237958781294, 14.645054455296787 ] ], [ [ -90.514237958781294, 14.645054455296787 ], [ -90.514243910071499, 14.645074332412513 ] ], [ [ -90.514237958781294, 14.645054455296787 ], [ -90.514226144786079, 14.645071670721736 ] ] ] } },
{ "type": "Feature", "properties": { "kind": "L2", "value": "8.092664994137454", "building_uid": "2878" }, "geometry": { "type": "MultiLineString", "coordinates": [ [ [ -90.514133443461432, 14.64488423133942 ], [ -90.514207080601309, 14.644898524081457 ] ], [ [ -90.514207080601309, 14.644898524081457 ], [ -90.514192492204714, 14.644901993216967 ] ], [ [ -90.514207080601309, 14.644898524081457 ], [ -90.514194973830527, 14.64488987349981 ] ] ] } },
{ "type": "Feature", "properties": { "kind": "L2", "value": "13.461922031523109", "building_uid": "2879" }, "geometry": { "type": "MultiLineString", "coordinates": [ [ [ -90.514306603554047, 14.64494318115198 ], [ -90.514290739554824, 14.645063804488915 ] ], [ [ -90.514290739554824, 14.645063804488915 ], [ -90.514283143260201, 14.645040634611208 ] ], [ [ -90.514290739554824, 14.645063804488915 ], [ -90.51430408692022, 14.64504324561908 ] ] ] } },
{ "type": "Feature", "properties": { "kind": "L2", "value": "12.98236548213718", "building_uid": "2883" }, "geometry": { "type": "MultiLineString", "coordinates": [ [ [ -90.513885429476289, 14.645733805407298 ], [ -90.513766404738604, 14.645715788410778 ] ], [ [ -90.513766404738604, 14.645715788410778 ], [ -90.513789543485018, 14.645709259279243 ] ], [ [ -90.513766404738604, 14.645715788410778 ], [ -90.513786415206269, 14.645728849128572 ] ] ] } },
{ "type": "Feature", "properties": { "kind": "L2", "value": "9.646707502469871", "building_uid": "2884" }, "geometry": { "type": "MultiLineString", "coordinates": [ [ [ -90.512901158490294, 14.645661524795912 ], [ -90.51281248099032, 14.645649700558581 ] ], [ [ -90.51281248099032, 14.645649700558581 ], [ -90.512829581327537, 14.645644546284354 ] ], [ [ -90.51281248099032, 14.645649700558581 ], [ -90.512827528294267, 14.645659141396926 ] ] ] } },
{ "type": "Feature", "properties": { "kind": "L2", "value": "7.708143191496808", "building_uid": "2886" }, "geometry": { "type": "MultiLineString", "coordinates": [ [ [ -90.513277904716318, 14.645709449933841 ], [ -90.513267343489176, 14.645778317939898 ] ], [ [ -90.513267343489176, 14.645778317939898 ], [ -90.513263279086999, 14.645764965700776 ] ], [ [ -90.513267343489176, 14.645778317939898 ], [ -90.513275236581876, 14.645766703935092 ] ] ] } },
{ "type": "Feature", "properties": { "kind": "L2", "value": "9.997588005284006", "building_uid": "2887" }, "geometry": { "type": "MultiLineString", "coordinates": [ [ [ -90.513205933222793, 14.645685353585121 ], [ -90.513113988652137, 14.645673398480959 ] ], [ [ -90.513113988652137, 14.645673398480959 ], [ -90.513131692544931, 14.645667999071147 ] ], [ [ -90.513113988652137, 14.645673398480959 ], [ -90.513129616789016, 14.645683131897522 ] ] ] } },
{ "type": "Feature", "properties": { "kind": "L2", "value": "12.263271223142386", "building_uid": "2888" }, "geometry": { "type": "MultiLineString", "coordinates": [ [ [ -90.513001404755144, 14.645656769761002 ], [ -90.513114174634723, 14.645671517238753 ] ], [ [ -90.513114174634723, 14.645671517238753 ], [ -90.513092453494693, 14.645678124287825 ] ], [ [ -90.513114174634723, 14.645671517238753 ], [ -90.513095014083021, 14.645659563895849 ] ] ] } },
{ "type": "Feature", "properties": { "kind": "L2", "value": "11.05899244507138", "building_uid": "2890" }, "geometry": { "type": "MultiLineString", "coordinates": [ [ [ -90.51290545734409, 14.645653683741896 ], [ -90.51300711724987, 14.64566723943852 ] ], [ [ -90.51300711724987, 14.64566723943852 ], [ -90.512987513385028, 14.645673148235613 ] ], [ [ -90.51300711724987, 14.64566723943852 ], [ -90.51298986704596, 14.645656416394349 ] ] ] } },
{ "type": "Feature", "properties": { "kind": "L2", "value": "12.027331133717642", "building_uid": "2892" }, "geometry": { "type": "MultiLineString", "coordinates": [ [ [ -90.512614141012008, 14.644973018086885 ], [ -90.512598399247523, 14.645080580338435 ] ], [ [ -90.512598399247523, 14.645080580338435 ], [ -90.512591914684222, 14.645059787992766 ] ], [ [ -90.512598399247523, 14.645080580338435 ], [ -90.512610590568045, 14.64506237888194 ] ] ] } },
{ "type": "Feature", "properties": { "kind": "L2", "value": "12.008872365308738", "building_uid": "2893" }, "geometry": { "type": "MultiLineString", "coordinates": [ [ [ -90.512545076345432, 14.645178556041465 ], [ -90.512563326448486, 14.645071539181741 ] ], [ [ -90.512563326448486, 14.645071539181741 ], [ -90.512569309004064, 14.645092439087488 ] ], [ [ -90.512563326448486, 14.645071539181741 ], [ -90.512550727812766, 14.645089435361724 ] ] ] } },
{ "type": "Feature", "properties": { "kind": "L2", "value": "10.363038655097313", "building_uid": "2894" }, "geometry": { "type": "MultiLineString", "coordinates": [ [ [ -90.512410582537157, 14.64556562780106 ], [ -90.512315359586594, 14.645552648810023 ] ], [ [ -90.512315359586594, 14.645552648810023 ], [ -90.512333746611219, 14.645547165198995 ] ], [ [ -90.512315359586594, 14.645552648810023 ], [ -90.51233149307987, 14.645562837610813 ] ] ] } },
{ "type": "Feature", "properties": { "kind": "L2", "value": "9.729621320680856", "building_uid": "2895" }, "geometry": { "type": "MultiLineString", "coordinates": [ [ [ -90.512616654028562, 14.645212161082378 ], [ -90.512602261892326, 14.645298929283115 ] ], [ [ -90.512602261892326, 14.645298929283115 ], [ -90.512597337906058, 14.645282017166402 ] ], [ [ -90.512602261892326, 14.645298929283115 ], [ -90.512612403363292, 14.645284385921675 ] ] ] } },
{ "type": "Feature", "properties": { "kind": "L2", "value": "12.125818524652011", "building_uid": "2896" }, "geometry": { "type": "MultiLineString", "coordinates": [ [ [ -90.512610634788899, 14.645411048733017 ], [ -90.512628137094737, 14.645302843944489 ] ], [ [ -90.512628137094737, 14.645302843944489 ], [ -90.512634358336442, 14.645323897635713 ] ], [ [ -90.512628137094737, 14.645302843944489 ], [ -90.512615570866615, 14.645321016990605 ] ] ] } },
{ "type": "Feature", "properties": { "kind": "L2", "value": "7.0369153936590445", "building_uid": "755" }, "geometry": { "type": "MultiLineString", "coordinates": [ [ [ -90.514623020151717, 14.643993775860332 ], [ -90.51468781227787, 14.644001614091811 ] ], [ [ -90.51468781227787, 14.644001614091811 ], [ -90.514675387488793, 14.644005525316363 ] ], [ [ -90.51468781227787, 14.644001614091811 ], [ -90.514676748422389, 14.643994861329734 ] ] ] } },
{ "type": "Feature", "properties": { "kind": "L2", "value": "10.161029796483088", "building_uid": "2898" }, "geometry": { "type": "MultiLineString", "coordinates": [ [ [ -90.512131330219731, 14.645200199409762 ], [ -90.512120311016815, 14.645291359729638 ] ], [ [ -90.512120311016815, 14.645291359729638 ], [ -90.512114394348387, 14.645273929060519 ] ], [ [ -90.512120311016815, 14.645291359729638 ], [ -90.512130222403371, 14.645275742675771 ] ] ] } },
{ "type": "Feature", "properties": { "kind": "L2", "value": "14.350489875750402", "building_uid": "3049" }, "geometry": { "type": "MultiLineString", "coordinates": [ [ [ -90.51412417252341, 14.64547184683715 ], [ -90.514107617289284, 14.645600475915661 ] ], [ [ -90.514107617289284, 14.645600475915661 ], [ -90.514099451248839, 14.645575798023954 ] ], [ [ -90.514107617289284, 14.645600475915661 ], [ -90.514121784989683, 14.645578522793476 ] ] ] } },
{ "type": "Feature", "properties": { "kind": "L2", "value": "15.22902807291536", "building_uid": "3239" }, "geometry": { "type": "MultiLineString", "coordinates": [ [ [ -90.515186745975043, 14.643556690469282 ], [ -90.515208573341084, 14.643420770389605 ] ], [ [ -90.515208573341084, 14.643420770389605 ], [ -90.515216416601206, 14.643447203736615 ] ], [ [ -90.515208573341084, 14.643420770389605 ], [ -90.515192817162557, 14.643443611213824 ] ] ] } },
{ "type": "Feature", "properties": { "kind": "L2", "value": "13.345402537480009", "building_uid": "3240" }, "geometry": { "type": "MultiLineString", "coordinates": [ [ [ -90.514162235462592, 14.643278395955601 ], [ -90.514039858246605, 14.64326003506625 ] ], [ [ -90.514039858246605, 14.64326003506625 ], [ -90.514063634505263, 14.643253292269202 ] ], [ [ -90.514039858246605, 14.64326003506625 ], [ -90.514060446552676, 14.643273434119143 ] ] ] } },
{ "type": "Feature", "properties": { "kind": "L2", "value": "9.735754089822944", "building_uid": "3241" }, "geometry": { "type": "MultiLineString", "coordinates": [ [ [ -90.513825277491406, 14.643170819939455 ], [ -90.513914598799616, 14.64318392979394 ] ], [ [ -90.513914598799616, 14.64318392979394 ], [ -90.513897270166808, 14.64318890410572 ] ], [ [ -90.513914598799616, 14.64318392979394 ], [ -90.513899546391031, 14.643174202861704 ] ] ] } },
{ "type": "Feature", "properties": { "kind": "L2", "value": "8.61000429048804", "building_uid": "12787" }, "geometry": { "type": "MultiLineString", "coordinates": [ [ [ -90.514369412417793, 14.644692101812909 ], [ -90.514381714249311, 14.644615251124193 ] ], [ [ -90.514381714249311, 14.644615251124193 ], [ -90.514386156127031, 14.644630193561534 ] ], [ [ -90.514381714249311, 14.644615251124193 ], [ -90.514372812675347, 14.644628168838079 ] ] ] } },
{ "type": "Feature", "properties": { "kind": "L2", "value": "8.514586831428314", "building_uid": "12789" }, "geometry": { "type": "MultiLineString", "coordinates": [ [ [ -90.514355082532916, 14.644456714283587 ], [ -90.514343301841251, 14.644532770744158 ] ], [ [ -90.514343301841251, 14.644532770744158 ], [ -90.514338834456609, 14.644518015155345 ] ], [ [ -90.514343301841251, 14.644532770744158 ], [ -90.514352040000844, 14.644519954108151 ] ] ] } },
{ "type": "Feature", "properties": { "kind": "L2", "value": "4.033805393270154", "building_uid": "12843" }, "geometry": { "type": "MultiLineString", "coordinates": [ [ [ -90.512297497323004, 14.644105421570169 ], [ -90.512302417759059, 14.644069298546595 ] ], [ [ -90.512302417759059, 14.644069298546595 ], [ -90.512304661854259, 14.644076251183517 ] ], [ [ -90.512302417759059, 14.644069298546595 ], [ -90.51229838989245, 14.644075441340735 ] ] ] } },
{ "type": "Feature", "properties": { "kind": "L2", "value": "8.298922060185633", "building_uid": "12849" }, "geometry": { "type": "MultiLineString", "coordinates": [ [ [ -90.51257204812417, 14.644340081194928 ], [ -90.51249607523026, 14.644327879555016 ] ], [ [ -90.51249607523026, 14.644327879555016 ], [ -90.512510905468318, 14.644323839153383 ] ], [ [ -90.51249607523026, 14.644327879555016 ], [ -90.512508786920407, 14.644336343336629 ] ] ] } },
{ "type": "Feature", "properties": { "kind": "L2", "value": "11.971593694302976", "building_uid": "12850" }, "geometry": { "type": "MultiLineString", "coordinates": [ [ [ -90.51223661457648, 14.645527075476499 ], [ -90.512126844585055, 14.645510539272323 ] ], [ [ -90.512126844585055, 14.645510539272323 ], [ -90.512148177246146, 14.645504503323336 ] ], [ [ -90.512126844585055, 14.645510539272323 ], [ -90.51214530607929, 14.64552256998485 ] ] ] } },
{ "type": "Feature", "properties": { "kind": "L2", "value": "8.724348079672016", "building_uid": "12851" }, "geometry": { "type": "MultiLineString", "coordinates": [ [ [ -90.512069945262652, 14.645512979474288 ], [ -90.512080680833762, 14.645434864450031 ] ], [ [ -90.512080680833762, 14.645434864450031 ], [ -90.512085516402053, 14.64544990716624 ] ], [ [ -90.512080680833762, 14.645434864450031 ], [ -90.512071953374658, 14.645448140235867 ] ] ] } },
{ "type": "Feature", "properties": { "kind": "L2", "value": "7.092039563909219", "building_uid": "12852" }, "geometry": { "type": "MultiLineString", "coordinates": [ [ [ -90.512665491159368, 14.645455573709821 ], [ -90.512600265677989, 14.645447110490467 ] ], [ [ -90.512600265677989, 14.645447110490467 ], [ -90.512612823279994, 14.64544327692861 ] ], [ [ -90.512600265677989, 14.645447110490467 ], [ -90.512611353819395, 14.645454012167555 ] ] ] } },
{ "type": "Feature", "properties": { "kind": "L2", "value": "6.961818169632372", "building_uid": "756" }, "geometry": { "type": "MultiLineString", "coordinates": [ [ [ -90.51474908695657, 14.643755327584689 ], [ -90.514738802570236, 14.64381741490595 ] ], [ [ -90.514738802570236, 14.64381741490595 ], [ -90.514735276698474, 14.643805314518799 ] ], [ [ -90.514738802570236, 14.64381741490595 ], [ -90.514746056771116, 14.643807007204138 ] ] ] } },
{ "type": "Feature", "properties": { "kind": "L2", "value": "9.814860843897607", "building_uid": "12916" }, "geometry": { "type": "MultiLineString", "coordinates": [ [ [ -90.514980795390372, 14.64560199246905 ], [ -90.514992563882331, 14.645514073426599 ] ], [ [ -90.514992563882331, 14.645514073426599 ], [ -90.514998063355435, 14.645530978236444 ] ], [ [ -90.514992563882331, 14.645514073426599 ], [ -90.514982798061212, 14.645529041302035 ] ] ] } },
{ "type": "Feature", "properties": { "kind": "L2", "value": "8.610552590471583", "building_uid": "12918" }, "geometry": { "type": "MultiLineString", "coordinates": [ [ [ -90.513373163875244, 14.644997008874018 ], [ -90.513452324656981, 14.645007503509291 ] ], [ [ -90.513452324656981, 14.645007503509291 ], [ -90.513437064765952, 14.645012115652339 ] ], [ [ -90.513452324656981, 14.645007503509291 ], [ -90.513438886932974, 14.644999086822178 ] ] ] } },
{ "type": "Feature", "properties": { "kind": "L2", "value": "16.81791682138739", "building_uid": "12952" }, "geometry": { "type": "MultiLineString", "coordinates": [ [ [ -90.514826705360079, 14.64625475007589 ], [ -90.514981297442532, 14.646275417667789 ] ], [ [ -90.514981297442532, 14.646275417667789 ], [ -90.514951481587417, 14.646284393279613 ] ], [ [ -90.514981297442532, 14.646275417667789 ], [ -90.514955070087268, 14.646258949590711 ] ] ] } },
{ "type": "Feature", "properties": { "kind": "L2", "value": "20.292603172788738", "building_uid": "12953" }, "geometry": { "type": "MultiLineString", "coordinates": [ [ [ -90.514430542296068, 14.64626381728344 ], [ -90.514455029318427, 14.64608206110333 ] ], [ [ -90.514455029318427, 14.64608206110333 ], [ -90.514466369881106, 14.646117021621761 ] ], [ [ -90.514455029318427, 14.64608206110333 ], [ -90.514434811654212, 14.646112991402131 ] ] ] } },
{ "type": "Feature", "properties": { "kind": "L2", "value": "5.774567022951831", "building_uid": "12995" }, "geometry": { "type": "MultiLineString", "coordinates": [ [ [ -90.512859786224737, 14.645165728258904 ], [ -90.512806712480355, 14.645158587031235 ] ], [ [ -90.512806712480355, 14.645158587031235 ], [ -90.512816952670804, 14.645155513843234 ] ], [ [ -90.512806712480355, 14.645158587031235 ], [ -90.512815712748178, 14.645164249081041 ] ] ] } },
{ "type": "Feature", "properties": { "kind": "L2", "value": "3.3723771334671477", "building_uid": "12998" }, "geometry": { "type": "MultiLineString", "coordinates": [ [ [ -90.512781860564758, 14.645559776410195 ], [ -90.512750855067367, 14.645555677685882 ] ], [ [ -90.512750855067367, 14.645555677685882 ], [ -90.5127568310008, 14.64555386908415 ] ], [ [ -90.512750855067367, 14.645555677685882 ], [ -90.512756119343152, 14.645558972170507 ] ] ] } },
{ "type": "Feature", "properties": { "kind": "L2", "value": "22.375576887602403", "building_uid": "48" }, "geometry": { "type": "MultiLineString", "coordinates": [ [ [ -90.513875758369849, 14.64423710221943 ], [ -90.513902526346598, 14.644036659832919 ] ], [ [ -90.513902526346598, 14.644036659832919 ], [ -90.513915075534854, 14.644075195169371 ] ], [ [ -90.513902526346598, 14.644036659832919 ], [ -90.513880273160225, 14.644070789495567 ] ] ] } },
{ "type": "Feature", "properties": { "kind": "L2", "value": "9.939280993841562", "building_uid": "180" }, "geometry": { "type": "MultiLineString", "coordinates": [ [ [ -90.514675875962183, 14.644650132164475 ], [ -90.514662567099705, 14.644738978689617 ] ], [ [ -90.514662567099705, 14.644738978689617 ], [ -90.514657266349005, 14.644721778995974 ] ], [ [ -90.514662567099705, 14.644738978689617 ], [ -90.514672692623265, 14.644723969464435 ] ] ] } },
{ "type": "Feature", "properties": { "kind": "L2", "value": "9.846855188049014", "building_uid": "181" }, "geometry": { "type": "MultiLineString", "coordinates": [ [ [ -90.514682018108985, 14.644559630530237 ], [ -90.514670196828803, 14.644647834318574 ] ], [ [ -90.514670196828803, 14.644647834318574 ], [ -90.514664682238376, 14.644630873546458 ] ], [ [ -90.514670196828803, 14.644647834318574 ], [ -90.51467999690891, 14.644632819178756 ] ] ] } },
{ "type": "Feature", "properties": { "kind": "L2", "value": "8.459444009421508", "building_uid": "189" }, "geometry": { "type": "MultiLineString", "coordinates": [ [ [ -90.513027607549205, 14.643625815946226 ], [ -90.51310541117013, 14.643635890903804 ] ], [ [ -90.51310541117013, 14.643635890903804 ], [ -90.513090433719753, 14.643640467473311 ] ], [ [ -90.51310541117013, 14.643635890903804 ], [ -90.513092183007728, 14.643627661932983 ] ] ] } },
{ "type": "Feature", "properties": { "kind": "L2", "value": "24.525502103377587", "building_uid": "190" }, "geometry": { "type": "MultiLineString", "coordinates": [ [ [ -90.51293976518221, 14.644203181823418 ], [ -90.513165146802223, 14.644233722784881 ] ], [ [ -90.513165146802223, 14.644233722784881 ], [ -90.513121642394793, 14.64424673440098 ] ], [ [ -90.513165146802223, 14.644233722784881 ], [ -90.513126945147491, 14.644209639395168 ] ] ] } },
{ "type": "Feature", "properties": { "kind": "L2", "value": "10.476120862421226", "building_uid": "197" }, "geometry": { "type": "MultiLineString", "coordinates": [ [ [ -90.512797111463627, 14.643464215244032 ], [ -90.512784794781595, 14.643558088278098 ] ], [ [ -90.512784794781595, 14.643558088278098 ], [ -90.51277887785902, 14.643540059116125 ] ], [ [ -90.512784794781595, 14.643558088278098 ], [ -90.512795176788742, 14.643542086295534 ] ] ] } },
{ "type": "Feature", "properties": { "kind": "L2", "value": "11.459630333711774", "building_uid": "309" }, "geometry": { "type": "MultiLineString", "coordinates": [ [ [ -90.513096785344189, 14.643882044039108 ], [ -90.512991429663401, 14.64386809537968 ] ], [ [ -90.512991429663401, 14.64386809537968 ], [ -90.513011737534313, 14.643861953610207 ] ], [ [ -90.512991429663401, 14.64386809537968 ], [ -90.513009315658763, 14.643879293867371 ] ] ] } },
{ "type": "Feature", "properties": { "kind": "L2", "value": "10.123246849519923", "building_uid": "765" }, "geometry": { "type": "MultiLineString", "coordinates": [ [ [ -90.514559528626847, 14.645400360215909 ], [ -90.514572383259335, 14.645309772384644 ] ], [ [ -90.514572383259335, 14.645309772384644 ], [ -90.514577917539185, 14.645327250326316 ] ], [ [ -90.514572383259335, 14.645309772384644 ], [ -90.51456218888066, 14.64532513462591 ] ] ] } },
{ "type": "Feature", "properties": { "kind": "L2", "value": "13.92801837008723", "building_uid": "770" }, "geometry": { "type": "MultiLineString", "coordinates": [ [ [ -90.514026687832455, 14.645664006735178 ], [ -90.513899002496274, 14.64564461924062 ] ], [ [ -90.513899002496274, 14.64564461924062 ], [ -90.513923830054793, 14.645637625816732 ] ], [ [ -90.513899002496274, 14.64564461924062 ], [ -90.51392046381828, 14.645658641089279 ] ] ] } },
{ "type": "Feature", "properties": { "kind": "L2", "value": "14.288631489897755", "building_uid": "913" }, "geometry": { "type": "MultiLineString", "coordinates": [ [ [ -90.514432588181663, 14.646490542627706 ], [ -90.51445083821406, 14.646362695199572 ] ], [ [ -90.51445083821406, 14.646362695199572 ], [ -90.514458629240949, 14.646387370871603 ] ], [ [ -90.51445083821406, 14.646362695199572 ], [ -90.51443643113376, 14.646384367175806 ] ] ] } },
{ "type": "Feature", "properties": { "kind": "L2", "value": "13.268126091308915", "building_uid": "920" }, "geometry": { "type": "MultiLineString", "coordinates": [ [ [ -90.513752630750901, 14.646066323000037 ], [ -90.513733892653676, 14.646184783900592 ] ], [ [ -90.513733892653676, 14.646184783900592 ], [ -90.513727004999879, 14.646161769478034 ] ], [ [ -90.513733892653676, 14.646184783900592 ], [ -90.513747573305594, 14.646164853508921 ] ] ] } },
{ "type": "Feature", "properties": { "kind": "L2", "value": "7.075545557132896", "building_uid": "1296" }, "geometry": { "type": "MultiLineString", "coordinates": [ [ [ -90.513836041254194, 14.644494341141042 ], [ -90.513770891617312, 14.644486473366014 ] ], [ [ -90.513770891617312, 14.644486473366014 ], [ -90.513783383775447, 14.644482538090692 ] ], [ [ -90.513770891617312, 14.644486473366014 ], [ -90.513782017707271, 14.644493260894244 ] ] ] } },
{ "type": "Feature", "properties": { "kind": "L2", "value": "7.941424432256354", "building_uid": "1298" }, "geometry": { "type": "MultiLineString", "coordinates": [ [ [ -90.513755198598602, 14.644330088501604 ], [ -90.513682037416771, 14.644321568260196 ] ], [ [ -90.513682037416771, 14.644321568260196 ], [ -90.513696038402713, 14.644317091948409 ] ], [ [ -90.513682037416771, 14.644321568260196 ], [ -90.513694559048872, 14.644329133359715 ] ] ] } },
{ "type": "Feature", "properties": { "kind": "L2", "value": "23.848123384878946", "building_uid": "1301" }, "geometry": { "type": "MultiLineString", "coordinates": [ [ [ -90.514942934715691, 14.644445360031371 ], [ -90.515162077023376, 14.644475162041065 ] ], [ [ -90.515162077023376, 14.644475162041065 ], [ -90.515119767711951, 14.644487794123167 ] ], [ [ -90.515162077023376, 14.644475162041065 ], [ -90.51512494216837, 14.644451726070763 ] ] ] } },
{ "type": "Feature", "properties": { "kind": "L2", "value": "4.498770405660376", "building_uid": "1306" }, "geometry": { "type": "MultiLineString", "coordinates": [ [ [ -90.514762914485416, 14.643912009159113 ], [ -90.514768147424107, 14.643871690161124 ] ], [ [ -90.514768147424107, 14.643871690161124 ], [ -90.514770699140414, 14.64387942908431 ] ], [ [ -90.514768147424107, 14.643871690161124 ], [ -90.514763698647059, 14.643878567806702 ] ] ] } },
{ "type": "Feature", "properties": { "kind": "L2", "value": "15.31388535913285", "building_uid": "1407" }, "geometry": { "type": "MultiLineString", "coordinates": [ [ [ -90.512252649569049, 14.646128560066794 ], [ -90.512393028562656, 14.646149947964018 ] ], [ [ -90.512393028562656, 14.646149947964018 ], [ -90.512365726461965, 14.646157623379999 ] ], [ [ -90.512393028562656, 14.646149947964018 ], [ -90.512369440026944, 14.646134518952827 ] ] ] } },
{ "type": "Feature", "properties": { "kind": "L2", "value": "15.937027026632096", "building_uid": "1427" }, "geometry": { "type": "MultiLineString", "coordinates": [ [ [ -90.513228470907634, 14.644940938020248 ], [ -90.513204412102979, 14.645082986566329 ] ], [ [ -90.513204412102979, 14.645082986566329 ], [ -90.513196441197707, 14.645055258742945 ] ], [ [ -90.513204412102979, 14.645082986566329 ], [ -90.513221104888189, 14.645059218509045 ] ] ] } },
{ "type": "Feature", "properties": { "kind": "L2", "value": "11.48178208039956", "building_uid": "1547" }, "geometry": { "type": "MultiLineString", "coordinates": [ [ [ -90.514480651986062, 14.645510211114685 ], [ -90.514465944285732, 14.645612938493796 ] ], [ [ -90.514465944285732, 14.645612938493796 ], [ -90.514459692000273, 14.645593107624354 ] ], [ [ -90.514465944285732, 14.645612938493796 ], [ -90.51447752845587, 14.645595528314045 ] ] ] } },
{ "type": "Feature", "properties": { "kind": "L2", "value": "8.905088161348525", "building_uid": "1548" }, "geometry": { "type": "MultiLineString", "coordinates": [ [ [ -90.51453460843392, 14.645699929202738 ], [ -90.514546791751755, 14.645620364481676 ] ], [ [ -90.514546791751755, 14.645620364481676 ], [ -90.514551490759899, 14.645635789111157 ] ], [ [ -90.514546791751755, 14.645620364481676 ], [ -90.514537676011358, 14.645633783902889 ] ] ] } },
{ "type": "Feature", "properties": { "kind": "L2", "value": "14.742708203647183", "building_uid": "1550" }, "geometry": { "type": "MultiLineString", "coordinates": [ [ [ -90.514042799630488, 14.645665431121904 ], [ -90.514178996067699, 14.645677800850553 ] ], [ [ -90.514178996067699, 14.645677800850553 ], [ -90.514153235016877, 14.645686766742381 ] ], [ [ -90.514178996067699, 14.645677800850553 ], [ -90.514155382757465, 14.645664350657626 ] ] ] } },
{ "type": "Feature", "properties": { "kind": "L2", "value": "10.391424110682905", "building_uid": "1555" }, "geometry": { "type": "MultiLineString", "coordinates": [ [ [ -90.512940169825242, 14.64523068577639 ], [ -90.512953921468764, 14.64513777473468 ] ], [ [ -90.512953921468764, 14.64513777473468 ], [ -90.512959494836863, 14.645155747604019 ] ], [ [ -90.512953921468764, 14.64513777473468 ], [ -90.512943362814823, 14.645153484265814 ] ] ] } },
{ "type": "Feature", "properties": { "kind": "L2", "value": "11.250706709921849", "building_uid": "2589" }, "geometry": { "type": "MultiLineString", "coordinates": [ [ [ -90.514754948085553, 14.644471169721264 ], [ -90.514741766189815, 14.644571989348368 ] ], [ [ -90.514741766189815, 14.644571989348368 ], [ -90.514735402997104, 14.644552629839229 ] ], [ [ -90.514741766189815, 14.644571989348368 ], [ -90.514752908127477, 14.644554799412459 ] ] ] } },
{ "type": "Feature", "properties": { "kind": "L2", "value": "7.834578607855493", "building_uid": "2590" }, "geometry": { "type": "MultiLineString", "coordinates": [ [ [ -90.5147680426835, 14.644373388343212 ], [ -90.514758280245047, 14.644443520828908 ] ], [ [ -90.514758280245047, 14.644443520828908 ], [ -90.514753961315435, 14.64443000511813 ] ], [ [ -90.514758280245047, 14.644443520828908 ], [ -90.514766138285793, 14.644431611892628 ] ] ] } },
{ "type": "Feature", "properties": { "kind": "L2", "value": "9.868928047361814", "building_uid": "2591" }, "geometry": { "type": "MultiLineString", "coordinates": [ [ [ -90.514775083341078, 14.64434580282029 ], [ -90.514782633475221, 14.644256955466398 ] ], [ [ -90.514782633475221, 14.644256955466398 ], [ -90.514788978120279, 14.644273681404608 ] ], [ [ -90.514782633475221, 14.644256955466398 ], [ -90.514773551733867, 14.644272438747683 ] ] ] } },
{ "type": "Feature", "properties": { "kind": "L2", "value": "8.485633683584473", "building_uid": "2600" }, "geometry": { "type": "MultiLineString", "coordinates": [ [ [ -90.512449733305644, 14.644191693821204 ], [ -90.512371644861688, 14.644181913580063 ] ], [ [ -90.512371644861688, 14.644181913580063 ], [ -90.512386648355871, 14.644177260171183 ] ], [ [ -90.512371644861688, 14.644181913580063 ], [ -90.512384950231692, 14.644190112556146 ] ] ] } },
{ "type": "Feature", "properties": { "kind": "L2", "value": "8.312032153385537", "building_uid": "2602" }, "geometry": { "type": "MultiLineString", "coordinates": [ [ [ -90.512750427748372, 14.644307727540282 ], [ -90.512760641221661, 14.644233302306905 ] ], [ [ -90.512760641221661, 14.644233302306905 ], [ -90.512765251063044, 14.644247633245405 ] ], [ [ -90.512760641221661, 14.644233302306905 ], [ -90.51275232876182, 14.644245952235941 ] ] ] } },
{ "type": "Feature", "properties": { "kind": "L2", "value": "14.932423458926397", "building_uid": "2604" }, "geometry": { "type": "MultiLineString", "coordinates": [ [ [ -90.512670807883936, 14.644008253036112 ], [ -90.512692017098175, 14.643874951165417 ] ], [ [ -90.512692017098175, 14.643874951165417 ], [ -90.512699745133261, 14.643900859057943 ] ], [ [ -90.512692017098175, 14.643874951165417 ], [ -90.51267660023872, 14.643897368282808 ] ] ] } },
{ "type": "Feature", "properties": { "kind": "L2", "value": "12.431228423021807", "building_uid": "2605" }, "geometry": { "type": "MultiLineString", "coordinates": [ [ [ -90.512922091587143, 14.643666753924023 ], [ -90.512807849340263, 14.643651298067258 ] ], [ [ -90.512807849340263, 14.643651298067258 ], [ -90.512829898848125, 14.643644698175889 ] ], [ [ -90.512807849340263, 14.643651298067258 ], [ -90.512827215283679, 14.643663501071888 ] ] ] } },
{ "type": "Feature", "properties": { "kind": "L2", "value": "49.99563448880904", "building_uid": "2606" }, "geometry": { "type": "MultiLineString", "coordinates": [ [ [ -90.512473837833127, 14.643888801510537 ], [ -90.512933354185208, 14.64395054695458 ] ], [ [ -90.512933354185208, 14.64395054695458 ], [ -90.512844701168063, 14.643977170331635 ] ], [ [ -90.512933354185208, 14.64395054695458 ], [ -90.512855421840001, 14.643901539555195 ] ] ] } },
{ "type": "Feature", "properties": { "kind": "L2", "value": "10.501448003185121", "building_uid": "2607" }, "geometry": { "type": "MultiLineString", "coordinates": [ [ [ -90.512552114692198, 14.643658847250348 ], [ -90.512455784462205, 14.643644602754449 ] ], [ [ -90.512455784462205, 14.643644602754449 ], [ -90.51247448204721, 14.643639257339428 ] ], [ [ -90.512455784462205, 14.643644602754449 ], [ -90.512472008809269, 14.643655112134105 ] ] ] } },
{ "type": "Feature", "properties": { "kind": "L2", "value": "8.222356677275812", "building_uid": "2692" }, "geometry": { "type": "MultiLineString", "coordinates": [ [ [ -90.514502910673073, 14.648376328266675 ], [ -90.514578710919764, 14.648384737153913 ] ], [ [ -90.514578710919764, 14.648384737153913 ], [ -90.514564241225997, 14.64838945071534 ] ], [ [ -90.514578710919764, 14.648384737153913 ], [ -90.51456570127047, 14.648376975180023 ] ] ] } },
{ "type": "Feature", "properties": { "kind": "L2", "value": "15.089173469864537", "building_uid": "2709" }, "geometry": { "type": "MultiLineString", "coordinates": [ [ [ -90.514407402917655, 14.647307677725472 ], [ -90.514268773725277, 14.647288626296488 ] ], [ [ -90.514268773725277, 14.647288626296488 ], [ -90.514295555821462, 14.647280671439317 ] ], [ [ -90.514268773725277, 14.647288626296488 ], [ -90.514292247909907, 14.647303487748713 ] ] ] } },
{ "type": "Feature", "properties": { "kind": "L2", "value": "16.414126973297968", "building_uid": "2710" }, "geometry": { "type": "MultiLineString", "coordinates": [ [ [ -90.514341246331441, 14.64754278567392 ], [ -90.514362107001261, 14.647395906343371 ] ], [ [ -90.514362107001261, 14.647395906343371 ], [ -90.514371077133347, 14.647424246596257 ] ], [ [ -90.514362107001261, 14.647395906343371 ], [ -90.514345574400977, 14.647420813243405 ] ] ] } },
{ "type": "Feature", "properties": { "kind": "L2", "value": "12.794115739664683", "building_uid": "2713" }, "geometry": { "type": "MultiLineString", "coordinates": [ [ [ -90.514142825852389, 14.648261958542351 ], [ -90.514158649250106, 14.648147414375151 ] ], [ [ -90.514158649250106, 14.648147414375151 ], [ -90.514165725293452, 14.6481694789719 ] ], [ [ -90.514158649250106, 14.648147414375151 ], [ -90.514145836863406, 14.648166874686964 ] ] ] } },
{ "type": "Feature", "properties": { "kind": "L2", "value": "16.959743381466673", "building_uid": "2714" }, "geometry": { "type": "MultiLineString", "coordinates": [ [ [ -90.51434739979193, 14.648305435847769 ], [ -90.514191617202144, 14.648283797354718 ] ], [ [ -90.514191617202144, 14.648283797354718 ], [ -90.514221733154756, 14.648274899896007 ] ], [ [ -90.514191617202144, 14.648283797354718 ], [ -90.514217976031816, 14.648300539282063 ] ] ] } },
{ "type": "Feature", "properties": { "kind": "L2", "value": "7.2538141034228465", "building_uid": "2715" }, "geometry": { "type": "MultiLineString", "coordinates": [ [ [ -90.514098922386069, 14.648251260761068 ], [ -90.514089874930733, 14.648316193262891 ] ], [ [ -90.514089874930733, 14.648316193262891 ], [ -90.514085877732867, 14.648303678961229 ] ], [ [ -90.514089874930733, 14.648316193262891 ], [ -90.5140971520416, 14.648305168031834 ] ] ] } },
{ "type": "Feature", "properties": { "kind": "L2", "value": "7.175484256036659", "building_uid": "2716" }, "geometry": { "type": "MultiLineString", "coordinates": [ [ [ -90.514185443734547, 14.648090211803368 ], [ -90.514175985715298, 14.648154374066822 ] ], [ [ -90.514175985715298, 14.648154374066822 ], [ -90.514172129809765, 14.648141965592981 ] ], [ [ -90.514175985715298, 14.648154374066822 ], [ -90.514183270372769, 14.64814352223717 ] ] ] } },
{ "type": "Feature", "properties": { "kind": "L2", "value": "12.093239751893604", "building_uid": "2717" }, "geometry": { "type": "MultiLineString", "coordinates": [ [ [ -90.51424595968372, 14.647992806061417 ], [ -90.514230961911309, 14.648101069975437 ] ], [ [ -90.514230961911309, 14.648101069975437 ], [ -90.514224281445351, 14.648080211688212 ] ], [ [ -90.514230961911309, 14.648101069975437 ], [ -90.514243079420098, 14.648082680091592 ] ] ] } },
{ "type": "Feature", "properties": { "kind": "L2", "value": "13.882524270505526", "building_uid": "2718" }, "geometry": { "type": "MultiLineString", "coordinates": [ [ [ -90.514329620634356, 14.64797922668601 ], [ -90.514348561508882, 14.647855182268685 ] ], [ [ -90.514348561508882, 14.647855182268685 ], [ -90.514355897229052, 14.647879225441777 ] ], [ [ -90.514348561508882, 14.647855182268685 ], [ -90.514334359288966, 14.647876108064567 ] ] ] } },
{ "type": "Feature", "properties": { "kind": "L2", "value": "9.058628984325487", "building_uid": "2721" }, "geometry": { "type": "MultiLineString", "coordinates": [ [ [ -90.514423423049138, 14.648342896734531 ], [ -90.514506744426029, 14.648353648395783 ] ], [ [ -90.514506744426029, 14.648353648395783 ], [ -90.514490708051085, 14.648358556233962 ] ], [ [ -90.514506744426029, 14.648353648395783 ], [ -90.514492574873856, 14.648344842836115 ] ] ] } },
{ "type": "Feature", "properties": { "kind": "L2", "value": "18.823284251886808", "building_uid": "2722" }, "geometry": { "type": "MultiLineString", "coordinates": [ [ [ -90.514365651863486, 14.64809345911727 ], [ -90.514538735383155, 14.648116186929396 ] ], [ [ -90.514538735383155, 14.648116186929396 ], [ -90.514505388866823, 14.648126310699045 ] ], [ [ -90.514538735383155, 14.648116186929396 ], [ -90.514509335113999, 14.648097823820747 ] ] ] } },
{ "type": "Feature", "properties": { "kind": "L2", "value": "8.641143155320252", "building_uid": "2723" }, "geometry": { "type": "MultiLineString", "coordinates": [ [ [ -90.514280038085388, 14.647690375312887 ], [ -90.514291061802282, 14.647613056981317 ] ], [ [ -90.514291061802282, 14.647613056981317 ], [ -90.514295776043909, 14.6476279789911 ] ], [ [ -90.514291061802282, 14.647613056981317 ], [ -90.514282351210369, 14.64762616465406 ] ] ] } },
{ "type": "Feature", "properties": { "kind": "L2", "value": "10.58600772888499", "building_uid": "2724" }, "geometry": { "type": "MultiLineString", "coordinates": [ [ [ -90.514218481525276, 14.647776305008589 ], [ -90.51423105340794, 14.647681462969826 ] ], [ [ -90.51423105340794, 14.647681462969826 ], [ -90.514237008356261, 14.647699688755987 ] ], [ [ -90.51423105340794, 14.647681462969826 ], [ -90.514220540864272, 14.647697619615149 ] ] ] } },
{ "type": "Feature", "properties": { "kind": "L2", "value": "6.4245188322641456", "building_uid": "2725" }, "geometry": { "type": "MultiLineString", "coordinates": [ [ [ -90.514138769109977, 14.647554752674038 ], [ -90.51419788806524, 14.64756218156611 ] ], [ [ -90.51419788806524, 14.64756218156611 ], [ -90.514186527129695, 14.647565700040879 ] ], [ [ -90.51419788806524, 14.64756218156611 ], [ -90.514187817011972, 14.647555969948383 ] ] ] } },
{ "type": "Feature", "properties": { "kind": "L2", "value": "16.198154796491252", "building_uid": "2727" }, "geometry": { "type": "MultiLineString", "coordinates": [ [ [ -90.514445601232936, 14.647694063989061 ], [ -90.514422079332647, 14.647838586709211 ] ], [ [ -90.514422079332647, 14.647838586709211 ], [ -90.514413796153931, 14.647810454621489 ] ], [ [ -90.514422079332647, 14.647838586709211 ], [ -90.514438889751105, 14.647814325970931 ] ] ] } },
{ "type": "Feature", "properties": { "kind": "L2", "value": "7.0787803977263515", "building_uid": "2732" }, "geometry": { "type": "MultiLineString", "coordinates": [ [ [ -90.514313692971783, 14.646884978186366 ], [ -90.514322563770165, 14.646821618003846 ] ], [ [ -90.514322563770165, 14.646821618003846 ], [ -90.514326456451272, 14.646833832771582 ] ], [ [ -90.514322563770165, 14.646821618003846 ], [ -90.514315455220839, 14.646832372766918 ] ] ] } },
{ "type": "Feature", "properties": { "kind": "L2", "value": "8.694548404569723", "building_uid": "2733" }, "geometry": { "type": "MultiLineString", "coordinates": [ [ [ -90.514333851973248, 14.646746775943276 ], [ -90.514322177656993, 14.646824491301608 ] ], [ [ -90.514322177656993, 14.646824491301608 ], [ -90.514317546903513, 14.64680944378258 ] ], [ [ -90.514322177656993, 14.646824491301608 ], [ -90.514331040621926, 14.646811365207025 ] ] ] } },
{ "type": "Feature", "properties": { "kind": "L2", "value": "9.349091035116285", "building_uid": "2735" }, "geometry": { "type": "MultiLineString", "coordinates": [ [ [ -90.514347308428668, 14.646659998886065 ], [ -90.514334957702019, 14.646743593400462 ] ], [ [ -90.514334957702019, 14.646743593400462 ], [ -90.51432993915968, 14.646727424552337 ] ], [ [ -90.514334957702019, 14.646743593400462 ], [ -90.514344453670503, 14.646729457305032 ] ] ] } },
{ "type": "Feature", "properties": { "kind": "L2", "value": "6.426646819607156", "building_uid": "2737" }, "geometry": { "type": "MultiLineString", "coordinates": [ [ [ -90.514466245550551, 14.646733865282986 ], [ -90.51447473648426, 14.646676401809515 ] ], [ [ -90.51447473648426, 14.646676401809515 ], [ -90.514478186093882, 14.646687516470974 ] ], [ [ -90.51447473648426, 14.646676401809515 ], [ -90.514468208715968, 14.646686118985526 ] ] ] } },
{ "type": "Feature", "properties": { "kind": "L2", "value": "16.46004034112245", "building_uid": "2739" }, "geometry": { "type": "MultiLineString", "coordinates": [ [ [ -90.514451494182524, 14.646526488702365 ], [ -90.514432381998972, 14.64667401145233 ] ], [ [ -90.514432381998972, 14.64667401145233 ], [ -90.514423039127848, 14.646645698452206 ] ], [ [ -90.514432381998972, 14.64667401145233 ], [ -90.514448653484891, 14.646648844046039 ] ] ] } },
{ "type": "Feature", "properties": { "kind": "L2", "value": "13.908419380384542", "building_uid": "2743" }, "geometry": { "type": "MultiLineString", "coordinates": [ [ [ -90.513610824535888, 14.646307269383604 ], [ -90.513590010499257, 14.646431265905223 ] ], [ [ -90.513590010499257, 14.646431265905223 ], [ -90.513583018548076, 14.646407077253926 ] ], [ [ -90.513590010499257, 14.646431265905223 ], [ -90.513604548025214, 14.646410502951806 ] ] ] } },
{ "type": "Feature", "properties": { "kind": "L2", "value": "8.47667965563736", "building_uid": "2754" }, "geometry": { "type": "MultiLineString", "coordinates": [ [ [ -90.513825961097879, 14.647630542739376 ], [ -90.513903876245621, 14.647640986809819 ] ], [ [ -90.513903876245621, 14.647640986809819 ], [ -90.513888846518881, 14.647645505532742 ] ], [ [ -90.513903876245621, 14.647640986809819 ], [ -90.513890659928506, 14.647632681873633 ] ] ] } },
{ "type": "Feature", "properties": { "kind": "L2", "value": "12.116648712036152", "building_uid": "2756" }, "geometry": { "type": "MultiLineString", "coordinates": [ [ [ -90.513886353007592, 14.647682398929918 ], [ -90.513870783100288, 14.647790799753121 ] ], [ [ -90.513870783100288, 14.647790799753121 ], [ -90.513864194468084, 14.647769869565389 ] ], [ [ -90.513870783100288, 14.647790799753121 ], [ -90.513883016187521, 14.647772432137062 ] ] ] } },
{ "type": "Feature", "properties": { "kind": "L2", "value": "9.401792688368126", "building_uid": "2760" }, "geometry": { "type": "MultiLineString", "coordinates": [ [ [ -90.51371290110761, 14.647628100177707 ], [ -90.513799211302626, 14.64764042578717 ] ], [ [ -90.513799211302626, 14.64764042578717 ], [ -90.513782496529998, 14.647645294309026 ] ], [ [ -90.513799211302626, 14.64764042578717 ], [ -90.513784636632195, 14.647631088951487 ] ] ] } },
{ "type": "Feature", "properties": { "kind": "L2", "value": "16.02062794723613", "building_uid": "2784" }, "geometry": { "type": "MultiLineString", "coordinates": [ [ [ -90.513511130075031, 14.64820026770426 ], [ -90.513657100942282, 14.648227602263917 ] ], [ [ -90.513657100942282, 14.648227602263917 ], [ -90.513628268968546, 14.648234659836259 ] ], [ [ -90.513657100942282, 14.648227602263917 ], [ -90.513633015094641, 14.648210635294564 ] ] ] } },
{ "type": "Feature", "properties": { "kind": "L2", "value": "24.58719177411993", "building_uid": "2802" }, "geometry": { "type": "MultiLineString", "coordinates": [ [ [ -90.512853328813165, 14.648062678384262 ], [ -90.512627322957798, 14.648032436861309 ] ], [ [ -90.512627322957798, 14.648032436861309 ], [ -90.512670914562207, 14.648019319961202 ] ], [ [ -90.512627322957798, 14.648032436861309 ], [ -90.512665663684828, 14.648056517043589 ] ] ] } },
{ "type": "Feature", "properties": { "kind": "L2", "value": "10.601460768672368", "building_uid": "2817" }, "geometry": { "type": "MultiLineString", "coordinates": [ [ [ -90.51273120927732, 14.647824450123982 ], [ -90.512745243706732, 14.647729661806057 ] ], [ [ -90.512745243706732, 14.647729661806057 ], [ -90.512750928889702, 14.647747998210972 ] ], [ [ -90.512745243706732, 14.647729661806057 ], [ -90.512734470721597, 14.647745688357634 ] ] ] } },
{ "type": "Feature", "properties": { "kind": "L2", "value": "8.699467558099927", "building_uid": "2823" }, "geometry": { "type": "MultiLineString", "coordinates": [ [ [ -90.512066485588463, 14.647988829553514 ], [ -90.511986474380862, 14.647978457830671 ] ], [ [ -90.511986474380862, 14.647978457830671 ], [ -90.512001877762813, 14.647973753518773 ] ], [ [ -90.511986474380862, 14.647978457830671 ], [ -90.51200007690926, 14.647986922135734 ] ] ] } },
{ "type": "Feature", "properties": { "kind": "L2", "value": "6.877310153668914", "building_uid": "2852" }, "geometry": { "type": "MultiLineString", "coordinates": [ [ [ -90.512209623001752, 14.647048108121368 ], [ -90.512204567591098, 14.64711003887445 ] ], [ [ -90.512204567591098, 14.64711003887445 ], [ -90.512200107417328, 14.647098397186326 ] ], [ [ -90.512204567591098, 14.64711003887445 ], [ -90.512210860468969, 14.647099229233069 ] ] ] } },
{ "type": "Feature", "properties": { "kind": "L2", "value": "14.731700082376195", "building_uid": "2857" }, "geometry": { "type": "MultiLineString", "coordinates": [ [ [ -90.512125729398178, 14.646068649332404 ], [ -90.512260815219378, 14.646088950752677 ] ], [ [ -90.512260815219378, 14.646088950752677 ], [ -90.512234566890172, 14.64609638751657 ] ], [ [ -90.512260815219378, 14.646088950752677 ], [ -90.512238091810076, 14.646074154265712 ] ] ] } },
{ "type": "Feature", "properties": { "kind": "L2", "value": "7.932191231839777", "building_uid": "2862" }, "geometry": { "type": "MultiLineString", "coordinates": [ [ [ -90.514716190005203, 14.645803262955704 ], [ -90.51478897602162, 14.645813874874309 ] ], [ [ -90.51478897602162, 14.645813874874309 ], [ -90.514774861445176, 14.645817941134267 ] ], [ [ -90.51478897602162, 14.645813874874309 ], [ -90.514776703983017, 14.645805961551783 ] ] ] } },
{ "type": "Feature", "properties": { "kind": "L2", "value": "4.463717832139492", "building_uid": "2866" }, "geometry": { "type": "MultiLineString", "coordinates": [ [ [ -90.514458549412339, 14.645694479092366 ], [ -90.514452305021436, 14.645734341105429 ] ], [ [ -90.514452305021436, 14.645734341105429 ], [ -90.514449976286159, 14.645726601783961 ] ], [ [ -90.514452305021436, 14.645734341105429 ], [ -90.514456897493275, 14.645727629525807 ] ] ] } },
{ "type": "Feature", "properties": { "kind": "L2", "value": "5.310570363360507", "building_uid": "2873" }, "geometry": { "type": "MultiLineString", "coordinates": [ [ [ -90.513974149203818, 14.64492927428155 ], [ -90.514022692232615, 14.644937501724907 ] ], [ [ -90.514022692232615, 14.644937501724907 ], [ -90.514013178988122, 14.644940005181727 ] ], [ [ -90.514022692232615, 14.644937501724907 ], [ -90.514014607506297, 14.644932015631113 ] ] ] } },
{ "type": "Feature", "properties": { "kind": "L2", "value": "12.407723789128532", "building_uid": "2880" }, "geometry": { "type": "MultiLineString", "coordinates": [ [ [ -90.513933178003469, 14.645194829899921 ], [ -90.514046772757794, 14.645213030853164 ] ], [ [ -90.514046772757794, 14.645213030853164 ], [ -90.514024602290831, 14.645219079821411 ] ], [ [ -90.514046772757794, 14.645213030853164 ], [ -90.514027762496269, 14.64520038362642 ] ] ] } },
{ "type": "Feature", "properties": { "kind": "L2", "value": "6.251383894606307", "building_uid": "2881" }, "geometry": { "type": "MultiLineString", "coordinates": [ [ [ -90.514131138827224, 14.644959157083704 ], [ -90.514074256088662, 14.644948115575138 ] ], [ [ -90.514074256088662, 14.644948115575138 ], [ -90.51408552530259, 14.644945435898673 ] ], [ [ -90.514074256088662, 14.644948115575138 ], [ -90.514083608181082, 14.644954798055602 ] ] ] } },
{ "type": "Feature", "properties": { "kind": "L2", "value": "13.285826681891074", "building_uid": "2882" }, "geometry": { "type": "MultiLineString", "coordinates": [ [ [ -90.513556372593911, 14.645064397485617 ], [ -90.513678630519479, 14.645079744682789 ] ], [ [ -90.513678630519479, 14.645079744682789 ], [ -90.513655137500706, 14.645087023855826 ] ], [ [ -90.513678630519479, 14.645079744682789 ], [ -90.513657802209991, 14.645066901805144 ] ] ] } },
{ "type": "Feature", "properties": { "kind": "L2", "value": "17.166329470977658", "building_uid": "2891" }, "geometry": { "type": "MultiLineString", "coordinates": [ [ [ -90.512323701524878, 14.645295007992067 ], [ -90.512303818410913, 14.645448866636098 ] ], [ [ -90.512303818410913, 14.645448866636098 ], [ -90.512294065305525, 14.645419341730548 ] ], [ [ -90.512303818410913, 14.645448866636098 ], [ -90.512320779611755, 14.645422614227209 ] ] ] } },
{ "type": "Feature", "properties": { "kind": "L2", "value": "7.046253878670977", "building_uid": "2897" }, "geometry": { "type": "MultiLineString", "coordinates": [ [ [ -90.512463915332731, 14.645202214884344 ], [ -90.51252848598871, 14.645212182796911 ] ], [ [ -90.51252848598871, 14.645212182796911 ], [ -90.512515916452841, 14.645215689736833 ] ], [ [ -90.51252848598871, 14.645212182796911 ], [ -90.512517647167883, 14.645205062260796 ] ] ] } },
{ "type": "Feature", "properties": { "kind": "L2", "value": "6.2605264550501065", "building_uid": "12745" }, "geometry": { "type": "MultiLineString", "coordinates": [ [ [ -90.51415200499298, 14.646221962860684 ], [ -90.514143968869575, 14.646277973448928 ] ], [ [ -90.514143968869575, 14.646277973448928 ], [ -90.514140562963007, 14.646267159565788 ] ], [ [ -90.514143968869575, 14.646277973448928 ], [ -90.514150288057635, 14.646268482199241 ] ] ] } },
{ "type": "Feature", "properties": { "kind": "L2", "value": "10.665907249692655", "building_uid": "12746" }, "geometry": { "type": "MultiLineString", "coordinates": [ [ [ -90.514416808569095, 14.646251094284235 ], [ -90.514403937393055, 14.646346626276417 ] ], [ [ -90.514403937393055, 14.646346626276417 ], [ -90.514397976851939, 14.6463282507912 ] ], [ [ -90.514403937393055, 14.646346626276417 ], [ -90.514414564035789, 14.646330369206462 ] ] ] } },
{ "type": "Feature", "properties": { "kind": "L2", "value": "24.94211547027139", "building_uid": "12782" }, "geometry": { "type": "MultiLineString", "coordinates": [ [ [ -90.513389689239688, 14.644320592803769 ], [ -90.513357538744614, 14.644543722138923 ] ], [ [ -90.513357538744614, 14.644543722138923 ], [ -90.513343995633775, 14.644500631584387 ] ], [ [ -90.513357538744614, 14.644543722138923 ], [ -90.513382737168939, 14.644505923153091 ] ] ] } },
{ "type": "Feature", "properties": { "kind": "L2", "value": "16.585065747904324", "building_uid": "12783" }, "geometry": { "type": "MultiLineString", "coordinates": [ [ [ -90.5130863891563, 14.64363446706778 ], [ -90.51323866172703, 14.643656067156577 ] ], [ [ -90.51323866172703, 14.643656067156577 ], [ -90.513209185378273, 14.643664683014384 ] ], [ [ -90.51323866172703, 14.643656067156577 ], [ -90.513212935741976, 14.643639620781356 ] ] ] } },
{ "type": "Feature", "properties": { "kind": "L2", "value": "20.165990377856943", "building_uid": "12784" }, "geometry": { "type": "MultiLineString", "coordinates": [ [ [ -90.513665323510509, 14.643542994993213 ], [ -90.513480032931454, 14.643517687743905 ] ], [ [ -90.513480032931454, 14.643517687743905 ], [ -90.513515816004741, 14.643507026679856 ] ], [ [ -90.513480032931454, 14.643517687743905 ], [ -90.51351142196566, 14.643537523291652 ] ] ] } },
{ "type": "Feature", "properties": { "kind": "L2", "value": "40.776893473858784", "building_uid": "12785" }, "geometry": { "type": "MultiLineString", "coordinates": [ [ [ -90.513066529203357, 14.643904246047395 ], [ -90.513443007904428, 14.643940723311774 ] ], [ [ -90.513443007904428, 14.643940723311774 ], [ -90.513371600055734, 14.643965093324532 ] ], [ [ -90.513443007904428, 14.643940723311774 ], [ -90.513377933486751, 14.643903129534891 ] ] ] } },
{ "type": "Feature", "properties": { "kind": "L2", "value": "28.193037098685174", "building_uid": "12786" }, "geometry": { "type": "MultiLineString", "coordinates": [ [ [ -90.513611529814966, 14.644012182365065 ], [ -90.51335248407176, 14.643976801299916 ] ], [ [ -90.51335248407176, 14.643976801299916 ], [ -90.513402510671384, 14.643961896679052 ] ], [ [ -90.51335248407176, 14.643976801299916 ], [ -90.513396367521594, 14.644004532415485 ] ] ] } },
{ "type": "Feature", "properties": { "kind": "L2", "value": "9.027632201757251", "building_uid": "12788" }, "geometry": { "type": "MultiLineString", "coordinates": [ [ [ -90.51438328378876, 14.644530002451395 ], [ -90.514369710312565, 14.644610475615693 ] ], [ [ -90.514369710312565, 14.644610475615693 ], [ -90.514365184456466, 14.644594771913871 ] ], [ [ -90.514369710312565, 14.644610475615693 ], [ -90.514379156869822, 14.644597005935559 ] ] ] } },
{ "type": "Feature", "properties": { "kind": "L2", "value": "16.33134077124673", "building_uid": "12846" }, "geometry": { "type": "MultiLineString", "coordinates": [ [ [ -90.51244009923785, 14.644141987378404 ], [ -90.512459766833985, 14.643995706502025 ] ], [ [ -90.512459766833985, 14.643995706502025 ], [ -90.512468901069923, 14.644023840122534 ] ], [ [ -90.512459766833985, 14.643995706502025 ], [ -90.512443502646335, 14.644020603080893 ] ] ] } },
{ "type": "Feature", "properties": { "kind": "L2", "value": "7.9924311420925775", "building_uid": "12847" }, "geometry": { "type": "MultiLineString", "coordinates": [ [ [ -90.51249097335149, 14.643927120160122 ], [ -90.5124175033923, 14.643917323746264 ] ], [ [ -90.5124175033923, 14.643917323746264 ], [ -90.512431671135715, 14.643913053333797 ] ], [ [ -90.5124175033923, 14.643917323746264 ], [ -90.512429970205744, 14.643925145588488 ] ] ] } },
{ "type": "Feature", "properties": { "kind": "L2", "value": "9.384913676030385", "building_uid": "12848" }, "geometry": { "type": "MultiLineString", "coordinates": [ [ [ -90.512353793893539, 14.643970034736922 ], [ -90.51236615353703, 14.64388611467025 ] ], [ [ -90.51236615353703, 14.64388611467025 ], [ -90.512371198633204, 14.643902343274979 ] ], [ [ -90.51236615353703, 14.64388611467025 ], [ -90.512356627786687, 14.643900309029672 ] ] ] } },
{ "type": "Feature", "properties": { "kind": "L2", "value": "6.877707323967278", "building_uid": "12856" }, "geometry": { "type": "MultiLineString", "coordinates": [ [ [ -90.511799559347054, 14.64762237469311 ], [ -90.51180865142085, 14.647560878935986 ] ], [ [ -90.51180865142085, 14.647560878935986 ], [ -90.51181234215133, 14.647572773961897 ] ], [ [ -90.51180865142085, 14.647560878935986 ], [ -90.51180166460469, 14.647571277543591 ] ] ] } },
{ "type": "Feature", "properties": { "kind": "L2", "value": "10.85343412412332", "building_uid": "12915" }, "geometry": { "type": "MultiLineString", "coordinates": [ [ [ -90.514996619341105, 14.645404721245024 ], [ -90.514983931713033, 14.645501984422685 ] ], [ [ -90.514983931713033, 14.645501984422685 ], [ -90.514977787642167, 14.645483310240705 ] ], [ [ -90.514983931713033, 14.645501984422685 ], [ -90.514994675345193, 14.645485398454717 ] ] ] } },
{ "type": "Feature", "properties": { "kind": "L2", "value": "16.992056530282426", "building_uid": "12919" }, "geometry": { "type": "MultiLineString", "coordinates": [ [ [ -90.513876835012354, 14.644388200331543 ], [ -90.513898513606478, 14.644236160796638 ] ], [ [ -90.513898513606478, 14.644236160796638 ], [ -90.513907783272487, 14.644265503731233 ] ], [ [ -90.513898513606478, 14.644236160796638 ], [ -90.513881384956321, 14.644261935708357 ] ] ] } },
{ "type": "Feature", "properties": { "kind": "L2", "value": "7.6015632066619565", "building_uid": "12951" }, "geometry": { "type": "MultiLineString", "coordinates": [ [ [ -90.514500126994136, 14.645895949874756 ], [ -90.514569703437544, 14.645907202913072 ] ], [ [ -90.514569703437544, 14.645907202913072 ], [ -90.514556114974283, 14.645910888834157 ] ], [ [ -90.514569703437544, 14.645907202913072 ], [ -90.514558068830198, 14.645899437508401 ] ] ] } },
{ "type": "Feature", "properties": { "kind": "L2", "value": "8.501474223142255", "building_uid": "12956" }, "geometry": { "type": "MultiLineString", "coordinates": [ [ [ -90.514468299043926, 14.647333676903795 ], [ -90.514390257310694, 14.647322509704988 ] ], [ [ -90.514390257310694, 14.647322509704988 ], [ -90.514405372759271, 14.647318111635387 ] ], [ [ -90.514390257310694, 14.647322509704988 ], [ -90.514403433792424, 14.647330956145979 ] ] ] } },
{ "type": "Feature", "properties": { "kind": "L2", "value": "12.063454958946012", "building_uid": "12987" }, "geometry": { "type": "MultiLineString", "coordinates": [ [ [ -90.515158444456162, 14.644254998829217 ], [ -90.515171243616251, 14.644146738454843 ] ], [ [ -90.515171243616251, 14.644146738454843 ], [ -90.51517832213257, 14.644167415189706 ] ], [ [ -90.515171243616251, 14.644146738454843 ], [ -90.515159525111869, 14.644165308608278 ] ] ] } },
{ "type": "Feature", "properties": { "kind": "L2", "value": "9.608622472732575", "building_uid": "12997" }, "geometry": { "type": "MultiLineString", "coordinates": [ [ [ -90.512873122521867, 14.645596237445641 ], [ -90.512885219848386, 14.645510240928004 ] ], [ [ -90.512885219848386, 14.645510240928004 ], [ -90.512890492813241, 14.645526824318907 ] ], [ [ -90.512885219848386, 14.645510240928004 ], [ -90.512875561325359, 14.645524833262717 ] ] ] } },
{ "type": "Feature", "properties": { "kind": "L2", "value": "8.578648318557248", "building_uid": "1000003" }, "geometry": { "type": "MultiLineString", "coordinates": [ [ [ -90.514413515298514, 14.642883442950367 ], [ -90.514334965889987, 14.642870925791641 ] ], [ [ -90.514334965889987, 14.642870925791641 ], [ -90.514350290535234, 14.642866730507127 ] ], [ [ -90.514334965889987, 14.642870925791641 ], [ -90.514348117218944, 14.642879658839243 ] ] ] } },
{ "type": "Feature", "properties": { "kind": "L2", "value": "10.831960777506731", "building_uid": "1000002" }, "geometry": { "type": "MultiLineString", "coordinates": [ [ [ -90.51441563748439, 14.643016670341673 ], [ -90.514315949470301, 14.643004246899638 ] ], [ [ -90.514315949470301, 14.643004246899638 ], [ -90.514335097596941, 14.642998295048082 ] ], [ [ -90.514315949470301, 14.643004246899638 ], [ -90.51433294055019, 14.64301470254216 ] ] ] } },
{ "type": "Feature", "properties": { "kind": "L2", "value": "9.485746113656884", "building_uid": "1000004" }, "geometry": { "type": "MultiLineString", "coordinates": [ [ [ -90.515117382454562, 14.643172843838773 ], [ -90.515030135811998, 14.643161575325529 ] ], [ [ -90.515030135811998, 14.643161575325529 ], [ -90.515046928533636, 14.643156437987157 ] ], [ [ -90.515030135811998, 14.643161575325529 ], [ -90.51504497201276, 14.643170797765046 ] ] ] } },
{ "type": "Feature", "properties": { "kind": "L2", "value": "6.591809193188332", "building_uid": "1000005" }, "geometry": { "type": "MultiLineString", "coordinates": [ [ [ -90.512512536202877, 14.643434460358487 ], [ -90.51250493376196, 14.643493545522531 ] ], [ [ -90.51250493376196, 14.643493545522531 ], [ -90.512501182392754, 14.643482210017956 ] ], [ [ -90.51250493376196, 14.643493545522531 ], [ -90.512511441192757, 14.643483461289467 ] ] ] } },
{ "type": "Feature", "properties": { "kind": "L2", "value": "6.3733192726611865", "building_uid": "1000012" }, "geometry": { "type": "MultiLineString", "coordinates": [ [ [ -90.513083412981103, 14.644305356556508 ], [ -90.513074513985003, 14.64436227417324 ] ], [ [ -90.513074513985003, 14.64436227417324 ], [ -90.513071185784355, 14.644351224865845 ] ], [ [ -90.513074513985003, 14.64436227417324 ], [ -90.513081068278524, 14.644352689529027 ] ] ] } },
{ "type": "Feature", "properties": { "kind": "L2", "value": "10.947582553930749", "building_uid": "1000007" }, "geometry": { "type": "MultiLineString", "coordinates": [ [ [ -90.514047471177889, 14.643737557318204 ], [ -90.513947486636297, 14.643720128411303 ] ], [ [ -90.513947486636297, 14.643720128411303 ], [ -90.51396712305845, 14.643715059482915 ] ], [ [ -90.513947486636297, 14.643720128411303 ], [ -90.513964096918045, 14.643731515727291 ] ] ] } },
{ "type": "Feature", "properties": { "kind": "L2", "value": "4.846175016215813", "building_uid": "1000008" }, "geometry": { "type": "MultiLineString", "coordinates": [ [ [ -90.514443463059791, 14.644491851496722 ], [ -90.514398961691583, 14.644485586473655 ] ], [ [ -90.514398961691583, 14.644485586473655 ], [ -90.514407571970992, 14.644483059901775 ] ], [ [ -90.514398961691583, 14.644485586473655 ], [ -90.514406484186196, 14.644490384262415 ] ] ] } },
{ "type": "Feature", "properties": { "kind": "L2", "value": "6.443827388904023", "building_uid": "1000009" }, "geometry": { "type": "MultiLineString", "coordinates": [ [ [ -90.514699736892268, 14.643872477457816 ], [ -90.514640323800819, 14.643865973103425 ] ], [ [ -90.514640323800819, 14.643865973103425 ], [ -90.514651657778131, 14.643862262759393 ] ], [ [ -90.514640323800819, 14.643865973103425 ], [ -90.514650528441535, 14.643872041428439 ] ] ] } },
{ "type": "Feature", "properties": { "kind": "L2", "value": "10.765630577654486", "building_uid": "1000011" }, "geometry": { "type": "MultiLineString", "coordinates": [ [ [ -90.514898067492808, 14.644036229338788 ], [ -90.514909925354928, 14.643939665743753 ] ], [ [ -90.514909925354928, 14.643939665743753 ], [ -90.514916159040382, 14.643958144840244 ] ], [ [ -90.514909925354928, 14.643939665743753 ], [ -90.514899392923056, 14.643956193182657 ] ] ] } },
{ "type": "Feature", "properties": { "kind": "L2", "value": "17.570280780683444", "building_uid": "182" }, "geometry": { "type": "MultiLineString", "coordinates": [ [ [ -90.514662458325176, 14.644239096301975 ], [ -90.514682560381473, 14.644081586540564 ] ], [ [ -90.514682560381473, 14.644081586540564 ], [ -90.514692590695645, 14.644111791278853 ] ], [ [ -90.514682560381473, 14.644081586540564 ], [ -90.514665242614569, 14.644108482732042 ] ] ] } },
{ "type": "Feature", "properties": { "kind": "L2", "value": "16.495707457887775", "building_uid": "1000013" }, "geometry": { "type": "MultiLineString", "coordinates": [ [ [ -90.514866190891638, 14.644100331685328 ], [ -90.514850357397009, 14.644248546078071 ] ], [ [ -90.514850357397009, 14.644248546078071 ], [ -90.514840360324484, 14.644220377507732 ] ], [ [ -90.514850357397009, 14.644248546078071 ], [ -90.514866094483168, 14.644222983505315 ] ] ] } },
{ "type": "Feature", "properties": { "kind": "L2", "value": "9.69113524767085", "building_uid": "1000016" }, "geometry": { "type": "MultiLineString", "coordinates": [ [ [ -90.514697456041972, 14.645240679611554 ], [ -90.514686166736297, 14.645327531703256 ] ], [ [ -90.514686166736297, 14.645327531703256 ], [ -90.514680673041966, 14.645310859722803 ] ], [ [ -90.514686166736297, 14.645327531703256 ], [ -90.51469575306713, 14.645312717793036 ] ] ] } },
{ "type": "Feature", "properties": { "kind": "L2", "value": "6.3767664597787", "building_uid": "1000019" }, "geometry": { "type": "MultiLineString", "coordinates": [ [ [ -90.514880608653129, 14.645460228001635 ], [ -90.514887063610644, 14.645402967353128 ] ], [ [ -90.514887063610644, 14.645402967353128 ], [ -90.514890864626906, 14.645413877707117 ] ], [ [ -90.514887063610644, 14.645402967353128 ], [ -90.514880922523957, 14.645412815307823 ] ] ] } },
{ "type": "Feature", "properties": { "kind": "L2", "value": "8.782291328585027", "building_uid": "1000015" }, "geometry": { "type": "MultiLineString", "coordinates": [ [ [ -90.514567360638452, 14.645214890278744 ], [ -90.514579182868957, 14.645136394919181 ] ], [ [ -90.514579182868957, 14.645136394919181 ], [ -90.514583854476953, 14.645151596001675 ] ], [ [ -90.514579182868957, 14.645136394919181 ], [ -90.514570225431129, 14.645149650219107 ] ] ] } },
{ "type": "Feature", "properties": { "kind": "L2", "value": "15.089984707272963", "building_uid": "2861" }, "geometry": { "type": "MultiLineString", "coordinates": [ [ [ -90.512199075567224, 14.646442680588438 ], [ -90.512337667080402, 14.64646203676039 ] ], [ [ -90.512337667080402, 14.64646203676039 ], [ -90.512310865362679, 14.646469933336206 ] ], [ [ -90.512337667080402, 14.64646203676039 ], [ -90.512314226165202, 14.646447123136481 ] ] ] } },
{ "type": "Feature", "properties": { "kind": "L2", "value": "9.859482191592031", "building_uid": "1000023" }, "geometry": { "type": "MultiLineString", "coordinates": [ [ [ -90.51211847054752, 14.647505633567102 ], [ -90.51212646073553, 14.647416908539519 ] ], [ [ -90.51212646073553, 14.647416908539519 ], [ -90.512132715108535, 14.647433648508759 ] ], [ [ -90.51212646073553, 14.647416908539519 ], [ -90.512117309736595, 14.647432333443682 ] ] ] } },
{ "type": "Feature", "properties": { "kind": "L2", "value": "7.991540208618042", "building_uid": "1000020" }, "geometry": { "type": "MultiLineString", "coordinates": [ [ [ -90.512171216075373, 14.647161770483317 ], [ -90.512097097060519, 14.64715973273 ] ], [ [ -90.512097097060519, 14.64715973273 ], [ -90.512110708896671, 14.647154002648586 ] ], [ [ -90.512097097060519, 14.64715973273 ], [ -90.51211035507967, 14.647166201547565 ] ] ] } },
{ "type": "Feature", "properties": { "kind": "L2", "value": "11.076646560465091", "building_uid": "1000021" }, "geometry": { "type": "MultiLineString", "coordinates": [ [ [ -90.512203196848205, 14.647162521464812 ], [ -90.512200342557577, 14.647262543514852 ] ], [ [ -90.512200342557577, 14.647262543514852 ], [ -90.512192176499326, 14.647244178474924 ] ], [ [ -90.512200342557577, 14.647262543514852 ], [ -90.512209543363738, 14.647244648249508 ] ] ] } },
{ "type": "Feature", "properties": { "kind": "L2", "value": "9.591146542257269", "building_uid": "1000024" }, "geometry": { "type": "MultiLineString", "coordinates": [ [ [ -90.514169383570447, 14.647294429316835 ], [ -90.51425815589937, 14.647300492593546 ] ], [ [ -90.51425815589937, 14.647300492593546 ], [ -90.514241538504294, 14.647306698862169 ] ], [ [ -90.51425815589937, 14.647300492593546 ], [ -90.514242591271625, 14.647292088251872 ] ] ] } },
{ "type": "Feature", "properties": { "kind": "L2", "value": "14.053418091316754", "building_uid": "1000001" }, "geometry": { "type": "MultiLineString", "coordinates": [ [ [ -90.514184996033691, 14.643117673279702 ], [ -90.514313993021389, 14.64313618579965 ] ], [ [ -90.514313993021389, 14.64313618579965 ], [ -90.51428900368856, 14.643143445897854 ] ], [ [ -90.514313993021389, 14.64313618579965 ], [ -90.514292217959252, 14.643122214495131 ] ] ] } },
{ "type": "Feature", "properties": { "kind": "L2", "value": "16.830745380259742", "building_uid": "1000017" }, "geometry": { "type": "MultiLineString", "coordinates": [ [ [ -90.514689060930735, 14.645828336508279 ], [ -90.514534516447711, 14.645806514007788 ] ], [ [ -90.514534516447711, 14.645806514007788 ], [ -90.514564423932171, 14.645797751643451 ] ], [ [ -90.514534516447711, 14.645806514007788 ], [ -90.514560634903248, 14.645823187547462 ] ] ] } },
{ "type": "Feature", "properties": { "kind": "a1", "value": "18.879818313002872", "building_uid": "7" }, "geometry": { "type": "MultiLineString", "coordinates": [ [ [ -90.513892766503233, 14.642688486842014 ], [ -90.514066362724861, 14.642711303265271 ] ], [ [ -90.51388573612914, 14.642739192120434 ], [ -90.513899796872195, 14.642637781562673 ] ], [ [ -90.514059332388257, 14.642762008555025 ], [ -90.514073393056321, 14.642660597974608 ] ] ] } },
{ "type": "Feature", "properties": { "kind": "a1", "value": "27.745385386602297", "building_uid": "8" }, "geometry": { "type": "MultiLineString", "coordinates": [ [ [ -90.51480385589943, 14.642922654443653 ], [ -90.515058813801673, 14.642957290958799 ] ], [ [ -90.514793183401096, 14.642997124361251 ], [ -90.514814528386466, 14.642848184524006 ] ], [ [ -90.515048141383971, 14.643031760901188 ], [ -90.515069486208077, 14.642882821014352 ] ] ] } },
{ "type": "Feature", "properties": { "kind": "a1", "value": "22.682598038856987", "building_uid": "9" }, "geometry": { "type": "MultiLineString", "coordinates": [ [ [ -90.515360781123405, 14.642920653136617 ], [ -90.515152340548255, 14.642892376111583 ] ], [ [ -90.515369494011836, 14.642859770301449 ], [ -90.515352068227429, 14.642981535970414 ] ], [ [ -90.515161053490587, 14.642831493292979 ], [ -90.515143627598377, 14.642953258928822 ] ] ] } },
{ "type": "Feature", "properties": { "kind": "a1", "value": "20.241258067064987", "building_uid": "10" }, "geometry": { "type": "MultiLineString", "coordinates": [ [ [ -90.515344009644053, 14.643040336051133 ], [ -90.515529848262915, 14.643066713817333 ] ], [ [ -90.515335881908172, 14.643094617090835 ], [ -90.515352137373753, 14.642986055010292 ] ], [ [ -90.515521720569708, 14.643120994870467 ], [ -90.515537975949954, 14.64301243276306 ] ] ] } },
{ "type": "Feature", "properties": { "kind": "a1", "value": "7.336166304837292", "building_uid": "53" }, "geometry": { "type": "MultiLineString", "coordinates": [ [ [ -90.514224361886662, 14.642653154522518 ], [ -90.514215847210622, 14.642718905177166 ] ], [ [ -90.514204102348629, 14.642650667491997 ], [ -90.514244621425433, 14.642655641551343 ] ], [ [ -90.51419558766689, 14.642716418144984 ], [ -90.514236106755092, 14.642721392207656 ] ] ] } },
{ "type": "Feature", "properties": { "kind": "a1", "value": "7.70716686524351", "building_uid": "54" }, "geometry": { "type": "MultiLineString", "coordinates": [ [ [ -90.514429910143832, 14.642738355171124 ], [ -90.51450081058924, 14.642747416890847 ] ], [ [ -90.514427117980517, 14.642759064299097 ], [ -90.514432702306323, 14.642717646043002 ] ], [ [ -90.514498018432178, 14.642768126020695 ], [ -90.514503602745435, 14.642726707760856 ] ] ] } },
{ "type": "Feature", "properties": { "kind": "a1", "value": "16.897780690704117", "building_uid": "55" }, "geometry": { "type": "MultiLineString", "coordinates": [ [ [ -90.514654847799747, 14.642785528421205 ], [ -90.514499525127164, 14.64276475538394 ] ], [ [ -90.51466124851558, 14.642740160622546 ], [ -90.51464844707975, 14.642830896219118 ] ], [ [ -90.514505925872982, 14.642719387594415 ], [ -90.514493124377211, 14.642810123172708 ] ] ] } },
{ "type": "Feature", "properties": { "kind": "a1", "value": "21.76506463646424", "building_uid": "105" }, "geometry": { "type": "MultiLineString", "coordinates": [ [ [ -90.514715962088488, 14.643361869939191 ], [ -90.514915253988761, 14.643393615178738 ] ], [ [ -90.51470618046892, 14.643420080418915 ], [ -90.514725743700382, 14.643303659457976 ] ], [ [ -90.514905472417681, 14.643451825674765 ], [ -90.51492503555221, 14.643335404681222 ] ] ] } },
{ "type": "Feature", "properties": { "kind": "a1", "value": "13.71403952069753", "building_uid": "106" }, "geometry": { "type": "MultiLineString", "coordinates": [ [ [ -90.514418705513577, 14.6437477887838 ], [ -90.514544739791617, 14.643764819450551 ] ], [ [ -90.51441345787093, 14.643784601636808 ], [ -90.514423953153468, 14.643710975930297 ] ], [ [ -90.514539492168694, 14.643801632309607 ], [ -90.514549987411797, 14.643728006591001 ] ] ] } },
{ "type": "Feature", "properties": { "kind": "a1", "value": "21.45456367052835", "building_uid": "107" }, "geometry": { "type": "MultiLineString", "coordinates": [ [ [ -90.513968425249445, 14.643592351909923 ], [ -90.513771653582594, 14.643563045284843 ] ], [ [ -90.513977455416935, 14.643534877592346 ], [ -90.513959395074806, 14.643649826226147 ] ], [ [ -90.513780683797691, 14.64350557098267 ], [ -90.51376262336035, 14.643620519585673 ] ] ] } },
{ "type": "Feature", "properties": { "kind": "a1", "value": "9.273034179225363", "building_uid": "108" }, "geometry": { "type": "MultiLineString", "coordinates": [ [ [ -90.514165834283077, 14.643555652180231 ], [ -90.514080681627291, 14.643543669514839 ] ], [ [ -90.514169526473466, 14.64353078025086 ], [ -90.514162142091408, 14.643580524109375 ] ], [ [ -90.514084373826634, 14.643518797588271 ], [ -90.514076989426641, 14.643568541441175 ] ] ] } },
{ "type": "Feature", "properties": { "kind": "a1", "value": "17.817093032963026", "building_uid": "109" }, "geometry": { "type": "MultiLineString", "coordinates": [ [ [ -90.514285370053329, 14.643877280710599 ], [ -90.514121631283473, 14.643855131611422 ] ], [ [ -90.514292194803431, 14.643829454916428 ], [ -90.514278545298581, 14.643925106503923 ] ], [ [ -90.514128456066842, 14.643807305827462 ], [ -90.514114806495456, 14.643902957394545 ] ] ] } },
{ "type": "Feature", "properties": { "kind": "a1", "value": "12.253549113499187", "building_uid": "110" }, "geometry": { "type": "MultiLineString", "coordinates": [ [ [ -90.514295805326299, 14.643804438178339 ], [ -90.514408394644093, 14.643819814460697 ] ], [ [ -90.514291067447445, 14.643837323937992 ], [ -90.514300543202921, 14.643771552418285 ] ], [ [ -90.514403656780971, 14.643852700225194 ], [ -90.514413132505013, 14.643786928695798 ] ] ] } },
{ "type": "Feature", "properties": { "kind": "a1", "value": "12.993227216668188", "building_uid": "761" }, "geometry": { "type": "MultiLineString", "coordinates": [ [ [ -90.514512719260722, 14.645048823551322 ], [ -90.514527515958065, 14.64493233675414 ] ], [ [ -90.514548612361168, 14.645053145435725 ], [ -90.514476826162579, 14.645044501661602 ] ], [ [ -90.514563409040605, 14.64493665863335 ], [ -90.514491622877856, 14.644928014869599 ] ] ] } },
{ "type": "Feature", "properties": { "kind": "a1", "value": "5.369599358395341", "building_uid": "176" }, "geometry": { "type": "MultiLineString", "coordinates": [ [ [ -90.515161455798065, 14.644797275576387 ], [ -90.515210858489368, 14.644803546364143 ] ], [ [ -90.51515952357947, 14.644811705344011 ], [ -90.515163388016248, 14.644782845808693 ] ], [ [ -90.515208926273829, 14.64481797613267 ], [ -90.51521279070451, 14.644789116595542 ] ] ] } },
{ "type": "Feature", "properties": { "kind": "a1", "value": "17.826914487942012", "building_uid": "177" }, "geometry": { "type": "MultiLineString", "coordinates": [ [ [ -90.515004831008284, 14.644714221148737 ], [ -90.515168465899592, 14.644737707687531 ] ], [ [ -90.514997594088271, 14.644762016400479 ], [ -90.515012067923479, 14.644666425896103 ] ], [ [ -90.515161229012634, 14.644785502949736 ], [ -90.515175702781733, 14.644689912424425 ] ] ] } },
{ "type": "Feature", "properties": { "kind": "a1", "value": "9.989524175569057", "building_uid": "178" }, "geometry": { "type": "MultiLineString", "coordinates": [ [ [ -90.514999879045831, 14.64474590719224 ], [ -90.514908184329073, 14.644732745945094 ] ], [ [ -90.51500393441178, 14.644719124563077 ], [ -90.514995823678348, 14.64477268982113 ] ], [ [ -90.51491223970541, 14.644705963319209 ], [ -90.514904128951216, 14.644759528570695 ] ] ] } },
{ "type": "Feature", "properties": { "kind": "a1", "value": "12.272572323000894", "building_uid": "179" }, "geometry": { "type": "MultiLineString", "coordinates": [ [ [ -90.514919781307853, 14.644656169836489 ], [ -90.514807137098558, 14.644639956132234 ] ], [ [ -90.514924777221566, 14.644623268165484 ], [ -90.514914785391866, 14.644689071507063 ] ], [ [ -90.514812133027903, 14.644607054466197 ], [ -90.514802141166911, 14.644672857797845 ] ] ] } },
{ "type": "Feature", "properties": { "kind": "a1", "value": "17.339762758671746", "building_uid": "183" }, "geometry": { "type": "MultiLineString", "coordinates": [ [ [ -90.514850456635017, 14.643616400655059 ], [ -90.514826504676392, 14.643771293706232 ] ], [ [ -90.514802729724892, 14.643609404620031 ], [ -90.514898183549775, 14.64362339668075 ] ], [ [ -90.514778777735089, 14.643764297661217 ], [ -90.514874231622315, 14.643778289741913 ] ] ] } },
{ "type": "Feature", "properties": { "kind": "a1", "value": "17.252410145527126", "building_uid": "184" }, "geometry": { "type": "MultiLineString", "coordinates": [ [ [ -90.514400739293137, 14.64415911029624 ], [ -90.514379829526007, 14.644313624469916 ] ], [ [ -90.514353129006523, 14.644153002858198 ], [ -90.514448349584001, 14.644165217724943 ] ], [ [ -90.514332219207986, 14.644307517022503 ], [ -90.514427439848248, 14.644319731907993 ] ] ] } },
{ "type": "Feature", "properties": { "kind": "a1", "value": "16.11980155821406", "building_uid": "185" }, "geometry": { "type": "MultiLineString", "coordinates": [ [ [ -90.514011350840562, 14.644053327451727 ], [ -90.514031982543813, 14.643909101491113 ] ], [ [ -90.514055791010918, 14.644059353678593 ], [ -90.513966910674029, 14.644047301216737 ] ], [ [ -90.514076422686941, 14.643915127709619 ], [ -90.513987542404507, 14.643903075264483 ] ] ] } },
{ "type": "Feature", "properties": { "kind": "a1", "value": "11.074830571426679", "building_uid": "186" }, "geometry": { "type": "MultiLineString", "coordinates": [ [ [ -90.514165319792795, 14.644341856897817 ], [ -90.514063612712206, 14.644327603189106 ] ], [ [ -90.5141697117691, 14.644312149754088 ], [ -90.514160927814657, 14.64437156404121 ] ], [ [ -90.514068004701315, 14.644297896049377 ], [ -90.514059220721279, 14.644357310328497 ] ] ] } },
{ "type": "Feature", "properties": { "kind": "a1", "value": "21.816669984374467", "building_uid": "187" }, "geometry": { "type": "MultiLineString", "coordinates": [ [ [ -90.514036972660605, 14.644516533509902 ], [ -90.513836433410958, 14.644489721804428 ] ], [ [ -90.514045234107471, 14.644457958983439 ], [ -90.514028711206791, 14.644575108035117 ] ], [ [ -90.513844694907789, 14.644431147293195 ], [ -90.513828171907193, 14.64454829631441 ] ] ] } },
{ "type": "Feature", "properties": { "kind": "a1", "value": "21.555188600624618", "building_uid": "188" }, "geometry": { "type": "MultiLineString", "coordinates": [ [ [ -90.513252961956709, 14.643368452156324 ], [ -90.513221240646345, 14.643560705766268 ] ], [ [ -90.513193723274568, 14.643359186791905 ], [ -90.513312200646268, 14.643377717506413 ] ], [ [ -90.513162001916527, 14.643551440385988 ], [ -90.513280479383596, 14.64356997113223 ] ] ] } },
{ "type": "Feature", "properties": { "kind": "a1", "value": "13.283147652440576", "building_uid": "191" }, "geometry": { "type": "MultiLineString", "coordinates": [ [ [ -90.512971077038713, 14.644464661796311 ], [ -90.512991661208758, 14.644346354134131 ] ], [ [ -90.513007531104336, 14.644470674127883 ], [ -90.512934622976033, 14.644458649459326 ] ], [ [ -90.513028115256432, 14.644352366459534 ], [ -90.512955207164012, 14.644340341803316 ] ] ] } },
{ "type": "Feature", "properties": { "kind": "a1", "value": "7.28361198310825", "building_uid": "192" }, "geometry": { "type": "MultiLineString", "coordinates": [ [ [ -90.512788686741018, 14.644375621837389 ], [ -90.512779385185496, 14.644440792009744 ] ], [ [ -90.512768605905421, 14.64437290499084 ], [ -90.512808767577397, 14.644378338682266 ] ], [ [ -90.512759304344343, 14.644438075161498 ], [ -90.512799466027431, 14.644443508856336 ] ] ] } },
{ "type": "Feature", "properties": { "kind": "a1", "value": "10.558345515919632", "building_uid": "193" }, "geometry": { "type": "MultiLineString", "coordinates": [ [ [ -90.512655595920094, 14.644398722226605 ], [ -90.512558745515605, 14.64438438721718 ] ], [ [ -90.512660012949368, 14.644370433654066 ], [ -90.512651178889101, 14.644427010798827 ] ], [ [ -90.512563162556404, 14.644356098648357 ], [ -90.512554328473072, 14.644412675785674 ] ] ] } },
{ "type": "Feature", "properties": { "kind": "a1", "value": "10.563697860484506", "building_uid": "846" }, "geometry": { "type": "MultiLineString", "coordinates": [ [ [ -90.514112991914089, 14.646892603987441 ], [ -90.514016178707152, 14.646877712151339 ] ], [ [ -90.514117580570797, 14.646864326605371 ], [ -90.514108403255605, 14.646920881369184 ] ], [ [ -90.514020767375357, 14.646849434773051 ], [ -90.5140115900372, 14.646905989529293 ] ] ] } },
{ "type": "Feature", "properties": { "kind": "a1", "value": "14.848259605360353", "building_uid": "194" }, "geometry": { "type": "MultiLineString", "coordinates": [ [ [ -90.512373467237538, 14.644248538283243 ], [ -90.512354203875574, 14.644381352053511 ] ], [ [ -90.51233254345594, 14.644242911738312 ], [ -90.512414391022389, 14.644254164821305 ] ], [ [ -90.512313280070941, 14.644375725501426 ], [ -90.51239512768349, 14.644386978598707 ] ] ] } },
{ "type": "Feature", "properties": { "kind": "a1", "value": "14.566070437934645", "building_uid": "195" }, "geometry": { "type": "MultiLineString", "coordinates": [ [ [ -90.512346709486565, 14.644111795486891 ], [ -90.512328484170624, 14.64424217585778 ] ], [ [ -90.51230653553138, 14.644106472136485 ], [ -90.512386883444819, 14.644117118830655 ] ], [ [ -90.512288310193142, 14.644236852500606 ], [ -90.512368658151175, 14.644247499208312 ] ] ] } },
{ "type": "Feature", "properties": { "kind": "a1", "value": "11.31522937104169", "building_uid": "196" }, "geometry": { "type": "MultiLineString", "coordinates": [ [ [ -90.512323768293584, 14.643831073759525 ], [ -90.512427706644672, 14.643845474257486 ] ], [ [ -90.512319331082452, 14.643861432689706 ], [ -90.512328205502811, 14.643800714828989 ] ], [ [ -90.512423269446899, 14.643875833191826 ], [ -90.512432143840527, 14.643815115322795 ] ] ] } },
{ "type": "Feature", "properties": { "kind": "a1", "value": "67.78325052839831", "building_uid": "302" }, "geometry": { "type": "MultiLineString", "coordinates": [ [ [ -90.513028550527721, 14.643193898440883 ], [ -90.513126600608487, 14.642589066780225 ] ], [ [ -90.513214915843804, 14.643222537624403 ], [ -90.512842185284285, 14.643165259115447 ] ], [ [ -90.513312965451689, 14.642617705807977 ], [ -90.512940235837945, 14.642560427610562 ] ] ] } },
{ "type": "Feature", "properties": { "kind": "a1", "value": "8.782725796825616", "building_uid": "303" }, "geometry": { "type": "MultiLineString", "coordinates": [ [ [ -90.513842890504648, 14.643349088638475 ], [ -90.513855685873281, 14.64327073413572 ] ], [ [ -90.513867033703875, 14.643352825995175 ], [ -90.513818747306658, 14.6433453512794 ] ], [ [ -90.513879829064578, 14.643274471489796 ], [ -90.513831542683207, 14.643266996779273 ] ] ] } },
{ "type": "Feature", "properties": { "kind": "a1", "value": "7.66510718851104", "building_uid": "304" }, "geometry": { "type": "MultiLineString", "coordinates": [ [ [ -90.512669799891498, 14.6433225330008 ], [ -90.512599548229204, 14.643311754533542 ] ], [ [ -90.512673121032719, 14.643302013426535 ], [ -90.512666478749352, 14.643343052574888 ] ], [ [ -90.512602869376479, 14.643291234961266 ], [ -90.512596227081019, 14.64333227410564 ] ] ] } },
{ "type": "Feature", "properties": { "kind": "a1", "value": "9.153063428918525", "building_uid": "305" }, "geometry": { "type": "MultiLineString", "coordinates": [ [ [ -90.51252628369528, 14.643338127429132 ], [ -90.512537799655064, 14.643256207114336 ] ], [ [ -90.512551525619003, 14.643341491087659 ], [ -90.512501041772779, 14.64333476376798 ] ], [ [ -90.512563041569976, 14.643259570770185 ], [ -90.512512557741346, 14.643252843455858 ] ] ] } },
{ "type": "Feature", "properties": { "kind": "a1", "value": "16.614650640168435", "building_uid": "306" }, "geometry": { "type": "MultiLineString", "coordinates": [ [ [ -90.512328832830988, 14.64339379074409 ], [ -90.51248156332295, 14.643414143809634 ] ], [ [ -90.512322561467997, 14.643438401260241 ], [ -90.512335104189987, 14.643349180227215 ] ], [ [ -90.512475291988949, 14.643458754334612 ], [ -90.512487834652973, 14.643369533283934 ] ] ] } },
{ "type": "Feature", "properties": { "kind": "a1", "value": "18.304122323455168", "building_uid": "307" }, "geometry": { "type": "MultiLineString", "coordinates": [ [ [ -90.512694268232295, 14.643450199867878 ], [ -90.512720703976072, 14.643286865374261 ] ], [ [ -90.512744596151691, 14.643457921394567 ], [ -90.512643940318185, 14.643442478330835 ] ], [ [ -90.512771031860964, 14.643294586889599 ], [ -90.512670376096466, 14.643279143848568 ] ] ] } },
{ "type": "Feature", "properties": { "kind": "a1", "value": "24.437715159129947", "building_uid": "500" }, "geometry": { "type": "MultiLineString", "coordinates": [ [ [ -90.514914437564656, 14.645813763263986 ], [ -90.515138849197186, 14.645845329105761 ] ], [ [ -90.514904711104862, 14.645879310136442 ], [ -90.514924164015497, 14.64574821638988 ] ], [ [ -90.515129122799678, 14.64591087599773 ], [ -90.515148575585741, 14.645779782212148 ] ] ] } },
{ "type": "Feature", "properties": { "kind": "a1", "value": "7.675767443517426", "building_uid": "501" }, "geometry": { "type": "MultiLineString", "coordinates": [ [ [ -90.514761787222412, 14.645985283880815 ], [ -90.514832191591992, 14.645995737995722 ] ], [ [ -90.514758565976408, 14.646005847802813 ], [ -90.514765008467521, 14.64596471995865 ] ], [ [ -90.514828970352056, 14.646016301919687 ], [ -90.51483541283099, 14.645975174071587 ] ] ] } },
{ "type": "Feature", "properties": { "kind": "a1", "value": "9.079035662363417", "building_uid": "502" }, "geometry": { "type": "MultiLineString", "coordinates": [ [ [ -90.513665536076246, 14.645841879867731 ], [ -90.513678477590673, 14.645760838147426 ] ], [ [ -90.513690507569322, 14.64584565986816 ], [ -90.513640564584463, 14.645838099864749 ] ], [ [ -90.513703449075237, 14.645764618145078 ], [ -90.513653506107389, 14.645757058147218 ] ] ] } },
{ "type": "Feature", "properties": { "kind": "a1", "value": "9.670386425367086", "building_uid": "762" }, "geometry": { "type": "MultiLineString", "coordinates": [ [ [ -90.514622637112907, 14.645150039071078 ], [ -90.514637720110372, 14.645063924820453 ] ], [ [ -90.514649171526727, 14.64515444457718 ], [ -90.514596102700636, 14.645145633562125 ] ], [ [ -90.514664254514685, 14.645068330323278 ], [ -90.514611185707594, 14.645059519314765 ] ] ] } },
{ "type": "Feature", "properties": { "kind": "a1", "value": "11.234906368053029", "building_uid": "503" }, "geometry": { "type": "MultiLineString", "coordinates": [ [ [ -90.513679336718511, 14.645559979866656 ], [ -90.513662502943262, 14.645660138161452 ] ], [ [ -90.513648474850712, 14.645555062997815 ], [ -90.513710198588356, 14.645564896731619 ] ], [ [ -90.513631641062531, 14.645655221288262 ], [ -90.513693364826025, 14.64566505503076 ] ] ] } },
{ "type": "Feature", "properties": { "kind": "a1", "value": "6.893242560421988", "building_uid": "504" }, "geometry": { "type": "MultiLineString", "coordinates": [ [ [ -90.513736118299136, 14.645505824039109 ], [ -90.513727206973314, 14.645567486678177 ] ], [ [ -90.513717118137919, 14.64550322118645 ], [ -90.513755118461034, 14.645508426890288 ] ], [ [ -90.513708206807138, 14.645564883823978 ], [ -90.513746207140201, 14.645570089530894 ] ] ] } },
{ "type": "Feature", "properties": { "kind": "a1", "value": "6.35482902510961", "building_uid": "505" }, "geometry": { "type": "MultiLineString", "coordinates": [ [ [ -90.51356431734439, 14.645300219141829 ], [ -90.513556766734439, 14.645357152766934 ] ], [ [ -90.513546774354907, 14.645298013729892 ], [ -90.51358186033444, 14.645302424552497 ] ], [ [ -90.513539223740693, 14.645354947353745 ], [ -90.513574309728753, 14.645359358178869 ] ] ] } },
{ "type": "Feature", "properties": { "kind": "a1", "value": "8.899397725239014", "building_uid": "506" }, "geometry": { "type": "MultiLineString", "coordinates": [ [ [ -90.513762075284035, 14.645151663103768 ], [ -90.513750252621563, 14.645231227396902 ] ], [ [ -90.513737559111135, 14.645148209891758 ], [ -90.5137865914581, 14.645155116313308 ] ], [ [ -90.513725736440421, 14.645227774182304 ], [ -90.513774768803898, 14.645234680609025 ] ] ] } },
{ "type": "Feature", "properties": { "kind": "a1", "value": "15.884792049867889", "building_uid": "507" }, "geometry": { "type": "MultiLineString", "coordinates": [ [ [ -90.513665209009929, 14.644844326002755 ], [ -90.513684413461462, 14.644702054295713 ] ], [ [ -90.513709047178622, 14.644849935329098 ], [ -90.513621370844831, 14.644838716668497 ] ], [ [ -90.513728251603524, 14.644707663614117 ], [ -90.513640575322981, 14.644696444969393 ] ] ] } },
{ "type": "Feature", "properties": { "kind": "a1", "value": "7.951644837596424", "building_uid": "508" }, "geometry": { "type": "MultiLineString", "coordinates": [ [ [ -90.513421551084946, 14.644700578497483 ], [ -90.51349467409635, 14.644710126181815 ] ], [ [ -90.513418609155963, 14.644721936615431 ], [ -90.513424493013034, 14.644679220379382 ] ], [ [ -90.513491732174018, 14.644731484301765 ], [ -90.513497616017759, 14.644688768061702 ] ] ] } },
{ "type": "Feature", "properties": { "kind": "a1", "value": "13.864432459068606", "building_uid": "509" }, "geometry": { "type": "MultiLineString", "coordinates": [ [ [ -90.51230320860877, 14.644557068531245 ], [ -90.512430439972306, 14.64457553944513 ] ], [ [ -90.512297517163631, 14.644594230897065 ], [ -90.512308900050954, 14.644519906164881 ] ], [ [ -90.512424748547133, 14.644612701817307 ], [ -90.512436131394551, 14.644538377072401 ] ] ] } },
{ "type": "Feature", "properties": { "kind": "a1", "value": "15.064100274849299", "building_uid": "510" }, "geometry": { "type": "MultiLineString", "coordinates": [ [ [ -90.512159115412857, 14.644580513497289 ], [ -90.512297649621459, 14.644598561006784 ] ], [ [ -90.51215355442838, 14.644620977249513 ], [ -90.512164676394079, 14.644540049744478 ] ], [ [ -90.512292088660871, 14.644639024766203 ], [ -90.512303210578779, 14.644558097246787 ] ] ] } },
{ "type": "Feature", "properties": { "kind": "a1", "value": "12.356608550423266", "building_uid": "511" }, "geometry": { "type": "MultiLineString", "coordinates": [ [ [ -90.512539879757185, 14.644615592707366 ], [ -90.512426662261447, 14.644598014432216 ] ], [ [ -90.512545296134476, 14.644582523581636 ], [ -90.512534463377449, 14.64464866183263 ] ], [ [ -90.512432078654427, 14.644564945311679 ], [ -90.512421245866022, 14.64463108355228 ] ] ] } },
{ "type": "Feature", "properties": { "kind": "a1", "value": "12.40606876342497", "building_uid": "512" }, "geometry": { "type": "MultiLineString", "coordinates": [ [ [ -90.512518483238324, 14.644757806097216 ], [ -90.512632374575247, 14.644774050919931 ] ], [ [ -90.512513477715231, 14.64479107201177 ], [ -90.512523488759072, 14.644724540182228 ] ], [ [ -90.512627369068184, 14.644807316839547 ], [ -90.512637380079994, 14.644740784999881 ] ] ] } },
{ "type": "Feature", "properties": { "kind": "a1", "value": "13.502536878362042", "building_uid": "513" }, "geometry": { "type": "MultiLineString", "coordinates": [ [ [ -90.512779198417391, 14.644623447496906 ], [ -90.512655015921851, 14.64460733539182 ] ], [ [ -90.512784163022687, 14.644587175661266 ], [ -90.512774233809481, 14.644659719332079 ] ], [ [ -90.51265998054636, 14.644571063561948 ], [ -90.512650051294727, 14.644643607221226 ] ] ] } },
{ "type": "Feature", "properties": { "kind": "a1", "value": "9.500375217706255", "building_uid": "514" }, "geometry": { "type": "MultiLineString", "coordinates": [ [ [ -90.512679814620995, 14.644759840918471 ], [ -90.512692544286722, 14.644674919071694 ] ], [ [ -90.512705981571855, 14.644763559060017 ], [ -90.512653647671485, 14.644756122774119 ] ], [ [ -90.512718711228189, 14.644678637210271 ], [ -90.512666377346619, 14.644671200930301 ] ] ] } },
{ "type": "Feature", "properties": { "kind": "a1", "value": "8.143787049678687", "building_uid": "515" }, "geometry": { "type": "MultiLineString", "coordinates": [ [ [ -90.512721328967842, 14.64476574797977 ], [ -90.512710415991009, 14.644838543428337 ] ], [ [ -90.512698898521307, 14.644762560466759 ], [ -90.512743759415386, 14.644768935490715 ] ], [ [ -90.512687985537553, 14.644835355913148 ], [ -90.512732846445445, 14.644841730941458 ] ] ] } },
{ "type": "Feature", "properties": { "kind": "a1", "value": "8.633928915999734", "building_uid": "847" }, "geometry": { "type": "MultiLineString", "coordinates": [ [ [ -90.513980562987243, 14.646842326827194 ], [ -90.513967610370145, 14.646919295085134 ] ], [ [ -90.513956846546364, 14.64683854360297 ], [ -90.514004279429329, 14.646846110049127 ] ], [ [ -90.513943893921649, 14.646915511858339 ], [ -90.513991326819848, 14.646923078309639 ] ] ] } },
{ "type": "Feature", "properties": { "kind": "a1", "value": "16.32994323881961", "building_uid": "516" }, "geometry": { "type": "MultiLineString", "coordinates": [ [ [ -90.512210883969786, 14.644771268471972 ], [ -90.512231271989563, 14.644625093889736 ] ], [ [ -90.512255924715902, 14.644777223502608 ], [ -90.512165843227535, 14.644765313432988 ] ], [ [ -90.512276312707627, 14.644631048911867 ], [ -90.512186231275336, 14.644619138859255 ] ] ] } },
{ "type": "Feature", "properties": { "kind": "a1", "value": "16.517286766474662", "building_uid": "517" }, "geometry": { "type": "MultiLineString", "coordinates": [ [ [ -90.512600391024833, 14.644973326085166 ], [ -90.512622009244737, 14.644825609457099 ] ], [ [ -90.512645906963712, 14.644979640432783 ], [ -90.512554875090018, 14.644967011729042 ] ], [ [ -90.512667525155109, 14.644831923795852 ], [ -90.512576493338415, 14.644819295109839 ] ] ] } },
{ "type": "Feature", "properties": { "kind": "a1", "value": "17.154115254953403", "building_uid": "518" }, "geometry": { "type": "MultiLineString", "coordinates": [ [ [ -90.512179269359677, 14.645052245862708 ], [ -90.512198200027328, 14.644898384519168 ] ], [ [ -90.512226678687625, 14.64505777521561 ], [ -90.51213186003568, 14.645046716500499 ] ], [ [ -90.512245609323926, 14.644903913863141 ], [ -90.512150790734708, 14.644892855165894 ] ] ] } },
{ "type": "Feature", "properties": { "kind": "a1", "value": "12.04584702627565", "building_uid": "519" }, "geometry": { "type": "MultiLineString", "coordinates": [ [ [ -90.512091111711371, 14.645072038434638 ], [ -90.512201784488212, 14.645087213451284 ] ], [ [ -90.512086435821146, 14.645104364210399 ], [ -90.512095787599463, 14.645039712658487 ] ], [ [ -90.512197108613165, 14.645119539231738 ], [ -90.512206460361099, 14.645054887670435 ] ] ] } },
{ "type": "Feature", "properties": { "kind": "a1", "value": "8.58504674390081", "building_uid": "521" }, "geometry": { "type": "MultiLineString", "coordinates": [ [ [ -90.512126543787815, 14.645403292103317 ], [ -90.512047573594273, 14.645393146897783 ] ], [ [ -90.512129669832646, 14.645380226183899 ], [ -90.512123417741932, 14.645426358022542 ] ], [ [ -90.512050699646892, 14.645370080980692 ], [ -90.512044447540617, 14.645416212814682 ] ] ] } },
{ "type": "Feature", "properties": { "kind": "a1", "value": "8.644356229444346", "building_uid": "522" }, "geometry": { "type": "MultiLineString", "coordinates": [ [ [ -90.512072457840787, 14.645513586333898 ], [ -90.5120609549205, 14.645590867666895 ] ], [ [ -90.512048645077371, 14.645510226519104 ], [ -90.512096270605312, 14.645516946146369 ] ], [ [ -90.512037142149296, 14.645587507849656 ], [ -90.512084767692826, 14.645594227481805 ] ] ] } },
{ "type": "Feature", "properties": { "kind": "a1", "value": "8.055070135965652", "building_uid": "523" }, "geometry": { "type": "MultiLineString", "coordinates": [ [ [ -90.512564671616474, 14.645638273548919 ], [ -90.512638426919878, 14.645650031817992 ] ], [ [ -90.512561048524873, 14.645659816256208 ], [ -90.512568294707009, 14.64561673084143 ] ], [ [ -90.512634803834914, 14.645671574527519 ], [ -90.512642050003791, 14.645628489108272 ] ] ] } },
{ "type": "Feature", "properties": { "kind": "a1", "value": "11.93280765724549", "building_uid": "524" }, "geometry": { "type": "MultiLineString", "coordinates": [ [ [ -90.512533936816482, 14.645510453202318 ], [ -90.512424675552651, 14.645493034420461 ] ], [ [ -90.512539304071993, 14.645478539764314 ], [ -90.512528569558668, 14.64554236663988 ] ], [ [ -90.512430042822729, 14.645461120987362 ], [ -90.512419308280272, 14.64552494785312 ] ] ] } },
{ "type": "Feature", "properties": { "kind": "a1", "value": "4.582903253954789", "building_uid": "525" }, "geometry": { "type": "MultiLineString", "coordinates": [ [ [ -90.51231056960637, 14.645606893576202 ], [ -90.512268475923989, 14.645601034818295 ] ], [ [ -90.512312374869978, 14.64559459870271 ], [ -90.512308764342436, 14.645619188449643 ] ], [ [ -90.512270281189799, 14.645588739945479 ], [ -90.512266670657866, 14.645613329691047 ] ] ] } },
{ "type": "Feature", "properties": { "kind": "a1", "value": "19.036762522958533", "building_uid": "697" }, "geometry": { "type": "MultiLineString", "coordinates": [ [ [ -90.512682546262624, 14.646278178460015 ], [ -90.512712300317801, 14.646108667727177 ] ], [ [ -90.512734777935961, 14.64628686910789 ], [ -90.512630314595299, 14.646269487801042 ] ], [ [ -90.512764531954332, 14.646117358362343 ], [ -90.512660068687282, 14.646099977080917 ] ] ] } },
{ "type": "Feature", "properties": { "kind": "a1", "value": "10.090422799691448", "building_uid": "698" }, "geometry": { "type": "MultiLineString", "coordinates": [ [ [ -90.512671810133767, 14.646328655744773 ], [ -90.512764466558963, 14.646341716480492 ] ], [ [ -90.512667785696706, 14.646355719071247 ], [ -90.512675834569322, 14.646301592418022 ] ], [ [ -90.512760442132503, 14.646368779810297 ], [ -90.512768490983873, 14.646314653150405 ] ] ] } },
{ "type": "Feature", "properties": { "kind": "a1", "value": "25.88460110538144", "building_uid": "699" }, "geometry": { "type": "MultiLineString", "coordinates": [ [ [ -90.512477830241352, 14.645773388403013 ], [ -90.512439155394418, 14.646004164734835 ] ], [ [ -90.51240672084819, 14.645762092131623 ], [ -90.512548939645313, 14.645784684653774 ] ], [ [ -90.512368045932661, 14.645992868440398 ], [ -90.512510264866989, 14.646015461008636 ] ] ] } },
{ "type": "Feature", "properties": { "kind": "a1", "value": "8.418546539246513", "building_uid": "700" }, "geometry": { "type": "MultiLineString", "coordinates": [ [ [ -90.512222986551677, 14.64581052959891 ], [ -90.512235158990464, 14.645735409936803 ] ], [ [ -90.512246133269713, 14.645814084965645 ], [ -90.51219983983475, 14.645806974229981 ] ], [ [ -90.512258305701209, 14.645738965301135 ], [ -90.512212012280827, 14.645731854570281 ] ] ] } },
{ "type": "Feature", "properties": { "kind": "a1", "value": "0.633842708068249", "building_uid": "310" }, "geometry": { "type": "MultiLineString", "coordinates": [ [ [ -90.513065010134497, 14.644060528355217 ], [ -90.513065820845512, 14.644054857212414 ] ], [ [ -90.51306675757688, 14.644060765152277 ], [ -90.513063262692114, 14.644060291558139 ] ], [ [ -90.513067568287866, 14.644055094009463 ], [ -90.513064073403186, 14.64405462041535 ] ] ] } },
{ "type": "Feature", "properties": { "kind": "a1", "value": "10.585798341093202", "building_uid": "702" }, "geometry": { "type": "MultiLineString", "coordinates": [ [ [ -90.511981184122675, 14.645839665772943 ], [ -90.512078579196242, 14.645852022202227 ] ], [ [ -90.511977376712935, 14.645868113240294 ], [ -90.511984991530838, 14.645811218305315 ] ], [ [ -90.512074771798339, 14.645880469673088 ], [ -90.512082386592567, 14.645823574731081 ] ] ] } },
{ "type": "Feature", "properties": { "kind": "a1", "value": "14.14583307216637", "building_uid": "703" }, "geometry": { "type": "MultiLineString", "coordinates": [ [ [ -90.514224364028777, 14.646111576810075 ], [ -90.514094360680218, 14.646094006155073 ] ], [ [ -90.514229778092599, 14.646073605051598 ], [ -90.514218949962029, 14.646149548568022 ] ], [ [ -90.514099774765029, 14.646056034403031 ], [ -90.514088946592494, 14.646131977906588 ] ] ] } },
{ "type": "Feature", "properties": { "kind": "a1", "value": "7.6884841068318766", "building_uid": "704" }, "geometry": { "type": "MultiLineString", "coordinates": [ [ [ -90.514026030187878, 14.646064878739415 ], [ -90.514096598456646, 14.646075043822592 ] ], [ [ -90.514022898000476, 14.646085490526044 ], [ -90.514029162374356, 14.64604426695262 ] ], [ [ -90.514093466275398, 14.646095655611168 ], [ -90.514099730637, 14.646054432033848 ] ] ] } },
{ "type": "Feature", "properties": { "kind": "a1", "value": "11.867192625692294", "building_uid": "705" }, "geometry": { "type": "MultiLineString", "coordinates": [ [ [ -90.51348561524398, 14.646041455263941 ], [ -90.513501587961656, 14.645935387086393 ] ], [ [ -90.51351829820284, 14.646046120624218 ], [ -90.513452932287265, 14.646036789899272 ] ], [ [ -90.513534270905851, 14.645940052442045 ], [ -90.513468905019593, 14.645930721726362 ] ] ] } },
{ "type": "Feature", "properties": { "kind": "a1", "value": "13.132835325578057", "building_uid": "706" }, "geometry": { "type": "MultiLineString", "coordinates": [ [ [ -90.51354834584464, 14.646050435520706 ], [ -90.513530669231145, 14.646167815876034 ] ], [ [ -90.513512177245588, 14.646045272484482 ], [ -90.513584514446322, 14.646055598551557 ] ], [ [ -90.513494500614129, 14.646162652834137 ], [ -90.513566837850775, 14.646172978912553 ] ] ] } },
{ "type": "Feature", "properties": { "kind": "a1", "value": "16.860915212539776", "building_uid": "746" }, "geometry": { "type": "MultiLineString", "coordinates": [ [ [ -90.514616780870853, 14.643179505660351 ], [ -90.514461818506021, 14.643158624594626 ] ], [ [ -90.514623214884963, 14.643134243185363 ], [ -90.514610346852592, 14.643224768134587 ] ], [ [ -90.514468252549932, 14.643113362128764 ], [ -90.514455384457946, 14.643203887059734 ] ] ] } },
{ "type": "Feature", "properties": { "kind": "a1", "value": "16.456032922733883", "building_uid": "747" }, "geometry": { "type": "MultiLineString", "coordinates": [ [ [ -90.514277660103758, 14.643379842029363 ], [ -90.51442886012029, 14.643400510536447 ] ], [ [ -90.514271291545157, 14.643424005517092 ], [ -90.514284028658352, 14.643335678540906 ] ], [ [ -90.514422491590039, 14.643444674032919 ], [ -90.514435228646533, 14.643356347039246 ] ] ] } },
{ "type": "Feature", "properties": { "kind": "a1", "value": "7.483741065960961", "building_uid": "748" }, "geometry": { "type": "MultiLineString", "coordinates": [ [ [ -90.514209633264898, 14.643364621963132 ], [ -90.514278369142374, 14.643374197449077 ] ], [ [ -90.514206682788043, 14.643384698789967 ], [ -90.514212583740914, 14.643344545136143 ] ], [ [ -90.514275418671374, 14.643394274277737 ], [ -90.51428131961255, 14.643354120620273 ] ] ] } },
{ "type": "Feature", "properties": { "kind": "a1", "value": "19.666990202604484", "building_uid": "749" }, "geometry": { "type": "MultiLineString", "coordinates": [ [ [ -90.513924092763716, 14.643125408429711 ], [ -90.513951293746132, 14.642949731822169 ] ], [ [ -90.513978223552016, 14.643133353484419 ], [ -90.513869961981356, 14.643117463363003 ] ], [ [ -90.514005424494343, 14.642957676864013 ], [ -90.513897163003861, 14.642941786768318 ] ] ] } },
{ "type": "Feature", "properties": { "kind": "a1", "value": "13.801705220236485", "building_uid": "751" }, "geometry": { "type": "MultiLineString", "coordinates": [ [ [ -90.515490369328617, 14.643338298312008 ], [ -90.515363596073556, 14.643320698389092 ] ], [ [ -90.515495792341952, 14.643301269534511 ], [ -90.515484946312455, 14.643375327088993 ] ], [ [ -90.515369019106785, 14.643283669617778 ], [ -90.515358173037498, 14.643357727159886 ] ] ] } },
{ "type": "Feature", "properties": { "kind": "a1", "value": "8.527707168231231", "building_uid": "752" }, "geometry": { "type": "MultiLineString", "coordinates": [ [ [ -90.515406969694482, 14.643445197857057 ], [ -90.515394961213957, 14.64352134051081 ] ], [ [ -90.515383508017379, 14.643441690342904 ], [ -90.515430431372721, 14.643448705368959 ] ], [ [ -90.515371499529323, 14.643517832994227 ], [ -90.515418422899714, 14.643524848025152 ] ] ] } },
{ "type": "Feature", "properties": { "kind": "a1", "value": "15.26993694806474", "building_uid": "753" }, "geometry": { "type": "MultiLineString", "coordinates": [ [ [ -90.515057174051947, 14.643396619046253 ], [ -90.515034571051004, 14.643532793243466 ] ], [ [ -90.515015214990228, 14.643390017016168 ], [ -90.515099133117388, 14.643403221069144 ] ], [ [ -90.514992611965383, 14.643526191205396 ], [ -90.515076530140362, 14.643539395274344 ] ] ] } },
{ "type": "Feature", "properties": { "kind": "a1", "value": "12.855659971281241", "building_uid": "754" }, "geometry": { "type": "MultiLineString", "coordinates": [ [ [ -90.515039623613887, 14.643729015271715 ], [ -90.515157853000929, 14.64374438125491 ] ], [ [ -90.515034888909227, 14.643763548428396 ], [ -90.515044358316175, 14.643694482114611 ] ], [ [ -90.515153118313677, 14.643778914416822 ], [ -90.515162587685808, 14.64370984809257 ] ] ] } },
{ "type": "Feature", "properties": { "kind": "a1", "value": "13.222965127938076", "building_uid": "757" }, "geometry": { "type": "MultiLineString", "coordinates": [ [ [ -90.515281412890602, 14.643747182074751 ], [ -90.515159958021741, 14.643730301917905 ] ], [ [ -90.51528661413478, 14.643711706794122 ], [ -90.515276211643808, 14.643782657354908 ] ], [ [ -90.51516515928418, 14.643694826642959 ], [ -90.515154756756687, 14.643765777192378 ] ] ] } },
{ "type": "Feature", "properties": { "kind": "a1", "value": "6.925949664043023", "building_uid": "1305" }, "geometry": { "type": "MultiLineString", "coordinates": [ [ [ -90.515331132466159, 14.644211170628882 ], [ -90.515323512260053, 14.644273294750697 ] ], [ [ -90.51531199022233, 14.644208944877834 ], [ -90.515350274710627, 14.644213396378415 ] ], [ [ -90.515304370011123, 14.64427106899819 ], [ -90.515342654509652, 14.644275520501679 ] ] ] } },
{ "type": "Feature", "properties": { "kind": "a1", "value": "10.919862456592252", "building_uid": "758" }, "geometry": { "type": "MultiLineString", "coordinates": [ [ [ -90.515371111048282, 14.643792436945374 ], [ -90.515385428692127, 14.643694782282191 ] ], [ [ -90.515401201224833, 14.643796618929935 ], [ -90.515341020873521, 14.643788254957085 ] ], [ [ -90.515415518856216, 14.643698964262882 ], [ -90.515355338529815, 14.643690600297775 ] ] ] } },
{ "type": "Feature", "properties": { "kind": "a1", "value": "6.9405174984991564", "building_uid": "759" }, "geometry": { "type": "MultiLineString", "coordinates": [ [ [ -90.514810748947767, 14.644906791429211 ], [ -90.514746838354071, 14.644899105992167 ] ], [ [ -90.514813117058523, 14.644888124133454 ], [ -90.514808380836342, 14.644925458724844 ] ], [ [ -90.514749206469943, 14.644880438697895 ], [ -90.514744470237531, 14.644917773286318 ] ] ] } },
{ "type": "Feature", "properties": { "kind": "a1", "value": "11.369732454180875", "building_uid": "760" }, "geometry": { "type": "MultiLineString", "coordinates": [ [ [ -90.514523530904611, 14.644931256694344 ], [ -90.514538305793252, 14.644829560627576 ] ], [ [ -90.51455486651723, 14.644935572211102 ], [ -90.514492195293897, 14.644926941173557 ] ], [ [ -90.51456964139237, 14.644833876140144 ], [ -90.514506970196067, 14.644825245110976 ] ] ] } },
{ "type": "Feature", "properties": { "kind": "a1", "value": "14.774061376447895", "building_uid": "766" }, "geometry": { "type": "MultiLineString", "coordinates": [ [ [ -90.514117505355912, 14.645877064324884 ], [ -90.514253186618973, 14.645896073160154 ] ], [ [ -90.514111648124043, 14.645916694537327 ], [ -90.514123362584513, 14.645837434111842 ] ], [ [ -90.514247329409883, 14.645935703379712 ], [ -90.514259043824808, 14.645856442939985 ] ] ] } },
{ "type": "Feature", "properties": { "kind": "a1", "value": "10.161889296049086", "building_uid": "767" }, "geometry": { "type": "MultiLineString", "coordinates": [ [ [ -90.514241419450357, 14.645615668030278 ], [ -90.5142312168975, 14.645706926360232 ] ], [ [ -90.514213299929679, 14.645612688032847 ], [ -90.514269538972357, 14.645618648024419 ] ], [ [ -90.514203097365709, 14.645703946359776 ], [ -90.514259336430598, 14.645709906357398 ] ] ] } },
{ "type": "Feature", "properties": { "kind": "a1", "value": "8.280466270352125", "building_uid": "768" }, "geometry": { "type": "MultiLineString", "coordinates": [ [ [ -90.51428983333966, 14.645276218813176 ], [ -90.514299617708815, 14.645202026351203 ] ], [ [ -90.514312694301921, 14.645279076671473 ], [ -90.514266972378365, 14.64527336095272 ] ], [ [ -90.514322478663814, 14.64520488420737 ], [ -90.514276756754768, 14.645199168492891 ] ] ] } },
{ "type": "Feature", "properties": { "kind": "a1", "value": "12.338227905504736", "building_uid": "769" }, "geometry": { "type": "MultiLineString", "coordinates": [ [ [ -90.514305479642744, 14.645278231613219 ], [ -90.514290939794435, 14.64538878626753 ] ], [ [ -90.514271414379451, 14.645273984757049 ], [ -90.514339544908154, 14.645282478464591 ] ], [ [ -90.514256874515027, 14.645384539406626 ], [ -90.51432500507596, 14.645393033123648 ] ] ] } },
{ "type": "Feature", "properties": { "kind": "a1", "value": "13.33481402027191", "building_uid": "771" }, "geometry": { "type": "MultiLineString", "coordinates": [ [ [ -90.513427311448808, 14.646274127431615 ], [ -90.513446200069239, 14.646155079613091 ] ], [ [ -90.513463993884869, 14.646279644472026 ], [ -90.513390629015518, 14.646268610385697 ] ], [ [ -90.513482882486926, 14.646160596647523 ], [ -90.51340951765431, 14.646149562573147 ] ] ] } },
{ "type": "Feature", "properties": { "kind": "a1", "value": "17.79449166230061", "building_uid": "772" }, "geometry": { "type": "MultiLineString", "coordinates": [ [ [ -90.513444289017571, 14.6465641399174 ], [ -90.513469774633649, 14.646405320237351 ] ], [ [ -90.513493226500515, 14.646571583817355 ], [ -90.513395351539614, 14.64655669600765 ] ], [ [ -90.513518712083936, 14.646412764126618 ], [ -90.513420837188349, 14.646397876338296 ] ] ] } },
{ "type": "Feature", "properties": { "kind": "a1", "value": "7.32281761825258", "building_uid": "842" }, "geometry": { "type": "MultiLineString", "coordinates": [ [ [ -90.513714922949688, 14.646840539833208 ], [ -90.513782294548648, 14.646849107468297 ] ], [ [ -90.51371228297748, 14.646860217856826 ], [ -90.513717562921158, 14.646820861809452 ] ], [ [ -90.513779654582095, 14.646868785493606 ], [ -90.513784934514433, 14.646829429442858 ] ] ] } },
{ "type": "Feature", "properties": { "kind": "a1", "value": "11.256913435062632", "building_uid": "843" }, "geometry": { "type": "MultiLineString", "coordinates": [ [ [ -90.513952455576657, 14.646657055999318 ], [ -90.513849108897375, 14.646642342122178 ] ], [ [ -90.513956989392511, 14.646626870275563 ], [ -90.513947921758898, 14.646687241722722 ] ], [ [ -90.513853642726431, 14.646612156402583 ], [ -90.513844575066415, 14.646672527841417 ] ] ] } },
{ "type": "Feature", "properties": { "kind": "a1", "value": "12.34121528395657", "building_uid": "844" }, "geometry": { "type": "MultiLineString", "coordinates": [ [ [ -90.51360325707212, 14.646810727085464 ], [ -90.513716589963934, 14.646826647363312 ] ], [ [ -90.513598351504569, 14.64684382957296 ], [ -90.513608162637411, 14.64677762459754 ] ], [ [ -90.513711684412243, 14.646859749855786 ], [ -90.513721495513323, 14.646793544870414 ] ] ] } },
{ "type": "Feature", "properties": { "kind": "a1", "value": "12.190820747641633", "building_uid": "845" }, "geometry": { "type": "MultiLineString", "coordinates": [ [ [ -90.513968281744482, 14.646741377799453 ], [ -90.513985491006977, 14.646632534201334 ] ], [ [ -90.514001820006584, 14.646746404317362 ], [ -90.513934743484697, 14.646736351276934 ] ], [ [ -90.514019029253717, 14.646637560714268 ], [ -90.51395195276254, 14.64662750768381 ] ] ] } },
{ "type": "Feature", "properties": { "kind": "a1", "value": "9.913088154313536", "building_uid": "520" }, "geometry": { "type": "MultiLineString", "coordinates": [ [ [ -90.512258782302482, 14.645308104993422 ], [ -90.512270264331278, 14.645219255825046 ] ], [ [ -90.51228615944747, 14.645311458710649 ], [ -90.512231405158857, 14.645304751273098 ] ], [ [ -90.512297641465835, 14.645222609539239 ], [ -90.512242887198084, 14.645215902107752 ] ] ] } },
{ "type": "Feature", "properties": { "kind": "a1", "value": "11.656018938961303", "building_uid": "914" }, "geometry": { "type": "MultiLineString", "coordinates": [ [ [ -90.515078114857232, 14.646340958453024 ], [ -90.514970805719244, 14.646327863000163 ] ], [ [ -90.515082149977545, 14.646309615320124 ], [ -90.515074079735029, 14.646372301585606 ] ], [ [ -90.514974840853966, 14.646296519871452 ], [ -90.514966770582632, 14.64635920612854 ] ] ] } },
{ "type": "Feature", "properties": { "kind": "a1", "value": "11.102135748476355", "building_uid": "915" }, "geometry": { "type": "MultiLineString", "coordinates": [ [ [ -90.514805468498551, 14.646388145365226 ], [ -90.514703550104059, 14.646373585597892 ] ], [ [ -90.514809954822809, 14.646358376781077 ], [ -90.514800982172432, 14.646417913949026 ] ], [ [ -90.514708036441149, 14.646343817017796 ], [ -90.514699063765107, 14.646403354177645 ] ] ] } },
{ "type": "Feature", "properties": { "kind": "a1", "value": "7.0318733111326965", "building_uid": "916" }, "geometry": { "type": "MultiLineString", "coordinates": [ [ [ -90.514643789652609, 14.646330800704762 ], [ -90.514708249671841, 14.646340620251332 ] ], [ [ -90.51464076393286, 14.646349628352917 ], [ -90.514646815371592, 14.646311973056445 ] ], [ [ -90.514705223957193, 14.646359447901165 ], [ -90.514711275385736, 14.646321792601354 ] ] ] } },
{ "type": "Feature", "properties": { "kind": "a1", "value": "9.279815245191962", "building_uid": "918" }, "geometry": { "type": "MultiLineString", "coordinates": [ [ [ -90.514178334357098, 14.646279337170387 ], [ -90.514165741484959, 14.646362264868385 ] ], [ [ -90.514152781684047, 14.646275659011568 ], [ -90.514203887031456, 14.646283015326535 ] ], [ [ -90.514140188802955, 14.646358586706722 ], [ -90.51419129416827, 14.646365943027373 ] ] ] } },
{ "type": "Feature", "properties": { "kind": "a1", "value": "11.771276274887855", "building_uid": "919" }, "geometry": { "type": "MultiLineString", "coordinates": [ [ [ -90.513766779120417, 14.645974617427905 ], [ -90.513750371648626, 14.64607974638 ] ], [ [ -90.513734385577379, 14.645969825084462 ], [ -90.5137991726656, 14.645979409767055 ] ], [ [ -90.513717978091236, 14.646074954031937 ], [ -90.513782765208148, 14.646084538723777 ] ] ] } },
{ "type": "Feature", "properties": { "kind": "a1", "value": "7.9409828709598544", "building_uid": "1267" }, "geometry": { "type": "MultiLineString", "coordinates": [ [ [ -90.514139012252556, 14.644053181236476 ], [ -90.514128974388711, 14.644124247197936 ] ], [ [ -90.514117114784582, 14.644050249320856 ], [ -90.514160909721454, 14.644056113150135 ] ], [ [ -90.514107076914101, 14.644121315280294 ], [ -90.514150871864231, 14.644127179113612 ] ] ] } },
{ "type": "Feature", "properties": { "kind": "a1", "value": "16.86911493879887", "building_uid": "1268" }, "geometry": { "type": "MultiLineString", "coordinates": [ [ [ -90.514140682412773, 14.644053404724952 ], [ -90.514162487368779, 14.643902503740033 ] ], [ [ -90.514187179350316, 14.644059773642379 ], [ -90.514094185479408, 14.644047035798637 ] ], [ [ -90.514208984276536, 14.643908872648263 ], [ -90.5141159904652, 14.643896134822915 ] ] ] } },
{ "type": "Feature", "properties": { "kind": "a1", "value": "10.391962952327692", "building_uid": "1269" }, "geometry": { "type": "MultiLineString", "coordinates": [ [ [ -90.514467848269646, 14.64385845988321 ], [ -90.514453225042743, 14.643951249703663 ] ], [ [ -90.514439257081278, 14.643854188645484 ], [ -90.514496439459691, 14.643862731117597 ] ], [ [ -90.51442463384322, 14.643946978462319 ], [ -90.514481816243958, 14.643955520941669 ] ] ] } },
{ "type": "Feature", "properties": { "kind": "a1", "value": "8.812096288835992", "building_uid": "1271" }, "geometry": { "type": "MultiLineString", "coordinates": [ [ [ -90.513338995953859, 14.643381908825031 ], [ -90.513326027500128, 14.643460505050561 ] ], [ [ -90.513314778269873, 14.643378120914686 ], [ -90.513363213639082, 14.643385696732976 ] ], [ [ -90.513301809808183, 14.643456717137571 ], [ -90.513350245193323, 14.643464292961163 ] ] ] } },
{ "type": "Feature", "properties": { "kind": "a1", "value": "11.693546727064781", "building_uid": "1272" }, "geometry": { "type": "MultiLineString", "coordinates": [ [ [ -90.512246092922652, 14.644008897858836 ], [ -90.512353646882275, 14.64402278524962 ] ], [ [ -90.512241813810391, 14.644040312831656 ], [ -90.512250372032952, 14.643977482885669 ] ], [ [ -90.512349367784438, 14.644054200226755 ], [ -90.512357925978165, 14.643991370272133 ] ] ] } },
{ "type": "Feature", "properties": { "kind": "a1", "value": "6.659027093807937", "building_uid": "1297" }, "geometry": { "type": "MultiLineString", "coordinates": [ [ [ -90.513698591496095, 14.644553664373692 ], [ -90.513637309587992, 14.644546008551456 ] ], [ [ -90.513700950478039, 14.644535764847161 ], [ -90.513696232513553, 14.644571563900108 ] ], [ [ -90.513639668574612, 14.644528109026309 ], [ -90.513634950600732, 14.644563908076485 ] ] ] } },
{ "type": "Feature", "properties": { "kind": "a1", "value": "7.112974953407303", "building_uid": "1300" }, "geometry": { "type": "MultiLineString", "coordinates": [ [ [ -90.515330830611148, 14.644485591714382 ], [ -90.515265394226319, 14.644477239942573 ] ], [ [ -90.515333404034493, 14.644466478721395 ], [ -90.515328257187093, 14.644504704707247 ] ], [ [ -90.515267967654992, 14.644458126951164 ], [ -90.51526282079692, 14.644496352933844 ] ] ] } },
{ "type": "Feature", "properties": { "kind": "a1", "value": "7.867680075150863", "building_uid": "1302" }, "geometry": { "type": "MultiLineString", "coordinates": [ [ [ -90.515309249448535, 14.644369029779954 ], [ -90.515299136726071, 14.64443941717348 ] ], [ [ -90.515287561035223, 14.644366076003516 ], [ -90.515330937862757, 14.644371983554455 ] ], [ [ -90.515277448306293, 14.644436463395047 ], [ -90.515320825146773, 14.644442370949973 ] ] ] } },
{ "type": "Feature", "properties": { "kind": "a1", "value": "10.655615952546931", "building_uid": "1303" }, "geometry": { "type": "MultiLineString", "coordinates": [ [ [ -90.515307703689601, 14.644271631748769 ], [ -90.515296141337643, 14.644367228722158 ] ], [ [ -90.515278247481206, 14.64426825455558 ], [ -90.515337159899502, 14.644275008938358 ] ], [ [ -90.515266685117126, 14.644363851525553 ], [ -90.515325597559666, 14.644370605915174 ] ] ] } },
{ "type": "Feature", "properties": { "kind": "a1", "value": "25.87635609483223", "building_uid": "1405" }, "geometry": { "type": "MultiLineString", "coordinates": [ [ [ -90.512090579924617, 14.646386351484493 ], [ -90.512056487653311, 14.646617736345076 ] ], [ [ -90.512019282822962, 14.646376393733874 ], [ -90.512161877036291, 14.646396309214239 ] ], [ [ -90.511985190481752, 14.646607778572628 ], [ -90.512127784834874, 14.646627694096644 ] ] ] } },
{ "type": "Feature", "properties": { "kind": "a1", "value": "7.968967713063382", "building_uid": "1406" }, "geometry": { "type": "MultiLineString", "coordinates": [ [ [ -90.51195558715024, 14.646370187192318 ], [ -90.51196514132036, 14.646298803223049 ] ], [ [ -90.511977582841283, 14.646372977799047 ], [ -90.511933591460078, 14.646367396583605 ] ], [ [ -90.511987137004709, 14.646301593827781 ], [ -90.51194314563692, 14.646296012616315 ] ] ] } },
{ "type": "Feature", "properties": { "kind": "a1", "value": "12.311143683825621", "building_uid": "1408" }, "geometry": { "type": "MultiLineString", "coordinates": [ [ [ -90.512071637817044, 14.646033213720523 ], [ -90.512056120667296, 14.646143395242202 ] ], [ [ -90.512037687408935, 14.646028681426181 ], [ -90.512105588227371, 14.646037746010123 ] ], [ [ -90.51202217024327, 14.646138862943008 ], [ -90.512090071093525, 14.646147927536658 ] ] ] } },
{ "type": "Feature", "properties": { "kind": "a1", "value": "13.33196914484405", "building_uid": "1409" }, "geometry": { "type": "MultiLineString", "coordinates": [ [ [ -90.512104754406849, 14.646150285998782 ], [ -90.512086945973593, 14.646269465441609 ] ], [ [ -90.512068031435106, 14.646145084462677 ], [ -90.512141477381263, 14.646155487529342 ] ], [ [ -90.512050222983333, 14.646264263899683 ], [ -90.512123668966524, 14.646274666978005 ] ] ] } },
{ "type": "Feature", "properties": { "kind": "a1", "value": "9.657898841134376", "building_uid": "1410" }, "geometry": { "type": "MultiLineString", "coordinates": [ [ [ -90.513396053985886, 14.646645103592338 ], [ -90.513409024702113, 14.646558777892274 ] ], [ [ -90.513422653737365, 14.646648892108097 ], [ -90.513369454235814, 14.64664131507369 ] ], [ [ -90.513435624443886, 14.646562566404956 ], [ -90.513382424961748, 14.64655498937668 ] ] ] } },
{ "type": "Feature", "properties": { "kind": "a1", "value": "9.179718701423427", "building_uid": "1411" }, "geometry": { "type": "MultiLineString", "coordinates": [ [ [ -90.513396665173545, 14.646832315488675 ], [ -90.513409896112819, 14.646750397272619 ] ], [ [ -90.513421906857886, 14.646836180007615 ], [ -90.513371423490526, 14.646828450967131 ] ], [ [ -90.513435137788477, 14.646754261788706 ], [ -90.513384654438482, 14.646746532753925 ] ] ] } },
{ "type": "Feature", "properties": { "kind": "a1", "value": "8.857221254510806", "building_uid": "1412" }, "geometry": { "type": "MultiLineString", "coordinates": [ [ [ -90.513920780298861, 14.646403867496943 ], [ -90.513933787702058, 14.646324864462233 ] ], [ [ -90.513945123672215, 14.64640766673253 ], [ -90.513896436926757, 14.646400068258947 ] ], [ [ -90.513958131067355, 14.646328663695138 ], [ -90.513909444338026, 14.646321065226903 ] ] ] } },
{ "type": "Feature", "properties": { "kind": "a1", "value": "8.964207254390551", "building_uid": "1413" }, "geometry": { "type": "MultiLineString", "coordinates": [ [ [ -90.514134694859521, 14.646437251833961 ], [ -90.514121531097516, 14.646517209273238 ] ], [ [ -90.514110057400089, 14.646433406930958 ], [ -90.514159332320233, 14.646441096734474 ] ], [ [ -90.514096893629812, 14.646513364367495 ], [ -90.514146168566469, 14.646521054176501 ] ] ] } },
{ "type": "Feature", "properties": { "kind": "a1", "value": "14.913477763026158", "building_uid": "1414" }, "geometry": { "type": "MultiLineString", "coordinates": [ [ [ -90.514017843989592, 14.64663736312909 ], [ -90.514038906407094, 14.646504212215845 ] ], [ [ -90.514058872108592, 14.646643515088059 ], [ -90.513976815874074, 14.646631211163234 ] ], [ [ -90.514079934503101, 14.64651036416735 ], [ -90.513997878314555, 14.646498060257455 ] ] ] } },
{ "type": "Feature", "properties": { "kind": "a1", "value": "14.57591066546619", "building_uid": "1426" }, "geometry": { "type": "MultiLineString", "coordinates": [ [ [ -90.512864206078149, 14.644757440523936 ], [ -90.512997912850309, 14.644777207878192 ] ], [ [ -90.512858115154629, 14.644796494222645 ], [ -90.512870296998386, 14.644718386824607 ] ], [ [ -90.512991821948788, 14.644816261583991 ], [ -90.513004003748549, 14.644738154171774 ] ] ] } },
{ "type": "Feature", "properties": { "kind": "a1", "value": "14.614693883624877", "building_uid": "1428" }, "geometry": { "type": "MultiLineString", "coordinates": [ [ [ -90.513288476316205, 14.645224407629655 ], [ -90.513265940660304, 14.645354593288634 ] ], [ [ -90.513248362151259, 14.645217825325659 ], [ -90.513328590484662, 14.645230989927096 ] ], [ [ -90.513225826473601, 14.645348010977193 ], [ -90.513306054850517, 14.645361175593521 ] ] ] } },
{ "type": "Feature", "properties": { "kind": "a1", "value": "13.564886200921563", "building_uid": "1429" }, "geometry": { "type": "MultiLineString", "coordinates": [ [ [ -90.513356326952191, 14.645235825327244 ], [ -90.513377637857303, 14.64511505648586 ] ], [ [ -90.513393539511938, 14.645242049905274 ], [ -90.513319114395514, 14.645229600743576 ] ], [ [ -90.513414850398377, 14.645121281057428 ], [ -90.513340425319285, 14.645108831908669 ] ] ] } },
{ "type": "Feature", "properties": { "kind": "a1", "value": "7.375992010204572", "building_uid": "1430" }, "geometry": { "type": "MultiLineString", "coordinates": [ [ [ -90.512977968964833, 14.645225402384291 ], [ -90.51296820688097, 14.645291351932025 ] ], [ [ -90.51295764790116, 14.645222551035451 ], [ -90.51299829002933, 14.645228253731434 ] ], [ [ -90.512947885811613, 14.64528850058141 ], [ -90.512988527951137, 14.645294203280947 ] ] ] } },
{ "type": "Feature", "properties": { "kind": "a1", "value": "4.390918755283897", "building_uid": "763" }, "geometry": { "type": "MultiLineString", "coordinates": [ [ [ -90.514489304029041, 14.645208894021016 ], [ -90.51449521323471, 14.645169648142643 ] ], [ [ -90.51450139687833, 14.645210620006235 ], [ -90.514477211180022, 14.645207168035185 ] ], [ [ -90.514507306081995, 14.645171374127235 ], [ -90.514483120387709, 14.64516792215745 ] ] ] } },
{ "type": "Feature", "properties": { "kind": "a1", "value": "6.644263762774716", "building_uid": "1431" }, "geometry": { "type": "MultiLineString", "coordinates": [ [ [ -90.512801089767109, 14.645312474262008 ], [ -90.512792698826814, 14.645371936526322 ] ], [ [ -90.512782767625595, 14.645310023403246 ], [ -90.512819411909263, 14.64531492511939 ] ], [ [ -90.512774376680667, 14.64536948566615 ], [ -90.512811020973615, 14.645374387385118 ] ] ] } },
{ "type": "Feature", "properties": { "kind": "a1", "value": "7.056097209899558", "building_uid": "1542" }, "geometry": { "type": "MultiLineString", "coordinates": [ [ [ -90.515081112610346, 14.644951367657264 ], [ -90.515016198629056, 14.644943088035584 ] ], [ [ -90.515083663807644, 14.644932407291355 ], [ -90.515078561412352, 14.644970328023044 ] ], [ [ -90.515018749831611, 14.644924127671244 ], [ -90.515013647425803, 14.644962048399803 ] ] ] } },
{ "type": "Feature", "properties": { "kind": "a1", "value": "9.28691812050462", "building_uid": "1543" }, "geometry": { "type": "MultiLineString", "coordinates": [ [ [ -90.515108264690809, 14.644921844682017 ], [ -90.515096137944226, 14.64500490307209 ] ], [ [ -90.515082671907805, 14.644918302648129 ], [ -90.515133857475092, 14.644925386713215 ] ], [ [ -90.515070545152199, 14.645001361035398 ], [ -90.515121730737519, 14.645008445106088 ] ] ] } },
{ "type": "Feature", "properties": { "kind": "a1", "value": "5.97867391322228", "building_uid": "1544" }, "geometry": { "type": "MultiLineString", "coordinates": [ [ [ -90.515228760711267, 14.645240804586575 ], [ -90.515173868819232, 14.645233013906115 ] ], [ [ -90.515231161255144, 14.645224771538837 ], [ -90.515226360166864, 14.645256837634211 ] ], [ [ -90.515176269366833, 14.64521698085955 ], [ -90.515171468271106, 14.64524904695258 ] ] ] } },
{ "type": "Feature", "properties": { "kind": "a1", "value": "8.176878666872273", "building_uid": "1545" }, "geometry": { "type": "MultiLineString", "coordinates": [ [ [ -90.515047951371969, 14.645248331373386 ], [ -90.515035426920278, 14.645321183730713 ] ], [ [ -90.515025503340127, 14.645244673181535 ], [ -90.515070399404919, 14.645251989563185 ] ], [ [ -90.5150129788816, 14.645317525536537 ], [ -90.51505787496005, 14.645324841922834 ] ] ] } },
{ "type": "Feature", "properties": { "kind": "a1", "value": "10.486064492365415", "building_uid": "1546" }, "geometry": { "type": "MultiLineString", "coordinates": [ [ [ -90.515082621706696, 14.645525342048838 ], [ -90.515094887946944, 14.645431372049478 ] ], [ [ -90.515111576765307, 14.64552892481816 ], [ -90.515053666649607, 14.645521759276047 ] ], [ [ -90.515123842993916, 14.645434954815395 ], [ -90.515065932901507, 14.645427789280106 ] ] ] } },
{ "type": "Feature", "properties": { "kind": "a1", "value": "11.762318662805576", "building_uid": "1549" }, "geometry": { "type": "MultiLineString", "coordinates": [ [ [ -90.514165176987035, 14.645374416210908 ], [ -90.514152492565827, 14.645479950897686 ] ], [ [ -90.514132658514498, 14.645370711296703 ], [ -90.514197695461419, 14.645378121120721 ] ], [ [ -90.514119974078511, 14.645476245979326 ], [ -90.514185011054991, 14.645483655811665 ] ] ] } },
{ "type": "Feature", "properties": { "kind": "a1", "value": "5.955677815144229", "building_uid": "1551" }, "geometry": { "type": "MultiLineString", "coordinates": [ [ [ -90.513920706085173, 14.645858421010313 ], [ -90.513866103288478, 14.645850155699195 ] ], [ [ -90.513923252884496, 14.64584247244818 ], [ -90.513918159285282, 14.645874369572343 ] ], [ [ -90.513868650091453, 14.645834207138256 ], [ -90.513863556484921, 14.645866104260033 ] ] ] } },
{ "type": "Feature", "properties": { "kind": "a1", "value": "8.035042442466652", "building_uid": "1552" }, "geometry": { "type": "MultiLineString", "coordinates": [ [ [ -90.512809250412047, 14.645675026153061 ], [ -90.512735320178535, 14.645665673421624 ] ], [ [ -90.512812132275457, 14.645653432351869 ], [ -90.512806368547729, 14.645696619954087 ] ], [ [ -90.512738202048752, 14.645644079622452 ], [ -90.512732438307381, 14.64568726722063 ] ] ] } },
{ "type": "Feature", "properties": { "kind": "a1", "value": "5.91027273467935", "building_uid": "1553" }, "geometry": { "type": "MultiLineString", "coordinates": [ [ [ -90.512836882383837, 14.645563935446152 ], [ -90.51278252004856, 14.645556922984023 ] ], [ [ -90.5128390431382, 14.645548057097272 ], [ -90.512834721628977, 14.645579813794946 ] ], [ [ -90.512784680806604, 14.645541044636243 ], [ -90.512780359290019, 14.645572801331708 ] ] ] } },
{ "type": "Feature", "properties": { "kind": "a1", "value": "13.891687122891366", "building_uid": "1554" }, "geometry": { "type": "MultiLineString", "coordinates": [ [ [ -90.512893126470686, 14.645511474664158 ], [ -90.512910740320009, 14.645387161617057 ] ], [ [ -90.512931431157, 14.645516619383942 ], [ -90.512854821787215, 14.645506329938341 ] ], [ [ -90.512949044986058, 14.645392306330649 ], [ -90.51287243565676, 14.645382016897427 ] ] ] } },
{ "type": "Feature", "properties": { "kind": "a1", "value": "17.883537777039177", "building_uid": "1556" }, "geometry": { "type": "MultiLineString", "coordinates": [ [ [ -90.512904367839283, 14.644942174709575 ], [ -90.512878984027282, 14.645101823796852 ] ], [ [ -90.512855175159359, 14.64493476049558 ], [ -90.512953560524195, 14.644949588913665 ] ], [ [ -90.51282979131436, 14.645094409572105 ], [ -90.512928176745206, 14.645109238011703 ] ] ] } },
{ "type": "Feature", "properties": { "kind": "a1", "value": "16.393583195608795", "building_uid": "1557" }, "geometry": { "type": "MultiLineString", "coordinates": [ [ [ -90.513018447187918, 14.644670347506501 ], [ -90.513168166407169, 14.644696470155479 ] ], [ [ -90.51301039800866, 14.644714078211557 ], [ -90.513026496362585, 14.644626616800515 ] ], [ [ -90.513160117254955, 14.644740200870155 ], [ -90.513176215554793, 14.644652739439877 ] ] ] } },
{ "type": "Feature", "properties": { "kind": "a1", "value": "9.265598680024032", "building_uid": "1558" }, "geometry": { "type": "MultiLineString", "coordinates": [ [ [ -90.513251567008737, 14.644654421289621 ], [ -90.513336561591572, 14.644666986792094 ] ], [ [ -90.513247695199794, 14.644679246917597 ], [ -90.513255438816358, 14.644629595661398 ] ], [ [ -90.513332689791525, 14.644691812422934 ], [ -90.513340433390297, 14.644642161161 ] ] ] } },
{ "type": "Feature", "properties": { "kind": "a1", "value": "8.891586297164084", "building_uid": "1559" }, "geometry": { "type": "MultiLineString", "coordinates": [ [ [ -90.513214151045091, 14.644899020708381 ], [ -90.513132751607614, 14.644885951972539 ] ], [ [ -90.513218177909692, 14.644875245190271 ], [ -90.513210124179224, 14.644922796226231 ] ], [ [ -90.513136778480273, 14.644862176457158 ], [ -90.513128724733662, 14.644909727487656 ] ] ] } },
{ "type": "Feature", "properties": { "kind": "a1", "value": "11.884072351245813", "building_uid": "2593" }, "geometry": { "type": "MultiLineString", "coordinates": [ [ [ -90.515407555143867, 14.643915750748111 ], [ -90.51529822697421, 14.643901796725533 ] ], [ [ -90.51541185476853, 14.643883817533375 ], [ -90.515403255517199, 14.643947683962503 ] ], [ [ -90.515302526613766, 14.643869863515226 ], [ -90.515293927332635, 14.64393372993548 ] ] ] } },
{ "type": "Feature", "properties": { "kind": "a1", "value": "7.706483168184798", "building_uid": "2594" }, "geometry": { "type": "MultiLineString", "coordinates": [ [ [ -90.515316425387581, 14.644057074999569 ], [ -90.515387378034333, 14.644065694662338 ] ], [ [ -90.515313769417745, 14.644077799248747 ], [ -90.515319081356623, 14.64403635075025 ] ], [ [ -90.515384722070763, 14.644086418913339 ], [ -90.515390033997065, 14.644044970411183 ] ] ] } },
{ "type": "Feature", "properties": { "kind": "a1", "value": "8.375887323880642", "building_uid": "2595" }, "geometry": { "type": "MultiLineString", "coordinates": [ [ [ -90.51502754497993, 14.64416378696302 ], [ -90.51501741303359, 14.644238804721441 ] ], [ [ -90.515004429837759, 14.644160827568765 ], [ -90.515050660123066, 14.644166746355062 ] ], [ [ -90.514994297884016, 14.644235845324985 ], [ -90.51504052818413, 14.644241764115696 ] ] ] } },
{ "type": "Feature", "properties": { "kind": "a1", "value": "5.432959783724023", "building_uid": "2596" }, "geometry": { "type": "MultiLineString", "coordinates": [ [ [ -90.515278742169627, 14.644676514475421 ], [ -90.515286584849548, 14.644628033465791 ] ], [ [ -90.515293680607158, 14.644678805203501 ], [ -90.515263803732537, 14.644674223746431 ] ], [ [ -90.515301523284037, 14.644630324192873 ], [ -90.515271646415513, 14.644625742737793 ] ] ] } },
{ "type": "Feature", "properties": { "kind": "a1", "value": "11.283380393946652", "building_uid": "2597" }, "geometry": { "type": "MultiLineString", "coordinates": [ [ [ -90.514169373295374, 14.644314848176846 ], [ -90.514272995626655, 14.644329370260088 ] ], [ [ -90.514164898610389, 14.644345114734472 ], [ -90.514173847978441, 14.644284581618873 ] ], [ [ -90.514268520954957, 14.64435963682187 ], [ -90.514277470296449, 14.644299103697969 ] ] ] } },
{ "type": "Feature", "properties": { "kind": "a1", "value": "12.464158665111613", "building_uid": "2598" }, "geometry": { "type": "MultiLineString", "coordinates": [ [ [ -90.51421727794947, 14.644637622636571 ], [ -90.514331119540358, 14.644657435371373 ] ], [ [ -90.514211173049702, 14.644670874038955 ], [ -90.514223382846566, 14.644604371233653 ] ], [ [ -90.514325014656251, 14.644690686779313 ], [ -90.514337224421809, 14.644624183962902 ] ] ] } },
{ "type": "Feature", "properties": { "kind": "a1", "value": "15.783665083159105", "building_uid": "2599" }, "geometry": { "type": "MultiLineString", "coordinates": [ [ [ -90.514313340977608, 14.644305025081119 ], [ -90.514293965123528, 14.64444635324161 ] ], [ [ -90.514269793653668, 14.644299365680375 ], [ -90.514356888305102, 14.644310684474053 ] ], [ [ -90.514250417773368, 14.644440693832987 ], [ -90.514337512477269, 14.644452012642425 ] ] ] } },
{ "type": "Feature", "properties": { "kind": "a1", "value": "6.926410528231722", "building_uid": "2689" }, "geometry": { "type": "MultiLineString", "coordinates": [ [ [ -90.514541254833304, 14.64832541473484 ], [ -90.514550016842932, 14.648263429316852 ] ], [ [ -90.514560354701658, 14.648327973942129 ], [ -90.514522154965661, 14.648322855526054 ] ], [ [ -90.514569116706241, 14.648265988522605 ], [ -90.51453091698032, 14.648260870109603 ] ] ] } },
{ "type": "Feature", "properties": { "kind": "a1", "value": "8.111515659580098", "building_uid": "2690" }, "geometry": { "type": "MultiLineString", "coordinates": [ [ [ -90.514535522718958, 14.648261120433757 ], [ -90.514547624867589, 14.648188798644012 ] ], [ [ -90.514557807577219, 14.648264655229882 ], [ -90.514513237861763, 14.648257585635593 ] ], [ [ -90.514569909719114, 14.648192333437892 ], [ -90.514525340017144, 14.64818526384812 ] ] ] } },
{ "type": "Feature", "properties": { "kind": "a1", "value": "12.31784679075342", "building_uid": "2691" }, "geometry": { "type": "MultiLineString", "coordinates": [ [ [ -90.514741800186343, 14.648352298321544 ], [ -90.514726218105949, 14.648462532496357 ] ], [ [ -90.5147078331903, 14.648347747110828 ], [ -90.514775767184574, 14.648356849527516 ] ], [ [ -90.514692251093976, 14.648457981280776 ], [ -90.51476018512011, 14.648467083707185 ] ] ] } },
{ "type": "Feature", "properties": { "kind": "a1", "value": "7.81354965766615", "building_uid": "2693" }, "geometry": { "type": "MultiLineString", "coordinates": [ [ [ -90.514635870654672, 14.648207602516164 ], [ -90.514652547598445, 14.648138911746395 ] ], [ [ -90.514657036664133, 14.648212473520022 ], [ -90.514614704646434, 14.648202731510523 ] ], [ [ -90.514673713602178, 14.648143782747786 ], [ -90.514631381595947, 14.648134040743232 ] ] ] } },
{ "type": "Feature", "properties": { "kind": "a1", "value": "10.599823613198602", "building_uid": "2694" }, "geometry": { "type": "MultiLineString", "coordinates": [ [ [ -90.514801912175798, 14.648011283010296 ], [ -90.514780834968263, 14.648104811722751 ] ], [ [ -90.514773092760962, 14.648005126774539 ], [ -90.514830731592795, 14.648017439242732 ] ], [ [ -90.514752015542655, 14.648098655482588 ], [ -90.514809654396046, 14.648110967959582 ] ] ] } },
{ "type": "Feature", "properties": { "kind": "a1", "value": "12.042982638054687", "building_uid": "2695" }, "geometry": { "type": "MultiLineString", "coordinates": [ [ [ -90.514803874401395, 14.647911803128654 ], [ -90.51482088986846, 14.647804281641996 ] ], [ [ -90.514837005456954, 14.647916773015504 ], [ -90.514770743348109, 14.647906833237311 ] ], [ [ -90.514854020909013, 14.647809251523983 ], [ -90.514787758830153, 14.647799311755515 ] ] ] } },
{ "type": "Feature", "properties": { "kind": "a1", "value": "13.250879675495046", "building_uid": "2696" }, "geometry": { "type": "MultiLineString", "coordinates": [ [ [ -90.514534381410968, 14.647764945236272 ], [ -90.514555004696561, 14.64764693954675 ] ], [ [ -90.514570742984148, 14.647770968901106 ], [ -90.514498019840687, 14.647758921566053 ] ], [ [ -90.514591366251892, 14.647652963205442 ], [ -90.514518643144129, 14.647640915882677 ] ] ] } },
{ "type": "Feature", "properties": { "kind": "a1", "value": "10.862428642613324", "building_uid": "2697" }, "geometry": { "type": "MultiLineString", "coordinates": [ [ [ -90.514811286130609, 14.647912922701043 ], [ -90.514795845194797, 14.648009889966522 ] ], [ [ -90.514781407192899, 14.647908412706615 ], [ -90.514841165070166, 14.647917432691816 ] ], [ [ -90.514765966244894, 14.648005379968124 ], [ -90.514825724146547, 14.648014399961268 ] ] ] } },
{ "type": "Feature", "properties": { "kind": "a1", "value": "8.101225404587495", "building_uid": "2698" }, "geometry": { "type": "MultiLineString", "coordinates": [ [ [ -90.514829191296258, 14.647405159807395 ], [ -90.514755037722139, 14.647393186143161 ] ], [ [ -90.514832880779963, 14.647383500944894 ], [ -90.514825501811487, 14.647426818669681 ] ], [ [ -90.514758727212552, 14.647371527282932 ], [ -90.514751348230661, 14.647414845003173 ] ] ] } },
{ "type": "Feature", "properties": { "kind": "a1", "value": "6.327458273013518", "building_uid": "2699" }, "geometry": { "type": "MultiLineString", "coordinates": [ [ [ -90.514793876058633, 14.647174334004621 ], [ -90.514736030622061, 14.647164568052284 ] ], [ [ -90.514796885270584, 14.647157438424244 ], [ -90.514790866846027, 14.647191229584861 ] ], [ [ -90.514739039838076, 14.64714767247332 ], [ -90.514733021405405, 14.64718146363111 ] ] ] } },
{ "type": "Feature", "properties": { "kind": "a1", "value": "9.728593200561797", "building_uid": "2700" }, "geometry": { "type": "MultiLineString", "coordinates": [ [ [ -90.514919764254898, 14.647179898471789 ], [ -90.514904891497821, 14.647266580546887 ] ], [ [ -90.514893054627223, 14.647175554416451 ], [ -90.514946473884123, 14.647184242524224 ] ], [ [ -90.514878181860496, 14.647262236488265 ], [ -90.514931601136695, 14.64727092460261 ] ] ] } },
{ "type": "Feature", "properties": { "kind": "a1", "value": "10.487727823801453", "building_uid": "2701" }, "geometry": { "type": "MultiLineString", "coordinates": [ [ [ -90.514858320549251, 14.647355596563274 ], [ -90.514871614685816, 14.647261744019707 ] ], [ [ -90.514887239660581, 14.647359479531644 ], [ -90.514829401439542, 14.647351713591465 ] ], [ [ -90.514900533785593, 14.647265626984552 ], [ -90.51484269558766, 14.647257861051427 ] ] ] } },
{ "type": "Feature", "properties": { "kind": "a1", "value": "7.044015197051624", "building_uid": "2702" }, "geometry": { "type": "MultiLineString", "coordinates": [ [ [ -90.514698804568965, 14.647509381829462 ], [ -90.514707927992987, 14.647446372782982 ] ], [ [ -90.514718219779766, 14.647512046608702 ], [ -90.514679389358903, 14.647506717048667 ] ], [ [ -90.514727343198587, 14.647449037560618 ], [ -90.514688512788112, 14.64744370800379 ] ] ] } },
{ "type": "Feature", "properties": { "kind": "a1", "value": "6.197110526586991", "building_uid": "2703" }, "geometry": { "type": "MultiLineString", "coordinates": [ [ [ -90.514926978204159, 14.647450020173318 ], [ -90.514870060142272, 14.647442080145714 ] ], [ [ -90.514929424791248, 14.647433395483226 ], [ -90.514924531616501, 14.647466644863311 ] ], [ [ -90.514872506733354, 14.647425455456865 ], [ -90.514867613550607, 14.647458704834449 ] ] ] } },
{ "type": "Feature", "properties": { "kind": "a1", "value": "9.889993059251612", "building_uid": "2704" }, "geometry": { "type": "MultiLineString", "coordinates": [ [ [ -90.514625282896716, 14.647172366593754 ], [ -90.51471486800537, 14.647191716914113 ] ], [ [ -90.514619320414269, 14.647198532739477 ], [ -90.514631245377245, 14.647146200447599 ] ], [ [ -90.514708905532288, 14.647217883063682 ], [ -90.514720830476534, 14.647165550764111 ] ] ] } },
{ "type": "Feature", "properties": { "kind": "a1", "value": "13.663172506836483", "building_uid": "2705" }, "geometry": { "type": "MultiLineString", "coordinates": [ [ [ -90.51448753515578, 14.64720695049488 ], [ -90.514612903194006, 14.64722527112111 ] ], [ [ -90.514481889949963, 14.647243568163342 ], [ -90.514493180358741, 14.647170332825885 ] ], [ [ -90.514607258007544, 14.647261888795766 ], [ -90.514618548377598, 14.647188653445919 ] ] ] } },
{ "type": "Feature", "properties": { "kind": "a1", "value": "8.11726155733825", "building_uid": "2706" }, "geometry": { "type": "MultiLineString", "coordinates": [ [ [ -90.514349484602164, 14.64710903029691 ], [ -90.514423770368083, 14.647121112331677 ] ], [ [ -90.514345761722964, 14.647130727796117 ], [ -90.514353207480283, 14.647087332797488 ] ], [ [ -90.514420047495591, 14.647142809833172 ], [ -90.514427493239481, 14.647099414829967 ] ] ] } },
{ "type": "Feature", "properties": { "kind": "a1", "value": "8.403924686097143", "building_uid": "2708" }, "geometry": { "type": "MultiLineString", "coordinates": [ [ [ -90.514485740224202, 14.647218346678244 ], [ -90.514408696647365, 14.64720664789907 ] ], [ [ -90.514489345003184, 14.647195843680965 ], [ -90.514482135444112, 14.647240849675308 ] ], [ [ -90.514412301433637, 14.647184144904172 ], [ -90.514405091859985, 14.647229150893754 ] ] ] } },
{ "type": "Feature", "properties": { "kind": "a1", "value": "11.712023103474111", "building_uid": "2711" }, "geometry": { "type": "MultiLineString", "coordinates": [ [ [ -90.514853010620072, 14.647589499157149 ], [ -90.514836563732686, 14.64769408088986 ] ], [ [ -90.514820785452216, 14.64758469533691 ], [ -90.514885235790047, 14.647594302973136 ] ], [ [ -90.514804338550633, 14.647689277065032 ], [ -90.514868788916857, 14.647698884710433 ] ] ] } },
{ "type": "Feature", "properties": { "kind": "a1", "value": "6.491450291344045", "building_uid": "2712" }, "geometry": { "type": "MultiLineString", "coordinates": [ [ [ -90.514899603554809, 14.647536947056469 ], [ -90.514891196397798, 14.647595013472225 ] ], [ [ -90.514881711333075, 14.64753449148629 ], [ -90.514917495777155, 14.647539402625329 ] ], [ [ -90.514873304171658, 14.647592557900689 ], [ -90.514909088624549, 14.647597469042456 ] ] ] } },
{ "type": "Feature", "properties": { "kind": "a1", "value": "9.109395264958586", "building_uid": "701" }, "geometry": { "type": "MultiLineString", "coordinates": [ [ [ -90.512202804651977, 14.645913419359756 ], [ -90.512190835289374, 14.645994879553959 ] ], [ [ -90.512177704206138, 14.645909923311272 ], [ -90.512227905099053, 14.645916915405648 ] ], [ [ -90.51216573483488, 14.645991383502777 ], [ -90.512215935745118, 14.645998375602549 ] ] ] } },
{ "type": "Feature", "properties": { "kind": "a1", "value": "9.921197044334052", "building_uid": "2720" }, "geometry": { "type": "MultiLineString", "coordinates": [ [ [ -90.51432868163468, 14.648361360650881 ], [ -90.514419812281389, 14.648374018049083 ] ], [ [ -90.514324781442411, 14.648387978074219 ], [ -90.514332581825514, 14.648334743227274 ] ], [ [ -90.514415912099381, 14.648400635475621 ], [ -90.51442371246192, 14.648347400622274 ] ] ] } },
{ "type": "Feature", "properties": { "kind": "a1", "value": "8.789113449586608", "building_uid": "2728" }, "geometry": { "type": "MultiLineString", "coordinates": [ [ [ -90.515028873245711, 14.646389123045472 ], [ -90.515017222209437, 14.64646770495958 ] ], [ [ -90.515004659635224, 14.646385719982186 ], [ -90.515053086857364, 14.646392526106352 ] ], [ [ -90.514993008590892, 14.646464301893774 ], [ -90.515041435829133, 14.646471108022979 ] ] ] } },
{ "type": "Feature", "properties": { "kind": "a1", "value": "5.755222117439448", "building_uid": "2729" }, "geometry": { "type": "MultiLineString", "coordinates": [ [ [ -90.515012399064403, 14.646561121034571 ], [ -90.515004396777115, 14.646612523722283 ] ], [ [ -90.51499656023347, 14.646558783708556 ], [ -90.515028237895834, 14.646563458359546 ] ], [ [ -90.514988557942772, 14.646610186395163 ], [ -90.515020235611985, 14.646614861048366 ] ] ] } },
{ "type": "Feature", "properties": { "kind": "a1", "value": "20.319942243390894", "building_uid": "2730" }, "geometry": { "type": "MultiLineString", "coordinates": [ [ [ -90.514601953726171, 14.646961238978054 ], [ -90.514788048284373, 14.646990685955586 ] ], [ [ -90.514592880117902, 14.647015593789272 ], [ -90.514611027327803, 14.646906884165551 ] ], [ [ -90.514778974718411, 14.647045040780979 ], [ -90.514797121843714, 14.646936331128913 ] ] ] } },
{ "type": "Feature", "properties": { "kind": "a1", "value": "8.270419368791162", "building_uid": "2731" }, "geometry": { "type": "MultiLineString", "coordinates": [ [ [ -90.515033802304117, 14.646652168993084 ], [ -90.51495774618185, 14.646642245213931 ] ], [ [ -90.51503686013865, 14.646629954355049 ], [ -90.515030744468618, 14.646674383630938 ] ], [ [ -90.514960804023573, 14.646620030578061 ], [ -90.514954688339145, 14.646664459849623 ] ] ] } },
{ "type": "Feature", "properties": { "kind": "a1", "value": "9.738655585829445", "building_uid": "2734" }, "geometry": { "type": "MultiLineString", "coordinates": [ [ [ -90.514376858703017, 14.646892813366668 ], [ -90.514364654730883, 14.646979981358795 ] ], [ [ -90.514349999383796, 14.646889248808851 ], [ -90.51440371802363, 14.646896377921514 ] ], [ [ -90.514337795401687, 14.646976416797955 ], [ -90.514391514061458, 14.646983545916667 ] ] ] } },
{ "type": "Feature", "properties": { "kind": "a1", "value": "9.34595851766903", "building_uid": "2736" }, "geometry": { "type": "MultiLineString", "coordinates": [ [ [ -90.51456185420011, 14.646967020191839 ], [ -90.514476130966472, 14.646954285122 ] ], [ [ -90.514565778289167, 14.646941981998816 ], [ -90.514557930109703, 14.646992058384612 ] ], [ [ -90.514480055064567, 14.646929246931901 ], [ -90.514472206867026, 14.646979323311847 ] ] ] } },
{ "type": "Feature", "properties": { "kind": "a1", "value": "9.156334808637418", "building_uid": "2738" }, "geometry": { "type": "MultiLineString", "coordinates": [ [ [ -90.514492615607693, 14.646849737148839 ], [ -90.514408644586197, 14.646837178482437 ] ], [ [ -90.514496485339151, 14.646825210731777 ], [ -90.514488745874928, 14.646874263565653 ] ], [ [ -90.514412514326338, 14.646812652068183 ], [ -90.514404774844763, 14.646861704896443 ] ] ] } },
{ "type": "Feature", "properties": { "kind": "a1", "value": "9.17914426770423", "building_uid": "2741" }, "geometry": { "type": "MultiLineString", "coordinates": [ [ [ -90.5137926491998, 14.64616932679791 ], [ -90.513876873864504, 14.646181629743939 ] ], [ [ -90.513788858265841, 14.646193927372408 ], [ -90.513796440132467, 14.646144726223158 ] ], [ [ -90.513873082939298, 14.646206230321237 ], [ -90.513880664788431, 14.646157029166398 ] ] ] } },
{ "type": "Feature", "properties": { "kind": "a1", "value": "7.525231585618316", "building_uid": "2742" }, "geometry": { "type": "MultiLineString", "coordinates": [ [ [ -90.513466384727764, 14.646299865691297 ], [ -90.513397310957558, 14.646289941918864 ] ], [ [ -90.513469442555959, 14.646279690441103 ], [ -90.513463326898702, 14.646320040941335 ] ], [ [ -90.513400368791636, 14.646269766670541 ], [ -90.513394253122598, 14.646310117167037 ] ] ] } },
{ "type": "Feature", "properties": { "kind": "a1", "value": "9.0855729496621", "building_uid": "2745" }, "geometry": { "type": "MultiLineString", "coordinates": [ [ [ -90.513616764390065, 14.646719412009812 ], [ -90.513533328886083, 14.646707692532585 ] ], [ [ -90.513620375537755, 14.646695041993175 ], [ -90.513613153241124, 14.646743782026231 ] ], [ [ -90.5135369400424, 14.646683322518632 ], [ -90.513529717728559, 14.646732062546301 ] ] ] } },
{ "type": "Feature", "properties": { "kind": "a1", "value": "11.410829174981554", "building_uid": "2746" }, "geometry": { "type": "MultiLineString", "coordinates": [ [ [ -90.513471686648941, 14.64675892133984 ], [ -90.513486545718806, 14.646656862003876 ] ], [ [ -90.51350313446116, 14.646763261408006 ], [ -90.513440238838641, 14.646754581267611 ] ], [ [ -90.513517993517411, 14.646661202067817 ], [ -90.513455097922133, 14.646652521935875 ] ] ] } },
{ "type": "Feature", "properties": { "kind": "a1", "value": "6.819693690794293", "building_uid": "2747" }, "geometry": { "type": "MultiLineString", "coordinates": [ [ [ -90.513900537507595, 14.648166234823874 ], [ -90.513890656195443, 14.648227084639217 ] ], [ [ -90.513881787572046, 14.648163348689559 ], [ -90.513919287443869, 14.648169120956759 ] ], [ [ -90.513871906255119, 14.648224198503321 ], [ -90.513909406136506, 14.648229970773679 ] ] ] } },
{ "type": "Feature", "properties": { "kind": "a1", "value": "7.395104561105979", "building_uid": "2748" }, "geometry": { "type": "MultiLineString", "coordinates": [ [ [ -90.513799701762096, 14.64815070225022 ], [ -90.51381041508391, 14.648084717977786 ] ], [ [ -90.513820033800513, 14.648153831399284 ], [ -90.513779369724531, 14.648147573099475 ] ], [ [ -90.513830747116714, 14.648087847124984 ], [ -90.513790083051987, 14.648081588828886 ] ] ] } },
{ "type": "Feature", "properties": { "kind": "a1", "value": "12.721685884017479", "building_uid": "2749" }, "geometry": { "type": "MultiLineString", "coordinates": [ [ [ -90.513815005234321, 14.648330326089592 ], [ -90.513833405348763, 14.64821680975704 ] ], [ [ -90.513849983575, 14.648335700394735 ], [ -90.513780026896171, 14.648324951779449 ] ], [ [ -90.513868383672801, 14.648222184056692 ], [ -90.513798427027297, 14.648211435452383 ] ] ] } },
{ "type": "Feature", "properties": { "kind": "a1", "value": "8.65348038616643", "building_uid": "2750" }, "geometry": { "type": "MultiLineString", "coordinates": [ [ [ -90.513682984169392, 14.648270092797921 ], [ -90.513762313313734, 14.648282155150461 ] ], [ [ -90.513679267334467, 14.648293263250453 ], [ -90.513686701003152, 14.648246922345171 ] ], [ [ -90.513758596486525, 14.64830532560552 ], [ -90.513766030139777, 14.648258984695174 ] ] ] } },
{ "type": "Feature", "properties": { "kind": "a1", "value": "11.370901074159658", "building_uid": "2751" }, "geometry": { "type": "MultiLineString", "coordinates": [ [ [ -90.513885643757121, 14.648097748106675 ], [ -90.513904164013084, 14.647996624199836 ] ], [ [ -90.51391680352576, 14.648103157508501 ], [ -90.51385448399067, 14.648092338700911 ] ], [ [ -90.513935323768706, 14.648002033597043 ], [ -90.513873004259679, 14.64799121479869 ] ] ] } },
{ "type": "Feature", "properties": { "kind": "a1", "value": "11.85335251455738", "building_uid": "2752" }, "geometry": { "type": "MultiLineString", "coordinates": [ [ [ -90.513943474682321, 14.647894017280715 ], [ -90.513926984208908, 14.647999883913581 ] ], [ [ -90.513910853547387, 14.647889200736612 ], [ -90.513976095819388, 14.647898833820451 ] ], [ [ -90.513894363059435, 14.647995067364796 ], [ -90.51395960536054, 14.648004700458001 ] ] ] } },
{ "type": "Feature", "properties": { "kind": "a1", "value": "10.461849965597382", "building_uid": "2753" }, "geometry": { "type": "MultiLineString", "coordinates": [ [ [ -90.513871746269189, 14.647787618629884 ], [ -90.513857951146605, 14.647881166387599 ] ], [ [ -90.51384292101568, 14.647783589342779 ], [ -90.513900571524317, 14.647791647913571 ] ], [ [ -90.513829125881685, 14.647877137096925 ], [ -90.513886776413173, 14.647885195674853 ] ] ] } },
{ "type": "Feature", "properties": { "kind": "a1", "value": "6.561823475362652", "building_uid": "2755" }, "geometry": { "type": "MultiLineString", "coordinates": [ [ [ -90.514003904894452, 14.647668027772045 ], [ -90.513943608280854, 14.647659818432611 ] ], [ [ -90.514006434467831, 14.64765041628854 ], [ -90.514001375320447, 14.647685639255432 ] ], [ [ -90.513946137858738, 14.647642206950493 ], [ -90.513941078702331, 14.64767742991461 ] ] ] } },
{ "type": "Feature", "properties": { "kind": "a1", "value": "8.161548700495153", "building_uid": "2757" }, "geometry": { "type": "MultiLineString", "coordinates": [ [ [ -90.514007489133064, 14.647376775891345 ], [ -90.513996049610384, 14.647449657059136 ] ], [ [ -90.513985032003077, 14.647373434622695 ], [ -90.514029946264088, 14.647380117157928 ] ], [ [ -90.513973592473505, 14.647446315788253 ], [ -90.5140185067483, 14.647452998327939 ] ] ] } },
{ "type": "Feature", "properties": { "kind": "a1", "value": "8.943450371382395", "building_uid": "2758" }, "geometry": { "type": "MultiLineString", "coordinates": [ [ [ -90.513977376732186, 14.647529689081477 ], [ -90.513965111003031, 14.647609592180352 ] ], [ [ -90.513952755892561, 14.647526106496096 ], [ -90.514001997573033, 14.64753327166437 ] ], [ [ -90.513940490155107, 14.647606009592321 ], [ -90.513989731852192, 14.647613174765898 ] ] ] } },
{ "type": "Feature", "properties": { "kind": "a1", "value": "9.626710322800754", "building_uid": "2759" }, "geometry": { "type": "MultiLineString", "coordinates": [ [ [ -90.513742271460146, 14.647495464023423 ], [ -90.513755474654786, 14.64740945657446 ] ], [ [ -90.513768773252224, 14.647499320426856 ], [ -90.513715769669489, 14.647491607617122 ] ], [ [ -90.513781976437244, 14.64741331297482 ], [ -90.51372897287375, 14.647405600171226 ] ] ] } },
{ "type": "Feature", "properties": { "kind": "a1", "value": "4.923222901379282", "building_uid": "2761" }, "geometry": { "type": "MultiLineString", "coordinates": [ [ [ -90.513884165176876, 14.647150796094234 ], [ -90.513877838865241, 14.647194841397837 ] ], [ [ -90.513870593357026, 14.64714894829593 ], [ -90.513897736997066, 14.647152643891776 ] ], [ [ -90.513864267042862, 14.647192993598757 ], [ -90.513891410687989, 14.647196689196168 ] ] ] } },
{ "type": "Feature", "properties": { "kind": "a1", "value": "8.91362369414653", "building_uid": "2762" }, "geometry": { "type": "MultiLineString", "coordinates": [ [ [ -90.514012586734566, 14.647294238320688 ], [ -90.514023898239415, 14.647214473868427 ] ], [ [ -90.51403716482622, 14.647297542200279 ], [ -90.513988008644091, 14.647290934438608 ] ], [ [ -90.514048476322728, 14.647217777745473 ], [ -90.513999320157268, 14.647211169988896 ] ] ] } },
{ "type": "Feature", "properties": { "kind": "a1", "value": "8.915979644485013", "building_uid": "2763" }, "geometry": { "type": "MultiLineString", "coordinates": [ [ [ -90.51388857072196, 14.647277578100679 ], [ -90.513877256919244, 14.647357363720587 ] ], [ [ -90.513863986110195, 14.647274273550952 ], [ -90.51391315533489, 14.647280882647927 ] ], [ [ -90.513852672299137, 14.647354059168304 ], [ -90.513901841540516, 14.647360668270382 ] ] ] } },
{ "type": "Feature", "properties": { "kind": "a1", "value": "6.718062604312798", "building_uid": "764" }, "geometry": { "type": "MultiLineString", "coordinates": [ [ [ -90.514486821778306, 14.645270194974215 ], [ -90.514494697224634, 14.645209993729752 ] ], [ [ -90.514505371618824, 14.645272495266573 ], [ -90.514468271938412, 14.645267894680439 ] ], [ [ -90.514513247060378, 14.645212294020707 ], [ -90.51447614738953, 14.645207693437378 ] ] ] } },
{ "type": "Feature", "properties": { "kind": "a1", "value": "12.347043385246675", "building_uid": "2764" }, "geometry": { "type": "MultiLineString", "coordinates": [ [ [ -90.513965301015816, 14.647162337083687 ], [ -90.513981862784362, 14.647051971896175 ] ], [ [ -90.513999308195352, 14.647167174470757 ], [ -90.513931293838567, 14.647157499691877 ] ], [ [ -90.514015869948025, 14.647056809278242 ], [ -90.513947855622988, 14.647047134509364 ] ] ] } },
{ "type": "Feature", "properties": { "kind": "a1", "value": "5.948317797167899", "building_uid": "2765" }, "geometry": { "type": "MultiLineString", "coordinates": [ [ [ -90.513929956534128, 14.647044181059318 ], [ -90.513875342746232, 14.647036431328301 ] ], [ [ -90.513932344480153, 14.647028229374239 ], [ -90.513927568587576, 14.647060132744306 ] ], [ [ -90.513877730695938, 14.647020479644384 ], [ -90.513872954796, 14.647052383012126 ] ] ] } },
{ "type": "Feature", "properties": { "kind": "a1", "value": "10.106791518308135", "building_uid": "2767" }, "geometry": { "type": "MultiLineString", "coordinates": [ [ [ -90.513768193586287, 14.647137030299749 ], [ -90.513860986827567, 14.64715020539953 ] ], [ [ -90.51376413389481, 14.64716413348661 ], [ -90.51377225327623, 14.647109927112604 ] ], [ [ -90.513856927146719, 14.64717730858974 ], [ -90.513865046506865, 14.647123102209029 ] ] ] } },
{ "type": "Feature", "properties": { "kind": "a1", "value": "8.748508713731075", "building_uid": "2768" }, "geometry": { "type": "MultiLineString", "coordinates": [ [ [ -90.51368888531637, 14.647118877320644 ], [ -90.513769033541081, 14.647131389908552 ] ], [ [ -90.513685029768666, 14.647142287134546 ], [ -90.513692740862879, 14.647095467506505 ] ], [ [ -90.513765178001236, 14.647154799725069 ], [ -90.513772889079718, 14.647107980091798 ] ] ] } },
{ "type": "Feature", "properties": { "kind": "a1", "value": "10.292068645894926", "building_uid": "2769" }, "geometry": { "type": "MultiLineString", "coordinates": [ [ [ -90.513611036164022, 14.647003332584136 ], [ -90.513705443075139, 14.64701731991685 ] ], [ [ -90.513606726199072, 14.647030907110961 ], [ -90.513615346127352, 14.646975758056993 ] ], [ [ -90.513701133121145, 14.647044894447218 ], [ -90.513709753027499, 14.64698974538617 ] ] ] } },
{ "type": "Feature", "properties": { "kind": "a1", "value": "14.099000264710975", "building_uid": "2770" }, "geometry": { "type": "MultiLineString", "coordinates": [ [ [ -90.513534058083223, 14.647067623409818 ], [ -90.513515474437213, 14.647193694844731 ] ], [ [ -90.513495211305255, 14.647062195470514 ], [ -90.513572904864148, 14.64707305134292 ] ], [ [ -90.513476627638511, 14.647188266898942 ], [ -90.513554321238885, 14.647199122784313 ] ] ] } },
{ "type": "Feature", "properties": { "kind": "a1", "value": "11.446040699315459", "building_uid": "2771" }, "geometry": { "type": "MultiLineString", "coordinates": [ [ [ -90.513335446290696, 14.647039861765647 ], [ -90.513350533653366, 14.64693751284041 ] ], [ [ -90.513366983375747, 14.647044268508347 ], [ -90.513303909207607, 14.647035455018869 ] ], [ [ -90.513382070724745, 14.646941919578831 ], [ -90.513318996583962, 14.646933106097894 ] ] ] } },
{ "type": "Feature", "properties": { "kind": "a1", "value": "19.840092309344598", "building_uid": "2772" }, "geometry": { "type": "MultiLineString", "coordinates": [ [ [ -90.5132422374366, 14.647672931539926 ], [ -90.513271083388815, 14.647495920456622 ] ], [ [ -90.513296780559003, 14.647681356892244 ], [ -90.513187694320436, 14.647664506175454 ] ], [ [ -90.513325626470731, 14.647504345795562 ], [ -90.513216540313152, 14.647487495105526 ] ] ] } },
{ "type": "Feature", "properties": { "kind": "a1", "value": "9.07323047525164", "building_uid": "2773" }, "geometry": { "type": "MultiLineString", "coordinates": [ [ [ -90.513473880041374, 14.647446703820824 ], [ -90.513461236736092, 14.647527737098761 ] ], [ [ -90.513448910965039, 14.647443010951262 ], [ -90.513498849118989, 14.647450396687827 ] ], [ [ -90.51343626765123, 14.647524044226454 ], [ -90.513486205822232, 14.647531429968513 ] ] ] } },
{ "type": "Feature", "properties": { "kind": "a1", "value": "9.384781453474568", "building_uid": "2774" }, "geometry": { "type": "MultiLineString", "coordinates": [ [ [ -90.513272777454134, 14.64741687357127 ], [ -90.513285855269956, 14.647333057889613 ] ], [ [ -90.513298603879491, 14.647420693355295 ], [ -90.513246951030141, 14.64741305378451 ] ], [ [ -90.513311681686204, 14.647336877670702 ], [ -90.5132600288551, 14.647329238105797 ] ] ] } },
{ "type": "Feature", "properties": { "kind": "a1", "value": "5.948061668805392", "building_uid": "2775" }, "geometry": { "type": "MultiLineString", "coordinates": [ [ [ -90.513286759419913, 14.647209735638945 ], [ -90.513295299126611, 14.647156651073919 ] ], [ [ -90.51330311654084, 14.647212229928842 ], [ -90.513270402299568, 14.647207241347955 ] ], [ [ -90.513311656243886, 14.647159145362624 ], [ -90.51327894200989, 14.647154156784127 ] ] ] } },
{ "type": "Feature", "properties": { "kind": "a1", "value": "8.991980437226811", "building_uid": "2776" }, "geometry": { "type": "MultiLineString", "coordinates": [ [ [ -90.513214689171477, 14.648162492036702 ], [ -90.513132145696048, 14.648150672344462 ] ], [ [ -90.513218331223044, 14.648138382726321 ], [ -90.513211047118673, 14.648186601346861 ] ], [ [ -90.513135787756028, 14.64812656303674 ], [ -90.513128503634817, 14.648174781651957 ] ] ] } },
{ "type": "Feature", "properties": { "kind": "a1", "value": "11.360473293689921", "building_uid": "2777" }, "geometry": { "type": "MultiLineString", "coordinates": [ [ [ -90.51320614735971, 14.648012120440507 ], [ -90.513190128625084, 14.64811355312424 ] ], [ [ -90.51317489245929, 14.648007441684573 ], [ -90.513237402262135, 14.648016799192446 ] ], [ [ -90.513158873711319, 14.648108874363977 ], [ -90.513221383540838, 14.648118231880508 ] ] ] } },
{ "type": "Feature", "properties": { "kind": "a1", "value": "11.818811104919101", "building_uid": "2778" }, "geometry": { "type": "MultiLineString", "coordinates": [ [ [ -90.513522201489053, 14.647825835578818 ], [ -90.513506658231833, 14.647931522730385 ] ], [ [ -90.513489635668734, 14.647821295696517 ], [ -90.513554767311462, 14.64783037545677 ] ], [ [ -90.513474092396933, 14.647926982843533 ], [ -90.513539224068836, 14.647936062612875 ] ] ] } },
{ "type": "Feature", "properties": { "kind": "a1", "value": "7.2228803822372685", "building_uid": "2779" }, "geometry": { "type": "MultiLineString", "coordinates": [ [ [ -90.513376079366267, 14.64769385004753 ], [ -90.513365577626516, 14.647758291747715 ] ], [ [ -90.513356222689936, 14.647690782692012 ], [ -90.513395936043423, 14.647696917401435 ] ], [ [ -90.513345720944827, 14.647755224390425 ], [ -90.513385434309029, 14.64776135910339 ] ] ] } },
{ "type": "Feature", "properties": { "kind": "a1", "value": "13.72343589517362", "building_uid": "2780" }, "geometry": { "type": "MultiLineString", "coordinates": [ [ [ -90.51349701184094, 14.647930193229286 ], [ -90.513477828679186, 14.648052748750741 ] ], [ [ -90.51345924828172, 14.647924590204882 ], [ -90.513534775403087, 14.647935796247856 ] ], [ [ -90.513440065100468, 14.648047145720048 ], [ -90.513515592260831, 14.648058351775596 ] ] ] } },
{ "type": "Feature", "properties": { "kind": "a1", "value": "9.559163704815733", "building_uid": "2781" }, "geometry": { "type": "MultiLineString", "coordinates": [ [ [ -90.513209587677864, 14.648196267491759 ], [ -90.513297337935839, 14.648208831406064 ] ], [ [ -90.513205716294621, 14.648221897591343 ], [ -90.513213459059742, 14.648170637391928 ] ], [ [ -90.513293466562089, 14.648234461508652 ], [ -90.513301209308182, 14.648183201303224 ] ] ] } },
{ "type": "Feature", "properties": { "kind": "a1", "value": "9.29198918207348", "building_uid": "2782" }, "geometry": { "type": "MultiLineString", "coordinates": [ [ [ -90.513387276036497, 14.648188549369872 ], [ -90.513301963334655, 14.648176436520691 ] ], [ [ -90.513391008420001, 14.648163631226367 ], [ -90.513383543651699, 14.648213467513132 ] ], [ [ -90.513305695727141, 14.648151518380025 ], [ -90.513298230940876, 14.648201354661124 ] ] ] } },
{ "type": "Feature", "properties": { "kind": "a1", "value": "14.401736930745301", "building_uid": "2785" }, "geometry": { "type": "MultiLineString", "coordinates": [ [ [ -90.513394658300484, 14.648139355949544 ], [ -90.513526816994542, 14.648158579668795 ] ], [ [ -90.513388734794873, 14.648177956875553 ], [ -90.513400581802912, 14.648100755022934 ] ], [ [ -90.513520893510474, 14.648197180601681 ], [ -90.513532740475441, 14.648119978735318 ] ] ] } },
{ "type": "Feature", "properties": { "kind": "a1", "value": "13.04390591069653", "building_uid": "2786" }, "geometry": { "type": "MultiLineString", "coordinates": [ [ [ -90.512639567437517, 14.648006724320785 ], [ -90.512519726730574, 14.647990267864259 ] ], [ [ -90.512644638227655, 14.647971721203128 ], [ -90.51263449664485, 14.648041727437995 ] ], [ [ -90.512524797538532, 14.647955264752097 ], [ -90.512514655920114, 14.64802527097596 ] ] ] } },
{ "type": "Feature", "properties": { "kind": "a1", "value": "8.344738801801075", "building_uid": "2787" }, "geometry": { "type": "MultiLineString", "coordinates": [ [ [ -90.512774598319552, 14.646881073735553 ], [ -90.5126977372135, 14.646871987600502 ] ], [ [ -90.512777398051597, 14.646858623999917 ], [ -90.512771798586556, 14.646903523471021 ] ], [ [ -90.512700536952963, 14.646849537866988 ], [ -90.5126949374731, 14.646894437333845 ] ] ] } },
{ "type": "Feature", "properties": { "kind": "a1", "value": "9.733367364440104", "building_uid": "2788" }, "geometry": { "type": "MultiLineString", "coordinates": [ [ [ -90.512865724136475, 14.64688158398198 ], [ -90.512776270541622, 14.646869505031013 ] ], [ [ -90.512869446051781, 14.646855456208222 ], [ -90.512862002219791, 14.646907711755485 ] ], [ [ -90.512779992466861, 14.6468433772603 ], [ -90.51277254861499, 14.646895632801472 ] ] ] } },
{ "type": "Feature", "properties": { "kind": "a1", "value": "7.040945864939645", "building_uid": "2789" }, "geometry": { "type": "MultiLineString", "coordinates": [ [ [ -90.512865113082924, 14.646885882893896 ], [ -90.512929822158796, 14.646894621162259 ] ], [ [ -90.512862420532699, 14.646904783238801 ], [ -90.512867805632439, 14.646866982548868 ] ], [ [ -90.512927129613757, 14.646913521508759 ], [ -90.51293251470311, 14.646875720815633 ] ] ] } },
{ "type": "Feature", "properties": { "kind": "a1", "value": "4.588451219471282", "building_uid": "2790" }, "geometry": { "type": "MultiLineString", "coordinates": [ [ [ -90.513128575213116, 14.647086265035099 ], [ -90.513134557365206, 14.647045226566441 ] ], [ [ -90.513141220523664, 14.647088012311668 ], [ -90.513115929902867, 14.647084517757877 ] ], [ [ -90.513147202673551, 14.647046973842324 ], [ -90.513121912057159, 14.6470434792899 ] ] ] } },
{ "type": "Feature", "properties": { "kind": "a1", "value": "12.556134748652616", "building_uid": "2791" }, "geometry": { "type": "MultiLineString", "coordinates": [ [ [ -90.513097284663658, 14.647124443134576 ], [ -90.513080900568724, 14.647236741496114 ] ], [ [ -90.513062681815924, 14.647119657644541 ], [ -90.513131887513751, 14.647129228619693 ] ], [ [ -90.513046297704506, 14.647231956000962 ], [ -90.513115503435287, 14.647241526986349 ] ] ] } },
{ "type": "Feature", "properties": { "kind": "a1", "value": "6.031001771413447", "building_uid": "2850" }, "geometry": { "type": "MultiLineString", "coordinates": [ [ [ -90.512382042709092, 14.647117351578032 ], [ -90.512379396161663, 14.647171771542419 ] ], [ [ -90.512365274114529, 14.647116578570326 ], [ -90.512398811303981, 14.647118124584551 ] ], [ [ -90.512362627563022, 14.647170998533873 ], [ -90.512396164760602, 14.647172544549774 ] ] ] } },
{ "type": "Feature", "properties": { "kind": "a1", "value": "4.351235544279465", "building_uid": "2792" }, "geometry": { "type": "MultiLineString", "coordinates": [ [ [ -90.513157546307809, 14.646918019426142 ], [ -90.513149565774924, 14.646956550644882 ] ], [ [ -90.513145673573263, 14.646915688458011 ], [ -90.513169419042697, 14.646920350393696 ] ], [ [ -90.513137693038516, 14.646954219676035 ], [ -90.513161438511659, 14.646958881613161 ] ] ] } },
{ "type": "Feature", "properties": { "kind": "a1", "value": "13.222408601672665", "building_uid": "2793" }, "geometry": { "type": "MultiLineString", "coordinates": [ [ [ -90.512839086039662, 14.647200949178435 ], [ -90.512821203446507, 14.647319117852252 ] ], [ [ -90.512802674341273, 14.647195726006867 ], [ -90.512875497740708, 14.647206172344585 ] ], [ [ -90.512784791729928, 14.647313894674912 ], [ -90.512857615165743, 14.647324341024154 ] ] ] } },
{ "type": "Feature", "properties": { "kind": "a1", "value": "10.626070378220355", "building_uid": "2794" }, "geometry": { "type": "MultiLineString", "coordinates": [ [ [ -90.512922510611929, 14.647427490917645 ], [ -90.512935538299473, 14.647332342177357 ] ], [ [ -90.512951829134593, 14.647431296059969 ], [ -90.512893192090885, 14.647423685771782 ] ], [ [ -90.512964856810243, 14.647336147316114 ], [ -90.512906219790324, 14.647328537035067 ] ] ] } },
{ "type": "Feature", "properties": { "kind": "a1", "value": "18.98880062775795", "building_uid": "2885" }, "geometry": { "type": "MultiLineString", "coordinates": [ [ [ -90.513179410270624, 14.645600582742114 ], [ -90.513209087317563, 14.645431498684978 ] ], [ [ -90.513231510308486, 14.64560925092432 ], [ -90.51312731023873, 14.645591914548859 ] ], [ [ -90.513261187318804, 14.64544016685454 ], [ -90.51315698732229, 14.645422830504369 ] ] ] } },
{ "type": "Feature", "properties": { "kind": "a1", "value": "11.492074151652874", "building_uid": "2795" }, "geometry": { "type": "MultiLineString", "coordinates": [ [ [ -90.513083264048049, 14.64744857767595 ], [ -90.513068268358865, 14.647551359385895 ] ], [ [ -90.513051593548667, 14.647444197719913 ], [ -90.513114934549378, 14.647452957627856 ] ], [ [ -90.513036597845684, 14.647546979425581 ], [ -90.513099938874007, 14.64755573934209 ] ] ] } },
{ "type": "Feature", "properties": { "kind": "a1", "value": "12.954312348040224", "building_uid": "2796" }, "geometry": { "type": "MultiLineString", "coordinates": [ [ [ -90.512433315303738, 14.648128267376981 ], [ -90.512450102808003, 14.648012391877593 ] ], [ [ -90.5124690205527, 14.648133170675445 ], [ -90.512397610057263, 14.648123364073292 ] ], [ [ -90.512485808039401, 14.648017295170614 ], [ -90.512414397579093, 14.648007488579326 ] ] ] } },
{ "type": "Feature", "properties": { "kind": "a1", "value": "9.190545374640202", "building_uid": "2797" }, "geometry": { "type": "MultiLineString", "coordinates": [ [ [ -90.512471930935163, 14.6480154051985 ], [ -90.512483924717145, 14.647933207894965 ] ], [ [ -90.512497258753911, 14.64801890834689 ], [ -90.512446603117681, 14.648011902047472 ] ], [ [ -90.512509252527067, 14.647936711040607 ], [ -90.512458596908488, 14.647929704746682 ] ] ] } },
{ "type": "Feature", "properties": { "kind": "a1", "value": "7.194733418575002", "building_uid": "2798" }, "geometry": { "type": "MultiLineString", "coordinates": [ [ [ -90.512425366578412, 14.647861759602591 ], [ -90.512415593041624, 14.647926052732068 ] ], [ [ -90.512405555666419, 14.647858904943286 ], [ -90.512445177491216, 14.647864614260287 ] ], [ [ -90.51239578212423, 14.647923198071057 ], [ -90.512435403959785, 14.647928907391478 ] ] ] } },
{ "type": "Feature", "properties": { "kind": "a1", "value": "5.661602441927869", "building_uid": "2800" }, "geometry": { "type": "MultiLineString", "coordinates": [ [ [ -90.513015637446273, 14.647916892569642 ], [ -90.5130220054685, 14.647866125761878 ] ], [ [ -90.51303128044016, 14.647918752544648 ], [ -90.512999994452841, 14.647915032593616 ] ], [ [ -90.513037648458962, 14.647867985735912 ], [ -90.513006362478478, 14.64786426578684 ] ] ] } },
{ "type": "Feature", "properties": { "kind": "a1", "value": "7.50263664500301", "building_uid": "2801" }, "geometry": { "type": "MultiLineString", "coordinates": [ [ [ -90.513006424071051, 14.647915802626938 ], [ -90.512997984921, 14.647983077688203 ] ], [ [ -90.512985694318715, 14.647913337716508 ], [ -90.513027153824154, 14.64791826753558 ] ], [ [ -90.512977255162681, 14.647980612776056 ], [ -90.513018714680101, 14.647985542598562 ] ] ] } },
{ "type": "Feature", "properties": { "kind": "a1", "value": "11.878701044274772", "building_uid": "2803" }, "geometry": { "type": "MultiLineString", "coordinates": [ [ [ -90.512945162295168, 14.648198535785156 ], [ -90.512960168823255, 14.648092229044101 ] ], [ [ -90.512977919089337, 14.648202918894098 ], [ -90.512912405503045, 14.648194152671804 ] ], [ [ -90.512992925602617, 14.648096612148521 ], [ -90.51292741204594, 14.648087845935269 ] ] ] } },
{ "type": "Feature", "properties": { "kind": "a1", "value": "12.537713128617412", "building_uid": "2804" }, "geometry": { "type": "MultiLineString", "coordinates": [ [ [ -90.512935005765726, 14.647974756294142 ], [ -90.512919355781094, 14.648086985914574 ] ], [ [ -90.512900423963572, 14.647970185242002 ], [ -90.512969587570154, 14.647979327341359 ] ], [ [ -90.512884773962426, 14.648082414857431 ], [ -90.512953937602035, 14.64809155696681 ] ] ] } },
{ "type": "Feature", "properties": { "kind": "a1", "value": "12.683067840002014", "building_uid": "2805" }, "geometry": { "type": "MultiLineString", "coordinates": [ [ [ -90.512449585951131, 14.647792881014812 ], [ -90.512465475374725, 14.647679357991725 ] ], [ [ -90.512484566266579, 14.647797522008771 ], [ -90.512414605638014, 14.647788240015815 ] ], [ [ -90.512500455673276, 14.647683998980543 ], [ -90.512430495078519, 14.647674716997868 ] ] ] } },
{ "type": "Feature", "properties": { "kind": "a1", "value": "8.113592205157692", "building_uid": "2806" }, "geometry": { "type": "MultiLineString", "coordinates": [ [ [ -90.512590403121976, 14.647885541446781 ], [ -90.512601425228837, 14.64781303731197 ] ], [ [ -90.512612744128333, 14.647888760789803 ], [ -90.512568062116628, 14.647882322101712 ] ], [ [ -90.512623766228359, 14.647816256652819 ], [ -90.512579084230325, 14.647809817969069 ] ] ] } },
{ "type": "Feature", "properties": { "kind": "a1", "value": "9.78923826807184", "building_uid": "2807" }, "geometry": { "type": "MultiLineString", "coordinates": [ [ [ -90.512629604155038, 14.647702904076903 ], [ -90.512643064838826, 14.647615449671459 ] ], [ [ -90.512656551828954, 14.647706835684298 ], [ -90.512602656482571, 14.647698972466539 ] ], [ [ -90.512670012502809, 14.647619381275673 ], [ -90.512616117176307, 14.64761151806427 ] ] ] } },
{ "type": "Feature", "properties": { "kind": "a1", "value": "16.497101151803673", "building_uid": "2808" }, "geometry": { "type": "MultiLineString", "coordinates": [ [ [ -90.51253345831222, 14.646954170052016 ], [ -90.512685358611861, 14.646972529584943 ] ], [ [ -90.512527801119333, 14.646998537351131 ], [ -90.51253911550134, 14.646909802752253 ] ], [ [ -90.512679701447908, 14.647016896892431 ], [ -90.512691015772106, 14.646928162276806 ] ] ] } },
{ "type": "Feature", "properties": { "kind": "a1", "value": "7.222865108529402", "building_uid": "2809" }, "geometry": { "type": "MultiLineString", "coordinates": [ [ [ -90.512552196430931, 14.647095558140061 ], [ -90.512560452657496, 14.647030807567729 ] ], [ [ -90.512572148226411, 14.647097969631936 ], [ -90.512532244636191, 14.647093146646545 ] ], [ [ -90.512580404447434, 14.647033219057993 ], [ -90.512540500868283, 14.647028396075813 ] ] ] } },
{ "type": "Feature", "properties": { "kind": "a1", "value": "8.140540933814242", "building_uid": "2810" }, "geometry": { "type": "MultiLineString", "coordinates": [ [ [ -90.512535431339046, 14.647093569648938 ], [ -90.512526247657192, 14.647166561466181 ] ], [ [ -90.512512940143665, 14.647090887265218 ], [ -90.512557922535322, 14.647096252030575 ] ], [ [ -90.512503756454777, 14.647163879080431 ], [ -90.512548738860531, 14.647169243849845 ] ] ] } },
{ "type": "Feature", "properties": { "kind": "a1", "value": "4.4395872178321385", "building_uid": "2811" }, "geometry": { "type": "MultiLineString", "coordinates": [ [ [ -90.512643868424021, 14.64721762607738 ], [ -90.512649264375952, 14.647177866729852 ] ], [ [ -90.512656119602454, 14.647219202134696 ], [ -90.512631617245873, 14.647216050019443 ] ], [ [ -90.51266151555231, 14.647179442786541 ], [ -90.512637013199893, 14.64717629067253 ] ] ] } },
{ "type": "Feature", "properties": { "kind": "a1", "value": "8.098985691804966", "building_uid": "2812" }, "geometry": { "type": "MultiLineString", "coordinates": [ [ [ -90.512519876733492, 14.647349599326272 ], [ -90.512534506498852, 14.647277837203852 ] ], [ [ -90.512541989045687, 14.647353872406896 ], [ -90.512497764422505, 14.647345326243672 ] ], [ [ -90.512556618804567, 14.647282110282024 ], [ -90.512512394194317, 14.647273564123706 ] ] ] } },
{ "type": "Feature", "properties": { "kind": "a1", "value": "8.96179316430639", "building_uid": "2813" }, "geometry": { "type": "MultiLineString", "coordinates": [ [ [ -90.512678465827292, 14.647222090886507 ], [ -90.512667572900057, 14.647302349408658 ] ], [ [ -90.512653735504898, 14.64721890926578 ], [ -90.512703196150824, 14.647225272504707 ] ], [ [ -90.512642842569207, 14.647299167785397 ], [ -90.512692303232072, 14.647305531029396 ] ] ] } },
{ "type": "Feature", "properties": { "kind": "a1", "value": "8.952323082371096", "building_uid": "2814" }, "geometry": { "type": "MultiLineString", "coordinates": [ [ [ -90.512492340663925, 14.647593821273103 ], [ -90.512504796149102, 14.647513865021063 ] ], [ [ -90.512516977889575, 14.64759745928305 ], [ -90.512467703439498, 14.647590183260684 ] ], [ [ -90.512529433366453, 14.647517503028325 ], [ -90.512480158933002, 14.647510227011308 ] ] ] } },
{ "type": "Feature", "properties": { "kind": "a1", "value": "6.418927012162746", "building_uid": "2815" }, "geometry": { "type": "MultiLineString", "coordinates": [ [ [ -90.51249118492953, 14.647511351629019 ], [ -90.512502174778078, 14.647454362117898 ] ], [ [ -90.512508745318755, 14.647514561555516 ], [ -90.51247362454103, 14.64750814170127 ] ], [ [ -90.512519735163195, 14.647457572042889 ], [ -90.512484614393713, 14.647451152191655 ] ] ] } },
{ "type": "Feature", "properties": { "kind": "a1", "value": "8.432981195931688", "building_uid": "2816" }, "geometry": { "type": "MultiLineString", "coordinates": [ [ [ -90.512584573644389, 14.64743976668154 ], [ -90.512599331429769, 14.647364954782654 ] ], [ [ -90.512607625704405, 14.647444077152649 ], [ -90.512561521585639, 14.64743545620828 ] ], [ [ -90.512622383482721, 14.647369265251145 ], [ -90.512576279378081, 14.647360644312027 ] ] ] } },
{ "type": "Feature", "properties": { "kind": "a1", "value": "23.72383620675917", "building_uid": "2818" }, "geometry": { "type": "MultiLineString", "coordinates": [ [ [ -90.512809816024273, 14.647726388139024 ], [ -90.512843819944763, 14.647514651852445 ] ], [ [ -90.512875059176707, 14.647736320033896 ], [ -90.512744572880678, 14.647716456226746 ] ], [ [ -90.512909063039174, 14.647524583728309 ], [ -90.512778576859191, 14.647504719959178 ] ] ] } },
{ "type": "Feature", "properties": { "kind": "a1", "value": "6.4464581523912985", "building_uid": "2819" }, "geometry": { "type": "MultiLineString", "coordinates": [ [ [ -90.513034697044702, 14.647760621348231 ], [ -90.513025457640026, 14.647818156349837 ] ], [ [ -90.513016968551284, 14.647757922697204 ], [ -90.51305242553876, 14.647763319997978 ] ], [ [ -90.513007729142331, 14.647815457697407 ], [ -90.513043186138376, 14.647820855000985 ] ] ] } },
{ "type": "Feature", "properties": { "kind": "a1", "value": "9.030344202088935", "building_uid": "2820" }, "geometry": { "type": "MultiLineString", "coordinates": [ [ [ -90.511979506895642, 14.648027574586848 ], [ -90.511896580356506, 14.648015911670862 ] ], [ [ -90.511983100636741, 14.648003353376083 ], [ -90.511975913153321, 14.648051795797393 ] ], [ [ -90.511900174106117, 14.647991690462764 ], [ -90.511892986605673, 14.648040132878739 ] ] ] } },
{ "type": "Feature", "properties": { "kind": "a1", "value": "13.850040211286803", "building_uid": "2821" }, "geometry": { "type": "MultiLineString", "coordinates": [ [ [ -90.51171203512574, 14.6479047393152 ], [ -90.511691977471685, 14.648028319898859 ] ], [ [ -90.511673955714173, 14.647898880868166 ], [ -90.511750114540334, 14.647910597756301 ] ], [ [ -90.511653898040365, 14.648022461445326 ], [ -90.511730056906046, 14.648034178346478 ] ] ] } },
{ "type": "Feature", "properties": { "kind": "a1", "value": "10.795329266967707", "building_uid": "2851" }, "geometry": { "type": "MultiLineString", "coordinates": [ [ [ -90.512322305819396, 14.647168167614591 ], [ -90.512315790752993, 14.647265480485471 ] ], [ [ -90.512292320491937, 14.647166264684458 ], [ -90.512352291148005, 14.647170070540941 ] ], [ [ -90.512285805412617, 14.647263577552437 ], [ -90.512345776094534, 14.647267383414722 ] ] ] } },
{ "type": "Feature", "properties": { "kind": "a1", "value": "7.104489146507046", "building_uid": "2822" }, "geometry": { "type": "MultiLineString", "coordinates": [ [ [ -90.511716681679232, 14.647905498975256 ], [ -90.511725998234823, 14.647841964981689 ] ], [ [ -90.511736258679747, 14.647908220159596 ], [ -90.511697104679484, 14.647902777789328 ] ], [ [ -90.511745575230051, 14.647844686164394 ], [ -90.511706421240348, 14.64783924379741 ] ] ] } },
{ "type": "Feature", "properties": { "kind": "a1", "value": "13.146363702585091", "building_uid": "2824" }, "geometry": { "type": "MultiLineString", "coordinates": [ [ [ -90.512132510007021, 14.647970759163291 ], [ -90.512113123192492, 14.648088006970518 ] ], [ [ -90.51209638192978, 14.64796509665697 ], [ -90.512168638087033, 14.647976421664284 ] ], [ [ -90.512076995097516, 14.648082344458286 ], [ -90.512149251290239, 14.648093669477422 ] ] ] } },
{ "type": "Feature", "properties": { "kind": "a1", "value": "11.236898585349023", "building_uid": "2825" }, "geometry": { "type": "MultiLineString", "coordinates": [ [ [ -90.512182872302418, 14.648045172961949 ], [ -90.512285807776422, 14.648061305804397 ] ], [ [ -90.512177901210009, 14.648075238380459 ], [ -90.512187843392823, 14.648015107543058 ] ], [ [ -90.512280836696959, 14.648091371227222 ], [ -90.512290778853867, 14.648031240381185 ] ] ] } },
{ "type": "Feature", "properties": { "kind": "a1", "value": "8.12464905201152", "building_uid": "2826" }, "geometry": { "type": "MultiLineString", "coordinates": [ [ [ -90.512310112076023, 14.647581912670386 ], [ -90.512298195232091, 14.647654383655267 ] ], [ [ -90.512287781315962, 14.64757843198853 ], [ -90.512332442837135, 14.647585393350209 ] ], [ [ -90.512275864465252, 14.64765090297116 ], [ -90.512320525999968, 14.647657864337342 ] ] ] } },
{ "type": "Feature", "properties": { "kind": "a1", "value": "10.816116735787677", "building_uid": "2827" }, "geometry": { "type": "MultiLineString", "coordinates": [ [ [ -90.512303140791246, 14.647762348688005 ], [ -90.512285273034706, 14.64785849474913 ] ], [ [ -90.512273514915321, 14.647757129863349 ], [ -90.512332766669175, 14.647767567509099 ] ], [ [ -90.512255647147029, 14.647853275920269 ], [ -90.512314898924387, 14.647863713574436 ] ] ] } },
{ "type": "Feature", "properties": { "kind": "a1", "value": "10.160725747286488", "building_uid": "2889" }, "geometry": { "type": "MultiLineString", "coordinates": [ [ [ -90.513226454113521, 14.645702035542614 ], [ -90.513240377500239, 14.645611255326406 ] ], [ [ -90.513254426324252, 14.645706102334263 ], [ -90.513198481904354, 14.645697968747756 ] ], [ [ -90.513268349700255, 14.645615322114645 ], [ -90.5132124053018, 14.645607188534974 ] ] ] } },
{ "type": "Feature", "properties": { "kind": "a1", "value": "6.952658041857913", "building_uid": "2829" }, "geometry": { "type": "MultiLineString", "coordinates": [ [ [ -90.512002688651606, 14.647835691129481 ], [ -90.512011693102679, 14.647773499310075 ] ], [ [ -90.512021852076089, 14.647838321155014 ], [ -90.511983525227848, 14.647833061102435 ] ], [ [ -90.512030856522102, 14.647776129334042 ], [ -90.51199252968398, 14.647770869284601 ] ] ] } },
{ "type": "Feature", "properties": { "kind": "a1", "value": "6.560081929641763", "building_uid": "2830" }, "geometry": { "type": "MultiLineString", "coordinates": [ [ [ -90.511733954596977, 14.647739136675476 ], [ -90.511741626401928, 14.64768034894564 ] ], [ [ -90.511752069097071, 14.647741377461882 ], [ -90.511715840097494, 14.647736895887727 ] ], [ [ -90.511759740897475, 14.647682589730701 ], [ -90.511723511907007, 14.647678108159221 ] ] ] } },
{ "type": "Feature", "properties": { "kind": "a1", "value": "6.630701972266479", "building_uid": "2832" }, "geometry": { "type": "MultiLineString", "coordinates": [ [ [ -90.512267089355788, 14.64793112376503 ], [ -90.512258356731621, 14.647990415593789 ] ], [ [ -90.512248819509708, 14.647928573136763 ], [ -90.512285359202522, 14.647933674391927 ] ], [ [ -90.512240086880936, 14.647987864964085 ], [ -90.512276626582931, 14.64799296622212 ] ] ] } },
{ "type": "Feature", "properties": { "kind": "a1", "value": "11.429633314204692", "building_uid": "2833" }, "geometry": { "type": "MultiLineString", "coordinates": [ [ [ -90.512208250328527, 14.647640206427244 ], [ -90.512191270866097, 14.647742123767785 ] ], [ [ -90.512176846142623, 14.647635247053238 ], [ -90.512239654516549, 14.647645165797236 ] ], [ [ -90.512159866666792, 14.647737164389287 ], [ -90.512222675067491, 14.647747083142253 ] ] ] } },
{ "type": "Feature", "properties": { "kind": "a1", "value": "6.339724323401289", "building_uid": "2834" }, "geometry": { "type": "MultiLineString", "coordinates": [ [ [ -90.512343059830201, 14.647528656556972 ], [ -90.512335322886472, 14.647585428771995 ] ], [ [ -90.512325566396044, 14.647526396743199 ], [ -90.512360553264912, 14.647530916369478 ] ], [ [ -90.512317829448094, 14.647583168956958 ], [ -90.512352816325446, 14.647587688585771 ] ] ] } },
{ "type": "Feature", "properties": { "kind": "a1", "value": "11.93744053544332", "building_uid": "2835" }, "geometry": { "type": "MultiLineString", "coordinates": [ [ [ -90.512084471383005, 14.646767876297705 ], [ -90.512193877989887, 14.646784682168461 ] ], [ [ -90.512079292936917, 14.646799831994636 ], [ -90.512089649826819, 14.646735920600333 ] ], [ [ -90.512188699558479, 14.646816637870232 ], [ -90.512199056419036, 14.646752726466264 ] ] ] } },
{ "type": "Feature", "properties": { "kind": "a1", "value": "6.012750254613287", "building_uid": "2836" }, "geometry": { "type": "MultiLineString", "coordinates": [ [ [ -90.512392772996819, 14.646783765718242 ], [ -90.512384078656822, 14.646837418120102 ] ], [ [ -90.51237624093919, 14.646781226258563 ], [ -90.512409305055016, 14.646786305176802 ] ], [ [ -90.512367546595485, 14.646834878659199 ], [ -90.512400610718757, 14.646839957579889 ] ] ] } },
{ "type": "Feature", "properties": { "kind": "a1", "value": "10.623397151339883", "building_uid": "2837" }, "geometry": { "type": "MultiLineString", "coordinates": [ [ [ -90.512369164988897, 14.646868811803991 ], [ -90.512356510726434, 14.646963983914107 ] ], [ [ -90.512339839341493, 14.646865115724205 ], [ -90.512398490637864, 14.646872507880232 ] ], [ [ -90.512327185067107, 14.646960287830789 ], [ -90.512385836387338, 14.64696767999388 ] ] ] } },
{ "type": "Feature", "properties": { "kind": "a1", "value": "8.768310843747381", "building_uid": "2838" }, "geometry": { "type": "MultiLineString", "coordinates": [ [ [ -90.512307251167996, 14.646940529533737 ], [ -90.51222692162743, 14.646927988970139 ] ], [ [ -90.512311115323442, 14.646917066737274 ], [ -90.512303387011329, 14.64696399232996 ] ], [ [ -90.512230785790777, 14.646904526176309 ], [ -90.512223057462876, 14.646951451763735 ] ] ] } },
{ "type": "Feature", "properties": { "kind": "a1", "value": "12.081091590886732", "building_uid": "2839" }, "geometry": { "type": "MultiLineString", "coordinates": [ [ [ -90.512335937251066, 14.646961451039811 ], [ -90.512321850144716, 14.647069720077003 ] ], [ [ -90.512302575996813, 14.64695733645426 ], [ -90.512369298507338, 14.646965565620768 ] ], [ [ -90.512288488875001, 14.647065605486921 ], [ -90.512355211416462, 14.647073834662491 ] ] ] } },
{ "type": "Feature", "properties": { "kind": "a1", "value": "9.500870415434552", "building_uid": "2840" }, "geometry": { "type": "MultiLineString", "coordinates": [ [ [ -90.512081921031481, 14.646782175491843 ], [ -90.511994572668598, 14.646770609053055 ] ], [ [ -90.512085485023604, 14.646756662606553 ], [ -90.512078357038035, 14.646807688376896 ] ], [ [ -90.511998136670215, 14.646745096170648 ], [ -90.511991008665674, 14.646796121935225 ] ] ] } },
{ "type": "Feature", "properties": { "kind": "a1", "value": "7.312479030697725", "building_uid": "2841" }, "geometry": { "type": "MultiLineString", "coordinates": [ [ [ -90.511879753102548, 14.646771863884755 ], [ -90.511889342617081, 14.646706469902561 ] ], [ [ -90.511899903123762, 14.646774664809771 ], [ -90.511859603082101, 14.646769062958068 ] ], [ [ -90.511909492632725, 14.646709270825838 ], [ -90.511869192602234, 14.64670366897762 ] ] ] } },
{ "type": "Feature", "properties": { "kind": "a1", "value": "6.6890139859224655", "building_uid": "2842" }, "geometry": { "type": "MultiLineString", "coordinates": [ [ [ -90.511870823830733, 14.646843018014902 ], [ -90.511863178774902, 14.646902982874327 ] ], [ [ -90.511852346693686, 14.646840785032763 ], [ -90.511889300968377, 14.646845250995639 ] ], [ [ -90.511844701633123, 14.646900749890804 ], [ -90.511881655917321, 14.646905215856433 ] ] ] } },
{ "type": "Feature", "properties": { "kind": "a1", "value": "10.535525617773262", "building_uid": "2843" }, "geometry": { "type": "MultiLineString", "coordinates": [ [ [ -90.512035941923529, 14.64693323764649 ], [ -90.512021536423163, 14.647027370974852 ] ], [ [ -90.512006936350218, 14.646929030063337 ], [ -90.512064947498544, 14.646937445226197 ] ], [ [ -90.511992530838313, 14.647023163388019 ], [ -90.512050542009689, 14.647031578558231 ] ] ] } },
{ "type": "Feature", "properties": { "kind": "a1", "value": "5.308401582672121", "building_uid": "2844" }, "geometry": { "type": "MultiLineString", "coordinates": [ [ [ -90.512118958623191, 14.647042739707263 ], [ -90.512110956206257, 14.647090055866954 ] ], [ [ -90.512104378951307, 14.647040402348578 ], [ -90.512133538295529, 14.647045077065082 ] ], [ [ -90.512096376531488, 14.647087718507292 ], [ -90.512125535881481, 14.647092393225748 ] ] ] } },
{ "type": "Feature", "properties": { "kind": "a1", "value": "7.420538186136913", "building_uid": "2845" }, "geometry": { "type": "MultiLineString", "coordinates": [ [ [ -90.511882812380392, 14.647196894598876 ], [ -90.511870318743718, 14.647262814988666 ] ], [ [ -90.511862500116209, 14.647193245440411 ], [ -90.511903124645528, 14.647200543755671 ] ], [ [ -90.511850006474035, 14.647259165828199 ], [ -90.511890631014381, 14.647266464147453 ] ] ] } },
{ "type": "Feature", "properties": { "kind": "a1", "value": "15.943343551985091", "building_uid": "2846" }, "geometry": { "type": "MultiLineString", "coordinates": [ [ [ -90.511958032922379, 14.647063488301605 ], [ -90.511932981762968, 14.647205431926965 ] ], [ [ -90.511914295398583, 14.647056171321779 ], [ -90.512001770450397, 14.64707080527366 ] ], [ [ -90.511889244213393, 14.647198114938188 ], [ -90.511976719316792, 14.647212748907954 ] ] ] } },
{ "type": "Feature", "properties": { "kind": "a1", "value": "8.19787372489472", "building_uid": "2847" }, "geometry": { "type": "MultiLineString", "coordinates": [ [ [ -90.51189719055219, 14.647372984472582 ], [ -90.511911186180242, 14.647300193581238 ] ], [ [ -90.511919619864941, 14.647377072333118 ], [ -90.511874761240605, 14.647368896610008 ] ], [ [ -90.511933615486285, 14.647304281439322 ], [ -90.511888756875365, 14.647296105721129 ] ] ] } },
{ "type": "Feature", "properties": { "kind": "a1", "value": "11.454620636634065", "building_uid": "2848" }, "geometry": { "type": "MultiLineString", "coordinates": [ [ [ -90.512048189402137, 14.647611464278478 ], [ -90.512069887194102, 14.647510168574598 ] ], [ [ -90.512079402037244, 14.647617801790348 ], [ -90.512016976769473, 14.647605126762697 ] ], [ [ -90.512101099816448, 14.647516506081443 ], [ -90.512038674574228, 14.647503831063835 ] ] ] } },
{ "type": "Feature", "properties": { "kind": "a1", "value": "7.183373611059821", "building_uid": "2849" }, "geometry": { "type": "MultiLineString", "coordinates": [ [ [ -90.511950810886361, 14.647450067152734 ], [ -90.511939633494208, 14.647514038984065 ] ], [ [ -90.511931099014802, 14.647446802448531 ], [ -90.511970522758801, 14.647453331855351 ] ], [ [ -90.511919921617377, 14.647510774278057 ], [ -90.511959345371892, 14.647517303688492 ] ] ] } },
{ "type": "Feature", "properties": { "kind": "a1", "value": "3.9180276484548475", "building_uid": "2853" }, "geometry": { "type": "MultiLineString", "coordinates": [ [ [ -90.512332026329887, 14.647498985175499 ], [ -90.512335789291058, 14.647463781879935 ] ], [ [ -90.512342873651136, 14.647500084265086 ], [ -90.512321179008822, 14.647497886085416 ] ], [ [ -90.512346636610644, 14.647464880969084 ], [ -90.512324941971642, 14.647462682790303 ] ] ] } },
{ "type": "Feature", "properties": { "kind": "a1", "value": "8.592415082077368", "building_uid": "2854" }, "geometry": { "type": "MultiLineString", "coordinates": [ [ [ -90.512162737514956, 14.647342441207622 ], [ -90.512157378171366, 14.647419885018298 ] ], [ [ -90.512138874485572, 14.647340875843978 ], [ -90.512186600545064, 14.64734400656886 ] ], [ [ -90.512133515133826, 14.647418319652806 ], [ -90.512181241209674, 14.647421450381394 ] ] ] } },
{ "type": "Feature", "properties": { "kind": "a1", "value": "7.406124414442712", "building_uid": "2855" }, "geometry": { "type": "MultiLineString", "coordinates": [ [ [ -90.511913272525533, 14.647375953848837 ], [ -90.511900628897919, 14.647441714663831 ] ], [ [ -90.511893009414891, 14.647372260883866 ], [ -90.511933535637155, 14.647379646812142 ] ], [ [ -90.511880365781806, 14.647438021696859 ], [ -90.511920892014999, 14.647445407629137 ] ] ] } },
{ "type": "Feature", "properties": { "kind": "a1", "value": "7.480512571555109", "building_uid": "2856" }, "geometry": { "type": "MultiLineString", "coordinates": [ [ [ -90.51174620721865, 14.647680917786404 ], [ -90.511756016846689, 14.647614021086808 ] ], [ [ -90.511766820362737, 14.647683782990606 ], [ -90.511725594075401, 14.647678052580462 ] ], [ [ -90.511776629984922, 14.647616886289184 ], [ -90.511735403709295, 14.647611155882686 ] ] ] } },
{ "type": "Feature", "properties": { "kind": "a1", "value": "14.498468610628501", "building_uid": "750" }, "geometry": { "type": "MultiLineString", "coordinates": [ [ [ -90.514816978289034, 14.643275366528677 ], [ -90.514835242412573, 14.643145607432459 ] ], [ [ -90.514856960658292, 14.643280701238169 ], [ -90.514776995922816, 14.643270031812614 ] ], [ [ -90.514875224759777, 14.643150942135224 ], [ -90.514795260068425, 14.643140272723109 ] ] ] } },
{ "type": "Feature", "properties": { "kind": "a1", "value": "6.349887364235721", "building_uid": "2858" }, "geometry": { "type": "MultiLineString", "coordinates": [ [ [ -90.511986920072488, 14.646022420419916 ], [ -90.511994558452017, 14.645965542978905 ] ], [ [ -90.512004445808614, 14.646024651461078 ], [ -90.511969394336916, 14.646020189377486 ] ], [ [ -90.51201208418388, 14.645967774018798 ], [ -90.511977032720722, 14.64596331193774 ] ] ] } },
{ "type": "Feature", "properties": { "kind": "a1", "value": "15.40467200469404", "building_uid": "2859" }, "geometry": { "type": "MultiLineString", "coordinates": [ [ [ -90.512630646562556, 14.646707012648969 ], [ -90.512653180208929, 14.646569595099615 ] ], [ [ -90.512672989384285, 14.646713594325837 ], [ -90.512588303744607, 14.646700430964769 ] ], [ [ -90.512695523006272, 14.646576176768404 ], [ -90.51261083741538, 14.646563013423508 ] ] ] } },
{ "type": "Feature", "properties": { "kind": "a1", "value": "32.947849541319485", "building_uid": "2860" }, "geometry": { "type": "MultiLineString", "coordinates": [ [ [ -90.512354696995075, 14.646383996338962 ], [ -90.51265685395542, 14.646429190396006 ] ], [ [ -90.512340771189415, 14.646472251076435 ], [ -90.512368622783839, 14.646295741598303 ] ], [ [ -90.512642928261997, 14.646517445169872 ], [ -90.512670779631975, 14.646340935618953 ] ] ] } },
{ "type": "Feature", "properties": { "kind": "a1", "value": "10.316681416563984", "building_uid": "2863" }, "geometry": { "type": "MultiLineString", "coordinates": [ [ [ -90.514704463774407, 14.646009359224644 ], [ -90.514720485135527, 14.645917478202124 ] ], [ [ -90.514732775218022, 14.646014038793503 ], [ -90.514676152332541, 14.646004679652526 ] ], [ [ -90.514748796568327, 14.645922157767258 ], [ -90.514692173704503, 14.645912798633725 ] ] ] } },
{ "type": "Feature", "properties": { "kind": "a1", "value": "8.138317900876974", "building_uid": "2864" }, "geometry": { "type": "MultiLineString", "coordinates": [ [ [ -90.514594463364517, 14.645992971765443 ], [ -90.514606319564663, 14.645920366204468 ] ], [ [ -90.5146168354282, 14.645996434761201 ], [ -90.514572091301901, 14.64598950876765 ] ], [ [ -90.514628691621525, 14.645923829197971 ], [ -90.514583947508854, 14.645916903208919 ] ] ] } },
{ "type": "Feature", "properties": { "kind": "a1", "value": "14.092855726295895", "building_uid": "2865" }, "geometry": { "type": "MultiLineString", "coordinates": [ [ [ -90.514378903203507, 14.645832043530373 ], [ -90.514508157515365, 14.645851296987564 ] ], [ [ -90.514372970598373, 14.645869796546473 ], [ -90.514384835805558, 14.64579429051369 ] ], [ [ -90.514502224930766, 14.645889050010309 ], [ -90.514514090096867, 14.645813543964241 ] ] ] } },
{ "type": "Feature", "properties": { "kind": "a1", "value": "8.2025017454643", "building_uid": "2867" }, "geometry": { "type": "MultiLineString", "coordinates": [ [ [ -90.515157499513776, 14.645720642046923 ], [ -90.515082174239723, 14.64571005847635 ] ], [ [ -90.515160760637499, 14.645698640781909 ], [ -90.515154238389044, 14.645742643311751 ] ], [ [ -90.515085435370466, 14.645688057213532 ], [ -90.51507891310797, 14.645732059738981 ] ] ] } },
{ "type": "Feature", "properties": { "kind": "a1", "value": "17.23298768821627", "building_uid": "2869" }, "geometry": { "type": "MultiLineString", "coordinates": [ [ [ -90.515053771553283, 14.645610174412303 ], [ -90.515033102991211, 14.645764542483766 ] ], [ [ -90.51500620596623, 14.645604137467172 ], [ -90.515101337144515, 14.645616211348104 ] ], [ [ -90.514985537372809, 14.645758505529326 ], [ -90.515080668613834, 14.645770579428877 ] ] ] } },
{ "type": "Feature", "properties": { "kind": "a1", "value": "8.866311819076632", "building_uid": "2871" }, "geometry": { "type": "MultiLineString", "coordinates": [ [ [ -90.515136260606099, 14.645436476068006 ], [ -90.515147524854228, 14.645357136646592 ] ], [ [ -90.515160707521787, 14.645439766173023 ], [ -90.515111813691561, 14.645433185960528 ] ], [ [ -90.515171971761674, 14.64536042674909 ], [ -90.515123077947948, 14.645353846541642 ] ] ] } },
{ "type": "Feature", "properties": { "kind": "a1", "value": "7.188557712387379", "building_uid": "2872" }, "geometry": { "type": "MultiLineString", "coordinates": [ [ [ -90.513766410912325, 14.644768793883046 ], [ -90.513832704457897, 14.644775930387613 ] ], [ [ -90.513764211939446, 14.64478815721221 ], [ -90.513768609884522, 14.644749430553762 ] ], [ [ -90.51383050549056, 14.644795293718301 ], [ -90.513834903424552, 14.644756567056817 ] ] ] } },
{ "type": "Feature", "properties": { "kind": "a1", "value": "9.828006517176727", "building_uid": "2874" }, "geometry": { "type": "MultiLineString", "coordinates": [ [ [ -90.513969948446302, 14.644958866285686 ], [ -90.513880111951039, 14.644943642077978 ] ], [ [ -90.513974639476629, 14.64493262644025 ], [ -90.513965257414341, 14.644985106130797 ] ], [ [ -90.513884802991143, 14.644917402235958 ], [ -90.513875420909301, 14.644969881919673 ] ] ] } },
{ "type": "Feature", "properties": { "kind": "a1", "value": "4.814103421838024", "building_uid": "2875" }, "geometry": { "type": "MultiLineString", "coordinates": [ [ [ -90.5138932439245, 14.644732370805052 ], [ -90.513886670468011, 14.644775385451107 ] ], [ [ -90.513879989832489, 14.644730450798882 ], [ -90.513906498016865, 14.644734290810495 ] ], [ [ -90.513873416373599, 14.644773465444176 ], [ -90.513899924562793, 14.644777305457318 ] ] ] } },
{ "type": "Feature", "properties": { "kind": "a1", "value": "6.553962042406406", "building_uid": "2876" }, "geometry": { "type": "MultiLineString", "coordinates": [ [ [ -90.514393626879084, 14.644830444233035 ], [ -90.514333309730489, 14.644822924624583 ] ], [ [ -90.51439594389258, 14.644812826520834 ], [ -90.514391309864976, 14.644848061945133 ] ], [ [ -90.514335626748519, 14.644805306913712 ], [ -90.514330992711834, 14.644840542335343 ] ] ] } },
{ "type": "Feature", "properties": { "kind": "a1", "value": "11.442429918079933", "building_uid": "2877" }, "geometry": { "type": "MultiLineString", "coordinates": [ [ [ -90.514287623518669, 14.645166217210082 ], [ -90.514303770920208, 14.64506405466121 ] ], [ [ -90.51431910290259, 14.64517093361162 ], [ -90.51425614413678, 14.645161500804484 ] ], [ [ -90.514335250290586, 14.645068771058364 ], [ -90.514272291551848, 14.645059338260008 ] ] ] } },
{ "type": "Feature", "properties": { "kind": "a1", "value": "4.619297016129793", "building_uid": "2878" }, "geometry": { "type": "MultiLineString", "coordinates": [ [ [ -90.51416413884192, 14.644796087937028 ], [ -90.51420617094044, 14.644804246235671 ] ], [ [ -90.51416162502538, 14.644808364867638 ], [ -90.514166652658076, 14.64478381100632 ] ], [ [ -90.514203657125989, 14.644816523167089 ], [ -90.514208684754479, 14.644791969304171 ] ] ] } },
{ "type": "Feature", "properties": { "kind": "a1", "value": "13.176201813864521", "building_uid": "2879" }, "geometry": { "type": "MultiLineString", "coordinates": [ [ [ -90.514315724070556, 14.644945448561117 ], [ -90.514300196778734, 14.64506351175044 ] ], [ [ -90.514279345254394, 14.644940913281665 ], [ -90.514352102889134, 14.644949983835108 ] ], [ [ -90.514263817944197, 14.645058976465585 ], [ -90.514336575615687, 14.645068047029834 ] ] ] } },
{ "type": "Feature", "properties": { "kind": "a1", "value": "12.950945807415188", "building_uid": "2883" }, "geometry": { "type": "MultiLineString", "coordinates": [ [ [ -90.513898168840186, 14.645654656834285 ], [ -90.513779432203364, 14.645636683455169 ] ], [ [ -90.513903706986369, 14.645619975816825 ], [ -90.513892630691387, 14.645689337851241 ] ], [ [ -90.513784970366842, 14.645602002443365 ], [ -90.513773894037243, 14.645671364466475 ] ] ] } },
{ "type": "Feature", "properties": { "kind": "a1", "value": "9.610791243328606", "building_uid": "2884" }, "geometry": { "type": "MultiLineString", "coordinates": [ [ [ -90.512902883160322, 14.64564705996386 ], [ -90.512814535826507, 14.645635279751689 ] ], [ [ -90.512906513003841, 14.645621255161821 ], [ -90.512899253315453, 14.64567286476565 ] ], [ [ -90.512818165679747, 14.645609474952606 ], [ -90.512810905971946, 14.645661084550525 ] ] ] } },
{ "type": "Feature", "properties": { "kind": "a1", "value": "7.7015584188668385", "building_uid": "2886" }, "geometry": { "type": "MultiLineString", "coordinates": [ [ [ -90.513310947034711, 14.645714319255422 ], [ -90.513300394839206, 14.645783128433234 ] ], [ [ -90.513289744784075, 14.645711237134579 ], [ -90.513332149286271, 14.645717401374418 ] ], [ [ -90.513279192582416, 14.64578004631043 ], [ -90.513321597096919, 14.645786210554196 ] ] ] } },
{ "type": "Feature", "properties": { "kind": "a1", "value": "9.862163266466489", "building_uid": "2887" }, "geometry": { "type": "MultiLineString", "coordinates": [ [ [ -90.513212487447689, 14.645630317686727 ], [ -90.51312178835569, 14.645618524529562 ] ], [ [ -90.513216121279385, 14.645603825972758 ], [ -90.513208853614586, 14.645656809400442 ] ], [ [ -90.513125422197632, 14.645592032818669 ], [ -90.513118154512341, 14.6456450162402 ] ] ] } },
{ "type": "Feature", "properties": { "kind": "a1", "value": "7.155588495680132", "building_uid": "2888" }, "geometry": { "type": "MultiLineString", "coordinates": [ [ [ -90.513010949101385, 14.645613681989927 ], [ -90.513076750033136, 14.645622287108534 ] ], [ [ -90.513008297594439, 14.645632901359024 ], [ -90.513013600607579, 14.645594462620709 ] ], [ [ -90.513074098531575, 14.645641506479251 ], [ -90.513079401533943, 14.645603067737685 ] ] ] } },
{ "type": "Feature", "properties": { "kind": "a1", "value": "11.043325560595191", "building_uid": "2890" }, "geometry": { "type": "MultiLineString", "coordinates": [ [ [ -90.512895655537093, 14.645698599324382 ], [ -90.512997171443814, 14.645712135824549 ] ], [ [ -90.512891484512679, 14.645728250437076 ], [ -90.512899826559746, 14.645668948211357 ] ], [ [ -90.512993000432189, 14.645741786941143 ], [ -90.513001342453663, 14.645682484707633 ] ] ] } },
{ "type": "Feature", "properties": { "kind": "a1", "value": "11.796405931336093", "building_uid": "2892" }, "geometry": { "type": "MultiLineString", "coordinates": [ [ [ -90.512674629138616, 14.644983625005853 ], [ -90.512659189643529, 14.645089122066613 ] ], [ [ -90.512642122318482, 14.644979115371251 ], [ -90.512707135960824, 14.644988134636129 ] ], [ [ -90.512626682808857, 14.645084612427477 ], [ -90.512691696480275, 14.645093631701407 ] ] ] } },
{ "type": "Feature", "properties": { "kind": "a1", "value": "11.87648227185887", "building_uid": "2893" }, "geometry": { "type": "MultiLineString", "coordinates": [ [ [ -90.512494723418953, 14.645169652421389 ], [ -90.512512772348614, 14.645063815361267 ] ], [ [ -90.512527335031905, 14.645174924229378 ], [ -90.51246211180829, 14.645164380609064 ] ], [ [ -90.51254538394717, 14.645069087164371 ], [ -90.512480160752347, 14.645058543553827 ] ] ] } },
{ "type": "Feature", "properties": { "kind": "a1", "value": "5.091448571383287", "building_uid": "2894" }, "geometry": { "type": "MultiLineString", "coordinates": [ [ [ -90.512359058424039, 14.645603545364086 ], [ -90.512312274575919, 14.645597168669251 ] ], [ [ -90.512361023279738, 14.645589880569911 ], [ -90.512357093567957, 14.645617210158193 ] ], [ [ -90.512314239434332, 14.64558350387591 ], [ -90.512310309717108, 14.645610833462518 ] ] ] } },
{ "type": "Feature", "properties": { "kind": "a1", "value": "9.715319005191079", "building_uid": "2895" }, "geometry": { "type": "MultiLineString", "coordinates": [ [ [ -90.512650757087684, 14.645217551768766 ], [ -90.512636386119951, 14.64530419242641 ] ], [ [ -90.512624060464077, 14.645213354238674 ], [ -90.512677453712811, 14.645221749295944 ] ], [ [ -90.512609689486638, 14.645299994893083 ], [ -90.512663082754756, 14.645308389956815 ] ] ] } },
{ "type": "Feature", "properties": { "kind": "a1", "value": "12.0838863123154", "building_uid": "2896" }, "geometry": { "type": "MultiLineString", "coordinates": [ [ [ -90.512610803850393, 14.64541072718459 ], [ -90.512628245631547, 14.645302896578299 ] ], [ [ -90.512644029772488, 14.645415821648372 ], [ -90.5125775779306, 14.645405632716303 ] ], [ [ -90.512661471538593, 14.645307991037129 ], [ -90.512595019726788, 14.645297802114953 ] ] ] } },
{ "type": "Feature", "properties": { "kind": "a1", "value": "7.035163150255831", "building_uid": "755" }, "geometry": { "type": "MultiLineString", "coordinates": [ [ [ -90.514618273198906, 14.644039489629737 ], [ -90.514683049204123, 14.644047325912824 ] ], [ [ -90.514615858611691, 14.644058409772272 ], [ -90.514620687785452, 14.64402056948707 ] ], [ [ -90.514680634622152, 14.644066246056887 ], [ -90.514685463785412, 14.644028405768648 ] ] ] } },
{ "type": "Feature", "properties": { "kind": "a1", "value": "10.118334939154595", "building_uid": "2898" }, "geometry": { "type": "MultiLineString", "coordinates": [ [ [ -90.512141620591692, 14.645201629275721 ], [ -90.512130647693539, 14.645292406557131 ] ], [ [ -90.512113649350454, 14.645198424267079 ], [ -90.512169591834279, 14.645204834281131 ] ], [ [ -90.512102676441387, 14.645289201545392 ], [ -90.512158618947069, 14.645295611565624 ] ] ] } },
{ "type": "Feature", "properties": { "kind": "a1", "value": "14.093693860715534", "building_uid": "3049" }, "geometry": { "type": "MultiLineString", "coordinates": [ [ [ -90.514099265449744, 14.645473788826148 ], [ -90.514083006450562, 14.645600116137112 ] ], [ [ -90.514060340114455, 14.645469039838046 ], [ -90.514138190787776, 14.645478537807993 ] ], [ [ -90.514044081094198, 14.645595367142878 ], [ -90.514121931809669, 14.645604865125089 ] ] ] } },
{ "type": "Feature", "properties": { "kind": "a1", "value": "15.17249454632171", "building_uid": "3239" }, "geometry": { "type": "MultiLineString", "coordinates": [ [ [ -90.515180206081368, 14.643554964398682 ], [ -90.515201952423027, 14.643419548885678 ] ], [ [ -90.515221931403119, 14.643561316210253 ], [ -90.515138480763241, 14.643548612579989 ] ], [ [ -90.515243677721045, 14.643425900689479 ], [ -90.515160227128632, 14.643413197074755 ] ] ] } },
{ "type": "Feature", "properties": { "kind": "a1", "value": "13.104862286862984", "building_uid": "3240" }, "geometry": { "type": "MultiLineString", "coordinates": [ [ [ -90.514173107309148, 14.643197050140344 ], [ -90.51405293588617, 14.643179020204284 ] ], [ [ -90.514178662818978, 14.643161949647086 ], [ -90.514167551796632, 14.643232150633088 ] ], [ [ -90.514058491413763, 14.643143919716795 ], [ -90.514047380355919, 14.643214120691265 ] ] ] } },
{ "type": "Feature", "properties": { "kind": "a1", "value": "9.597691833453219", "building_uid": "3241" }, "geometry": { "type": "MultiLineString", "coordinates": [ [ [ -90.513827470395142, 14.643159062243976 ], [ -90.513915525037774, 14.64317198618695 ] ], [ [ -90.513823488167176, 14.643184781846509 ], [ -90.513831452621702, 14.643133342641176 ] ], [ [ -90.513911542819358, 14.643197705792545 ], [ -90.513919507254784, 14.643146266581084 ] ] ] } },
{ "type": "Feature", "properties": { "kind": "a1", "value": "8.555946665517519", "building_uid": "12787" }, "geometry": { "type": "MultiLineString", "coordinates": [ [ [ -90.51437242727286, 14.644692555500887 ], [ -90.514384651866806, 14.644616187316355 ] ], [ [ -90.51439595857822, 14.644696126119729 ], [ -90.514348895968624, 14.644688984879789 ] ], [ [ -90.514408183164633, 14.644619757932727 ], [ -90.514361120570129, 14.644612616697723 ] ] ] } },
{ "type": "Feature", "properties": { "kind": "a1", "value": "5.182987015319401", "building_uid": "12789" }, "geometry": { "type": "MultiLineString", "coordinates": [ [ [ -90.514382821668448, 14.644486323183134 ], [ -90.514375650547976, 14.644532620163908 ] ], [ [ -90.514368556207685, 14.644484228606096 ], [ -90.514397087129623, 14.644488417759344 ] ], [ [ -90.514361385084442, 14.644530525585974 ], [ -90.51438991601195, 14.644534714741011 ] ] ] } },
{ "type": "Feature", "properties": { "kind": "a1", "value": "4.023615877005495", "building_uid": "12843" }, "geometry": { "type": "MultiLineString", "coordinates": [ [ [ -90.512343930742503, 14.644111411892531 ], [ -90.512348838742255, 14.644075380114689 ] ], [ [ -90.51235503317335, 14.644112845448635 ], [ -90.51233282831187, 14.644109978335923 ] ], [ [ -90.512359941171411, 14.644076813670276 ], [ -90.512337736313341, 14.644073946558581 ] ] ] } },
{ "type": "Feature", "properties": { "kind": "a1", "value": "8.145607706351132", "building_uid": "12849" }, "geometry": { "type": "MultiLineString", "coordinates": [ [ [ -90.512564724049099, 14.644347032844067 ], [ -90.512490154677423, 14.64433505661491 ] ], [ [ -90.512568414270973, 14.644325252227317 ], [ -90.512561033826131, 14.644368813460602 ] ], [ [ -90.512493844906089, 14.644313276000451 ], [ -90.51248646444769, 14.644356837229157 ] ] ] } },
{ "type": "Feature", "properties": { "kind": "a1", "value": "6.702388908183859", "building_uid": "12850" }, "geometry": { "type": "MultiLineString", "coordinates": [ [ [ -90.512232209030543, 14.645497502116825 ], [ -90.512170753460993, 14.645488244201806 ] ], [ [ -90.512235061676904, 14.645479551944497 ], [ -90.512229356383457, 14.645515452289025 ] ], [ [ -90.512173606112, 14.645470294030982 ], [ -90.512167900809274, 14.645506194372492 ] ] ] } },
{ "type": "Feature", "properties": { "kind": "a1", "value": "3.570056420105644", "building_uid": "12851" }, "geometry": { "type": "MultiLineString", "coordinates": [ [ [ -90.512069837098537, 14.64548985371291 ], [ -90.512074230160138, 14.645457888568913 ] ], [ [ -90.512079686544809, 14.645491136854808 ], [ -90.512059987652449, 14.645488570570604 ] ], [ [ -90.512084079605074, 14.645459171710414 ], [ -90.512064380715401, 14.645456605427013 ] ] ] } },
{ "type": "Feature", "properties": { "kind": "a1", "value": "7.048929630771675", "building_uid": "12852" }, "geometry": { "type": "MultiLineString", "coordinates": [ [ [ -90.512665630659612, 14.645453168300167 ], [ -90.512600801660895, 14.645444756525855 ] ], [ [ -90.51266822258313, 14.645434232800229 ], [ -90.512663038735397, 14.645472103799989 ] ], [ [ -90.512603393589657, 14.645425821027482 ], [ -90.512598209731451, 14.645463692024105 ] ] ] } },
{ "type": "Feature", "properties": { "kind": "a1", "value": "6.894496804136919", "building_uid": "756" }, "geometry": { "type": "MultiLineString", "coordinates": [ [ [ -90.514723789343478, 14.643755183050349 ], [ -90.514713604401194, 14.643816669979802 ] ], [ [ -90.514704843476991, 14.643752208171131 ], [ -90.514742735210731, 14.64375815792811 ] ], [ [ -90.514694658529834, 14.643813695098954 ], [ -90.514732550273322, 14.643819644859184 ] ] ] } },
{ "type": "Feature", "properties": { "kind": "a1", "value": "9.753506612748241", "building_uid": "12916" }, "geometry": { "type": "MultiLineString", "coordinates": [ [ [ -90.515126511963899, 14.645619381930294 ], [ -90.515138206834706, 14.64553201246739 ] ], [ [ -90.515153433205086, 14.645622797810381 ], [ -90.515099590724049, 14.64561596604722 ] ], [ [ -90.515165128065831, 14.645535428344497 ], [ -90.515111285604917, 14.645528596587299 ] ] ] } },
{ "type": "Feature", "properties": { "kind": "a1", "value": "8.590655775051722", "building_uid": "12918" }, "geometry": { "type": "MultiLineString", "coordinates": [ [ [ -90.513370445295607, 14.645017812954517 ], [ -90.513449423163735, 14.64502828334142 ] ], [ [ -90.513367219049172, 14.645040881152994 ], [ -90.513373671540961, 14.644994744755845 ] ], [ [ -90.513446196925074, 14.645051351542254 ], [ -90.51345264940133, 14.645005215140392 ] ] ] } },
{ "type": "Feature", "properties": { "kind": "a1", "value": "11.770745835338149", "building_uid": "12952" }, "geometry": { "type": "MultiLineString", "coordinates": [ [ [ -90.514862023669806, 14.646316882421726 ], [ -90.514970221649151, 14.646331347527983 ] ], [ [ -90.514857566499202, 14.646348485166554 ], [ -90.514866480838407, 14.646285279676533 ] ], [ [ -90.514965764493098, 14.646362950277243 ], [ -90.514974678803199, 14.646299744778361 ] ] ] } },
{ "type": "Feature", "properties": { "kind": "a1", "value": "20.09578730598974", "building_uid": "12953" }, "geometry": { "type": "MultiLineString", "coordinates": [ [ [ -90.514407129667532, 14.646259731281694 ], [ -90.514431379210819, 14.646079737941413 ] ], [ [ -90.514462591362545, 14.646266814156423 ], [ -90.514351667978232, 14.646252648394277 ] ], [ [ -90.514486840863214, 14.646086820803459 ], [ -90.514375917564166, 14.646072655066693 ] ] ] } },
{ "type": "Feature", "properties": { "kind": "a1", "value": "5.77167236024915", "building_uid": "12995" }, "geometry": { "type": "MultiLineString", "coordinates": [ [ [ -90.512861832536572, 14.645151917245 ], [ -90.512808785399969, 14.645144779598043 ] ], [ [ -90.512864031860161, 14.645136423014655 ], [ -90.512859633212486, 14.645167411475255 ] ], [ [ -90.512810984727054, 14.645129285368768 ], [ -90.512806586072401, 14.64516027382723 ] ] ] } },
{ "type": "Feature", "properties": { "kind": "a1", "value": "3.3658412745741697", "building_uid": "12998" }, "geometry": { "type": "MultiLineString", "coordinates": [ [ [ -90.512780460594087, 14.645569184872876 ], [ -90.512749515185902, 14.645565094091737 ] ], [ [ -90.512781721089638, 14.645560146225762 ], [ -90.512779200098393, 14.64557822351995 ] ], [ [ -90.512750775682633, 14.645556055444997 ], [ -90.512748254689001, 14.645574132738458 ] ] ] } },
{ "type": "Feature", "properties": { "kind": "a1", "value": "22.123910497310202", "building_uid": "48" }, "geometry": { "type": "MultiLineString", "coordinates": [ [ [ -90.513787299097743, 14.644224880185087 ], [ -90.513813766080219, 14.644026692270486 ] ], [ [ -90.513848366548302, 14.644232610808622 ], [ -90.513726231654104, 14.644217149546167 ] ], [ [ -90.513874833479051, 14.64403442287869 ], [ -90.513752698688279, 14.644018961646896 ] ] ] } },
{ "type": "Feature", "properties": { "kind": "a1", "value": "9.870079912290567", "building_uid": "180" }, "geometry": { "type": "MultiLineString", "coordinates": [ [ [ -90.514781923180337, 14.644666221699763 ], [ -90.514768707018774, 14.644754449653819 ] ], [ [ -90.514754737531618, 14.644662361460233 ], [ -90.514809108830534, 14.644670081936264 ] ], [ [ -90.514741521359895, 14.644750589411093 ], [ -90.514795892679103, 14.644758309893518 ] ] ] } },
{ "type": "Feature", "properties": { "kind": "a1", "value": "6.364870284725461", "building_uid": "181" }, "geometry": { "type": "MultiLineString", "coordinates": [ [ [ -90.514595425863561, 14.644553141252565 ], [ -90.514587784732697, 14.64461015494898 ] ], [ [ -90.514577858262271, 14.644550909393232 ], [ -90.51461299346542, 14.644555373110622 ] ], [ [ -90.514570217127144, 14.644607923088371 ], [ -90.514605352338847, 14.64461238680831 ] ] ] } },
{ "type": "Feature", "properties": { "kind": "a1", "value": "8.405436648128408", "building_uid": "189" }, "geometry": { "type": "MultiLineString", "coordinates": [ [ [ -90.513035531323311, 14.643573326985249 ], [ -90.513112838207775, 14.643583337616239 ] ], [ [ -90.51303244676231, 14.643595907266247 ], [ -90.513038615883303, 14.643550746704067 ] ], [ [ -90.51310975365422, 14.643605917899476 ], [ -90.513115922760335, 14.643560757332825 ] ] ] } },
{ "type": "Feature", "properties": { "kind": "a1", "value": "10.318432033580391", "building_uid": "190" }, "geometry": { "type": "MultiLineString", "coordinates": [ [ [ -90.513076247694741, 14.644212248355492 ], [ -90.51317107083598, 14.644225097598596 ] ], [ [ -90.513072288463718, 14.644239944812664 ], [ -90.513080206924187, 14.644184551898039 ] ], [ [ -90.513167111616113, 14.644252794059199 ], [ -90.513175030054271, 14.644197401137712 ] ] ] } },
{ "type": "Feature", "properties": { "kind": "a1", "value": "10.463064679865997", "building_uid": "197" }, "geometry": { "type": "MultiLineString", "coordinates": [ [ [ -90.512700992212189, 14.643452320482705 ], [ -90.512688690841628, 14.643546076513323 ] ], [ [ -90.512672103361112, 14.643448727419504 ], [ -90.512729881064786, 14.643455913542461 ] ], [ [ -90.512659801978955, 14.643542483446719 ], [ -90.512717579705807, 14.643549669576487 ] ] ] } },
{ "type": "Feature", "properties": { "kind": "a1", "value": "11.22924588896302", "building_uid": "309" }, "geometry": { "type": "MultiLineString", "coordinates": [ [ [ -90.513080918119087, 14.643998879180684 ], [ -90.512977680457638, 14.64398521093022 ] ], [ [ -90.513085129691731, 14.64396872492908 ], [ -90.513076706544624, 14.644029033431957 ] ], [ [ -90.512981892043527, 14.643955056682636 ], [ -90.512973468869916, 14.644015365177472 ] ] ] } },
{ "type": "Feature", "properties": { "kind": "a1", "value": "6.904105907507135", "building_uid": "765" }, "geometry": { "type": "MultiLineString", "coordinates": [ [ [ -90.514473197233315, 14.645380789366889 ], [ -90.51448196418194, 14.645319008011786 ] ], [ [ -90.514492233963864, 14.645383350051583 ], [ -90.514454160503462, 14.645378228680697 ] ], [ [ -90.514501000907487, 14.645321568694957 ], [ -90.514462927457075, 14.645316447327128 ] ] ] } },
{ "type": "Feature", "properties": { "kind": "a1", "value": "13.803848680850013", "building_uid": "770" }, "geometry": { "type": "MultiLineString", "coordinates": [ [ [ -90.514022356973982, 14.645688387597238 ], [ -90.513895809952416, 14.645669172939973 ] ], [ [ -90.51402827759604, 14.645651425300368 ], [ -90.514016436348925, 14.645725349893526 ] ], [ [ -90.513901730594142, 14.64563221064954 ], [ -90.51388988930772, 14.645706135229846 ] ] ] } },
{ "type": "Feature", "properties": { "kind": "a1", "value": "14.28690113419531", "building_uid": "913" }, "geometry": { "type": "MultiLineString", "coordinates": [ [ [ -90.514508915638743, 14.646500595462362 ], [ -90.514527163419558, 14.646372763503841 ] ], [ [ -90.51454830479021, 14.646505925318957 ], [ -90.514469526490288, 14.646495265599384 ] ], [ [ -90.514566552549624, 14.646378093353873 ], [ -90.514487774292476, 14.646367433647427 ] ] ] } },
{ "type": "Feature", "properties": { "kind": "a1", "value": "8.111327995932102", "building_uid": "920" }, "geometry": { "type": "MultiLineString", "coordinates": [ [ [ -90.513785020268315, 14.646084965100135 ], [ -90.513773564943563, 14.646157384917483 ] ], [ [ -90.513762705429002, 14.646081619196032 ], [ -90.513807335108666, 14.646088311002197 ] ], [ [ -90.513751250097442, 14.646154039011179 ], [ -90.513795879790706, 14.646160730821761 ] ] ] } },
{ "type": "Feature", "properties": { "kind": "a1", "value": "7.069969637903769", "building_uid": "1296" }, "geometry": { "type": "MultiLineString", "coordinates": [ [ [ -90.513845693579043, 14.644417348280008 ], [ -90.513780595305164, 14.644409486711405 ] ], [ [ -90.513848115955639, 14.644398334038247 ], [ -90.513843271201779, 14.644436362521652 ] ], [ [ -90.513783017687061, 14.64439047247118 ], [ -90.513778172922585, 14.644428500951514 ] ] ] } },
{ "type": "Feature", "properties": { "kind": "a1", "value": "7.901518312439581", "building_uid": "1298" }, "geometry": { "type": "MultiLineString", "coordinates": [ [ [ -90.513753090687217, 14.644344951450332 ], [ -90.513680297139928, 14.644336474022278 ] ], [ [ -90.513755702826529, 14.644323689525935 ], [ -90.513750478547067, 14.644366213374589 ] ], [ [ -90.51368290928589, 14.644315212099773 ], [ -90.513677684993127, 14.64435773594464 ] ] ] } },
{ "type": "Feature", "properties": { "kind": "a1", "value": "23.701605537179532", "building_uid": "1301" }, "geometry": { "type": "MultiLineString", "coordinates": [ [ [ -90.51494521895566, 14.644482818627441 ], [ -90.515163014935752, 14.644512437544108 ] ], [ [ -90.514936092462662, 14.644546433570584 ], [ -90.514954345440401, 14.6444192036828 ] ], [ [ -90.515153888501587, 14.644576052505345 ], [ -90.515172141361646, 14.644448822581362 ] ] ] } },
{ "type": "Feature", "properties": { "kind": "a1", "value": "4.495975639657134", "building_uid": "1306" }, "geometry": { "type": "MultiLineString", "coordinates": [ [ [ -90.514717676014612, 14.643906377628923 ], [ -90.514722905710272, 14.643866083680535 ] ], [ [ -90.514730091731508, 14.643907905149222 ], [ -90.514705260298015, 14.643904850107987 ] ], [ [ -90.514735321425007, 14.643867611200216 ], [ -90.514710489995807, 14.643864556160224 ] ] ] } },
{ "type": "Feature", "properties": { "kind": "a1", "value": "15.260399265673069", "building_uid": "1407" }, "geometry": { "type": "MultiLineString", "coordinates": [ [ [ -90.512267103529737, 14.646045607599095 ], [ -90.512406992179592, 14.646066920779321 ] ], [ [ -90.512260536250892, 14.64608646668605 ], [ -90.512273670804916, 14.646004748511436 ] ], [ [ -90.512400424924749, 14.646107779874145 ], [ -90.512413559430769, 14.64602606168379 ] ] ] } },
{ "type": "Feature", "properties": { "kind": "a1", "value": "15.633810203693145", "building_uid": "1427" }, "geometry": { "type": "MultiLineString", "coordinates": [ [ [ -90.513300960779318, 14.644954437936144 ], [ -90.513277359758092, 14.645093783890273 ] ], [ [ -90.513258024102129, 14.644947544447566 ], [ -90.513343897460473, 14.644961331417218 ] ], [ [ -90.513234423055948, 14.645086890393241 ], [ -90.513320296464244, 14.645100677379778 ] ] ] } },
{ "type": "Feature", "properties": { "kind": "a1", "value": "6.159037751465138", "building_uid": "1547" }, "geometry": { "type": "MultiLineString", "coordinates": [ [ [ -90.514446145212816, 14.645528093054658 ], [ -90.514438255726418, 14.645583197896062 ] ], [ [ -90.514429165709615, 14.645525788664786 ], [ -90.514463124716599, 14.645530397443345 ] ], [ [ -90.514421276219224, 14.645580893504972 ], [ -90.514455235234166, 14.645585502285972 ] ] ] } },
{ "type": "Feature", "properties": { "kind": "a1", "value": "8.38802254411998", "building_uid": "1548" }, "geometry": { "type": "MultiLineString", "coordinates": [ [ [ -90.514561762259959, 14.645707441811778 ], [ -90.514573238156984, 14.645632496939225 ] ], [ [ -90.514584855108865, 14.645710793731826 ], [ -90.514538669412104, 14.645704089889536 ] ], [ [ -90.5145963309986, 14.645635848856948 ], [ -90.514550145316448, 14.64562914501931 ] ] ] } },
{ "type": "Feature", "properties": { "kind": "a1", "value": "6.67565867569865", "building_uid": "1550" }, "geometry": { "type": "MultiLineString", "coordinates": [ [ [ -90.514103031438907, 14.645632769432815 ], [ -90.514164702659158, 14.645638370572961 ] ], [ [ -90.514101305551137, 14.645650782579855 ], [ -90.51410475732618, 14.645614756285701 ] ], [ [ -90.51416297677622, 14.64565638372123 ], [ -90.514166428541586, 14.645620357424605 ] ] ] } },
{ "type": "Feature", "properties": { "kind": "a1", "value": "7.007725133147615", "building_uid": "1555" }, "geometry": { "type": "MultiLineString", "coordinates": [ [ [ -90.51288636913857, 14.645212489931817 ], [ -90.51289564292972, 14.645149832976781 ] ], [ [ -90.5129056756533, 14.645215198659191 ], [ -90.512867062624551, 14.645209781202912 ] ], [ [ -90.512914949439335, 14.64515254170256 ], [ -90.512876336420817, 14.645147124249483 ] ] ] } },
{ "type": "Feature", "properties": { "kind": "a1", "value": "11.232635473070834", "building_uid": "2589" }, "geometry": { "type": "MultiLineString", "coordinates": [ [ [ -90.514889777405841, 14.644488208324729 ], [ -90.514876616741333, 14.644588866029228 ] ], [ [ -90.514858761807986, 14.644484364291886 ], [ -90.514920793005459, 14.6444920523536 ] ], [ [ -90.514845601130119, 14.644585021992473 ], [ -90.514907632354308, 14.644592710062017 ] ] ] } },
{ "type": "Feature", "properties": { "kind": "a1", "value": "7.830444384195515", "building_uid": "2590" }, "geometry": { "type": "MultiLineString", "coordinates": [ [ [ -90.514620320775464, 14.644353999273836 ], [ -90.514610563444435, 14.644424094738007 ] ], [ [ -90.514598722315597, 14.644351149301759 ], [ -90.514641919236183, 14.644356849243989 ] ], [ [ -90.514588964978145, 14.644421244763981 ], [ -90.514632161911621, 14.64442694471011 ] ] ] } },
{ "type": "Feature", "properties": { "kind": "a1", "value": "9.810157143529148", "building_uid": "2591" }, "geometry": { "type": "MultiLineString", "coordinates": [ [ [ -90.514916468807428, 14.644356093710108 ], [ -90.514923973924553, 14.644267775441802 ] ], [ [ -90.514943682246212, 14.644358285844339 ], [ -90.51488925536971, 14.644353901572773 ] ], [ [ -90.514951187352793, 14.644269967573466 ], [ -90.514896760497379, 14.64426558330703 ] ] ] } },
{ "type": "Feature", "properties": { "kind": "a1", "value": "8.482543120335261", "building_uid": "2600" }, "geometry": { "type": "MultiLineString", "coordinates": [ [ [ -90.512450935889021, 14.644182161643268 ], [ -90.512372875888929, 14.644172384965126 ] ], [ [ -90.512453948362364, 14.644159361448152 ], [ -90.512447923414655, 14.644204961838211 ] ], [ [ -90.512375888369903, 14.644149584772254 ], [ -90.512369863406974, 14.64419518515782 ] ] ] } },
{ "type": "Feature", "properties": { "kind": "a1", "value": "8.30371237826491", "building_uid": "2602" }, "geometry": { "type": "MultiLineString", "coordinates": [ [ [ -90.512789485550201, 14.644312696647665 ], [ -90.512799688788121, 14.644238345905132 ] ], [ [ -90.512812395181598, 14.64431567686414 ], [ -90.512766575919798, 14.644309716429031 ] ], [ [ -90.512822598412242, 14.644241326119424 ], [ -90.51277677916498, 14.644235365688681 ] ] ] } },
{ "type": "Feature", "properties": { "kind": "a1", "value": "14.926369400418201", "building_uid": "2604" }, "geometry": { "type": "MultiLineString", "coordinates": [ [ [ -90.512624498058244, 14.644001282570422 ], [ -90.512645698699586, 14.643868034752815 ] ], [ [ -90.512665555536785, 14.644007474977522 ], [ -90.512583440583199, 14.643995090156427 ] ], [ [ -90.512686756155119, 14.643874227152422 ], [ -90.512604641247549, 14.643861842346318 ] ] ] } },
{ "type": "Feature", "properties": { "kind": "a1", "value": "12.35752248134315", "building_uid": "2605" }, "geometry": { "type": "MultiLineString", "coordinates": [ [ [ -90.512925579778198, 14.643637158532012 ], [ -90.512812014898827, 14.643621794318692 ] ], [ [ -90.512930313916158, 14.643603987791234 ], [ -90.512920845638007, 14.643670329272386 ] ], [ [ -90.512816749052803, 14.64358862358282 ], [ -90.512807280742635, 14.643654965054143 ] ] ] } },
{ "type": "Feature", "properties": { "kind": "a1", "value": "16.416350977173856", "building_uid": "2606" }, "geometry": { "type": "MultiLineString", "coordinates": [ [ [ -90.51271221226817, 14.643804461633765 ], [ -90.512863097022688, 14.64382473603702 ] ], [ [ -90.512705965131758, 14.643848532951379 ], [ -90.512718459400631, 14.643760390315432 ] ], [ [ -90.512856849914542, 14.643868807363283 ], [ -90.512869344126884, 14.643780664710045 ] ] ] } },
{ "type": "Feature", "properties": { "kind": "a1", "value": "10.453276611452011", "building_uid": "2607" }, "geometry": { "type": "MultiLineString", "coordinates": [ [ [ -90.512563514749132, 14.643579914150218 ], [ -90.512467626429327, 14.643565735005515 ] ], [ [ -90.512567883735528, 14.643551906482527 ], [ -90.51255914576106, 14.643607921817583 ] ], [ [ -90.512471995427035, 14.643537727341473 ], [ -90.512463257429928, 14.643593742669239 ] ] ] } },
{ "type": "Feature", "properties": { "kind": "a1", "value": "8.149891100023407", "building_uid": "2692" }, "geometry": { "type": "MultiLineString", "coordinates": [ [ [ -90.51450113275115, 14.648395009244185 ], [ -90.514576264958365, 14.648403344023569 ] ], [ [ -90.514498564510191, 14.648416953843295 ], [ -90.514503700991256, 14.648373064644925 ] ], [ [ -90.514573696724526, 14.648425288624656 ], [ -90.514578833191337, 14.648381399422336 ] ] ] } },
{ "type": "Feature", "properties": { "kind": "a1", "value": "6.251855536720573", "building_uid": "2709" }, "geometry": { "type": "MultiLineString", "coordinates": [ [ [ -90.514396756815302, 14.647279774462071 ], [ -90.514339318968595, 14.647271880944293 ] ], [ [ -90.514399189069195, 14.647262997939464 ], [ -90.51439432456084, 14.647296550984567 ] ], [ [ -90.514341751226567, 14.64725510442296 ], [ -90.514336886710041, 14.647288657465531 ] ] ] } },
{ "type": "Feature", "properties": { "kind": "a1", "value": "16.342504417705797", "building_uid": "2710" }, "geometry": { "type": "MultiLineString", "coordinates": [ [ [ -90.514181919241281, 14.647522125607528 ], [ -90.51420268898552, 14.647375887210929 ] ], [ [ -90.514226980222972, 14.647528192057035 ], [ -90.514136858263484, 14.647516059149668 ] ], [ [ -90.514247749939187, 14.647381953651866 ], [ -90.514157628035747, 14.647369820761638 ] ] ] } },
{ "type": "Feature", "properties": { "kind": "a1", "value": "11.293631992825086", "building_uid": "2713" }, "geometry": { "type": "MultiLineString", "coordinates": [ [ [ -90.514085262866544, 14.648244826827945 ], [ -90.514099230533546, 14.648143716317378 ] ], [ [ -90.514116418528531, 14.648248906505234 ], [ -90.51405410720642, 14.648240747146653 ] ], [ [ -90.514130386182103, 14.648147795990623 ], [ -90.514068074886836, 14.648139636640138 ] ] ] } },
{ "type": "Feature", "properties": { "kind": "a1", "value": "10.34825083389621", "building_uid": "2714" }, "geometry": { "type": "MultiLineString", "coordinates": [ [ [ -90.514331612415575, 14.648340754219733 ], [ -90.514236559230369, 14.648327551160307 ] ], [ [ -90.514335680732245, 14.648312991094027 ], [ -90.514327544097327, 14.648368517345141 ] ], [ [ -90.514240627558209, 14.648299788038081 ], [ -90.514232490900909, 14.648355314282238 ] ] ] } },
{ "type": "Feature", "properties": { "kind": "a1", "value": "5.813112362774819", "building_uid": "2715" }, "geometry": { "type": "MultiLineString", "coordinates": [ [ [ -90.514116517190516, 14.648262070383865 ], [ -90.514109266681345, 14.648314106448282 ] ], [ [ -90.514100483069782, 14.648259952655504 ], [ -90.514132551311747, 14.648264188111163 ] ], [ [ -90.514093232557045, 14.648311988718843 ], [ -90.514125300806128, 14.648316224176657 ] ] ] } },
{ "type": "Feature", "properties": { "kind": "a1", "value": "7.171695963649675", "building_uid": "2716" }, "geometry": { "type": "MultiLineString", "coordinates": [ [ [ -90.514264043569426, 14.64810127460361 ], [ -90.514254590564875, 14.648165402999306 ] ], [ [ -90.514244283395669, 14.648098513568559 ], [ -90.51428380374395, 14.648104035637051 ] ], [ [ -90.514234830385746, 14.648162641962584 ], [ -90.51427435074477, 14.648168164034427 ] ] ] } },
{ "type": "Feature", "properties": { "kind": "a1", "value": "11.991388465808457", "building_uid": "2717" }, "geometry": { "type": "MultiLineString", "coordinates": [ [ [ -90.514322842417613, 14.648000021628837 ], [ -90.514307970994651, 14.648107373736778 ] ], [ [ -90.514289763540773, 14.647995677979672 ], [ -90.514355921296527, 14.648004365273501 ] ], [ [ -90.514274892102691, 14.648103030083044 ], [ -90.514341049888699, 14.64811171738601 ] ] ] } },
{ "type": "Feature", "properties": { "kind": "a1", "value": "10.727154003360459", "building_uid": "2718" }, "geometry": { "type": "MultiLineString", "coordinates": [ [ [ -90.514492800295116, 14.647991500761544 ], [ -90.514507436018064, 14.647895650480347 ] ], [ [ -90.514522335063049, 14.64799577556971 ], [ -90.514463265528946, 14.647987225949802 ] ], [ [ -90.514536970774046, 14.647899925284703 ], [ -90.514477901263845, 14.647891375672408 ] ] ] } },
{ "type": "Feature", "properties": { "kind": "a1", "value": "8.970308046386558", "building_uid": "2721" }, "geometry": { "type": "MultiLineString", "coordinates": [ [ [ -90.514419283171335, 14.648378173016892 ], [ -90.514501792183609, 14.648388819853901 ] ], [ [ -90.514416002503992, 14.648402272233197 ], [ -90.514422563837542, 14.648354073800382 ] ], [ [ -90.514498511524735, 14.648412919072744 ], [ -90.514505072841331, 14.64836472063485 ] ] ] } },
{ "type": "Feature", "properties": { "kind": "a1", "value": "18.55540209598086", "building_uid": "2722" }, "geometry": { "type": "MultiLineString", "coordinates": [ [ [ -90.514366669416987, 14.648095028254366 ], [ -90.514537289712578, 14.648117432617665 ] ], [ [ -90.514359765837995, 14.648144863057963 ], [ -90.514373572991033, 14.648045193449885 ] ], [ [ -90.514530386169795, 14.648167267432203 ], [ -90.514544193250387, 14.648067597802241 ] ] ] } },
{ "type": "Feature", "properties": { "kind": "a1", "value": "8.601928806396774", "building_uid": "2723" }, "geometry": { "type": "MultiLineString", "coordinates": [ [ [ -90.514164352053342, 14.647674071106502 ], [ -90.514175325781324, 14.647597103664655 ] ], [ [ -90.514188068334263, 14.647677276322137 ], [ -90.514140635773501, 14.647670865888561 ] ], [ [ -90.5141990420545, 14.647600308877903 ], [ -90.514151609509241, 14.647593898449088 ] ] ] } },
{ "type": "Feature", "properties": { "kind": "a1", "value": "10.411386599953362", "building_uid": "2724" }, "geometry": { "type": "MultiLineString", "coordinates": [ [ [ -90.514136837115444, 14.647765536201419 ], [ -90.514149201651691, 14.647672258635899 ] ], [ [ -90.514165579111179, 14.647769147644052 ], [ -90.514108095121202, 14.647761924755377 ] ], [ [ -90.514177943635971, 14.647675870075147 ], [ -90.514120459668945, 14.647668647193242 ] ] ] } },
{ "type": "Feature", "properties": { "kind": "a1", "value": "6.3064690960881", "building_uid": "2725" }, "geometry": { "type": "MultiLineString", "coordinates": [ [ [ -90.514136492400624, 14.647576865578367 ], [ -90.514194525057917, 14.647584157967051 ] ], [ [ -90.51413424536679, 14.647593815808813 ], [ -90.514138739433889, 14.647559915347816 ] ], [ [ -90.514192278028275, 14.647601108198741 ], [ -90.51419677208699, 14.647567207735257 ] ] ] } },
{ "type": "Feature", "properties": { "kind": "a1", "value": "6.470379654800262", "building_uid": "2727" }, "geometry": { "type": "MultiLineString", "coordinates": [ [ [ -90.514476089815247, 14.647717613459781 ], [ -90.514466693964678, 14.647775343302047 ] ], [ [ -90.514458301288329, 14.647714869113402 ], [ -90.514493878342833, 14.64772035780487 ] ], [ [ -90.514448905433454, 14.647772598954246 ], [ -90.51448448249657, 14.647778087648556 ] ] ] } },
{ "type": "Feature", "properties": { "kind": "a1", "value": "7.029308940470313", "building_uid": "2732" }, "geometry": { "type": "MultiLineString", "coordinates": [ [ [ -90.514261134677298, 14.646877427068512 ], [ -90.514269943494384, 14.646814509695432 ] ], [ [ -90.514280521583842, 14.646879999964529 ], [ -90.514241747771479, 14.646874854170946 ] ], [ [ -90.514289330395741, 14.646817082589875 ], [ -90.514250556593751, 14.646811936799438 ] ] ] } },
{ "type": "Feature", "properties": { "kind": "a1", "value": "5.75368227309544", "building_uid": "2733" }, "geometry": { "type": "MultiLineString", "coordinates": [ [ [ -90.514282004596623, 14.646763714572954 ], [ -90.514274279019062, 14.646815143287604 ] ], [ [ -90.514266157731129, 14.646761458071047 ], [ -90.514297851462601, 14.646765971073828 ] ], [ [ -90.514258432150143, 14.646812886784614 ], [ -90.514290125888508, 14.646817399789567 ] ] ] } },
{ "type": "Feature", "properties": { "kind": "a1", "value": "6.15276818122711", "building_uid": "2735" }, "geometry": { "type": "MultiLineString", "coordinates": [ [ [ -90.51429630091225, 14.646657361637816 ], [ -90.514288172714885, 14.646712376358934 ] ], [ [ -90.514279349089449, 14.646654987536774 ], [ -90.514313252735604, 14.646659735737687 ] ], [ [ -90.514271220888148, 14.646710002256656 ], [ -90.514305124542176, 14.646714750460029 ] ] ] } },
{ "type": "Feature", "properties": { "kind": "a1", "value": "6.304476621172538", "building_uid": "2737" }, "geometry": { "type": "MultiLineString", "coordinates": [ [ [ -90.514474828354892, 14.646736151182475 ], [ -90.514483157874523, 14.646679780085826 ] ], [ [ -90.514492198127584, 14.646738584085952 ], [ -90.514457458582797, 14.646733718277764 ] ], [ [ -90.514500527643065, 14.646682212988006 ], [ -90.514465788106577, 14.646677347182411 ] ] ] } },
{ "type": "Feature", "properties": { "kind": "a1", "value": "16.406014160436072", "building_uid": "2739" }, "geometry": { "type": "MultiLineString", "coordinates": [ [ [ -90.514358031334581, 14.646515338238103 ], [ -90.514338981823371, 14.646662376762436 ] ], [ [ -90.514312724018723, 14.646509774214055 ], [ -90.514403338654162, 14.64652090225368 ] ], [ [ -90.514293674478978, 14.646656812730058 ], [ -90.514384289171488, 14.646667940786335 ] ] ] } },
{ "type": "Feature", "properties": { "kind": "a1", "value": "13.836437431881098", "building_uid": "2743" }, "geometry": { "type": "MultiLineString", "coordinates": [ [ [ -90.5136719721622, 14.646310936029552 ], [ -90.513651265879759, 14.646434290827532 ] ], [ [ -90.513633962602739, 14.646304888086418 ], [ -90.513709981724773, 14.646316983966791 ] ], [ [ -90.513613256300687, 14.646428242877811 ], [ -90.513689275461914, 14.646440338771352 ] ] ] } },
{ "type": "Feature", "properties": { "kind": "a1", "value": "8.351187655876155", "building_uid": "2754" }, "geometry": { "type": "MultiLineString", "coordinates": [ [ [ -90.513829289969237, 14.647611904611189 ], [ -90.513906051625312, 14.647622194061725 ] ], [ [ -90.513826119437041, 14.647634325220247 ], [ -90.513832460500439, 14.64758948400195 ] ], [ [ -90.513902881100421, 14.64764461467302 ], [ -90.513909222149195, 14.647599773450255 ] ] ] } },
{ "type": "Feature", "properties": { "kind": "a1", "value": "0.9490475743678272", "building_uid": "2756" }, "geometry": { "type": "MultiLineString", "coordinates": [ [ [ -90.513823599432442, 14.647727265485072 ], [ -90.513822379903203, 14.647735756077912 ] ], [ [ -90.513820983192034, 14.64772690928411 ], [ -90.513826215672893, 14.647727621685995 ] ], [ [ -90.513819763662681, 14.647735399876922 ], [ -90.51382499614374, 14.647736112278865 ] ] ] } },
{ "type": "Feature", "properties": { "kind": "a1", "value": "7.2208465174766445", "building_uid": "2760" }, "geometry": { "type": "MultiLineString", "coordinates": [ [ [ -90.513721828961081, 14.647604536712558 ], [ -90.513788117659615, 14.647614003133388 ] ], [ [ -90.513718912033355, 14.647623898372183 ], [ -90.513724745888041, 14.647585175052791 ] ], [ [ -90.513785200737303, 14.647633364794727 ], [ -90.513791034581118, 14.647594641471899 ] ] ] } },
{ "type": "Feature", "properties": { "kind": "a1", "value": "8.244917910614745", "building_uid": "2784" }, "geometry": { "type": "MultiLineString", "coordinates": [ [ [ -90.513510789799795, 14.648240477236477 ], [ -90.513585912818215, 14.64825454481292 ] ], [ [ -90.513506455086656, 14.64826241916678 ], [ -90.513515124511727, 14.648218535305924 ] ], [ [ -90.513581578111811, 14.648276486745742 ], [ -90.513590247523396, 14.648232602879855 ] ] ] } },
{ "type": "Feature", "properties": { "kind": "a1", "value": "13.133752957190998", "building_uid": "2802" }, "geometry": { "type": "MultiLineString", "coordinates": [ [ [ -90.512799813125454, 14.648015469145157 ], [ -90.512679087482383, 14.647999315018161 ] ], [ [ -90.512804790757514, 14.647980207556486 ], [ -90.51279483549088, 14.648050730733381 ] ], [ [ -90.512684065132547, 14.647964053435011 ], [ -90.512674109829689, 14.64803457660086 ] ] ] } },
{ "type": "Feature", "properties": { "kind": "a1", "value": "10.491272438970263", "building_uid": "2817" }, "geometry": { "type": "MultiLineString", "coordinates": [ [ [ -90.512699345194108, 14.647819566145705 ], [ -90.512713233766661, 14.647725763032444 ] ], [ [ -90.512728249136231, 14.647823622729042 ], [ -90.512670441253618, 14.647815509558937 ] ], [ [ -90.512742137697302, 14.647729819612186 ], [ -90.512684329837668, 14.647721706449266 ] ] ] } },
{ "type": "Feature", "properties": { "kind": "a1", "value": "8.665891409714636", "building_uid": "2823" }, "geometry": { "type": "MultiLineString", "coordinates": [ [ [ -90.512058801413403, 14.648041327813276 ], [ -90.511979098996321, 14.648030996115288 ] ], [ [ -90.51206198496098, 14.648018048306794 ], [ -90.512055617864732, 14.648064607319562 ] ], [ [ -90.511982282551827, 14.648007716611183 ], [ -90.511975915439749, 14.648054275619204 ] ] ] } },
{ "type": "Feature", "properties": { "kind": "a1", "value": "6.809552316788015", "building_uid": "2852" }, "geometry": { "type": "MultiLineString", "coordinates": [ [ [ -90.512184109662769, 14.64704670589653 ], [ -90.512179104053018, 14.647108026482982 ] ], [ [ -90.512165214764039, 14.647045243849968 ], [ -90.512203004561982, 14.647048167941596 ] ], [ [ -90.512160209149201, 14.647106564435186 ], [ -90.512197998957333, 14.647109488529269 ] ] ] } },
{ "type": "Feature", "properties": { "kind": "a1", "value": "14.587566066997528", "building_uid": "2857" }, "geometry": { "type": "MultiLineString", "coordinates": [ [ [ -90.512133267626766, 14.646025191357799 ], [ -90.512267031752359, 14.646045294142317 ] ], [ [ -90.512127073310893, 14.646064261579765 ], [ -90.512139461939299, 14.645986121135211 ] ], [ [ -90.512260837458484, 14.646084364371426 ], [ -90.512273226042922, 14.646006223912581 ] ] ] } },
{ "type": "Feature", "properties": { "kind": "a1", "value": "7.854708484258436", "building_uid": "2862" }, "geometry": { "type": "MultiLineString", "coordinates": [ [ [ -90.514717921219003, 14.645794599027356 ], [ -90.514789996248837, 14.645805107286408 ] ], [ [ -90.514714683292141, 14.64581565093939 ], [ -90.514721159144912, 14.645773547115134 ] ], [ [ -90.514786758328384, 14.645826159200494 ], [ -90.514793234168351, 14.645784055372147 ] ] ] } },
{ "type": "Feature", "properties": { "kind": "a1", "value": "4.411992882932454", "building_uid": "2866" }, "geometry": { "type": "MultiLineString", "coordinates": [ [ [ -90.514496249984234, 14.645700616564541 ], [ -90.514490077958712, 14.645740016664089 ] ], [ [ -90.514484109587215, 14.645698813818276 ], [ -90.514508390381536, 14.645702419310208 ] ], [ [ -90.51447793755969, 14.645738213917172 ], [ -90.514502218358032, 14.645741819410405 ] ] ] } },
{ "type": "Feature", "properties": { "kind": "a1", "value": "5.274199621175181", "building_uid": "2873" }, "geometry": { "type": "MultiLineString", "coordinates": [ [ [ -90.514003230732087, 14.644772913437968 ], [ -90.514051441270851, 14.644781084522551 ] ], [ [ -90.514000712975687, 14.644786994997597 ], [ -90.514005748488017, 14.644758831878242 ] ], [ [ -90.514048923517265, 14.644795166083167 ], [ -90.514053959023968, 14.644767002961848 ] ] ] } },
{ "type": "Feature", "properties": { "kind": "a1", "value": "10.225389232095932", "building_uid": "2880" }, "geometry": { "type": "MultiLineString", "coordinates": [ [ [ -90.513935562229591, 14.645229878639869 ], [ -90.51402917736452, 14.645244878320614 ] ], [ [ -90.513930940364773, 14.645257222127238 ], [ -90.513940184092732, 14.645202535152174 ] ], [ [ -90.514024555510375, 14.645272221811581 ], [ -90.514033799216961, 14.645217534829307 ] ] ] } },
{ "type": "Feature", "properties": { "kind": "a1", "value": "6.234324692605789", "building_uid": "2881" }, "geometry": { "type": "MultiLineString", "coordinates": [ [ [ -90.514099171790889, 14.645112886296618 ], [ -90.514042444242392, 14.645101874905249 ] ], [ [ -90.514102564731743, 14.645096317072797 ], [ -90.51409577884931, 14.645129455520289 ] ], [ [ -90.514045837187069, 14.645085305682885 ], [ -90.514039051297004, 14.645118444127462 ] ] ] } },
{ "type": "Feature", "properties": { "kind": "a1", "value": "9.552900306034768", "building_uid": "2882" }, "geometry": { "type": "MultiLineString", "coordinates": [ [ [ -90.513559043808556, 14.64506930707546 ], [ -90.513646950853797, 14.64508034216734 ] ], [ [ -90.513555643557638, 14.645094983340487 ], [ -90.513562444058209, 14.645043630810218 ] ], [ [ -90.513643550612528, 14.645106018435211 ], [ -90.513650351093801, 14.645054665899247 ] ] ] } },
{ "type": "Feature", "properties": { "kind": "a1", "value": "6.897020749934294", "building_uid": "2891" }, "geometry": { "type": "MultiLineString", "coordinates": [ [ [ -90.51225563491171, 14.645307869167191 ], [ -90.512247646337556, 14.645369685887209 ] ], [ [ -90.512236587290815, 14.645305535833046 ], [ -90.512274682533246, 14.645310202499836 ] ], [ [ -90.51222859871163, 14.645367352551599 ], [ -90.51226669396415, 14.645372019221329 ] ] ] } },
{ "type": "Feature", "properties": { "kind": "a1", "value": "6.868016285352141", "building_uid": "2897" }, "geometry": { "type": "MultiLineString", "coordinates": [ [ [ -90.512465073289349, 14.645199766530551 ], [ -90.512528010606061, 14.64520948230089 ] ], [ [ -90.512462079562155, 14.645218149519884 ], [ -90.512468067015803, 14.645181383541075 ] ], [ [ -90.512525016883714, 14.645227865291817 ], [ -90.512531004327656, 14.645191099309811 ] ] ] } },
{ "type": "Feature", "properties": { "kind": "a1", "value": "6.234378244557052", "building_uid": "12745" }, "geometry": { "type": "MultiLineString", "coordinates": [ [ [ -90.514178460314781, 14.64622242246651 ], [ -90.514170457762233, 14.646278199118468 ] ], [ [ -90.514161273750886, 14.646220085059365 ], [ -90.514195646879259, 14.646224759872439 ] ], [ [ -90.514153271194246, 14.646275861710077 ], [ -90.514187644330775, 14.64628053652565 ] ] ] } },
{ "type": "Feature", "properties": { "kind": "a1", "value": "6.52293877136523", "building_uid": "12746" }, "geometry": { "type": "MultiLineString", "coordinates": [ [ [ -90.514356933484777, 14.64625337458903 ], [ -90.514349061858255, 14.646311798994626 ] ], [ [ -90.514338931061033, 14.646251075423441 ], [ -90.514374935909117, 14.646255673753284 ] ], [ [ -90.51433105943002, 14.646309499827705 ], [ -90.5143670642871, 14.646314098160213 ] ] ] } },
{ "type": "Feature", "properties": { "kind": "a1", "value": "20.71787254920183", "building_uid": "12782" }, "geometry": { "type": "MultiLineString", "coordinates": [ [ [ -90.513485256641928, 14.644358336788386 ], [ -90.513458551290242, 14.644543676549311 ] ], [ [ -90.513428148047836, 14.644350536552555 ], [ -90.513542365242358, 14.644366137010813 ] ], [ [ -90.513401442651201, 14.644535876299617 ], [ -90.513515659935607, 14.644551476785589 ] ] ] } },
{ "type": "Feature", "properties": { "kind": "a1", "value": "9.239318411087918", "building_uid": "12783" }, "geometry": { "type": "MultiLineString", "coordinates": [ [ [ -90.5131077815944, 14.643616987683156 ], [ -90.513192610598097, 14.643629020806937 ] ], [ [ -90.5131040738449, 14.643641765066752 ], [ -90.513111489342606, 14.643592210299328 ] ], [ [ -90.513188902857493, 14.643653798193325 ], [ -90.513196318337421, 14.643604243420311 ] ] ] } },
{ "type": "Feature", "properties": { "kind": "a1", "value": "16.004748567520103", "building_uid": "12784" }, "geometry": { "type": "MultiLineString", "coordinates": [ [ [ -90.513652645449341, 14.643547461895007 ], [ -90.513505589480701, 14.643527376786917 ] ], [ [ -90.5136588342192, 14.643504508847967 ], [ -90.513646456675701, 14.643590414941375 ] ], [ [ -90.51351177827739, 14.643484423748138 ], [ -90.51349940068026, 14.643570329825012 ] ] ] } },
{ "type": "Feature", "properties": { "kind": "a1", "value": "29.568058037783114", "building_uid": "12785" }, "geometry": { "type": "MultiLineString", "coordinates": [ [ [ -90.513086726385779, 14.643952580327261 ], [ -90.513359717898467, 14.643979030691819 ] ], [ [ -90.513078576217794, 14.644032317253485 ], [ -90.513094876543121, 14.643872843399336 ] ], [ [ -90.513351567825154, 14.644058767642841 ], [ -90.513367867961151, 14.643899293739093 ] ] ] } },
{ "type": "Feature", "properties": { "kind": "a1", "value": "19.969639357131957", "building_uid": "12786" }, "geometry": { "type": "MultiLineString", "coordinates": [ [ [ -90.513626741047347, 14.643728120375837 ], [ -90.51344325446469, 14.643703059402759 ] ], [ [ -90.513634463018619, 14.643674526484942 ], [ -90.513619019070219, 14.643781714265657 ] ], [ [ -90.513450976477685, 14.643649465524742 ], [ -90.513435532445797, 14.643756653279704 ] ] ] } },
{ "type": "Feature", "properties": { "kind": "a1", "value": "8.955240904329035", "building_uid": "12788" }, "geometry": { "type": "MultiLineString", "coordinates": [ [ [ -90.514415294341646, 14.644539146198749 ], [ -90.514401829719475, 14.644618974063746 ] ], [ [ -90.514390697023842, 14.644535213385335 ], [ -90.514439891660757, 14.644543079009697 ] ], [ [ -90.514377232393457, 14.644615041247571 ], [ -90.514426427046786, 14.644622906877458 ] ] ] } },
{ "type": "Feature", "properties": { "kind": "a1", "value": "11.481423553519557", "building_uid": "12846" }, "geometry": { "type": "MultiLineString", "coordinates": [ [ [ -90.512421606307882, 14.644121450025793 ], [ -90.512435433229214, 14.644018610174728 ] ], [ [ -90.512453294236309, 14.644125488670984 ], [ -90.512389918381317, 14.644117411376472 ] ], [ [ -90.512467121143715, 14.644022648815772 ], [ -90.512403745316576, 14.644014571529548 ] ] ] } },
{ "type": "Feature", "properties": { "kind": "a1", "value": "7.9821173920292505", "building_uid": "12847" }, "geometry": { "type": "MultiLineString", "coordinates": [ [ [ -90.512487990306468, 14.643946918796081 ], [ -90.512414615149666, 14.643937135021979 ] ], [ [ -90.512491004963522, 14.643925486952567 ], [ -90.512484975648505, 14.643968350639426 ] ], [ [ -90.512417629813399, 14.643915703180504 ], [ -90.512411600485009, 14.64395856686329 ] ] ] } },
{ "type": "Feature", "properties": { "kind": "a1", "value": "9.352646071310257", "building_uid": "12848" }, "geometry": { "type": "MultiLineString", "coordinates": [ [ [ -90.512344063133213, 14.643968638912135 ], [ -90.512356380284729, 14.64388500738405 ] ], [ [ -90.512369832404289, 14.64397223657768 ], [ -90.51231829386343, 14.643965041243874 ] ], [ [ -90.512382149546681, 14.643888605046742 ], [ -90.512330611024083, 14.643881409718633 ] ] ] } },
{ "type": "Feature", "properties": { "kind": "a1", "value": "6.669686461760172", "building_uid": "12856" }, "geometry": { "type": "MultiLineString", "coordinates": [ [ [ -90.511737195655826, 14.647611379203415 ], [ -90.511746012749441, 14.647551743431549 ] ], [ [ -90.51175557145568, 14.647613954508124 ], [ -90.511718819856654, 14.647608803897317 ] ], [ [ -90.511764388544648, 14.647554318734814 ], [ -90.511727636954902, 14.647549168126908 ] ] ] } },
{ "type": "Feature", "properties": { "kind": "a1", "value": "6.819026903480908", "building_uid": "12915" }, "geometry": { "type": "MultiLineString", "coordinates": [ [ [ -90.514964432319232, 14.645413903200408 ], [ -90.514956460892293, 14.645475011988045 ] ], [ [ -90.514945602824724, 14.645411574875824 ], [ -90.514983261814379, 14.645416231523525 ] ], [ [ -90.514937631392868, 14.645472683662014 ], [ -90.514975290392357, 14.645477340312606 ] ] ] } },
{ "type": "Feature", "properties": { "kind": "a1", "value": "16.738159085763975", "building_uid": "12919" }, "geometry": { "type": "MultiLineString", "coordinates": [ [ [ -90.513929025074489, 14.644394060864034 ], [ -90.513950379711233, 14.644244293112813 ] ], [ [ -90.513975172902718, 14.644400298239752 ], [ -90.513882877250396, 14.644387823479558 ] ], [ [ -90.513996527510074, 14.644250530479523 ], [ -90.513904231916484, 14.644238055737349 ] ] ] } },
{ "type": "Feature", "properties": { "kind": "a1", "value": "7.574004590846642", "building_uid": "12951" }, "geometry": { "type": "MultiLineString", "coordinates": [ [ [ -90.51449253519408, 14.645942500016101 ], [ -90.514561859409369, 14.645953712262283 ] ], [ [ -90.514489080344688, 14.645962748447289 ], [ -90.514495990042548, 14.645922251584722 ] ], [ [ -90.514558404565847, 14.645973960695466 ], [ -90.514565314251982, 14.645933463828923 ] ] ] } },
{ "type": "Feature", "properties": { "kind": "a1", "value": "8.462552522218232", "building_uid": "12956" }, "geometry": { "type": "MultiLineString", "coordinates": [ [ [ -90.514473488732463, 14.647297869990526 ], [ -90.514395804303945, 14.647286753921428 ] ], [ [ -90.514476913960266, 14.647275179820769 ], [ -90.51447006350358, 14.647320560160075 ] ], [ [ -90.514399229539194, 14.647264063754031 ], [ -90.514392379067601, 14.647309444088624 ] ] ] } },
{ "type": "Feature", "properties": { "kind": "a1", "value": "12.000167018537612", "building_uid": "12987" }, "geometry": { "type": "MultiLineString", "coordinates": [ [ [ -90.515159370458505, 14.644254973713906 ], [ -90.515172102470558, 14.644147281300775 ] ], [ [ -90.51519255362193, 14.644258692549441 ], [ -90.515126187296971, 14.644251254873812 ] ], [ [ -90.515205285618578, 14.644151000132 ], [ -90.515138919324443, 14.644143562464983 ] ] ] } },
{ "type": "Feature", "properties": { "kind": "a1", "value": "5.655672160886679", "building_uid": "12997" }, "geometry": { "type": "MultiLineString", "coordinates": [ [ [ -90.512869013465547, 14.645595170825754 ], [ -90.512876134001132, 14.645544552945156 ] ], [ [ -90.512884610402594, 14.645597250617566 ], [ -90.512853416528941, 14.645593091032941 ] ], [ [ -90.51289173093484, 14.645546632735943 ], [ -90.512860537067894, 14.645542473153361 ] ] ] } },
{ "type": "Feature", "properties": { "kind": "a1", "value": "8.498780415970229", "building_uid": "1000003" }, "geometry": { "type": "MultiLineString", "coordinates": [ [ [ -90.51440333953299, 14.642946573548173 ], [ -90.514325521405112, 14.642934172918553 ] ], [ [ -90.514407160499985, 14.642923843870447 ], [ -90.514399518564829, 14.642969303225666 ] ], [ [ -90.514329342379497, 14.642911443243321 ], [ -90.514321700429562, 14.642956902593562 ] ] ] } },
{ "type": "Feature", "properties": { "kind": "a1", "value": "6.767201245051824", "building_uid": "1000002" }, "geometry": { "type": "MultiLineString", "coordinates": [ [ [ -90.514391790923753, 14.643029549984149 ], [ -90.514329511442853, 14.643021788512705 ] ], [ [ -90.514394182442402, 14.643011358953528 ], [ -90.514389399404465, 14.643047741014664 ] ], [ [ -90.514331902966347, 14.64300359748351 ], [ -90.514327119918704, 14.643039979541792 ] ] ] } },
{ "type": "Feature", "properties": { "kind": "a1", "value": "9.408466817435949", "building_uid": "1000004" }, "geometry": { "type": "MultiLineString", "coordinates": [ [ [ -90.515114808850598, 14.64317160145248 ], [ -90.515028272997256, 14.643160424741788 ] ], [ [ -90.515118252697448, 14.643146325465219 ], [ -90.515111365002497, 14.643196877439507 ] ], [ [ -90.515031716853429, 14.643135148757322 ], [ -90.515024829139804, 14.643185700726027 ] ] ] } },
{ "type": "Feature", "properties": { "kind": "a1", "value": "3.850650252458183", "building_uid": "1000005" }, "geometry": { "type": "MultiLineString", "coordinates": [ [ [ -90.51251489802037, 14.643435752963608 ], [ -90.512510457003827, 14.643470267964991 ] ], [ [ -90.512504262985388, 14.643434455802741 ], [ -90.512525533055566, 14.643437050124007 ] ], [ [ -90.512499821967268, 14.64346897080366 ], [ -90.5125210920406, 14.643471565125846 ] ] ] } },
{ "type": "Feature", "properties": { "kind": "a1", "value": "6.272689335109991", "building_uid": "1000012" }, "geometry": { "type": "MultiLineString", "coordinates": [ [ [ -90.513143104842314, 14.644315334246651 ], [ -90.513134346368744, 14.644371353181386 ] ], [ [ -90.513125843775384, 14.644312776025554 ], [ -90.51316036590984, 14.644317892466523 ] ], [ [ -90.51311708529775, 14.644368794958982 ], [ -90.513151607440363, 14.644373911402575 ] ] ] } },
{ "type": "Feature", "properties": { "kind": "a1", "value": "10.799663122827196", "building_uid": "1000007" }, "geometry": { "type": "MultiLineString", "coordinates": [ [ [ -90.514052912129628, 14.64370305798233 ], [ -90.513954278553896, 14.643685864572863 ] ], [ [ -90.514058209898309, 14.643674248478835 ], [ -90.514047614358958, 14.643731867485418 ] ], [ [ -90.513959576334315, 14.64365705507354 ], [ -90.513948980771488, 14.643714674071779 ] ] ] } },
{ "type": "Feature", "properties": { "kind": "a1", "value": "4.74742877619676", "building_uid": "1000008" }, "geometry": { "type": "MultiLineString", "coordinates": [ [ [ -90.514440712272787, 14.644507135822654 ], [ -90.514397117666917, 14.644500998455559 ] ], [ [ -90.514442603374818, 14.644494402489363 ], [ -90.514438821170401, 14.644519869155886 ] ], [ [ -90.514399008771321, 14.644488265123002 ], [ -90.514395226562186, 14.644513731788052 ] ] ] } },
{ "type": "Feature", "properties": { "kind": "a1", "value": "6.3498169015829", "building_uid": "1000009" }, "geometry": { "type": "MultiLineString", "coordinates": [ [ [ -90.514698945057475, 14.643875457187608 ], [ -90.514640398756583, 14.643869047726538 ] ], [ [ -90.514700919992848, 14.643858356637498 ], [ -90.514696970121591, 14.643892557737633 ] ], [ [ -90.514642373696276, 14.643851947177616 ], [ -90.514638423816379, 14.643886148275365 ] ] ] } },
{ "type": "Feature", "properties": { "kind": "a1", "value": "7.348961595273742", "building_uid": "1000011" }, "geometry": { "type": "MultiLineString", "coordinates": [ [ [ -90.514839170711539, 14.64401914584675 ], [ -90.514847265282796, 14.643953228472661 ] ], [ [ -90.514859481748701, 14.64402151015566 ], [ -90.514818859675117, 14.644016781536124 ] ], [ [ -90.514867576314202, 14.643955592779943 ], [ -90.514826954252129, 14.643950864163672 ] ] ] } },
{ "type": "Feature", "properties": { "kind": "a1", "value": "9.59107375802562", "building_uid": "182" }, "geometry": { "type": "MultiLineString", "coordinates": [ [ [ -90.514643528011788, 14.644178453460007 ], [ -90.51465450110976, 14.644092473746895 ] ], [ [ -90.514670020851668, 14.644181658543371 ], [ -90.514617035173174, 14.644175248373754 ] ], [ [ -90.514680993939876, 14.644095678827419 ], [ -90.514628008280908, 14.644089268663468 ] ] ] } },
{ "type": "Feature", "properties": { "kind": "a1", "value": "8.515912597182874", "building_uid": "1000013" }, "geometry": { "type": "MultiLineString", "coordinates": [ [ [ -90.514815754139718, 14.644112295522973 ], [ -90.514807580080983, 14.644188811231871 ] ], [ [ -90.514792177441279, 14.64410990799856 ], [ -90.514839330839052, 14.644114683045078 ] ], [ [ -90.514784003374729, 14.644186423705367 ], [ -90.514831156788148, 14.644191198756065 ] ] ] } },
{ "type": "Feature", "properties": { "kind": "a1", "value": "9.587774612384061", "building_uid": "1000016" }, "geometry": { "type": "MultiLineString", "coordinates": [ [ [ -90.514701686399789, 14.645241835282238 ], [ -90.514690517501535, 14.64532776105492 ] ], [ [ -90.51467521005101, 14.645238573025708 ], [ -90.514728162749819, 14.645245097535874 ] ], [ [ -90.514664041143035, 14.64532449879554 ], [ -90.514716993861327, 14.645331023311401 ] ] ] } },
{ "type": "Feature", "properties": { "kind": "a1", "value": "6.2855050290013565", "building_uid": "1000019" }, "geometry": { "type": "MultiLineString", "coordinates": [ [ [ -90.514851572163437, 14.645456510981598 ], [ -90.514857934747553, 14.645400069823832 ] ], [ [ -90.514868963421449, 14.64545836938936 ], [ -90.514834180905922, 14.645454652572582 ] ], [ [ -90.514875326001331, 14.645401928230434 ], [ -90.514840543494287, 14.645398211415982 ] ] ] } },
{ "type": "Feature", "properties": { "kind": "a1", "value": "4.450152314632026", "building_uid": "1000015" }, "geometry": { "type": "MultiLineString", "coordinates": [ [ [ -90.514584764758823, 14.645184502772706 ], [ -90.514590755302351, 14.645144727695726 ] ], [ [ -90.514597020668944, 14.645186252515625 ], [ -90.514572508849014, 14.64518275302917 ] ], [ [ -90.514603011210411, 14.645146477437999 ], [ -90.514578499394588, 14.645142977952839 ] ] ] } },
{ "type": "Feature", "properties": { "kind": "a1", "value": "15.01231807469864", "building_uid": "2861" }, "geometry": { "type": "MultiLineString", "coordinates": [ [ [ -90.512218309645419, 14.646355041638079 ], [ -90.512356187791895, 14.646374298166311 ] ], [ [ -90.51221237607804, 14.646395313434198 ], [ -90.512224243209431, 14.646314769841343 ] ], [ [ -90.512350254248048, 14.646414569969773 ], [ -90.512362121332373, 14.646334026362235 ] ] ] } },
{ "type": "Feature", "properties": { "kind": "a1", "value": "9.782325847924199", "building_uid": "1000023" }, "geometry": { "type": "MultiLineString", "coordinates": [ [ [ -90.51212325504541, 14.647506022833186 ], [ -90.512131182703641, 14.647417992131542 ] ], [ [ -90.512150380271109, 14.647508338351811 ], [ -90.512096129820819, 14.647503707311483 ] ], [ [ -90.512158307918881, 14.647420307647561 ], [ -90.512104057489481, 14.647415676612441 ] ] ] } },
{ "type": "Feature", "properties": { "kind": "a1", "value": "5.163829304815975", "building_uid": "1000020" }, "geometry": { "type": "MultiLineString", "coordinates": [ [ [ -90.512176312712668, 14.647139709190082 ], [ -90.512128419828528, 14.647138392475879 ] ], [ [ -90.512176718434389, 14.647125720564269 ], [ -90.512175906990748, 14.64715369781586 ] ], [ [ -90.512128825553262, 14.647124403850633 ], [ -90.512128014103595, 14.647152381101094 ] ] ] } },
{ "type": "Feature", "properties": { "kind": "a1", "value": "10.976641310517083", "building_uid": "1000021" }, "geometry": { "type": "MultiLineString", "coordinates": [ [ [ -90.512191782688475, 14.647163135395269 ], [ -90.512188954162625, 14.647262254397578 ] ], [ [ -90.512161240832611, 14.647162309234744 ], [ -90.512222324545235, 14.647163961551817 ] ], [ [ -90.512158412293147, 14.647261428234527 ], [ -90.512219496032984, 14.647263080556653 ] ] ] } },
{ "type": "Feature", "properties": { "kind": "a1", "value": "9.586394868219749", "building_uid": "1000024" }, "geometry": { "type": "MultiLineString", "coordinates": [ [ [ -90.514169590728045, 14.647291576478843 ], [ -90.514258319075992, 14.647297636751414 ] ], [ [ -90.514167723350141, 14.647317492368092 ], [ -90.514171458105011, 14.647265660589456 ] ], [ [ -90.514256451708249, 14.647323552642996 ], [ -90.514260186442812, 14.64727172085969 ] ] ] } },
{ "type": "Feature", "properties": { "kind": "a1", "value": "13.898782433979111", "building_uid": "1000001" }, "geometry": { "type": "MultiLineString", "coordinates": [ [ [ -90.514171946496091, 14.64320845641914 ], [ -90.514299524124667, 14.643226765253562 ] ], [ [ -90.514166305027501, 14.643245720155846 ], [ -90.514177587961754, 14.643171192681894 ] ], [ [ -90.514293882676156, 14.643264028996626 ], [ -90.514305165570249, 14.643189501509948 ] ] ] } },
{ "type": "Feature", "properties": { "kind": "a1", "value": "9.342590657048344", "building_uid": "1000017" }, "geometry": { "type": "MultiLineString", "coordinates": [ [ [ -90.514674762673906, 14.645797184702337 ], [ -90.514588976472425, 14.645785071243532 ] ], [ [ -90.514678495203952, 14.645772127982248 ], [ -90.514671030142537, 14.645822241422177 ] ], [ [ -90.51459270901158, 14.64576001452631 ], [ -90.514585243931961, 14.64581012796052 ] ] ] } },
{ "type": "Feature", "properties": { "kind": "a2", "value": "17.107542102231076", "building_uid": "7" }, "geometry": { "type": "MultiLineString", "coordinates": [ [ [ -90.513968947262285, 14.642776470910073 ], [ -90.513990181939818, 14.642623319226137 ] ], [ [ -90.514016137426751, 14.642782673293793 ], [ -90.513921757102025, 14.642770268517188 ] ], [ [ -90.514037372073517, 14.642629521600549 ], [ -90.513942991810353, 14.642617116842539 ] ] ] } },
{ "type": "Feature", "properties": { "kind": "a2", "value": "32.52542096119287", "building_uid": "8" }, "geometry": { "type": "MultiLineString", "coordinates": [ [ [ -90.514952186689527, 14.642794473108479 ], [ -90.514910482936997, 14.643085472352942 ] ], [ [ -90.514862521970798, 14.64278229197812 ], [ -90.515041851423774, 14.642806654205787 ] ], [ [ -90.514820818107466, 14.643073291188511 ], [ -90.515000147782075, 14.643097653484322 ] ] ] } },
{ "type": "Feature", "properties": { "kind": "a2", "value": "1.6277908344250693", "building_uid": "9" }, "geometry": { "type": "MultiLineString", "coordinates": [ [ [ -90.515257602914645, 14.642899232664206 ], [ -90.515255518735927, 14.642913796628633 ] ], [ [ -90.515253115361944, 14.642898623902264 ], [ -90.515262090467388, 14.642899841426065 ] ], [ [ -90.515251031182956, 14.642913187866602 ], [ -90.515260006288955, 14.642914405390577 ] ] ] } },
{ "type": "Feature", "properties": { "kind": "a2", "value": "1.423082469925777", "building_uid": "10" }, "geometry": { "type": "MultiLineString", "coordinates": [ [ [ -90.515435976580932, 14.643059885428752 ], [ -90.515437881308799, 14.643047164475123 ] ], [ [ -90.515439896254904, 14.643060441775027 ], [ -90.515432056906974, 14.643059329082416 ] ], [ [ -90.515441800982558, 14.643047720821333 ], [ -90.515433961635054, 14.64304660812885 ] ] ] } },
{ "type": "Feature", "properties": { "kind": "a2", "value": "3.7193418475310387", "building_uid": "53" }, "geometry": { "type": "MultiLineString", "coordinates": [ [ [ -90.514237223427486, 14.64268813133682 ], [ -90.514202985672398, 14.64268392836202 ] ], [ [ -90.514238518475992, 14.642678130916023 ], [ -90.514235928378795, 14.642698131757584 ] ], [ [ -90.514204280722353, 14.642673927941646 ], [ -90.51420169062223, 14.642693928782352 ] ] ] } },
{ "type": "Feature", "properties": { "kind": "a2", "value": "12.954499822445525", "building_uid": "54" }, "geometry": { "type": "MultiLineString", "coordinates": [ [ [ -90.51447318223407, 14.642684871534476 ], [ -90.514457538490035, 14.64280090053151 ] ], [ [ -90.514437430586881, 14.642680302193467 ], [ -90.514508933883661, 14.642689440870214 ] ], [ [ -90.514421786825139, 14.642796331185222 ], [ -90.514493290157333, 14.642805469872522 ] ] ] } },
{ "type": "Feature", "properties": { "kind": "a2", "value": "16.897780690704117", "building_uid": "55" }, "geometry": { "type": "MultiLineString", "coordinates": [ [ [ -90.514587854136067, 14.642699528897122 ], [ -90.514566518767765, 14.642850754930755 ] ], [ [ -90.514541257334542, 14.642693297105229 ], [ -90.514634450941742, 14.642705760680087 ] ], [ [ -90.514519921936269, 14.642844523129721 ], [ -90.51461311560341, 14.642856986722853 ] ] ] } },
{ "type": "Feature", "properties": { "kind": "a2", "value": "21.765064636464235", "building_uid": "105" }, "geometry": { "type": "MultiLineString", "coordinates": [ [ [ -90.514799305379029, 14.64347476006043 ], [ -90.51483191065573, 14.643280725093863 ] ], [ [ -90.514859092978568, 14.643484283624899 ], [ -90.514739517787135, 14.643465236481381 ] ], [ [ -90.514891698206782, 14.64329024864203 ], [ -90.514772123112323, 14.643271201531117 ] ] ] } },
{ "type": "Feature", "properties": { "kind": "a2", "value": "0.9845058541954987", "building_uid": "106" }, "geometry": { "type": "MultiLineString", "coordinates": [ [ [ -90.514481094792757, 14.643760708672522 ], [ -90.514482350504736, 14.643751899578156 ] ], [ [ -90.514483809124613, 14.643761075448493 ], [ -90.514478380460915, 14.643760341896511 ] ], [ [ -90.514485064836492, 14.643752266354095 ], [ -90.514479636173007, 14.643751532802185 ] ] ] } },
{ "type": "Feature", "properties": { "kind": "a2", "value": "1.611125087860322", "building_uid": "107" }, "geometry": { "type": "MultiLineString", "coordinates": [ [ [ -90.513871169617275, 14.64357050525402 ], [ -90.513868909194827, 14.643584891980334 ] ], [ [ -90.513866736662692, 14.643569845015589 ], [ -90.513875602571886, 14.64357116549238 ] ], [ [ -90.513864476239988, 14.643584231741809 ], [ -90.513873342149708, 14.643585552218777 ] ] ] } },
{ "type": "Feature", "properties": { "kind": "a2", "value": "8.923652057575113", "building_uid": "108" }, "geometry": { "type": "MultiLineString", "coordinates": [ [ [ -90.514129179769455, 14.643509769481158 ], [ -90.514117336134021, 14.643589552220751 ] ], [ [ -90.514104596472961, 14.643506310117047 ], [ -90.514153763067114, 14.64351322884278 ] ], [ [ -90.514092752829228, 14.643586092854042 ], [ -90.514141919439993, 14.643593011584972 ] ] ] } },
{ "type": "Feature", "properties": { "kind": "a2", "value": "8.97498636926229", "building_uid": "109" }, "geometry": { "type": "MultiLineString", "coordinates": [ [ [ -90.51420923040358, 14.643826054116419 ], [ -90.514197770917022, 14.643906358232567 ] ], [ [ -90.514184486420234, 14.643822706961828 ], [ -90.514233974388091, 14.643829401268494 ] ], [ [ -90.514173026925249, 14.643903011075381 ], [ -90.514222514909989, 14.643909705387236 ] ] ] } },
{ "type": "Feature", "properties": { "kind": "a2", "value": "6.1664405777932485", "building_uid": "110" }, "geometry": { "type": "MultiLineString", "coordinates": [ [ [ -90.514348126098128, 14.643839708539009 ], [ -90.514356073864576, 14.643784544112771 ] ], [ [ -90.514365123828938, 14.643842029970251 ], [ -90.514331128367857, 14.643837387106579 ] ], [ [ -90.514373071591407, 14.64378686554279 ], [ -90.514339076138285, 14.643782222681569 ] ] ] } },
{ "type": "Feature", "properties": { "kind": "a2", "value": "6.619164818930756", "building_uid": "761" }, "geometry": { "type": "MultiLineString", "coordinates": [ [ [ -90.514550592755555, 14.644994249674564 ], [ -90.514489642471332, 14.644986910628177 ] ], [ [ -90.514552854134152, 14.644976447046647 ], [ -90.514548331376375, 14.645012052302375 ] ], [ [ -90.514491903854577, 14.644969108001602 ], [ -90.514487381087491, 14.645004713254639 ] ] ] } },
{ "type": "Feature", "properties": { "kind": "a2", "value": "4.176757342638477", "building_uid": "176" }, "geometry": { "type": "MultiLineString", "coordinates": [ [ [ -90.515188661931461, 14.644781703892111 ], [ -90.515183652354168, 14.644819118050817 ] ], [ [ -90.515177133513575, 14.644780240671441 ], [ -90.515200190349603, 14.64478316711223 ] ], [ [ -90.51517212393442, 14.644817654829602 ], [ -90.515195180774143, 14.644820581271484 ] ] ] } },
{ "type": "Feature", "properties": { "kind": "a2", "value": "1.5154019423881906", "building_uid": "177" }, "geometry": { "type": "MultiLineString", "coordinates": [ [ [ -90.515085623142255, 14.644732735936998 ], [ -90.51508767375212, 14.644719192926701 ] ], [ [ -90.51508979614664, 14.644733334888883 ], [ -90.515081450137927, 14.644732136985045 ] ], [ [ -90.515091846756249, 14.64471979187851 ], [ -90.51508350074802, 14.644718593974828 ] ] ] } },
{ "type": "Feature", "properties": { "kind": "a2", "value": "0.6966471044579021", "building_uid": "178" }, "geometry": { "type": "MultiLineString", "coordinates": [ [ [ -90.514954503031291, 14.644736213637421 ], [ -90.514953560339379, 14.644742439508526 ] ], [ [ -90.514952584655148, 14.644735938291502 ], [ -90.514956421407419, 14.64473648898332 ] ], [ [ -90.514951641963194, 14.644742164162599 ], [ -90.514955478715564, 14.64474271485445 ] ] ] } },
{ "type": "Feature", "properties": { "kind": "a2", "value": "0.9400338292600318", "building_uid": "179" }, "geometry": { "type": "MultiLineString", "coordinates": [ [ [ -90.514864096960494, 14.644643862743436 ], [ -90.514862821439522, 14.64465226323828 ] ], [ [ -90.514861508519203, 14.64464349018307 ], [ -90.514866685401827, 14.644644235303774 ] ], [ [ -90.514860232998117, 14.644651890677888 ], [ -90.514865409880926, 14.644652635798654 ] ] ] } },
{ "type": "Feature", "properties": { "kind": "a2", "value": "17.33976275867175", "building_uid": "183" }, "geometry": { "type": "MultiLineString", "coordinates": [ [ [ -90.514758935750308, 14.643682187356916 ], [ -90.514918025586766, 14.64370550698086 ] ], [ [ -90.514751750296995, 14.643728655289145 ], [ -90.514766121198988, 14.64363571942382 ] ], [ [ -90.514910840164646, 14.643751974923079 ], [ -90.514925211004282, 14.643659039037781 ] ] ] } },
{ "type": "Feature", "properties": { "kind": "a2", "value": "17.252410145527122", "building_uid": "184" }, "geometry": { "type": "MultiLineString", "coordinates": [ [ [ -90.514310933930958, 14.644226188181886 ], [ -90.514469634911691, 14.644246546560407 ] ], [ [ -90.514304660905466, 14.644272542418982 ], [ -90.514317206952228, 14.644179833944039 ] ], [ [ -90.514463361917592, 14.644292900806873 ], [ -90.51447590790157, 14.644200192313191 ] ] ] } },
{ "type": "Feature", "properties": { "kind": "a2", "value": "18.85430485745164", "building_uid": "185" }, "geometry": { "type": "MultiLineString", "coordinates": [ [ [ -90.514108298103423, 14.643992961695835 ], [ -90.513935035306048, 14.643969467218072 ] ], [ [ -90.514115537404606, 14.643942354093571 ], [ -90.514101058797024, 14.644043569297157 ] ], [ [ -90.513942274644464, 14.643918859627245 ], [ -90.513927795962402, 14.644020074807955 ] ] ] } },
{ "type": "Feature", "properties": { "kind": "a2", "value": "0.7826529100979688", "building_uid": "186" }, "geometry": { "type": "MultiLineString", "coordinates": [ [ [ -90.514114983560447, 14.644331231068225 ], [ -90.514113948939439, 14.644338229029312 ] ], [ [ -90.51411282728445, 14.644330928870653 ], [ -90.514117139836443, 14.644331533265779 ] ], [ [ -90.514111792663385, 14.644337926831719 ], [ -90.514116105215507, 14.644338531226881 ] ] ] } },
{ "type": "Feature", "properties": { "kind": "a2", "value": "1.5182577815395215", "building_uid": "187" }, "geometry": { "type": "MultiLineString", "coordinates": [ [ [ -90.513937661242096, 14.644496333850141 ], [ -90.513935744810126, 14.64450992150554 ] ], [ [ -90.513933474485825, 14.644495774089002 ], [ -90.513941847998396, 14.644496893611214 ] ], [ [ -90.513931558053613, 14.644509361744324 ], [ -90.513939931566668, 14.644510481266686 ] ] ] } },
{ "type": "Feature", "properties": { "kind": "a2", "value": "10.872326563242021", "building_uid": "188" }, "geometry": { "type": "MultiLineString", "coordinates": [ [ [ -90.513187301844695, 14.643456789757321 ], [ -90.513286900784223, 14.643472368159124 ] ], [ [ -90.513182501696761, 14.643485881256597 ], [ -90.513192101990754, 14.64342769825768 ] ], [ [ -90.513282100648411, 14.643501459662437 ], [ -90.513291700918145, 14.643443276655447 ] ] ] } },
{ "type": "Feature", "properties": { "kind": "a2", "value": "13.283147652440578", "building_uid": "191" }, "geometry": { "type": "MultiLineString", "coordinates": [ [ [ -90.513042125888205, 14.644415528523433 ], [ -90.512920612375453, 14.644395487393579 ] ], [ [ -90.513048301136777, 14.644380036222726 ], [ -90.513035950636748, 14.644451020823565 ] ], [ [ -90.512926787641945, 14.644359995099036 ], [ -90.512914437106033, 14.644430979687542 ] ] ] } },
{ "type": "Feature", "properties": { "kind": "a2", "value": "6.7300010856435595", "building_uid": "192" }, "geometry": { "type": "MultiLineString", "coordinates": [ [ [ -90.512814960215437, 14.644412390707272 ], [ -90.512753111715071, 14.644404023136321 ] ], [ [ -90.512817538506411, 14.644394325675782 ], [ -90.512812381923808, 14.644430455738631 ] ], [ [ -90.512755690010806, 14.644385958106295 ], [ -90.512750533418696, 14.644422088166216 ] ] ] } },
{ "type": "Feature", "properties": { "kind": "a2", "value": "5.345264138166245", "building_uid": "193" }, "geometry": { "type": "MultiLineString", "coordinates": [ [ [ -90.51261089774772, 14.644367685803992 ], [ -90.512603443681954, 14.644415423649166 ] ], [ [ -90.512596188322334, 14.644365508581673 ], [ -90.512625607173561, 14.644369863025419 ] ], [ [ -90.512588734253612, 14.6444132464259 ], [ -90.512618153110751, 14.644417600871558 ] ] ] } },
{ "type": "Feature", "properties": { "kind": "a2", "value": "10.563697860484508", "building_uid": "846" }, "geometry": { "type": "MultiLineString", "coordinates": [ [ [ -90.51405693713113, 14.646932286978508 ], [ -90.514072233480292, 14.64683802916891 ] ], [ [ -90.514085981061683, 14.646936754764551 ], [ -90.514027893202339, 14.64692781918902 ] ], [ [ -90.514101277399362, 14.646842496951171 ], [ -90.514043189562997, 14.646833561383207 ] ] ] } },
{ "type": "Feature", "properties": { "kind": "a2", "value": "14.848259605360354", "building_uid": "194" }, "geometry": { "type": "MultiLineString", "coordinates": [ [ [ -90.512295629206079, 14.644305567825571 ], [ -90.512432041925166, 14.644324322493729 ] ], [ [ -90.512289850332863, 14.644345411973203 ], [ -90.512301408076013, 14.644265723677341 ] ], [ [ -90.512426263075014, 14.644364166648499 ], [ -90.51243782077205, 14.644284478338362 ] ] ] } },
{ "type": "Feature", "properties": { "kind": "a2", "value": "7.331131560165003", "building_uid": "195" }, "geometry": { "type": "MultiLineString", "coordinates": [ [ [ -90.51230389745578, 14.644172520139943 ], [ -90.512371296212109, 14.644181451201586 ] ], [ [ -90.51230114553384, 14.644192206338269 ], [ -90.512306649376924, 14.644152833941474 ] ], [ [ -90.512368544295825, 14.64420113740163 ], [ -90.512374048127626, 14.644161765001407 ] ] ] } },
{ "type": "Feature", "properties": { "kind": "a2", "value": "0.7876554462289405", "building_uid": "196" }, "geometry": { "type": "MultiLineString", "coordinates": [ [ [ -90.512375222682678, 14.643841796167617 ], [ -90.512376252250263, 14.643834751860478 ] ], [ [ -90.512377393234331, 14.643842096889854 ], [ -90.512373052131011, 14.643841495445365 ] ], [ [ -90.512378422801859, 14.643835052582693 ], [ -90.512374081698667, 14.643834451138245 ] ] ] } },
{ "type": "Feature", "properties": { "kind": "a2", "value": "36.7153080208481", "building_uid": "302" }, "geometry": { "type": "MultiLineString", "coordinates": [ [ [ -90.513245819080169, 14.642917336948116 ], [ -90.512909332317037, 14.642865628195949 ] ], [ [ -90.513261751869507, 14.642819053436313 ], [ -90.513229886269514, 14.643015620455841 ] ], [ [ -90.512925265245116, 14.64276734472984 ], [ -90.512893399367641, 14.642963911657974 ] ] ] } },
{ "type": "Feature", "properties": { "kind": "a2", "value": "9.150969258976273", "building_uid": "303" }, "geometry": { "type": "MultiLineString", "coordinates": [ [ [ -90.513891213976947, 14.643316401514909 ], [ -90.513807362408102, 14.64330342125276 ] ], [ [ -90.513895213550612, 14.643291909588116 ], [ -90.513887214401933, 14.643340893441442 ] ], [ [ -90.513811361990378, 14.643278929328822 ], [ -90.51380336282449, 14.643327913176451 ] ] ] } },
{ "type": "Feature", "properties": { "kind": "a2", "value": "9.75965670095633", "building_uid": "304" }, "geometry": { "type": "MultiLineString", "coordinates": [ [ [ -90.512641721655342, 14.64327359923276 ], [ -90.512627626458624, 14.64336068830583 ] ], [ [ -90.512614887102174, 14.643269482214018 ], [ -90.512668556210002, 14.643277716248562 ] ], [ [ -90.51260079189565, 14.643356571283849 ], [ -90.512654461023104, 14.643364805324854 ] ] ] } },
{ "type": "Feature", "properties": { "kind": "a2", "value": "6.738162328252481", "building_uid": "305" }, "geometry": { "type": "MultiLineString", "coordinates": [ [ [ -90.512501071327961, 14.643293040258893 ], [ -90.512563012027599, 14.643301294281233 ] ], [ [ -90.512498528032282, 14.643311132311663 ], [ -90.512503614622986, 14.64327494820601 ] ], [ [ -90.51256046873668, 14.643319386335451 ], [ -90.512565555317849, 14.643283202226893 ] ] ] } },
{ "type": "Feature", "properties": { "kind": "a2", "value": "1.1931937023289558", "building_uid": "306" }, "geometry": { "type": "MultiLineString", "coordinates": [ [ [ -90.512404447457101, 14.64340930685556 ], [ -90.512405948685654, 14.643398627722148 ] ], [ [ -90.512407737995687, 14.643409745344213 ], [ -90.512401156918528, 14.643408868366857 ] ], [ [ -90.512409239224098, 14.643399066210758 ], [ -90.512402658147238, 14.643398189233491 ] ] ] } },
{ "type": "Feature", "properties": { "kind": "a2", "value": "9.446078497067967", "building_uid": "307" }, "geometry": { "type": "MultiLineString", "coordinates": [ [ [ -90.51266419883909, 14.643361891324837 ], [ -90.512750773387893, 14.643375173912455 ] ], [ [ -90.51266010609919, 14.643387178587723 ], [ -90.512668291577583, 14.643336604061679 ] ], [ [ -90.512746680657173, 14.643400461178363 ], [ -90.512754866117191, 14.643349886646279 ] ] ] } },
{ "type": "Feature", "properties": { "kind": "a2", "value": "14.25684141918864", "building_uid": "500" }, "geometry": { "type": "MultiLineString", "coordinates": [ [ [ -90.515036100453827, 14.645765813312307 ], [ -90.515017186274662, 14.645893279107565 ] ], [ [ -90.514996824263505, 14.64576028879719 ], [ -90.515075376647218, 14.645771337821092 ] ], [ [ -90.514977910063138, 14.645887754585811 ], [ -90.515056462489241, 14.645898803622991 ] ] ] } },
{ "type": "Feature", "properties": { "kind": "a2", "value": "7.327836799784738", "building_uid": "501" }, "geometry": { "type": "MultiLineString", "coordinates": [ [ [ -90.514791864023806, 14.64602323059442 ], [ -90.514802114785752, 14.645957791286753 ] ], [ [ -90.514812027941574, 14.646026224668315 ], [ -90.514771700106849, 14.646020236518863 ] ], [ [ -90.514822278697963, 14.645960785358852 ], [ -90.514781950874365, 14.645954797212996 ] ] ] } },
{ "type": "Feature", "properties": { "kind": "a2", "value": "11.774700687006952", "building_uid": "502" }, "geometry": { "type": "MultiLineString", "coordinates": [ [ [ -90.513725983189531, 14.645809529390112 ], [ -90.513618030487009, 14.645793188613801 ] ], [ [ -90.513731018285441, 14.64577799820532 ], [ -90.513720948091432, 14.645841060574508 ] ], [ [ -90.51362306559723, 14.645761657433672 ], [ -90.513612995374615, 14.645824719793518 ] ] ] } },
{ "type": "Feature", "properties": { "kind": "a2", "value": "9.670386425367086", "building_uid": "762" }, "geometry": { "type": "MultiLineString", "coordinates": [ [ [ -90.51467440262978, 14.645114324452029 ], [ -90.514585954602111, 14.645099639432399 ] ], [ [ -90.514678927523491, 14.645088490175047 ], [ -90.514669877734519, 14.645140158728703 ] ], [ [ -90.514590479505316, 14.645073805158692 ], [ -90.514581429697358, 14.645125473705797 ] ] ] } },
{ "type": "Feature", "properties": { "kind": "a2", "value": "11.23490636805303", "building_uid": "503" }, "geometry": { "type": "MultiLineString", "coordinates": [ [ [ -90.513619483395857, 14.645601864119666 ], [ -90.513722356277256, 14.645618253898753 ] ], [ [ -90.513614433189389, 14.645631911595155 ], [ -90.513624533600264, 14.645571816643782 ] ], [ [ -90.513717306083706, 14.645648301378586 ], [ -90.51372740646876, 14.645588206418525 ] ] ] } },
{ "type": "Feature", "properties": { "kind": "a2", "value": "8.357788782156087", "building_uid": "504" }, "geometry": { "type": "MultiLineString", "coordinates": [ [ [ -90.513693267682541, 14.645531395742278 ], [ -90.513770057594712, 14.645541914969307 ] ], [ [ -90.51369002637955, 14.645553824819899 ], [ -90.513696508984495, 14.645508966664467 ] ], [ [ -90.513766816299025, 14.645564344049186 ], [ -90.513773298889362, 14.645519485889238 ] ] ] } },
{ "type": "Feature", "properties": { "kind": "a2", "value": "7.7016497632280405", "building_uid": "505" }, "geometry": { "type": "MultiLineString", "coordinates": [ [ [ -90.513525107051976, 14.645324231252935 ], [ -90.513595977030732, 14.64533314065093 ] ], [ [ -90.513522361790294, 14.645344931234829 ], [ -90.513527852312819, 14.645303531270896 ] ], [ [ -90.513593231775346, 14.645353840634671 ], [ -90.513598722285309, 14.645312440667039 ] ] ] } },
{ "type": "Feature", "properties": { "kind": "a2", "value": "9.433969442294666", "building_uid": "506" }, "geometry": { "type": "MultiLineString", "coordinates": [ [ [ -90.513712849272508, 14.645185344038579 ], [ -90.513799478640081, 14.645197546454988 ] ], [ [ -90.513709089331726, 14.645210647100368 ], [ -90.51371660921194, 14.645160040976554 ] ], [ [ -90.513795718708593, 14.645222849519682 ], [ -90.513803238570247, 14.645172243390043 ] ] ] } },
{ "type": "Feature", "properties": { "kind": "a2", "value": "15.884792049867889", "building_uid": "507" }, "geometry": { "type": "MultiLineString", "coordinates": [ [ [ -90.513747874876714, 14.64478253870697 ], [ -90.513601747614572, 14.644763841571264 ] ], [ [ -90.513753636006427, 14.644739857166172 ], [ -90.513742113743419, 14.644825220247125 ] ], [ [ -90.513607508770903, 14.644721160038406 ], [ -90.513595986454661, 14.644806523103483 ] ] ] } },
{ "type": "Feature", "properties": { "kind": "a2", "value": "0.553651041350247", "building_uid": "508" }, "geometry": { "type": "MultiLineString", "coordinates": [ [ [ -90.513457771177173, 14.644707830851676 ], [ -90.513458454001594, 14.644702873833131 ] ], [ [ -90.513459298581878, 14.644708030294298 ], [ -90.513456243772467, 14.644707631409041 ] ], [ [ -90.513459981406257, 14.644703073275741 ], [ -90.513456926596916, 14.644702674390505 ] ] ] } },
{ "type": "Feature", "properties": { "kind": "a2", "value": "0.9640744076846739", "building_uid": "509" }, "geometry": { "type": "MultiLineString", "coordinates": [ [ [ -90.512367483858938, 14.644561997134391 ], [ -90.512366164713924, 14.644570610858564 ] ], [ [ -90.512364829716361, 14.644561611831955 ], [ -90.512370138001529, 14.644562382436797 ] ], [ [ -90.512363510571262, 14.644570225556105 ], [ -90.512368818856615, 14.644570996160999 ] ] ] } },
{ "type": "Feature", "properties": { "kind": "a2", "value": "7.5973233572967995", "building_uid": "510" }, "geometry": { "type": "MultiLineString", "coordinates": [ [ [ -90.512223708209305, 14.644623549276348 ], [ -90.512233056813656, 14.644555525247075 ] ], [ [ -90.512244668425964, 14.644626279862912 ], [ -90.512202747993456, 14.644620818687978 ] ], [ [ -90.512254017024247, 14.644558255831802 ], [ -90.512212096603903, 14.644552794660534 ] ] ] } },
{ "type": "Feature", "properties": { "kind": "a2", "value": "12.356608550423271", "building_uid": "511" }, "geometry": { "type": "MultiLineString", "coordinates": [ [ [ -90.512474243764743, 14.644661918791821 ], [ -90.512492298240389, 14.644551688359554 ] ], [ [ -90.512508209029491, 14.644667192232093 ], [ -90.512440278502424, 14.64465664534684 ] ], [ [ -90.512526263489448, 14.644556961794624 ], [ -90.512458332993759, 14.64454641491977 ] ] ] } },
{ "type": "Feature", "properties": { "kind": "a2", "value": "0.9349521632994249", "building_uid": "512" }, "geometry": { "type": "MultiLineString", "coordinates": [ [ [ -90.512574800167698, 14.644770106848956 ], [ -90.512576057639379, 14.644761750181488 ] ], [ [ -90.512577375106005, 14.644770474137196 ], [ -90.51257222522942, 14.644769739560683 ] ], [ [ -90.512578632577586, 14.6447621174697 ], [ -90.512573482701185, 14.644761382893247 ] ] ] } },
{ "type": "Feature", "properties": { "kind": "a2", "value": "0.9693925660802939", "building_uid": "513" }, "geometry": { "type": "MultiLineString", "coordinates": [ [ [ -90.512717701221845, 14.644611051325597 ], [ -90.512716513110121, 14.644619731579009 ] ], [ [ -90.512715026579045, 14.644610704296095 ], [ -90.51272037586466, 14.644611398355069 ] ], [ [ -90.512713838467207, 14.64461938454947 ], [ -90.512719187753021, 14.644620078608513 ] ] ] } },
{ "type": "Feature", "properties": { "kind": "a2", "value": "9.500375217706255", "building_uid": "514" }, "geometry": { "type": "MultiLineString", "coordinates": [ [ [ -90.512729791006535, 14.64472357707349 ], [ -90.512642567908728, 14.644711182909566 ] ], [ [ -90.512733610011509, 14.644698100533569 ], [ -90.512725972000212, 14.644749053613152 ] ], [ [ -90.512646386923095, 14.644685706372615 ], [ -90.512638748893011, 14.644736659446275 ] ] ] } },
{ "type": "Feature", "properties": { "kind": "a2", "value": "8.143787049678686", "building_uid": "515" }, "geometry": { "type": "MultiLineString", "coordinates": [ [ [ -90.512678488369502, 14.64479683337013 ], [ -90.51275325659492, 14.644807458032757 ] ], [ [ -90.512675214589862, 14.644818672020195 ], [ -90.512681762148134, 14.644774994719874 ] ], [ [ -90.512749982822186, 14.644829296685007 ], [ -90.512756530366644, 14.644785619380325 ] ] ] } },
{ "type": "Feature", "properties": { "kind": "a2", "value": "8.633928915999734", "building_uid": "847" }, "geometry": { "type": "MultiLineString", "coordinates": [ [ [ -90.513934559328277, 14.64687450525224 ], [ -90.514013614035804, 14.646887116654364 ] ], [ [ -90.513930673337143, 14.646897595696066 ], [ -90.513938445318217, 14.646851414808189 ] ], [ [ -90.514009728052287, 14.646910207100753 ], [ -90.514017500018099, 14.646864026207741 ] ] ] } },
{ "type": "Feature", "properties": { "kind": "a2", "value": "16.32994323881961", "building_uid": "516" }, "geometry": { "type": "MultiLineString", "coordinates": [ [ [ -90.512296145818397, 14.64470810661973 ], [ -90.512146010162368, 14.644688255720711 ] ], [ [ -90.512302262454014, 14.644664254272939 ], [ -90.512290029178928, 14.644751958965823 ] ], [ [ -90.512152126826024, 14.644644403382422 ], [ -90.512139893494876, 14.64473210805831 ] ] ] } },
{ "type": "Feature", "properties": { "kind": "a2", "value": "16.517286766474665", "building_uid": "517" }, "geometry": { "type": "MultiLineString", "coordinates": [ [ [ -90.512687060017029, 14.644909991672748 ], [ -90.512535340275065, 14.644888943847949 ] ], [ [ -90.512693545466732, 14.644865676679528 ], [ -90.512680574563291, 14.644954306665236 ] ], [ [ -90.51254182575326, 14.644844628863586 ], [ -90.512528854792819, 14.644933258831559 ] ] ] } },
{ "type": "Feature", "properties": { "kind": "a2", "value": "17.154115254953403", "building_uid": "518" }, "geometry": { "type": "MultiLineString", "coordinates": [ [ [ -90.512267750263717, 14.644984530425694 ], [ -90.512109719145315, 14.644966099932228 ] ], [ [ -90.512273429235734, 14.644938371993263 ], [ -90.512262071287722, 14.645030688857446 ] ], [ [ -90.512115398148708, 14.644919941508732 ], [ -90.512104040137956, 14.645012258355049 ] ] ] } },
{ "type": "Feature", "properties": { "kind": "a2", "value": "6.821725081009423", "building_uid": "519" }, "geometry": { "type": "MultiLineString", "coordinates": [ [ [ -90.512142034703899, 14.645110136815623 ], [ -90.512150861487825, 14.645049115082539 ] ], [ [ -90.512160837348105, 14.645112714980467 ], [ -90.512123232060389, 14.645107558649318 ] ], [ [ -90.512169664127157, 14.645051693245881 ], [ -90.512132058849161, 14.645046536917743 ] ] ] } },
{ "type": "Feature", "properties": { "kind": "a2", "value": "0.5978345507607247", "building_uid": "521" }, "geometry": { "type": "MultiLineString", "coordinates": [ [ [ -90.512087421478711, 14.6453955424423 ], [ -90.51208669590045, 14.645400896565219 ] ], [ [ -90.51208577170911, 14.645395330512615 ], [ -90.512089071248312, 14.645395754371982 ] ], [ [ -90.512085046130807, 14.64540068463552 ], [ -90.512088345670094, 14.645401108494907 ] ] ] } },
{ "type": "Feature", "properties": { "kind": "a2", "value": "8.644356229444346", "building_uid": "522" }, "geometry": { "type": "MultiLineString", "coordinates": [ [ [ -90.512027018469794, 14.645546627087832 ], [ -90.512106394297732, 14.645557826907075 ] ], [ [ -90.51202356745479, 14.645569811467428 ], [ -90.51203046948369, 14.645523442708024 ] ], [ [ -90.5121029432905, 14.645581011289117 ], [ -90.512109845303826, 14.645534642524822 ] ] ] } },
{ "type": "Feature", "properties": { "kind": "a2", "value": "7.612788831679178", "building_uid": "523" }, "geometry": { "type": "MultiLineString", "coordinates": [ [ [ -90.51259584234181, 14.645678085784008 ], [ -90.512607256189014, 14.645610219587953 ] ], [ [ -90.512616754027221, 14.645681419580759 ], [ -90.512574930657337, 14.645674751985469 ] ], [ [ -90.512628167868513, 14.645613553382711 ], [ -90.512586344510467, 14.645606885791413 ] ] ] } },
{ "type": "Feature", "properties": { "kind": "a2", "value": "6.7607521703718545", "building_uid": "524" }, "geometry": { "type": "MultiLineString", "coordinates": [ [ [ -90.512484374331393, 14.645471608566952 ], [ -90.512474238029299, 14.645531879067601 ] ], [ [ -90.512465803133907, 14.64546864791831 ], [ -90.512502945529619, 14.645474569214185 ] ], [ [ -90.512455666827123, 14.645528918417392 ], [ -90.512492809232199, 14.64553483971641 ] ] ] } },
{ "type": "Feature", "properties": { "kind": "a2", "value": "5.144886417428378", "building_uid": "525" }, "geometry": { "type": "MultiLineString", "coordinates": [ [ [ -90.512292900337997, 14.645580959935776 ], [ -90.512286145190401, 14.645626968460338 ] ], [ [ -90.512278723687402, 14.645578986868152 ], [ -90.512307076988989, 14.645582933002574 ] ], [ [ -90.51227196853705, 14.645624995391858 ], [ -90.512300321844151, 14.645628941528001 ] ] ] } },
{ "type": "Feature", "properties": { "kind": "a2", "value": "19.036762522958533", "building_uid": "697" }, "geometry": { "type": "MultiLineString", "coordinates": [ [ [ -90.512784476060119, 14.646207907491634 ], [ -90.512610370553716, 14.646178938668042 ] ], [ [ -90.512793402255269, 14.646157054264826 ], [ -90.512775549858958, 14.646258760717247 ] ], [ [ -90.512619296785672, 14.646128085453947 ], [ -90.512601444315735, 14.646229791880938 ] ] ] } },
{ "type": "Feature", "properties": { "kind": "a2", "value": "0.7022786394483649", "building_uid": "698" }, "geometry": { "type": "MultiLineString", "coordinates": [ [ [ -90.512717671510913, 14.646338325395725 ], [ -90.512718605177554, 14.646332046838344 ] ], [ [ -90.512719606135576, 14.646338598103492 ], [ -90.512715736886264, 14.646338052687943 ] ], [ [ -90.512720539802146, 14.646332319546097 ], [ -90.512716670552948, 14.646331774130577 ] ] ] } },
{ "type": "Feature", "properties": { "kind": "a2", "value": "25.88460110538144", "building_uid": "699" }, "geometry": { "type": "MultiLineString", "coordinates": [ [ [ -90.512339977060861, 14.645869949813809 ], [ -90.512577008634977, 14.645907603272562 ] ], [ [ -90.512328374808405, 14.645939182739122 ], [ -90.512351579302489, 14.645800716886397 ] ], [ [ -90.512565406451131, 14.645976836220925 ], [ -90.512588610808024, 14.645838370322112 ] ] ] } },
{ "type": "Feature", "properties": { "kind": "a2", "value": "8.418546539246513", "building_uid": "700" }, "geometry": { "type": "MultiLineString", "coordinates": [ [ [ -90.512267650609274, 14.645778895507549 ], [ -90.512190494939077, 14.645767044022682 ] ], [ [ -90.512271302417659, 14.645756359620039 ], [ -90.512263998799767, 14.645801431394835 ] ], [ [ -90.512194146754766, 14.645744508137581 ], [ -90.512186843122279, 14.645789579907563 ] ] ] } },
{ "type": "Feature", "properties": { "kind": "a2", "value": "6.884204346374813", "building_uid": "310" }, "geometry": { "type": "MultiLineString", "coordinates": [ [ [ -90.513033783694056, 14.644053406336166 ], [ -90.513097047287914, 14.644061979227347 ] ], [ [ -90.51303114213664, 14.644071884723788 ], [ -90.51303642525076, 14.64403492794842 ] ], [ [ -90.513094405735472, 14.644080457616502 ], [ -90.51309968883966, 14.644043500838075 ] ] ] } },
{ "type": "Feature", "properties": { "kind": "a2", "value": "0.7372400751096755", "building_uid": "702" }, "geometry": { "type": "MultiLineString", "coordinates": [ [ [ -90.512029439710886, 14.645849145996445 ], [ -90.512030323603611, 14.6458425419885 ] ], [ [ -90.512031474612698, 14.645849404166702 ], [ -90.512027404809089, 14.645848887826171 ] ], [ [ -90.512032358505351, 14.645842800158738 ], [ -90.51202828870187, 14.645842283818245 ] ] ] } },
{ "type": "Feature", "properties": { "kind": "a2", "value": "0.9903252794298728", "building_uid": "703" }, "geometry": { "type": "MultiLineString", "coordinates": [ [ [ -90.514159994064769, 14.646098360929567 ], [ -90.514158730636041, 14.646107222052949 ] ], [ [ -90.514157263671834, 14.646097991903639 ], [ -90.514162724457719, 14.646098729955465 ] ], [ [ -90.514156000242991, 14.646106853026991 ], [ -90.51416146102909, 14.646107591078884 ] ] ] } },
{ "type": "Feature", "properties": { "kind": "a2", "value": "11.336363126613199", "building_uid": "704" }, "geometry": { "type": "MultiLineString", "coordinates": [ [ [ -90.514053617132163, 14.646120613373409 ], [ -90.514069011504432, 14.646019309192692 ] ], [ [ -90.514084832164372, 14.646125109807098 ], [ -90.514022402101901, 14.646116116935717 ] ], [ [ -90.514100226523283, 14.646023805622148 ], [ -90.514037796487528, 14.646014812759242 ] ] ] } },
{ "type": "Feature", "properties": { "kind": "a2", "value": "11.867192625692292", "building_uid": "705" }, "geometry": { "type": "MultiLineString", "coordinates": [ [ [ -90.513548073171833, 14.645996196909467 ], [ -90.513439130045654, 14.645980645429793 ] ], [ [ -90.513552865064753, 14.645964376465963 ], [ -90.513543281276782, 14.646028017352574 ] ], [ [ -90.513443921953225, 14.645948824990921 ], [ -90.513434338135951, 14.646012465868264 ] ] ] } },
{ "type": "Feature", "properties": { "kind": "a2", "value": "13.132835325578057", "building_uid": "706" }, "geometry": { "type": "MultiLineString", "coordinates": [ [ [ -90.513479226529569, 14.646100520630963 ], [ -90.513599788560711, 14.646117730752206 ] ], [ [ -90.513473923535244, 14.646135734734488 ], [ -90.513484529521293, 14.646065306526959 ] ], [ [ -90.513594485584335, 14.646152944861402 ], [ -90.513605091534473, 14.646082516642533 ] ] ] } },
{ "type": "Feature", "properties": { "kind": "a2", "value": "1.1736439742930025", "building_uid": "746" }, "geometry": { "type": "MultiLineString", "coordinates": [ [ [ -90.514540046109516, 14.643163814137315 ], [ -90.514538553255761, 14.643174316142344 ] ], [ [ -90.514536810152791, 14.64316337809435 ], [ -90.514543282066256, 14.643164250180231 ] ], [ [ -90.514535317298893, 14.64317388009934 ], [ -90.514541789212643, 14.643174752185306 ] ] ] } },
{ "type": "Feature", "properties": { "kind": "a2", "value": "8.315440446587704", "building_uid": "747" }, "geometry": { "type": "MultiLineString", "coordinates": [ [ [ -90.514347896597386, 14.643427370241564 ], [ -90.514358623612722, 14.643352982347219 ] ], [ [ -90.514370817582645, 14.643430503458584 ], [ -90.514324975613164, 14.643424237022375 ] ], [ [ -90.514381544590734, 14.643356115562012 ], [ -90.514335702635734, 14.643349849130269 ] ] ] } },
{ "type": "Feature", "properties": { "kind": "a2", "value": "9.137850036462327", "building_uid": "748" }, "geometry": { "type": "MultiLineString", "coordinates": [ [ [ -90.514250005359301, 14.643328552433363 ], [ -90.514237997042187, 14.643410266983059 ] ], [ [ -90.514224826839097, 14.643325044965071 ], [ -90.514275183880741, 14.643332059899056 ] ], [ [ -90.514212818513272, 14.64340675951205 ], [ -90.514263175572367, 14.643413774451473 ] ] ] } },
{ "type": "Feature", "properties": { "kind": "a2", "value": "19.666990202604484", "building_uid": "749" }, "geometry": { "type": "MultiLineString", "coordinates": [ [ [ -90.514027911263483, 14.643050811545706 ], [ -90.51384747527942, 14.643024328675935 ] ], [ [ -90.514036071336605, 14.642998108527308 ], [ -90.514019751184406, 14.64310351456299 ] ], [ [ -90.51385563539263, 14.6429716256704 ], [ -90.513839315160254, 14.643077031680354 ] ] ] } },
{ "type": "Feature", "properties": { "kind": "a2", "value": "1.016759815126677", "building_uid": "751" }, "geometry": { "type": "MultiLineString", "coordinates": [ [ [ -90.515427648518937, 14.643324951891461 ], [ -90.515426316875335, 14.643334044826135 ] ], [ [ -90.515424846733481, 14.643324562936153 ], [ -90.515430450304422, 14.643325340846742 ] ], [ [ -90.515423515089751, 14.643333655870791 ], [ -90.515429118660904, 14.643334433781444 ] ] ] } },
{ "type": "Feature", "properties": { "kind": "a2", "value": "14.614995518913139", "building_uid": "752" }, "geometry": { "type": "MultiLineString", "coordinates": [ [ [ -90.515333950110275, 14.643473250400561 ], [ -90.515467980810513, 14.64349328794953 ] ], [ [ -90.515327775968274, 14.643512398945793 ], [ -90.515340124248965, 14.643434101854693 ] ], [ [ -90.515461806690581, 14.643532436501918 ], [ -90.515474154927134, 14.643454139396503 ] ] ] } },
{ "type": "Feature", "properties": { "kind": "a2", "value": "15.26993694806474", "building_uid": "753" }, "geometry": { "type": "MultiLineString", "coordinates": [ [ [ -90.514975940764032, 14.643453702783585 ], [ -90.515115804359695, 14.643475709488182 ] ], [ [ -90.514969159869537, 14.643494555041476 ], [ -90.514982721654761, 14.643412850524962 ] ], [ [ -90.515109023489117, 14.643516561754058 ], [ -90.515122585226536, 14.643434857221576 ] ] ] } },
{ "type": "Feature", "properties": { "kind": "a2", "value": "7.319644786209261", "building_uid": "754" }, "geometry": { "type": "MultiLineString", "coordinates": [ [ [ -90.515103231243302, 14.643703927941809 ], [ -90.515094245362803, 14.643769468598835 ] ], [ [ -90.515083036313186, 14.643701303291103 ], [ -90.515123426174185, 14.64370655259083 ] ], [ [ -90.515074050427046, 14.643766843946434 ], [ -90.515114440299328, 14.643772093249551 ] ] ] } },
{ "type": "Feature", "properties": { "kind": "a2", "value": "0.9489982468851479", "building_uid": "757" }, "geometry": { "type": "MultiLineString", "coordinates": [ [ [ -90.515221307600115, 14.643734498631872 ], [ -90.515220063304938, 14.64374298537593 ] ], [ [ -90.515218692593862, 14.643734135190563 ], [ -90.515223922606395, 14.643734862073153 ] ], [ [ -90.5152174482986, 14.643742621934589 ], [ -90.515222678311318, 14.643743348817239 ] ] ] } },
{ "type": "Feature", "properties": { "kind": "a2", "value": "7.545872584581967", "building_uid": "1305" }, "geometry": { "type": "MultiLineString", "coordinates": [ [ [ -90.515292563019187, 14.64423819093677 ], [ -90.515362081710961, 14.644246274438109 ] ], [ [ -90.515290072254174, 14.644258496331382 ], [ -90.515295053783419, 14.644217885542039 ] ], [ [ -90.515359590952002, 14.644266579834447 ], [ -90.515364572469139, 14.644225969041646 ] ] ] } },
{ "type": "Feature", "properties": { "kind": "a2", "value": "10.919862456592254", "building_uid": "758" }, "geometry": { "type": "MultiLineString", "coordinates": [ [ [ -90.515328119596461, 14.643736639609742 ], [ -90.515428420153825, 14.643750579608401 ] ], [ [ -90.515323824280685, 14.643765936004433 ], [ -90.515332414910461, 14.643707343214718 ] ], [ [ -90.515424124850483, 14.643779876006972 ], [ -90.515432715455376, 14.6437212832095 ] ] ] } },
{ "type": "Feature", "properties": { "kind": "a2", "value": "7.695688404865708", "building_uid": "759" }, "geometry": { "type": "MultiLineString", "coordinates": [ [ [ -90.514774417406827, 14.644937446071411 ], [ -90.514783169890919, 14.644868451353789 ] ], [ [ -90.514795676752115, 14.644940002536488 ], [ -90.514753158062348, 14.644934889604473 ] ], [ [ -90.514804429229926, 14.644871007817047 ], [ -90.514761910552735, 14.644865894888666 ] ] ] } },
{ "type": "Feature", "properties": { "kind": "a2", "value": "5.816652176506862", "building_uid": "760" }, "geometry": { "type": "MultiLineString", "coordinates": [ [ [ -90.514557636721989, 14.644884088176427 ], [ -90.514504199982582, 14.644876729143542 ] ], [ [ -90.514559904258476, 14.644868480129931 ], [ -90.514555369185018, 14.644899696222828 ] ], [ [ -90.514506467522608, 14.64486112109814 ], [ -90.514501932442059, 14.644892337188846 ] ] ] } },
{ "type": "Feature", "properties": { "kind": "a2", "value": "7.458833924391094", "building_uid": "766" }, "geometry": { "type": "MultiLineString", "coordinates": [ [ [ -90.514180417521715, 14.64591991494256 ], [ -90.514190274441788, 14.645853222560946 ] ], [ [ -90.514200967541342, 14.645922793983269 ], [ -90.514159867502912, 14.645917035900112 ] ], [ [ -90.514210824455617, 14.645856101599842 ], [ -90.514169724428797, 14.645850343520314 ] ] ] } },
{ "type": "Feature", "properties": { "kind": "a2", "value": "10.161889296049088", "building_uid": "767" }, "geometry": { "type": "MultiLineString", "coordinates": [ [ [ -90.514189452344439, 14.645656330126313 ], [ -90.51428318401075, 14.645666264255679 ] ], [ [ -90.514186391324316, 14.645683707597385 ], [ -90.514192513363241, 14.645628952655015 ] ], [ [ -90.514280123001726, 14.64569364172978 ], [ -90.514286245018454, 14.645638886781359 ] ] ] } },
{ "type": "Feature", "properties": { "kind": "a2", "value": "9.63410121056735", "building_uid": "768" }, "geometry": { "type": "MultiLineString", "coordinates": [ [ [ -90.514339055713165, 14.645244664344764 ], [ -90.514250395341591, 14.645233580811977 ] ], [ [ -90.514342470881772, 14.645218768061513 ], [ -90.514335640543251, 14.645270560627793 ] ], [ [ -90.514253810520017, 14.645207684531618 ], [ -90.514246980161872, 14.645259477092113 ] ] ] } },
{ "type": "Feature", "properties": { "kind": "a2", "value": "6.187851349376393", "building_uid": "769" }, "geometry": { "type": "MultiLineString", "coordinates": [ [ [ -90.514326683659476, 14.645337058823378 ], [ -90.514269735785078, 14.645329959055061 ] ], [ [ -90.514328871313083, 14.64532042526336 ], [ -90.514324496005329, 14.645353692383299 ] ], [ [ -90.514271923442735, 14.645313325496238 ], [ -90.514267548126895, 14.645346592613794 ] ] ] } },
{ "type": "Feature", "properties": { "kind": "a2", "value": "6.682355779659714", "building_uid": "771" }, "geometry": { "type": "MultiLineString", "coordinates": [ [ [ -90.513467393006991, 14.646219211247805 ], [ -90.513406118520692, 14.646209995794518 ] ], [ [ -90.513470232579081, 14.646201314026595 ], [ -90.513464553434218, 14.646237108468878 ] ], [ [ -90.513408958097372, 14.646192098574819 ], [ -90.513403278943287, 14.646227893014093 ] ] ] } },
{ "type": "Feature", "properties": { "kind": "a2", "value": "17.794491662300608", "building_uid": "772" }, "geometry": { "type": "MultiLineString", "coordinates": [ [ [ -90.513538594266123, 14.646497136648605 ], [ -90.513375469412765, 14.646472323481579 ] ], [ [ -90.513546239984109, 14.646449490746681 ], [ -90.513530948543149, 14.64654478254959 ] ], [ [ -90.513383115163393, 14.646424677590341 ], [ -90.513367823657148, 14.64651996937187 ] ] ] } },
{ "type": "Feature", "properties": { "kind": "a2", "value": "9.149722261269442", "building_uid": "842" }, "geometry": { "type": "MultiLineString", "coordinates": [ [ [ -90.513743111094158, 14.646885802519243 ], [ -90.513754106398778, 14.64680384478636 ] ], [ [ -90.51376836496118, 14.646889014048691 ], [ -90.513717857228329, 14.646882590987168 ] ], [ [ -90.513779360256962, 14.646807056313181 ], [ -90.513728852541789, 14.646800633256907 ] ] ] } },
{ "type": "Feature", "properties": { "kind": "a2", "value": "6.479062759834296", "building_uid": "843" }, "geometry": { "type": "MultiLineString", "coordinates": [ [ [ -90.513905131401742, 14.646620742759175 ], [ -90.513896433065227, 14.64667865537295 ] ], [ [ -90.513887286647119, 14.646618202130272 ], [ -90.513922976157005, 14.646623283386765 ] ], [ [ -90.513878588306213, 14.646676114742672 ], [ -90.513914277824853, 14.646681196001925 ] ] ] } },
{ "type": "Feature", "properties": { "kind": "a2", "value": "0.9302624507123541", "building_uid": "844" }, "geometry": { "type": "MultiLineString", "coordinates": [ [ [ -90.51365930723837, 14.646822845926923 ], [ -90.513660539791303, 14.646814528535021 ] ], [ [ -90.513661870098986, 14.646823205933371 ], [ -90.513656744377769, 14.646822485920461 ] ], [ [ -90.513663102651833, 14.64681488854144 ], [ -90.513657976930773, 14.64681416852858 ] ] ] } },
{ "type": "Feature", "properties": { "kind": "a2", "value": "6.1088873162249095", "building_uid": "845" }, "geometry": { "type": "MultiLineString", "coordinates": [ [ [ -90.514004896719428, 14.646691154018551 ], [ -90.513948876040075, 14.646682757980242 ] ], [ [ -90.514007483809735, 14.646674791379558 ], [ -90.514002309628538, 14.646707516657438 ] ], [ [ -90.513951463134234, 14.646666395342498 ], [ -90.51394628894532, 14.646699120617869 ] ] ] } },
{ "type": "Feature", "properties": { "kind": "a2", "value": "5.060927883671669", "building_uid": "520" }, "geometry": { "type": "MultiLineString", "coordinates": [ [ [ -90.512287818074952, 14.64526653396044 ], [ -90.512241228563568, 14.645260826856447 ] ], [ [ -90.51228957660625, 14.645252925907707 ], [ -90.5122860595433, 14.645280142013117 ] ], [ [ -90.512242987097579, 14.645247218804496 ], [ -90.512239470029201, 14.645274434908329 ] ] ] } },
{ "type": "Feature", "properties": { "kind": "a2", "value": "0.8118104216256595", "building_uid": "914" }, "geometry": { "type": "MultiLineString", "coordinates": [ [ [ -90.515023991902552, 14.646338049008572 ], [ -90.51502492866868, 14.646330772456498 ] ], [ [ -90.515026234041343, 14.646338322621654 ], [ -90.515021749763775, 14.646337775395482 ] ], [ [ -90.5150271708074, 14.646331046069553 ], [ -90.515022686529974, 14.646330498843422 ] ] ] } },
{ "type": "Feature", "properties": { "kind": "a2", "value": "0.8149738069896715", "building_uid": "915" }, "geometry": { "type": "MultiLineString", "coordinates": [ [ [ -90.514753960418489, 14.646384507520985 ], [ -90.514755058178906, 14.646377223452784 ] ], [ [ -90.51475620487372, 14.646384828157609 ], [ -90.514751715963286, 14.646384186884326 ] ], [ [ -90.514757302634067, 14.646377544089393 ], [ -90.514752813723746, 14.646376902816153 ] ] ] } },
{ "type": "Feature", "properties": { "kind": "a2", "value": "13.705848614576794", "building_uid": "916" }, "geometry": { "type": "MultiLineString", "coordinates": [ [ [ -90.514685848687336, 14.646274548748444 ], [ -90.51466619062677, 14.646396872210326 ] ], [ [ -90.514648156921837, 14.646268806971559 ], [ -90.514723540455776, 14.646280290519513 ] ], [ [ -90.514628498841915, 14.646391130427098 ], [ -90.51470388241458, 14.646402613987748 ] ] ] } },
{ "type": "Feature", "properties": { "kind": "a2", "value": "4.718484685750385", "building_uid": "918" }, "geometry": { "type": "MultiLineString", "coordinates": [ [ [ -90.514150383425346, 14.646317683887723 ], [ -90.514193692421273, 14.646323918149807 ] ], [ [ -90.514148462448318, 14.646330333691695 ], [ -90.514152304402032, 14.646305034083689 ] ], [ [ -90.514191771446562, 14.64633656795451 ], [ -90.514195613395643, 14.646311268345034 ] ] ] } },
{ "type": "Feature", "properties": { "kind": "a2", "value": "11.771276274887855", "building_uid": "919" }, "geometry": { "type": "MultiLineString", "coordinates": [ [ [ -90.513704586053123, 14.646019195205209 ], [ -90.513812564727814, 14.646035168591879 ] ], [ [ -90.513699664139821, 14.646050733938109 ], [ -90.513709507964265, 14.645987656471915 ] ], [ [ -90.51380764282888, 14.646066707329402 ], [ -90.513817486624632, 14.64600362985396 ] ] ] } },
{ "type": "Feature", "properties": { "kind": "a2", "value": "7.9409828709598544", "building_uid": "1267" }, "geometry": { "type": "MultiLineString", "coordinates": [ [ [ -90.514170489116466, 14.644093600690992 ], [ -90.514097497529889, 14.644083827738406 ] ], [ [ -90.514173500441174, 14.644072280897353 ], [ -90.514167477790849, 14.644114920484464 ] ], [ [ -90.514100508861219, 14.644062507946789 ], [ -90.514094486197649, 14.644105147529864 ] ] ] } },
{ "type": "Feature", "properties": { "kind": "a2", "value": "8.712215087685214", "building_uid": "1268" }, "geometry": { "type": "MultiLineString", "coordinates": [ [ [ -90.514191607871282, 14.643983436303381 ], [ -90.51411156192502, 14.643972472157152 ] ], [ [ -90.514194986234614, 14.643960056020546 ], [ -90.514188229506857, 14.644006816586005 ] ], [ [ -90.514114940296281, 14.643949091876769 ], [ -90.514108183552636, 14.643995852437325 ] ] ] } },
{ "type": "Feature", "properties": { "kind": "a2", "value": "13.688692291502393", "building_uid": "1269" }, "geometry": { "type": "MultiLineString", "coordinates": [ [ [ -90.514397767598155, 14.643895477932903 ], [ -90.514523305726982, 14.643914231638741 ] ], [ [ -90.514391989034436, 14.643932145842337 ], [ -90.514403546158974, 14.643858810022913 ] ], [ [ -90.514517527182633, 14.643950899554456 ], [ -90.514529084268418, 14.643877563722471 ] ] ] } },
{ "type": "Feature", "properties": { "kind": "a2", "value": "7.818994701752241", "building_uid": "1271" }, "geometry": { "type": "MultiLineString", "coordinates": [ [ [ -90.513296697705712, 14.643415605231727 ], [ -90.513368325754442, 14.643426808639294 ] ], [ [ -90.51329324561982, 14.643436526817833 ], [ -90.513300149790609, 14.643394683645427 ] ], [ [ -90.513364873674831, 14.643447730227493 ], [ -90.513371777833072, 14.643405887050909 ] ] ] } },
{ "type": "Feature", "properties": { "kind": "a2", "value": "11.693546727064781", "building_uid": "1272" }, "geometry": { "type": "MultiLineString", "coordinates": [ [ [ -90.512292738007631, 14.644068199845258 ], [ -90.512307001786453, 14.64396348327414 ] ], [ [ -90.512325004199766, 14.644072366091306 ], [ -90.512260471817427, 14.644064033594926 ] ], [ [ -90.512339267964194, 14.643967649515876 ], [ -90.512274735610674, 14.643959317028125 ] ] ] } },
{ "type": "Feature", "properties": { "kind": "a2", "value": "0.4638176130524096", "building_uid": "1297" }, "geometry": { "type": "MultiLineString", "coordinates": [ [ [ -90.513668224375095, 14.64454775855271 ], [ -90.513667676707257, 14.644551914376306 ] ], [ [ -90.513666943843319, 14.644547598587154 ], [ -90.5136695049069, 14.644547918518265 ] ], [ [ -90.513666396175452, 14.64455175441074 ], [ -90.513668957239062, 14.644552074341867 ] ] ] } },
{ "type": "Feature", "properties": { "kind": "a2", "value": "4.0416013443288", "building_uid": "1300" }, "geometry": { "type": "MultiLineString", "coordinates": [ [ [ -90.515300549457592, 14.644463315786878 ], [ -90.515295675377246, 14.644499515874372 ] ], [ [ -90.515289395147647, 14.644461892140699 ], [ -90.515311703767793, 14.644464739432557 ] ], [ [ -90.515284521065567, 14.644498092227671 ], [ -90.515306829689138, 14.644500939520563 ] ] ] } },
{ "type": "Feature", "properties": { "kind": "a2", "value": "7.867680075150863", "building_uid": "1302" }, "geometry": { "type": "MultiLineString", "coordinates": [ [ [ -90.515268045714834, 14.64439930060626 ], [ -90.515340340464832, 14.644409146342261 ] ], [ [ -90.51526501195157, 14.644420416831027 ], [ -90.515271079477174, 14.644378184381338 ] ], [ [ -90.515337306708062, 14.644430262569015 ], [ -90.515343374220691, 14.644388030115335 ] ] ] } },
{ "type": "Feature", "properties": { "kind": "a2", "value": "10.65561595254693", "building_uid": "1303" }, "geometry": { "type": "MultiLineString", "coordinates": [ [ [ -90.515252828802218, 14.644313801770748 ], [ -90.515351016233424, 14.644325058690907 ] ], [ [ -90.515249360210035, 14.644342480874711 ], [ -90.515256297392881, 14.644285122666535 ] ], [ [ -90.515347547653377, 14.644353737798292 ], [ -90.515354484811979, 14.644296379583265 ] ] ] } },
{ "type": "Feature", "properties": { "kind": "a2", "value": "25.87635609483223", "building_uid": "1405" }, "geometry": { "type": "MultiLineString", "coordinates": [ [ [ -90.512192362386045, 14.646518640140657 ], [ -90.511954705247462, 14.64648544763603 ] ], [ [ -90.512202590027783, 14.646449224670693 ], [ -90.512182134734303, 14.646588055608785 ] ], [ [ -90.511964932959117, 14.64641603218789 ], [ -90.511944477525816, 14.646554863082333 ] ] ] } },
{ "type": "Feature", "properties": { "kind": "a2", "value": "9.691153712157032", "building_uid": "1406" }, "geometry": { "type": "MultiLineString", "coordinates": [ [ [ -90.511915782236244, 14.646328838954217 ], [ -90.512004946240538, 14.646340151453398 ] ], [ [ -90.511912296487282, 14.646354882205671 ], [ -90.511919267983856, 14.64630279570253 ] ], [ [ -90.512001460501509, 14.646366194707797 ], [ -90.512008431978231, 14.646314108198766 ] ] ] } },
{ "type": "Feature", "properties": { "kind": "a2", "value": "12.311143683825618", "building_uid": "1408" }, "geometry": { "type": "MultiLineString", "coordinates": [ [ [ -90.512120463281548, 14.646095858266523 ], [ -90.512007295215057, 14.646080750684138 ] ], [ [ -90.512125118397194, 14.646062803804689 ], [ -90.512115808163685, 14.646128912727956 ] ], [ [ -90.512011950346633, 14.646047696227164 ], [ -90.512002640081278, 14.646113805140716 ] ] ] } },
{ "type": "Feature", "properties": { "kind": "a2", "value": "6.407421752971452", "building_uid": "1409" }, "geometry": { "type": "MultiLineString", "coordinates": [ [ [ -90.512066434744796, 14.646205709143903 ], [ -90.512125265644798, 14.646214042294316 ] ], [ [ -90.512063867033291, 14.646222892634521 ], [ -90.512069002455704, 14.646188525653164 ] ], [ [ -90.512122697937556, 14.646231225786286 ], [ -90.512127833351414, 14.646196858802226 ] ] ] } },
{ "type": "Feature", "properties": { "kind": "a2", "value": "9.657898841134376", "building_uid": "1410" }, "geometry": { "type": "MultiLineString", "coordinates": [ [ [ -90.513446872290331, 14.646608254714815 ], [ -90.513358206405499, 14.64659562676246 ] ], [ [ -90.513450763366151, 14.646582356984123 ], [ -90.513442981213103, 14.646634152445248 ] ], [ [ -90.513362097491012, 14.64656972903483 ], [ -90.513354315318551, 14.646621524489831 ] ] ] } },
{ "type": "Feature", "properties": { "kind": "a2", "value": "4.037292504047418", "building_uid": "1411" }, "geometry": { "type": "MultiLineString", "coordinates": [ [ [ -90.513421783040542, 14.646794189078978 ], [ -90.513384778250227, 14.646788523681625 ] ], [ [ -90.51342352873364, 14.6467833806466 ], [ -90.513420037347188, 14.646804997511307 ] ], [ [ -90.513386523945002, 14.646777715249796 ], [ -90.513383032555197, 14.6467993321134 ] ] ] } },
{ "type": "Feature", "properties": { "kind": "a2", "value": "8.857221254510806", "building_uid": "1412" }, "geometry": { "type": "MultiLineString", "coordinates": [ [ [ -90.513967856309378, 14.646370697888182 ], [ -90.513886711698504, 14.646358034064946 ] ], [ [ -90.513971758434806, 14.646346996962123 ], [ -90.513963954182699, 14.646394398813996 ] ], [ [ -90.513890613831975, 14.64633433314156 ], [ -90.513882809563754, 14.646381734988084 ] ] ] } },
{ "type": "Feature", "properties": { "kind": "a2", "value": "8.964207254390551", "building_uid": "1413" }, "geometry": { "type": "MultiLineString", "coordinates": [ [ [ -90.514087050566033, 14.64647082223116 ], [ -90.514169175398123, 14.646483638869833 ] ], [ [ -90.514083101341782, 14.646494809447267 ], [ -90.514090999788991, 14.646446835014805 ] ], [ [ -90.514165226182129, 14.646507626088685 ], [ -90.514173124612839, 14.646459651650737 ] ] ] } },
{ "type": "Feature", "properties": { "kind": "a2", "value": "14.913477763026156", "building_uid": "1414" }, "geometry": { "type": "MultiLineString", "coordinates": [ [ [ -90.514096755400303, 14.646581040826771 ], [ -90.513959995015639, 14.646560534500852 ] ], [ [ -90.514103074049771, 14.646541095539364 ], [ -90.514090436747367, 14.646620986113525 ] ], [ [ -90.513966313688101, 14.646520589220904 ], [ -90.513953676339725, 14.646600479780142 ] ] ] } },
{ "type": "Feature", "properties": { "kind": "a2", "value": "8.357454450343107", "building_uid": "1426" }, "geometry": { "type": "MultiLineString", "coordinates": [ [ [ -90.512936880078357, 14.644730003552498 ], [ -90.512925238837994, 14.644804644867362 ] ], [ [ -90.512913880869206, 14.644726603324367 ], [ -90.512959879288573, 14.644733403778458 ] ], [ [ -90.512902239621624, 14.644801244636906 ], [ -90.512948238055444, 14.644808045095656 ] ] ] } },
{ "type": "Feature", "properties": { "kind": "a2", "value": "7.37889661300281", "building_uid": "1428" }, "geometry": { "type": "MultiLineString", "coordinates": [ [ [ -90.513243452721852, 14.645283961363843 ], [ -90.513310964266921, 14.645295039551725 ] ], [ [ -90.513240039190606, 14.645303680404703 ], [ -90.513246866252217, 14.645264242322806 ] ], [ [ -90.513307550741217, 14.645314758594482 ], [ -90.51331437779173, 14.645275320508787 ] ] ] } },
{ "type": "Feature", "properties": { "kind": "a2", "value": "13.169880125507436", "building_uid": "1429" }, "geometry": { "type": "MultiLineString", "coordinates": [ [ [ -90.513427197295627, 14.645185513091961 ], [ -90.513306767530395, 14.645165368708087 ] ], [ [ -90.513433404382027, 14.645150337462958 ], [ -90.513420990206342, 14.645220688720386 ] ], [ [ -90.513312974634388, 14.645130193085183 ], [ -90.513300560423517, 14.645200544330422 ] ] ] } },
{ "type": "Feature", "properties": { "kind": "a2", "value": "10.486824580377741", "building_uid": "1430" }, "geometry": { "type": "MultiLineString", "coordinates": [ [ [ -90.512924935418809, 14.645251620704281 ], [ -90.513021240433829, 14.645265133602933 ] ], [ [ -90.512920771676065, 14.645279749860061 ], [ -90.512929099159891, 14.645223491548203 ] ], [ [ -90.513017076702582, 14.645293262762303 ], [ -90.513025404163457, 14.645237004443258 ] ] ] } },
{ "type": "Feature", "properties": { "kind": "a2", "value": "6.277780823372841", "building_uid": "763" }, "geometry": { "type": "MultiLineString", "coordinates": [ [ [ -90.514521074215097, 14.645193384179498 ], [ -90.514463443051113, 14.645185157980904 ] ], [ [ -90.514523608954605, 14.645176551030298 ], [ -90.514518539474992, 14.645210217328586 ] ], [ [ -90.514465977794728, 14.645168324833003 ], [ -90.514460908306916, 14.645201991128694 ] ] ] } },
{ "type": "Feature", "properties": { "kind": "a2", "value": "3.3478590107621824", "building_uid": "1431" }, "geometry": { "type": "MultiLineString", "coordinates": [ [ [ -90.512781507584364, 14.645340147328717 ], [ -90.512812281011804, 14.645344263458961 ] ], [ [ -90.512780239277944, 14.64534913575201 ], [ -90.512782775890628, 14.645331158905391 ] ], [ [ -90.512811012706564, 14.645353251882611 ], [ -90.512813549316888, 14.645335275035279 ] ] ] } },
{ "type": "Feature", "properties": { "kind": "a2", "value": "7.81556995854996", "building_uid": "1542" }, "geometry": { "type": "MultiLineString", "coordinates": [ [ [ -90.515043945828253, 14.64498222972559 ], [ -90.515053365406786, 14.644912225971172 ] ], [ [ -90.515065516092577, 14.644984981038085 ], [ -90.515022375564811, 14.644979478411187 ] ], [ [ -90.515074935664643, 14.644914977281745 ], [ -90.515031795149795, 14.644909474658679 ] ] ] } },
{ "type": "Feature", "properties": { "kind": "a2", "value": "4.747596722994674", "building_uid": "1543" }, "geometry": { "type": "MultiLineString", "coordinates": [ [ [ -90.515124006945612, 14.644966391768259 ], [ -90.5150803956939, 14.644960355984546 ] ], [ [ -90.515125866750765, 14.644953653599977 ], [ -90.515122147140119, 14.644979129936477 ] ], [ [ -90.515082255501412, 14.644947617816996 ], [ -90.515078535886047, 14.64497309415203 ] ] ] } },
{ "type": "Feature", "properties": { "kind": "a2", "value": "0.4937884954931049", "building_uid": "1544" }, "geometry": { "type": "MultiLineString", "coordinates": [ [ [ -90.515201645223428, 14.645234702257522 ], [ -90.515200984305579, 14.645239116238258 ] ], [ [ -90.515200285141489, 14.645234509213942 ], [ -90.515203005305366, 14.645234895301085 ] ], [ [ -90.515199624223627, 14.645238923194679 ], [ -90.515202344387532, 14.64523930928183 ] ] ] } },
{ "type": "Feature", "properties": { "kind": "a2", "value": "8.812139262064223", "building_uid": "1545" }, "geometry": { "type": "MultiLineString", "coordinates": [ [ [ -90.515001369114955, 14.645278186888321 ], [ -90.515082009183857, 14.645291328209749 ] ], [ [ -90.514997319867973, 14.645301740560981 ], [ -90.515005418360673, 14.645254633215417 ] ], [ [ -90.51507795994479, 14.645314881885103 ], [ -90.515086058421659, 14.645267774534142 ] ] ] } },
{ "type": "Feature", "properties": { "kind": "a2", "value": "5.299426325608924", "building_uid": "1546" }, "geometry": { "type": "MultiLineString", "coordinates": [ [ [ -90.515064366079685, 14.645475339338681 ], [ -90.515113143579285, 14.645481374757928 ] ], [ [ -90.51506250637938, 14.645489586452817 ], [ -90.515066225779606, 14.64546109222448 ] ], [ [ -90.515111283881964, 14.645495621872932 ], [ -90.515115003276222, 14.645467127642855 ] ] ] } },
{ "type": "Feature", "properties": { "kind": "a2", "value": "5.599725964514049", "building_uid": "1549" }, "geometry": { "type": "MultiLineString", "coordinates": [ [ [ -90.514133032827417, 14.645424243737262 ], [ -90.514184636731699, 14.645430123369435 ] ], [ [ -90.514131221130143, 14.645439316401777 ], [ -90.514134844524278, 14.645409171072682 ] ], [ [ -90.514182825037778, 14.64544519603489 ], [ -90.514186448425221, 14.645415050703908 ] ] ] } },
{ "type": "Feature", "properties": { "kind": "a2", "value": "4.855531028495667", "building_uid": "1551" }, "geometry": { "type": "MultiLineString", "coordinates": [ [ [ -90.513889943980189, 14.64587595918074 ], [ -90.513896865390876, 14.645832617531628 ] ], [ [ -90.513903298902221, 14.645877980808804 ], [ -90.513876589058526, 14.645873937551952 ] ], [ [ -90.513910220310493, 14.645834639158892 ], [ -90.513883510471658, 14.645830595903631 ] ] ] } },
{ "type": "Feature", "properties": { "kind": "a2", "value": "0.5596041213187195", "building_uid": "1552" }, "geometry": { "type": "MultiLineString", "coordinates": [ [ [ -90.512772619786617, 14.64566784327091 ], [ -90.512771950801422, 14.645672856309414 ] ], [ [ -90.512771075113648, 14.645667647871386 ], [ -90.512774164459586, 14.645668038670424 ] ], [ [ -90.512770406128425, 14.645672660909877 ], [ -90.512773495474434, 14.645673051708934 ] ] ] } },
{ "type": "Feature", "properties": { "kind": "a2", "value": "5.910272734679349", "building_uid": "1553" }, "geometry": { "type": "MultiLineString", "coordinates": [ [ [ -90.512813302475578, 14.645533965302672 ], [ -90.512806099954048, 14.645586893130298 ] ], [ [ -90.512796993777087, 14.645531861564038 ], [ -90.512829611174567, 14.645536069040215 ] ], [ [ -90.51278979125189, 14.645584789390558 ], [ -90.512822408656731, 14.645588996868941 ] ] ] } },
{ "type": "Feature", "properties": { "kind": "a2", "value": "13.891687122891366", "building_uid": "1554" }, "geometry": { "type": "MultiLineString", "coordinates": [ [ [ -90.512838092296732, 14.645440743471726 ], [ -90.51296577450961, 14.645457892794138 ] ], [ [ -90.512832808051314, 14.645478037371882 ], [ -90.512843376539351, 14.645403449571059 ] ], [ [ -90.512960490284428, 14.645495186700487 ], [ -90.512971058731978, 14.645420598887283 ] ] ] } },
{ "type": "Feature", "properties": { "kind": "a2", "value": "14.034998352027328", "building_uid": "1556" }, "geometry": { "type": "MultiLineString", "coordinates": [ [ [ -90.512956019985083, 14.645031697037076 ], [ -90.512827331903921, 14.645012301455054 ] ], [ [ -90.512961996337182, 14.644994109257972 ], [ -90.512950043629914, 14.645069284815595 ] ], [ [ -90.512833308276356, 14.64497471368257 ], [ -90.512821355528416, 14.645049889226945 ] ] ] } },
{ "type": "Feature", "properties": { "kind": "a2", "value": "16.393583195608787", "building_uid": "1557" }, "geometry": { "type": "MultiLineString", "coordinates": [ [ [ -90.513079891396188, 14.644756293338007 ], [ -90.513106722173404, 14.64461052434412 ] ], [ [ -90.513124807165298, 14.644764130201303 ], [ -90.513034975631683, 14.64474845646653 ] ], [ [ -90.513151637915456, 14.644618361197786 ], [ -90.513061806435928, 14.644602687482269 ] ] ] } },
{ "type": "Feature", "properties": { "kind": "a2", "value": "5.298380141682727", "building_uid": "1558" }, "geometry": { "type": "MultiLineString", "coordinates": [ [ [ -90.513297754366718, 14.644637043835001 ], [ -90.513290374228703, 14.64468436425388 ] ], [ [ -90.513283173544451, 14.644634888208563 ], [ -90.51331233518944, 14.644639199460567 ] ], [ [ -90.513275793403523, 14.644682208626509 ], [ -90.513304955054323, 14.644686519880381 ] ] ] } },
{ "type": "Feature", "properties": { "kind": "a2", "value": "8.891586297164084", "building_uid": "1559" }, "geometry": { "type": "MultiLineString", "coordinates": [ [ [ -90.513166739863962, 14.644932112202897 ], [ -90.513180162781623, 14.644852860484077 ] ], [ [ -90.513191159698891, 14.644936032829666 ], [ -90.513142320030312, 14.644928191573689 ] ], [ [ -90.513204582608481, 14.644856781108119 ], [ -90.513155742956044, 14.644848939857603 ] ] ] } },
{ "type": "Feature", "properties": { "kind": "a2", "value": "4.1020657049795695", "building_uid": "2593" }, "geometry": { "type": "MultiLineString", "coordinates": [ [ [ -90.515355364536617, 14.643890402910413 ], [ -90.515350417575235, 14.643927144575429 ] ], [ [ -90.515344043380665, 14.643888957972957 ], [ -90.515366685692783, 14.64389184784735 ] ], [ [ -90.51533909641752, 14.643925699637444 ], [ -90.515361738733176, 14.643928589512891 ] ] ] } },
{ "type": "Feature", "properties": { "kind": "a2", "value": "0.5367478378344311", "building_uid": "2594" }, "geometry": { "type": "MultiLineString", "coordinates": [ [ [ -90.515351593393845, 14.644063790533615 ], [ -90.515352210025782, 14.644058979133487 ] ], [ [ -90.515353075924779, 14.644063970642948 ], [ -90.515350110862911, 14.64406361042427 ] ], [ [ -90.515353692556673, 14.644059159242815 ], [ -90.515350727494877, 14.644058799024146 ] ] ] } },
{ "type": "Feature", "properties": { "kind": "a2", "value": "8.375887323880642", "building_uid": "2595" }, "geometry": { "type": "MultiLineString", "coordinates": [ [ [ -90.514983953765594, 14.644196363515668 ], [ -90.51506100425344, 14.644206228163167 ] ], [ [ -90.514980914177499, 14.644218868842003 ], [ -90.514986993352693, 14.644173858189154 ] ], [ [ -90.515057964672749, 14.644228733491708 ], [ -90.515064043833135, 14.644183722834446 ] ] ] } },
{ "type": "Feature", "properties": { "kind": "a2", "value": "5.432959783724023", "building_uid": "2596" }, "geometry": { "type": "MultiLineString", "coordinates": [ [ [ -90.515307560953161, 14.644656091544734 ], [ -90.515257766068601, 14.644648456394187 ] ], [ [ -90.515309913567549, 14.644641547212498 ], [ -90.51530520833829, 14.644670635876878 ] ], [ [ -90.515260118686044, 14.64463391206295 ], [ -90.515255413450689, 14.644663000725334 ] ] ] } },
{ "type": "Feature", "properties": { "kind": "a2", "value": "6.385721309891913", "building_uid": "2597" }, "geometry": { "type": "MultiLineString", "coordinates": [ [ [ -90.51421696369799, 14.644350657661578 ], [ -90.514225405217033, 14.644293560786069 ] ], [ [ -90.514234556912996, 14.644353123305246 ], [ -90.51419937048361, 14.644348192016642 ] ], [ [ -90.51424299842779, 14.644296026428403 ], [ -90.514207812006902, 14.644291095142467 ] ] ] } },
{ "type": "Feature", "properties": { "kind": "a2", "value": "6.368490305639099", "building_uid": "2598" }, "geometry": { "type": "MultiLineString", "coordinates": [ [ [ -90.514268999956414, 14.644675845031497 ], [ -90.51427939752412, 14.644619212989213 ] ], [ [ -90.514286449968921, 14.644678882003735 ], [ -90.514251549944603, 14.644672808058013 ] ], [ [ -90.514296847532535, 14.644622249960005 ], [ -90.514261947516403, 14.644616176017186 ] ] ] } },
{ "type": "Feature", "properties": { "kind": "a2", "value": "8.018896494177463", "building_uid": "2599" }, "geometry": { "type": "MultiLineString", "coordinates": [ [ [ -90.514266779309153, 14.644370897156582 ], [ -90.514340526804446, 14.644380481162321 ] ], [ [ -90.514263826192902, 14.64439243770955 ], [ -90.514269732424495, 14.644349356603446 ] ], [ [ -90.514337573694959, 14.644402021717321 ], [ -90.514343479913023, 14.644358940607153 ] ] ] } },
{ "type": "Feature", "properties": { "kind": "a2", "value": "6.926410528231723", "building_uid": "2689" }, "geometry": { "type": "MultiLineString", "coordinates": [ [ [ -90.514577468964873, 14.648298687258439 ], [ -90.514513802715243, 14.648290156789439 ] ], [ [ -90.51458009749652, 14.648280091623047 ], [ -90.514574840432545, 14.648317282893702 ] ], [ [ -90.51451643125192, 14.648271561155584 ], [ -90.514511174177869, 14.648308752423169 ] ] ] } },
{ "type": "Feature", "properties": { "kind": "a2", "value": "4.348061702667059", "building_uid": "2690" }, "geometry": { "type": "MultiLineString", "coordinates": [ [ [ -90.514561482911702, 14.648228117567669 ], [ -90.514521664678639, 14.648221801509058 ] ], [ [ -90.51456342910754, 14.648216487456342 ], [ -90.514559536715581, 14.648239747678939 ] ], [ [ -90.51452361087641, 14.648210171398379 ], [ -90.514519718480571, 14.648233431619676 ] ] ] } },
{ "type": "Feature", "properties": { "kind": "a2", "value": "12.317846790753418", "building_uid": "2691" }, "geometry": { "type": "MultiLineString", "coordinates": [ [ [ -90.514677397448892, 14.648399830251162 ], [ -90.514790620855663, 14.648415000554657 ] ], [ [ -90.514672722938684, 14.648432900517454 ], [ -90.514682071956898, 14.648366759984471 ] ], [ [ -90.514785946361371, 14.648448070825809 ], [ -90.514795295347739, 14.64838193028311 ] ] ] } },
{ "type": "Feature", "properties": { "kind": "a2", "value": "9.72017200952527", "building_uid": "2693" }, "geometry": { "type": "MultiLineString", "coordinates": [ [ [ -90.514688093855753, 14.648183356403656 ], [ -90.514600324406118, 14.648163157852037 ] ], [ [ -90.514694317723908, 14.648157720691335 ], [ -90.514681869985694, 14.648208992115531 ] ], [ [ -90.51460654828314, 14.648137522143541 ], [ -90.514594100527191, 14.64818879356009 ] ] ] } },
{ "type": "Feature", "properties": { "kind": "a2", "value": "10.599823613198602", "building_uid": "2694" }, "geometry": { "type": "MultiLineString", "coordinates": [ [ [ -90.514743341222768, 14.648047786908695 ], [ -90.514839405933387, 14.648068307816462 ] ], [ [ -90.514737018017016, 14.64807584551208 ], [ -90.514749664426333, 14.648019728304828 ] ], [ [ -90.51483308273842, 14.648096366424252 ], [ -90.514845729126179, 14.648040249208188 ] ] ] } },
{ "type": "Feature", "properties": { "kind": "a2", "value": "12.042982638054685", "building_uid": "2695" }, "geometry": { "type": "MultiLineString", "coordinates": [ [ [ -90.514757163729655, 14.647849759235241 ], [ -90.514867600552748, 14.647866325524122 ] ], [ [ -90.514752059080919, 14.647882015678586 ], [ -90.514762268376145, 14.647817502791462 ] ], [ [ -90.51486249591899, 14.647898581972333 ], [ -90.514872705184231, 14.647834069075477 ] ] ] } },
{ "type": "Feature", "properties": { "kind": "a2", "value": "6.862020691972239", "building_uid": "2696" }, "geometry": { "type": "MultiLineString", "coordinates": [ [ [ -90.5145133097528, 14.647700743462917 ], [ -90.51457607636496, 14.647711141317689 ] ], [ [ -90.514510105817635, 14.647719076380342 ], [ -90.51451651368717, 14.647682410545332 ] ], [ [ -90.514572872434584, 14.647729474236765 ], [ -90.514579280294555, 14.647692808398457 ] ] ] } },
{ "type": "Feature", "properties": { "kind": "a2", "value": "10.862428642613324", "building_uid": "2697" }, "geometry": { "type": "MultiLineString", "coordinates": [ [ [ -90.514753767393472, 14.647953889879712 ], [ -90.51485336394218, 14.647968922778672 ] ], [ [ -90.514749135233998, 14.647982980076563 ], [ -90.514758399551084, 14.647924799682515 ] ], [ [ -90.514848731794899, 14.647998012979487 ], [ -90.514857996087628, 14.647939832577505 ] ] ] } },
{ "type": "Feature", "properties": { "kind": "a2", "value": "4.433312556111362", "building_uid": "2698" }, "geometry": { "type": "MultiLineString", "coordinates": [ [ [ -90.514788749475727, 14.647418927298444 ], [ -90.514795479538819, 14.647379418657536 ] ], [ [ -90.514800923414413, 14.647420893023055 ], [ -90.51477657553734, 14.647416961573223 ] ], [ [ -90.514807653475501, 14.647381384381466 ], [ -90.51478330560245, 14.647377452933002 ] ] ] } },
{ "type": "Feature", "properties": { "kind": "a2", "value": "3.1659426988294377", "building_uid": "2699" }, "geometry": { "type": "MultiLineString", "coordinates": [ [ [ -90.514767462602407, 14.647155361500658 ], [ -90.514762444075984, 14.647183540559549 ] ], [ [ -90.514758779698937, 14.647153895682155 ], [ -90.514776145506033, 14.647156827318854 ] ], [ [ -90.514753761171505, 14.647182074740691 ], [ -90.514771126980634, 14.6471850063781 ] ] ] } },
{ "type": "Feature", "properties": { "kind": "a2", "value": "9.728593200561797", "building_uid": "2700" }, "geometry": { "type": "MultiLineString", "coordinates": [ [ [ -90.514867811853051, 14.647215999250987 ], [ -90.514956843908294, 14.647230479760468 ] ], [ [ -90.514863349920361, 14.647242003855462 ], [ -90.514872273784164, 14.647189994646205 ] ], [ [ -90.514952381985253, 14.647256484368228 ], [ -90.514961305829758, 14.647204475152398 ] ] ] } },
{ "type": "Feature", "properties": { "kind": "a2", "value": "5.499969522834526", "building_uid": "2701" }, "geometry": { "type": "MultiLineString", "coordinates": [ [ [ -90.514890243889994, 14.647312063921662 ], [ -90.514839691350758, 14.647305276659504 ] ], [ [ -90.51489233527046, 14.647297298471136 ], [ -90.514888152509087, 14.647326829372107 ] ], [ [ -90.514841782734393, 14.647290511209945 ], [ -90.514837599966697, 14.647320042108978 ] ] ] } },
{ "type": "Feature", "properties": { "kind": "a2", "value": "7.044015197051624", "building_uid": "2702" }, "geometry": { "type": "MultiLineString", "coordinates": [ [ [ -90.514735724958072, 14.647482318635154 ], [ -90.514671007607959, 14.647473435973353 ] ], [ [ -90.514738462002157, 14.647463415923065 ], [ -90.514732987913249, 14.647501221347108 ] ], [ [ -90.51467374465723, 14.647454533262867 ], [ -90.514668270557934, 14.647492338683701 ] ] ] } },
{ "type": "Feature", "properties": { "kind": "a2", "value": "0.43424466006820334", "building_uid": "2703" }, "geometry": { "type": "MultiLineString", "coordinates": [ [ [ -90.514898233430372, 14.647447991704757 ], [ -90.514898804914452, 14.647444108617599 ] ], [ [ -90.514899429940044, 14.647448158624453 ], [ -90.514897036920701, 14.647447824785052 ] ], [ [ -90.514900001424124, 14.647444275537286 ], [ -90.514897608404809, 14.647443941697905 ] ] ] } },
{ "type": "Feature", "properties": { "kind": "a2", "value": "9.375706485211005", "building_uid": "2704" }, "geometry": { "type": "MultiLineString", "coordinates": [ [ [ -90.51466065478877, 14.647223384251058 ], [ -90.514679496103227, 14.647140699263753 ] ], [ [ -90.514686132786423, 14.647228887449819 ], [ -90.514635176792822, 14.647217881049704 ] ], [ [ -90.514704974092481, 14.647146202459053 ], [ -90.514654018115706, 14.647135196065859 ] ] ] } },
{ "type": "Feature", "properties": { "kind": "a2", "value": "13.663172506836482", "building_uid": "2705" }, "geometry": { "type": "MultiLineString", "coordinates": [ [ [ -90.51454081031757, 14.647277140240352 ], [ -90.514559628016301, 14.647155081390247 ] ], [ [ -90.514578420722898, 14.6472826365403 ], [ -90.514503199915097, 14.647271643934603 ] ], [ [ -90.514597238402274, 14.647160577684 ], [ -90.514522017633212, 14.647149585090702 ] ] ] } },
{ "type": "Feature", "properties": { "kind": "a2", "value": "4.719066872177354", "building_uid": "2706" }, "geometry": { "type": "MultiLineString", "coordinates": [ [ [ -90.514390234709595, 14.647094047815076 ], [ -90.514383020256645, 14.647136094818935 ] ], [ [ -90.514377278635607, 14.647091940606634 ], [ -90.514403190783923, 14.647096155022828 ] ], [ [ -90.514370064180397, 14.647133987609719 ], [ -90.514395976333262, 14.647138202027458 ] ] ] } },
{ "type": "Feature", "properties": { "kind": "a2", "value": "8.403924686097143", "building_uid": "2708" }, "geometry": { "type": "MultiLineString", "coordinates": [ [ [ -90.514441210349219, 14.647250002267763 ], [ -90.514453226516181, 14.647174992315037 ] ], [ [ -90.514464323416036, 14.647253511966762 ], [ -90.514418097283524, 14.647246492566577 ] ], [ [ -90.514476339575708, 14.647178502011647 ], [ -90.514430113457763, 14.647171482616237 ] ] ] } },
{ "type": "Feature", "properties": { "kind": "a2", "value": "11.712023103474111", "building_uid": "2711" }, "geometry": { "type": "MultiLineString", "coordinates": [ [ [ -90.514791078578412, 14.647633783505819 ], [ -90.514898495786184, 14.647649796530496 ] ], [ [ -90.514786144414671, 14.64766515800981 ], [ -90.514796012740007, 14.64760240900142 ] ], [ [ -90.51489356163664, 14.647681171039087 ], [ -90.514903429933582, 14.647618422021514 ] ] ] } },
{ "type": "Feature", "properties": { "kind": "a2", "value": "3.279987470309785", "building_uid": "2712" }, "geometry": { "type": "MultiLineString", "coordinates": [ [ [ -90.5148803324158, 14.647563912221246 ], [ -90.514910467538968, 14.647568048306841 ] ], [ [ -90.514879057947468, 14.647572714115729 ], [ -90.514881606883975, 14.647555110326733 ] ], [ [ -90.514909193071759, 14.64757685020167 ], [ -90.514911742006007, 14.647559246411978 ] ] ] } },
{ "type": "Feature", "properties": { "kind": "a2", "value": "9.109395264958584", "building_uid": "701" }, "geometry": { "type": "MultiLineString", "coordinates": [ [ [ -90.512154985923956, 14.645948322471305 ], [ -90.512238654024273, 14.645959976435845 ] ], [ [ -90.512151394965585, 14.645972760507961 ], [ -90.512158576881092, 14.645923884434431 ] ], [ [ -90.512235063074556, 14.645984414475201 ], [ -90.512242244972754, 14.645935538396271 ] ] ] } },
{ "type": "Feature", "properties": { "kind": "a2", "value": "0.710552694479857", "building_uid": "2720" }, "geometry": { "type": "MultiLineString", "coordinates": [ [ [ -90.51437378139785, 14.648370866571048 ], [ -90.514374712514112, 14.648364512137443 ] ], [ [ -90.514375739420785, 14.648371138531347 ], [ -90.514371823374915, 14.648370594610734 ] ], [ [ -90.514376670537018, 14.648364784097721 ], [ -90.514372754491248, 14.648364240177147 ] ] ] } },
{ "type": "Feature", "properties": { "kind": "a2", "value": "8.78911344958661", "building_uid": "2728" }, "geometry": { "type": "MultiLineString", "coordinates": [ [ [ -90.515063403757594, 14.646434085760674 ], [ -90.514982691703992, 14.646422742238283 ] ], [ [ -90.515066899057061, 14.646410511184119 ], [ -90.515059908456962, 14.646457660337017 ] ], [ [ -90.51498618701153, 14.646399167664249 ], [ -90.514979196395302, 14.646446316812105 ] ] ] } },
{ "type": "Feature", "properties": { "kind": "a2", "value": "7.353332049476847", "building_uid": "2729" }, "geometry": { "type": "MultiLineString", "coordinates": [ [ [ -90.514974669653611, 14.646581845137639 ], [ -90.515042126191631, 14.64659179961482 ] ], [ [ -90.514971602353597, 14.646601547993825 ], [ -90.514977736952829, 14.646562142281292 ] ], [ [ -90.515039058897202, 14.646611502472814 ], [ -90.515045193485236, 14.646572096756667 ] ] ] } },
{ "type": "Feature", "properties": { "kind": "a2", "value": "12.279828029170742", "building_uid": "2730" }, "geometry": { "type": "MultiLineString", "coordinates": [ [ [ -90.514685861915623, 14.647030709000129 ], [ -90.514704140069739, 14.64692121596754 ] ], [ [ -90.514719600334743, 14.647036047715119 ], [ -90.514652123498919, 14.647025370280497 ] ], [ [ -90.514737878473412, 14.64692655467735 ], [ -90.514670401668482, 14.646915877253081 ] ] ] } },
{ "type": "Feature", "properties": { "kind": "a2", "value": "7.791165366588876", "building_uid": "2731" }, "geometry": { "type": "MultiLineString", "coordinates": [ [ [ -90.515000575194975, 14.646612328184668 ], [ -90.514990973285848, 14.646682086027875 ] ], [ [ -90.514979080541835, 14.646609523638269 ], [ -90.515022069848982, 14.646615132729163 ] ], [ [ -90.514969478626313, 14.646679281479546 ], [ -90.515012467946249, 14.64668489057428 ] ] ] } },
{ "type": "Feature", "properties": { "kind": "a2", "value": "4.96443275546727", "building_uid": "2734" }, "geometry": { "type": "MultiLineString", "coordinates": [ [ [ -90.514347936776701, 14.646933368910062 ], [ -90.514393576662002, 14.646939425813946 ] ], [ [ -90.514346070443978, 14.646946699488344 ], [ -90.514349803109084, 14.646920038331716 ] ], [ [ -90.51439171033185, 14.64695275639302 ], [ -90.514395442991798, 14.646926095234811 ] ] ] } },
{ "type": "Feature", "properties": { "kind": "a2", "value": "0.6578961133622422", "building_uid": "2736" }, "geometry": { "type": "MultiLineString", "coordinates": [ [ [ -90.514519452946729, 14.646957715108289 ], [ -90.514518532216087, 14.646963590213067 ] ], [ [ -90.514517642633564, 14.646957446179687 ], [ -90.514521263259894, 14.646957984036881 ] ], [ [ -90.514516721902893, 14.646963321284447 ], [ -90.514520342529309, 14.646963859141671 ] ] ] } },
{ "type": "Feature", "properties": { "kind": "a2", "value": "0.6965810447411581", "building_uid": "2738" }, "geometry": { "type": "MultiLineString", "coordinates": [ [ [ -90.514451120769223, 14.646840348018866 ], [ -90.514450139421015, 14.646846567619624 ] ], [ [ -90.514449204306544, 14.64684006138482 ], [ -90.514453037231902, 14.646840634652897 ] ], [ [ -90.514448222958293, 14.646846280985558 ], [ -90.514452055883751, 14.646846854253671 ] ] ] } },
{ "type": "Feature", "properties": { "kind": "a2", "value": "8.811044172428081", "building_uid": "2741" }, "geometry": { "type": "MultiLineString", "coordinates": [ [ [ -90.513828696720395, 14.646214835027576 ], [ -90.513840826337017, 14.646136121520918 ] ], [ [ -90.513852950859686, 14.646218377880059 ], [ -90.513804442582298, 14.646211292172678 ] ], [ [ -90.51386508046825, 14.646139664370821 ], [ -90.513816572206977, 14.646132578668601 ] ] ] } },
{ "type": "Feature", "properties": { "kind": "a2", "value": "4.319736988333021", "building_uid": "2742" }, "geometry": { "type": "MultiLineString", "coordinates": [ [ [ -90.513434773338659, 14.646275601683845 ], [ -90.513428922343479, 14.646314205931063 ] ], [ [ -90.51342287813695, 14.64627389270974 ], [ -90.513446668540666, 14.646277310657371 ] ], [ [ -90.513417027139823, 14.646312496956346 ], [ -90.513440817547419, 14.646315914905205 ] ] ] } },
{ "type": "Feature", "properties": { "kind": "a2", "value": "0.6645712739919628", "building_uid": "2745" }, "geometry": { "type": "MultiLineString", "coordinates": [ [ [ -90.513575486885657, 14.646710581337473 ], [ -90.513574606387039, 14.646716523212065 ] ], [ [ -90.513573656000602, 14.646710324159612 ], [ -90.513577317770711, 14.646710838515322 ] ], [ [ -90.513572775501942, 14.646716266034188 ], [ -90.51357643727215, 14.646716780389927 ] ] ] } },
{ "type": "Feature", "properties": { "kind": "a2", "value": "11.410829174981554", "building_uid": "2746" }, "geometry": { "type": "MultiLineString", "coordinates": [ [ [ -90.513426703181821, 14.646700658219897 ], [ -90.513531529196641, 14.646715125113513 ] ], [ [ -90.513422245453086, 14.6467312760184 ], [ -90.513431160908624, 14.646670040421045 ] ], [ [ -90.513527071481519, 14.64674574291624 ], [ -90.513535986909829, 14.646684507310441 ] ] ] } },
{ "type": "Feature", "properties": { "kind": "a2", "value": "6.819693690794293", "building_uid": "2747" }, "geometry": { "type": "MultiLineString", "coordinates": [ [ [ -90.513864346890387, 14.648191849912289 ], [ -90.513926846816744, 14.648201469547208 ] ], [ [ -90.513861382744508, 14.648210104894591 ], [ -90.513867311035526, 14.64817359492984 ] ], [ [ -90.513923882675655, 14.648219724531092 ], [ -90.513929810957094, 14.648183214563185 ] ] ] } },
{ "type": "Feature", "properties": { "kind": "a2", "value": "7.39510456110598", "building_uid": "2748" }, "geometry": { "type": "MultiLineString", "coordinates": [ [ [ -90.51383894507137, 14.648122925848735 ], [ -90.513771171779439, 14.648112494375045 ] ], [ [ -90.513842159365751, 14.648103130612329 ], [ -90.513835730776137, 14.648142721084968 ] ], [ [ -90.513774386079447, 14.648092699140495 ], [ -90.513767957478578, 14.648132289609421 ] ] ] } },
{ "type": "Feature", "properties": { "kind": "a2", "value": "12.72168588401748", "building_uid": "2749" }, "geometry": { "type": "MultiLineString", "coordinates": [ [ [ -90.513882502479248, 14.648282525325524 ], [ -90.513765908118046, 14.64826461050858 ] ], [ [ -90.513888022647961, 14.648248470444889 ], [ -90.513876982307977, 14.648316580205663 ] ], [ [ -90.513771428303428, 14.648230555633431 ], [ -90.513760387930105, 14.648298665383225 ] ] ] } },
{ "type": "Feature", "properties": { "kind": "a2", "value": "8.65348038616643", "building_uid": "2750" }, "geometry": { "type": "MultiLineString", "coordinates": [ [ [ -90.513716454020809, 14.648314741400274 ], [ -90.51372884345578, 14.648237506553915 ] ], [ [ -90.513740252768571, 14.648318360106142 ], [ -90.513692655274241, 14.648311122692091 ] ], [ [ -90.513752642195797, 14.648241125257263 ], [ -90.513705044716929, 14.648233887848264 ] ] ] } },
{ "type": "Feature", "properties": { "kind": "a2", "value": "11.370901074159658", "building_uid": "2751" }, "geometry": { "type": "MultiLineString", "coordinates": [ [ [ -90.513946836800855, 14.648056201956258 ], [ -90.513842970981585, 14.64803817034054 ] ], [ [ -90.513952392955531, 14.648025864796521 ], [ -90.513941280643991, 14.648086539115555 ] ], [ [ -90.513848527149278, 14.648007833185416 ], [ -90.513837414811675, 14.648068507495214 ] ] ] } },
{ "type": "Feature", "properties": { "kind": "a2", "value": "6.056799618453297", "building_uid": "2752" }, "geometry": { "type": "MultiLineString", "coordinates": [ [ [ -90.513907448298383, 14.64794284880865 ], [ -90.513963010600435, 14.647951052383613 ] ], [ [ -90.513904920493189, 14.647959077468043 ], [ -90.513909976103008, 14.647926620149155 ] ], [ [ -90.513960482799035, 14.647967281044226 ], [ -90.513965538401266, 14.647934823722892 ] ] ] } },
{ "type": "Feature", "properties": { "kind": "a2", "value": "4.924176352021668", "building_uid": "2753" }, "geometry": { "type": "MultiLineString", "coordinates": [ [ [ -90.513842236253367, 14.647831231906322 ], [ -90.513887461167968, 14.647837553109895 ] ], [ [ -90.513840288473148, 14.647844441224438 ], [ -90.513844184033232, 14.64781802258814 ] ], [ [ -90.513885513390278, 14.647850762428801 ], [ -90.513889408945303, 14.647824343790925 ] ] ] } },
{ "type": "Feature", "properties": { "kind": "a2", "value": "6.030652431288366", "building_uid": "2755" }, "geometry": { "type": "MultiLineString", "coordinates": [ [ [ -90.513977631269483, 14.647636946677039 ], [ -90.513969881902568, 14.64769089953108 ] ], [ [ -90.513961006567214, 14.647634683235822 ], [ -90.513994255972278, 14.647639210117122 ] ], [ [ -90.513953257196505, 14.647688636088692 ], [ -90.513986506609186, 14.647693162972333 ] ] ] } },
{ "type": "Feature", "properties": { "kind": "a2", "value": "8.161548700495153", "building_uid": "2757" }, "geometry": { "type": "MultiLineString", "coordinates": [ [ [ -90.513964340869663, 14.647407647362272 ], [ -90.514039197879512, 14.64741878558301 ] ], [ [ -90.513960908806055, 14.647429511681214 ], [ -90.513967772932247, 14.647385783043134 ] ], [ [ -90.514035765822797, 14.647440649904182 ], [ -90.514042629935204, 14.647396921261645 ] ] ] } },
{ "type": "Feature", "properties": { "kind": "a2", "value": "8.943450371382394", "building_uid": "2758" }, "geometry": { "type": "MultiLineString", "coordinates": [ [ [ -90.513930209118541, 14.647563669728985 ], [ -90.514012278623497, 14.647575611526575 ] ], [ [ -90.513926529442472, 14.647587640664112 ], [ -90.513933888793389, 14.647539698793622 ] ], [ [ -90.514008598955726, 14.647599582464354 ], [ -90.514015958290017, 14.647551640588569 ] ] ] } },
{ "type": "Feature", "properties": { "kind": "a2", "value": "4.925753035568485", "building_uid": "2759" }, "geometry": { "type": "MultiLineString", "coordinates": [ [ [ -90.513771473609111, 14.647455748888655 ], [ -90.51372627251078, 14.647449171707871 ] ], [ [ -90.513773500258196, 14.647442546502662 ], [ -90.513769446959671, 14.64746895127459 ] ], [ [ -90.513728299162395, 14.647435969322675 ], [ -90.513724245858825, 14.64746237409299 ] ] ] } },
{ "type": "Feature", "properties": { "kind": "a2", "value": "4.923222901379282", "building_uid": "2761" }, "geometry": { "type": "MultiLineString", "coordinates": [ [ [ -90.513903621727025, 14.647175898389273 ], [ -90.513858382317068, 14.647169739100878 ] ], [ [ -90.513905519606951, 14.647162684796116 ], [ -90.513901723846743, 14.647189111982362 ] ], [ [ -90.513860280199523, 14.647156525508509 ], [ -90.513856484434243, 14.647182952693187 ] ] ] } },
{ "type": "Feature", "properties": { "kind": "a2", "value": "8.913623694146532", "building_uid": "2762" }, "geometry": { "type": "MultiLineString", "coordinates": [ [ [ -90.514059205968366, 14.647259862557332 ], [ -90.513977279012067, 14.647248849625463 ] ], [ [ -90.514062599415084, 14.64723593322028 ], [ -90.514055812520496, 14.64728379189418 ] ], [ [ -90.513980672467099, 14.647224920290951 ], [ -90.51397388555587, 14.647272778959758 ] ] ] } },
{ "type": "Feature", "properties": { "kind": "a2", "value": "8.915979644485013", "building_uid": "2763" }, "geometry": { "type": "MultiLineString", "coordinates": [ [ [ -90.513841939514521, 14.647311962960968 ], [ -90.513923888133135, 14.647322978853982 ] ], [ [ -90.513838545144907, 14.647335898615442 ], [ -90.513845333882983, 14.647288027306283 ] ], [ [ -90.513920493771863, 14.647346914511004 ], [ -90.513927282493256, 14.647299043196741 ] ] ] } },
{ "type": "Feature", "properties": { "kind": "a2", "value": "7.341991321181863", "building_uid": "764" }, "geometry": { "type": "MultiLineString", "coordinates": [ [ [ -90.514456971781726, 14.645235904601089 ], [ -90.514524547225051, 14.645244284098476 ] ], [ [ -90.514454389800036, 14.645255642310246 ], [ -90.514459553762691, 14.645216166891808 ] ], [ [ -90.51452196524906, 14.645264021809298 ], [ -90.514527129200289, 14.645224546387508 ] ] ] } },
{ "type": "Feature", "properties": { "kind": "a2", "value": "7.016962477133722", "building_uid": "2764" }, "geometry": { "type": "MultiLineString", "coordinates": [ [ [ -90.514005792958798, 14.647111736629908 ], [ -90.513941370849835, 14.647102572346883 ] ], [ [ -90.514008616775058, 14.647092920119933 ], [ -90.514002969141799, 14.647130553139741 ] ], [ [ -90.513944194671211, 14.647083755838528 ], [ -90.513938547027706, 14.6471213888551 ] ] ] } },
{ "type": "Feature", "properties": { "kind": "a2", "value": "4.596623698350349", "building_uid": "2765" }, "geometry": { "type": "MultiLineString", "coordinates": [ [ [ -90.513905725158082, 14.647019761481817 ], [ -90.513899574119918, 14.647060850908709 ] ], [ [ -90.513893064149613, 14.647017964876547 ], [ -90.513918386166878, 14.647021558086424 ] ], [ [ -90.513886913109246, 14.647059054302746 ], [ -90.513912235130903, 14.647062647514003 ] ] ] } },
{ "type": "Feature", "properties": { "kind": "a2", "value": "0.7254232351594943", "building_uid": "2767" }, "geometry": { "type": "MultiLineString", "coordinates": [ [ [ -90.513814104544068, 14.647146860107808 ], [ -90.513815075865494, 14.647140375600305 ] ], [ [ -90.513816102636014, 14.647147143812822 ], [ -90.513812106452121, 14.647146576402772 ] ], [ [ -90.513817073957384, 14.647140659305302 ], [ -90.513813077773605, 14.64714009189529 ] ] ] } },
{ "type": "Feature", "properties": { "kind": "a2", "value": "8.748508713731075", "building_uid": "2768" }, "geometry": { "type": "MultiLineString", "coordinates": [ [ [ -90.513722533520053, 14.647164149976435 ], [ -90.513735385330634, 14.647086117258663 ] ], [ [ -90.513746577992009, 14.647167903752928 ], [ -90.513698489049318, 14.64716039619757 ] ], [ [ -90.513759429794732, 14.647089871032547 ], [ -90.513711340867758, 14.64708236348242 ] ] ] } },
{ "type": "Feature", "properties": { "kind": "a2", "value": "5.886691064690125", "building_uid": "2769" }, "geometry": { "type": "MultiLineString", "coordinates": [ [ [ -90.513662348210417, 14.646984040203407 ], [ -90.51365413102269, 14.647036612306414 ] ], [ [ -90.513646149013184, 14.646981640113493 ], [ -90.513678547408205, 14.646986440292249 ] ], [ [ -90.513637931821876, 14.647034212215344 ], [ -90.513670330224073, 14.64703901239641 ] ] ] } },
{ "type": "Feature", "properties": { "kind": "a2", "value": "14.099000264710973", "building_uid": "2770" }, "geometry": { "type": "MultiLineString", "coordinates": [ [ [ -90.513460021618769, 14.647121612553679 ], [ -90.513589510918152, 14.647139705685168 ] ], [ [ -90.513454446513109, 14.647159433980642 ], [ -90.513465596721474, 14.647083791126173 ] ], [ [ -90.513583935833239, 14.647177527118608 ], [ -90.513595086000109, 14.647101884251184 ] ] ] } },
{ "type": "Feature", "properties": { "kind": "a2", "value": "11.446040699315459", "building_uid": "2771" }, "geometry": { "type": "MultiLineString", "coordinates": [ [ [ -90.513395551820835, 14.646996031543409 ], [ -90.513290428134113, 14.646981343052301 ] ], [ [ -90.51340007782126, 14.646965326835492 ], [ -90.513391025818464, 14.647026736250959 ] ], [ [ -90.513294954148208, 14.64695063834866 ], [ -90.513285902118056, 14.647012047755583 ] ] ] } },
{ "type": "Feature", "properties": { "kind": "a2", "value": "10.109768787067118", "building_uid": "2772" }, "geometry": { "type": "MultiLineString", "coordinates": [ [ [ -90.513302982269195, 14.647591581559521 ], [ -90.513210338578077, 14.64757727043159 ] ], [ [ -90.513307392005473, 14.647564522104876 ], [ -90.513298572531298, 14.647618641013855 ] ], [ [ -90.513214748324856, 14.647550210980418 ], [ -90.513205928829663, 14.647604329882453 ] ] ] } },
{ "type": "Feature", "properties": { "kind": "a2", "value": "4.655456086169893", "building_uid": "2773" }, "geometry": { "type": "MultiLineString", "coordinates": [ [ [ -90.513446205772411, 14.647484062307202 ], [ -90.513488911009532, 14.647490378611181 ] ], [ [ -90.513444259505206, 14.647496535696536 ], [ -90.513448152039274, 14.647471588917814 ] ], [ [ -90.513486964744558, 14.647502852001237 ], [ -90.513490857274149, 14.647477905221061 ] ] ] } },
{ "type": "Feature", "properties": { "kind": "a2", "value": "9.115617623251687", "building_uid": "2774" }, "geometry": { "type": "MultiLineString", "coordinates": [ [ [ -90.513321125837209, 14.647381149577717 ], [ -90.513237506894242, 14.64736878187672 ] ], [ [ -90.513324936735373, 14.647356726056408 ], [ -90.513317314937751, 14.647405573098796 ] ], [ [ -90.513241317801018, 14.647344358358174 ], [ -90.513233695986187, 14.647393205395019 ] ] ] } },
{ "type": "Feature", "properties": { "kind": "a2", "value": "5.948061668805392", "building_uid": "2775" }, "geometry": { "type": "MultiLineString", "coordinates": [ [ [ -90.513318291095288, 14.647187350779713 ], [ -90.513263767454347, 14.647179035930415 ] ], [ [ -90.513320853174605, 14.647171425435392 ], [ -90.513315729015403, 14.647203276123923 ] ], [ [ -90.513266329537316, 14.647163110587288 ], [ -90.513261205370824, 14.647194961273437 ] ] ] } },
{ "type": "Feature", "properties": { "kind": "a2", "value": "0.6431657475203725", "building_uid": "2776" }, "geometry": { "type": "MultiLineString", "coordinates": [ [ [ -90.513173851590508, 14.648153708097322 ], [ -90.513172983273591, 14.648159456290827 ] ], [ [ -90.513172080373096, 14.648153454479209 ], [ -90.513175622807907, 14.648153961715423 ] ], [ [ -90.513171212056136, 14.648159202672698 ], [ -90.513174754491047, 14.648159709908942 ] ] ] } },
{ "type": "Feature", "properties": { "kind": "a2", "value": "11.36047329368992", "building_uid": "2777" }, "geometry": { "type": "MultiLineString", "coordinates": [ [ [ -90.51314604648374, 14.648055038855286 ], [ -90.513250229512224, 14.648070634699419 ] ], [ [ -90.513141240858602, 14.648085468658488 ], [ -90.513150852106847, 14.648024609051703 ] ], [ [ -90.513245423900429, 14.648101064506953 ], [ -90.513255035121986, 14.648040204891506 ] ] ] } },
{ "type": "Feature", "properties": { "kind": "a2", "value": "11.818811104919101", "building_uid": "2778" }, "geometry": { "type": "MultiLineString", "coordinates": [ [ [ -90.5134601534848, 14.647871112680745 ], [ -90.513568706247682, 14.647886245617421 ] ], [ [ -90.513455490500732, 14.647902818823944 ], [ -90.513464816466779, 14.647839406537161 ] ], [ [ -90.513564043278208, 14.647917951765171 ], [ -90.513573369215067, 14.647854539469288 ] ] ] } },
{ "type": "Feature", "properties": { "kind": "a2", "value": "9.563615342397828", "building_uid": "2779" }, "geometry": { "type": "MultiLineString", "coordinates": [ [ [ -90.513327009025573, 14.647719301960532 ], [ -90.513414647973548, 14.647732839827306 ] ], [ [ -90.513322837542972, 14.647744899604955 ], [ -90.513331180506697, 14.647693704315824 ] ], [ [ -90.513410476500368, 14.647758437474836 ], [ -90.513418819445278, 14.647707242179488 ] ] ] } },
{ "type": "Feature", "properties": { "kind": "a2", "value": "13.72343589517362", "building_uid": "2780" }, "geometry": { "type": "MultiLineString", "coordinates": [ [ [ -90.513550359551274, 14.648000809363117 ], [ -90.513424480985051, 14.647982132602218 ] ], [ [ -90.513556114492332, 14.647964042703817 ], [ -90.513544604607304, 14.648037576021869 ] ], [ [ -90.51343023594562, 14.647945365949207 ], [ -90.513418726021584, 14.648018899254676 ] ] ] } },
{ "type": "Feature", "properties": { "kind": "a2", "value": "0.7047572790141571", "building_uid": "2781" }, "geometry": { "type": "MultiLineString", "coordinates": [ [ [ -90.513252987089288, 14.648205698784896 ], [ -90.513253938520549, 14.64819940012082 ] ], [ [ -90.513254927926198, 14.648205976679 ], [ -90.513251046252392, 14.648205420890774 ] ], [ [ -90.513255879357402, 14.648199678014912 ], [ -90.513251997683696, 14.648199122226718 ] ] ] } },
{ "type": "Feature", "properties": { "kind": "a2", "value": "0.6736641887902047", "building_uid": "2782" }, "geometry": { "type": "MultiLineString", "coordinates": [ [ [ -90.513345070670709, 14.648179482028384 ], [ -90.513344168696804, 14.648185503869646 ] ], [ [ -90.513343215132736, 14.648179218579765 ], [ -90.513346926208683, 14.648179745476989 ] ], [ [ -90.513342313158788, 14.648185240421004 ], [ -90.513346024234835, 14.648185767318269 ] ] ] } },
{ "type": "Feature", "properties": { "kind": "a2", "value": "1.033888462866333", "building_uid": "2785" }, "geometry": { "type": "MultiLineString", "coordinates": [ [ [ -90.513460028922026, 14.64815358636713 ], [ -90.513461446364133, 14.648144349269105 ] ], [ [ -90.513462875191692, 14.648154000373809 ], [ -90.513457182652388, 14.648153172360407 ] ], [ [ -90.513464292633685, 14.648144763275756 ], [ -90.513458600094594, 14.648143935262418 ] ] ] } },
{ "type": "Feature", "properties": { "kind": "a2", "value": "0.8847553299790568", "building_uid": "2786" }, "geometry": { "type": "MultiLineString", "coordinates": [ [ [ -90.512579073834857, 14.648002453144731 ], [ -90.512580220326214, 14.647994539055066 ] ], [ [ -90.51258151243816, 14.648002788012324 ], [ -90.512576635231596, 14.648002118277121 ] ], [ [ -90.512582658929432, 14.647994873922624 ], [ -90.512577781723024, 14.647994204187478 ] ] ] } },
{ "type": "Feature", "properties": { "kind": "a2", "value": "0.5994059866646407", "building_uid": "2787" }, "geometry": { "type": "MultiLineString", "coordinates": [ [ [ -90.512735832584553, 14.646879218293266 ], [ -90.51273650294587, 14.646873843048896 ] ], [ [ -90.512737488873668, 14.646879414093638 ], [ -90.512734176295439, 14.646879022492881 ] ], [ [ -90.512738159234942, 14.646874038849255 ], [ -90.512734846656784, 14.646873647248517 ] ] ] } },
{ "type": "Feature", "properties": { "kind": "a2", "value": "5.521491319405843", "building_uid": "2788" }, "geometry": { "type": "MultiLineString", "coordinates": [ [ [ -90.512824516323377, 14.64685084182071 ], [ -90.512817478349632, 14.646900247200286 ] ], [ [ -90.51280929290732, 14.646848786156285 ], [ -90.51283973973986, 14.646852897484179 ] ], [ [ -90.512802254930392, 14.646898191534881 ], [ -90.512832701769341, 14.646902302864738 ] ] ] } },
{ "type": "Feature", "properties": { "kind": "a2", "value": "5.911318503904653", "building_uid": "2789" }, "geometry": { "type": "MultiLineString", "coordinates": [ [ [ -90.512893700039797, 14.646916698755868 ], [ -90.512901235198498, 14.646863805304333 ] ], [ [ -90.512909998250237, 14.646918899638882 ], [ -90.512877401829869, 14.646914497871762 ] ], [ [ -90.512917533405272, 14.646866006186228 ], [ -90.512884936992236, 14.646861604421357 ] ] ] } },
{ "type": "Feature", "properties": { "kind": "a2", "value": "7.532383335966479", "building_uid": "2790" }, "geometry": { "type": "MultiLineString", "coordinates": [ [ [ -90.513166163773477, 14.647070526335501 ], [ -90.513096968808043, 14.647060965261282 ] ], [ [ -90.513169109853237, 14.647050315758259 ], [ -90.513163217692878, 14.647090736912602 ] ], [ [ -90.513099914893743, 14.647040754685868 ], [ -90.513094022721518, 14.647081175836529 ] ] ] } },
{ "type": "Feature", "properties": { "kind": "a2", "value": "12.55613474865262", "building_uid": "2791" }, "geometry": { "type": "MultiLineString", "coordinates": [ [ [ -90.51314676406129, 14.64718856805743 ], [ -90.51303142118411, 14.647172616560784 ] ], [ [ -90.513151679238106, 14.647154878540357 ], [ -90.513141848882142, 14.647222257574082 ] ], [ [ -90.513036336377411, 14.647138927048829 ], [ -90.513026505988464, 14.647206306072318 ] ] ] } },
{ "type": "Feature", "properties": { "kind": "a2", "value": "6.031001771413446", "building_uid": "2850" }, "geometry": { "type": "MultiLineString", "coordinates": [ [ [ -90.512352771791782, 14.647143272867755 ], [ -90.512408667080734, 14.647145850249506 ] ], [ [ -90.512351977612752, 14.647159598846825 ], [ -90.5123535659705, 14.647126946888642 ] ], [ [ -90.512407872905769, 14.647162176229415 ], [ -90.512409461255373, 14.647129524269555 ] ] ] } },
{ "type": "Feature", "properties": { "kind": "a2", "value": "6.837981658338143", "building_uid": "2792" }, "geometry": { "type": "MultiLineString", "coordinates": [ [ [ -90.513122459330887, 14.646931179683605 ], [ -90.5131846527552, 14.646943390383734 ] ], [ [ -90.513118696809883, 14.646949345248322 ], [ -90.513126221851024, 14.646913014118699 ] ], [ [ -90.513180890238786, 14.646961555950218 ], [ -90.513188415270747, 14.646925224817062 ] ] ] } },
{ "type": "Feature", "properties": { "kind": "a2", "value": "6.873131985004099", "building_uid": "2793" }, "geometry": { "type": "MultiLineString", "coordinates": [ [ [ -90.512798599501608, 14.647255508424566 ], [ -90.512861689993912, 14.647264558603414 ] ], [ [ -90.512795810836906, 14.647273935979154 ], [ -90.512801388165599, 14.647237080869841 ] ], [ [ -90.512858901334127, 14.647282986159562 ], [ -90.512864478652986, 14.647246131047144 ] ] ] } },
{ "type": "Feature", "properties": { "kind": "a2", "value": "10.626070378220353", "building_uid": "2794" }, "geometry": { "type": "MultiLineString", "coordinates": [ [ [ -90.512977888595657, 14.647386258868385 ], [ -90.512880160324727, 14.64737357421758 ] ], [ [ -90.512981797154964, 14.647357714278092 ], [ -90.512973980034744, 14.6474148034584 ] ], [ [ -90.512884068895929, 14.647345029630845 ], [ -90.512876251751905, 14.647402118804008 ] ] ] } },
{ "type": "Feature", "properties": { "kind": "a2", "value": "18.98880062775795", "building_uid": "2885" }, "geometry": { "type": "MultiLineString", "coordinates": [ [ [ -90.513281082142925, 14.645530487832493 ], [ -90.513107415478487, 14.645501593567211 ] ], [ [ -90.513289985336556, 14.645479762625214 ], [ -90.513272178943339, 14.645581213038589 ] ], [ [ -90.513116318708711, 14.645450868372576 ], [ -90.513098512242252, 14.645552318760657 ] ] ] } },
{ "type": "Feature", "properties": { "kind": "a2", "value": "5.902091350441291", "building_uid": "2795" }, "geometry": { "type": "MultiLineString", "coordinates": [ [ [ -90.513102875069933, 14.64750371760975 ], [ -90.513048657343873, 14.647496219450076 ] ], [ [ -90.513105185503434, 14.647487881640695 ], [ -90.513100564635906, 14.647519553578711 ] ], [ [ -90.513050967781012, 14.647480383482149 ], [ -90.513046346906208, 14.647512055417907 ] ] ] } },
{ "type": "Feature", "properties": { "kind": "a2", "value": "12.954312348040224", "building_uid": "2796" }, "geometry": { "type": "MultiLineString", "coordinates": [ [ [ -90.512501217854407, 14.648078501369943 ], [ -90.512382200271134, 14.648062157871339 ] ], [ [ -90.512506253840144, 14.648043738682087 ], [ -90.512496181866197, 14.648113264057338 ] ], [ [ -90.512387236274421, 14.648027395188921 ], [ -90.512377164265359, 14.648096920553302 ] ] ] } },
{ "type": "Feature", "properties": { "kind": "a2", "value": "9.190545374640202", "building_uid": "2797" }, "geometry": { "type": "MultiLineString", "coordinates": [ [ [ -90.512520140892377, 14.647980144850527 ], [ -90.512435714766909, 14.647968468236252 ] ], [ [ -90.512523738853417, 14.647955485634672 ], [ -90.512516542930072, 14.648004804066147 ] ], [ [ -90.512439312736788, 14.647943809023138 ], [ -90.512432116795779, 14.647993127449128 ] ] ] } },
{ "type": "Feature", "properties": { "kind": "a2", "value": "3.790766434393263", "building_uid": "2798" }, "geometry": { "type": "MultiLineString", "coordinates": [ [ [ -90.512403083175073, 14.64789139930739 ], [ -90.512437876447748, 14.647896413026436 ] ], [ [ -90.512401538275668, 14.647901561743028 ], [ -90.512404628074265, 14.647881236871706 ] ], [ [ -90.51243633154985, 14.647906575462558 ], [ -90.512439421345448, 14.647886250590281 ] ] ] } },
{ "type": "Feature", "properties": { "kind": "a2", "value": "5.661602441927869", "building_uid": "2800" }, "geometry": { "type": "MultiLineString", "coordinates": [ [ [ -90.513044893075943, 14.647894609409081 ], [ -90.51299274984126, 14.647888408919838 ] ], [ [ -90.51304680365709, 14.647879379387197 ], [ -90.513042982494369, 14.647909839430884 ] ], [ [ -90.512994660425818, 14.647873178898941 ], [ -90.512990839256275, 14.647903638940665 ] ] ] } },
{ "type": "Feature", "properties": { "kind": "a2", "value": "7.502636645003011", "building_uid": "2801" }, "geometry": { "type": "MultiLineString", "coordinates": [ [ [ -90.512967654921951, 14.647945331838544 ], [ -90.513036754074363, 14.647953548472017 ] ], [ [ -90.51296512309176, 14.647965514346268 ], [ -90.512970186751389, 14.647925149330691 ] ], [ [ -90.513034222250141, 14.647973730981464 ], [ -90.513039285897804, 14.647933365962444 ] ] ] } },
{ "type": "Feature", "properties": { "kind": "a2", "value": "11.878701044274772", "building_uid": "2803" }, "geometry": { "type": "MultiLineString", "coordinates": [ [ [ -90.512898070953725, 14.648138077002875 ], [ -90.51300726017611, 14.648152687815147 ] ], [ [ -90.512893568848426, 14.648169969004224 ], [ -90.512902573056977, 14.648106185001165 ] ], [ [ -90.513002758085605, 14.648184579821015 ], [ -90.513011762264554, 14.648120795808913 ] ] ] } },
{ "type": "Feature", "properties": { "kind": "a2", "value": "12.53771312861741", "building_uid": "2804" }, "geometry": { "type": "MultiLineString", "coordinates": [ [ [ -90.512869544414215, 14.648023252770566 ], [ -90.512984817145238, 14.648038489425613 ] ], [ [ -90.512864849466595, 14.648056921661539 ], [ -90.512874239359547, 14.647989583879179 ] ], [ [ -90.512980122214174, 14.648072158321602 ], [ -90.512989512074057, 14.648004820529213 ] ] ] } },
{ "type": "Feature", "properties": { "kind": "a2", "value": "6.409594512903403", "building_uid": "2805" }, "geometry": { "type": "MultiLineString", "coordinates": [ [ [ -90.512486993802213, 14.647740028327194 ], [ -90.512428067531772, 14.64773221067694 ] ], [ [ -90.512489402683784, 14.647722817100396 ], [ -90.512484584920045, 14.647757239553883 ] ], [ [ -90.512430476417677, 14.647714999451447 ], [ -90.512425658645299, 14.647749421902311 ] ] ] } },
{ "type": "Feature", "properties": { "kind": "a2", "value": "8.113592205157692", "building_uid": "2806" }, "geometry": { "type": "MultiLineString", "coordinates": [ [ [ -90.512633149194087, 14.647854654870505 ], [ -90.512558679162296, 14.647843923883071 ] ], [ [ -90.512636455774228, 14.647832903621966 ], [ -90.512629842612967, 14.647876406118858 ] ], [ [ -90.512561985749272, 14.647822172636713 ], [ -90.512555372574298, 14.647865675129257 ] ] ] } },
{ "type": "Feature", "properties": { "kind": "a2", "value": "9.78923826807184", "building_uid": "2807" }, "geometry": { "type": "MultiLineString", "coordinates": [ [ [ -90.512681247302496, 14.64766572941204 ], [ -90.512591421699526, 14.647652624328821 ] ], [ [ -90.512685285417376, 14.647639493076349 ], [ -90.512677209186151, 14.647691965747466 ] ], [ [ -90.51259545982434, 14.647626387996304 ], [ -90.512587383573234, 14.64767886066106 ] ] ] } },
{ "type": "Feature", "properties": { "kind": "a2", "value": "1.1490622047048706", "building_uid": "2808" }, "geometry": { "type": "MultiLineString", "coordinates": [ [ [ -90.512608751730554, 14.646968500310196 ], [ -90.512610065183082, 14.646958199350598 ] ], [ [ -90.512611925795426, 14.646968883945689 ], [ -90.512605577665695, 14.64696811667466 ] ], [ [ -90.512613239247813, 14.646958582986054 ], [ -90.512606891118367, 14.646957815715099 ] ] ] } },
{ "type": "Feature", "properties": { "kind": "a2", "value": "7.222865108529402", "building_uid": "2809" }, "geometry": { "type": "MultiLineString", "coordinates": [ [ [ -90.512523071545573, 14.647059163803695 ], [ -90.512589577546848, 14.647067201899878 ] ], [ [ -90.512520594739215, 14.647078588982358 ], [ -90.512525548351192, 14.64703973862491 ] ], [ [ -90.512587100746046, 14.647086627080135 ], [ -90.512592054346939, 14.647047776719484 ] ] ] } },
{ "type": "Feature", "properties": { "kind": "a2", "value": "4.221062262306478", "building_uid": "2810" }, "geometry": { "type": "MultiLineString", "coordinates": [ [ [ -90.512511402471802, 14.647127747425092 ], [ -90.512550276527634, 14.647132383688902 ] ], [ [ -90.512509973884121, 14.647139101817869 ], [ -90.51251283105924, 14.647116393032277 ] ], [ [ -90.512548847941844, 14.647143738082223 ], [ -90.512551705113182, 14.64712102929554 ] ] ] } },
{ "type": "Feature", "properties": { "kind": "a2", "value": "2.3235774766858865", "building_uid": "2811" }, "geometry": { "type": "MultiLineString", "coordinates": [ [ [ -90.512657253039478, 14.647199121190152 ], [ -90.51263587976149, 14.647196371616745 ] ], [ [ -90.512658100274166, 14.647192878452618 ], [ -90.512656405804719, 14.647205363927666 ] ], [ [ -90.512636726996746, 14.647190128879387 ], [ -90.512635032526163, 14.647202614354086 ] ] ] } },
{ "type": "Feature", "properties": { "kind": "a2", "value": "8.098985691804966", "building_uid": "2812" }, "geometry": { "type": "MultiLineString", "coordinates": [ [ [ -90.512564045437401, 14.64732084020727 ], [ -90.51249033780158, 14.647306596318083 ] ], [ [ -90.512568434451893, 14.64729931158633 ], [ -90.512559656421715, 14.647342368827957 ] ], [ [ -90.512494726822524, 14.647285067699599 ], [ -90.512485948779428, 14.647328124936308 ] ] ] } },
{ "type": "Feature", "properties": { "kind": "a2", "value": "4.321184175121546", "building_uid": "2813" }, "geometry": { "type": "MultiLineString", "coordinates": [ [ [ -90.512653145287331, 14.647259663475035 ], [ -90.512692893443926, 14.647264776819064 ] ], [ [ -90.512651569694398, 14.647271273169377 ], [ -90.512654720880008, 14.647248053780645 ] ], [ [ -90.512691317852969, 14.647276386513992 ], [ -90.512694469034628, 14.647253167124086 ] ] ] } },
{ "type": "Feature", "properties": { "kind": "a2", "value": "8.952323082371095", "building_uid": "2814" }, "geometry": { "type": "MultiLineString", "coordinates": [ [ [ -90.512457506365038, 14.647547779859021 ], [ -90.512539630454853, 14.64755990642889 ] ], [ [ -90.512453769754657, 14.647571766739089 ], [ -90.512461242974197, 14.647523792978731 ] ], [ [ -90.512535893852771, 14.647583893311619 ], [ -90.512543367055684, 14.64753591954592 ] ] ] } },
{ "type": "Feature", "properties": { "kind": "a2", "value": "6.4189270121627455", "building_uid": "2815" }, "geometry": { "type": "MultiLineString", "coordinates": [ [ [ -90.512525947099633, 14.647488207099348 ], [ -90.512467412612011, 14.647477506644517 ] ], [ [ -90.512529244267554, 14.647471110284622 ], [ -90.512522649930986, 14.647505303913917 ] ], [ [ -90.51247070978404, 14.647460409831305 ], [ -90.512464115439258, 14.647494603457584 ] ] ] } },
{ "type": "Feature", "properties": { "kind": "a2", "value": "7.001747941472279", "building_uid": "2816" }, "geometry": { "type": "MultiLineString", "coordinates": [ [ [ -90.512623852014741, 14.647408325653137 ], [ -90.512560053065371, 14.647396395807684 ] ], [ [ -90.512627527997481, 14.647389691181868 ], [ -90.512620176031135, 14.647426960124221 ] ], [ [ -90.512563729052985, 14.647377761338227 ], [ -90.512556377076891, 14.647415030276958 ] ] ] } },
{ "type": "Feature", "properties": { "kind": "a2", "value": "23.72383620675917", "building_uid": "2818" }, "geometry": { "type": "MultiLineString", "coordinates": [ [ [ -90.512935556548925, 14.647637073079993 ], [ -90.51271807946928, 14.647603966867814 ] ], [ [ -90.51294575766039, 14.647573552178924 ], [ -90.512925355428607, 14.647700593979385 ] ], [ [ -90.512728280638783, 14.647540445985749 ], [ -90.512707878290925, 14.64766748774819 ] ] ] } },
{ "type": "Feature", "properties": { "kind": "a2", "value": "6.446458152391298", "building_uid": "2819" }, "geometry": { "type": "MultiLineString", "coordinates": [ [ [ -90.513000529873139, 14.647784890957949 ], [ -90.513059624815213, 14.647793886736901 ] ], [ [ -90.512997757964442, 14.647802151444754 ], [ -90.513003301781197, 14.647767630471019 ] ], [ [ -90.513056852910779, 14.647811147225106 ], [ -90.513062396718979, 14.64777662624857 ] ] ] } },
{ "type": "Feature", "properties": { "kind": "a2", "value": "9.030344202088935", "building_uid": "2820" }, "geometry": { "type": "MultiLineString", "coordinates": [ [ [ -90.511932053979208, 14.648062111804869 ], [ -90.511944033266161, 14.647981374459278 ] ], [ [ -90.511956931940006, 14.64806561071879 ], [ -90.511907176019619, 14.648058612888413 ] ], [ [ -90.51196891121846, 14.647984873370529 ], [ -90.511919155315084, 14.647977875545482 ] ] ] } },
{ "type": "Feature", "properties": { "kind": "a2", "value": "7.027401580676203", "building_uid": "2821" }, "geometry": { "type": "MultiLineString", "coordinates": [ [ [ -90.511669804320107, 14.647961575289566 ], [ -90.511734208287933, 14.64797148392187 ] ], [ [ -90.511666751127194, 14.64798038642439 ], [ -90.511672857512238, 14.647942764154594 ] ], [ [ -90.511731155100094, 14.647990295058374 ], [ -90.511737261474977, 14.647952672785223 ] ] ] } },
{ "type": "Feature", "properties": { "kind": "a2", "value": "10.795329266967705", "building_uid": "2851" }, "geometry": { "type": "MultiLineString", "coordinates": [ [ [ -90.512269072733858, 14.647213652466595 ], [ -90.512369023844954, 14.647219995623402 ] ], [ [ -90.512267118189087, 14.647242846325197 ], [ -90.512271027277478, 14.64718445860783 ] ], [ [ -90.5123670693131, 14.647249189484903 ], [ -90.512370978375671, 14.647190801761736 ] ] ] } },
{ "type": "Feature", "properties": { "kind": "a2", "value": "8.335013432656982", "building_uid": "2822" }, "geometry": { "type": "MultiLineString", "coordinates": [ [ [ -90.511683060273057, 14.647868411189098 ], [ -90.511759619645957, 14.647879052762208 ] ], [ [ -90.511679781236097, 14.647890772688593 ], [ -90.51168633930898, 14.647846049689417 ] ], [ [ -90.511756340616259, 14.647901414263956 ], [ -90.511762898674633, 14.647856691260261 ] ] ] } },
{ "type": "Feature", "properties": { "kind": "a2", "value": "13.14636370258509", "building_uid": "2824" }, "geometry": { "type": "MultiLineString", "coordinates": [ [ [ -90.512062603070277, 14.648019945900037 ], [ -90.512183030144598, 14.648038820220458 ] ], [ [ -90.512056787231856, 14.648055120272858 ], [ -90.51206841890594, 14.647984771526669 ] ], [ [ -90.512177214323913, 14.648073994599196 ], [ -90.512188845962513, 14.648003645841184 ] ] ] } },
{ "type": "Feature", "properties": { "kind": "a2", "value": "11.236898585349023", "building_uid": "2825" }, "geometry": { "type": "MultiLineString", "coordinates": [ [ [ -90.512242625175347, 14.648003130353271 ], [ -90.512226054892253, 14.648103348422806 ] ], [ [ -90.51221174454065, 14.647998290500754 ], [ -90.51227350581209, 14.648007970201899 ] ], [ [ -90.512195174244582, 14.648098508565974 ], [ -90.512256935541956, 14.648108188275751 ] ] ] } },
{ "type": "Feature", "properties": { "kind": "a2", "value": "8.12464905201152", "building_uid": "2826" }, "geometry": { "type": "MultiLineString", "coordinates": [ [ [ -90.512266935774022, 14.647612346677132 ], [ -90.512341371539947, 14.647623949643428 ] ], [ [ -90.512263360503368, 14.647634087938078 ], [ -90.51227051104361, 14.647590605415976 ] ], [ [ -90.512337796276071, 14.647645690906629 ], [ -90.51234494680277, 14.647602208380023 ] ] ] } },
{ "type": "Feature", "properties": { "kind": "a2", "value": "5.4614331364525075", "building_uid": "2827" }, "geometry": { "type": "MultiLineString", "coordinates": [ [ [ -90.512269275003547, 14.64780602986594 ], [ -90.512319138829398, 14.647814813569809 ] ], [ [ -90.512266568442868, 14.647820594121319 ], [ -90.512271981563742, 14.647791465610462 ] ], [ [ -90.512316432271703, 14.647829377826257 ], [ -90.51232184538658, 14.647800249313256 ] ] ] } },
{ "type": "Feature", "properties": { "kind": "a2", "value": "5.181083971467955", "building_uid": "2889" }, "geometry": { "type": "MultiLineString", "coordinates": [ [ [ -90.513257188157169, 14.64566010135735 ], [ -90.513209643462105, 14.645653189510178 ] ], [ [ -90.513259317910396, 14.645646214335864 ], [ -90.51325505840353, 14.645673988378757 ] ], [ [ -90.513211773218117, 14.645639302489579 ], [ -90.513207513705694, 14.645667076530698 ] ] ] } },
{ "type": "Feature", "properties": { "kind": "a2", "value": "6.952658041857912", "building_uid": "2829" }, "geometry": { "type": "MultiLineString", "coordinates": [ [ [ -90.512039129925554, 14.647808978521528 ], [ -90.511975251832695, 14.647800211914202 ] ], [ [ -90.512041831213509, 14.647790320968758 ], [ -90.51203642863689, 14.647827636074165 ] ], [ [ -90.511977953125708, 14.647781554362989 ], [ -90.511972550538985, 14.647818869465285 ] ] ] } },
{ "type": "Feature", "properties": { "kind": "a2", "value": "6.560081929641763", "building_uid": "2830" }, "geometry": { "type": "MultiLineString", "coordinates": [ [ [ -90.511767981285075, 14.647713477799442 ], [ -90.511707599717184, 14.647706007818206 ] ], [ [ -90.511770283037578, 14.647695841506195 ], [ -90.511765679531962, 14.647731114092586 ] ], [ [ -90.511709901474248, 14.647688371526293 ], [ -90.511705297959509, 14.647723644110014 ] ] ] } },
{ "type": "Feature", "properties": { "kind": "a2", "value": "7.839394697744958", "building_uid": "2832" }, "geometry": { "type": "MultiLineString", "coordinates": [ [ [ -90.512226722671329, 14.647955743884729 ], [ -90.512298723420457, 14.647965795469103 ] ], [ [ -90.5122236254293, 14.647976773890743 ], [ -90.51222981991242, 14.647934713878543 ] ], [ [ -90.512295626184851, 14.647986825477128 ], [ -90.512301820655125, 14.64794476546091 ] ] ] } },
{ "type": "Feature", "properties": { "kind": "a2", "value": "5.792048611504915", "building_uid": "2833" }, "geometry": { "type": "MultiLineString", "coordinates": [ [ [ -90.51217323677524, 14.64768697638455 ], [ -90.512226284426717, 14.647695353808738 ] ], [ [ -90.512170655404375, 14.647702470582113 ], [ -90.512175818145565, 14.647671482186889 ] ], [ [ -90.512223703059291, 14.647710848007446 ], [ -90.512228865793617, 14.647679859609919 ] ] ] } },
{ "type": "Feature", "properties": { "kind": "a2", "value": "3.264027310096723", "building_uid": "2834" }, "geometry": { "type": "MultiLineString", "coordinates": [ [ [ -90.512354202279255, 14.647558981781252 ], [ -90.512324180439435, 14.647555103547063 ] ], [ [ -90.512355397293533, 14.647550212973945 ], [ -90.512353007264835, 14.647567750588536 ] ], [ [ -90.512325375454836, 14.647546334740092 ], [ -90.512322985423879, 14.647563872354013 ] ] ] } },
{ "type": "Feature", "properties": { "kind": "a2", "value": "6.8861810778775965", "building_uid": "2835" }, "geometry": { "type": "MultiLineString", "coordinates": [ [ [ -90.512144153335939, 14.646745556186268 ], [ -90.512134196028597, 14.646807002291727 ] ], [ [ -90.512125219787009, 14.646742647836192 ], [ -90.512163086885622, 14.646748464534893 ] ], [ [ -90.512115262474794, 14.646804093940034 ], [ -90.512153129583155, 14.64680991064195 ] ] ] } },
{ "type": "Feature", "properties": { "kind": "a2", "value": "4.463823568481191", "building_uid": "2836" }, "geometry": { "type": "MultiLineString", "coordinates": [ [ [ -90.512367970350894, 14.646807449802544 ], [ -90.512408881305234, 14.646813734034392 ] ], [ [ -90.512366033972327, 14.646819399153284 ], [ -90.51236990672912, 14.646795500451743 ] ], [ [ -90.512406944928742, 14.646825683385805 ], [ -90.512410817681413, 14.646801784682914 ] ] ] } },
{ "type": "Feature", "properties": { "kind": "a2", "value": "10.623397151339885", "building_uid": "2837" }, "geometry": { "type": "MultiLineString", "coordinates": [ [ [ -90.512313961742663, 14.646910237940734 ], [ -90.512411713981479, 14.64692255776828 ] ], [ [ -90.512310165592254, 14.646938789588889 ], [ -90.512317757891495, 14.646881686292307 ] ], [ [ -90.512407917842992, 14.646951109419971 ], [ -90.512415510118373, 14.646894006116321 ] ] ] } },
{ "type": "Feature", "properties": { "kind": "a2", "value": "9.780838419370015", "building_uid": "2838" }, "geometry": { "type": "MultiLineString", "coordinates": [ [ [ -90.512259902315137, 14.646977879536013 ], [ -90.512274270472645, 14.646890638973634 ] ], [ [ -90.512286784006733, 14.64698207621316 ], [ -90.512233020625075, 14.646973682855915 ] ], [ [ -90.512301152154407, 14.646894835647513 ], [ -90.512247388792403, 14.646886442296802 ] ] ] } },
{ "type": "Feature", "properties": { "kind": "a2", "value": "6.424811223818462", "building_uid": "2839" }, "geometry": { "type": "MultiLineString", "coordinates": [ [ [ -90.512299324113144, 14.647011938535409 ], [ -90.512358463289871, 14.647019232578778 ] ], [ [ -90.512297076575223, 14.647029212004115 ], [ -90.512301571650497, 14.646994665066606 ] ], [ [ -90.512356215756313, 14.64703650604876 ], [ -90.512360710822833, 14.647001959108698 ] ] ] } },
{ "type": "Feature", "properties": { "kind": "a2", "value": "0.6817670883777991", "building_uid": "2840" }, "geometry": { "type": "MultiLineString", "coordinates": [ [ [ -90.512038673116933, 14.646773341007485 ], [ -90.512037820579508, 14.64677944354526 ] ], [ [ -90.51203679272578, 14.646773091996659 ], [ -90.512040553508086, 14.646773590018299 ] ], [ [ -90.512035940188298, 14.646779194534417 ], [ -90.512039700970703, 14.646779692556086 ] ] ] } },
{ "type": "Feature", "properties": { "kind": "a2", "value": "7.664287412345596", "building_uid": "2841" }, "geometry": { "type": "MultiLineString", "coordinates": [ [ [ -90.511849348753032, 14.646734274276817 ], [ -90.511919746971245, 14.646744059505814 ] ], [ [ -90.511846333601426, 14.646754836331043 ], [ -90.511852363903756, 14.646713712222427 ] ], [ [ -90.511916731825778, 14.646764621561955 ], [ -90.51192276211583, 14.646723497449514 ] ] ] } },
{ "type": "Feature", "properties": { "kind": "a2", "value": "6.659041349038913", "building_uid": "2842" }, "geometry": { "type": "MultiLineString", "coordinates": [ [ [ -90.511836344061237, 14.646869295482137 ], [ -90.511897658547809, 14.646876705403509 ] ], [ [ -90.511834060818785, 14.64688720433071 ], [ -90.511838627303078, 14.646851386633456 ] ], [ [ -90.511895375310061, 14.64689461425345 ], [ -90.511899941784918, 14.646858796553461 ] ] ] } },
{ "type": "Feature", "properties": { "kind": "a2", "value": "5.373934201667074", "building_uid": "2843" }, "geometry": { "type": "MultiLineString", "coordinates": [ [ [ -90.512004080688513, 14.646976727320851 ], [ -90.512053397664118, 14.646983881298869 ] ], [ [ -90.51200187631045, 14.646991131907187 ], [ -90.512006285066121, 14.646962322734431 ] ], [ [ -90.512051193289082, 14.646998285886159 ], [ -90.512055602038743, 14.646969476711488 ] ] ] } },
{ "type": "Feature", "properties": { "kind": "a2", "value": "5.308401582672121", "building_uid": "2844" }, "geometry": { "type": "MultiLineString", "coordinates": [ [ [ -90.51209065792348, 14.64706250240452 ], [ -90.512139256908512, 14.647070293167539 ] ], [ [ -90.512088257330078, 14.647076697273274 ], [ -90.512093058516413, 14.647048307535677 ] ], [ [ -90.512136856317994, 14.647084488037265 ], [ -90.51214165749856, 14.647056098297716 ] ] ] } },
{ "type": "Feature", "properties": { "kind": "a2", "value": "3.5348281906312935", "building_uid": "2845" }, "geometry": { "type": "MultiLineString", "coordinates": [ [ [ -90.511892692061451, 14.647232751966305 ], [ -90.511860439065927, 14.647226957620731 ] ], [ [ -90.511894477491566, 14.647223331466639 ], [ -90.511890906631123, 14.647242172465926 ] ], [ [ -90.511862224497278, 14.647217537121518 ], [ -90.511858653634349, 14.647236378119898 ] ] ] } },
{ "type": "Feature", "properties": { "kind": "a2", "value": "8.093594743448126", "building_uid": "2846" }, "geometry": { "type": "MultiLineString", "coordinates": [ [ [ -90.511908501971902, 14.647128269228871 ], [ -90.511982512728238, 14.647140650996469 ] ], [ [ -90.511904686734766, 14.647149886400918 ], [ -90.51191231720793, 14.647106652056609 ] ], [ [ -90.511978697497753, 14.647162268170817 ], [ -90.511986327957629, 14.647119033821896 ] ] ] } },
{ "type": "Feature", "properties": { "kind": "a2", "value": "8.635664032025877", "building_uid": "2847" }, "geometry": { "type": "MultiLineString", "coordinates": [ [ [ -90.511943566883261, 14.647343765886067 ], [ -90.511864809856093, 14.647329412162156 ] ], [ [ -90.511947989741415, 14.6473207624348 ], [ -90.511939144023785, 14.647366769337063 ] ], [ [ -90.511869232721693, 14.647306408713614 ], [ -90.51186038698917, 14.647352415610433 ] ] ] } },
{ "type": "Feature", "properties": { "kind": "a2", "value": "11.454620636634063", "building_uid": "2848" }, "geometry": { "type": "MultiLineString", "coordinates": [ [ [ -90.512111059332554, 14.647571379025843 ], [ -90.512007017277355, 14.647550253817853 ] ], [ [ -90.512117568714999, 14.647540990322547 ], [ -90.512104549947637, 14.647601767728593 ] ], [ [ -90.512013526672561, 14.647519865119582 ], [ -90.512000507879691, 14.647580642515582 ] ] ] } },
{ "type": "Feature", "properties": { "kind": "a2", "value": "7.183373611059821", "building_uid": "2849" }, "geometry": { "type": "MultiLineString", "coordinates": [ [ [ -90.511912369079099, 14.647476611830687 ], [ -90.511978075306232, 14.647487494302187 ] ], [ [ -90.511909015820251, 14.647495803372781 ], [ -90.511915722337079, 14.647457420288418 ] ], [ [ -90.511974722052642, 14.647506685846091 ], [ -90.511981428558968, 14.647468302758115 ] ] ] } },
{ "type": "Feature", "properties": { "kind": "a2", "value": "6.553485565824303", "building_uid": "2853" }, "geometry": { "type": "MultiLineString", "coordinates": [ [ [ -90.51236414740174, 14.647484447617916 ], [ -90.512303668221222, 14.6474783194338 ] ], [ [ -90.512366035698946, 14.647466782795323 ], [ -90.51236225910398, 14.647502112440419 ] ], [ [ -90.512305556523074, 14.647460654612441 ], [ -90.512301779918829, 14.647495984255066 ] ] ] } },
{ "type": "Feature", "properties": { "kind": "a2", "value": "3.5648972499923963", "building_uid": "2854" }, "geometry": { "type": "MultiLineString", "coordinates": [ [ [ -90.512143557002645, 14.647380080651159 ], [ -90.512176558686107, 14.647382245573903 ] ], [ [ -90.512142889916618, 14.647389719821478 ], [ -90.51214422408853, 14.647370441480827 ] ], [ [ -90.512175891601487, 14.64739188474454 ], [ -90.5121772257706, 14.647372606403254 ] ] ] } },
{ "type": "Feature", "properties": { "kind": "a2", "value": "7.406124414442712", "building_uid": "2855" }, "geometry": { "type": "MultiLineString", "coordinates": [ [ [ -90.511873178887157, 14.64740267916058 ], [ -90.511940722541652, 14.64741498934802 ] ], [ [ -90.511869385702099, 14.647422407386921 ], [ -90.511876972071263, 14.647382950934032 ] ], [ [ -90.511936929362065, 14.64743471757637 ], [ -90.511944515720288, 14.647395261119474 ] ] ] } },
{ "type": "Feature", "properties": { "kind": "a2", "value": "7.48051257155511", "building_uid": "2856" }, "geometry": { "type": "MultiLineString", "coordinates": [ [ [ -90.511716756805455, 14.647642694059726 ], [ -90.511785467264517, 14.64765224480907 ] ], [ [ -90.511713813892499, 14.647662763065668 ], [ -90.511719699717574, 14.647622625053627 ] ], [ [ -90.5117825243574, 14.647672313816827 ], [ -90.511788410170794, 14.647632175801151 ] ] ] } },
{ "type": "Feature", "properties": { "kind": "a2", "value": "14.4984686106285", "building_uid": "750" }, "geometry": { "type": "MultiLineString", "coordinates": [ [ [ -90.5147594730755, 14.643201595950428 ], [ -90.514892747643088, 14.643219377993974 ] ], [ [ -90.514753993924842, 14.643240523688858 ], [ -90.514764952223118, 14.643162668211437 ] ], [ [ -90.514887268514485, 14.643258305739129 ], [ -90.514898226768622, 14.643180450248268 ] ] ] } },
{ "type": "Feature", "properties": { "kind": "a2", "value": "6.349887364235722", "building_uid": "2858" }, "geometry": { "type": "MultiLineString", "coordinates": [ [ [ -90.512019948851275, 14.645997699867022 ], [ -90.511961529676398, 14.645990263528564 ] ], [ [ -90.512022240219309, 14.645980636615777 ], [ -90.512017657482659, 14.646014763118169 ] ], [ [ -90.511963821048695, 14.645973200278576 ], [ -90.511959238303533, 14.646007326778436 ] ] ] } },
{ "type": "Feature", "properties": { "kind": "a2", "value": "15.404672004694044", "building_uid": "2859" }, "geometry": { "type": "MultiLineString", "coordinates": [ [ [ -90.512712484763171, 14.646649273198676 ], [ -90.512571342029304, 14.646627334531582 ] ], [ [ -90.512719244764583, 14.646608047917272 ], [ -90.512705724757993, 14.646690498479352 ] ], [ [ -90.512578102055087, 14.646586109258262 ], [ -90.51256458199974, 14.646668559804173 ] ] ] } },
{ "type": "Feature", "properties": { "kind": "a2", "value": "32.947849541319485", "building_uid": "2860" }, "geometry": { "type": "MultiLineString", "coordinates": [ [ [ -90.512482565859827, 14.646553684671865 ], [ -90.512528984996848, 14.646259502147645 ] ], [ [ -90.512573213012473, 14.646567242890359 ], [ -90.512391918724035, 14.646540126419737 ] ], [ [ -90.512619632037286, 14.646273060329747 ], [ -90.512438337973293, 14.646245943931914 ] ] ] } },
{ "type": "Feature", "properties": { "kind": "a2", "value": "10.316681416563988", "building_uid": "2863" }, "geometry": { "type": "MultiLineString", "coordinates": [ [ [ -90.514759660166604, 14.645971218117321 ], [ -90.514665288753108, 14.645955619301342 ] ], [ [ -90.514764466646881, 14.64594365382146 ], [ -90.514754853684551, 14.645998782412839 ] ], [ [ -90.514670095244213, 14.645928055009206 ], [ -90.514660482260254, 14.645983183593138 ] ] ] } },
{ "type": "Feature", "properties": { "kind": "a2", "value": "8.138317900876974", "building_uid": "2864" }, "geometry": { "type": "MultiLineString", "coordinates": [ [ [ -90.514563104695497, 14.645950897358402 ], [ -90.514637678239538, 14.645962440606395 ] ], [ [ -90.514559547853352, 14.645972679028851 ], [ -90.514566661536591, 14.645929115687755 ] ], [ [ -90.514634121404214, 14.645984222279091 ], [ -90.51464123507381, 14.645940658933498 ] ] ] } },
{ "type": "Feature", "properties": { "kind": "a2", "value": "0.9967824798465156", "building_uid": "2865" }, "geometry": { "type": "MultiLineString", "coordinates": [ [ [ -90.5144442296927, 14.645837219837064 ], [ -90.514442831017561, 14.645846120697961 ] ], [ [ -90.514441487058676, 14.645836811307477 ], [ -90.514446972326738, 14.645837628366618 ] ], [ [ -90.514440088383438, 14.645845712168349 ], [ -90.514445573651699, 14.645846529227548 ] ] ] } },
{ "type": "Feature", "properties": { "kind": "a2", "value": "4.7297593758392935", "building_uid": "2867" }, "geometry": { "type": "MultiLineString", "coordinates": [ [ [ -90.515122971175785, 14.645694206201691 ], [ -90.515116702573977, 14.645736494327236 ] ], [ [ -90.515109940888479, 14.645692375247036 ], [ -90.515136001463432, 14.645696037155647 ] ], [ [ -90.515103672284326, 14.645734663371853 ], [ -90.515129732863969, 14.645738325281924 ] ] ] } },
{ "type": "Feature", "properties": { "kind": "a2", "value": "8.715941919456625", "building_uid": "2869" }, "geometry": { "type": "MultiLineString", "coordinates": [ [ [ -90.515003341805638, 14.645682269476412 ], [ -90.515083532753479, 14.64569244741509 ] ], [ [ -90.515000205661579, 14.645705691924633 ], [ -90.515006477948631, 14.645658847028004 ] ], [ [ -90.515080396617449, 14.645715869865683 ], [ -90.515086668888458, 14.645669024964299 ] ] ] } },
{ "type": "Feature", "properties": { "kind": "a2", "value": "4.472626927059378", "building_uid": "2871" }, "geometry": { "type": "MultiLineString", "coordinates": [ [ [ -90.51512133890941, 14.645394040255516 ], [ -90.515162446554925, 14.645399572457926 ] ], [ [ -90.515119634266838, 14.645406047134612 ], [ -90.515123043551668, 14.645382033376364 ] ], [ [ -90.515160741914471, 14.645411579337669 ], [ -90.515164151195108, 14.645387565578128 ] ] ] } },
{ "type": "Feature", "properties": { "kind": "a2", "value": "3.6687164193682507", "building_uid": "2872" }, "geometry": { "type": "MultiLineString", "coordinates": [ [ [ -90.513797687031641, 14.644788832400478 ], [ -90.513801428336237, 14.644755891874656 ] ], [ [ -90.513807836990267, 14.644789925178276 ], [ -90.513787537073185, 14.644787739622256 ] ], [ [ -90.513811578293414, 14.64475698465205 ], [ -90.51379127837923, 14.644754799096836 ] ] ] } },
{ "type": "Feature", "properties": { "kind": "a2", "value": "9.828006517176727", "building_uid": "2874" }, "geometry": { "type": "MultiLineString", "coordinates": [ [ [ -90.513932848897468, 14.644907521165393 ], [ -90.513917211490863, 14.644994987205571 ] ], [ [ -90.513905897986959, 14.644902953722267 ], [ -90.513959799809612, 14.64491208860556 ] ], [ [ -90.513890260570577, 14.644990419759035 ], [ -90.51394416241277, 14.644999554649159 ] ] ] } },
{ "type": "Feature", "properties": { "kind": "a2", "value": "5.243249125788728", "building_uid": "2875" }, "geometry": { "type": "MultiLineString", "coordinates": [ [ [ -90.513865897854117, 14.644750392825715 ], [ -90.513914016540554, 14.644757363428258 ] ], [ [ -90.513863750002258, 14.644764447558229 ], [ -90.513868045705564, 14.644736338093123 ] ], [ [ -90.513911868691537, 14.644771418161676 ], [ -90.513916164389144, 14.644743308694753 ] ] ] } },
{ "type": "Feature", "properties": { "kind": "a2", "value": "5.7449434588012345", "building_uid": "2876" }, "geometry": { "type": "MultiLineString", "coordinates": [ [ [ -90.51436685331079, 14.644800946117451 ], [ -90.514360083295827, 14.644852422743691 ] ], [ [ -90.514350991825964, 14.644798968700188 ], [ -90.514382714796085, 14.644802923533673 ] ], [ [ -90.514344221807505, 14.644850445325408 ], [ -90.514375944784604, 14.644854400160943 ] ] ] } },
{ "type": "Feature", "properties": { "kind": "a2", "value": "11.442429918079931", "building_uid": "2877" }, "geometry": { "type": "MultiLineString", "coordinates": [ [ [ -90.514348162854503, 14.645122996583734 ], [ -90.5142432315957, 14.645107275277372 ] ], [ [ -90.514353007057451, 14.645092347815227 ], [ -90.514343318649509, 14.645153645351849 ] ], [ [ -90.514248075812176, 14.645076626513262 ], [ -90.514238387377176, 14.645137924041107 ] ] ] } },
{ "type": "Feature", "properties": { "kind": "a2", "value": "5.667254405186982", "building_uid": "2878" }, "geometry": { "type": "MultiLineString", "coordinates": [ [ [ -90.514180014686431, 14.644825270648163 ], [ -90.514190295093215, 14.644775063525962 ] ], [ [ -90.514195485001096, 14.644828273397366 ], [ -90.514164544372363, 14.644822267897995 ] ], [ [ -90.514205765404697, 14.644778066273961 ], [ -90.514174824782302, 14.644772060777001 ] ] ] } },
{ "type": "Feature", "properties": { "kind": "a2", "value": "13.17620181386452", "building_uid": "2879" }, "geometry": { "type": "MultiLineString", "coordinates": [ [ [ -90.514368591808662, 14.645012038950187 ], [ -90.514247329054101, 14.644996921347381 ] ], [ [ -90.514373249987273, 14.644976619990659 ], [ -90.514363933627635, 14.645047457909289 ] ], [ [ -90.514251987251072, 14.644961502393258 ], [ -90.514242670854685, 14.645032340301084 ] ] ] } },
{ "type": "Feature", "properties": { "kind": "a2", "value": "12.950945807415186", "building_uid": "2883" }, "geometry": { "type": "MultiLineString", "coordinates": [ [ [ -90.513829570229561, 14.645703471838141 ], [ -90.513848030799394, 14.645587868464339 ] ], [ [ -90.513865191228263, 14.645708863866522 ], [ -90.513793949233474, 14.645698079804575 ] ], [ [ -90.513883651780802, 14.645593260487072 ], [ -90.513812409820616, 14.64558247643642 ] ] ] } },
{ "type": "Feature", "properties": { "kind": "a2", "value": "0.6898212590748674", "building_uid": "2884" }, "geometry": { "type": "MultiLineString", "coordinates": [ [ [ -90.512859143750276, 14.64563808293698 ], [ -90.512858275232801, 14.645644256786586 ] ], [ [ -90.512857241395594, 14.645637829257337 ], [ -90.512861046104973, 14.645638336616608 ] ], [ [ -90.512856372878062, 14.645644003106932 ], [ -90.512860177587541, 14.645644510466228 ] ] ] } },
{ "type": "Feature", "properties": { "kind": "a2", "value": "7.7015584188668385", "building_uid": "2886" }, "geometry": { "type": "MultiLineString", "coordinates": [ [ [ -90.513270333922449, 14.645743586496167 ], [ -90.513341007956527, 14.645753861187842 ] ], [ [ -90.513267167965893, 14.645764229205646 ], [ -90.51327349987811, 14.645722943786511 ] ], [ [ -90.513337842006123, 14.645774503899283 ], [ -90.513344173906006, 14.645733218476222 ] ] ] } },
{ "type": "Feature", "properties": { "kind": "a2", "value": "5.6337027006468166", "building_uid": "2887" }, "geometry": { "type": "MultiLineString", "coordinates": [ [ [ -90.513170597579588, 14.645599199054466 ], [ -90.513163678218632, 14.645649643170062 ] ], [ [ -90.513155054184807, 14.645597178022998 ], [ -90.513186140974838, 14.645601220084943 ] ], [ [ -90.513148134820511, 14.64564762213759 ], [ -90.513179221617222, 14.645651664201544 ] ] ] } },
{ "type": "Feature", "properties": { "kind": "a2", "value": "8.638064165240783", "building_uid": "2888" }, "geometry": { "type": "MultiLineString", "coordinates": [ [ [ -90.513038514906683, 14.645656653206011 ], [ -90.513049184222794, 14.645579315896379 ] ], [ [ -90.513062344934383, 14.645659769537787 ], [ -90.513014684880062, 14.645653536871894 ] ], [ [ -90.513073014242636, 14.645582432225789 ], [ -90.513025354204018, 14.645576199564628 ] ] ] } },
{ "type": "Feature", "properties": { "kind": "a2", "value": "5.577192432662693", "building_uid": "2890" }, "geometry": { "type": "MultiLineString", "coordinates": [ [ [ -90.51294290268423, 14.645730325335386 ], [ -90.512949924290496, 14.64568040982391 ] ], [ [ -90.512958283209187, 14.64573237623028 ], [ -90.5129275221597, 14.645728274439518 ] ], [ [ -90.512965304812212, 14.645682460717815 ], [ -90.512934543769248, 14.645678358929038 ] ] ] } },
{ "type": "Feature", "properties": { "kind": "a2", "value": "11.79640593133609", "building_uid": "2892" }, "geometry": { "type": "MultiLineString", "coordinates": [ [ [ -90.512612731343538, 14.645028857513063 ], [ -90.512721087450117, 14.645043889548404 ] ], [ [ -90.512608099511468, 14.645060506632269 ], [ -90.512617363173561, 14.644997208393479 ] ], [ [ -90.512716455632571, 14.645075538672133 ], [ -90.512725719265575, 14.645012240424293 ] ] ] } },
{ "type": "Feature", "properties": { "kind": "a2", "value": "6.006627580690829", "building_uid": "2893" }, "geometry": { "type": "MultiLineString", "coordinates": [ [ [ -90.512531237214546, 14.645121177543448 ], [ -90.512476258561037, 14.645112290237382 ] ], [ [ -90.512533975660659, 14.645105119145105 ], [ -90.51252849876785, 14.64513723594167 ] ], [ [ -90.512478997010831, 14.645096231840297 ], [ -90.512473520110646, 14.645128348634357 ] ] ] } },
{ "type": "Feature", "properties": { "kind": "a2", "value": "7.540589236550219", "building_uid": "2894" }, "geometry": { "type": "MultiLineString", "coordinates": [ [ [ -90.512340516631312, 14.645566627078502 ], [ -90.51233081636525, 14.645634086956656 ] ], [ [ -90.512319730156079, 14.645563793790123 ], [ -90.512361303107369, 14.645569460365106 ] ], [ [ -90.512310029884077, 14.645631253666442 ], [ -90.512351602847275, 14.645636920245103 ] ] ] } },
{ "type": "Feature", "properties": { "kind": "a2", "value": "9.715319005191079", "building_uid": "2895" }, "geometry": { "type": "MultiLineString", "coordinates": [ [ [ -90.51259907728074, 14.645253875880146 ], [ -90.512688065935293, 14.645267868307759 ] ], [ [ -90.512594765781415, 14.645279868043692 ], [ -90.512603388778558, 14.645227883716306 ] ], [ [ -90.512683754445646, 14.64529386047454 ], [ -90.51269237742342, 14.645241876140688 ] ] ] } },
{ "type": "Feature", "properties": { "kind": "a2", "value": "12.083886312315402", "building_uid": "2896" }, "geometry": { "type": "MultiLineString", "coordinates": [ [ [ -90.51267490120064, 14.645365303075611 ], [ -90.512564148294103, 14.645348320675962 ] ], [ [ -90.512680133989591, 14.645332953931401 ], [ -90.512669668409373, 14.64539765221939 ] ], [ [ -90.512569381098089, 14.645315971536698 ], [ -90.512558915487816, 14.645380669814793 ] ] ] } },
{ "type": "Feature", "properties": { "kind": "a2", "value": "0.49002309206619726", "building_uid": "755" }, "geometry": { "type": "MultiLineString", "coordinates": [ [ [ -90.514650380891055, 14.644045604193893 ], [ -90.51465094151007, 14.644041211352993 ] ], [ [ -90.514651734451732, 14.644045767942677 ], [ -90.514649027330393, 14.644045440445103 ] ], [ [ -90.514652295070704, 14.644041375101772 ], [ -90.514649587949435, 14.64404104760421 ] ] ] } },
{ "type": "Feature", "properties": { "kind": "a2", "value": "10.118334939154597", "building_uid": "2898" }, "geometry": { "type": "MultiLineString", "coordinates": [ [ [ -90.51208951545307, 14.645241675798747 ], [ -90.512182752839763, 14.645252360025756 ] ], [ [ -90.512086223310916, 14.64526890895096 ], [ -90.512092807593859, 14.645214442646292 ] ], [ [ -90.512179460708523, 14.645279593181055 ], [ -90.51218604496961, 14.645225126870216 ] ] ] } },
{ "type": "Feature", "properties": { "kind": "a2", "value": "14.093693860715534", "building_uid": "3049" }, "geometry": { "type": "MultiLineString", "coordinates": [ [ [ -90.514026260363551, 14.645529037614414 ], [ -90.514156011551989, 14.645544867332786 ] ], [ [ -90.514021382726369, 14.645566935813488 ], [ -90.514031137997989, 14.645491139414865 ] ], [ [ -90.514151133935897, 14.645582765537993 ], [ -90.514160889165353, 14.645506969127107 ] ] ] } },
{ "type": "Feature", "properties": { "kind": "a2", "value": "15.172494546321708", "building_uid": "3239" }, "geometry": { "type": "MultiLineString", "coordinates": [ [ [ -90.515260621421561, 14.643497843114927 ], [ -90.515121537102942, 14.643476670151577 ] ], [ [ -90.51526714539024, 14.643457218468949 ], [ -90.515254097449244, 14.643538467760209 ] ], [ [ -90.515128061095353, 14.643436045513376 ], [ -90.515115013106907, 14.643517294789087 ] ] ] } },
{ "type": "Feature", "properties": { "kind": "a2", "value": "7.564571902465047", "building_uid": "3240" }, "geometry": { "type": "MultiLineString", "coordinates": [ [ [ -90.514118366247033, 14.643154266509121 ], [ -90.514107676938394, 14.643221803849803 ] ], [ [ -90.514097556135027, 14.643151144302907 ], [ -90.514139176359919, 14.643157388713565 ] ], [ [ -90.514086866820477, 14.643218681641672 ], [ -90.514128487057192, 14.643224926056165 ] ] ] } },
{ "type": "Feature", "properties": { "kind": "a2", "value": "0.6675144473173334", "building_uid": "3241" }, "geometry": { "type": "MultiLineString", "coordinates": [ [ [ -90.513871959303188, 14.643162542909042 ], [ -90.513871036125792, 14.64316850552982 ] ], [ [ -90.513870122055664, 14.643162273261046 ], [ -90.513873796550712, 14.643162812557016 ] ], [ [ -90.513869198878211, 14.643168235881815 ], [ -90.513872873373373, 14.643168775177811 ] ] ] } },
{ "type": "Feature", "properties": { "kind": "a2", "value": "8.55594666551752", "building_uid": "12787" }, "geometry": { "type": "MultiLineString", "coordinates": [ [ [ -90.514339320737989, 14.644648420374551 ], [ -90.514417758408058, 14.644660322437007 ] ], [ [ -90.514335653355445, 14.644671330828571 ], [ -90.514342988119367, 14.644625509920319 ] ], [ [ -90.514414091033075, 14.644683232893493 ], [ -90.514421425781904, 14.644637411980305 ] ] ] } },
{ "type": "Feature", "properties": { "kind": "a2", "value": "3.514829168008008", "building_uid": "12789" }, "geometry": { "type": "MultiLineString", "coordinates": [ [ [ -90.514395359570869, 14.644511839157861 ], [ -90.514363112647231, 14.64450710418833 ] ], [ [ -90.514396818553607, 14.644502420313378 ], [ -90.514393900587947, 14.644521258002316 ] ], [ [ -90.514364571631248, 14.644497685344261 ], [ -90.51436165366303, 14.644516523032372 ] ] ] } },
{ "type": "Feature", "properties": { "kind": "a2", "value": "4.023615877005496", "building_uid": "12843" }, "geometry": { "type": "MultiLineString", "coordinates": [ [ [ -90.512327880693206, 14.644091006742784 ], [ -90.512364888792845, 14.644095785263136 ] ], [ [ -90.51232640829231, 14.64410181627586 ], [ -90.512329353093875, 14.64408019720967 ] ], [ [ -90.512363416393654, 14.644106594796721 ], [ -90.512366361191809, 14.644084975729502 ] ] ] } },
{ "type": "Feature", "properties": { "kind": "a2", "value": "4.640740804092796", "building_uid": "12849" }, "geometry": { "type": "MultiLineString", "coordinates": [ [ [ -90.512530943355145, 14.644320363196753 ], [ -90.512523935367398, 14.644361726267704 ] ], [ [ -90.512518198186811, 14.644318316266755 ], [ -90.512543688523849, 14.644322410126085 ] ], [ [ -90.512511190196847, 14.644359679336958 ], [ -90.51253668053829, 14.644363773197782 ] ] ] } },
{ "type": "Feature", "properties": { "kind": "a2", "value": "8.738480473517967", "building_uid": "12850" }, "geometry": { "type": "MultiLineString", "coordinates": [ [ [ -90.512207680249276, 14.645453867898814 ], [ -90.512195282236988, 14.645531878423052 ] ], [ [ -90.512183642806178, 14.645450246641335 ], [ -90.512231717693581, 14.645457489153928 ] ], [ [ -90.512171244786003, 14.645528257163004 ], [ -90.512219319689166, 14.645535499680737 ] ] ] } },
{ "type": "Feature", "properties": { "kind": "a2", "value": "7.625396462224123", "building_uid": "12851" }, "geometry": { "type": "MultiLineString", "coordinates": [ [ [ -90.512036970726925, 14.645469303299459 ], [ -90.512107096534578, 14.645478438977387 ] ], [ [ -90.512034155739656, 14.645489785907191 ], [ -90.512039785713341, 14.645448820691579 ] ], [ [ -90.512104281553448, 14.645498921586961 ], [ -90.512109911514884, 14.645457956367659 ] ] ] } },
{ "type": "Feature", "properties": { "kind": "a2", "value": "0.47529902397227175", "building_uid": "12852" }, "geometry": { "type": "MultiLineString", "coordinates": [ [ [ -90.512633507428561, 14.645446834425005 ], [ -90.512632924889971, 14.645451090405347 ] ], [ [ -90.512632196030083, 14.645446664274935 ], [ -90.512634818827038, 14.645447004575074 ] ], [ [ -90.512631613491465, 14.645450920255264 ], [ -90.512634236288491, 14.64545126055542 ] ] ] } },
{ "type": "Feature", "properties": { "kind": "a2", "value": "2.734771709501947", "building_uid": "756" }, "geometry": { "type": "MultiLineString", "coordinates": [ [ [ -90.514706171760352, 14.643783959799023 ], [ -90.514731221986764, 14.643787893230893 ] ], [ [ -90.514704959757822, 14.643791276619938 ], [ -90.514707383762754, 14.643776642978096 ] ], [ [ -90.514730009985016, 14.643795210052064 ], [ -90.514732433988399, 14.643780576409702 ] ] ] } },
{ "type": "Feature", "properties": { "kind": "a2", "value": "9.753506612748241", "building_uid": "12916" }, "geometry": { "type": "MultiLineString", "coordinates": [ [ [ -90.515177228128834, 14.645581390328504 ], [ -90.515087490677217, 14.645570004061543 ] ], [ [ -90.515180736584384, 14.645555179488015 ], [ -90.515173719671964, 14.645607601168743 ] ], [ [ -90.515090999142814, 14.645543793224039 ], [ -90.515083982210285, 14.645596214898806 ] ] ] } },
{ "type": "Feature", "properties": { "kind": "a2", "value": "4.323278829051681", "building_uid": "12918" }, "geometry": { "type": "MultiLineString", "coordinates": [ [ [ -90.513407228197721, 14.645042396743783 ], [ -90.513412640257897, 14.645003699558435 ] ], [ [ -90.513419151968833, 14.645043977521897 ], [ -90.513395304426879, 14.645040815965084 ] ], [ [ -90.513424564027048, 14.645005280335956 ], [ -90.513400716489016, 14.645002118780333 ] ] ] } },
{ "type": "Feature", "properties": { "kind": "a2", "value": "11.52478573726441", "building_uid": "12952" }, "geometry": { "type": "MultiLineString", "coordinates": [ [ [ -90.514908849408599, 14.64637568563127 ], [ -90.514923395899402, 14.646272544329515 ] ], [ [ -90.514940630553539, 14.646379934408181 ], [ -90.514877068265591, 14.646371436850197 ] ], [ [ -90.514955177030387, 14.646276793102176 ], [ -90.514891614770335, 14.646268295552696 ] ] ] } },
{ "type": "Feature", "properties": { "kind": "a2", "value": "20.09578730598974", "building_uid": "12953" }, "geometry": { "type": "MultiLineString", "coordinates": [ [ [ -90.514511690573158, 14.646181539386566 ], [ -90.514326818337011, 14.646157929804131 ] ], [ [ -90.514518965411966, 14.646127541377624 ], [ -90.514504415728609, 14.646235537394485 ] ], [ [ -90.514334093218451, 14.64610393180789 ], [ -90.514319543449844, 14.646211927799362 ] ] ] } },
{ "type": "Feature", "properties": { "kind": "a2", "value": "0.4143544098170064", "building_uid": "12995" }, "geometry": { "type": "MultiLineString", "coordinates": [ [ [ -90.512835572107363, 14.6451464945095 ], [ -90.512835045827799, 14.645150202336435 ] ], [ [ -90.512834429613406, 14.645146340791564 ], [ -90.512836714601335, 14.645146648227431 ] ], [ [ -90.512833903333828, 14.645150048618493 ], [ -90.512836188321799, 14.645150356054364 ] ] ] } },
{ "type": "Feature", "properties": { "kind": "a2", "value": "0.24167632307970655", "building_uid": "12998" }, "geometry": { "type": "MultiLineString", "coordinates": [ [ [ -90.512765138702093, 14.645566057813818 ], [ -90.512764837077427, 14.645568221151777 ] ], [ [ -90.512764472110746, 14.645565969714202 ], [ -90.512765805293441, 14.645566145913437 ] ], [ [ -90.512764170486079, 14.645568133052162 ], [ -90.512765503668788, 14.645568309251406 ] ] ] } },
{ "type": "Feature", "properties": { "kind": "a2", "value": "22.123910497310206", "building_uid": "48" }, "geometry": { "type": "MultiLineString", "coordinates": [ [ [ -90.513698753547061, 14.644112902027898 ], [ -90.513902311669241, 14.64413867038834 ] ], [ [ -90.513690813541572, 14.64417235840901 ], [ -90.513706693545657, 14.644053445645561 ] ], [ [ -90.513894371715466, 14.644198126784783 ], [ -90.513910251616139, 14.644079213990675 ] ] ] } },
{ "type": "Feature", "properties": { "kind": "a2", "value": "5.004829663186255", "building_uid": "180" }, "geometry": { "type": "MultiLineString", "coordinates": [ [ [ -90.514752339990622, 14.6447070734775 ], [ -90.514798290213605, 14.644713597874675 ] ], [ [ -90.51475032962847, 14.644720494837722 ], [ -90.514754350352405, 14.644693652117205 ] ], [ [ -90.514796279854068, 14.644727019235722 ], [ -90.514800300572759, 14.644700176513563 ] ] ] } },
{ "type": "Feature", "properties": { "kind": "a2", "value": "9.067788262155865", "building_uid": "181" }, "geometry": { "type": "MultiLineString", "coordinates": [ [ [ -90.514549892166968, 14.644576348493363 ], [ -90.514633318434107, 14.644586947701278 ] ], [ [ -90.514546626233042, 14.644600716049155 ], [ -90.514553158099716, 14.644551980937363 ] ], [ [ -90.514630052508878, 14.644611315259656 ], [ -90.514636584358186, 14.644562580142701 ] ] ] } },
{ "type": "Feature", "properties": { "kind": "a2", "value": "0.5853155980188681", "building_uid": "189" }, "geometry": { "type": "MultiLineString", "coordinates": [ [ [ -90.51307382679235, 14.643580952949655 ], [ -90.513074542735936, 14.643575711657988 ] ], [ [ -90.513075441781638, 14.643581162066969 ], [ -90.513072211803063, 14.643580743832326 ] ], [ [ -90.513076157725195, 14.643575920775294 ], [ -90.513072927746677, 14.643575502540674 ] ] ] } },
{ "type": "Feature", "properties": { "kind": "a2", "value": "20.385611653664725", "building_uid": "190" }, "geometry": { "type": "MultiLineString", "coordinates": [ [ [ -90.513110622237704, 14.644309870464058 ], [ -90.513136696271729, 14.644127475496205 ] ], [ [ -90.513166823444791, 14.644317486309976 ], [ -90.513054421036713, 14.644302254605147 ] ], [ [ -90.513192897435275, 14.644135091328748 ], [ -90.513080495114281, 14.644119859650671 ] ] ] } },
{ "type": "Feature", "properties": { "kind": "a2", "value": "10.463064679865996", "building_uid": "197" }, "geometry": { "type": "MultiLineString", "coordinates": [ [ [ -90.512646693455665, 14.643493209898175 ], [ -90.512742989606636, 14.643505187089026 ] ], [ [ -90.512643002941317, 14.643521336693505 ], [ -90.512650383968477, 14.64346508310258 ] ], [ [ -90.51273929910387, 14.643533313887762 ], [ -90.512746680107867, 14.643477060290019 ] ] ] } },
{ "type": "Feature", "properties": { "kind": "a2", "value": "5.82383694563575", "building_uid": "309" }, "geometry": { "type": "MultiLineString", "coordinates": [ [ [ -90.513025658856179, 14.644018109950165 ], [ -90.513032939714122, 14.643965980171458 ] ], [ [ -90.513041721538883, 14.644020236585002 ], [ -90.513009596173944, 14.644015983314258 ] ], [ [ -90.513049002393274, 14.64396810680522 ], [ -90.513016877035454, 14.643963853536636 ] ] ] } },
{ "type": "Feature", "properties": { "kind": "a2", "value": "7.586579060044751", "building_uid": "765" }, "geometry": { "type": "MultiLineString", "coordinates": [ [ [ -90.514512444900646, 14.645354588369013 ], [ -90.514442716518872, 14.64534520900501 ] ], [ [ -90.514515334966518, 14.645334221829271 ], [ -90.514509554833936, 14.645374954908604 ] ], [ [ -90.514445606590783, 14.645324842467106 ], [ -90.514439826446122, 14.645365575542757 ] ] ] } },
{ "type": "Feature", "properties": { "kind": "a2", "value": "13.803848680850013", "building_uid": "770" }, "geometry": { "type": "MultiLineString", "coordinates": [ [ [ -90.513949215439425, 14.645740384053763 ], [ -90.513968951470375, 14.645617176498236 ] ], [ [ -90.513987179529778, 14.645746148622461 ], [ -90.513911251352042, 14.645734619479164 ] ], [ [ -90.514006915541074, 14.645622941060509 ], [ -90.513930987402659, 14.645611411930068 ] ] ] } },
{ "type": "Feature", "properties": { "kind": "a2", "value": "14.28690113419531", "building_uid": "913" }, "geometry": { "type": "MultiLineString", "coordinates": [ [ [ -90.514583688102917, 14.646445562569175 ], [ -90.514452390972011, 14.646427796380813 ] ], [ [ -90.514589162424954, 14.646407212978064 ], [ -90.514578213777867, 14.646483912159741 ] ], [ [ -90.51445786531545, 14.646389446796267 ], [ -90.514446916625587, 14.646466145964814 ] ] ] } },
{ "type": "Feature", "properties": { "kind": "a2", "value": "4.482252142777659", "building_uid": "920" }, "geometry": { "type": "MultiLineString", "coordinates": [ [ [ -90.513758740949598, 14.646118093464587 ], [ -90.513799844266003, 14.646124256551845 ] ], [ [ -90.513756841905689, 14.646130099039032 ], [ -90.51376063999318, 14.64610608789007 ] ], [ [ -90.513797945224184, 14.646136262126975 ], [ -90.513801743307525, 14.64611225097666 ] ] ] } },
{ "type": "Feature", "properties": { "kind": "a2", "value": "0.5077354074453881", "building_uid": "1296" }, "geometry": { "type": "MultiLineString", "coordinates": [ [ [ -90.513813434365957, 14.644411141624824 ], [ -90.513812854516345, 14.644415693370963 ] ], [ [ -90.513812031839649, 14.644410972259349 ], [ -90.513814836892266, 14.6444113109903 ] ], [ [ -90.513811451990009, 14.644415524005474 ], [ -90.513814257042682, 14.644415862736434 ] ] ] } },
{ "type": "Feature", "properties": { "kind": "a2", "value": "0.567764082576256", "building_uid": "1298" }, "geometry": { "type": "MultiLineString", "coordinates": [ [ [ -90.513717006772737, 14.644338166448346 ], [ -90.513716381052063, 14.644343259029741 ] ], [ [ -90.513715437599771, 14.644337983684551 ], [ -90.513718575945703, 14.644338349212129 ] ], [ [ -90.513714811879055, 14.644343076265942 ], [ -90.513717950225072, 14.644343441793538 ] ] ] } },
{ "type": "Feature", "properties": { "kind": "a2", "value": "11.995427725578143", "building_uid": "1301" }, "geometry": { "type": "MultiLineString", "coordinates": [ [ [ -90.515046418733775, 14.644551287524454 ], [ -90.515061815128817, 14.644443968694778 ] ], [ [ -90.515079486830516, 14.644555784581565 ], [ -90.515013350639137, 14.644546790462838 ] ], [ [ -90.515094883210509, 14.644448465747262 ], [ -90.515028747049257, 14.644439471637806 ] ] ] } },
{ "type": "Feature", "properties": { "kind": "a2", "value": "4.495975639657133", "building_uid": "1306" }, "geometry": { "type": "MultiLineString", "coordinates": [ [ [ -90.514740983783227, 14.643888776054542 ], [ -90.514699597943221, 14.643883685253289 ] ], [ [ -90.514742552403192, 14.643876687834323 ], [ -90.514739415162978, 14.643900864274713 ] ], [ [ -90.514701166565331, 14.643871597033694 ], [ -90.514698029320826, 14.643895773472829 ] ] ] } },
{ "type": "Feature", "properties": { "kind": "a2", "value": "15.260399265673069", "building_uid": "1407" }, "geometry": { "type": "MultiLineString", "coordinates": [ [ [ -90.512326102402625, 14.646124362683619 ], [ -90.512347993286355, 14.645988165712859 ] ], [ [ -90.512368069011401, 14.646130756638115 ], [ -90.512284135797515, 14.646117968721912 ] ], [ [ -90.512389959871129, 14.645994559659496 ], [ -90.512306026705247, 14.645981771759024 ] ] ] } },
{ "type": "Feature", "properties": { "kind": "a2", "value": "8.091635504835196", "building_uid": "1427" }, "geometry": { "type": "MultiLineString", "coordinates": [ [ [ -90.513252122189144, 14.64501816430859 ], [ -90.51332619836225, 14.645030057514383 ] ], [ [ -90.513248457529812, 14.645039800798569 ], [ -90.513255786847395, 14.644996527818398 ] ], [ [ -90.513322533709612, 14.645051694006623 ], [ -90.513329863013837, 14.645008421021933 ] ] ] } },
{ "type": "Feature", "properties": { "kind": "a2", "value": "5.781664466360303", "building_uid": "1547" }, "geometry": { "type": "MultiLineString", "coordinates": [ [ [ -90.514415635253258, 14.645552039965292 ], [ -90.514468765688889, 14.645559250982807 ] ], [ [ -90.51441341331379, 14.645567558495614 ], [ -90.514417857192228, 14.645536521434876 ] ], [ [ -90.514466543752945, 14.645574769514205 ], [ -90.514470987624364, 14.645543732451319 ] ] ] } },
{ "type": "Feature", "properties": { "kind": "a2", "value": "4.173468357914495", "building_uid": "1548" }, "geometry": { "type": "MultiLineString", "coordinates": [ [ [ -90.514586649981638, 14.645672748997034 ], [ -90.514548350439014, 14.645667189753015 ] ], [ [ -90.514588362956488, 14.645661562332904 ], [ -90.514584937006532, 14.645683935661122 ] ], [ [ -90.514550063415669, 14.645656003089464 ], [ -90.514546637462104, 14.645678376416519 ] ] ] } },
{ "type": "Feature", "properties": { "kind": "a2", "value": "6.744861816465215", "building_uid": "1550" }, "geometry": { "type": "MultiLineString", "coordinates": [ [ [ -90.514136773341676, 14.645605236870104 ], [ -90.514130960753448, 14.645665903139406 ] ], [ [ -90.514118080184147, 14.64560353910872 ], [ -90.514155466499759, 14.645606934630029 ] ], [ [ -90.51411226759096, 14.645664205376756 ], [ -90.514149653916476, 14.645667600900593 ] ] ] } },
{ "type": "Feature", "properties": { "kind": "a2", "value": "7.007725133147615", "building_uid": "1555" }, "geometry": { "type": "MultiLineString", "coordinates": [ [ [ -90.51292318355587, 14.645185675997924 ], [ -90.512858828516485, 14.645176646906799 ] ], [ [ -90.512925965690286, 14.64516687891054 ], [ -90.512920401420715, 14.645204473085169 ] ], [ [ -90.512861610656017, 14.645157849821024 ], [ -90.512856046376214, 14.645195443992439 ] ] ] } },
{ "type": "Feature", "properties": { "kind": "a2", "value": "11.232635473070834", "building_uid": "2589" }, "geometry": { "type": "MultiLineString", "coordinates": [ [ [ -90.514831504397648, 14.644532130489679 ], [ -90.514934889759289, 14.6445449438541 ] ], [ [ -90.514827556214883, 14.644562327801905 ], [ -90.51483545257868, 14.644501933177139 ] ], [ [ -90.514930941589867, 14.644575141170247 ], [ -90.514938837926948, 14.644514746537647 ] ] ] } },
{ "type": "Feature", "properties": { "kind": "a2", "value": "7.830444384195516", "building_uid": "2590" }, "geometry": { "type": "MultiLineString", "coordinates": [ [ [ -90.514579444618079, 14.644384297446134 ], [ -90.514651439606723, 14.644393796560811 ] ], [ [ -90.514576517659236, 14.644405326116546 ], [ -90.51458237157604, 14.644363268775571 ] ], [ [ -90.514648512654333, 14.644414825233168 ], [ -90.514654366558233, 14.644372767888294 ] ] ] } },
{ "type": "Feature", "properties": { "kind": "a2", "value": "9.810157143529146", "building_uid": "2591" }, "geometry": { "type": "MultiLineString", "coordinates": [ [ [ -90.514965577098891, 14.644315588031439 ], [ -90.514874865639015, 14.644308281112297 ] ], [ [ -90.514967828567876, 14.644289092544719 ], [ -90.514963325628855, 14.644342083517992 ] ], [ [ -90.51487711711853, 14.644281785628149 ], [ -90.514872614158406, 14.644334776596287 ] ] ] } },
{ "type": "Feature", "properties": { "kind": "a2", "value": "0.6091737701005854", "building_uid": "2600" }, "geometry": { "type": "MultiLineString", "coordinates": [ [ [ -90.512412266459052, 14.644174544314797 ], [ -90.512411545316084, 14.644180002299878 ] ], [ [ -90.512410584695814, 14.644174333679398 ], [ -90.512413948222289, 14.644174754950189 ] ], [ [ -90.512409863552804, 14.644179791664468 ], [ -90.512413227079364, 14.64418021293528 ] ] ] } },
{ "type": "Feature", "properties": { "kind": "a2", "value": "8.303712378264908", "building_uid": "2602" }, "geometry": { "type": "MultiLineString", "coordinates": [ [ [ -90.512832769884014, 14.644280488301074 ], [ -90.512756404459779, 14.64427055424621 ] ], [ [ -90.512835830851273, 14.644258183077136 ], [ -90.512829708915788, 14.64430279352484 ] ], [ [ -90.5127594654343, 14.644248249024454 ], [ -90.512753343484277, 14.644292859467786 ] ] ] } },
{ "type": "Feature", "properties": { "kind": "a2", "value": "14.926369400418197", "building_uid": "2604" }, "geometry": { "type": "MultiLineString", "coordinates": [ [ [ -90.512703527497422, 14.643944979330962 ], [ -90.512566669279764, 14.64392433797496 ] ], [ [ -90.512709887676579, 14.643905004981605 ], [ -90.512697167314769, 14.643984953679663 ] ], [ [ -90.512573029481942, 14.643884363633093 ], [ -90.512560309074132, 14.643964312316163 ] ] ] } },
{ "type": "Feature", "properties": { "kind": "a2", "value": "0.8667983646837083", "building_uid": "2605" }, "geometry": { "type": "MultiLineString", "coordinates": [ [ [ -90.512869350803243, 14.64362559858859 ], [ -90.512868243867544, 14.643633354275361 ] ], [ [ -90.512866961057654, 14.643625275267903 ], [ -90.51287174054886, 14.643625921909251 ] ], [ [ -90.51286585412187, 14.643633030954646 ], [ -90.512870633613232, 14.643633677596046 ] ] ] } },
{ "type": "Feature", "properties": { "kind": "a2", "value": "16.416350977173856", "building_uid": "2606" }, "geometry": { "type": "MultiLineString", "coordinates": [ [ [ -90.512777242767314, 14.643888051049929 ], [ -90.512798066501674, 14.64374114664229 ] ], [ [ -90.512822508209766, 14.643894133371019 ], [ -90.512731977328798, 14.643881968720414 ] ], [ [ -90.51284333191586, 14.643747228954732 ], [ -90.512752801091423, 14.643735064321413 ] ] ] } },
{ "type": "Feature", "properties": { "kind": "a2", "value": "0.7737767342231329", "building_uid": "2607" }, "geometry": { "type": "MultiLineString", "coordinates": [ [ [ -90.512516109594102, 14.643569369257909 ], [ -90.512515031579653, 14.643576279907226 ] ], [ [ -90.512513980228903, 14.643569054384647 ], [ -90.512518238959316, 14.643569684131156 ] ], [ [ -90.512512902214397, 14.643575965033941 ], [ -90.512517160944924, 14.643576594780487 ] ] ] } },
{ "type": "Feature", "properties": { "kind": "a2", "value": "0.5679035363244574", "building_uid": "2692" }, "geometry": { "type": "MultiLineString", "coordinates": [ [ [ -90.514538400605943, 14.64840172522446 ], [ -90.514538997101155, 14.648396628049154 ] ], [ [ -90.514539971223911, 14.648401899448652 ], [ -90.514536829987989, 14.648401551000246 ] ], [ [ -90.514540567719081, 14.648396802273339 ], [ -90.51453742648323, 14.648396453824953 ] ] ] } },
{ "type": "Feature", "properties": { "kind": "a2", "value": "7.999312822734521", "building_uid": "2709" }, "geometry": { "type": "MultiLineString", "coordinates": [ [ [ -90.514373224629736, 14.647240051474858 ], [ -90.514362851149926, 14.647311603934414 ] ], [ [ -90.514351176933204, 14.647237021575251 ], [ -90.514395272327221, 14.647243081372469 ] ], [ [ -90.514340803446686, 14.647308574032737 ], [ -90.514384898854104, 14.6473146338341 ] ] ] } },
{ "type": "Feature", "properties": { "kind": "a2", "value": "8.243318363749701", "building_uid": "2710" }, "geometry": { "type": "MultiLineString", "coordinates": [ [ [ -90.514230186117956, 14.647454106264766 ], [ -90.514154422122445, 14.647443906549757 ] ], [ [ -90.514233328988951, 14.647431977033682 ], [ -90.514227043245967, 14.647476235495665 ] ], [ [ -90.514157565000559, 14.647421777320858 ], [ -90.514151279243336, 14.647466035778473 ] ] ] } },
{ "type": "Feature", "properties": { "kind": "a2", "value": "8.028815308486864", "building_uid": "2713" }, "geometry": { "type": "MultiLineString", "coordinates": [ [ [ -90.514129161753218, 14.648199105417238 ], [ -90.514055331654546, 14.648189437723383 ] ], [ [ -90.514132140701065, 14.648177541115151 ], [ -90.514126182804432, 14.648220669719164 ] ], [ [ -90.514058310609187, 14.648167873423342 ], [ -90.514052352698982, 14.648211002023258 ] ] ] } },
{ "type": "Feature", "properties": { "kind": "a2", "value": "13.868334786097765", "building_uid": "2714" }, "geometry": { "type": "MultiLineString", "coordinates": [ [ [ -90.514293172821752, 14.648272140875672 ], [ -90.514274998811828, 14.648396164512182 ] ], [ [ -90.514254956825553, 14.64826683261299 ], [ -90.514331388820793, 14.648277449132356 ] ], [ [ -90.51423678279555, 14.648390856243251 ], [ -90.514313214830963, 14.648401472775118 ] ] ] } },
{ "type": "Feature", "properties": { "kind": "a2", "value": "5.813112362774819", "building_uid": "2715" }, "geometry": { "type": "MultiLineString", "coordinates": [ [ [ -90.514139615485902, 14.648291617885359 ], [ -90.514086168388673, 14.648284558944093 ] ], [ [ -90.514141790589406, 14.648276007059208 ], [ -90.514137440381916, 14.648307228711419 ] ], [ [ -90.514088343495715, 14.648268948119023 ], [ -90.514083993281133, 14.648300169769069 ] ] ] } },
{ "type": "Feature", "properties": { "kind": "a2", "value": "7.1716959636496735", "building_uid": "2716" }, "geometry": { "type": "MultiLineString", "coordinates": [ [ [ -90.51422638341792, 14.64812873723255 ], [ -90.514292250720644, 14.648137940366309 ] ], [ [ -90.51422354761101, 14.648147975763971 ], [ -90.514229219224049, 14.64810949870097 ] ], [ [ -90.514289414919119, 14.648157178899412 ], [ -90.514295086521429, 14.648118701833063 ] ] ] } },
{ "type": "Feature", "properties": { "kind": "a2", "value": "11.991388465808457", "building_uid": "2717" }, "geometry": { "type": "MultiLineString", "coordinates": [ [ [ -90.514370538194385, 14.648060937043637 ], [ -90.51426027522939, 14.648046458310491 ] ], [ [ -90.514374999582628, 14.648028731404843 ], [ -90.51436607680408, 14.648093142682065 ] ], [ [ -90.514264736632768, 14.648014252676264 ], [ -90.514255813823951, 14.648078663944352 ] ] ] } },
{ "type": "Feature", "properties": { "kind": "a2", "value": "11.837314767862248", "building_uid": "2718" }, "geometry": { "type": "MultiLineString", "coordinates": [ [ [ -90.514554437052695, 14.647951437633619 ], [ -90.5144457992713, 14.647935713597073 ] ], [ [ -90.514559282159624, 14.647919706662702 ], [ -90.514549591943606, 14.647983168604142 ] ], [ [ -90.514450644392795, 14.647903982630792 ], [ -90.514440954147673, 14.647967444562969 ] ] ] } },
{ "type": "Feature", "properties": { "kind": "a2", "value": "0.6709646488176356", "building_uid": "2721" }, "geometry": { "type": "MultiLineString", "coordinates": [ [ [ -90.514460128718241, 14.648386500746545 ], [ -90.514460946633491, 14.64838049213126 ] ], [ [ -90.514461980182602, 14.648386739643087 ], [ -90.51445827725388, 14.648386261849987 ] ], [ [ -90.51446279809781, 14.648380731027789 ], [ -90.514459095169187, 14.648380253234716 ] ] ] } },
{ "type": "Feature", "properties": { "kind": "a2", "value": "1.292265516720774", "building_uid": "2722" }, "geometry": { "type": "MultiLineString", "coordinates": [ [ [ -90.514451178243107, 14.64811201491254 ], [ -90.514452780872617, 14.648100445989462 ] ], [ [ -90.514454743028111, 14.648112483008878 ], [ -90.514447613458117, 14.648111546816143 ] ], [ [ -90.51445634565745, 14.648100914085749 ], [ -90.514449216087797, 14.64809997789312 ] ] ] } },
{ "type": "Feature", "properties": { "kind": "a2", "value": "8.601928806396776", "building_uid": "2723" }, "geometry": { "type": "MultiLineString", "coordinates": [ [ [ -90.514209366095059, 14.647640929077491 ], [ -90.514130311745632, 14.647630245687782 ] ], [ [ -90.514212658004965, 14.647617838816069 ], [ -90.514206074184074, 14.647664019338713 ] ], [ [ -90.514133603663282, 14.647607155428741 ], [ -90.514127019826873, 14.647653335946631 ] ] ] } },
{ "type": "Feature", "properties": { "kind": "a2", "value": "5.340653606470836", "building_uid": "2724" }, "geometry": { "type": "MultiLineString", "coordinates": [ [ [ -90.514118446759568, 14.647715809932224 ], [ -90.51416759201291, 14.647721984903347 ] ], [ [ -90.514116544039325, 14.647730164312698 ], [ -90.514120349479427, 14.647701455551688 ] ], [ [ -90.51416568929568, 14.647736339284707 ], [ -90.514169494729742, 14.64770763052192 ] ] ] } },
{ "type": "Feature", "properties": { "kind": "a2", "value": "3.262447963933318", "building_uid": "2725" }, "geometry": { "type": "MultiLineString", "coordinates": [ [ [ -90.514163571400005, 14.647595126204877 ], [ -90.514167446056561, 14.647565897343938 ] ], [ [ -90.514172577800679, 14.647596257918078 ], [ -90.514154564999473, 14.647593994491347 ] ], [ [ -90.514176452456113, 14.647567029056797 ], [ -90.514158439657152, 14.64756476563074 ] ] ] } },
{ "type": "Feature", "properties": { "kind": "a2", "value": "7.070959718901173", "building_uid": "2727" }, "geometry": { "type": "MultiLineString", "coordinates": [ [ [ -90.514503791323861, 14.647751476839682 ], [ -90.5144389924601, 14.647741479918215 ] ], [ [ -90.514506871712669, 14.647732550342429 ], [ -90.514500710934257, 14.647770403336782 ] ], [ [ -90.514442072854067, 14.64772255342266 ], [ -90.514435912065366, 14.647760406413617 ] ] ] } },
{ "type": "Feature", "properties": { "kind": "a2", "value": "7.029308940470313", "building_uid": "2732" }, "geometry": { "type": "MultiLineString", "coordinates": [ [ [ -90.51429785060219, 14.646850256480214 ], [ -90.514233227573484, 14.646841680279787 ] ], [ [ -90.5143004932075, 14.646831381262551 ], [ -90.514295207996142, 14.646869131697756 ] ], [ [ -90.514235870183995, 14.646822805063689 ], [ -90.514230584962249, 14.646860555495742 ] ] ] } },
{ "type": "Feature", "properties": { "kind": "a2", "value": "8.197456717660163", "building_uid": "2733" }, "geometry": { "type": "MultiLineString", "coordinates": [ [ [ -90.514240512544717, 14.646784070919148 ], [ -90.514315771075189, 14.646794786935851 ] ], [ [ -90.514237210585804, 14.646806052578041 ], [ -90.514243814502606, 14.64676208926007 ] ], [ [ -90.514312469123269, 14.646816768596953 ], [ -90.514319073026087, 14.646772805274571 ] ] ] } },
{ "type": "Feature", "properties": { "kind": "a2", "value": "8.04013516899033", "building_uid": "2735" }, "geometry": { "type": "MultiLineString", "coordinates": [ [ [ -90.514329156525278, 14.646690039439525 ], [ -90.514255317106105, 14.646679698551916 ] ], [ [ -90.514332342885254, 14.646668472264711 ], [ -90.514325970164336, 14.646711606614176 ] ], [ [ -90.514258503472817, 14.64665813137921 ], [ -90.514252130738413, 14.646701265724447 ] ] ] } },
{ "type": "Feature", "properties": { "kind": "a2", "value": "2.850569605423981", "building_uid": "2737" }, "geometry": { "type": "MultiLineString", "coordinates": [ [ [ -90.514465903533548, 14.646706132308802 ], [ -90.514492082697871, 14.646709798959103 ] ], [ [ -90.514464773718728, 14.646713778773512 ], [ -90.514467033348254, 14.64669848584408 ] ], [ [ -90.514490952883889, 14.646717445424073 ], [ -90.514493212511724, 14.646702152494104 ] ] ] } },
{ "type": "Feature", "properties": { "kind": "a2", "value": "16.406014160436072", "building_uid": "2739" }, "geometry": { "type": "MultiLineString", "coordinates": [ [ [ -90.514272994401139, 14.646579583870786 ], [ -90.514424018777547, 14.646598131108018 ] ], [ [ -90.514267279380448, 14.646623695405026 ], [ -90.514278709418093, 14.646535472335886 ] ], [ [ -90.514418303785391, 14.646642242650595 ], [ -90.514429733765951, 14.646554019564796 ] ] ] } },
{ "type": "Feature", "properties": { "kind": "a2", "value": "13.836437431881098", "building_uid": "2743" }, "geometry": { "type": "MultiLineString", "coordinates": [ [ [ -90.513724968311564, 14.646382693343055 ], [ -90.51359826974759, 14.646362533499325 ] ], [ [ -90.513731180194853, 14.646345686901642 ], [ -90.513718756425178, 14.646419699783868 ] ], [ [ -90.513604481650475, 14.6463255270645 ], [ -90.513592057841606, 14.646399539933544 ] ] ] } },
{ "type": "Feature", "properties": { "kind": "a2", "value": "4.736350426874366", "building_uid": "2754" }, "geometry": { "type": "MultiLineString", "coordinates": [ [ [ -90.513864673897487, 14.647638242310167 ], [ -90.513870667693354, 14.64759585636865 ] ], [ [ -90.513877734442318, 14.647639992983208 ], [ -90.513851613352969, 14.647636491636424 ] ], [ [ -90.513883728235839, 14.647597607040971 ], [ -90.513857607151181, 14.647594105695624 ] ] ] } },
{ "type": "Feature", "properties": { "kind": "a2", "value": "10.997681765371595", "building_uid": "2756" }, "geometry": { "type": "MultiLineString", "coordinates": [ [ [ -90.513873518536769, 14.647738390293833 ], [ -90.513772460803864, 14.647724631258647 ] ], [ [ -90.513877758156326, 14.647708873278114 ], [ -90.51386927891545, 14.64776790730923 ] ], [ [ -90.513776700436082, 14.647695114246831 ], [ -90.513768221169855, 14.647754148270149 ] ] ] } },
{ "type": "Feature", "properties": { "kind": "a2", "value": "6.720192545365442", "building_uid": "2760" }, "geometry": { "type": "MultiLineString", "coordinates": [ [ [ -90.513750448763659, 14.647639301962483 ], [ -90.513759497852945, 14.647579237887614 ] ], [ [ -90.513768956540545, 14.647641945028369 ], [ -90.513731940987455, 14.647636658895191 ] ], [ [ -90.513778005625142, 14.647581880952014 ], [ -90.513740990081445, 14.647576594821809 ] ] ] } },
{ "type": "Feature", "properties": { "kind": "a2", "value": "9.056393238018945", "building_uid": "2784" }, "geometry": { "type": "MultiLineString", "coordinates": [ [ [ -90.513540415593013, 14.648287680139788 ], [ -90.513556287017551, 14.648207341914464 ] ], [ [ -90.513565170596877, 14.648292315865842 ], [ -90.513515660590613, 14.648283044411249 ] ], [ [ -90.513581042013271, 14.648211977637491 ], [ -90.513531532023293, 14.648202706188966 ] ] ] } },
{ "type": "Feature", "properties": { "kind": "a2", "value": "12.198064363506154", "building_uid": "2802" }, "geometry": { "type": "MultiLineString", "coordinates": [ [ [ -90.5127471553307, 14.647952809683886 ], [ -90.512731745264134, 14.648061974493348 ] ], [ [ -90.512713517905496, 14.64794830870661 ], [ -90.512780792758051, 14.647957310656501 ] ], [ [ -90.512698107823326, 14.648057473511306 ], [ -90.512765382707116, 14.648066475470728 ] ] ] } },
{ "type": "Feature", "properties": { "kind": "a2", "value": "5.328877287861732", "building_uid": "2817" }, "geometry": { "type": "MultiLineString", "coordinates": [ [ [ -90.512730758346834, 14.647776098521971 ], [ -90.51268182061969, 14.647769230654557 ] ], [ [ -90.512732874569124, 14.647761804758471 ], [ -90.512728642124131, 14.647790392285394 ] ], [ [ -90.512683936844937, 14.64775493689198 ], [ -90.512679704394017, 14.647783524417054 ] ] ] } },
{ "type": "Feature", "properties": { "kind": "a2", "value": "0.6035861220539717", "building_uid": "2823" }, "geometry": { "type": "MultiLineString", "coordinates": [ [ [ -90.512019319759787, 14.648033459573954 ], [ -90.512018580646938, 14.648038864361155 ] ], [ [ -90.512017654358672, 14.648033243693661 ], [ -90.512020985160902, 14.648033675454242 ] ], [ [ -90.512016915245795, 14.648038648480846 ], [ -90.512020246048081, 14.648039080241446 ] ] ] } },
{ "type": "Feature", "properties": { "kind": "a2", "value": "6.8095523167880145", "building_uid": "2852" }, "geometry": { "type": "MultiLineString", "coordinates": [ [ [ -90.512150115378745, 14.647074929174394 ], [ -90.512213098339828, 14.64707980320116 ] ], [ [ -90.512148613527046, 14.647093325336838 ], [ -90.512151617229961, 14.647056533011884 ] ], [ [ -90.512211596493216, 14.647098199364825 ], [ -90.512214600185942, 14.647061407037423 ] ] ] } },
{ "type": "Feature", "properties": { "kind": "a2", "value": "8.390289339519619", "building_uid": "2857" }, "geometry": { "type": "MultiLineString", "coordinates": [ [ [ -90.512206087747856, 14.645997789592146 ], [ -90.51219421161899, 14.646072695925701 ] ], [ [ -90.512183006743442, 14.645994320777 ], [ -90.512229168753379, 14.646001258405112 ] ], [ [ -90.5121711306073, 14.646069227108192 ], [ -90.512217292631775, 14.646076164741032 ] ] ] } },
{ "type": "Feature", "properties": { "kind": "a2", "value": "0.5652788219189877", "building_uid": "2862" }, "geometry": { "type": "MultiLineString", "coordinates": [ [ [ -90.514754347124253, 14.645797328095068 ], [ -90.514753570340957, 14.645802378224008 ] ], [ [ -90.514752791021635, 14.645797101209634 ], [ -90.514755903226856, 14.645797554980497 ] ], [ [ -90.514752014238312, 14.645802151338565 ], [ -90.514755126443617, 14.645802605109436 ] ] ] } },
{ "type": "Feature", "properties": { "kind": "a2", "value": "4.411992882932453", "building_uid": "2866" }, "geometry": { "type": "MultiLineString", "coordinates": [ [ [ -90.514513397948548, 14.645723321322755 ], [ -90.51447292999606, 14.645717311904361 ] ], [ [ -90.514515249636432, 14.645711501304623 ], [ -90.514511546260394, 14.645735141340829 ] ], [ [ -90.514474781685948, 14.645705491886874 ], [ -90.514471078305874, 14.645729131921785 ] ] ] } },
{ "type": "Feature", "properties": { "kind": "a2", "value": "5.274199621175181", "building_uid": "2873" }, "geometry": { "type": "MultiLineString", "coordinates": [ [ [ -90.514023140089307, 14.644800468307078 ], [ -90.51403153191103, 14.644753529655544 ] ], [ [ -90.514037603288827, 14.644802919429781 ], [ -90.514008676890256, 14.644798017183531 ] ], [ [ -90.514045995107736, 14.644755980777257 ], [ -90.514017068714807, 14.644751078532977 ] ] ] } },
{ "type": "Feature", "properties": { "kind": "a2", "value": "10.225389232095932", "building_uid": "2880" }, "geometry": { "type": "MultiLineString", "coordinates": [ [ [ -90.513974666726654, 14.645282950971602 ], [ -90.513990072858036, 14.645191805996893 ] ], [ [ -90.514002751276493, 14.645287450857303 ], [ -90.513946582178519, 14.645278451082683 ] ], [ [ -90.514018157397174, 14.645196305878986 ], [ -90.513961988320588, 14.645187306111582 ] ] ] } },
{ "type": "Feature", "properties": { "kind": "a2", "value": "6.234324692605789", "building_uid": "2881" }, "geometry": { "type": "MultiLineString", "coordinates": [ [ [ -90.514076462561519, 14.645079765161084 ], [ -90.514065153467826, 14.645134996043604 ] ], [ [ -90.514059444256361, 14.64507646195317 ], [ -90.514093480867373, 14.645083068367832 ] ], [ [ -90.514048135158845, 14.645131692834228 ], [ -90.514082171777517, 14.645138299251807 ] ] ] } },
{ "type": "Feature", "properties": { "kind": "a2", "value": "11.966072403619961", "building_uid": "2882" }, "geometry": { "type": "MultiLineString", "coordinates": [ [ [ -90.513595898682553, 14.645128428601144 ], [ -90.513610095970677, 14.645021220648642 ] ], [ [ -90.513628932702829, 14.645132575405901 ], [ -90.513562864664294, 14.645124281791896 ] ], [ [ -90.513643129975804, 14.645025367448929 ], [ -90.513577061967567, 14.64501707384386 ] ] ] } },
{ "type": "Feature", "properties": { "kind": "a2", "value": "10.131231275935544", "building_uid": "2891" }, "geometry": { "type": "MultiLineString", "coordinates": [ [ [ -90.512205007955956, 14.645333065059411 ], [ -90.512298273299095, 14.645344489986329 ] ], [ [ -90.512201487580086, 14.645360306365671 ], [ -90.51220852833039, 14.645305823752903 ] ], [ [ -90.51229475293411, 14.645371731295764 ], [ -90.512301793662658, 14.645317248676648 ] ] ] } },
{ "type": "Feature", "properties": { "kind": "a2", "value": "0.4774483284558746", "building_uid": "2897" }, "geometry": { "type": "MultiLineString", "coordinates": [ [ [ -90.512496888796193, 14.64520249451226 ], [ -90.512496195097128, 14.645206754323222 ] ], [ [ -90.512495576218868, 14.645202291893789 ], [ -90.512498201373518, 14.645202697130721 ] ], [ [ -90.512494882519775, 14.645206551704746 ], [ -90.512497507674482, 14.645206956941697 ] ] ] } },
{ "type": "Feature", "properties": { "kind": "a2", "value": "6.234378244557052", "building_uid": "12745" }, "geometry": { "type": "MultiLineString", "coordinates": [ [ [ -90.514145814780207, 14.646246414992744 ], [ -90.514203103299977, 14.64625420658915 ] ], [ [ -90.514143413938413, 14.646263147977631 ], [ -90.514148215621432, 14.646229682007757 ] ], [ [ -90.514200702462247, 14.646270939575286 ], [ -90.514205504137138, 14.646237473602911 ] ] ] } },
{ "type": "Feature", "properties": { "kind": "a2", "value": "9.123407730617632", "building_uid": "12746" }, "geometry": { "type": "MultiLineString", "coordinates": [ [ [ -90.514311032025574, 14.64627722744491 ], [ -90.514394963322417, 14.646287946131784 ] ], [ [ -90.514307729250646, 14.646301742319691 ], [ -90.514314334799309, 14.646252712569929 ] ], [ [ -90.514391660556285, 14.646312461009174 ], [ -90.514398266087369, 14.646263431254178 ] ] ] } },
{ "type": "Feature", "properties": { "kind": "a2", "value": "10.658332170260074", "building_uid": "12782" }, "geometry": { "type": "MultiLineString", "coordinates": [ [ [ -90.513520869988284, 14.644457694560602 ], [ -90.513422937966112, 14.644444318770439 ] ], [ [ -90.513524991455014, 14.644429090071416 ], [ -90.513516748519891, 14.644486299049474 ] ], [ [ -90.513427059444723, 14.644415714284925 ], [ -90.513418816485824, 14.644472923255643 ] ] ] } },
{ "type": "Feature", "properties": { "kind": "a2", "value": "1.3544561298945215", "building_uid": "12783" }, "geometry": { "type": "MultiLineString", "coordinates": [ [ [ -90.513149290219715, 14.643629058069468 ], [ -90.513151101969143, 14.643616950427996 ] ], [ [ -90.51315302092523, 14.643629587256555 ], [ -90.513145559514228, 14.643628528882317 ] ], [ [ -90.513154832674459, 14.643617479615024 ], [ -90.513147371263841, 14.643616421240909 ] ] ] } },
{ "type": "Feature", "properties": { "kind": "a2", "value": "8.881184372985617", "building_uid": "12784" }, "geometry": { "type": "MultiLineString", "coordinates": [ [ [ -90.513584841199616, 14.643497694284898 ], [ -90.513573393716712, 14.643577144418662 ] ], [ [ -90.513560360389661, 14.643494350631327 ], [ -90.513609322010737, 14.643501037935996 ] ], [ [ -90.5135489128985, 14.643573800762551 ], [ -90.513597874536089, 14.643580488072319 ] ] ] } },
{ "type": "Feature", "properties": { "kind": "a2", "value": "2.0608908188318407", "building_uid": "12785" }, "geometry": { "type": "MultiLineString", "coordinates": [ [ [ -90.513222275356839, 14.643975068310107 ], [ -90.513224168897708, 14.643956542786576 ] ], [ [ -90.513227983601794, 14.643975621386463 ], [ -90.513216567111925, 14.643974515233612 ] ], [ [ -90.513229877142194, 14.643957095862806 ], [ -90.513218460653249, 14.643955989710202 ] ] ] } },
{ "type": "Feature", "properties": { "kind": "a2", "value": "17.36365292431197", "building_uid": "12786" }, "geometry": { "type": "MultiLineString", "coordinates": [ [ [ -90.513546188232723, 14.643637923204986 ], [ -90.513523807250635, 14.64379325660596 ] ], [ [ -90.513498325633662, 14.643631386030934 ], [ -90.513594050836232, 14.643644460369625 ] ], [ [ -90.513475944620012, 14.64378671942217 ], [ -90.513571669885692, 14.64379979378033 ] ] ] } },
{ "type": "Feature", "properties": { "kind": "a2", "value": "4.471830008472563", "building_uid": "12788" }, "geometry": { "type": "MultiLineString", "coordinates": [ [ [ -90.514388090771661, 14.644575787024364 ], [ -90.514429033293965, 14.644582333237127 ] ], [ [ -90.51438607368901, 14.64458774571877 ], [ -90.514390107853984, 14.644563828329893 ] ], [ [ -90.514427016213347, 14.644594291932217 ], [ -90.514431050374242, 14.644570374541971 ] ] ] } },
{ "type": "Feature", "properties": { "kind": "a2", "value": "11.481423553519555", "building_uid": "12846" }, "geometry": { "type": "MultiLineString", "coordinates": [ [ [ -90.512481332974616, 14.644076761170286 ], [ -90.51237570657284, 14.644063299019667 ] ], [ [ -90.512485481043129, 14.644045909212725 ], [ -90.512477184904242, 14.644107613127506 ] ], [ [ -90.512379854655265, 14.644032447066248 ], [ -90.512371558488553, 14.644094150972755 ] ] ] } },
{ "type": "Feature", "properties": { "kind": "a2", "value": "0.5730918680859368", "building_uid": "12847" }, "geometry": { "type": "MultiLineString", "coordinates": [ [ [ -90.512451663465612, 14.643939462342725 ], [ -90.512450941987936, 14.643944591480867 ] ], [ [ -90.512450083031354, 14.643939251609329 ], [ -90.512453243899884, 14.643939673076108 ] ], [ [ -90.512449361553649, 14.643944380747467 ], [ -90.512452522422237, 14.643944802214266 ] ] ] } },
{ "type": "Feature", "properties": { "kind": "a2", "value": "9.352646071310259", "building_uid": "12848" }, "geometry": { "type": "MultiLineString", "coordinates": [ [ [ -90.512393170549217, 14.643932818845096 ], [ -90.512307272875958, 14.643920827444184 ] ], [ [ -90.512396865437609, 14.643907729349968 ], [ -90.512389475659518, 14.643957908339992 ] ], [ [ -90.512310967773487, 14.643895737951896 ], [ -90.512303577977136, 14.643945916936225 ] ] ] } },
{ "type": "Feature", "properties": { "kind": "a2", "value": "3.5230264959587823", "building_uid": "12856" }, "geometry": { "type": "MultiLineString", "coordinates": [ [ [ -90.511757781477726, 14.647583828529722 ], [ -90.511725426929914, 14.64757929410451 ] ], [ [ -90.511759178686674, 14.647574378383913 ], [ -90.511756384268594, 14.647593278675501 ] ], [ [ -90.511726824140169, 14.647569843959104 ], [ -90.511724029719488, 14.647588744249882 ] ] ] } },
{ "type": "Feature", "properties": { "kind": "a2", "value": "6.819026903480908", "building_uid": "12915" }, "geometry": { "type": "MultiLineString", "coordinates": [ [ [ -90.514991829103039, 14.645448338133303 ], [ -90.514929064112067, 14.645440577051394 ] ], [ [ -90.514994220528337, 14.645430005496234 ], [ -90.514989437677102, 14.645466670770258 ] ], [ [ -90.514931455542296, 14.645422244415766 ], [ -90.514926672681199, 14.645458909686903 ] ] ] } },
{ "type": "Feature", "properties": { "kind": "a2", "value": "8.55638032763629", "building_uid": "12919" }, "geometry": { "type": "MultiLineString", "coordinates": [ [ [ -90.513979019569902, 14.644324491126811 ], [ -90.513900385230201, 14.644313862845744 ] ], [ [ -90.513982294448851, 14.644301523190411 ], [ -90.513975744689887, 14.644347459063022 ] ], [ [ -90.513903660116824, 14.644290894911688 ], [ -90.513897110342512, 14.644336830779597 ] ] ] } },
{ "type": "Feature", "properties": { "kind": "a2", "value": "7.574004590846643", "building_uid": "12951" }, "geometry": { "type": "MultiLineString", "coordinates": [ [ [ -90.51452143887613, 14.645981853472493 ], [ -90.514532955722132, 14.645914358810275 ] ], [ [ -90.514542236109591, 14.645985217348784 ], [ -90.514500641643608, 14.645978489594446 ] ], [ [ -90.514553752949737, 14.645917722684574 ], [ -90.514512158495464, 14.645910994934214 ] ] ] } },
{ "type": "Feature", "properties": { "kind": "a2", "value": "0.5888960880359831", "building_uid": "12956" }, "geometry": { "type": "MultiLineString", "coordinates": [ [ [ -90.514434249268646, 14.64729494358448 ], [ -90.514435043764735, 14.647289680333662 ] ], [ [ -90.514435871051987, 14.647295175641924 ], [ -90.514432627485292, 14.647294711527023 ] ], [ [ -90.514436665548047, 14.647289912391095 ], [ -90.514433421981437, 14.647289448276217 ] ] ] } },
{ "type": "Feature", "properties": { "kind": "a2", "value": "12.000167018537612", "building_uid": "12987" }, "geometry": { "type": "MultiLineString", "coordinates": [ [ [ -90.515110431198053, 14.644194929558658 ], [ -90.515221041741555, 14.644207325444237 ] ], [ [ -90.515106611657657, 14.644227237288341 ], [ -90.515114250736531, 14.644162621828658 ] ], [ [ -90.515217222216577, 14.644239633178218 ], [ -90.515224861264628, 14.644175017709927 ] ] ] } },
{ "type": "Feature", "properties": { "kind": "a2", "value": "7.175428273091186", "building_uid": "12997" }, "geometry": { "type": "MultiLineString", "coordinates": [ [ [ -90.512905553818513, 14.645574259577794 ], [ -90.512839593651535, 14.645565464188874 ] ], [ [ -90.512908263946898, 14.645554993692659 ], [ -90.512902843689389, 14.645593525462793 ] ], [ [ -90.51284230378532, 14.645546198305384 ], [ -90.512836883516997, 14.645584730072224 ] ] ] } },
{ "type": "Feature", "properties": { "kind": "a2", "value": "4.317619112610945", "building_uid": "1000003" }, "geometry": { "type": "MultiLineString", "coordinates": [ [ [ -90.514361195210739, 14.642959618761354 ], [ -90.514367665723299, 14.642921127711382 ] ], [ [ -90.514373055351257, 14.642961508715056 ], [ -90.51434933507052, 14.642957728807076 ] ], [ [ -90.514379525861898, 14.642923017664449 ], [ -90.514355805584984, 14.642919237757752 ] ] ] } },
{ "type": "Feature", "properties": { "kind": "a2", "value": "7.186658281581241", "building_uid": "1000002" }, "geometry": { "type": "MultiLineString", "coordinates": [ [ [ -90.51436488441415, 14.642993471655657 ], [ -90.514356417948648, 14.643057866844851 ] ], [ [ -90.514345042500167, 14.642990998710715 ], [ -90.514384726328856, 14.642995944598969 ] ], [ [ -90.514336576029208, 14.643055393898306 ], [ -90.51437625986884, 14.643060339789775 ] ] ] } },
{ "type": "Feature", "properties": { "kind": "a2", "value": "3.175216072467956", "building_uid": "1000004" }, "geometry": { "type": "MultiLineString", "coordinates": [ [ [ -90.515073477932177, 14.643151795983362 ], [ -90.515069603911769, 14.64318023021854 ] ], [ [ -90.515064716562406, 14.6431506644329 ], [ -90.515082239302089, 14.643152927533503 ] ], [ [ -90.515060842540947, 14.643179098667767 ], [ -90.515078365282747, 14.643181361769003 ] ] ] } },
{ "type": "Feature", "properties": { "kind": "a2", "value": "6.355059461516857", "building_uid": "1000005" }, "geometry": { "type": "MultiLineString", "coordinates": [ [ [ -90.512483424262811, 14.643449442893809 ], [ -90.512541930763518, 14.643456578031349 ] ], [ [ -90.512481225725239, 14.643466531850622 ], [ -90.512485622799815, 14.643432353936905 ] ], [ [ -90.512539732230238, 14.64347366698941 ], [ -90.512544129296245, 14.643439489073197 ] ] ] } },
{ "type": "Feature", "properties": { "kind": "a2", "value": "3.2312477720348642", "building_uid": "1000012" }, "geometry": { "type": "MultiLineString", "coordinates": [ [ [ -90.513123906156721, 14.644341147170437 ], [ -90.513153545056483, 14.644345540257028 ] ], [ [ -90.513122552517871, 14.644349804256365 ], [ -90.51312525979543, 14.644332490084468 ] ], [ [ -90.513152191418712, 14.644354197343306 ], [ -90.513154898694097, 14.644336883170718 ] ] ] } },
{ "type": "Feature", "properties": { "kind": "a2", "value": "6.292913762225923", "building_uid": "1000007" }, "geometry": { "type": "MultiLineString", "coordinates": [ [ [ -90.514008740107343, 14.643666482640011 ], [ -90.513998450568778, 14.643722439924673 ] ], [ [ -90.513991498088259, 14.643663477208429 ], [ -90.514025982127109, 14.643669488070383 ] ], [ [ -90.513981208545715, 14.643719434491672 ], [ -90.514015692592523, 14.643725445356464 ] ] ] } },
{ "type": "Feature", "properties": { "kind": "a2", "value": "2.4615369136971332", "building_uid": "1000008" }, "geometry": { "type": "MultiLineString", "coordinates": [ [ [ -90.514417280606651, 14.644515070820631 ], [ -90.514420549331845, 14.644493063459487 ] ], [ [ -90.514424061722522, 14.644516025566418 ], [ -90.514410499490879, 14.644514116074653 ] ], [ [ -90.514427330447091, 14.644494018205071 ], [ -90.514413768216698, 14.644492108713706 ] ] ] } },
{ "type": "Feature", "properties": { "kind": "a2", "value": "0.442703905931829", "building_uid": "1000009" }, "geometry": { "type": "MultiLineString", "coordinates": [ [ [ -90.514669901418671, 14.643870265401913 ], [ -90.514669442393924, 14.643874239515789 ] ], [ [ -90.514668676880845, 14.643870131327255 ], [ -90.514671125956511, 14.643870399476567 ] ], [ [ -90.514668217856084, 14.643874105441117 ], [ -90.514670666931778, 14.643874373590446 ] ] ] } },
{ "type": "Feature", "properties": { "kind": "a2", "value": "5.2831065500139935", "building_uid": "1000011" }, "geometry": { "type": "MultiLineString", "coordinates": [ [ [ -90.514867553739705, 14.643989019778221 ], [ -90.5148188822577, 14.643983354539081 ] ], [ [ -90.51486929936074, 14.643974803531218 ], [ -90.514865808118316, 14.64400323602516 ] ], [ [ -90.51482062788169, 14.643969138292922 ], [ -90.514817136633326, 14.643997570785173 ] ] ] } },
{ "type": "Feature", "properties": { "kind": "a2", "value": "9.177909104934173", "building_uid": "182" }, "geometry": { "type": "MultiLineString", "coordinates": [ [ [ -90.514606761917136, 14.644130352081325 ], [ -90.514691267211134, 14.644140575118815 ] ], [ [ -90.514603611898792, 14.64415503485548 ], [ -90.514609911934329, 14.644105669306974 ] ], [ [ -90.514688117201743, 14.644165257895551 ], [ -90.51469441721936, 14.644115892341867 ] ] ] } },
{ "type": "Feature", "properties": { "kind": "a2", "value": "8.677588753394243", "building_uid": "1000013" }, "geometry": { "type": "MultiLineString", "coordinates": [ [ [ -90.514771626594879, 14.644146498621152 ], [ -90.514851707630925, 14.644154608127442 ] ], [ [ -90.514769127816933, 14.644169889132066 ], [ -90.514774125371915, 14.644123108110072 ] ], [ [ -90.514849208861094, 14.644177998640531 ], [ -90.514854206399804, 14.644131217614191 ] ] ] } },
{ "type": "Feature", "properties": { "kind": "a2", "value": "9.587774612384061", "building_uid": "1000016" }, "geometry": { "type": "MultiLineString", "coordinates": [ [ [ -90.514651974659216, 14.645279361361968 ], [ -90.514740229249199, 14.645290234967767 ] ], [ [ -90.51464862416374, 14.645305139114351 ], [ -90.514655325153413, 14.645253583609358 ] ], [ [ -90.514736878763458, 14.645316012723006 ], [ -90.514743579733647, 14.645264457212312 ] ] ] } },
{ "type": "Feature", "properties": { "kind": "a2", "value": "3.2317710007263636", "building_uid": "1000019" }, "geometry": { "type": "MultiLineString", "coordinates": [ [ [ -90.514869656663052, 14.645429883053142 ], [ -90.514839850249714, 14.645426697751606 ] ], [ [ -90.514870638151748, 14.645421177082225 ], [ -90.514868675174228, 14.645438589024042 ] ], [ [ -90.514840831739519, 14.645417991780993 ], [ -90.514838868759767, 14.645435403722193 ] ] ] } },
{ "type": "Feature", "properties": { "kind": "a2", "value": "4.964167710859177", "building_uid": "1000015" }, "geometry": { "type": "MultiLineString", "coordinates": [ [ [ -90.51461054591671, 14.645167868290885 ], [ -90.514564974146325, 14.645161362175566 ] ], [ [ -90.51461255064693, 14.645154557497943 ], [ -90.514608541186135, 14.645181179083757 ] ], [ [ -90.514566978879103, 14.64514805138344 ], [ -90.514562969413191, 14.645174672967629 ] ] ] } },
{ "type": "Feature", "properties": { "kind": "a2", "value": "1.0449443814620158", "building_uid": "2861" }, "geometry": { "type": "MultiLineString", "coordinates": [ [ [ -90.512286560358717, 14.646369341829139 ], [ -90.512287937069203, 14.646359997994763 ] ], [ [ -90.512289439493813, 14.646369743942246 ], [ -90.512283681223622, 14.646368939716004 ] ], [ [ -90.512290816204199, 14.646360400107833 ], [ -90.512285057934221, 14.646359595881655 ] ] ] } },
{ "type": "Feature", "properties": { "kind": "a2", "value": "9.782325847924197", "building_uid": "1000023" }, "geometry": { "type": "MultiLineString", "coordinates": [ [ [ -90.5120820102034, 14.647458147994692 ], [ -90.512172427551718, 14.647465866961944 ] ], [ [ -90.512079631724205, 14.647484557188779 ], [ -90.512084388681501, 14.647431738800433 ] ], [ [ -90.512170049082968, 14.647492276158637 ], [ -90.51217480601936, 14.647439457765088 ] ] ] } },
{ "type": "Feature", "properties": { "kind": "a2", "value": "5.035404408008186", "building_uid": "1000020" }, "geometry": { "type": "MultiLineString", "coordinates": [ [ [ -90.512153025658307, 14.647116316288923 ], [ -90.512151706881795, 14.647161785379408 ] ], [ [ -90.512139015124689, 14.647115931098556 ], [ -90.51216703619211, 14.647116701478456 ] ], [ [ -90.51213769634532, 14.647161400188507 ], [ -90.512165717418469, 14.647162170569482 ] ] ] } },
{ "type": "Feature", "properties": { "kind": "a2", "value": "10.976641310517083", "building_uid": "1000021" }, "geometry": { "type": "MultiLineString", "coordinates": [ [ [ -90.512139465327365, 14.647211317799087 ], [ -90.512241271528694, 14.647214071983001 ] ], [ [ -90.512138616664387, 14.647241053495815 ], [ -90.512140313989448, 14.647181582102258 ] ], [ [ -90.51224042287933, 14.647243807682253 ], [ -90.512242120177163, 14.647184336283649 ] ] ] } },
{ "type": "Feature", "properties": { "kind": "a2", "value": "0.6687270127175491", "building_uid": "1000024" }, "geometry": { "type": "MultiLineString", "coordinates": [ [ [ -90.514213737768912, 14.647297619682119 ], [ -90.514214172032496, 14.647291593556412 ] ], [ [ -90.514215594619515, 14.647297746522385 ], [ -90.514211880918324, 14.647297492841846 ] ], [ [ -90.514216028883041, 14.647291720396664 ], [ -90.51421231518195, 14.647291466716142 ] ] ] } },
{ "type": "Feature", "properties": { "kind": "a2", "value": "7.039967752253126", "building_uid": "1000001" }, "geometry": { "type": "MultiLineString", "coordinates": [ [ [ -90.514240497793892, 14.643186152989554 ], [ -90.514230972816634, 14.64324906869944 ] ], [ [ -90.514221111730578, 14.643183370869561 ], [ -90.514259883857974, 14.643188935108011 ] ], [ [ -90.514211586748161, 14.643246286577815 ], [ -90.51425035888586, 14.643251850819535 ] ] ] } },
{ "type": "Feature", "properties": { "kind": "a2", "value": "9.063399336402302", "building_uid": "1000017" }, "geometry": { "type": "MultiLineString", "coordinates": [ [ [ -90.51463790455837, 14.645750614758585 ], [ -90.514625834580897, 14.645831641194206 ] ], [ [ -90.514612937785955, 14.645747089319553 ], [ -90.514662871332021, 14.645754140195052 ] ], [ [ -90.514600867799913, 14.645828115752487 ], [ -90.514650801363103, 14.645835166633368 ] ] ] } },
{ "type": "Feature", "properties": { "kind": "b", "value": "7.896286997069604", "building_uid": "7" }, "geometry": { "type": "MultiLineString", "coordinates": [ [ [ -90.514046108431046, 14.642845716086093 ], [ -90.514118713297592, 14.642855258793286 ] ], [ [ -90.514045128307771, 14.6428527850719 ], [ -90.514047088554221, 14.642838647100271 ] ], [ [ -90.514117733176505, 14.642862327779756 ], [ -90.514119693418593, 14.642848189806806 ] ] ] } },
{ "type": "Feature", "properties": { "kind": "b", "value": "8.124417662980436", "building_uid": "8" }, "geometry": { "type": "MultiLineString", "coordinates": [ [ [ -90.51506549389444, 14.643104891196277 ], [ -90.51505507687267, 14.643177578947942 ] ], [ [ -90.515058028197615, 14.643103876971335 ], [ -90.515072959591379, 14.643105905420986 ] ], [ [ -90.515047611173543, 14.643176564722296 ], [ -90.515062542571897, 14.643178593173358 ] ] ] } },
{ "type": "Feature", "properties": { "kind": "b", "value": "0.04132642523503112", "building_uid": "10" }, "geometry": { "type": "MultiLineString", "coordinates": [ [ [ -90.515346588443606, 14.643021196323151 ], [ -90.515346967868837, 14.643021250178574 ] ], [ [ -90.515346582912159, 14.64302123326488 ], [ -90.515346593975053, 14.643021159381426 ] ], [ [ -90.515346962337389, 14.643021287120307 ], [ -90.51534697340027, 14.643021213236842 ] ] ] } },
{ "type": "Feature", "properties": { "kind": "b", "value": "7.908042687975626", "building_uid": "54" }, "geometry": { "type": "MultiLineString", "coordinates": [ [ [ -90.514341350830804, 14.642854224506022 ], [ -90.51441409921992, 14.642863522438761 ] ], [ [ -90.514340395848023, 14.642861307465269 ], [ -90.514342305813472, 14.64284714154676 ] ], [ [ -90.514413144239356, 14.642870605398659 ], [ -90.514415054200413, 14.642856439478841 ] ] ] } },
{ "type": "Feature", "properties": { "kind": "b", "value": "5.6055831428145515", "building_uid": "55" }, "geometry": { "type": "MultiLineString", "coordinates": [ [ [ -90.514600404895944, 14.642853581863401 ], [ -90.514593327207393, 14.642903748812936 ] ], [ [ -90.51459525229744, 14.642852892762651 ], [ -90.514605557494505, 14.642854270964031 ] ], [ [ -90.514588174607781, 14.642903059711857 ], [ -90.514598479807034, 14.642904437913911 ] ] ] } },
{ "type": "Feature", "properties": { "kind": "b", "value": "11.176720232054556", "building_uid": "108" }, "geometry": { "type": "MultiLineString", "coordinates": [ [ [ -90.514063890706041, 14.643656525521774 ], [ -90.513961256803228, 14.643642082847938 ] ], [ [ -90.514065374102159, 14.643646532871886 ], [ -90.514062407309709, 14.643666518171637 ] ], [ [ -90.513962740203681, 14.643632090199404 ], [ -90.513959773402547, 14.643652075496435 ] ] ] } },
{ "type": "Feature", "properties": { "kind": "b", "value": "0.04263292470168412", "building_uid": "109" }, "geometry": { "type": "MultiLineString", "coordinates": [ [ [ -90.514301924146807, 14.643764043129307 ], [ -90.514301532351112, 14.643763990130905 ] ], [ [ -90.514301929590246, 14.643764004983284 ], [ -90.514301918703381, 14.643764081275325 ] ], [ [ -90.514301537794552, 14.64376395198488 ], [ -90.514301526907673, 14.643764028276921 ] ] ] } },
{ "type": "Feature", "properties": { "kind": "b", "value": "0.11888990583620553", "building_uid": "110" }, "geometry": { "type": "MultiLineString", "coordinates": [ [ [ -90.514419660154033, 14.643739127073204 ], [ -90.514420752550222, 14.643739276261019 ] ], [ [ -90.514419644831037, 14.643739233431111 ], [ -90.514419675477043, 14.643739020715293 ] ], [ [ -90.514420737227226, 14.643739382618929 ], [ -90.514420767873219, 14.643739169903107 ] ] ] } },
{ "type": "Feature", "properties": { "kind": "b", "value": "8.956989532081975", "building_uid": "176" }, "geometry": { "type": "MultiLineString", "coordinates": [ [ [ -90.51516907938705, 14.644729779265736 ], [ -90.515251487634757, 14.644740239508883 ] ], [ [ -90.515168005014871, 14.644737802662634 ], [ -90.515170153759115, 14.644721755868815 ] ], [ [ -90.515250413265406, 14.644748262906617 ], [ -90.515252562003994, 14.644732216111128 ] ] ] } },
{ "type": "Feature", "properties": { "kind": "b", "value": "0.043311520879812763", "building_uid": "178" }, "geometry": { "type": "MultiLineString", "coordinates": [ [ [ -90.515008811568165, 14.644687928963389 ], [ -90.515008414007994, 14.644687871900357 ] ], [ [ -90.515008817429106, 14.644687890256286 ], [ -90.51500880570724, 14.644687967670487 ] ], [ [ -90.515008419868934, 14.644687833193258 ], [ -90.51500840814704, 14.644687910607454 ] ] ] } },
{ "type": "Feature", "properties": { "kind": "b", "value": "14.609521279423472", "building_uid": "185" }, "geometry": { "type": "MultiLineString", "coordinates": [ [ [ -90.513954648469579, 14.643840774357344 ], [ -90.513820393485759, 14.643822569271675 ] ], [ [ -90.513956518300731, 14.643827703024083 ], [ -90.5139527786381, 14.643853845690536 ] ], [ [ -90.513822263324343, 14.64380949794071 ], [ -90.513818523646805, 14.643835640602573 ] ] ] } },
{ "type": "Feature", "properties": { "kind": "b", "value": "16.991904786230883", "building_uid": "187" }, "geometry": { "type": "MultiLineString", "coordinates": [ [ [ -90.513950802054808, 14.644242704275911 ], [ -90.513929353940227, 14.644394773416078 ] ], [ [ -90.513935183081301, 14.644240616050576 ], [ -90.513966421028812, 14.644244792500244 ] ], [ [ -90.513913734956603, 14.644392685187665 ], [ -90.513944972924321, 14.644396861643489 ] ] ] } },
{ "type": "Feature", "properties": { "kind": "b", "value": "6.975328088950316", "building_uid": "192" }, "geometry": { "type": "MultiLineString", "coordinates": [ [ [ -90.512742785779992, 14.644306175274474 ], [ -90.512733877912751, 14.644368587071405 ] ], [ [ -90.512736375482149, 14.644305307989015 ], [ -90.512749196077934, 14.644307042559763 ] ], [ [ -90.512727467613217, 14.64436771978542 ], [ -90.512740288212385, 14.644369454357218 ] ] ] } },
{ "type": "Feature", "properties": { "kind": "b", "value": "6.564564122656644", "building_uid": "302" }, "geometry": { "type": "MultiLineString", "coordinates": [ [ [ -90.51280628580669, 14.642551970729508 ], [ -90.512815781641393, 14.642493394975507 ] ], [ [ -90.512812302056858, 14.642552895268613 ], [ -90.512800269556593, 14.642551046190261 ] ], [ [ -90.512821797890098, 14.642494319514109 ], [ -90.512809765392774, 14.642492470436739 ] ] ] } },
{ "type": "Feature", "properties": { "kind": "b", "value": "3.6316705513957563", "building_uid": "303" }, "geometry": { "type": "MultiLineString", "coordinates": [ [ [ -90.513944031177076, 14.643284488437834 ], [ -90.513949322065614, 14.643252088726358 ] ], [ [ -90.513947358926458, 14.643285003570648 ], [ -90.513940703427707, 14.643283973304969 ] ], [ [ -90.513952649814541, 14.643252603859025 ], [ -90.513945994316686, 14.643251573593648 ] ] ] } },
{ "type": "Feature", "properties": { "kind": "b", "value": "3.918521191626708", "building_uid": "304" }, "geometry": { "type": "MultiLineString", "coordinates": [ [ [ -90.512588518956605, 14.643381223937926 ], [ -90.51255260521522, 14.643375713807776 ] ], [ [ -90.512589084897783, 14.643377727297276 ], [ -90.512587953015384, 14.643384720578576 ] ], [ [ -90.512553171156938, 14.643372217167297 ], [ -90.512552039273473, 14.643379210448247 ] ] ] } },
{ "type": "Feature", "properties": { "kind": "b", "value": "10.904474874670015", "building_uid": "305" }, "geometry": { "type": "MultiLineString", "coordinates": [ [ [ -90.512428892001452, 14.643424665044879 ], [ -90.512442611558271, 14.643327069535426 ] ], [ [ -90.512438915967437, 14.64342600081145 ], [ -90.512418868035667, 14.64342332927791 ] ], [ [ -90.512452635520091, 14.64332840530072 ], [ -90.512432587596635, 14.643325733769723 ] ] ] } },
{ "type": "Feature", "properties": { "kind": "b", "value": "2.7434751014147727", "building_uid": "306" }, "geometry": { "type": "MultiLineString", "coordinates": [ [ [ -90.512358232693188, 14.643513082493707 ], [ -90.512361684431994, 14.643488528278988 ] ], [ [ -90.512360754640326, 14.643513418562399 ], [ -90.512355710746064, 14.643512746424989 ] ], [ [ -90.512364206378862, 14.643488864347598 ], [ -90.51235916248514, 14.643488192210352 ] ] ] } },
{ "type": "Feature", "properties": { "kind": "b", "value": "5.240707448693228", "building_uid": "500" }, "geometry": { "type": "MultiLineString", "coordinates": [ [ [ -90.514849537053948, 14.645920594107263 ], [ -90.514897662500857, 14.645927363487116 ] ], [ [ -90.514848841767176, 14.645925279651003 ], [ -90.514850232340663, 14.645915908563516 ] ], [ [ -90.514896967215037, 14.645932049031158 ], [ -90.514898357786606, 14.645922677943073 ] ] ] } },
{ "type": "Feature", "properties": { "kind": "b", "value": "5.895580328108604", "building_uid": "501" }, "geometry": { "type": "MultiLineString", "coordinates": [ [ [ -90.514842046163182, 14.645932948180869 ], [ -90.514896122131788, 14.645940977727538 ] ], [ [ -90.514841221443888, 14.64593821307327 ], [ -90.514842870882404, 14.645927683288454 ] ], [ [ -90.514895297413702, 14.645946242620333 ], [ -90.514896946849802, 14.64593571283474 ] ] ] } },
{ "type": "Feature", "properties": { "kind": "b", "value": "11.344842444155923", "building_uid": "502" }, "geometry": { "type": "MultiLineString", "coordinates": [ [ [ -90.513587035870714, 14.645750445110819 ], [ -90.513603207149529, 14.645649178247096 ] ], [ [ -90.513597437030597, 14.645752019565585 ], [ -90.513576634711058, 14.645748870655606 ] ], [ [ -90.513613608304993, 14.645650752700417 ], [ -90.513592805994307, 14.645647603793336 ] ] ] } },
{ "type": "Feature", "properties": { "kind": "b", "value": "6.094357105964712", "building_uid": "503" }, "geometry": { "type": "MultiLineString", "coordinates": [ [ [ -90.513722040497768, 14.645636648702135 ], [ -90.513777843742787, 14.645645539294501 ] ], [ [ -90.51372112734127, 14.645642081771379 ], [ -90.513722953654195, 14.645631215632893 ] ], [ [ -90.513776930587568, 14.645650972364162 ], [ -90.513778756897949, 14.645640106224821 ] ] ] } },
{ "type": "Feature", "properties": { "kind": "b", "value": "17.653280402195804", "building_uid": "504" }, "geometry": { "type": "MultiLineString", "coordinates": [ [ [ -90.513760859640897, 14.64548946856681 ], [ -90.513923054914017, 14.645511687147099 ] ], [ [ -90.51375857755859, 14.645505260097563 ], [ -90.513763141722691, 14.645473677035969 ] ], [ [ -90.513920772842582, 14.645527478681197 ], [ -90.51392533698494, 14.645495895612898 ] ] ] } },
{ "type": "Feature", "properties": { "kind": "b", "value": "9.074662779964898", "building_uid": "505" }, "geometry": { "type": "MultiLineString", "coordinates": [ [ [ -90.513652660911717, 14.645368878796415 ], [ -90.513641878702444, 14.645450179724735 ] ], [ [ -90.513644310475584, 14.645367829027025 ], [ -90.513661011347963, 14.645369928565517 ] ], [ [ -90.513633528263398, 14.645449129954489 ], [ -90.513650229141604, 14.645451229494693 ] ] ] } },
{ "type": "Feature", "properties": { "kind": "b", "value": "15.095122067178648", "building_uid": "506" }, "geometry": { "type": "MultiLineString", "coordinates": [ [ [ -90.513788340681558, 14.645265310820145 ], [ -90.513926954819624, 14.645284835632603 ] ], [ [ -90.513786335280543, 14.645278806476909 ], [ -90.513790346082217, 14.645251815163308 ] ], [ [ -90.513924949426524, 14.645298331291858 ], [ -90.513928960212368, 14.645271339973291 ] ] ] } },
{ "type": "Feature", "properties": { "kind": "b", "value": "0.09710690625915251", "building_uid": "515" }, "geometry": { "type": "MultiLineString", "coordinates": [ [ [ -90.512697011955353, 14.644836224532888 ], [ -90.512696881828376, 14.644837092549272 ] ], [ [ -90.512696922801425, 14.644836211863527 ], [ -90.512697101109282, 14.644836237202252 ] ], [ [ -90.512696792674447, 14.64483707987991 ], [ -90.512696970982319, 14.644837105218636 ] ] ] } },
{ "type": "Feature", "properties": { "kind": "b", "value": "18.058409511956896", "building_uid": "516" }, "geometry": { "type": "MultiLineString", "coordinates": [ [ [ -90.512518706203963, 14.644757815077993 ], [ -90.512352679141287, 14.644735863176388 ] ], [ [ -90.512520960876117, 14.644741650419704 ], [ -90.512516451531283, 14.644773979736195 ] ], [ [ -90.512354933824867, 14.644719698521556 ], [ -90.512350424457196, 14.644752027831123 ] ] ] } },
{ "type": "Feature", "properties": { "kind": "b", "value": "2.3846201838314354", "building_uid": "517" }, "geometry": { "type": "MultiLineString", "coordinates": [ [ [ -90.51240313247402, 14.644945960642106 ], [ -90.512406253542565, 14.644924634624241 ] ], [ [ -90.512405322869682, 14.644946264514015 ], [ -90.512400942078372, 14.644945656770179 ] ], [ [ -90.512408443938028, 14.644924938496086 ], [ -90.512404063147102, 14.644924330752371 ] ] ] } },
{ "type": "Feature", "properties": { "kind": "b", "value": "2.982587291704191", "building_uid": "522" }, "geometry": { "type": "MultiLineString", "coordinates": [ [ [ -90.51210543768704, 14.645550879219316 ], [ -90.512132824961085, 14.645554743519401 ] ], [ [ -90.512105040783439, 14.645553545677513 ], [ -90.512105834590642, 14.645548212761119 ] ], [ [ -90.512132428057797, 14.645557409977691 ], [ -90.512133221864374, 14.645552077061103 ] ] ] } },
{ "type": "Feature", "properties": { "kind": "b", "value": "5.585258815139627", "building_uid": "523" }, "geometry": { "type": "MultiLineString", "coordinates": [ [ [ -90.512525151159238, 14.645562933734443 ], [ -90.512576291904267, 14.645571086741217 ] ], [ [ -90.512524313760821, 14.645567912858938 ], [ -90.512525988557613, 14.645557954609936 ] ], [ [ -90.512575454506887, 14.645576065866077 ], [ -90.512577129301562, 14.645566107616352 ] ] ] } },
{ "type": "Feature", "properties": { "kind": "b", "value": "5.025802964332669", "building_uid": "524" }, "geometry": { "type": "MultiLineString", "coordinates": [ [ [ -90.512465015848278, 14.645423253174268 ], [ -90.51245748073174, 14.645468057013947 ] ], [ [ -90.512460414034962, 14.645422519545914 ], [ -90.512469617661651, 14.645423986802539 ] ], [ [ -90.512452878917557, 14.645467323385299 ], [ -90.51246208254598, 14.645468790642504 ] ] ] } },
{ "type": "Feature", "properties": { "kind": "b", "value": "5.731121159969343", "building_uid": "525" }, "geometry": { "type": "MultiLineString", "coordinates": [ [ [ -90.51227861840276, 14.64554131264428 ], [ -90.512225978428191, 14.64553398600523 ] ], [ [ -90.512279370923437, 14.645536187551919 ], [ -90.512277865882027, 14.645546437736629 ] ], [ [ -90.512226730950019, 14.645528860913226 ], [ -90.51222522590632, 14.645539111097223 ] ] ] } },
{ "type": "Feature", "properties": { "kind": "b", "value": "7.533276537113652", "building_uid": "310" }, "geometry": { "type": "MultiLineString", "coordinates": [ [ [ -90.512965020365954, 14.644073006564046 ], [ -90.513034248721766, 14.644082387764158 ] ], [ [ -90.512964056825552, 14.644079746766399 ], [ -90.51296598390627, 14.644066266361676 ] ], [ [ -90.51303328518334, 14.644089127967124 ], [ -90.513035212260093, 14.644075647561177 ] ] ] } },
{ "type": "Feature", "properties": { "kind": "b", "value": "8.927043371873053", "building_uid": "702" }, "geometry": { "type": "MultiLineString", "coordinates": [ [ [ -90.512041636737919, 14.645972305628646 ], [ -90.512052339562402, 14.645892339457797 ] ], [ [ -90.512049850103608, 14.645973347667082 ], [ -90.512033423372358, 14.645971263589935 ] ], [ [ -90.512060552925277, 14.6458933814954 ], [ -90.512044126199655, 14.645891297419922 ] ] ] } },
{ "type": "Feature", "properties": { "kind": "b", "value": "4.826968559417464", "building_uid": "704" }, "geometry": { "type": "MultiLineString", "coordinates": [ [ [ -90.513971215632395, 14.646132846899929 ], [ -90.514015519669186, 14.646139228736617 ] ], [ [ -90.513970560149801, 14.646137160382978 ], [ -90.513971871114947, 14.646128533416871 ] ], [ [ -90.514014864187416, 14.646143542219924 ], [ -90.514016175150928, 14.646134915253308 ] ] ] } },
{ "type": "Feature", "properties": { "kind": "b", "value": "8.069541694971509", "building_uid": "706" }, "geometry": { "type": "MultiLineString", "coordinates": [ [ [ -90.513594696107617, 14.646145846368961 ], [ -90.513668776122813, 14.646156421194513 ] ], [ [ -90.513593609959869, 14.646153058868858 ], [ -90.513595782255265, 14.646138633869038 ] ], [ [ -90.513667689977325, 14.646163633695124 ], [ -90.513669862268188, 14.646149208693876 ] ] ] } },
{ "type": "Feature", "properties": { "kind": "b", "value": "8.265569673887768", "building_uid": "747" }, "geometry": { "type": "MultiLineString", "coordinates": [ [ [ -90.514388145851996, 14.643150795550158 ], [ -90.514464090832178, 14.643161176934143 ] ], [ [ -90.514387079587422, 14.643158189727069 ], [ -90.514389212116441, 14.643143401373221 ] ], [ [ -90.514463024569991, 14.643168571111795 ], [ -90.51446515709425, 14.643153782756471 ] ] ] } },
{ "type": "Feature", "properties": { "kind": "b", "value": "6.6977057195156755", "building_uid": "748" }, "geometry": { "type": "MultiLineString", "coordinates": [ [ [ -90.514157989282012, 14.643289952418352 ], [ -90.514219505639673, 14.643298522178991 ] ], [ [ -90.514157109087634, 14.643295941787823 ], [ -90.51415886947629, 14.643283963048869 ] ], [ [ -90.514218625446858, 14.643304511548946 ], [ -90.514220385832402, 14.643292532809015 ] ] ] } },
{ "type": "Feature", "properties": { "kind": "b", "value": "6.16778004571865", "building_uid": "752" }, "geometry": { "type": "MultiLineString", "coordinates": [ [ [ -90.515273679189562, 14.643497211996447 ], [ -90.515330242452279, 14.643505668211747 ] ], [ [ -90.515272810656654, 14.643502719116313 ], [ -90.515274547722427, 14.643491704876569 ] ], [ [ -90.515329373920679, 14.643511175332028 ], [ -90.515331110983823, 14.643500161091442 ] ] ] } },
{ "type": "Feature", "properties": { "kind": "b", "value": "5.351921896381058", "building_uid": "1305" }, "geometry": { "type": "MultiLineString", "coordinates": [ [ [ -90.515276981516564, 14.644157846546193 ], [ -90.515271093111011, 14.644205852010465 ] ], [ [ -90.51527205089242, 14.644157273240342 ], [ -90.515281912140765, 14.644158419851941 ] ], [ [ -90.515266162485844, 14.64420527870433 ], [ -90.515276023736234, 14.644206425316503 ] ] ] } },
{ "type": "Feature", "properties": { "kind": "b", "value": "4.057160814997132", "building_uid": "758" }, "geometry": { "type": "MultiLineString", "coordinates": [ [ [ -90.515339268693452, 14.643805640981824 ], [ -90.515376534327345, 14.643810820247579 ] ], [ [ -90.515338736733469, 14.643809269238314 ], [ -90.515339800653393, 14.643802012725333 ] ], [ [ -90.515376002367944, 14.64381444850425 ], [ -90.515377066286717, 14.643807191990909 ] ] ] } },
{ "type": "Feature", "properties": { "kind": "b", "value": "8.606183973899494", "building_uid": "759" }, "geometry": { "type": "MultiLineString", "coordinates": [ [ [ -90.514711482373798, 14.645008267486867 ], [ -90.514721270413816, 14.644931109843709 ] ], [ [ -90.514719407238914, 14.645009220465131 ], [ -90.514703557508795, 14.645007314508334 ] ], [ [ -90.514729195276303, 14.644932062821225 ], [ -90.514713345551428, 14.644930156865938 ] ] ] } },
{ "type": "Feature", "properties": { "kind": "b", "value": "2.050107281140125", "building_uid": "766" }, "geometry": { "type": "MultiLineString", "coordinates": [ [ [ -90.514136580939649, 14.645747844710717 ], [ -90.514155408596707, 14.645750482453291 ] ], [ [ -90.514136310015985, 14.645749677792578 ], [ -90.514136851863299, 14.645746011628855 ] ], [ [ -90.514155137673185, 14.645752315535198 ], [ -90.514155679520229, 14.64574864937139 ] ] ] } },
{ "type": "Feature", "properties": { "kind": "b", "value": "0.4048994851236654", "building_uid": "767" }, "geometry": { "type": "MultiLineString", "coordinates": [ [ [ -90.514162877500468, 14.64564227679568 ], [ -90.514166612228919, 14.645642672621177 ] ], [ [ -90.514162836845088, 14.645642640413222 ], [ -90.514162918155847, 14.645641913178142 ] ], [ [ -90.51416657157354, 14.645643036238718 ], [ -90.514166652884285, 14.645642309003629 ] ] ] } },
{ "type": "Feature", "properties": { "kind": "b", "value": "3.84409739753702", "building_uid": "768" }, "geometry": { "type": "MultiLineString", "coordinates": [ [ [ -90.514184434340038, 14.645187668163247 ], [ -90.514188976617888, 14.64515322529439 ] ], [ [ -90.514187971971651, 14.645188110405758 ], [ -90.514180896708467, 14.645187225920683 ] ], [ [ -90.514192514248975, 14.645153667536746 ], [ -90.514185438986843, 14.645152783051973 ] ] ] } },
{ "type": "Feature", "properties": { "kind": "b", "value": "13.948603165827937", "building_uid": "769" }, "geometry": { "type": "MultiLineString", "coordinates": [ [ [ -90.514212371810757, 14.64534410845857 ], [ -90.514084000408005, 14.645328104138333 ] ], [ [ -90.514214015614144, 14.645331610049439 ], [ -90.514210728007058, 14.645356606867647 ] ], [ [ -90.514085644218241, 14.64531560573122 ], [ -90.514082356597442, 14.645340602545399 ] ] ] } },
{ "type": "Feature", "properties": { "kind": "b", "value": "4.695083494920285", "building_uid": "842" }, "geometry": { "type": "MultiLineString", "coordinates": [ [ [ -90.513793160780708, 14.646746171319135 ], [ -90.513836356609261, 14.646751664512426 ] ], [ [ -90.513792596569616, 14.646750376894079 ], [ -90.513793724991743, 14.646741965744184 ] ], [ [ -90.513835792398964, 14.646755870087599 ], [ -90.513836920819529, 14.64674745893724 ] ] ] } },
{ "type": "Feature", "properties": { "kind": "b", "value": "0.8052162082783065", "building_uid": "843" }, "geometry": { "type": "MultiLineString", "coordinates": [ [ [ -90.513835096980998, 14.646775050766218 ], [ -90.51382770450526, 14.646773998267768 ] ], [ [ -90.513835205084021, 14.646774331029864 ], [ -90.51383498887796, 14.646775770502572 ] ], [ [ -90.513827812608326, 14.646773278531423 ], [ -90.513827596402209, 14.646774718004115 ] ] ] } },
{ "type": "Feature", "properties": { "kind": "b", "value": "4.6952590643609415", "building_uid": "520" }, "geometry": { "type": "MultiLineString", "coordinates": [ [ [ -90.512377089655459, 14.645264974905997 ], [ -90.512333866386001, 14.645259680175812 ] ], [ [ -90.512377633477684, 14.645260766630264 ], [ -90.512376545833206, 14.645269183181741 ] ], [ [ -90.512334410208993, 14.645255471900295 ], [ -90.512333322562966, 14.645263888451316 ] ] ] } },
{ "type": "Feature", "properties": { "kind": "b", "value": "4.732858011605535", "building_uid": "914" }, "geometry": { "type": "MultiLineString", "coordinates": [ [ [ -90.515023742960111, 14.646259072105765 ], [ -90.514980170731434, 14.646253754772328 ] ], [ [ -90.515024289106421, 14.646254829874366 ], [ -90.515023196813772, 14.646263314337169 ] ], [ [ -90.514980716878526, 14.646249512541146 ], [ -90.514979624584299, 14.646257997003493 ] ] ] } },
{ "type": "Feature", "properties": { "kind": "b", "value": "10.984148785150158", "building_uid": "916" }, "geometry": { "type": "MultiLineString", "coordinates": [ [ [ -90.514623884706282, 14.646229167027833 ], [ -90.514724574536572, 14.646244505659803 ] ], [ [ -90.514622309263544, 14.64623897028026 ], [ -90.514625460148793, 14.646219363775362 ] ], [ [ -90.514722999097984, 14.646254308913585 ], [ -90.514726149974948, 14.646234702405978 ] ] ] } },
{ "type": "Feature", "properties": { "kind": "b", "value": "4.243505893771767", "building_uid": "1269" }, "geometry": { "type": "MultiLineString", "coordinates": [ [ [ -90.514372742929723, 14.643805754963376 ], [ -90.514366771597679, 14.643843645216455 ] ], [ [ -90.514368851241628, 14.643805173582669 ], [ -90.514376634617818, 14.643806336344021 ] ], [ [ -90.514362879908973, 14.643843063835545 ], [ -90.5143706632864, 14.643844226597297 ] ] ] } },
{ "type": "Feature", "properties": { "kind": "b", "value": "1.627025765777564", "building_uid": "1271" }, "geometry": { "type": "MultiLineString", "coordinates": [ [ [ -90.513411772408375, 14.643472490488433 ], [ -90.513409377975222, 14.643487002142933 ] ], [ [ -90.513410281926227, 14.643472257361291 ], [ -90.513413262890538, 14.643472723615561 ] ], [ [ -90.513407887492988, 14.643486769015768 ], [ -90.51341086845747, 14.643487235270092 ] ] ] } },
{ "type": "Feature", "properties": { "kind": "b", "value": "9.5119829591029", "building_uid": "1272" }, "geometry": { "type": "MultiLineString", "coordinates": [ [ [ -90.512335876823471, 14.643968266937868 ], [ -90.512347479506232, 14.643883086424795 ] ], [ [ -90.512344625675908, 14.643969396597951 ], [ -90.51232712797119, 14.643967137277468 ] ], [ [ -90.512356228355472, 14.643884216083928 ], [ -90.51233873065712, 14.643881956765348 ] ] ] } },
{ "type": "Feature", "properties": { "kind": "b", "value": "0.06967434124595358", "building_uid": "1303" }, "geometry": { "type": "MultiLineString", "coordinates": [ [ [ -90.515177471905659, 14.644256569987794 ], [ -90.515177396302107, 14.644257195071809 ] ], [ [ -90.515177407703462, 14.644256562626897 ], [ -90.515177536107842, 14.644256577348695 ] ], [ [ -90.51517733209991, 14.644257187710911 ], [ -90.51517746050429, 14.64425720243271 ] ] ] } },
{ "type": "Feature", "properties": { "kind": "b", "value": "13.199582634910815", "building_uid": "1406" }, "geometry": { "type": "MultiLineString", "coordinates": [ [ [ -90.511923599170771, 14.646269759142305 ], [ -90.512045042645497, 14.646285167019027 ] ], [ [ -90.511922016614548, 14.646281582985907 ], [ -90.51192518172671, 14.646257935298658 ] ], [ [ -90.512043460095413, 14.646296990864455 ], [ -90.51204662519531, 14.646273343173556 ] ] ] } },
{ "type": "Feature", "properties": { "kind": "b", "value": "4.732135284490565", "building_uid": "1409" }, "geometry": { "type": "MultiLineString", "coordinates": [ [ [ -90.51203481315855, 14.646219415352007 ], [ -90.512028492104278, 14.646261717669704 ] ], [ [ -90.512030468261202, 14.646218799928528 ], [ -90.512039158055956, 14.64622003077541 ] ], [ [ -90.512024147206134, 14.646261102245981 ], [ -90.512032837002451, 14.646262333093356 ] ] ] } },
{ "type": "Feature", "properties": { "kind": "b", "value": "0.29227139946680214", "building_uid": "1410" }, "geometry": { "type": "MultiLineString", "coordinates": [ [ [ -90.513549347427315, 14.64666752931201 ], [ -90.513549739951131, 14.64666491688685 ] ], [ [ -90.513549615751671, 14.646667567528409 ], [ -90.513549079102944, 14.646667491095613 ] ], [ [ -90.513550008275502, 14.646664955103248 ], [ -90.51354947162676, 14.646664878670453 ] ] ] } },
{ "type": "Feature", "properties": { "kind": "b", "value": "2.3841405548057586", "building_uid": "1411" }, "geometry": { "type": "MultiLineString", "coordinates": [ [ [ -90.513449634773551, 14.64677786296925 ], [ -90.513453071084754, 14.6467565873113 ] ], [ [ -90.51345182001522, 14.646778197530828 ], [ -90.513447449531867, 14.646777528407656 ] ], [ [ -90.513455256326253, 14.646756921872807 ], [ -90.513450885843284, 14.646756252749761 ] ] ] } },
{ "type": "Feature", "properties": { "kind": "b", "value": "11.72127972185125", "building_uid": "1414" }, "geometry": { "type": "MultiLineString", "coordinates": [ [ [ -90.513962908265412, 14.646536058021116 ], [ -90.513855421187046, 14.64651994097987 ] ], [ [ -90.513964563656629, 14.646525592995037 ], [ -90.513961252873983, 14.646546523047149 ] ], [ [ -90.51385707658298, 14.646509475955328 ], [ -90.513853765790884, 14.646530406004365 ] ] ] } },
{ "type": "Feature", "properties": { "kind": "b", "value": "8.09339560794367", "building_uid": "1426" }, "geometry": { "type": "MultiLineString", "coordinates": [ [ [ -90.512941015783269, 14.644692825201139 ], [ -90.513015257562543, 14.644703801170698 ] ], [ [ -90.512939888441352, 14.644700053499031 ], [ -90.512942143125088, 14.644685596903217 ] ], [ [ -90.513014130222885, 14.644711029469315 ], [ -90.513016384902102, 14.644696572872052 ] ] ] } },
{ "type": "Feature", "properties": { "kind": "b", "value": "4.754111238757721", "building_uid": "1429" }, "geometry": { "type": "MultiLineString", "coordinates": [ [ [ -90.513284250657549, 14.64514102537783 ], [ -90.513291719541741, 14.645098699298773 ] ], [ [ -90.513288597973755, 14.645141752559008 ], [ -90.51327990334137, 14.645140298196573 ] ], [ [ -90.51329606685718, 14.645099426479682 ], [ -90.513287372226316, 14.645097972117776 ] ] ] } },
{ "type": "Feature", "properties": { "kind": "b", "value": "5.285476879994287", "building_uid": "1430" }, "geometry": { "type": "MultiLineString", "coordinates": [ [ [ -90.512869334900202, 14.645299771200783 ], [ -90.512917873709341, 14.645306581870583 ] ], [ [ -90.512868635374517, 14.645304497003451 ], [ -90.512870034425831, 14.645295045398104 ] ], [ [ -90.512917174184636, 14.645311307673554 ], [ -90.512918573233989, 14.645301856067604 ] ] ] } },
{ "type": "Feature", "properties": { "kind": "b", "value": "4.151386007555468", "building_uid": "763" }, "geometry": { "type": "MultiLineString", "coordinates": [ [ [ -90.514564059894894, 14.645166915718317 ], [ -90.514525949421625, 14.645161475887036 ] ], [ [ -90.514564618620312, 14.64516320522962 ], [ -90.514563501169448, 14.645170626207003 ] ], [ [ -90.514526508147625, 14.645157765398533 ], [ -90.514525390695582, 14.645165186375539 ] ] ] } },
{ "type": "Feature", "properties": { "kind": "b", "value": "0.14458551325733993", "building_uid": "1431" }, "geometry": { "type": "MultiLineString", "coordinates": [ [ [ -90.512910411176421, 14.645386567705714 ], [ -90.512910228582129, 14.645387861661453 ] ], [ [ -90.512910278273935, 14.645386549928103 ], [ -90.512910544078906, 14.64538658548333 ] ], [ [ -90.512910095679629, 14.645387843883837 ], [ -90.512910361484614, 14.645387879439065 ] ] ] } },
{ "type": "Feature", "properties": { "kind": "b", "value": "6.80400944192313", "building_uid": "1542" }, "geometry": { "type": "MultiLineString", "coordinates": [ [ [ -90.515010262873659, 14.644988074881459 ], [ -90.514947668019715, 14.644980091039471 ] ], [ [ -90.515011082893494, 14.644981980554249 ], [ -90.515009442853739, 14.644994169208655 ] ], [ [ -90.514948488041185, 14.644973996712741 ], [ -90.514946847998175, 14.644986185366182 ] ] ] } },
{ "type": "Feature", "properties": { "kind": "b", "value": "9.91721516011003", "building_uid": "1543" }, "geometry": { "type": "MultiLineString", "coordinates": [ [ [ -90.515162048572762, 14.645013301720622 ], [ -90.515149098801004, 14.645101997233958 ] ], [ [ -90.515152938652136, 14.645012040912599 ], [ -90.515171158493558, 14.645014562528296 ] ], [ [ -90.515139988876953, 14.645100736424876 ], [ -90.515158208725225, 14.645103258042701 ] ] ] } },
{ "type": "Feature", "properties": { "kind": "b", "value": "14.977798488139179", "building_uid": "1545" }, "geometry": { "type": "MultiLineString", "coordinates": [ [ [ -90.515069175884747, 14.645366579175763 ], [ -90.515206238104383, 14.64538891514338 ] ], [ [ -90.515066881748538, 14.645379923729278 ], [ -90.515071470020558, 14.645353234622164 ] ], [ [ -90.515203943975791, 14.645402259699502 ], [ -90.515208532232563, 14.645375570587184 ] ] ] } },
{ "type": "Feature", "properties": { "kind": "b", "value": "4.08494169617144", "building_uid": "1549" }, "geometry": { "type": "MultiLineString", "coordinates": [ [ [ -90.514214357245635, 14.645450584668804 ], [ -90.514209952073188, 14.645487235866598 ] ], [ [ -90.514210592791684, 14.645450155775761 ], [ -90.514218121699614, 14.645451013561793 ] ], [ [ -90.514206187618655, 14.645486806973381 ], [ -90.514213716527763, 14.645487664759754 ] ] ] } },
{ "type": "Feature", "properties": { "kind": "b", "value": "5.311765334133656", "building_uid": "1551" }, "geometry": { "type": "MultiLineString", "coordinates": [ [ [ -90.513976348622307, 14.64581614867112 ], [ -90.513927649343771, 14.645808776997457 ] ], [ [ -90.513977105769555, 14.645811407255774 ], [ -90.513975591475003, 14.645820890086453 ] ], [ [ -90.513928406491985, 14.645804035582431 ], [ -90.513926892195499, 14.64581351841248 ] ] ] } },
{ "type": "Feature", "properties": { "kind": "b", "value": "3.554203512467113", "building_uid": "1553" }, "geometry": { "type": "MultiLineString", "coordinates": [ [ [ -90.512844856302621, 14.645526908580434 ], [ -90.512812164955577, 14.645522691567356 ] ], [ [ -90.512845289433045, 14.645523725710721 ], [ -90.512844423172197, 14.645530091450137 ] ], [ [ -90.512812598086427, 14.645519508697781 ], [ -90.512811731824712, 14.645525874436931 ] ] ] } },
{ "type": "Feature", "properties": { "kind": "b", "value": "6.811225876524703", "building_uid": "1556" }, "geometry": { "type": "MultiLineString", "coordinates": [ [ [ -90.513023882902729, 14.644901011662977 ], [ -90.513014215122169, 14.644961816533941 ] ], [ [ -90.513017637634633, 14.644900070393602 ], [ -90.513030128170911, 14.644901952932189 ] ], [ [ -90.513007969852481, 14.644960875264049 ], [ -90.513020460391957, 14.644962757803667 ] ] ] } },
{ "type": "Feature", "properties": { "kind": "b", "value": "5.789505785086138", "building_uid": "1557" }, "geometry": { "type": "MultiLineString", "coordinates": [ [ [ -90.513089409765371, 14.644972960594778 ], [ -90.513098885258842, 14.644921481282545 ] ], [ [ -90.513094697207066, 14.644973883143042 ], [ -90.513084122323747, 14.644972038046392 ] ], [ [ -90.5131041726994, 14.644922403830417 ], [ -90.51309359781834, 14.644920558734562 ] ] ] } },
{ "type": "Feature", "properties": { "kind": "b", "value": "5.978035130469433", "building_uid": "2593" }, "geometry": { "type": "MultiLineString", "coordinates": [ [ [ -90.515307255570121, 14.643957756043799 ], [ -90.515252260305033, 14.64395073674461 ] ], [ [ -90.515307976518514, 14.643952401598321 ], [ -90.515306534621686, 14.64396311048927 ] ], [ [ -90.51525298125469, 14.643945382299499 ], [ -90.515251539355347, 14.643956091189704 ] ] ] } },
{ "type": "Feature", "properties": { "kind": "b", "value": "4.561517583456558", "building_uid": "2598" }, "geometry": { "type": "MultiLineString", "coordinates": [ [ [ -90.514319922748882, 14.64456583140662 ], [ -90.514327370132406, 14.644525267934128 ] ], [ [ -90.514324089016512, 14.64456655649639 ], [ -90.514315756481281, 14.644565106316792 ] ], [ [ -90.514331536399339, 14.644525993023649 ], [ -90.514323203865516, 14.644524542844547 ] ] ] } },
{ "type": "Feature", "properties": { "kind": "b", "value": "7.286206682325701", "building_uid": "2693" }, "geometry": { "type": "MultiLineString", "coordinates": [ [ [ -90.514720063250138, 14.648155462750092 ], [ -90.514735614623774, 14.648091407967383 ] ], [ [ -90.51472664241544, 14.648156976833 ], [ -90.514713484084965, 14.64815394866701 ] ], [ [ -90.514742193787413, 14.648092922049575 ], [ -90.514729035460263, 14.64808989388502 ] ] ] } },
{ "type": "Feature", "properties": { "kind": "b", "value": "2.193357059280119", "building_uid": "2698" }, "geometry": { "type": "MultiLineString", "coordinates": [ [ [ -90.514848044167465, 14.647317257985772 ], [ -90.514827967548442, 14.647314016194702 ] ], [ [ -90.514848377135436, 14.64731530331766 ], [ -90.514847711199465, 14.647319212653878 ] ], [ [ -90.514828300516584, 14.647312061526646 ], [ -90.5148276345803, 14.647315970862756 ] ] ] } },
{ "type": "Feature", "properties": { "kind": "b", "value": "1.9783368587564552", "building_uid": "2704" }, "geometry": { "type": "MultiLineString", "coordinates": [ [ [ -90.514689458339987, 14.647302915676351 ], [ -90.5147073784361, 14.64730678640165 ] ], [ [ -90.514689060773321, 14.647304660384519 ], [ -90.514689855906639, 14.64730117096819 ] ], [ [ -90.514706980869562, 14.647308531109863 ], [ -90.514707776002638, 14.64730504169343 ] ] ] } },
{ "type": "Feature", "properties": { "kind": "b", "value": "2.258522608152087", "building_uid": "2705" }, "geometry": { "type": "MultiLineString", "coordinates": [ [ [ -90.514554051278012, 14.647140808781167 ], [ -90.514557161840898, 14.647120632451051 ] ], [ [ -90.514556123610234, 14.647141111627162 ], [ -90.514551978945804, 14.647140505935159 ] ], [ [ -90.514559234172935, 14.647120935296986 ], [ -90.514555089508846, 14.6471203296051 ] ] ] } },
{ "type": "Feature", "properties": { "kind": "b", "value": "9.161730040073152", "building_uid": "701" }, "geometry": { "type": "MultiLineString", "coordinates": [ [ [ -90.512146141589525, 14.645905526599412 ], [ -90.512134103441511, 14.64598745478791 ] ], [ [ -90.512137726706499, 14.645904354553151 ], [ -90.51215455647268, 14.645906698645387 ] ], [ [ -90.512125688555557, 14.645986282740736 ], [ -90.512142518327593, 14.645988626834788 ] ] ] } },
{ "type": "Feature", "properties": { "kind": "b", "value": "4.7372851523476385", "building_uid": "2728" }, "geometry": { "type": "MultiLineString", "coordinates": [ [ [ -90.514906811390574, 14.646427536055599 ], [ -90.514863308034137, 14.646421421932573 ] ], [ [ -90.514907439376131, 14.646423300532939 ], [ -90.514906183404975, 14.646431771578252 ] ], [ [ -90.514863936020475, 14.646417186410151 ], [ -90.514862680047756, 14.64642565745498 ] ] ] } },
{ "type": "Feature", "properties": { "kind": "b", "value": "10.304321702821708", "building_uid": "2729" }, "geometry": { "type": "MultiLineString", "coordinates": [ [ [ -90.514927404398861, 14.64645445160606 ], [ -90.514913076840188, 14.646546484504849 ] ], [ [ -90.51491795163227, 14.646453056664065 ], [ -90.514936857165623, 14.646455846547688 ] ], [ [ -90.51490362406993, 14.646545089561673 ], [ -90.514922529610615, 14.646547879447652 ] ] ] } },
{ "type": "Feature", "properties": { "kind": "b", "value": "12.196187541093039", "building_uid": "2730" }, "geometry": { "type": "MultiLineString", "coordinates": [ [ [ -90.514813162564991, 14.646814745794071 ], [ -90.514924857920292, 14.646832420005849 ] ], [ [ -90.514811347227976, 14.646825620524737 ], [ -90.51481497790175, 14.646803871063348 ] ], [ [ -90.514923042588364, 14.646843294738217 ], [ -90.514926673251964, 14.646821545273427 ] ] ] } },
{ "type": "Feature", "properties": { "kind": "b", "value": "12.370429536070212", "building_uid": "2731" }, "geometry": { "type": "MultiLineString", "coordinates": [ [ [ -90.514935721672799, 14.646801226435606 ], [ -90.514821961133165, 14.646786382935472 ] ], [ [ -90.514937246259166, 14.64679015063404 ], [ -90.514934197086205, 14.646812302237139 ] ], [ [ -90.514823485724904, 14.646775307135519 ], [ -90.5148204365412, 14.646797458735385 ] ] ] } },
{ "type": "Feature", "properties": { "kind": "b", "value": "0.1587551164618014", "building_uid": "2738" }, "geometry": { "type": "MultiLineString", "coordinates": [ [ [ -90.514399433037426, 14.646904965842108 ], [ -90.514397977123878, 14.646904748096027 ] ], [ [ -90.514399455402341, 14.646904824093484 ], [ -90.514399410672524, 14.646905107590731 ] ], [ [ -90.514397999488793, 14.646904606347405 ], [ -90.514397954758962, 14.646904889844649 ] ] ] } },
{ "type": "Feature", "properties": { "kind": "b", "value": "16.370313649229058", "building_uid": "2741" }, "geometry": { "type": "MultiLineString", "coordinates": [ [ [ -90.51391231501826, 14.646230821102263 ], [ -90.513934850949767, 14.646084576805999 ] ], [ [ -90.513927335861396, 14.646233015222805 ], [ -90.51389729417555, 14.646228626980802 ] ], [ [ -90.513949871783666, 14.646086770923574 ], [ -90.513919830116336, 14.646082382687503 ] ] ] } },
{ "type": "Feature", "properties": { "kind": "b", "value": "5.085461622617107", "building_uid": "2742" }, "geometry": { "type": "MultiLineString", "coordinates": [ [ [ -90.513440390958479, 14.646353919833171 ], [ -90.513433502800652, 14.646399367140866 ] ], [ [ -90.513435723034334, 14.646353249196414 ], [ -90.513445058882667, 14.646354590469842 ] ], [ [ -90.513428834875612, 14.646398696503825 ], [ -90.513438170725735, 14.646400037777818 ] ] ] } },
{ "type": "Feature", "properties": { "kind": "b", "value": "0.23435518148827528", "building_uid": "2745" }, "geometry": { "type": "MultiLineString", "coordinates": [ [ [ -90.513526995380388, 14.646760279494075 ], [ -90.513524843227145, 14.646759977198892 ] ], [ [ -90.513527026429401, 14.646760069958994 ], [ -90.513526964331405, 14.646760489029161 ] ], [ [ -90.513524874276143, 14.646759767663813 ], [ -90.513524812178133, 14.64676018673398 ] ] ] } },
{ "type": "Feature", "properties": { "kind": "b", "value": "6.490324079563115", "building_uid": "2750" }, "geometry": { "type": "MultiLineString", "coordinates": [ [ [ -90.513740128352069, 14.64820086052951 ], [ -90.513749420719762, 14.648142932483646 ] ], [ [ -90.513746078232089, 14.648201765234923 ], [ -90.513734178472134, 14.648199955823939 ] ], [ [ -90.513755370598332, 14.648143837188586 ], [ -90.513743470841277, 14.648142027778553 ] ] ] } },
{ "type": "Feature", "properties": { "kind": "b", "value": "2.164179386337908", "building_uid": "2752" }, "geometry": { "type": "MultiLineString", "coordinates": [ [ [ -90.513750274630866, 14.647951084876942 ], [ -90.513747263791828, 14.647970413950683 ] ], [ [ -90.513748289313824, 14.647950791741271 ], [ -90.513752259947935, 14.647951378012598 ] ], [ [ -90.513745278474616, 14.647970120814966 ], [ -90.513749249109068, 14.647970707086385 ] ] ] } },
{ "type": "Feature", "properties": { "kind": "b", "value": "3.362752068424005", "building_uid": "2753" }, "geometry": { "type": "MultiLineString", "coordinates": [ [ [ -90.51390564518907, 14.647792356216286 ], [ -90.513901211029605, 14.64782242527049 ] ], [ [ -90.513902556755369, 14.647791924505681 ], [ -90.513908733622785, 14.647792787926861 ] ], [ [ -90.513898122595521, 14.647821993559758 ], [ -90.513904299463718, 14.647822856981181 ] ] ] } },
{ "type": "Feature", "properties": { "kind": "b", "value": "2.1631806633197357", "building_uid": "2755" }, "geometry": { "type": "MultiLineString", "coordinates": [ [ [ -90.513949572846599, 14.647624528972342 ], [ -90.513929695378152, 14.647621822666791 ] ], [ [ -90.51394985081464, 14.647622593696363 ], [ -90.513949294878543, 14.647626464248317 ] ], [ [ -90.51392997334635, 14.647619887390864 ], [ -90.51392941740994, 14.647623757942711 ] ] ] } },
{ "type": "Feature", "properties": { "kind": "b", "value": "3.131370269943677", "building_uid": "2759" }, "geometry": { "type": "MultiLineString", "coordinates": [ [ [ -90.5139102094452, 14.647519911588974 ], [ -90.513914504153931, 14.647491935134141 ] ], [ [ -90.513913082941514, 14.647520329723296 ], [ -90.5139073359489, 14.647519493454615 ] ], [ [ -90.513917377649918, 14.647492353268355 ], [ -90.513911630657958, 14.647491516999899 ] ] ] } },
{ "type": "Feature", "properties": { "kind": "b", "value": "2.979627585344523", "building_uid": "2763" }, "geometry": { "type": "MultiLineString", "coordinates": [ [ [ -90.513950919825433, 14.647342509627459 ], [ -90.513947138876745, 14.647369173153251 ] ], [ [ -90.51394818118392, 14.647342141512805 ], [ -90.51395365846696, 14.647342877742084 ] ], [ [ -90.513944400234905, 14.647368805038495 ], [ -90.513949877518584, 14.647369541267969 ] ] ] } },
{ "type": "Feature", "properties": { "kind": "b", "value": "2.241015186567104", "building_uid": "764" }, "geometry": { "type": "MultiLineString", "coordinates": [ [ [ -90.514558391552598, 14.64529952127271 ], [ -90.514561018643704, 14.645279439305368 ] ], [ [ -90.514560454175182, 14.645299777049816 ], [ -90.514556328930013, 14.645299265495588 ] ], [ [ -90.51456308126609, 14.645279695082422 ], [ -90.51455895602129, 14.645279183528295 ] ] ] } },
{ "type": "Feature", "properties": { "kind": "b", "value": "2.399159980558819", "building_uid": "2764" }, "geometry": { "type": "MultiLineString", "coordinates": [ [ [ -90.514038242516619, 14.647061145610913 ], [ -90.514041460633834, 14.647039700495718 ] ], [ [ -90.514040445166273, 14.647061458928567 ], [ -90.514036039866951, 14.64706083229324 ] ], [ [ -90.514043663283303, 14.647040013813307 ], [ -90.514039257984365, 14.647039387178104 ] ] ] } },
{ "type": "Feature", "properties": { "kind": "b", "value": "2.3574105794177953", "building_uid": "2765" }, "geometry": { "type": "MultiLineString", "coordinates": [ [ [ -90.513941668044325, 14.647097379374227 ], [ -90.513920023747147, 14.647094308037369 ] ], [ [ -90.513941983504409, 14.647095272074168 ], [ -90.513941352584212, 14.647099486674282 ] ], [ [ -90.513920339207445, 14.647092200737379 ], [ -90.513919708286863, 14.647096415337366 ] ] ] } },
{ "type": "Feature", "properties": { "kind": "b", "value": "3.9381525434951357", "building_uid": "2771" }, "geometry": { "type": "MultiLineString", "coordinates": [ [ [ -90.513520849775674, 14.647065768754661 ], [ -90.513526040745091, 14.64703055432685 ] ], [ [ -90.513524466685567, 14.647066274150315 ], [ -90.513517232865809, 14.647065263358959 ] ], [ [ -90.513529657654445, 14.647031059722332 ], [ -90.513522423835752, 14.647030048931315 ] ] ] } },
{ "type": "Feature", "properties": { "kind": "b", "value": "10.173287024028784", "building_uid": "2774" }, "geometry": { "type": "MultiLineString", "coordinates": [ [ [ -90.513388594630001, 14.647350456077897 ], [ -90.513402771182527, 14.647259598220467 ] ], [ [ -90.513397926745668, 14.647351836313494 ], [ -90.513379262514491, 14.647349075841955 ] ], [ [ -90.513412103294627, 14.647260978454906 ], [ -90.513393439070597, 14.647258217985669 ] ] ] } },
{ "type": "Feature", "properties": { "kind": "b", "value": "5.38978234386154", "building_uid": "2779" }, "geometry": { "type": "MultiLineString", "coordinates": [ [ [ -90.513337073336672, 14.647751959774515 ], [ -90.513329236826536, 14.647800046783802 ] ], [ [ -90.513332134255066, 14.647751196810331 ], [ -90.513342012418306, 14.647752722738606 ] ], [ [ -90.513324297743949, 14.647799283819278 ], [ -90.513334175909179, 14.647800809748219 ] ] ] } },
{ "type": "Feature", "properties": { "kind": "b", "value": "21.529275790603617", "building_uid": "2780" }, "geometry": { "type": "MultiLineString", "coordinates": [ [ [ -90.513358920426569, 14.647955986698928 ], [ -90.513161442700692, 14.647926686483615 ] ], [ [ -90.513361929885434, 14.647936760237291 ], [ -90.513355910966908, 14.647975213160425 ] ], [ [ -90.513164452175545, 14.647907460027133 ], [ -90.51315843322503, 14.647945912939949 ] ] ] } },
{ "type": "Feature", "properties": { "kind": "b", "value": "0.21342622743255596", "building_uid": "2786" }, "geometry": { "type": "MultiLineString", "coordinates": [ [ [ -90.512627385098938, 14.648090789760817 ], [ -90.512625424247474, 14.648090520498213 ] ], [ [ -90.512627412755293, 14.648090598852173 ], [ -90.512627357442568, 14.648090980669455 ] ], [ [ -90.51262545190383, 14.648090329589575 ], [ -90.512625396591105, 14.648090711406857 ] ] ] } },
{ "type": "Feature", "properties": { "kind": "b", "value": "7.0421121334015675", "building_uid": "2789" }, "geometry": { "type": "MultiLineString", "coordinates": [ [ [ -90.512917055640116, 14.64698447806961 ], [ -90.512981775467239, 14.646993217775725 ] ], [ [ -90.512916157975368, 14.646990779228469 ], [ -90.512917953304779, 14.646978176910729 ] ], [ [ -90.512980877804225, 14.646999518935118 ], [ -90.512982673130168, 14.646986916616322 ] ] ] } },
{ "type": "Feature", "properties": { "kind": "b", "value": "4.684391951270537", "building_uid": "2790" }, "geometry": { "type": "MultiLineString", "coordinates": [ [ [ -90.513065448062264, 14.647120023184284 ], [ -90.513071555309907, 14.647078126638879 ] ], [ [ -90.513069751300364, 14.647120617789161 ], [ -90.513061144824192, 14.647119428579332 ] ], [ [ -90.513075858547239, 14.647078721243521 ], [ -90.513067252072602, 14.64707753203416 ] ] ] } },
{ "type": "Feature", "properties": { "kind": "b", "value": "0.2613338847033846", "building_uid": "2850" }, "geometry": { "type": "MultiLineString", "coordinates": [ [ [ -90.512284463151175, 14.64716551677702 ], [ -90.512284348470544, 14.647167874889316 ] ], [ [ -90.512284220946924, 14.647165505611666 ], [ -90.512284705355412, 14.647165527942384 ] ], [ [ -90.512284106266307, 14.647167863723952 ], [ -90.512284590674781, 14.647167886054671 ] ] ] } },
{ "type": "Feature", "properties": { "kind": "b", "value": "7.383389164478081", "building_uid": "2792" }, "geometry": { "type": "MultiLineString", "coordinates": [ [ [ -90.513087428824662, 14.646944124470542 ], [ -90.513073887041031, 14.647009506117723 ] ], [ [ -90.513080713412492, 14.646942806034973 ], [ -90.513094144236931, 14.646945442905928 ] ], [ [ -90.513067171627071, 14.647008187681468 ], [ -90.513080602455091, 14.647010824553796 ] ] ] } },
{ "type": "Feature", "properties": { "kind": "b", "value": "5.076199243639452", "building_uid": "2794" }, "geometry": { "type": "MultiLineString", "coordinates": [ [ [ -90.513009159752627, 14.647383370263897 ], [ -90.513015383214722, 14.647337916582499 ] ], [ [ -90.513013828353579, 14.647383976182754 ], [ -90.513004491151719, 14.647382764344956 ] ], [ [ -90.513020051814777, 14.647338522501082 ], [ -90.513010714614722, 14.647337310663824 ] ] ] } },
{ "type": "Feature", "properties": { "kind": "b", "value": "1.4424409947836883", "building_uid": "2798" }, "geometry": { "type": "MultiLineString", "coordinates": [ [ [ -90.512568752108962, 14.647929884545379 ], [ -90.512566792662454, 14.647942774399418 ] ], [ [ -90.512567428173597, 14.647929693773399 ], [ -90.512570076044355, 14.647930075317355 ] ], [ [ -90.512565468727004, 14.647942583627414 ], [ -90.512568116597905, 14.647942965171417 ] ] ] } },
{ "type": "Feature", "properties": { "kind": "b", "value": "5.924533656366559", "building_uid": "2801" }, "geometry": { "type": "MultiLineString", "coordinates": [ [ [ -90.512738901107227, 14.647929513413047 ], [ -90.512793465938486, 14.6479360018153 ] ], [ [ -90.512738234673478, 14.647934825852673 ], [ -90.512739567540919, 14.647924200973414 ] ], [ [ -90.512792799505988, 14.647941314255281 ], [ -90.512794132370942, 14.647930689375304 ] ] ] } },
{ "type": "Feature", "properties": { "kind": "b", "value": "2.1532733708562413", "building_uid": "2806" }, "geometry": { "type": "MultiLineString", "coordinates": [ [ [ -90.512503641415961, 14.647873039048612 ], [ -90.51250656659073, 14.647853797114957 ] ], [ [ -90.512505617782026, 14.647873323844161 ], [ -90.512501665049911, 14.647872754253054 ] ], [ [ -90.512508542956624, 14.647854081910449 ], [ -90.512504590224836, 14.647853512319449 ] ] ] } },
{ "type": "Feature", "properties": { "kind": "b", "value": "3.5706932821035204", "building_uid": "2807" }, "geometry": { "type": "MultiLineString", "coordinates": [ [ [ -90.512535746216443, 14.647689210381591 ], [ -90.512540656109735, 14.647657310778531 ] ], [ [ -90.512539022666729, 14.647689688410125 ], [ -90.512532469766171, 14.647688732353007 ] ], [ [ -90.512543932559581, 14.647657788806926 ], [ -90.512537379659918, 14.647656832750085 ] ] ] } },
{ "type": "Feature", "properties": { "kind": "b", "value": "2.3837787650220306", "building_uid": "2812" }, "geometry": { "type": "MultiLineString", "coordinates": [ [ [ -90.512601385366395, 14.647312650986171 ], [ -90.512605691345513, 14.647291529199897 ] ], [ [ -90.512603554809132, 14.647313070218164 ], [ -90.512599215923657, 14.647312231754157 ] ], [ [ -90.512607860788066, 14.647291948431816 ], [ -90.51260352190296, 14.647291109967954 ] ] ] } },
{ "type": "Feature", "properties": { "kind": "b", "value": "2.776698933893453", "building_uid": "2813" }, "geometry": { "type": "MultiLineString", "coordinates": [ [ [ -90.512723905449604, 14.647286917197077 ], [ -90.512720530417241, 14.647311784292498 ] ], [ [ -90.512721351322185, 14.647286588602508 ], [ -90.512726459577038, 14.64728724579162 ] ], [ [ -90.512717976289537, 14.647311455697844 ], [ -90.512723084544945, 14.647312112887114 ] ] ] } },
{ "type": "Feature", "properties": { "kind": "b", "value": "3.3493621888003084", "building_uid": "2816" }, "geometry": { "type": "MultiLineString", "coordinates": [ [ [ -90.512595232694082, 14.647471756641986 ], [ -90.512601094106884, 14.647442043289262 ] ], [ [ -90.512598284588634, 14.647472327311286 ], [ -90.51259218079953, 14.647471185972654 ] ], [ [ -90.512604146001081, 14.647442613958422 ], [ -90.512598042212716, 14.647441472620057 ] ] ] } },
{ "type": "Feature", "properties": { "kind": "b", "value": "0.10498785773546286", "building_uid": "2820" }, "geometry": { "type": "MultiLineString", "coordinates": [ [ [ -90.511991381566389, 14.647949057004174 ], [ -90.511990417452807, 14.647948921409984 ] ], [ [ -90.511991395493453, 14.647948963137949 ], [ -90.511991367639311, 14.647949150870403 ] ], [ [ -90.511990431379871, 14.647948827543756 ], [ -90.511990403525729, 14.647949015276216 ] ] ] } },
{ "type": "Feature", "properties": { "kind": "b", "value": "4.964342172748747", "building_uid": "2822" }, "geometry": { "type": "MultiLineString", "coordinates": [ [ [ -90.511820149153266, 14.647855852734313 ], [ -90.511826659179263, 14.64781145763105 ] ], [ [ -90.511824709036361, 14.647856486551758 ], [ -90.511815589270213, 14.647855218916783 ] ], [ [ -90.511831219061506, 14.647812091448229 ], [ -90.511822099297063, 14.647810823813789 ] ] ] } },
{ "type": "Feature", "properties": { "kind": "b", "value": "7.074222739586877", "building_uid": "2832" }, "geometry": { "type": "MultiLineString", "coordinates": [ [ [ -90.512215817486677, 14.647859865480857 ], [ -90.512206500738102, 14.64792312327485 ] ], [ [ -90.512209320190067, 14.647858958400892 ], [ -90.512222314783372, 14.647860772560652 ] ], [ [ -90.512200003439759, 14.647922216194338 ], [ -90.512212998036532, 14.647924030355187 ] ] ] } },
{ "type": "Feature", "properties": { "kind": "b", "value": "5.44908350902892", "building_uid": "2833" }, "geometry": { "type": "MultiLineString", "coordinates": [ [ [ -90.512258364346266, 14.647648094805314 ], [ -90.512250269391998, 14.647696683953344 ] ], [ [ -90.512253373691721, 14.647647306678573 ], [ -90.512263355000883, 14.64764888293195 ] ], [ [ -90.51224527873643, 14.647695895826264 ], [ -90.51225526004761, 14.647697472080322 ] ] ] } },
{ "type": "Feature", "properties": { "kind": "b", "value": "4.675843282275118", "building_uid": "2835" }, "geometry": { "type": "MultiLineString", "coordinates": [ [ [ -90.512144874830838, 14.646976860696842 ], [ -90.512138113623152, 14.647018583728052 ] ], [ [ -90.512140589417356, 14.64697620242193 ], [ -90.512149160244348, 14.646977518971669 ] ], [ [ -90.512133828208917, 14.647017925452898 ], [ -90.512142399037415, 14.647019242003134 ] ] ] } },
{ "type": "Feature", "properties": { "kind": "b", "value": "5.100684856314091", "building_uid": "2836" }, "geometry": { "type": "MultiLineString", "coordinates": [ [ [ -90.512402747514159, 14.646851071323301 ], [ -90.512449495315437, 14.646858252131238 ] ], [ [ -90.51240200996628, 14.646855622718462 ], [ -90.512403485061995, 14.646846519928129 ] ], [ [ -90.512448757768453, 14.646862803526687 ], [ -90.512450232862378, 14.646853700735775 ] ] ] } },
{ "type": "Feature", "properties": { "kind": "b", "value": "8.298538996458765", "building_uid": "2838" }, "geometry": { "type": "MultiLineString", "coordinates": [ [ [ -90.512207006547001, 14.646879962131845 ], [ -90.512219197198135, 14.646805943000226 ] ], [ [ -90.512214609121145, 14.646881149021636 ], [ -90.512199403972971, 14.646878775241811 ] ], [ [ -90.51222679976992, 14.646807129889238 ], [ -90.512211594626464, 14.646804756110976 ] ] ] } },
{ "type": "Feature", "properties": { "kind": "b", "value": "7.8737947734023", "building_uid": "2841" }, "geometry": { "type": "MultiLineString", "coordinates": [ [ [ -90.511930753229606, 14.646850811180677 ], [ -90.511941078839797, 14.646780397464422 ] ], [ [ -90.511937985487222, 14.646851816488986 ], [ -90.511923520972104, 14.646849805872153 ] ], [ [ -90.511948311095253, 14.646781402772056 ], [ -90.511933846584455, 14.646779392156569 ] ] ] } },
{ "type": "Feature", "properties": { "kind": "b", "value": "5.854609208847948", "building_uid": "2842" }, "geometry": { "type": "MultiLineString", "coordinates": [ [ [ -90.511894900146714, 14.646897490474259 ], [ -90.511948807670024, 14.646904005243515 ] ], [ [ -90.511894231007958, 14.646902738943311 ], [ -90.511895569285386, 14.646892242005205 ] ], [ [ -90.511948138532503, 14.64690925371292 ], [ -90.511949476807501, 14.646898756774108 ] ] ] } },
{ "type": "Feature", "properties": { "kind": "b", "value": "1.3655831570638168", "building_uid": "2843" }, "geometry": { "type": "MultiLineString", "coordinates": [ [ [ -90.511925559710647, 14.646917207277378 ], [ -90.511923692508375, 14.646929408554792 ] ], [ [ -90.511924306505819, 14.646917025485463 ], [ -90.511926812915476, 14.646917389069296 ] ], [ [ -90.511922439303476, 14.646929226762852 ], [ -90.511924945713275, 14.646929590346719 ] ] ] } },
{ "type": "Feature", "properties": { "kind": "b", "value": "0.386335942513573", "building_uid": "2844" }, "geometry": { "type": "MultiLineString", "coordinates": [ [ [ -90.511978520966636, 14.647065677902594 ], [ -90.511977938563007, 14.647069121487124 ] ], [ [ -90.511978167272545, 14.647065621199472 ], [ -90.511978874660727, 14.647065734605727 ] ], [ [ -90.511977584868902, 14.647069064783995 ], [ -90.511978292257098, 14.647069178190254 ] ] ] } },
{ "type": "Feature", "properties": { "kind": "b", "value": "2.583246497076581", "building_uid": "2845" }, "geometry": { "type": "MultiLineString", "coordinates": [ [ [ -90.511838872894998, 14.647235277261235 ], [ -90.511834523590835, 14.647258225543515 ] ], [ [ -90.511836515851599, 14.647234853811046 ], [ -90.511841229938412, 14.647235700711402 ] ], [ [ -90.511832166547194, 14.647257802093245 ], [ -90.511836880634462, 14.647258648993766 ] ] ] } },
{ "type": "Feature", "properties": { "kind": "b", "value": "11.130929816188758", "building_uid": "2847" }, "geometry": { "type": "MultiLineString", "coordinates": [ [ [ -90.512051786994022, 14.647322993627812 ], [ -90.511950273204064, 14.647304492453557 ] ], [ [ -90.512053687268548, 14.647313110201608 ], [ -90.512049886719254, 14.647332877053969 ] ], [ [ -90.511952173482726, 14.647294609028867 ], [ -90.511948372925175, 14.64731437587821 ] ] ] } },
{ "type": "Feature", "properties": { "kind": "b", "value": "10.620567890990955", "building_uid": "2848" }, "geometry": { "type": "MultiLineString", "coordinates": [ [ [ -90.511893806052072, 14.647507889797273 ], [ -90.511913923996346, 14.647413969825074 ] ], [ [ -90.51190345268806, 14.647509848488024 ], [ -90.511884159416326, 14.647505931106158 ] ], [ [ -90.511923570628667, 14.647415928514384 ], [ -90.511904277364252, 14.647412011135396 ] ] ] } },
{ "type": "Feature", "properties": { "kind": "b", "value": "1.8623918858488473", "building_uid": "2849" }, "geometry": { "type": "MultiLineString", "coordinates": [ [ [ -90.511847216977827, 14.647480475274016 ], [ -90.51184431907231, 14.647497060879687 ] ], [ [ -90.511845513450027, 14.64748019313296 ], [ -90.511848920505628, 14.647480757415067 ] ], [ [ -90.511842615544396, 14.647496778738583 ], [ -90.511846022600224, 14.647497343020778 ] ] ] } },
{ "type": "Feature", "properties": { "kind": "b", "value": "3.5060012774334703", "building_uid": "2853" }, "geometry": { "type": "MultiLineString", "coordinates": [ [ [ -90.512266145225325, 14.647459390267995 ], [ -90.512269512474987, 14.647427889012411 ] ], [ [ -90.512269380757374, 14.647459718104686 ], [ -90.512262909693277, 14.64745906243126 ] ], [ [ -90.512272748006609, 14.647428216848985 ], [ -90.512266276943393, 14.647427561175792 ] ] ] } },
{ "type": "Feature", "properties": { "kind": "b", "value": "2.4395288573043086", "building_uid": "2854" }, "geometry": { "type": "MultiLineString", "coordinates": [ [ [ -90.512260764111872, 14.6473488711922 ], [ -90.512259242515896, 14.647370858774137 ] ], [ [ -90.512258505741883, 14.647348723049024 ], [ -90.512263022481861, 14.647349019335367 ] ], [ [ -90.512256984145679, 14.647370710630906 ], [ -90.512261500886112, 14.647371006917348 ] ] ] } },
{ "type": "Feature", "properties": { "kind": "b", "value": "2.075186247072299", "building_uid": "2855" }, "geometry": { "type": "MultiLineString", "coordinates": [ [ [ -90.511857832227776, 14.647415891906137 ], [ -90.51185428949546, 14.647434317997847 ] ], [ [ -90.511855939661984, 14.647415546984416 ], [ -90.511859724793581, 14.647416236827835 ] ], [ [ -90.511852396929513, 14.647433973076074 ], [ -90.511856182061408, 14.647434662919604 ] ] ] } },
{ "type": "Feature", "properties": { "kind": "b", "value": "1.0818905362240425", "building_uid": "2856" }, "geometry": { "type": "MultiLineString", "coordinates": [ [ [ -90.511879887391387, 14.647647339755869 ], [ -90.511889824839969, 14.647648721054736 ] ], [ [ -90.511879745516381, 14.647648307268557 ], [ -90.511880029266422, 14.64764637224318 ] ], [ [ -90.511889682964977, 14.647649688567439 ], [ -90.511889966714946, 14.647647753542039 ] ] ] } },
{ "type": "Feature", "properties": { "kind": "b", "value": "15.318136308710919", "building_uid": "2860" }, "geometry": { "type": "MultiLineString", "coordinates": [ [ [ -90.51255004418563, 14.646694288273213 ], [ -90.51257162541269, 14.646557516731949 ] ], [ [ -90.51256409210626, 14.646696389438175 ], [ -90.512535996265385, 14.646692187107453 ] ], [ [ -90.512585673325233, 14.646559617894283 ], [ -90.512557577500544, 14.646555415568809 ] ] ] } },
{ "type": "Feature", "properties": { "kind": "b", "value": "0.0872004283364795", "building_uid": "2863" }, "geometry": { "type": "MultiLineString", "coordinates": [ [ [ -90.514652011299674, 14.64594438551025 ], [ -90.514651213637521, 14.645944253663062 ] ], [ [ -90.514652024841766, 14.645944307849037 ], [ -90.514651997757582, 14.645944463171466 ] ], [ [ -90.514651227179613, 14.64594417600185 ], [ -90.514651200095443, 14.645944331324285 ] ] ] } },
{ "type": "Feature", "properties": { "kind": "b", "value": "8.340997913357864", "building_uid": "2869" }, "geometry": { "type": "MultiLineString", "coordinates": [ [ [ -90.51508035383506, 14.645716307393107 ], [ -90.515157095132821, 14.645726047472809 ] ], [ [ -90.515079353426444, 14.645723779012821 ], [ -90.515081354243577, 14.64570883577337 ] ], [ [ -90.515156094726663, 14.645733519093246 ], [ -90.515158095538879, 14.645718575852348 ] ] ] } },
{ "type": "Feature", "properties": { "kind": "b", "value": "2.5883108601601132", "building_uid": "2872" }, "geometry": { "type": "MultiLineString", "coordinates": [ [ [ -90.513785914303213, 14.64481081687549 ], [ -90.513788553827723, 14.644787577052796 ] ], [ [ -90.513788301264313, 14.644811073863716 ], [ -90.513783527342113, 14.64481055988724 ] ], [ [ -90.513790940788581, 14.644787834040956 ], [ -90.513786166866865, 14.644787320064614 ] ] ] } },
{ "type": "Feature", "properties": { "kind": "b", "value": "3.253838893875419", "building_uid": "2875" }, "geometry": { "type": "MultiLineString", "coordinates": [ [ [ -90.5138324130439, 14.644776701438499 ], [ -90.51386227438708, 14.644781027238761 ] ], [ [ -90.51383196874103, 14.644779608785452 ], [ -90.513832857346756, 14.644773794091547 ] ], [ [ -90.513861830084593, 14.644783934585828 ], [ -90.513862718689566, 14.644778119891692 ] ] ] } },
{ "type": "Feature", "properties": { "kind": "b", "value": "8.169167263969431", "building_uid": "2876" }, "geometry": { "type": "MultiLineString", "coordinates": [ [ [ -90.514330773438644, 14.644878259727012 ], [ -90.514255591292155, 14.644868886907776 ] ], [ [ -90.514331736119516, 14.644870939878656 ], [ -90.514329810757658, 14.644885579575341 ] ], [ [ -90.514256553975386, 14.644861567060117 ], [ -90.514254628608825, 14.644876206755418 ] ] ] } },
{ "type": "Feature", "properties": { "kind": "b", "value": "4.063323734119023", "building_uid": "2878" }, "geometry": { "type": "MultiLineString", "coordinates": [ [ [ -90.514181155930117, 14.644898702447874 ], [ -90.514218129110986, 14.644905878823471 ] ], [ [ -90.514180418844319, 14.644902302212346 ], [ -90.514181893015888, 14.644895102683387 ] ], [ [ -90.514217392025714, 14.644909478588151 ], [ -90.514218866196217, 14.644902279058778 ] ] ] } },
{ "type": "Feature", "properties": { "kind": "b", "value": "5.108099646773637", "building_uid": "2888" }, "geometry": { "type": "MultiLineString", "coordinates": [ [ [ -90.513069556345599, 14.645673527772832 ], [ -90.513116529117397, 14.645679670628519 ] ], [ [ -90.513068925410181, 14.645678101096145 ], [ -90.513070187280988, 14.6456689544495 ] ], [ [ -90.513115898182889, 14.645684243952116 ], [ -90.513117160051848, 14.645675097304919 ] ] ] } },
{ "type": "Feature", "properties": { "kind": "b", "value": "4.553644717874474", "building_uid": "2890" }, "geometry": { "type": "MultiLineString", "coordinates": [ [ [ -90.512952055916429, 14.645606244054651 ], [ -90.512957788882304, 14.645565489227685 ] ], [ [ -90.512956241858177, 14.645606802223156 ], [ -90.512947869974724, 14.645605685886069 ] ], [ [ -90.512961974823313, 14.645566047395965 ], [ -90.512953602941323, 14.645564931059324 ] ] ] } },
{ "type": "Feature", "properties": { "kind": "b", "value": "17.097784350721557", "building_uid": "2893" }, "geometry": { "type": "MultiLineString", "coordinates": [ [ [ -90.512636713141035, 14.645129572470795 ], [ -90.512480217133216, 14.645104274909869 ] ], [ [ -90.512639311450769, 14.645114335797102 ], [ -90.512634114830774, 14.645144809144382 ] ], [ [ -90.512482815452898, 14.645089038239556 ], [ -90.512477618812994, 14.645119511580083 ] ] ] } },
{ "type": "Feature", "properties": { "kind": "b", "value": "5.424729995984509", "building_uid": "2894" }, "geometry": { "type": "MultiLineString", "coordinates": [ [ [ -90.512415054811498, 14.645556114045331 ], [ -90.512365208543685, 14.645549319951146 ] ], [ [ -90.512415752634453, 14.645551260952024 ], [ -90.512414356988501, 14.645560967138623 ] ], [ [ -90.512365906367663, 14.64554446685816 ], [ -90.512364510719664, 14.645554173044125 ] ] ] } },
{ "type": "Feature", "properties": { "kind": "b", "value": "2.638396170318431", "building_uid": "3049" }, "geometry": { "type": "MultiLineString", "coordinates": [ [ [ -90.513997318831173, 14.645567149803819 ], [ -90.513994275069791, 14.645590798781448 ] ], [ [ -90.513994889837306, 14.645566853459574 ], [ -90.513999747825068, 14.645567446148037 ] ], [ [ -90.513991846075655, 14.64559050243713 ], [ -90.513996704063928, 14.645591095125738 ] ] ] } },
{ "type": "Feature", "properties": { "kind": "b", "value": "0.07619281080999867", "building_uid": "3240" }, "geometry": { "type": "MultiLineString", "coordinates": [ [ [ -90.514160873822846, 14.643277878861971 ], [ -90.514160175135402, 14.643277774034448 ] ], [ [ -90.5141608845896, 14.643277810836201 ], [ -90.514160863056105, 14.643277946887745 ] ], [ [ -90.51416018590217, 14.643277706008679 ], [ -90.514160164368647, 14.643277842060222 ] ] ] } },
{ "type": "Feature", "properties": { "kind": "b", "value": "3.420508589527997", "building_uid": "12789" }, "geometry": { "type": "MultiLineString", "coordinates": [ [ [ -90.514351391480929, 14.644452841166968 ], [ -90.514346658902838, 14.64448339482542 ] ], [ [ -90.514348253321273, 14.644452380395158 ], [ -90.514354529640599, 14.644453301938741 ] ], [ [ -90.51434352074277, 14.644482934053476 ], [ -90.514349797062906, 14.644483855597318 ] ] ] } },
{ "type": "Feature", "properties": { "kind": "b", "value": "3.3970594521240267", "building_uid": "12849" }, "geometry": { "type": "MultiLineString", "coordinates": [ [ [ -90.512527784756784, 14.644293058618999 ], [ -90.512496686214376, 14.644288064029144 ] ], [ [ -90.512528297749441, 14.644290030809447 ], [ -90.512527271764114, 14.644296086428547 ] ], [ [ -90.512497199207402, 14.644285036219721 ], [ -90.512496173221294, 14.644291091838568 ] ] ] } },
{ "type": "Feature", "properties": { "kind": "b", "value": "5.223617843195184", "building_uid": "12850" }, "geometry": { "type": "MultiLineString", "coordinates": [ [ [ -90.512160536869104, 14.645553172767428 ], [ -90.512112640445096, 14.645545957443019 ] ], [ [ -90.512161277956764, 14.645548509513215 ], [ -90.512159795781386, 14.645557836021622 ] ], [ [ -90.512113381533695, 14.645541294189117 ], [ -90.512111899356441, 14.645550620696911 ] ] ] } },
{ "type": "Feature", "properties": { "kind": "b", "value": "2.0402305002031973", "building_uid": "12851" }, "geometry": { "type": "MultiLineString", "coordinates": [ [ [ -90.512100574225499, 14.645501464903779 ], [ -90.512119336900682, 14.645503909218494 ] ], [ [ -90.512100323169165, 14.645503291661008 ], [ -90.51210082528182, 14.645499638146543 ] ], [ [ -90.512119085844503, 14.645505735975771 ], [ -90.512119587956875, 14.645502082461215 ] ] ] } },
{ "type": "Feature", "properties": { "kind": "b", "value": "1.6164277868959753", "building_uid": "756" }, "geometry": { "type": "MultiLineString", "coordinates": [ [ [ -90.514767028006162, 14.643810870548389 ], [ -90.514764640129513, 14.643825286275916 ] ], [ [ -90.514765547374282, 14.643810638059964 ], [ -90.514768508638028, 14.643811103036793 ] ], [ [ -90.514763159497562, 14.643825053787459 ], [ -90.514766120761479, 14.643825518764356 ] ] ] } },
{ "type": "Feature", "properties": { "kind": "b", "value": "0.4560872160220425", "building_uid": "12916" }, "geometry": { "type": "MultiLineString", "coordinates": [ [ [ -90.5149684458503, 14.645514075785753 ], [ -90.514968992720966, 14.645509990271828 ] ], [ [ -90.514968865474614, 14.645514129029761 ], [ -90.514968026226001, 14.64551402254175 ] ], [ [ -90.51496941234528, 14.64551004351582 ], [ -90.514968573096667, 14.645509937027828 ] ] ] } },
{ "type": "Feature", "properties": { "kind": "b", "value": "4.95826600472721", "building_uid": "12952" }, "geometry": { "type": "MultiLineString", "coordinates": [ [ [ -90.514826864217753, 14.646236732801908 ], [ -90.514872441118513, 14.646242826040515 ] ], [ [ -90.514826238376912, 14.646241170210072 ], [ -90.514827490058551, 14.646232295393734 ] ], [ [ -90.514871815278539, 14.646247263448942 ], [ -90.514873066958444, 14.646238388632074 ] ] ] } },
{ "type": "Feature", "properties": { "kind": "b", "value": "21.445260519997905", "building_uid": "48" }, "geometry": { "type": "MultiLineString", "coordinates": [ [ [ -90.51385378879651, 14.644229663513819 ], [ -90.513879443851081, 14.644037554988644 ] ], [ [ -90.513873520200917, 14.644232161339037 ], [ -90.513834057392799, 14.644227165686987 ] ], [ [ -90.513899175239288, 14.644040052809068 ], [ -90.513859712463571, 14.644035057166612 ] ] ] } },
{ "type": "Feature", "properties": { "kind": "b", "value": "4.0764956081987656", "building_uid": "181" }, "geometry": { "type": "MultiLineString", "coordinates": [ [ [ -90.514708394258918, 14.644620062592331 ], [ -90.514703500375035, 14.644656578044284 ] ], [ [ -90.514704643761846, 14.644619586115899 ], [ -90.514712144756018, 14.644620539068702 ] ], [ [ -90.514699749877366, 14.644656101567676 ], [ -90.514707250872718, 14.644657054520831 ] ] ] } },
{ "type": "Feature", "properties": { "kind": "b", "value": "5.873512018965169", "building_uid": "190" }, "geometry": { "type": "MultiLineString", "coordinates": [ [ [ -90.513049180140797, 14.644354434670511 ], [ -90.513056692628297, 14.644301882952551 ] ], [ [ -90.513054577713902, 14.644355166099674 ], [ -90.513043782567749, 14.644353703241226 ] ], [ [ -90.513062090200208, 14.644302614381346 ], [ -90.513051295056471, 14.644301151523631 ] ] ] } },
{ "type": "Feature", "properties": { "kind": "b", "value": "3.7194854222067493", "building_uid": "765" }, "geometry": { "type": "MultiLineString", "coordinates": [ [ [ -90.514582029280206, 14.645337030823237 ], [ -90.51458675232756, 14.645303747022778 ] ], [ [ -90.514585447866097, 14.645337490665403 ], [ -90.514578610694343, 14.645336570981021 ] ], [ [ -90.514590170912967, 14.645304206864791 ], [ -90.514583333742181, 14.645303287180711 ] ] ] } },
{ "type": "Feature", "properties": { "kind": "b", "value": "5.328406515658891", "building_uid": "920" }, "geometry": { "type": "MultiLineString", "coordinates": [ [ [ -90.513726779205712, 14.64614875775429 ], [ -90.513719254081295, 14.646196330999109 ] ], [ [ -90.513721892929752, 14.646148025101249 ], [ -90.513731665481743, 14.646149490407232 ] ], [ [ -90.513714367804354, 14.646195598345749 ], [ -90.513724140358292, 14.64619706365237 ] ] ] } },
{ "type": "Feature", "properties": { "kind": "b", "value": "0.14671082305596864", "building_uid": "1298" }, "geometry": { "type": "MultiLineString", "coordinates": [ [ [ -90.51371558422359, 14.644374997262082 ], [ -90.513715422536649, 14.644376313190348 ] ], [ [ -90.513715449064932, 14.644374981519958 ], [ -90.513715719382247, 14.644375013004202 ] ], [ [ -90.513715287378005, 14.644376297448227 ], [ -90.513715557695321, 14.644376328932468 ] ] ] } },
{ "type": "Feature", "properties": { "kind": "b", "value": "7.004758617871346", "building_uid": "1301" }, "geometry": { "type": "MultiLineString", "coordinates": [ [ [ -90.515075717323384, 14.644615896976998 ], [ -90.515084708085368, 14.644553227889361 ] ], [ [ -90.515082154056628, 14.64461677233259 ], [ -90.515069280590225, 14.644615021621229 ] ], [ [ -90.515091144816893, 14.644554103244428 ], [ -90.515078271353914, 14.644552352534124 ] ] ] } },
{ "type": "Feature", "properties": { "kind": "b", "value": "3.17542415632338", "building_uid": "1547" }, "geometry": { "type": "MultiLineString", "coordinates": [ [ [ -90.514471621402919, 14.645587850978876 ], [ -90.51446755381042, 14.645616261463834 ] ], [ [ -90.514468703352861, 14.645587454953256 ], [ -90.514474539453019, 14.645588247004454 ] ], [ [ -90.514464635759992, 14.645615865438112 ], [ -90.514470471860847, 14.645616657489526 ] ] ] } },
{ "type": "Feature", "properties": { "kind": "b", "value": "3.7757008419118905", "building_uid": "1548" }, "geometry": { "type": "MultiLineString", "coordinates": [ [ [ -90.514502455644674, 14.645701517131334 ], [ -90.514507621300609, 14.64566778219657 ] ], [ [ -90.514505920572489, 14.645702020065615 ], [ -90.514498990716874, 14.645701014197007 ] ], [ [ -90.514511086227941, 14.645668285130691 ], [ -90.514504156373292, 14.645667279262401 ] ] ] } },
{ "type": "Feature", "properties": { "kind": "b", "value": "8.122978716817165", "building_uid": "1550" }, "geometry": { "type": "MultiLineString", "coordinates": [ [ [ -90.514023563570049, 14.645692624647596 ], [ -90.514098605469016, 14.645699440172526 ] ], [ [ -90.514022863543701, 14.645699930812828 ], [ -90.514024263596326, 14.645685318482363 ] ], [ [ -90.514097905445055, 14.645706746338364 ], [ -90.514099305492891, 14.645692134006678 ] ] ] } },
{ "type": "Feature", "properties": { "kind": "b", "value": "3.68258245570052", "building_uid": "1555" }, "geometry": { "type": "MultiLineString", "coordinates": [ [ [ -90.512954894006569, 14.645160873815257 ], [ -90.512959767402691, 14.645127947377484 ] ], [ [ -90.512958275884898, 14.645161348295971 ], [ -90.512951512128225, 14.6451603993345 ] ], [ [ -90.512963149280566, 14.645128421858043 ], [ -90.512956385524845, 14.645127472896874 ] ] ] } },
{ "type": "Feature", "properties": { "kind": "b", "value": "35.04999647622903", "building_uid": "2606" }, "geometry": { "type": "MultiLineString", "coordinates": [ [ [ -90.512481936239894, 14.643990010583083 ], [ -90.512804085402905, 14.644033298017405 ] ], [ [ -90.512477490183471, 14.644021375633098 ], [ -90.512486382294327, 14.643958645532704 ] ], [ [ -90.512799639389428, 14.644064663080554 ], [ -90.512808531414393, 14.644001932953891 ] ] ] } },
{ "type": "Feature", "properties": { "kind": "b", "value": "9.533881262344094", "building_uid": "2709" }, "geometry": { "type": "MultiLineString", "coordinates": [ [ [ -90.514308887288891, 14.647303853619388 ], [ -90.51429652375306, 14.647389132517743 ] ], [ [ -90.514300128196282, 14.647302649900842 ], [ -90.514317646381627, 14.647305057337626 ] ], [ [ -90.514287764657311, 14.647387928798212 ], [ -90.51430528284898, 14.647390336236958 ] ] ] } },
{ "type": "Feature", "properties": { "kind": "b", "value": "1.5038023887727925", "building_uid": "2713" }, "geometry": { "type": "MultiLineString", "coordinates": [ [ [ -90.514161512276118, 14.648267958111068 ], [ -90.514163372136409, 14.648254494750516 ] ], [ [ -90.514162895119327, 14.648268139187065 ], [ -90.514160129432909, 14.648267777035061 ] ], [ [ -90.514164754979532, 14.648254675826484 ], [ -90.514161989293271, 14.648254313674533 ] ] ] } },
{ "type": "Feature", "properties": { "kind": "b", "value": "6.670390378967148", "building_uid": "2714" }, "geometry": { "type": "MultiLineString", "coordinates": [ [ [ -90.514251091712012, 14.648232617911264 ], [ -90.514189821308875, 14.648224107324836 ] ], [ [ -90.514251965846938, 14.648226652623912 ], [ -90.514250217577029, 14.648238583198602 ] ], [ [ -90.51419069544535, 14.648218142037965 ], [ -90.514188947172343, 14.648230072611694 ] ] ] } },
{ "type": "Feature", "properties": { "kind": "b", "value": "1.423248782591809", "building_uid": "2715" }, "geometry": { "type": "MultiLineString", "coordinates": [ [ [ -90.514097412754651, 14.64824664713144 ], [ -90.514095637581647, 14.648259387340051 ] ], [ [ -90.514096104187644, 14.648246474300601 ], [ -90.514098721321659, 14.648246819962269 ] ], [ [ -90.514094329014583, 14.648259214509194 ], [ -90.514096946148712, 14.648259560170899 ] ] ] } },
{ "type": "Feature", "properties": { "kind": "b", "value": "7.2170693187511965", "building_uid": "2717" }, "geometry": { "type": "MultiLineString", "coordinates": [ [ [ -90.514146430684974, 14.648011832611475 ], [ -90.514080068470989, 14.648003118468607 ] ], [ [ -90.514147325726455, 14.648005371578741 ], [ -90.514145535643436, 14.648018293644197 ] ], [ [ -90.514080963514274, 14.647996657436419 ], [ -90.514079173427604, 14.648009579500778 ] ] ] } },
{ "type": "Feature", "properties": { "kind": "b", "value": "3.635456026243891", "building_uid": "2718" }, "geometry": { "type": "MultiLineString", "coordinates": [ [ [ -90.514335227520547, 14.647876332225303 ], [ -90.514340187618629, 14.647843848361452 ] ], [ [ -90.514338563983912, 14.647876815141386 ], [ -90.514331891057196, 14.647875849309189 ] ], [ [ -90.514343524081539, 14.647844331277378 ], [ -90.514336851155733, 14.647843365445471 ] ] ] } },
{ "type": "Feature", "properties": { "kind": "b", "value": "1.1617730808682283", "building_uid": "2722" }, "geometry": { "type": "MultiLineString", "coordinates": [ [ [ -90.514539782120579, 14.648038708270237 ], [ -90.514550464833405, 14.648040111026097 ] ], [ [ -90.514539638041427, 14.648039748340169 ], [ -90.514539926199745, 14.648037668200297 ] ], [ [ -90.514550320754296, 14.648041151096045 ], [ -90.514550608912515, 14.648039070956148 ] ] ] } },
{ "type": "Feature", "properties": { "kind": "b", "value": "9.651901087428714", "building_uid": "2727" }, "geometry": { "type": "MultiLineString", "coordinates": [ [ [ -90.51440238079455, 14.647765430441055 ], [ -90.514388364915391, 14.647851546355492 ] ], [ [ -90.514393535712216, 14.647764065852634 ], [ -90.514411225877055, 14.647766795029158 ] ], [ [ -90.514379519829859, 14.647850181766014 ], [ -90.514397210001093, 14.647852910944648 ] ] ] } },
{ "type": "Feature", "properties": { "kind": "b", "value": "2.9271699803085296", "building_uid": "2733" }, "geometry": { "type": "MultiLineString", "coordinates": [ [ [ -90.514343642576321, 14.6467461397359 ], [ -90.514339712218572, 14.646772303954981 ] ], [ [ -90.514340955226572, 14.646745757073662 ], [ -90.514346329926084, 14.646746522398105 ] ], [ [ -90.514337024868539, 14.646771921292647 ], [ -90.514342399568633, 14.646772686617284 ] ] ] } },
{ "type": "Feature", "properties": { "kind": "b", "value": "2.9479877287657814", "building_uid": "2735" }, "geometry": { "type": "MultiLineString", "coordinates": [ [ [ -90.514346828869122, 14.646719864587086 ], [ -90.514342934394548, 14.646746223898548 ] ], [ [ -90.514344121481614, 14.646719485418421 ], [ -90.514349536256674, 14.646720243755732 ] ], [ [ -90.514340227006713, 14.646745844729784 ], [ -90.514345641782384, 14.646746603067285 ] ] ] } },
{ "type": "Feature", "properties": { "kind": "b", "value": "1.6496234585047993", "building_uid": "2737" }, "geometry": { "type": "MultiLineString", "coordinates": [ [ [ -90.514495206941803, 14.646739076927153 ], [ -90.514497386435494, 14.646724326918424 ] ], [ [ -90.514496721928012, 14.646739289124158 ], [ -90.514493691955607, 14.646738864730136 ] ], [ [ -90.514498901421604, 14.646724539115398 ], [ -90.514495871449398, 14.64672411472144 ] ] ] } },
{ "type": "Feature", "properties": { "kind": "b", "value": "0.0576477431248871", "building_uid": "2739" }, "geometry": { "type": "MultiLineString", "coordinates": [ [ [ -90.514439956002462, 14.646525259444994 ], [ -90.514439889066196, 14.646525776111631 ] ], [ [ -90.514439902935237, 14.646525252928031 ], [ -90.514440009069688, 14.646525265961959 ] ], [ [ -90.514439835998971, 14.646525769594664 ], [ -90.514439942133436, 14.646525782628599 ] ] ] } },
{ "type": "Feature", "properties": { "kind": "b", "value": "8.456700213494393", "building_uid": "2743" }, "geometry": { "type": "MultiLineString", "coordinates": [ [ [ -90.513541984893905, 14.64632603554837 ], [ -90.513464547960837, 14.646313713993271 ] ], [ [ -90.513543250447796, 14.646318496220861 ], [ -90.5135407193399, 14.646333574875859 ] ], [ [ -90.513465813517158, 14.646306174666579 ], [ -90.513463282404373, 14.646321253319936 ] ] ] } },
{ "type": "Feature", "properties": { "kind": "b", "value": "9.397557799133468", "building_uid": "2756" }, "geometry": { "type": "MultiLineString", "coordinates": [ [ [ -90.513908238575326, 14.647682475263791 ], [ -90.513896162713181, 14.647766549916772 ] ], [ [ -90.513899603157043, 14.647681299555309 ], [ -90.51391687399375, 14.64768365097197 ] ], [ [ -90.5138875272918, 14.647765374207344 ], [ -90.513904798134689, 14.647767725625901 ] ] ] } },
{ "type": "Feature", "properties": { "kind": "b", "value": "2.1349639973574597", "building_uid": "2760" }, "geometry": { "type": "MultiLineString", "coordinates": [ [ [ -90.513781000199373, 14.647661317577917 ], [ -90.513800599566963, 14.647664116481284 ] ], [ [ -90.513780712720276, 14.647663225777517 ], [ -90.513781287678469, 14.647659409378319 ] ], [ [ -90.513800312088023, 14.647666024680928 ], [ -90.513800887045903, 14.647662208281636 ] ] ] } },
{ "type": "Feature", "properties": { "kind": "b", "value": "8.016317777203204", "building_uid": "2784" }, "geometry": { "type": "MultiLineString", "coordinates": [ [ [ -90.513595576928566, 14.64819300134512 ], [ -90.513668617066401, 14.648206678853359 ] ], [ [ -90.513594172089228, 14.648200112534242 ], [ -90.51359698176779, 14.648185890155958 ] ], [ [ -90.51366721222918, 14.648213790043279 ], [ -90.513670021903508, 14.648199567663413 ] ] ] } },
{ "type": "Feature", "properties": { "kind": "b", "value": "7.062975351212556", "building_uid": "2802" }, "geometry": { "type": "MultiLineString", "coordinates": [ [ [ -90.512853357475876, 14.648106013624478 ], [ -90.512788434472313, 14.648097326392012 ] ], [ [ -90.512854249753772, 14.648099692716185 ], [ -90.512852465197909, 14.648112334532756 ] ], [ [ -90.512789326751943, 14.648091005484254 ], [ -90.512787542192598, 14.648103647299763 ] ] ] } },
{ "type": "Feature", "properties": { "kind": "b", "value": "0.01831134515436435", "building_uid": "2873" }, "geometry": { "type": "MultiLineString", "coordinates": [ [ [ -90.513977234299901, 14.644918217373702 ], [ -90.513977401680819, 14.644918245742707 ] ], [ [ -90.513977231386122, 14.644918233670158 ], [ -90.513977237213695, 14.644918201077246 ] ], [ [ -90.51397739876704, 14.644918262039162 ], [ -90.513977404594584, 14.644918229446256 ] ] ] } },
{ "type": "Feature", "properties": { "kind": "b", "value": "2.2319234042638367", "building_uid": "2880" }, "geometry": { "type": "MultiLineString", "coordinates": [ [ [ -90.514035120877082, 14.645206939853049 ], [ -90.514055554505404, 14.645210213868193 ] ], [ [ -90.514034784602444, 14.645208929299042 ], [ -90.514035457151735, 14.645204950407059 ] ], [ [ -90.514055218230922, 14.645212203314236 ], [ -90.514055890779886, 14.645208224422143 ] ] ] } },
{ "type": "Feature", "properties": { "kind": "b", "value": "10.392547920276623", "building_uid": "2891" }, "geometry": { "type": "MultiLineString", "coordinates": [ [ [ -90.512333283595183, 14.645378904234525 ], [ -90.512321246296594, 14.645472050724964 ] ], [ [ -90.512323716498315, 14.645377732268205 ], [ -90.512342850692207, 14.645380076200468 ] ], [ [ -90.512311679195918, 14.645470878757523 ], [ -90.51233081339744, 14.645473222692019 ] ] ] } },
{ "type": "Feature", "properties": { "kind": "b", "value": "5.716886073361544", "building_uid": "12745" }, "geometry": { "type": "MultiLineString", "coordinates": [ [ [ -90.514077898394504, 14.646224958299625 ], [ -90.514130431600819, 14.646232103159788 ] ], [ [ -90.514077164540851, 14.646230072980215 ], [ -90.514078632248115, 14.646219843619026 ] ], [ [ -90.514129697748302, 14.64623721784073 ], [ -90.514131165453279, 14.646226988478835 ] ] ] } },
{ "type": "Feature", "properties": { "kind": "b", "value": "4.286499515788803", "building_uid": "12746" }, "geometry": { "type": "MultiLineString", "coordinates": [ [ [ -90.514439789915897, 14.64632202481979 ], [ -90.514434617147799, 14.646360417976586 ] ], [ [ -90.514435846529011, 14.646321521194702 ], [ -90.514443733302798, 14.646322528444806 ] ], [ [ -90.514430673760273, 14.646359914351311 ], [ -90.514438560535353, 14.646360921601797 ] ] ] } },
{ "type": "Feature", "properties": { "kind": "b", "value": "3.931390435633869", "building_uid": "12782" }, "geometry": { "type": "MultiLineString", "coordinates": [ [ [ -90.513387205217342, 14.644309163200287 ], [ -90.513382137644967, 14.644344332974267 ] ], [ [ -90.51338359293986, 14.644308669812549 ], [ -90.513390817494866, 14.64430965658797 ] ], [ [ -90.513378525366932, 14.644343839586368 ], [ -90.513385749923003, 14.644344826362122 ] ] ] } },
{ "type": "Feature", "properties": { "kind": "b", "value": "7.413184343028189", "building_uid": "12783" }, "geometry": { "type": "MultiLineString", "coordinates": [ [ [ -90.513185115388779, 14.643668395896423 ], [ -90.513253178119484, 14.643678050678384 ] ], [ [ -90.513184123750776, 14.643675022623709 ], [ -90.513186107026684, 14.643661769169118 ] ], [ [ -90.513252186483399, 14.643684677406274 ], [ -90.513254169755484, 14.643671423950479 ] ] ] } },
{ "type": "Feature", "properties": { "kind": "b", "value": "5.08930979434952", "building_uid": "12784" }, "geometry": { "type": "MultiLineString", "coordinates": [ [ [ -90.513508599095843, 14.643589902759549 ], [ -90.513461837133391, 14.643583515926384 ] ], [ [ -90.513509255082994, 14.643585349916645 ], [ -90.513507943108635, 14.643594455602441 ] ], [ [ -90.513462493121452, 14.643578963083764 ], [ -90.513461181145288, 14.643588068769002 ] ] ] } },
{ "type": "Feature", "properties": { "kind": "b", "value": "11.28778930501408", "building_uid": "12785" }, "geometry": { "type": "MultiLineString", "coordinates": [ [ [ -90.513360963550596, 14.643958666449612 ], [ -90.513465179773362, 14.643968763956178 ] ], [ [ -90.513359926437843, 14.643968813141408 ], [ -90.513362000663179, 14.643948519757791 ] ], [ [ -90.5134641426652, 14.643978910649178 ], [ -90.513466216881355, 14.643958617263154 ] ] ] } },
{ "type": "Feature", "properties": { "kind": "b", "value": "15.228092279835762", "building_uid": "12786" }, "geometry": { "type": "MultiLineString", "coordinates": [ [ [ -90.513468422412487, 14.643983867142349 ], [ -90.51332850234374, 14.64396475648557 ] ], [ [ -90.513470385255332, 14.643970244254028 ], [ -90.513466459569258, 14.643997490030591 ] ], [ [ -90.51333046519467, 14.643951133599748 ], [ -90.513326539492411, 14.643978379371324 ] ] ] } },
{ "type": "Feature", "properties": { "kind": "b", "value": "4.299274523360269", "building_uid": "12788" }, "geometry": { "type": "MultiLineString", "coordinates": [ [ [ -90.514304555560685, 14.644576974926439 ], [ -90.51434391822032, 14.644583268552989 ] ], [ [ -90.514303909142953, 14.644580807339862 ], [ -90.514305201978388, 14.644573142513005 ] ], [ [ -90.514343271803213, 14.644587100966632 ], [ -90.514344564637383, 14.644579436139347 ] ] ] } },
{ "type": "Feature", "properties": { "kind": "b", "value": "4.83426757695227", "building_uid": "12846" }, "geometry": { "type": "MultiLineString", "coordinates": [ [ [ -90.512464593694446, 14.644022329591918 ], [ -90.512470415525158, 14.64397902874282 ] ], [ [ -90.512469041106414, 14.644022896416564 ], [ -90.512460146282493, 14.644021762767183 ] ], [ [ -90.512474862936315, 14.643979595567227 ], [ -90.512465968114029, 14.643978461918334 ] ] ] } },
{ "type": "Feature", "properties": { "kind": "b", "value": "4.13349406395786", "building_uid": "12915" }, "geometry": { "type": "MultiLineString", "coordinates": [ [ [ -90.514991459156363, 14.645477709330208 ], [ -90.514986627113331, 14.645514751685587 ] ], [ [ -90.514987654526038, 14.645477238876566 ], [ -90.514995263786702, 14.645478179783781 ] ], [ [ -90.514982822482409, 14.645514281231769 ], [ -90.51499043174428, 14.645515222139347 ] ] ] } },
{ "type": "Feature", "properties": { "kind": "b", "value": "0.10033392972562437", "building_uid": "12919" }, "geometry": { "type": "MultiLineString", "coordinates": [ [ [ -90.51386779620276, 14.644386395880378 ], [ -90.51386792420972, 14.644385498124219 ] ], [ [ -90.51386788841107, 14.64438640834336 ], [ -90.51386770399445, 14.644386383417398 ] ], [ [ -90.51386801641803, 14.644385510587201 ], [ -90.513867832001409, 14.644385485661237 ] ] ] } },
{ "type": "Feature", "properties": { "kind": "b", "value": "0.036811064194517316", "building_uid": "12987" }, "geometry": { "type": "MultiLineString", "coordinates": [ [ [ -90.515108180891474, 14.644188021932905 ], [ -90.51510852019436, 14.644188059957932 ] ], [ [ -90.515108176985947, 14.644188054968048 ], [ -90.515108184797015, 14.644187988897755 ] ], [ [ -90.515108516288834, 14.64418809299308 ], [ -90.515108524099901, 14.644188026922778 ] ] ] } },
{ "type": "Feature", "properties": { "kind": "b", "value": "3.7896658841296547", "building_uid": "12997" }, "geometry": { "type": "MultiLineString", "coordinates": [ [ [ -90.512945553187365, 14.645542138751923 ], [ -90.512910716663328, 14.645537493520958 ] ], [ [ -90.512946030300157, 14.645538747025372 ], [ -90.512945076074544, 14.645545530478463 ] ], [ [ -90.512911193776617, 14.64553410179456 ], [ -90.512910239549996, 14.645540885247343 ] ] ] } },
{ "type": "Feature", "properties": { "kind": "b", "value": "2.3222593911459266", "building_uid": "1000002" }, "geometry": { "type": "MultiLineString", "coordinates": [ [ [ -90.514418751768034, 14.64298977721174 ], [ -90.514397379698693, 14.642987113759506 ] ], [ [ -90.514419025328692, 14.642987696376453 ], [ -90.514418478207375, 14.642991858047017 ] ], [ [ -90.514397653259536, 14.64298503292428 ], [ -90.514397106137849, 14.642989194594731 ] ] ] } },
{ "type": "Feature", "properties": { "kind": "b", "value": "1.247989096410568", "building_uid": "1000004" }, "geometry": { "type": "MultiLineString", "coordinates": [ [ [ -90.515034997582134, 14.643191484829792 ], [ -90.51502351900551, 14.643190002289174 ] ], [ [ -90.515035149852636, 14.643190367249437 ], [ -90.515034845311632, 14.643192602410144 ] ], [ [ -90.515023671276069, 14.643188884708838 ], [ -90.515023366734937, 14.64319111986951 ] ] ] } },
{ "type": "Feature", "properties": { "kind": "b", "value": "0.932438315875787", "building_uid": "1000005" }, "geometry": { "type": "MultiLineString", "coordinates": [ [ [ -90.512471525020899, 14.643473436301047 ], [ -90.512480109315945, 14.643474483196819 ] ], [ [ -90.512471417494922, 14.643474272086449 ], [ -90.512471632546863, 14.643472600515638 ] ], [ [ -90.512480001790024, 14.643475318982233 ], [ -90.512480216841894, 14.64347364741141 ] ] ] } },
{ "type": "Feature", "properties": { "kind": "b", "value": "3.5924611458462596", "building_uid": "1000011" }, "geometry": { "type": "MultiLineString", "coordinates": [ [ [ -90.514916885035518, 14.643963367460653 ], [ -90.514920841967466, 14.643931144455275 ] ], [ [ -90.514920194645953, 14.643963752715244 ], [ -90.514913575425112, 14.643962982206009 ] ], [ [ -90.514924151577418, 14.643931529709738 ], [ -90.514917532357529, 14.643930759200764 ] ] ] } },
{ "type": "Feature", "properties": { "kind": "b", "value": "8.257111619544673", "building_uid": "182" }, "geometry": { "type": "MultiLineString", "coordinates": [ [ [ -90.514701581661498, 14.644253765842969 ], [ -90.514711028569423, 14.644179744503152 ] ], [ [ -90.514709184370261, 14.644254685611292 ], [ -90.514693978952849, 14.6442528460744 ] ], [ [ -90.514718631275798, 14.644180664270786 ], [ -90.514703425863189, 14.644178824735286 ] ] ] } },
{ "type": "Feature", "properties": { "kind": "b", "value": "7.73495572288702", "building_uid": "1000013" }, "geometry": { "type": "MultiLineString", "coordinates": [ [ [ -90.514891877309509, 14.644196839038855 ], [ -90.514884452874483, 14.644266337834132 ] ], [ [ -90.514884739111693, 14.644196116182618 ], [ -90.514899015507396, 14.644197561894879 ] ], [ [ -90.514877314674521, 14.644265614977318 ], [ -90.51489159107453, 14.644267060690728 ] ] ] } },
{ "type": "Feature", "properties": { "kind": "b", "value": "0.1960073016904025", "building_uid": "1000016" }, "geometry": { "type": "MultiLineString", "coordinates": [ [ [ -90.514674112853783, 14.645324895350386 ], [ -90.514673884522566, 14.645326651970558 ] ], [ [ -90.514673932430981, 14.64532487311976 ], [ -90.514674293276585, 14.645324917581016 ] ], [ [ -90.514673704099764, 14.645326629739921 ], [ -90.514674064945382, 14.645326674201183 ] ] ] } },
{ "type": "Feature", "properties": { "kind": "b", "value": "4.182826356867186", "building_uid": "1000015" }, "geometry": { "type": "MultiLineString", "coordinates": [ [ [ -90.514560408057022, 14.645193122807335 ], [ -90.514522009110195, 14.645187640721927 ] ], [ [ -90.514560971122421, 14.645189384232909 ], [ -90.514559844991581, 14.645196861381754 ] ], [ [ -90.514522572176219, 14.645183902147691 ], [ -90.514521446044157, 14.645191379296161 ] ] ] } },
{ "type": "Feature", "properties": { "kind": "b", "value": "12.344825688360354", "building_uid": "2861" }, "geometry": { "type": "MultiLineString", "coordinates": [ [ [ -90.512279168732249, 14.646652383282685 ], [ -90.512295433032506, 14.646541996544538 ] ], [ [ -90.5122905066453, 14.646653966787627 ], [ -90.512267830819454, 14.646650799777223 ] ], [ [ -90.512306770940256, 14.646543580047826 ], [ -90.512284095125011, 14.646540413040723 ] ] ] } },
{ "type": "Feature", "properties": { "kind": "b", "value": "4.266513187912829", "building_uid": "1000020" }, "geometry": { "type": "MultiLineString", "coordinates": [ [ [ -90.512175014586589, 14.647184466442656 ], [ -90.512135444017602, 14.647183378532461 ] ], [ [ -90.512175126326682, 14.647180613832981 ], [ -90.512174902846496, 14.64718831905232 ] ], [ [ -90.512135555758377, 14.647179525922924 ], [ -90.512135332276841, 14.647187231141997 ] ] ] } },
{ "type": "Feature", "properties": { "kind": "b", "value": "0.051585483068643266", "building_uid": "1000021" }, "geometry": { "type": "MultiLineString", "coordinates": [ [ [ -90.512194149312535, 14.647162811295861 ], [ -90.512194136019701, 14.647163277112453 ] ], [ [ -90.512194101468026, 14.647162810001664 ], [ -90.512194197157058, 14.647162812590054 ] ], [ [ -90.512194088175193, 14.64716327581826 ], [ -90.512194183864239, 14.64716327840665 ] ] ] } },
{ "type": "Feature", "properties": { "kind": "b", "value": "0.25610617118620504", "building_uid": "1000001" }, "geometry": { "type": "MultiLineString", "coordinates": [ [ [ -90.514182478499166, 14.643132183861431 ], [ -90.514184829309627, 14.643132521229875 ] ], [ [ -90.514182443848327, 14.643132412741746 ], [ -90.51418251314999, 14.64313195498111 ] ], [ [ -90.514184794658817, 14.643132750110194 ], [ -90.514184863960466, 14.643132292349557 ] ] ] } },
{ "type": "Feature", "properties": { "kind": "b", "value": "7.469354763486348", "building_uid": "1000017" }, "geometry": { "type": "MultiLineString", "coordinates": [ [ [ -90.514578500799757, 14.645854212468246 ], [ -90.514509915148778, 14.645844527790107 ] ], [ [ -90.514579495516358, 14.645847534894848 ], [ -90.514577506083072, 14.645860890041625 ] ], [ [ -90.514510909867326, 14.645837850217323 ], [ -90.51450892043016, 14.645851205362877 ] ] ] } },
{ "type": "Feature", "properties": { "kind": "c", "value": "17.085546529387", "building_uid": "7" }, "geometry": { "type": "MultiLineString", "coordinates": [ [ [ -90.514078931756472, 14.642790451129317 ], [ -90.514100139060361, 14.642637496334467 ] ], [ [ -90.514094641589551, 14.642792515926269 ], [ -90.514063221923848, 14.642788386331347 ] ], [ [ -90.514115848883222, 14.642639561128327 ], [ -90.514084429237968, 14.642635431539592 ] ] ] } },
{ "type": "Feature", "properties": { "kind": "c", "value": "28.16367292628495", "building_uid": "8" }, "geometry": { "type": "MultiLineString", "coordinates": [ [ [ -90.514774678987578, 14.643090790811119 ], [ -90.515033480801804, 14.6431259495643 ] ], [ [ -90.514771067847576, 14.64311598834994 ], [ -90.514778290126301, 14.643065593272055 ] ], [ [ -90.515029869689485, 14.643151147111643 ], [ -90.515037091912831, 14.64310075201673 ] ] ] } },
{ "type": "Feature", "properties": { "kind": "c", "value": "0.8536789981122507", "building_uid": "10" }, "geometry": { "type": "MultiLineString", "coordinates": [ [ [ -90.515330451882065, 14.643129830142378 ], [ -90.515331594494967, 14.643122199095361 ] ], [ [ -90.515331235660469, 14.643129941389812 ], [ -90.515329668103661, 14.643129718894947 ] ], [ [ -90.515332378273357, 14.643122310342784 ], [ -90.515330810716605, 14.643122087847935 ] ] ] } },
{ "type": "Feature", "properties": { "kind": "c", "value": "12.969407018016007", "building_uid": "54" }, "geometry": { "type": "MultiLineString", "coordinates": [ [ [ -90.514414522434663, 14.642677374185057 ], [ -90.514398860659711, 14.642793536692041 ] ], [ [ -90.514402591506411, 14.642675849316383 ], [ -90.514426453363171, 14.642678899053132 ] ], [ [ -90.514386929725561, 14.642792011821605 ], [ -90.514410791594159, 14.642795061561889 ] ] ] } },
{ "type": "Feature", "properties": { "kind": "c", "value": "9.188129850837042", "building_uid": "55" }, "geometry": { "type": "MultiLineString", "coordinates": [ [ [ -90.514567447846133, 14.642866754923304 ], [ -90.51448299146945, 14.642855459607924 ] ], [ [ -90.514568607975463, 14.642858532045292 ], [ -90.514566287716676, 14.642874977801295 ] ], [ [ -90.514484151601735, 14.6428472367308 ], [ -90.514481831337037, 14.64286368248502 ] ] ] } },
{ "type": "Feature", "properties": { "kind": "c", "value": "8.965958322929167", "building_uid": "108" }, "geometry": { "type": "MultiLineString", "coordinates": [ [ [ -90.514050022853056, 14.643497915616956 ], [ -90.514038123041146, 14.643578076591222 ] ], [ [ -90.514041789572971, 14.643496757026341 ], [ -90.514058256133254, 14.643499074207288 ] ], [ [ -90.514029889758277, 14.643576917999743 ], [ -90.514046356324158, 14.643579235182436 ] ] ] } },
{ "type": "Feature", "properties": { "kind": "c", "value": "3.37500711134776", "building_uid": "109" }, "geometry": { "type": "MultiLineString", "coordinates": [ [ [ -90.514283657467104, 14.643891114856988 ], [ -90.514279348182583, 14.643921312896085 ] ], [ [ -90.514280555841083, 14.643890695296673 ], [ -90.514286759093139, 14.643891534417273 ] ], [ [ -90.514276246556165, 14.643920893335643 ], [ -90.514282449809002, 14.643921732456484 ] ] ] } },
{ "type": "Feature", "properties": { "kind": "c", "value": "3.5854152616044384", "building_uid": "110" }, "geometry": { "type": "MultiLineString", "coordinates": [ [ [ -90.514404296284695, 14.643849240427482 ], [ -90.514408917427275, 14.64381716562081 ] ], [ [ -90.514407590671951, 14.643849690351148 ], [ -90.514401001897454, 14.643848790503764 ] ], [ [ -90.51441221181409, 14.643817615544341 ], [ -90.514405623040489, 14.643816715697231 ] ] ] } },
{ "type": "Feature", "properties": { "kind": "c", "value": "4.298361181778614", "building_uid": "176" }, "geometry": { "type": "MultiLineString", "coordinates": [ [ [ -90.515227351821181, 14.64478663355777 ], [ -90.515222196399279, 14.644825137009638 ] ], [ [ -90.515223397133866, 14.64478613161797 ], [ -90.515231306508525, 14.644787135497506 ] ], [ [ -90.515218241711324, 14.644824635069648 ], [ -90.51522615108729, 14.644825638949566 ] ] ] } },
{ "type": "Feature", "properties": { "kind": "c", "value": "2.1419074347659826", "building_uid": "178" }, "geometry": { "type": "MultiLineString", "coordinates": [ [ [ -90.515020725955438, 14.644608346589672 ], [ -90.515017827568869, 14.644627488621593 ] ], [ [ -90.515018759880064, 14.644608064398033 ], [ -90.515022692030811, 14.644608628781288 ] ], [ [ -90.515015861493339, 14.644627206429906 ], [ -90.515019793644399, 14.644627770813264 ] ] ] } },
{ "type": "Feature", "properties": { "kind": "c", "value": "16.23183221739528", "building_uid": "185" }, "geometry": { "type": "MultiLineString", "coordinates": [ [ [ -90.513858749077116, 14.644032762974069 ], [ -90.513879524262222, 14.643887534689485 ] ], [ [ -90.513873665413698, 14.64403478568714 ], [ -90.513843832740989, 14.64403074026009 ] ], [ [ -90.513894440589581, 14.643889557399723 ], [ -90.51386460793529, 14.643885511978326 ] ] ] } },
{ "type": "Feature", "properties": { "kind": "c", "value": "9.022377632795532", "building_uid": "187" }, "geometry": { "type": "MultiLineString", "coordinates": [ [ [ -90.514059035881402, 14.64436010323932 ], [ -90.513976102058692, 14.644349015180177 ] ], [ [ -90.514060174731554, 14.644352028656547 ], [ -90.514057897031122, 14.644368177822066 ] ], [ [ -90.5139772409117, 14.64434094059828 ], [ -90.51397496320557, 14.64435708976206 ] ] ] } },
{ "type": "Feature", "properties": { "kind": "c", "value": "5.256138640143869", "building_uid": "192" }, "geometry": { "type": "MultiLineString", "coordinates": [ [ [ -90.5127149700036, 14.644334360423258 ], [ -90.512666666275706, 14.644327825324336 ] ], [ [ -90.51271564122132, 14.644329657487004 ], [ -90.512714298785838, 14.644339063359517 ] ], [ [ -90.512667337494406, 14.644323122388368 ], [ -90.512665995056992, 14.644332528260293 ] ] ] } },
{ "type": "Feature", "properties": { "kind": "c", "value": "8.542757839239115", "building_uid": "302" }, "geometry": { "type": "MultiLineString", "coordinates": [ [ [ -90.512611074812838, 14.64249587659055 ], [ -90.512532782734439, 14.642483845079532 ] ], [ [ -90.512612310554204, 14.642488253870521 ], [ -90.512609839071331, 14.642503499310552 ] ], [ [ -90.512534018478306, 14.642476222360331 ], [ -90.512531546990417, 14.642491467798706 ] ] ] } },
{ "type": "Feature", "properties": { "kind": "c", "value": "9.291534250018021", "building_uid": "303" }, "geometry": { "type": "MultiLineString", "coordinates": [ [ [ -90.513899819822015, 14.643264825917692 ], [ -90.513814680255649, 14.643251646275994 ] ], [ [ -90.513901173491135, 14.643256536537828 ], [ -90.513898466152739, 14.643273115297523 ] ], [ [ -90.513816033927739, 14.643243356897113 ], [ -90.513813326583417, 14.643259935654852 ] ] ] } },
{ "type": "Feature", "properties": { "kind": "c", "value": "9.846840271780493", "building_uid": "304" }, "geometry": { "type": "MultiLineString", "coordinates": [ [ [ -90.512594667525335, 14.643265647626054 ], [ -90.512580446398104, 14.643353514665073 ] ], [ [ -90.512585642770162, 14.643264263025884 ], [ -90.512603692280678, 14.643267032225896 ] ], [ [ -90.512571421639606, 14.643352130063805 ], [ -90.512589471156772, 14.643354899266004 ] ] ] } },
{ "type": "Feature", "properties": { "kind": "c", "value": "6.915528194152583", "building_uid": "305" }, "geometry": { "type": "MultiLineString", "coordinates": [ [ [ -90.512489784968722, 14.643366771439675 ], [ -90.512553356127782, 14.643375242735335 ] ], [ [ -90.512488914887257, 14.643372960866984 ], [ -90.512490655050115, 14.643360582012351 ] ], [ [ -90.51255248604798, 14.643381432163157 ], [ -90.512554226207513, 14.643369053307502 ] ] ] } },
{ "type": "Feature", "properties": { "kind": "c", "value": "8.882062651267775", "building_uid": "306" }, "geometry": { "type": "MultiLineString", "coordinates": [ [ [ -90.512383006313044, 14.643499721574967 ], [ -90.512464654881569, 14.643510602164486 ] ], [ [ -90.512381888773504, 14.64350767105344 ], [ -90.51238412385247, 14.643491772096473 ] ], [ [ -90.512463537344772, 14.643518551643798 ], [ -90.512465772418238, 14.643502652685152 ] ] ] } },
{ "type": "Feature", "properties": { "kind": "c", "value": "13.798054167807594", "building_uid": "500" }, "geometry": { "type": "MultiLineString", "coordinates": [ [ [ -90.514907867671212, 14.645747497760414 ], [ -90.514889562086694, 14.645870861666779 ] ], [ [ -90.514895196915191, 14.645745715509301 ], [ -90.514920538427546, 14.645749280010868 ] ], [ [ -90.51487689132405, 14.645869079413586 ], [ -90.51490223284965, 14.645872643919299 ] ] ] } },
{ "type": "Feature", "properties": { "kind": "c", "value": "4.262843604898815", "building_uid": "501" }, "geometry": { "type": "MultiLineString", "coordinates": [ [ [ -90.514873570498253, 14.645907055708584 ], [ -90.514879533684407, 14.64586898750674 ] ], [ [ -90.514877480501269, 14.645907636290804 ], [ -90.514869660495265, 14.645906475126312 ] ], [ [ -90.514883443686799, 14.645869568088751 ], [ -90.51487562368203, 14.645868406924665 ] ] ] } },
{ "type": "Feature", "properties": { "kind": "c", "value": "8.928885859590993", "building_uid": "502" }, "geometry": { "type": "MultiLineString", "coordinates": [ [ [ -90.513559688023179, 14.64569481234113 ], [ -90.513477826352428, 14.645682420903425 ] ], [ [ -90.513560960750894, 14.64568684219404 ], [ -90.513558415295336, 14.645702782488197 ] ], [ [ -90.513479099082872, 14.645674450757221 ], [ -90.513476553621842, 14.645690391049591 ] ] ] } },
{ "type": "Feature", "properties": { "kind": "c", "value": "5.858998507645227", "building_uid": "503" }, "geometry": { "type": "MultiLineString", "coordinates": [ [ [ -90.513752092294766, 14.645571557535433 ], [ -90.513743313507419, 14.645623790046031 ] ], [ [ -90.513746727477155, 14.645570702822356 ], [ -90.513757457112433, 14.64557241224839 ] ], [ [ -90.513737948688629, 14.645622935332561 ], [ -90.513748678326266, 14.645624644759382 ] ] ] } },
{ "type": "Feature", "properties": { "kind": "c", "value": "6.862483196833311", "building_uid": "504" }, "geometry": { "type": "MultiLineString", "coordinates": [ [ [ -90.513831655578002, 14.645521589105748 ], [ -90.513822784041409, 14.645582976598437 ] ], [ [ -90.513825350450759, 14.645520725362346 ], [ -90.513837960705317, 14.645522452848986 ] ], [ [ -90.513816478912517, 14.645582112854528 ], [ -90.513829089170386, 14.64558384034218 ] ] ] } },
{ "type": "Feature", "properties": { "kind": "c", "value": "7.894738496090121", "building_uid": "505" }, "geometry": { "type": "MultiLineString", "coordinates": [ [ [ -90.513516851673643, 14.645381159158971 ], [ -90.513589498457563, 14.645390291930438 ] ], [ [ -90.513515913643474, 14.645388232143159 ], [ -90.513517789703727, 14.645374086174767 ] ], [ [ -90.513588560429596, 14.64539736491527 ], [ -90.51359043648543, 14.645383218945586 ] ] ] } },
{ "type": "Feature", "properties": { "kind": "c", "value": "8.69464583210811", "building_uid": "506" }, "geometry": { "type": "MultiLineString", "coordinates": [ [ [ -90.513850948577556, 14.645164137992587 ], [ -90.513839397953078, 14.645241871728389 ] ], [ [ -90.513842964536096, 14.645163013408229 ], [ -90.513858932619158, 14.645165262576677 ] ], [ [ -90.513831413908974, 14.645240747143207 ], [ -90.513847381997294, 14.645242996313307 ] ] ] } },
{ "type": "Feature", "properties": { "kind": "c", "value": "3.555293022769404", "building_uid": "515" }, "geometry": { "type": "MultiLineString", "coordinates": [ [ [ -90.512716363929243, 14.64483941810281 ], [ -90.512749005131823, 14.644844056458069 ] ], [ [ -90.512715887523683, 14.644842596100277 ], [ -90.512716840334761, 14.644836240105333 ] ], [ [ -90.512748528726718, 14.644847234455677 ], [ -90.512749481536915, 14.644840878460466 ] ] ] } },
{ "type": "Feature", "properties": { "kind": "c", "value": "7.6028282618523955", "building_uid": "516" }, "geometry": { "type": "MultiLineString", "coordinates": [ [ [ -90.512433491321644, 14.644725950866679 ], [ -90.512442983426396, 14.644657895482338 ] ], [ [ -90.51244048128423, 14.644726875033399 ], [ -90.512426501359172, 14.644725026699756 ] ], [ [ -90.512449973386936, 14.644658819648443 ], [ -90.512435993465928, 14.644656971316028 ] ] ] } },
{ "type": "Feature", "properties": { "kind": "c", "value": "18.157626741665066", "building_uid": "517" }, "geometry": { "type": "MultiLineString", "coordinates": [ [ [ -90.51269558025939, 14.64497300112869 ], [ -90.512528793108217, 14.644949863027346 ] ], [ [ -90.512697956768349, 14.644956762483021 ], [ -90.512693203749905, 14.644989239774263 ] ], [ [ -90.512531169628645, 14.644933624385247 ], [ -90.512526416587235, 14.644966101669345 ] ] ] } },
{ "type": "Feature", "properties": { "kind": "c", "value": "3.3652766280478743", "building_uid": "522" }, "geometry": { "type": "MultiLineString", "coordinates": [ [ [ -90.512113321627851, 14.645568502480169 ], [ -90.512108843507292, 14.645598588361755 ] ], [ [ -90.51211023149753, 14.64556806648503 ], [ -90.512116411758186, 14.645568938475284 ] ], [ [ -90.512105753376588, 14.645598152366478 ], [ -90.512111933638025, 14.645599024356988 ] ] ] } },
{ "type": "Feature", "properties": { "kind": "c", "value": "6.130649811688375", "building_uid": "523" }, "geometry": { "type": "MultiLineString", "coordinates": [ [ [ -90.512556316567327, 14.645533403166088 ], [ -90.512565508243242, 14.645478749887472 ] ], [ [ -90.512561930021718, 14.645534298079166 ], [ -90.512550703112979, 14.645532508252895 ] ], [ [ -90.512571121696368, 14.645479644800117 ], [ -90.512559894790186, 14.645477854974708 ] ] ] } },
{ "type": "Feature", "properties": { "kind": "c", "value": "7.2717326890278695", "building_uid": "524" }, "geometry": { "type": "MultiLineString", "coordinates": [ [ [ -90.512541492063392, 14.645465771557241 ], [ -90.51247490936008, 14.645455156737173 ] ], [ [ -90.512542582313372, 14.645459288981353 ], [ -90.512540401813283, 14.64547225413312 ] ], [ [ -90.51247599961188, 14.645448674161893 ], [ -90.51247381910818, 14.645461639312437 ] ] ] } },
{ "type": "Feature", "properties": { "kind": "c", "value": "5.109315738462893", "building_uid": "525" }, "geometry": { "type": "MultiLineString", "coordinates": [ [ [ -90.512255272888964, 14.645575400823425 ], [ -90.512248564437797, 14.645621091252314 ] ], [ [ -90.512250580010559, 14.645574747680705 ], [ -90.512259965767427, 14.645576053966044 ] ], [ [ -90.512243871558482, 14.645620438109317 ], [ -90.512253257317155, 14.645621744395219 ] ] ] } },
{ "type": "Feature", "properties": { "kind": "c", "value": "3.5724963762907076", "building_uid": "310" }, "geometry": { "type": "MultiLineString", "coordinates": [ [ [ -90.513025379528159, 14.644050648462803 ], [ -90.513029948903011, 14.644018684481972 ] ], [ [ -90.513028662535604, 14.644051093345851 ], [ -90.513022096520729, 14.644050203579715 ] ], [ [ -90.513033231910015, 14.644019129364883 ], [ -90.513026665896035, 14.644018239599013 ] ] ] } },
{ "type": "Feature", "properties": { "kind": "c", "value": "7.256864982158176", "building_uid": "702" }, "geometry": { "type": "MultiLineString", "coordinates": [ [ [ -90.511971835671005, 14.645909359841601 ], [ -90.512038602774098, 14.645917830534433 ] ], [ [ -90.51197096564114, 14.645915860356682 ], [ -90.511972705700785, 14.645902859326497 ] ], [ [ -90.51203773274608, 14.64592433105007 ], [ -90.51203947280203, 14.645911330018786 ] ] ] } },
{ "type": "Feature", "properties": { "kind": "c", "value": "10.15686992271945", "building_uid": "704" }, "geometry": { "type": "MultiLineString", "coordinates": [ [ [ -90.513975964395783, 14.646250203394438 ], [ -90.51398975710805, 14.646159439430866 ] ], [ [ -90.513985286820144, 14.64625154626599 ], [ -90.513966641971592, 14.646248860522535 ] ], [ [ -90.51399907952883, 14.646160782301283 ], [ -90.513980434687426, 14.646158096560091 ] ] ] } },
{ "type": "Feature", "properties": { "kind": "c", "value": "8.016223713879572", "building_uid": "706" }, "geometry": { "type": "MultiLineString", "coordinates": [ [ [ -90.513632612459361, 14.646062444968679 ], [ -90.513621822762829, 14.646134093419215 ] ], [ [ -90.513625253407753, 14.646061394473614 ], [ -90.513639971511068, 14.646063495463517 ] ], [ [ -90.51361446370899, 14.646133042923447 ], [ -90.513629181816768, 14.64613514391476 ] ] ] } },
{ "type": "Feature", "properties": { "kind": "c", "value": "5.901627749880158", "building_uid": "747" }, "geometry": { "type": "MultiLineString", "coordinates": [ [ [ -90.514430231680834, 14.643122489216617 ], [ -90.514437844808796, 14.643069694691187 ] ], [ [ -90.514435654161773, 14.643123230448538 ], [ -90.514424809199951, 14.643121747984587 ] ], [ [ -90.514443267288542, 14.643070435922732 ], [ -90.514432422329122, 14.643068953459528 ] ] ] } },
{ "type": "Feature", "properties": { "kind": "c", "value": "9.099961714394622", "building_uid": "748" }, "geometry": { "type": "MultiLineString", "coordinates": [ [ [ -90.514195072515847, 14.643320603219205 ], [ -90.514183113970034, 14.64340197894948 ] ], [ [ -90.514186714475841, 14.643319438909188 ], [ -90.514203430555995, 14.643321767528928 ] ], [ [ -90.514174755927129, 14.643400814638573 ], [ -90.514191472013053, 14.643403143260107 ] ] ] } },
{ "type": "Feature", "properties": { "kind": "c", "value": "5.024277453569234", "building_uid": "752" }, "geometry": { "type": "MultiLineString", "coordinates": [ [ [ -90.515298138996698, 14.643526979358455 ], [ -90.515291063923158, 14.643571840391969 ] ], [ [ -90.515293531349343, 14.643526290514428 ], [ -90.51530274664411, 14.643527668202388 ] ], [ [ -90.515286456274922, 14.643571151547665 ], [ -90.515295671571437, 14.643572529236186 ] ] ] } },
{ "type": "Feature", "properties": { "kind": "c", "value": "7.734233890544033", "building_uid": "1305" }, "geometry": { "type": "MultiLineString", "coordinates": [ [ [ -90.515297547404316, 14.644192144768347 ], [ -90.515368801418987, 14.644200430047293 ] ], [ [ -90.515296696425011, 14.644199082188855 ], [ -90.515298398383536, 14.644185207347823 ] ], [ [ -90.515367950441799, 14.644207367468406 ], [ -90.515369652396075, 14.644193492626167 ] ] ] } },
{ "type": "Feature", "properties": { "kind": "c", "value": "10.919546922361267", "building_uid": "758" }, "geometry": { "type": "MultiLineString", "coordinates": [ [ [ -90.515360547514604, 14.64379088417984 ], [ -90.515374864749091, 14.643693232339801 ] ], [ [ -90.515370577283221, 14.643792278135267 ], [ -90.515350517746185, 14.643789490224007 ] ], [ [ -90.515384894513559, 14.643694626293932 ], [ -90.515364834984823, 14.643691838385255 ] ] ] } },
{ "type": "Feature", "properties": { "kind": "c", "value": "6.936524768049879", "building_uid": "759" }, "geometry": { "type": "MultiLineString", "coordinates": [ [ [ -90.514800666748229, 14.644979565497799 ], [ -90.514736792901047, 14.644971884476035 ] ], [ [ -90.514801455665335, 14.644973346645685 ], [ -90.514799877831052, 14.644985784349911 ] ], [ [ -90.514737581819844, 14.64496566562441 ], [ -90.514736003982165, 14.64497810332765 ] ] ] } },
{ "type": "Feature", "properties": { "kind": "c", "value": "15.207826458556935", "building_uid": "766" }, "geometry": { "type": "MultiLineString", "coordinates": [ [ [ -90.514124292261343, 14.645911476695455 ], [ -90.514144389571285, 14.645775497517713 ] ], [ [ -90.514138258747167, 14.645913433392172 ], [ -90.514110325775889, 14.645909519997929 ] ], [ [ -90.51415835604908, 14.64577745421192 ], [ -90.514130423093889, 14.645773540822713 ] ] ] } },
{ "type": "Feature", "properties": { "kind": "c", "value": "3.2927340597973904", "building_uid": "767" }, "geometry": { "type": "MultiLineString", "coordinates": [ [ [ -90.514168325703764, 14.645607921196975 ], [ -90.514165019785835, 14.645637491425434 ] ], [ [ -90.514165288535793, 14.64560759932893 ], [ -90.514171362871764, 14.645608243064984 ] ], [ [ -90.514161982617466, 14.645637169557279 ], [ -90.514168056954205, 14.645637813293545 ] ] ] } },
{ "type": "Feature", "properties": { "kind": "c", "value": "9.594940495549515", "building_uid": "768" }, "geometry": { "type": "MultiLineString", "coordinates": [ [ [ -90.514345730465834, 14.645194630031531 ], [ -90.514257430499995, 14.645183591556762 ] ], [ [ -90.514346864227349, 14.645186033024748 ], [ -90.514344596704177, 14.645203227038289 ] ], [ [ -90.51425856426475, 14.64517499455094 ], [ -90.514256296735098, 14.64519218856257 ] ] ] } },
{ "type": "Feature", "properties": { "kind": "c", "value": "4.522263316918537", "building_uid": "769" }, "geometry": { "type": "MultiLineString", "coordinates": [ [ [ -90.514179168181514, 14.645262427464951 ], [ -90.514173838951137, 14.645302948452898 ] ], [ [ -90.51417500626404, 14.64526190860404 ], [ -90.51418333009903, 14.645262946325797 ] ], [ [ -90.514169677032939, 14.645302429591771 ], [ -90.514178000869379, 14.645303467313955 ] ] ] } },
{ "type": "Feature", "properties": { "kind": "c", "value": "9.250560896045572", "building_uid": "842" }, "geometry": { "type": "MultiLineString", "coordinates": [ [ [ -90.513789074211502, 14.646892803156632 ], [ -90.513800190678623, 14.646809942166813 ] ], [ [ -90.513797584941685, 14.64689388546317 ], [ -90.513780563481461, 14.646891720849794 ] ], [ [ -90.513808701405793, 14.646811024472454 ], [ -90.513791679951581, 14.646808859860872 ] ] ] } },
{ "type": "Feature", "properties": { "kind": "c", "value": "16.44956056102509", "building_uid": "843" }, "geometry": { "type": "MultiLineString", "coordinates": [ [ [ -90.513856462371734, 14.646613270050148 ], [ -90.513834378298256, 14.646760303194393 ] ], [ [ -90.513841360478423, 14.646611119930222 ], [ -90.5138715642655, 14.646615420169136 ] ], [ [ -90.513819276395552, 14.646758153071504 ], [ -90.513849480201401, 14.64676245331634 ] ] ] } },
{ "type": "Feature", "properties": { "kind": "c", "value": "4.086058806320197", "building_uid": "520" }, "geometry": { "type": "MultiLineString", "coordinates": [ [ [ -90.51234400300811, 14.645318544325583 ], [ -90.51234873575433, 14.645281921735656 ] ], [ [ -90.512347764521422, 14.645319005112093 ], [ -90.512340241494826, 14.645318083539008 ] ], [ [ -90.512352497267059, 14.645282382521991 ], [ -90.512344974241628, 14.645281460949256 ] ] ] } },
{ "type": "Feature", "properties": { "kind": "c", "value": "7.881652778153674", "building_uid": "914" }, "geometry": { "type": "MultiLineString", "coordinates": [ [ [ -90.515003755434435, 14.64623892028793 ], [ -90.515012850241916, 14.646168274167222 ] ], [ [ -90.515011011542029, 14.646239805766974 ], [ -90.514996499326955, 14.64623803480867 ] ], [ [ -90.515020106347293, 14.646169159645627 ], [ -90.515005594136625, 14.646167388688601 ] ] ] } },
{ "type": "Feature", "properties": { "kind": "c", "value": "9.267381589385396", "building_uid": "916" }, "geometry": { "type": "MultiLineString", "coordinates": [ [ [ -90.514693029202078, 14.646119554333696 ], [ -90.514679737182888, 14.646202264881955 ] ], [ [ -90.51468453395411, 14.64611826021055 ], [ -90.514701524450203, 14.646120848456555 ] ], [ [ -90.514671241931964, 14.646200970757839 ], [ -90.514688232433969, 14.646203559005777 ] ] ] } },
{ "type": "Feature", "properties": { "kind": "c", "value": "13.682517677857845", "building_uid": "1269" }, "geometry": { "type": "MultiLineString", "coordinates": [ [ [ -90.514406563632491, 14.643835995980035 ], [ -90.514532045102811, 14.6438547412167 ] ], [ [ -90.514404638315298, 14.643848213103549 ], [ -90.514408488949357, 14.643823778856461 ] ], [ [ -90.51453011979207, 14.643866958342304 ], [ -90.514533970413211, 14.643842524091031 ] ] ] } },
{ "type": "Feature", "properties": { "kind": "c", "value": "7.831902221038059", "building_uid": "1271" }, "geometry": { "type": "MultiLineString", "coordinates": [ [ [ -90.513289421762138, 14.64345884448063 ], [ -90.513361168066737, 14.643470066387026 ] ], [ [ -90.513288269166722, 14.643465829854941 ], [ -90.513290574357455, 14.643451859106303 ] ], [ [ -90.513360015473424, 14.643477051762034 ], [ -90.513362320659951, 14.643463081012003 ] ] ] } },
{ "type": "Feature", "properties": { "kind": "c", "value": "5.401776646403715", "building_uid": "1272" }, "geometry": { "type": "MultiLineString", "coordinates": [ [ [ -90.512253922947068, 14.643928413139765 ], [ -90.512303606952059, 14.643934828353398 ] ], [ [ -90.512253264042897, 14.643933250470861 ], [ -90.512254581851167, 14.643923575808667 ] ], [ [ -90.512302948048941, 14.643939665684801 ], [ -90.51230426585515, 14.643929991021995 ] ] ] } },
{ "type": "Feature", "properties": { "kind": "c", "value": "19.22379901459908", "building_uid": "1303" }, "geometry": { "type": "MultiLineString", "coordinates": [ [ [ -90.515169161023138, 14.644349964333996 ], [ -90.515346301011192, 14.644370272984176 ] ], [ [ -90.515167075120118, 14.644367210991339 ], [ -90.515171246925618, 14.64433271767656 ] ], [ [ -90.515344215121331, 14.644387519645228 ], [ -90.515348386900513, 14.644353026323031 ] ] ] } },
{ "type": "Feature", "properties": { "kind": "c", "value": "7.746276404563255", "building_uid": "1406" }, "geometry": { "type": "MultiLineString", "coordinates": [ [ [ -90.512010655026742, 14.646377021788817 ], [ -90.512019942191174, 14.64630763262635 ] ], [ [ -90.512017782035898, 14.646377925995326 ], [ -90.512003528017686, 14.646376117582095 ] ], [ [ -90.512027069198211, 14.64630853683224 ], [ -90.512012815184221, 14.646306728420258 ] ] ] } },
{ "type": "Feature", "properties": { "kind": "c", "value": "8.042045379114768", "building_uid": "1409" }, "geometry": { "type": "MultiLineString", "coordinates": [ [ [ -90.511929445000149, 14.646226082450406 ], [ -90.512003284486212, 14.646236541546278 ] ], [ [ -90.511928370738673, 14.64623327152951 ], [ -90.511930519261512, 14.646218893371287 ] ], [ [ -90.512002210226996, 14.646243730626093 ], [ -90.512004358745344, 14.646229352466456 ] ] ] } },
{ "type": "Feature", "properties": { "kind": "c", "value": "21.76968346995898", "building_uid": "1410" }, "geometry": { "type": "MultiLineString", "coordinates": [ [ [ -90.513562187368649, 14.646582073589347 ], [ -90.513362327322028, 14.646553609220488 ] ], [ [ -90.513565110957757, 14.646562615061168 ], [ -90.513559263778745, 14.64660153211738 ] ], [ [ -90.513365250927578, 14.646534150697494 ], [ -90.513359403715683, 14.646573067743335 ] ] ] } },
{ "type": "Feature", "properties": { "kind": "c", "value": "9.980043541591032", "building_uid": "1411" }, "geometry": { "type": "MultiLineString", "coordinates": [ [ [ -90.513426242947816, 14.646766207676595 ], [ -90.513334768437673, 14.64675220300906 ] ], [ [ -90.513427681377721, 14.646757301656288 ], [ -90.513424804517754, 14.64677511369686 ] ], [ [ -90.513336206870974, 14.646743296989882 ], [ -90.513333330004173, 14.646761109028199 ] ] ] } },
{ "type": "Feature", "properties": { "kind": "c", "value": "7.838037913364769", "building_uid": "1414" }, "geometry": { "type": "MultiLineString", "coordinates": [ [ [ -90.513912689721707, 14.646621628573866 ], [ -90.513923759477734, 14.646551648803934 ] ], [ [ -90.513919877400667, 14.64662270633384 ], [ -90.513905502042846, 14.646620550813683 ] ], [ [ -90.513930947154577, 14.64655272656322 ], [ -90.513916571800976, 14.646550571044434 ] ] ] } },
{ "type": "Feature", "properties": { "kind": "c", "value": "7.819436960797003", "building_uid": "1426" }, "geometry": { "type": "MultiLineString", "coordinates": [ [ [ -90.512993474879039, 14.644591713478315 ], [ -90.512982583084366, 14.644661549709111 ] ], [ [ -90.512986302010233, 14.644590653035666 ], [ -90.513000647747944, 14.644592773920756 ] ], [ [ -90.512975410213457, 14.644660489265782 ], [ -90.512989755955374, 14.644662610152233 ] ] ] } },
{ "type": "Feature", "properties": { "kind": "c", "value": "13.146303011506712", "building_uid": "1429" }, "geometry": { "type": "MultiLineString", "coordinates": [ [ [ -90.51343225660473, 14.645151064915735 ], [ -90.513312042453833, 14.645130956600449 ] ], [ [ -90.513434321928941, 14.645139360696781 ], [ -90.513430191280236, 14.645162769134624 ] ], [ [ -90.51331410778387, 14.64511925238352 ], [ -90.513309977123484, 14.645142660817314 ] ] ] } },
{ "type": "Feature", "properties": { "kind": "c", "value": "7.464394370010575", "building_uid": "1430" }, "geometry": { "type": "MultiLineString", "coordinates": [ [ [ -90.512907048827856, 14.645215389794288 ], [ -90.512897169723857, 14.645282129750862 ] ], [ [ -90.512900193957165, 14.645214427951595 ], [ -90.512913903698617, 14.645216351636796 ] ], [ [ -90.512890314851248, 14.645281167907559 ], [ -90.51290402459658, 14.645283091593978 ] ] ] } },
{ "type": "Feature", "properties": { "kind": "c", "value": "4.3209373111234175", "building_uid": "763" }, "geometry": { "type": "MultiLineString", "coordinates": [ [ [ -90.514530915181581, 14.645215005997766 ], [ -90.514536730200945, 14.645176385608963 ] ], [ [ -90.514534881887315, 14.645215572156109 ], [ -90.514526948475904, 14.645214439839352 ] ], [ [ -90.514540696906025, 14.645176951767107 ], [ -90.514532763495907, 14.645175819450751 ] ] ] } },
{ "type": "Feature", "properties": { "kind": "c", "value": "13.554355743668298", "building_uid": "1431" }, "geometry": { "type": "MultiLineString", "coordinates": [ [ [ -90.512777303429516, 14.645369258975951 ], [ -90.512901894719249, 14.645385923784369 ] ], [ [ -90.512775591779985, 14.64538138934396 ], [ -90.512779015078763, 14.645357128607886 ] ], [ [ -90.512900183076141, 14.645398054154345 ], [ -90.512903606362059, 14.645373793414349 ] ] ] } },
{ "type": "Feature", "properties": { "kind": "c", "value": "6.338044338294735", "building_uid": "1542" }, "geometry": { "type": "MultiLineString", "coordinates": [ [ [ -90.514966677722128, 14.645057607512452 ], [ -90.514974316564903, 14.645000837903767 ] ], [ [ -90.514972508532608, 14.645058351241401 ], [ -90.51496084691172, 14.645056863783374 ] ], [ [ -90.514980147373961, 14.645001581632282 ], [ -90.514968485755901, 14.645000094175103 ] ] ] } },
{ "type": "Feature", "properties": { "kind": "c", "value": "6.034137094182101", "building_uid": "1543" }, "geometry": { "type": "MultiLineString", "coordinates": [ [ [ -90.515256109860687, 14.645056798104417 ], [ -90.515200680464233, 14.645049126723407 ] ], [ [ -90.515256897788078, 14.645051401418433 ], [ -90.515255321933225, 14.645062194790381 ] ], [ [ -90.515201468392902, 14.645043730037827 ], [ -90.51519989253552, 14.645054523408978 ] ] ] } },
{ "type": "Feature", "properties": { "kind": "c", "value": "7.626227131004897", "building_uid": "1545" }, "geometry": { "type": "MultiLineString", "coordinates": [ [ [ -90.515132477148015, 14.64526573197314 ], [ -90.515120796148281, 14.645333678278032 ] ], [ [ -90.515125498371489, 14.645264594695734 ], [ -90.51513945592464, 14.645266869250344 ] ], [ [ -90.51511381736978, 14.645332540999954 ], [ -90.515127774926881, 14.645334815555913 ] ] ] } },
{ "type": "Feature", "properties": { "kind": "c", "value": "7.09263391438638", "building_uid": "1549" }, "geometry": { "type": "MultiLineString", "coordinates": [ [ [ -90.514242879423648, 14.64547223558383 ], [ -90.514308241146011, 14.645479682718024 ] ], [ [ -90.514242114525558, 14.645478599282459 ], [ -90.514243644321667, 14.645465871885193 ] ], [ [ -90.514307476249712, 14.645486046417151 ], [ -90.514309006042225, 14.645473319018876 ] ] ] } },
{ "type": "Feature", "properties": { "kind": "c", "value": "4.8640760633599385", "building_uid": "1551" }, "geometry": { "type": "MultiLineString", "coordinates": [ [ [ -90.513932841667099, 14.645882496631998 ], [ -90.513939775250648, 14.645839078705277 ] ], [ [ -90.513937301142391, 14.645883171693239 ], [ -90.51392838219185, 14.645881821570676 ] ], [ [ -90.513944234725116, 14.64583975376625 ], [ -90.513935315776223, 14.645838403644218 ] ] ] } },
{ "type": "Feature", "properties": { "kind": "c", "value": "5.893565502887477", "building_uid": "1553" }, "geometry": { "type": "MultiLineString", "coordinates": [ [ [ -90.512821584218329, 14.645535166211973 ], [ -90.512814402058837, 14.64558794442312 ] ], [ [ -90.512816163352554, 14.64553446694836 ], [ -90.512827005084148, 14.64553586547547 ] ], [ [ -90.512808981191853, 14.645587245159138 ], [ -90.512819822925891, 14.645588643686972 ] ] ] } },
{ "type": "Feature", "properties": { "kind": "c", "value": "14.138922422910106", "building_uid": "1556" }, "geometry": { "type": "MultiLineString", "coordinates": [ [ [ -90.512971263540578, 14.644933592953125 ], [ -90.512841622624521, 14.644914053770828 ] ], [ [ -90.512973270406519, 14.644920970918362 ], [ -90.512969256674296, 14.644946214987824 ] ], [ [ -90.51284362949734, 14.644901431738306 ], [ -90.512839615751361, 14.644926675803283 ] ] ] } },
{ "type": "Feature", "properties": { "kind": "c", "value": "11.859957272182958", "building_uid": "1557" }, "geometry": { "type": "MultiLineString", "coordinates": [ [ [ -90.512973706343431, 14.644917460535362 ], [ -90.513082020996379, 14.644936359044953 ] ], [ [ -90.512971765274855, 14.644928006211067 ], [ -90.512975647411722, 14.644906914859607 ] ], [ [ -90.513080079932521, 14.644946904722334 ], [ -90.513083962059966, 14.644925813367525 ] ] ] } },
{ "type": "Feature", "properties": { "kind": "c", "value": "3.373230872561469", "building_uid": "2593" }, "geometry": { "type": "MultiLineString", "coordinates": [ [ [ -90.515287636728729, 14.643932030631515 ], [ -90.515283568708483, 14.643962244215603 ] ], [ [ -90.515284533505508, 14.643931634561223 ], [ -90.515290739951979, 14.64393242670176 ] ], [ [ -90.515280465484864, 14.643961848145199 ], [ -90.515286671932131, 14.643962640285972 ] ] ] } },
{ "type": "Feature", "properties": { "kind": "c", "value": "8.070703687646528", "building_uid": "2598" }, "geometry": { "type": "MultiLineString", "coordinates": [ [ [ -90.514235716494113, 14.644537193894442 ], [ -90.514309430360314, 14.64455002289121 ] ], [ [ -90.514234398828918, 14.644544370798974 ], [ -90.51423703415918, 14.644530016989881 ] ], [ [ -90.514308112697307, 14.64455719979652 ], [ -90.514310748023192, 14.644542845985864 ] ] ] } },
{ "type": "Feature", "properties": { "kind": "c", "value": "8.664923428334166", "building_uid": "2693" }, "geometry": { "type": "MultiLineString", "coordinates": [ [ [ -90.514829584019054, 14.648147595593487 ], [ -90.514751343053746, 14.6481295899014 ] ], [ [ -90.514831433410009, 14.648139978048585 ], [ -90.514827734627929, 14.648155213138349 ] ], [ [ -90.51475319244706, 14.64812197235751 ], [ -90.514749493660275, 14.648137207445247 ] ] ] } },
{ "type": "Feature", "properties": { "kind": "c", "value": "11.388305868993964", "building_uid": "2698" }, "geometry": { "type": "MultiLineString", "coordinates": [ [ [ -90.514820570997131, 14.647424419718229 ], [ -90.514837859181711, 14.647322929803451 ] ], [ [ -90.51483099514725, 14.647426102903239 ], [ -90.514810146847239, 14.647422736532782 ] ], [ [ -90.51484828332741, 14.64732461298696 ], [ -90.514827435036224, 14.647321246619498 ] ] ] } },
{ "type": "Feature", "properties": { "kind": "c", "value": "9.77507904190382", "building_uid": "2704" }, "geometry": { "type": "MultiLineString", "coordinates": [ [ [ -90.514713913643178, 14.647235811240133 ], [ -90.514733557513637, 14.647149604151712 ] ], [ [ -90.514722768068239, 14.647237723777193 ], [ -90.514705059218329, 14.647233898702762 ] ], [ [ -90.514742411935657, 14.647151516687519 ], [ -90.514724703091829, 14.647147691615599 ] ] ] } },
{ "type": "Feature", "properties": { "kind": "c", "value": "4.106573660452977", "building_uid": "2705" }, "geometry": { "type": "MultiLineString", "coordinates": [ [ [ -90.514500085471127, 14.647125301283486 ], [ -90.514537765801975, 14.647130807694014 ] ], [ [ -90.514499519901591, 14.647128969859446 ], [ -90.51450065104062, 14.647121632707508 ] ], [ [ -90.514537200233022, 14.647134476270162 ], [ -90.514538331370886, 14.64712713911786 ] ] ] } },
{ "type": "Feature", "properties": { "kind": "c", "value": "10.535215300886087", "building_uid": "701" }, "geometry": { "type": "MultiLineString", "coordinates": [ [ [ -90.512137305755473, 14.645986838016137 ], [ -90.51223406976294, 14.646000316088793 ] ], [ [ -90.512135921413659, 14.645996259057565 ], [ -90.512138690097089, 14.645977416974683 ] ], [ [ -90.512232685425005, 14.646009737131422 ], [ -90.51223545410069, 14.645990895046134 ] ] ] } },
{ "type": "Feature", "properties": { "kind": "c", "value": "4.35946181315716", "building_uid": "2728" }, "geometry": { "type": "MultiLineString", "coordinates": [ [ [ -90.514899406105584, 14.646374570128348 ], [ -90.514893627090046, 14.646413547301556 ] ], [ [ -90.514895402733032, 14.646374007478631 ], [ -90.514903409478194, 14.646375132777987 ] ], [ [ -90.514889623716826, 14.646412984651636 ], [ -90.514897630463324, 14.646414109951412 ] ] ] } },
{ "type": "Feature", "properties": { "kind": "c", "value": "7.256813612185522", "building_uid": "2729" }, "geometry": { "type": "MultiLineString", "coordinates": [ [ [ -90.514984751615287, 14.646517811097834 ], [ -90.515051322713603, 14.64652763490875 ] ], [ [ -90.514983742603192, 14.646524292511431 ], [ -90.514985760627297, 14.646511329684209 ] ], [ [ -90.515050313703327, 14.646534116322938 ], [ -90.51505233172378, 14.646521153494547 ] ] ] } },
{ "type": "Feature", "properties": { "kind": "c", "value": "12.115461236702394", "building_uid": "2730" }, "geometry": { "type": "MultiLineString", "coordinates": [ [ [ -90.514812635334465, 14.6470515568308 ], [ -90.514830668776582, 14.646943529354852 ] ], [ [ -90.514823730946176, 14.647053312577491 ], [ -90.51480153972301, 14.647049801083609 ] ], [ [ -90.514841764383277, 14.646945285099866 ], [ -90.514819573170143, 14.646941773609342 ] ] ] } },
{ "type": "Feature", "properties": { "kind": "c", "value": "8.63617544041354", "building_uid": "2731" }, "geometry": { "type": "MultiLineString", "coordinates": [ [ [ -90.514921770982426, 14.646591109997717 ], [ -90.514911127649157, 14.646668433592238 ] ], [ [ -90.51491382901429, 14.646590073755283 ], [ -90.514929712950703, 14.64659214623989 ] ], [ [ -90.514903185678392, 14.646667397349018 ], [ -90.514919069620035, 14.64666946983519 ] ] ] } },
{ "type": "Feature", "properties": { "kind": "c", "value": "14.465973437793352", "building_uid": "2738" }, "geometry": { "type": "MultiLineString", "coordinates": [ [ [ -90.514422060448325, 14.646757310299051 ], [ -90.514401680666623, 14.646886473410174 ] ], [ [ -90.514408793991763, 14.646755326111201 ], [ -90.514435326905229, 14.646759294486175 ] ], [ [ -90.514388414202855, 14.646884489219994 ], [ -90.514414947130746, 14.646888457599642 ] ] ] } },
{ "type": "Feature", "properties": { "kind": "c", "value": "9.03371218479749", "building_uid": "2741" }, "geometry": { "type": "MultiLineString", "coordinates": [ [ [ -90.513803427356549, 14.646104584767029 ], [ -90.513886317563916, 14.646116692780947 ] ], [ [ -90.513802183734057, 14.64611265503698 ], [ -90.513804670978899, 14.64609651449706 ] ], [ [ -90.513885073944238, 14.646124763051795 ], [ -90.513887561183452, 14.646108622510067 ] ] ] } },
{ "type": "Feature", "properties": { "kind": "c", "value": "4.50951090801175", "building_uid": "2742" }, "geometry": { "type": "MultiLineString", "coordinates": [ [ [ -90.513428907921309, 14.646368103363267 ], [ -90.513387515307201, 14.64636215651554 ] ], [ [ -90.513429518725772, 14.646364073343122 ], [ -90.513428297116803, 14.646372133383409 ] ], [ [ -90.513388126112375, 14.646358126495612 ], [ -90.513386904501985, 14.646366186535454 ] ] ] } },
{ "type": "Feature", "properties": { "kind": "c", "value": "8.420838418019784", "building_uid": "2745" }, "geometry": { "type": "MultiLineString", "coordinates": [ [ [ -90.513540430527868, 14.646663848947387 ], [ -90.513529273643897, 14.646739138935351 ] ], [ [ -90.513532697430477, 14.646662762705644 ], [ -90.513548163625373, 14.646664935188879 ] ], [ [ -90.513521540544048, 14.646738052692838 ], [ -90.51353700674386, 14.646740225177616 ] ] ] } },
{ "type": "Feature", "properties": { "kind": "c", "value": "6.12548009978871", "building_uid": "2750" }, "geometry": { "type": "MultiLineString", "coordinates": [ [ [ -90.513670841170196, 14.648170083585873 ], [ -90.513726995322997, 14.648178622082614 ] ], [ [ -90.513669964167292, 14.648175550755935 ], [ -90.513671718173029, 14.6481646164158 ] ], [ [ -90.513726118321372, 14.6481840892531 ], [ -90.513727872324537, 14.648173154912119 ] ] ] } },
{ "type": "Feature", "properties": { "kind": "c", "value": "20.736073306992107", "building_uid": "2752" }, "geometry": { "type": "MultiLineString", "coordinates": [ [ [ -90.513767667675623, 14.647960757873859 ], [ -90.513957890906951, 14.647988843713838 ] ], [ [ -90.513764782930352, 14.647979278028926 ], [ -90.513770552420155, 14.647942237718658 ] ], [ [ -90.513955006176545, 14.648007363873679 ], [ -90.513960775636633, 14.647970323553851 ] ] ] } },
{ "type": "Feature", "properties": { "kind": "c", "value": "7.341909102340947", "building_uid": "2753" }, "geometry": { "type": "MultiLineString", "coordinates": [ [ [ -90.513914953165127, 14.6478088986195 ], [ -90.513982383166692, 14.647818323460703 ] ], [ [ -90.513913985125711, 14.647815463617446 ], [ -90.513915921204443, 14.647802333621533 ] ], [ [ -90.513981415129166, 14.647824888459244 ], [ -90.513983351204132, 14.647811758462153 ] ] ] } },
{ "type": "Feature", "properties": { "kind": "c", "value": "6.063654353100272", "building_uid": "2755" }, "geometry": { "type": "MultiLineString", "coordinates": [ [ [ -90.513941458260945, 14.647631933811466 ], [ -90.513933666478337, 14.647686181912565 ] ], [ [ -90.513935886368387, 14.647631175201568 ], [ -90.513947030153574, 14.647632692421244 ] ], [ [ -90.5139280945845, 14.647685423302269 ], [ -90.513939238372245, 14.647686940522734 ] ] ] } },
{ "type": "Feature", "properties": { "kind": "c", "value": "8.336506008552275", "building_uid": "2759" }, "geometry": { "type": "MultiLineString", "coordinates": [ [ [ -90.514024843182241, 14.647522706914771 ], [ -90.513948343313842, 14.647511575551173 ] ], [ [ -90.514025986497089, 14.647515258861901 ], [ -90.514023699867252, 14.647530154967615 ] ], [ [ -90.513949486631105, 14.647504127499076 ], [ -90.513947199996451, 14.64751902360325 ] ] ] } },
{ "type": "Feature", "properties": { "kind": "c", "value": "7.040837655049298", "building_uid": "2763" }, "geometry": { "type": "MultiLineString", "coordinates": [ [ [ -90.513982250845444, 14.647359992366759 ], [ -90.51404696466976, 14.647368691446008 ] ], [ [ -90.513981357351966, 14.647366292930256 ], [ -90.513983144338837, 14.647353691803247 ] ], [ [ -90.514046071178029, 14.64737499201004 ], [ -90.514047858161433, 14.647362390881971 ] ] ] } },
{ "type": "Feature", "properties": { "kind": "c", "value": "7.395241701583304", "building_uid": "764" }, "geometry": { "type": "MultiLineString", "coordinates": [ [ [ -90.514452032229343, 14.645273646011653 ], [ -90.514520097798396, 14.645282086287454 ] ], [ [ -90.514451165326136, 14.6452802729662 ], [ -90.514452899132465, 14.645267019057094 ] ], [ [ -90.514519230897122, 14.645288713242563 ], [ -90.514520964699585, 14.645275459332325 ] ] ] } },
{ "type": "Feature", "properties": { "kind": "c", "value": "6.887521962381315", "building_uid": "2764" }, "geometry": { "type": "MultiLineString", "coordinates": [ [ [ -90.514013365247152, 14.647049837734983 ], [ -90.51395013153666, 14.647040842508588 ] ], [ [ -90.514014289155099, 14.647043681266345 ], [ -90.514012441339119, 14.647055994203603 ] ], [ [ -90.51395105544627, 14.647034686040474 ], [ -90.513949207626993, 14.647046998976693 ] ] ] } },
{ "type": "Feature", "properties": { "kind": "c", "value": "4.558592391469436", "building_uid": "2765" }, "geometry": { "type": "MultiLineString", "coordinates": [ [ [ -90.513938651575771, 14.647024620123295 ], [ -90.513932551435431, 14.647065369588407 ] ], [ [ -90.513934466157295, 14.647024026210397 ], [ -90.513942836994275, 14.647025214036118 ] ], [ [ -90.513928366016231, 14.647064775675284 ], [ -90.513936736854646, 14.647065963501456 ] ] ] } },
{ "type": "Feature", "properties": { "kind": "c", "value": "6.321640948315377", "building_uid": "2771" }, "geometry": { "type": "MultiLineString", "coordinates": [ [ [ -90.513602683377712, 14.647059237857777 ], [ -90.513544623597681, 14.647051125467145 ] ], [ [ -90.513603516608882, 14.64705358512612 ], [ -90.513601850146472, 14.647064890589421 ] ], [ [ -90.513545456830229, 14.647045472735922 ], [ -90.513543790365048, 14.64705677819836 ] ] ] } },
{ "type": "Feature", "properties": { "kind": "c", "value": "9.3463883968923", "building_uid": "2774" }, "geometry": { "type": "MultiLineString", "coordinates": [ [ [ -90.51333286789567, 14.64731047853013 ], [ -90.513247132083038, 14.647297797736796 ] ], [ [ -90.513334170352778, 14.647302131254362 ], [ -90.513331565438406, 14.647318825805863 ] ], [ [ -90.513248434543158, 14.647289450462001 ], [ -90.513245829622761, 14.647306145011566 ] ] ] } },
{ "type": "Feature", "properties": { "kind": "c", "value": "9.680471048586103", "building_uid": "2779" }, "geometry": { "type": "MultiLineString", "coordinates": [ [ [ -90.513318547433045, 14.647773400917536 ], [ -90.513407257242278, 14.647787104206841 ] ], [ [ -90.513317139947844, 14.647782037722836 ], [ -90.513319954918089, 14.647764764112203 ] ], [ [ -90.513405849760289, 14.647795741013203 ], [ -90.513408664724096, 14.647778467400446 ] ] ] } },
{ "type": "Feature", "properties": { "kind": "c", "value": "3.437277957696864", "building_uid": "2780" }, "geometry": { "type": "MultiLineString", "coordinates": [ [ [ -90.51331198411367, 14.647996507113405 ], [ -90.513307179325423, 14.648027203310049 ] ], [ [ -90.51330883126235, 14.647996039318748 ], [ -90.513315136965019, 14.647996974908024 ] ], [ [ -90.513304026473691, 14.648026735515266 ], [ -90.513310332177184, 14.648027671104801 ] ] ] } },
{ "type": "Feature", "properties": { "kind": "c", "value": "14.09137157887132", "building_uid": "2786" }, "geometry": { "type": "MultiLineString", "coordinates": [ [ [ -90.512629471996334, 14.64806736103592 ], [ -90.512647731968158, 14.647941314452131 ] ], [ [ -90.512642418429664, 14.648069138829536 ], [ -90.512616525563331, 14.648065583241612 ] ], [ [ -90.512660678394553, 14.647943092243606 ], [ -90.51263478554209, 14.647939536659964 ] ] ] } },
{ "type": "Feature", "properties": { "kind": "c", "value": "5.8565031564109535", "building_uid": "2789" }, "geometry": { "type": "MultiLineString", "coordinates": [ [ [ -90.512952728802901, 14.646925995570578 ], [ -90.512960194075447, 14.646873592593236 ] ], [ [ -90.512958111162803, 14.646926722394175 ], [ -90.512947346443028, 14.646925268746857 ] ], [ [ -90.512965576434155, 14.646874319416467 ], [ -90.512954811716767, 14.646872865769886 ] ] ] } },
{ "type": "Feature", "properties": { "kind": "c", "value": "4.93360597865701", "building_uid": "2790" }, "geometry": { "type": "MultiLineString", "coordinates": [ [ [ -90.513045402072379, 14.647096080967929 ], [ -90.513000080336695, 14.647089818576106 ] ], [ [ -90.513046045288675, 14.647091668419979 ], [ -90.513044758856026, 14.647100493515863 ] ], [ [ -90.513000723553859, 14.647085406028426 ], [ -90.512999437119504, 14.647094231123789 ] ] ] } },
{ "type": "Feature", "properties": { "kind": "c", "value": "3.290707400965732", "building_uid": "2850" }, "geometry": { "type": "MultiLineString", "coordinates": [ [ [ -90.512175664845984, 14.647162046587086 ], [ -90.512206163099975, 14.6471634529141 ] ], [ [ -90.512175520400433, 14.647165015911995 ], [ -90.512175809291534, 14.647159077262183 ] ], [ [ -90.512206018654823, 14.647166422239087 ], [ -90.512206307545128, 14.647160483589106 ] ] ] } },
{ "type": "Feature", "properties": { "kind": "c", "value": "6.999333746534523", "building_uid": "2792" }, "geometry": { "type": "MultiLineString", "coordinates": [ [ [ -90.513114904412205, 14.646973081365209 ], [ -90.513178565391556, 14.646985580198198 ] ], [ [ -90.513113620643935, 14.646979279434282 ], [ -90.513116188180348, 14.646966883296123 ] ], [ [ -90.513177281624905, 14.646991778267875 ], [ -90.513179849158121, 14.646979382128485 ] ] ] } },
{ "type": "Feature", "properties": { "kind": "c", "value": "8.548528683771222", "building_uid": "2794" }, "geometry": { "type": "MultiLineString", "coordinates": [ [ [ -90.513121609315164, 14.64737596407069 ], [ -90.513042988241637, 14.647365759493372 ] ], [ [ -90.513122657437862, 14.647368309491412 ], [ -90.513120561192338, 14.64738361864994 ] ], [ [ -90.513044036366907, 14.64735810491487 ], [ -90.513041940116238, 14.647373414071858 ] ] ] } },
{ "type": "Feature", "properties": { "kind": "c", "value": "13.917866839586972", "building_uid": "2798" }, "geometry": { "type": "MultiLineString", "coordinates": [ [ [ -90.512399927983182, 14.647911481476774 ], [ -90.512527672129565, 14.647929889415202 ] ], [ [ -90.512398037273996, 14.647923918664809 ], [ -90.512401818692027, 14.647899044288678 ] ], [ [ -90.512525781427101, 14.647942326605369 ], [ -90.512529562831688, 14.647917452224972 ] ] ] } },
{ "type": "Feature", "properties": { "kind": "c", "value": "3.763417675837564", "building_uid": "2801" }, "geometry": { "type": "MultiLineString", "coordinates": [ [ [ -90.512780651713385, 14.647888950130074 ], [ -90.51277641849704, 14.647922696144642 ] ], [ [ -90.512777185612507, 14.647888537983521 ], [ -90.512784117814263, 14.647889362276578 ] ], [ [ -90.512772952395679, 14.647922283997946 ], [ -90.512779884598444, 14.647923108291291 ] ] ] } },
{ "type": "Feature", "properties": { "kind": "c", "value": "6.844133230659047", "building_uid": "2806" }, "geometry": { "type": "MultiLineString", "coordinates": [ [ [ -90.512472358693401, 14.647858828880624 ], [ -90.512409540312873, 14.647849776830741 ] ], [ [ -90.512473288441242, 14.647852712871595 ], [ -90.512471428945489, 14.647864944889639 ] ], [ [ -90.512410470062335, 14.647843660822227 ], [ -90.512408610563327, 14.647855892839241 ] ] ] } },
{ "type": "Feature", "properties": { "kind": "c", "value": "7.048971013160063", "building_uid": "2807" }, "geometry": { "type": "MultiLineString", "coordinates": [ [ [ -90.51250392208631, 14.647668554453317 ], [ -90.51243924106376, 14.64765911778526 ] ], [ [ -90.512504891337912, 14.647662257091563 ], [ -90.512502952834623, 14.647674851815047 ] ], [ [ -90.512440210317095, 14.647652820424065 ], [ -90.512438271810353, 14.647665415146447 ] ] ] } },
{ "type": "Feature", "properties": { "kind": "c", "value": "8.540329272421621", "building_uid": "2812" }, "geometry": { "type": "MultiLineString", "coordinates": [ [ [ -90.512569613668433, 14.647295139571714 ], [ -90.512491889440341, 14.647280119483074 ] ], [ [ -90.512571156397414, 14.647287572306681 ], [ -90.512568070939309, 14.647302706836712 ] ], [ [ -90.512493432171709, 14.647272552218956 ], [ -90.512490346708816, 14.647287686747157 ] ] ] } },
{ "type": "Feature", "properties": { "kind": "c", "value": "9.441931718731226", "building_uid": "2813" }, "geometry": { "type": "MultiLineString", "coordinates": [ [ [ -90.512602238088078, 14.647280383265237 ], [ -90.51268908914362, 14.647291556104152 ] ], [ [ -90.512601090511566, 14.647288839121261 ], [ -90.512603385664463, 14.647271927409182 ] ], [ [ -90.512687941570235, 14.647300011961109 ], [ -90.512690236716864, 14.647283100247167 ] ] ] } },
{ "type": "Feature", "properties": { "kind": "c", "value": "6.963077160979421", "building_uid": "2816" }, "geometry": { "type": "MultiLineString", "coordinates": [ [ [ -90.512614650584723, 14.647460015374355 ], [ -90.512551203984557, 14.647448151412968 ] ], [ [ -90.512615869145662, 14.64745383819028 ], [ -90.512613432023684, 14.647466192558399 ] ], [ [ -90.512552422547103, 14.647441974229494 ], [ -90.512549985421913, 14.647454328596416 ] ] ] } },
{ "type": "Feature", "properties": { "kind": "c", "value": "11.441179042771731", "building_uid": "2820" }, "geometry": { "type": "MultiLineString", "coordinates": [ [ [ -90.511973122931039, 14.648068325392513 ], [ -90.51198830031332, 14.647966033557362 ] ], [ [ -90.511983629478635, 14.648069803064539 ], [ -90.51196261638367, 14.648066847720031 ] ], [ [ -90.511998806856354, 14.647967511227961 ], [ -90.511977793770498, 14.647964555886311 ] ] ] } },
{ "type": "Feature", "properties": { "kind": "c", "value": "4.913993960141568", "building_uid": "2822" }, "geometry": { "type": "MultiLineString", "coordinates": [ [ [ -90.511879805265352, 14.647841399688041 ], [ -90.511924941646001, 14.647847673502987 ] ], [ [ -90.511879160872653, 14.6478457941742 ], [ -90.511880449658022, 14.647837005201879 ] ], [ [ -90.511924297254126, 14.647852067989405 ], [ -90.511925586037833, 14.647843279016554 ] ] ] } },
{ "type": "Feature", "properties": { "kind": "c", "value": "4.505539888405662", "building_uid": "2832" }, "geometry": { "type": "MultiLineString", "coordinates": [ [ [ -90.512146100881196, 14.647882409700895 ], [ -90.512187481894543, 14.647888186668347 ] ], [ [ -90.512145507520344, 14.647886438563074 ], [ -90.51214669424202, 14.647878380838719 ] ], [ [ -90.512186888534401, 14.647892215530742 ], [ -90.51218807525467, 14.647884157805946 ] ] ] } },
{ "type": "Feature", "properties": { "kind": "c", "value": "6.507949773691995", "building_uid": "2833" }, "geometry": { "type": "MultiLineString", "coordinates": [ [ [ -90.512277475871599, 14.647675814841936 ], [ -90.512337080255392, 14.647685227694168 ] ], [ [ -90.512276509064421, 14.647681617939824 ], [ -90.512278442678721, 14.647670011744051 ] ], [ [ -90.512336113449649, 14.647691030792521 ], [ -90.51233804706105, 14.647679424595788 ] ] ] } },
{ "type": "Feature", "properties": { "kind": "c", "value": "8.785899089244143", "building_uid": "2835" }, "geometry": { "type": "MultiLineString", "coordinates": [ [ [ -90.512054685932384, 14.646977349072619 ], [ -90.512135208740133, 14.646989718139711 ] ], [ [ -90.512053415491934, 14.64698518881867 ], [ -90.512055956372677, 14.646969509326544 ] ], [ [ -90.512133938302341, 14.646997557886628 ], [ -90.512136479177798, 14.646981878392765 ] ] ] } },
{ "type": "Feature", "properties": { "kind": "c", "value": "6.002342611467804", "building_uid": "2836" }, "geometry": { "type": "MultiLineString", "coordinates": [ [ [ -90.512428896576495, 14.64678926773629 ], [ -90.512420217293922, 14.646842827272337 ] ], [ [ -90.512423395428755, 14.646788422715874 ], [ -90.512434397724306, 14.646790112756578 ] ], [ [ -90.512414716144946, 14.646841982251511 ], [ -90.512425718442969, 14.646843672293034 ] ] ] } },
{ "type": "Feature", "properties": { "kind": "c", "value": "8.350036713974255", "building_uid": "2838" }, "geometry": { "type": "MultiLineString", "coordinates": [ [ [ -90.512317998206072, 14.64685919907482 ], [ -90.512241500646098, 14.646847256741275 ] ], [ [ -90.512319224812913, 14.646851751223847 ], [ -90.512316771599117, 14.646866646925762 ] ], [ [ -90.512242727255313, 14.646839808891102 ], [ -90.512240274036756, 14.646854704591435 ] ] ] } },
{ "type": "Feature", "properties": { "kind": "c", "value": "7.698856821390354", "building_uid": "2841" }, "geometry": { "type": "MultiLineString", "coordinates": [ [ [ -90.511841098697289, 14.646790465676077 ], [ -90.511911814460234, 14.646800295046097 ] ], [ [ -90.511840089112823, 14.646797350608749 ], [ -90.51184210828167, 14.646783580743383 ] ], [ [ -90.511910804877829, 14.64680717997941 ], [ -90.511912824042525, 14.646793410112759 ] ] ] } },
{ "type": "Feature", "properties": { "kind": "c", "value": "3.9206099561515115", "building_uid": "2842" }, "geometry": { "type": "MultiLineString", "coordinates": [ [ [ -90.511925608686184, 14.646849632127063 ], [ -90.511921127723625, 14.646884779137121 ] ], [ [ -90.511921998704423, 14.646849195857811 ], [ -90.511929218667973, 14.646850068396258 ] ], [ [ -90.511917517741324, 14.646884342867709 ], [ -90.511924737705968, 14.646885215406476 ] ] ] } },
{ "type": "Feature", "properties": { "kind": "c", "value": "9.196258545877528", "building_uid": "2843" }, "geometry": { "type": "MultiLineString", "coordinates": [ [ [ -90.511974843989776, 14.646932516782142 ], [ -90.512059238690284, 14.646944759179991 ] ], [ [ -90.511973586559776, 14.646940733499553 ], [ -90.511976101419634, 14.646924300064704 ] ], [ [ -90.512057981263197, 14.64695297589833 ], [ -90.512060496117215, 14.646936542461621 ] ] ] } },
{ "type": "Feature", "properties": { "kind": "c", "value": "13.41307055388983", "building_uid": "2844" }, "geometry": { "type": "MultiLineString", "coordinates": [ [ [ -90.512013225788976, 14.647072860927169 ], [ -90.512136023888161, 14.647092546357891 ] ], [ [ -90.512011203874863, 14.647084816613615 ], [ -90.512015247702763, 14.647060905240659 ] ], [ [ -90.512134001980172, 14.647104502046407 ], [ -90.512138045795808, 14.64708059066931 ] ] ] } },
{ "type": "Feature", "properties": { "kind": "c", "value": "4.579280957321794", "building_uid": "2845" }, "geometry": { "type": "MultiLineString", "coordinates": [ [ [ -90.511817594322721, 14.647243202166583 ], [ -90.511775811382094, 14.647235695723507 ] ], [ [ -90.511818365317424, 14.64723913416033 ], [ -90.51181682332799, 14.647247270172837 ] ], [ [ -90.511776582377479, 14.647231627717501 ], [ -90.511775040386667, 14.6472397637295 ] ] ] } },
{ "type": "Feature", "properties": { "kind": "c", "value": "6.848625839247288", "building_uid": "2847" }, "geometry": { "type": "MultiLineString", "coordinates": [ [ [ -90.511969915973523, 14.647386277407547 ], [ -90.511981608112436, 14.647325466806048 ] ], [ [ -90.511976161901799, 14.647387415759106 ], [ -90.511963670045319, 14.647385139055825 ] ], [ [ -90.511987854039162, 14.647326605157044 ], [ -90.511975362185794, 14.647324328454895 ] ] ] } },
{ "type": "Feature", "properties": { "kind": "c", "value": "6.224527953944319", "building_uid": "2848" }, "geometry": { "type": "MultiLineString", "coordinates": [ [ [ -90.512034335536399, 14.64750253417516 ], [ -90.511977798313268, 14.647491054566578 ] ], [ [ -90.512035514620408, 14.647497029691657 ], [ -90.512033156452304, 14.647508038658648 ] ], [ [ -90.511978977398542, 14.647485550083569 ], [ -90.511976619227909, 14.647496559049564 ] ] ] } },
{ "type": "Feature", "properties": { "kind": "c", "value": "7.051433910252238", "building_uid": "2849" }, "geometry": { "type": "MultiLineString", "coordinates": [ [ [ -90.511741238539912, 14.647471465752032 ], [ -90.511805737898555, 14.647482148387253 ] ], [ [ -90.511740141312544, 14.647477745431775 ], [ -90.511742335767181, 14.647465186072267 ] ], [ [ -90.511804640672878, 14.647488428067581 ], [ -90.511806835124133, 14.647475868706911 ] ] ] } },
{ "type": "Feature", "properties": { "kind": "c", "value": "3.883035170721043", "building_uid": "2853" }, "geometry": { "type": "MultiLineString", "coordinates": [ [ [ -90.512213147491465, 14.647438283648576 ], [ -90.512177312713561, 14.647434652590778 ] ], [ [ -90.512213520441463, 14.647434794761379 ], [ -90.51221277454141, 14.647441772535764 ] ], [ [ -90.512177685664113, 14.647431163703724 ], [ -90.512176939762981, 14.647438141477823 ] ] ] } },
{ "type": "Feature", "properties": { "kind": "c", "value": "5.222169012834645", "building_uid": "2854" }, "geometry": { "type": "MultiLineString", "coordinates": [ [ [ -90.512225940567632, 14.64735641884873 ], [ -90.512274284279798, 14.647359590194986 ] ], [ [ -90.512225614834463, 14.647361125611875 ], [ -90.512226266300786, 14.647351712085591 ] ], [ [ -90.512273958547624, 14.647364296958347 ], [ -90.512274610011943, 14.647354883431616 ] ] ] } },
{ "type": "Feature", "properties": { "kind": "c", "value": "5.677723937538176", "building_uid": "2855" }, "geometry": { "type": "MultiLineString", "coordinates": [ [ [ -90.511789347831126, 14.647412847042251 ], [ -90.511841128514661, 14.64742228436617 ] ], [ [ -90.511788378511795, 14.647417888428832 ], [ -90.511790317150414, 14.647407805655657 ] ], [ [ -90.511840159196396, 14.647427325753144 ], [ -90.511842097832854, 14.647417242979188 ] ] ] } },
{ "type": "Feature", "properties": { "kind": "c", "value": "4.665119632105784", "building_uid": "2856" }, "geometry": { "type": "MultiLineString", "coordinates": [ [ [ -90.511876186798631, 14.647697501244558 ], [ -90.511882304417369, 14.647655782023342 ] ], [ [ -90.511880471834999, 14.64769809685758 ], [ -90.511871901762291, 14.647696905631461 ] ], [ [ -90.511886589452985, 14.647656377636132 ], [ -90.511878019381783, 14.647655186410482 ] ] ] } },
{ "type": "Feature", "properties": { "kind": "c", "value": "22.542117081259352", "building_uid": "2860" }, "geometry": { "type": "MultiLineString", "coordinates": [ [ [ -90.512325643244012, 14.646567791325257 ], [ -90.512532371824847, 14.646598712091849 ] ], [ [ -90.512322467338322, 14.646587918572116 ], [ -90.51232881914882, 14.646547664078239 ] ], [ [ -90.512529195936665, 14.646618839344383 ], [ -90.512535547712147, 14.646578584839158 ] ] ] } },
{ "type": "Feature", "properties": { "kind": "c", "value": "5.020256542635704", "building_uid": "2863" }, "geometry": { "type": "MultiLineString", "coordinates": [ [ [ -90.514642163739467, 14.645999061947556 ], [ -90.514649959995296, 14.645954351227141 ] ], [ [ -90.514646756000644, 14.645999820999101 ], [ -90.514637571478318, 14.645998302895915 ] ], [ [ -90.514654552255635, 14.645955110278402 ], [ -90.514645367735028, 14.645953592175802 ] ] ] } },
{ "type": "Feature", "properties": { "kind": "c", "value": "8.259984045323968", "building_uid": "2869" }, "geometry": { "type": "MultiLineString", "coordinates": [ [ [ -90.515120005039094, 14.645618561899465 ], [ -90.515110098368538, 14.645692552431763 ] ], [ [ -90.515112405446587, 14.645617597374686 ], [ -90.515127604631715, 14.645619526424003 ] ], [ [ -90.515102498773601, 14.645691587906276 ], [ -90.515117697963561, 14.645693516957019 ] ] ] } },
{ "type": "Feature", "properties": { "kind": "c", "value": "3.3900390556556586", "building_uid": "2872" }, "geometry": { "type": "MultiLineString", "coordinates": [ [ [ -90.513799590506537, 14.644796781269452 ], [ -90.513830853765185, 14.644800146759367 ] ], [ [ -90.513799244837031, 14.644799825108807 ], [ -90.513799936176014, 14.644793737430092 ] ], [ [ -90.513830508096078, 14.644803190598832 ], [ -90.51383119943425, 14.64479710291989 ] ] ] } },
{ "type": "Feature", "properties": { "kind": "c", "value": "4.796976574203062", "building_uid": "2875" }, "geometry": { "type": "MultiLineString", "coordinates": [ [ [ -90.513859926405317, 14.644727469143456 ], [ -90.513853376328811, 14.644770330756964 ] ], [ [ -90.513855524092662, 14.644726831417778 ], [ -90.513864328718, 14.644728106869053 ] ], [ [ -90.51384897401536, 14.644769693031035 ], [ -90.51385777864229, 14.644770968482824 ] ] ] } },
{ "type": "Feature", "properties": { "kind": "c", "value": "5.82003284132309", "building_uid": "2876" }, "geometry": { "type": "MultiLineString", "coordinates": [ [ [ -90.514314163872314, 14.644793270812944 ], [ -90.514307305358031, 14.644845420261868 ] ], [ [ -90.514308807605246, 14.644792603057525 ], [ -90.514319520139409, 14.644793938568244 ] ], [ [ -90.514301949089784, 14.644844752506094 ], [ -90.514312661626334, 14.64484608801752 ] ] ] } },
{ "type": "Feature", "properties": { "kind": "c", "value": "5.736533205647887", "building_uid": "2878" }, "geometry": { "type": "MultiLineString", "coordinates": [ [ [ -90.514209799995413, 14.644830480864686 ], [ -90.514220206067776, 14.644779659988037 ] ], [ [ -90.514215019805718, 14.644831494016172 ], [ -90.514204580185165, 14.644829467713087 ] ], [ [ -90.514225425876987, 14.64478067313911 ], [ -90.514214986258608, 14.644778646836857 ] ] ] } },
{ "type": "Feature", "properties": { "kind": "c", "value": "6.903966190950589", "building_uid": "2888" }, "geometry": { "type": "MultiLineString", "coordinates": [ [ [ -90.51308196181958, 14.645751055352596 ], [ -90.513090489259426, 14.645689243564588 ] ], [ [ -90.513088310532993, 14.645751885594015 ], [ -90.513075613106267, 14.645750225111009 ] ], [ [ -90.513096837971148, 14.6456900738055 ], [ -90.513084140547775, 14.645688413323507 ] ] ] } },
{ "type": "Feature", "properties": { "kind": "c", "value": "4.0395803560370425", "building_uid": "2890" }, "geometry": { "type": "MultiLineString", "coordinates": [ [ [ -90.512975560618798, 14.645595195344672 ], [ -90.513012694495742, 14.645600146902646 ] ], [ [ -90.512975052042364, 14.645598810743165 ], [ -90.512976069195204, 14.645591579946174 ] ], [ [ -90.513012185919877, 14.645603762301315 ], [ -90.513013203071566, 14.645596531503967 ] ] ] } },
{ "type": "Feature", "properties": { "kind": "c", "value": "4.979901670711541", "building_uid": "2893" }, "geometry": { "type": "MultiLineString", "coordinates": [ [ [ -90.512477103629607, 14.645102855497639 ], [ -90.512484671688654, 14.645058477193801 ] ], [ [ -90.512481661729254, 14.64510359233477 ], [ -90.512472545530002, 14.645102118660434 ] ], [ [ -90.512489229787462, 14.64505921403064 ], [ -90.512480113589902, 14.645057740356881 ] ] ] } },
{ "type": "Feature", "properties": { "kind": "c", "value": "5.78472050364959", "building_uid": "2894" }, "geometry": { "type": "MultiLineString", "coordinates": [ [ [ -90.512400573527998, 14.645481676673697 ], [ -90.512393132044394, 14.645533428143843 ] ], [ [ -90.512395258120407, 14.645480952161797 ], [ -90.512405888935618, 14.645482401185488 ] ], [ [ -90.512387816635652, 14.645532703631577 ], [ -90.512398447453208, 14.645534152655987 ] ] ] } },
{ "type": "Feature", "properties": { "kind": "c", "value": "27.47765010571177", "building_uid": "3049" }, "geometry": { "type": "MultiLineString", "coordinates": [ [ [ -90.51403751849476, 14.645581315585869 ], [ -90.514290486884022, 14.645612177794286 ] ], [ [ -90.514034348613336, 14.645605944886322 ], [ -90.514040688375019, 14.645556686285216 ] ], [ [ -90.514287317029286, 14.645636807102512 ], [ -90.514293656737578, 14.645587548485864 ] ] ] } },
{ "type": "Feature", "properties": { "kind": "c", "value": "3.5208931496385194", "building_uid": "3240" }, "geometry": { "type": "MultiLineString", "coordinates": [ [ [ -90.514178787579127, 14.64316284784776 ], [ -90.514173812301721, 14.643194282776879 ] ], [ [ -90.514175558923583, 14.643162363443444 ], [ -90.514182016234699, 14.643163332252023 ] ], [ [ -90.514170583645765, 14.643193798372424 ], [ -90.514177040957733, 14.643194767181281 ] ] ] } },
{ "type": "Feature", "properties": { "kind": "c", "value": "2.939112893127095", "building_uid": "12789" }, "geometry": { "type": "MultiLineString", "coordinates": [ [ [ -90.514330372191239, 14.644465091365019 ], [ -90.51430340720465, 14.644461131960149 ] ], [ [ -90.514330778860725, 14.644462466007935 ], [ -90.514329965521753, 14.644467716722104 ] ], [ [ -90.51430381387442, 14.644458506603163 ], [ -90.514303000534852, 14.644463757317139 ] ] ] } },
{ "type": "Feature", "properties": { "kind": "c", "value": "9.484076668060618", "building_uid": "12849" }, "geometry": { "type": "MultiLineString", "coordinates": [ [ [ -90.512513004096661, 14.644317157725613 ], [ -90.512498682171696, 14.644401689600814 ] ], [ [ -90.512504321851424, 14.644315763318296 ], [ -90.512521686342083, 14.644318552132635 ] ], [ [ -90.512489999923375, 14.644400295192456 ], [ -90.512507364420173, 14.644403084008861 ] ] ] } },
{ "type": "Feature", "properties": { "kind": "c", "value": "8.717681349402392", "building_uid": "12850" }, "geometry": { "type": "MultiLineString", "coordinates": [ [ [ -90.512161063971817, 14.645446852981017 ], [ -90.512148695453746, 14.645524677821491 ] ], [ [ -90.512153070562547, 14.645445648767009 ], [ -90.512169057381229, 14.645448057194768 ] ], [ [ -90.512140702041847, 14.64552347360663 ], [ -90.512156688865772, 14.645525882036091 ] ] ] } },
{ "type": "Feature", "properties": { "kind": "c", "value": "3.4899230938254977", "building_uid": "12851" }, "geometry": { "type": "MultiLineString", "coordinates": [ [ [ -90.512107977706222, 14.64549449581026 ], [ -90.512112272156315, 14.645463248152923 ] ], [ [ -90.512111187161779, 14.645494913923315 ], [ -90.512104768250694, 14.645494077697155 ] ], [ [ -90.512115481611431, 14.645463666265853 ], [ -90.512109062701199, 14.64546283003995 ] ] ] } },
{ "type": "Feature", "properties": { "kind": "c", "value": "8.584615921750757", "building_uid": "756" }, "geometry": { "type": "MultiLineString", "coordinates": [ [ [ -90.51464905600298, 14.643798257433337 ], [ -90.514727690201255, 14.643810604727939 ] ], [ [ -90.514647787817495, 14.643805913415701 ], [ -90.514650324188352, 14.643790601450938 ] ], [ [ -90.514726422018271, 14.643818260711146 ], [ -90.514728958384083, 14.643802948744701 ] ] ] } },
{ "type": "Feature", "properties": { "kind": "c", "value": "22.1889763676179", "building_uid": "12916" }, "geometry": { "type": "MultiLineString", "coordinates": [ [ [ -90.515184317770121, 14.645539725333656 ], [ -90.514980167436235, 14.645513821833474 ] ], [ [ -90.515186978317161, 14.645519849004314 ], [ -90.515181657222314, 14.645559601662853 ] ], [ [ -90.514982828000612, 14.64549394550928 ], [ -90.514977506871091, 14.645533698157529 ] ] ] } },
{ "type": "Feature", "properties": { "kind": "c", "value": "8.04281640824649", "building_uid": "12952" }, "geometry": { "type": "MultiLineString", "coordinates": [ [ [ -90.514852808532751, 14.646217261415682 ], [ -90.514862960114485, 14.646145282072174 ] ], [ [ -90.514860201575758, 14.646218249783367 ], [ -90.514845415489873, 14.646216273047777 ] ], [ [ -90.514870353155217, 14.646146270439171 ], [ -90.514855567073866, 14.64614429370496 ] ] ] } },
{ "type": "Feature", "properties": { "kind": "c", "value": "18.504771429451406", "building_uid": "48" }, "geometry": { "type": "MultiLineString", "coordinates": [ [ [ -90.513683162007311, 14.64421086343671 ], [ -90.513853421147175, 14.644232416515491 ] ], [ [ -90.513680948291309, 14.644227440173299 ], [ -90.513685375722744, 14.644194286700031 ] ], [ [ -90.513851207443253, 14.644248993255658 ], [ -90.513855634850586, 14.644215839775235 ] ] ] } },
{ "type": "Feature", "properties": { "kind": "c", "value": "8.532115768950545", "building_uid": "181" }, "geometry": { "type": "MultiLineString", "coordinates": [ [ [ -90.514675305098109, 14.64463534550813 ], [ -90.514753803056763, 14.644645318538716 ] ], [ [ -90.514674280768077, 14.644642988196487 ], [ -90.514676329428028, 14.644627702819763 ] ], [ [ -90.514752778729289, 14.64465296122783 ], [ -90.514754827384124, 14.644637675849586 ] ] ] } },
{ "type": "Feature", "properties": { "kind": "c", "value": "7.764350366903056", "building_uid": "190" }, "geometry": { "type": "MultiLineString", "coordinates": [ [ [ -90.512932071012017, 14.644303495030297 ], [ -90.513003422960594, 14.64431316380114 ] ], [ [ -90.512931077934212, 14.644310441982215 ], [ -90.512933064089708, 14.644296548078369 ] ], [ [ -90.513002429884892, 14.644320110753698 ], [ -90.513004416036182, 14.644306216848561 ] ] ] } },
{ "type": "Feature", "properties": { "kind": "c", "value": "5.817710351649931", "building_uid": "765" }, "geometry": { "type": "MultiLineString", "coordinates": [ [ [ -90.514703068714027, 14.645336755038098 ], [ -90.514649598025613, 14.645329562589621 ] ], [ [ -90.514703807451255, 14.645331549061499 ], [ -90.514702329976771, 14.645341961014685 ] ], [ [ -90.514650336764007, 14.645324356613392 ], [ -90.514648859287163, 14.645334768565847 ] ] ] } },
{ "type": "Feature", "properties": { "kind": "c", "value": "4.283766811427337", "building_uid": "920" }, "geometry": { "type": "MultiLineString", "coordinates": [ [ [ -90.513752173669602, 14.646169385482377 ], [ -90.513791456836884, 14.646175275655377 ] ], [ [ -90.513751568686075, 14.646173210128183 ], [ -90.5137527786531, 14.64616556083657 ] ], [ [ -90.513790851853997, 14.646179100301376 ], [ -90.513792061819757, 14.64617145100936 ] ] ] } },
{ "type": "Feature", "properties": { "kind": "c", "value": "3.2164462567003587", "building_uid": "1298" }, "geometry": { "type": "MultiLineString", "coordinates": [ [ [ -90.513705358001843, 14.644374285778211 ], [ -90.5136757261578, 14.644370834894243 ] ], [ [ -90.513705712441066, 14.644371400770126 ], [ -90.513705003562606, 14.64437717078629 ] ], [ [ -90.513676080597392, 14.644367949886266 ], [ -90.513675371718207, 14.644373719902218 ] ] ] } },
{ "type": "Feature", "properties": { "kind": "c", "value": "12.035724600544356", "building_uid": "1301" }, "geometry": { "type": "MultiLineString", "coordinates": [ [ [ -90.514934736423143, 14.644555547866903 ], [ -90.515045333697628, 14.644570588449303 ] ], [ [ -90.514933191604754, 14.644566315800207 ], [ -90.514936281241319, 14.644544779933558 ] ], [ [ -90.515043788884284, 14.644581356384169 ], [ -90.515046878510745, 14.644559820514406 ] ] ] } },
{ "type": "Feature", "properties": { "kind": "c", "value": "3.6335047501501845", "building_uid": "1547" }, "geometry": { "type": "MultiLineString", "coordinates": [ [ [ -90.514492980862514, 14.645605053713419 ], [ -90.514526370858235, 14.645609585491208 ] ], [ [ -90.514492515401869, 14.645608304603041 ], [ -90.514493446323129, 14.645601802823792 ] ], [ [ -90.514525905398074, 14.645612836380971 ], [ -90.514526836318396, 14.645606334601442 ] ] ] } },
{ "type": "Feature", "properties": { "kind": "c", "value": "6.796707356903121", "building_uid": "1548" }, "geometry": { "type": "MultiLineString", "coordinates": [ [ [ -90.514462558158343, 14.645679023646176 ], [ -90.514400185398472, 14.645669970096181 ] ], [ [ -90.514463488050907, 14.645672950961723 ], [ -90.514461628265693, 14.645685096330618 ] ], [ [ -90.514401115292642, 14.645663897412232 ], [ -90.514399255504216, 14.645676042780112 ] ] ] } },
{ "type": "Feature", "properties": { "kind": "c", "value": "6.762651325911165", "building_uid": "1550" }, "geometry": { "type": "MultiLineString", "coordinates": [ [ [ -90.514082225387909, 14.645600077260093 ], [ -90.514076397454559, 14.645660903532409 ] ], [ [ -90.514075977901527, 14.645599509845759 ], [ -90.514088472874363, 14.645600644674261 ] ], [ [ -90.514070149966514, 14.645660336117658 ], [ -90.514082644942661, 14.645661470947001 ] ] ] } },
{ "type": "Feature", "properties": { "kind": "c", "value": "2.821148611742338", "building_uid": "1555" }, "geometry": { "type": "MultiLineString", "coordinates": [ [ [ -90.513039791487515, 14.645157055253069 ], [ -90.513013883630265, 14.64515342036437 ] ], [ [ -90.513040164827217, 14.645154532827966 ], [ -90.513039418147798, 14.645159577678172 ] ], [ [ -90.513014256970237, 14.645150897939347 ], [ -90.513013510290278, 14.645155942789383 ] ] ] } },
{ "type": "Feature", "properties": { "kind": "c", "value": "7.684820026865722", "building_uid": "2606" }, "geometry": { "type": "MultiLineString", "coordinates": [ [ [ -90.512636266417601, 14.64421738794027 ], [ -90.51264601450147, 14.644148619086453 ] ], [ [ -90.512643329643979, 14.644218337031765 ], [ -90.512629203191338, 14.644216438848568 ] ], [ [ -90.512653077725773, 14.644149568177319 ], [ -90.512638951277253, 14.644147669995386 ] ] ] } },
{ "type": "Feature", "properties": { "kind": "c", "value": "6.2569169307234915", "building_uid": "2709" }, "geometry": { "type": "MultiLineString", "coordinates": [ [ [ -90.514387547652618, 14.647343792518337 ], [ -90.51433006328962, 14.647335892605295 ] ], [ [ -90.514388359061087, 14.647338195816957 ], [ -90.514386736244106, 14.647349389219711 ] ], [ [ -90.514330874699453, 14.647330295904334 ], [ -90.51432925187973, 14.647341489306239 ] ] ] } },
{ "type": "Feature", "properties": { "kind": "c", "value": "7.957945867456567", "building_uid": "2713" }, "geometry": { "type": "MultiLineString", "coordinates": [ [ [ -90.514121189848382, 14.648253811868321 ], [ -90.514048011422531, 14.648244229504925 ] ], [ [ -90.514122174066941, 14.64824668721633 ], [ -90.514120205629723, 14.648260936520288 ] ], [ [ -90.514048995643321, 14.64823710485361 ], [ -90.514047027201642, 14.648251354156217 ] ] ] } },
{ "type": "Feature", "properties": { "kind": "c", "value": "13.824886218078783", "building_uid": "2714" }, "geometry": { "type": "MultiLineString", "coordinates": [ [ [ -90.51422564353976, 14.648262783315657 ], [ -90.514207526432443, 14.648386418383385 ] ], [ [ -90.514212944785129, 14.648261019435383 ], [ -90.514238342294732, 14.648264547195275 ] ], [ [ -90.514194827671147, 14.648384654501038 ], [ -90.514220225194066, 14.648388182265068 ] ] ] } },
{ "type": "Feature", "properties": { "kind": "c", "value": "2.6227002973149154", "building_uid": "2715" }, "geometry": { "type": "MultiLineString", "coordinates": [ [ [ -90.514144794124732, 14.648261527064109 ], [ -90.514120680415033, 14.64825834228602 ] ], [ [ -90.514145121238229, 14.648259179353383 ], [ -90.514144467011221, 14.648263874774839 ] ], [ [ -90.514121007528772, 14.648255994575372 ], [ -90.514120353301294, 14.64826068999667 ] ] ] } },
{ "type": "Feature", "properties": { "kind": "c", "value": "6.172628587994392", "building_uid": "2717" }, "geometry": { "type": "MultiLineString", "coordinates": [ [ [ -90.514121969346476, 14.648025093884714 ], [ -90.514114314157041, 14.648080353917461 ] ], [ [ -90.514116293506817, 14.64802434857492 ], [ -90.514127645186221, 14.64802583919437 ] ], [ [ -90.514108638316031, 14.648079608607265 ], [ -90.514119989998107, 14.648081099227527 ] ] ] } },
{ "type": "Feature", "properties": { "kind": "c", "value": "11.67703450600369", "building_uid": "2718" }, "geometry": { "type": "MultiLineString", "coordinates": [ [ [ -90.514561320626953, 14.64789610795513 ], [ -90.514454153853961, 14.647880596833639 ] ], [ [ -90.514562913793696, 14.647885674179808 ], [ -90.514559727459996, 14.647906541730411 ] ], [ [ -90.514455747025423, 14.647870163059823 ], [ -90.514452560682273, 14.647891030607415 ] ] ] } },
{ "type": "Feature", "properties": { "kind": "c", "value": "17.885305119587965", "building_uid": "2722" }, "geometry": { "type": "MultiLineString", "coordinates": [ [ [ -90.514520519888194, 14.648205616488857 ], [ -90.514542700662702, 14.64804549944065 ] ], [ [ -90.514536965760399, 14.648207776011464 ], [ -90.514504074016514, 14.648203456965142 ] ], [ [ -90.514559146523681, 14.648047658959864 ], [ -90.514526254802234, 14.648043339920317 ] ] ] } },
{ "type": "Feature", "properties": { "kind": "c", "value": "6.887672894843347", "building_uid": "2727" }, "geometry": { "type": "MultiLineString", "coordinates": [ [ [ -90.514494409206307, 14.647810223183052 ], [ -90.514431289982596, 14.6478004853876 ] ], [ [ -90.514495409387806, 14.647804077882473 ], [ -90.514493409024723, 14.647816368483612 ] ], [ [ -90.514432290165715, 14.647794340087556 ], [ -90.514430289799392, 14.647806630687629 ] ] ] } },
{ "type": "Feature", "properties": { "kind": "c", "value": "6.258105937129728", "building_uid": "2733" }, "geometry": { "type": "MultiLineString", "coordinates": [ [ [ -90.514362282996331, 14.646761870251215 ], [ -90.514419736898915, 14.646770051049105 ] ], [ [ -90.514361442738661, 14.64676746400135 ], [ -90.514363123253943, 14.646756276501074 ] ], [ [ -90.514418896642624, 14.646775644799666 ], [ -90.514420577155178, 14.646764457298529 ] ] ] } },
{ "type": "Feature", "properties": { "kind": "c", "value": "6.319199026855921", "building_uid": "2735" }, "geometry": { "type": "MultiLineString", "coordinates": [ [ [ -90.514423792144072, 14.646744145403776 ], [ -90.514365757527131, 14.646736017935453 ] ], [ [ -90.514424626922676, 14.646738495113787 ], [ -90.514422957365397, 14.646749795693747 ] ], [ [ -90.514366592307127, 14.646730367645901 ], [ -90.514364922747077, 14.646741668224998 ] ] ] } },
{ "type": "Feature", "properties": { "kind": "c", "value": "6.745888483805626", "building_uid": "2737" }, "geometry": { "type": "MultiLineString", "coordinates": [ [ [ -90.514427389016234, 14.646719797972802 ], [ -90.514489342153766, 14.646728475126753 ] ], [ [ -90.51442649777745, 14.646725829772587 ], [ -90.514428280254933, 14.646713766173001 ] ], [ [ -90.514488450916573, 14.646734506927034 ], [ -90.514490233390902, 14.646722443326457 ] ] ] } },
{ "type": "Feature", "properties": { "kind": "c", "value": "17.278725472703215", "building_uid": "2739" }, "geometry": { "type": "MultiLineString", "coordinates": [ [ [ -90.514259073783407, 14.646652239215934 ], [ -90.514418131890395, 14.646671773080817 ] ], [ [ -90.514257067438393, 14.646667725225386 ], [ -90.514261080127952, 14.646636753206401 ] ], [ [ -90.51441612555594, 14.646687259093353 ], [ -90.514420138224409, 14.646656287068202 ] ] ] } },
{ "type": "Feature", "properties": { "kind": "c", "value": "7.988731337936331", "building_uid": "2743" }, "geometry": { "type": "MultiLineString", "coordinates": [ [ [ -90.513512622789847, 14.646339007659909 ], [ -90.513500667573311, 14.64641022889192 ] ], [ [ -90.513505307608739, 14.646337843690191 ], [ -90.513519937971068, 14.646340171629415 ] ], [ [ -90.513493352390029, 14.646409064921469 ], [ -90.513507982756707, 14.646411392862158 ] ] ] } },
{ "type": "Feature", "properties": { "kind": "c", "value": "7.09320396240228", "building_uid": "2756" }, "geometry": { "type": "MultiLineString", "coordinates": [ [ [ -90.513994116340569, 14.647736634491242 ], [ -90.513928936854427, 14.647727760327811 ] ], [ [ -90.513995027816847, 14.647730288600954 ], [ -90.513993204864192, 14.647742980381514 ] ], [ [ -90.513929848332495, 14.647721414438067 ], [ -90.513928025376302, 14.647734106217541 ] ] ] } },
{ "type": "Feature", "properties": { "kind": "c", "value": "6.646666966796044", "building_uid": "2760" }, "geometry": { "type": "MultiLineString", "coordinates": [ [ [ -90.513790305476803, 14.647644491808316 ], [ -90.513799255550055, 14.647585084890901 ] ], [ [ -90.513796407238345, 14.647645363190176 ], [ -90.513784203715332, 14.647643620426299 ] ], [ [ -90.513805357310048, 14.647585956272279 ], [ -90.513793153790118, 14.647584213509367 ] ] ] } },
{ "type": "Feature", "properties": { "kind": "c", "value": "4.642766646723086", "building_uid": "2784" }, "geometry": { "type": "MultiLineString", "coordinates": [ [ [ -90.513635141190946, 14.648178838369821 ], [ -90.513643277665849, 14.648137652912927 ] ], [ [ -90.513639371413063, 14.648179630537458 ], [ -90.513630910968843, 14.648178046202107 ] ], [ [ -90.513647507887285, 14.648138445080301 ], [ -90.513639047444485, 14.64813686074549 ] ] ] } },
{ "type": "Feature", "properties": { "kind": "c", "value": "5.805923742613425", "building_uid": "2802" }, "geometry": { "type": "MultiLineString", "coordinates": [ [ [ -90.512817317020577, 14.648128535575188 ], [ -90.512809982283699, 14.648180494852156 ] ], [ [ -90.512811980203864, 14.648127821465009 ], [ -90.512822653837347, 14.648129249685258 ] ], [ [ -90.512804645465806, 14.648179780741609 ], [ -90.512815319101648, 14.64818120896258 ] ] ] } },
{ "type": "Feature", "properties": { "kind": "c", "value": "9.515501858446285", "building_uid": "2873" }, "geometry": { "type": "MultiLineString", "coordinates": [ [ [ -90.513992431553717, 14.64483354226893 ], [ -90.514007571757887, 14.644748857418413 ] ], [ [ -90.514001129531593, 14.644835016343155 ], [ -90.513983733576012, 14.644832068194402 ] ], [ [ -90.514016269732693, 14.644750331491569 ], [ -90.513998873783223, 14.644747383344953 ] ] ] } },
{ "type": "Feature", "properties": { "kind": "c", "value": "3.4758767075165635", "building_uid": "2880" }, "geometry": { "type": "MultiLineString", "coordinates": [ [ [ -90.514049228638029, 14.645166323158096 ], [ -90.514054465570624, 14.645135340598456 ] ], [ [ -90.514052410860486, 14.645166833033205 ], [ -90.514046046415572, 14.645165813282945 ] ], [ [ -90.514057647792683, 14.645135850473425 ], [ -90.514051283348593, 14.645134830723439 ] ] ] } },
{ "type": "Feature", "properties": { "kind": "c", "value": "5.759864810491632", "building_uid": "2891" }, "geometry": { "type": "MultiLineString", "coordinates": [ [ [ -90.512378101956344, 14.645429353529588 ], [ -90.512431125728284, 14.645435848862855 ] ], [ [ -90.512377434818433, 14.645434515991077 ], [ -90.512378769094198, 14.645424191068093 ] ], [ [ -90.512430458591538, 14.645441011324683 ], [ -90.512431792864959, 14.645430686401019 ] ] ] } },
{ "type": "Feature", "properties": { "kind": "c", "value": "3.500618255901573", "building_uid": "12745" }, "geometry": { "type": "MultiLineString", "coordinates": [ [ [ -90.514111433572779, 14.646237739596064 ], [ -90.514106940111219, 14.646269058316447 ] ], [ [ -90.514108216807259, 14.646237302108652 ], [ -90.514114650338328, 14.646238177083431 ] ], [ [ -90.514103723345272, 14.646268620828906 ], [ -90.514110156877194, 14.646269495803947 ] ] ] } },
{ "type": "Feature", "properties": { "kind": "c", "value": "9.161212231983182", "building_uid": "12746" }, "geometry": { "type": "MultiLineString", "coordinates": [ [ [ -90.514305558251948, 14.646318281026128 ], [ -90.514389837348219, 14.646329044132148 ] ], [ [ -90.514304452764549, 14.646326486511574 ], [ -90.514306663739191, 14.646310075540654 ] ], [ [ -90.514388731863789, 14.646337249618474 ], [ -90.514390942832506, 14.646320838645794 ] ] ] } },
{ "type": "Feature", "properties": { "kind": "c", "value": "8.506357099576464", "building_uid": "12782" }, "geometry": { "type": "MultiLineString", "coordinates": [ [ [ -90.513536705832422, 14.6443530026768 ], [ -90.513458546849833, 14.644342327545354 ] ], [ [ -90.513537802271017, 14.644345392980629 ], [ -90.513535609393713, 14.644360612372942 ] ], [ [ -90.513459643290943, 14.644334717849967 ], [ -90.513457450408595, 14.644349937240721 ] ] ] } },
{ "type": "Feature", "properties": { "kind": "c", "value": "5.926026312247961", "building_uid": "12783" }, "geometry": { "type": "MultiLineString", "coordinates": [ [ [ -90.513213568319557, 14.64363704295328 ], [ -90.513221495082078, 14.643584069507289 ] ], [ [ -90.513219009190195, 14.643637814719556 ], [ -90.513208127448948, 14.64363627118688 ] ], [ [ -90.513226935951508, 14.64358484127318 ], [ -90.513216054212705, 14.643583297741275 ] ] ] } },
{ "type": "Feature", "properties": { "kind": "c", "value": "8.887089516827812", "building_uid": "12784" }, "geometry": { "type": "MultiLineString", "coordinates": [ [ [ -90.513506690098112, 14.643487382583082 ], [ -90.513495234977299, 14.643566885535504 ] ], [ [ -90.513498524403431, 14.643486267288477 ], [ -90.513514855792934, 14.643488497877421 ] ], [ [ -90.513487069279861, 14.643565770240043 ], [ -90.513503400674878, 14.643568000830689 ] ] ] } },
{ "type": "Feature", "properties": { "kind": "c", "value": "10.83923260870478", "building_uid": "12785" }, "geometry": { "type": "MultiLineString", "coordinates": [ [ [ -90.51341527987806, 14.643877066665414 ], [ -90.513425238833349, 14.643779631853858 ] ], [ [ -90.513425287359809, 14.643878036289454 ], [ -90.513405272396469, 14.64387609704095 ] ], [ [ -90.513435246310863, 14.643780601476788 ], [ -90.513415231356007, 14.643778662230508 ] ] ] } },
{ "type": "Feature", "properties": { "kind": "c", "value": "20.5501542704926", "building_uid": "12786" }, "geometry": { "type": "MultiLineString", "coordinates": [ [ [ -90.513366973330164, 14.644154040706033 ], [ -90.513340484803436, 14.644337880148678 ] ], [ [ -90.513348091246556, 14.644151461736886 ], [ -90.513385855414484, 14.644156619673707 ] ], [ [ -90.513321602705076, 14.644335301174992 ], [ -90.513359366902478, 14.64434045912089 ] ] ] } },
{ "type": "Feature", "properties": { "kind": "c", "value": "4.594390406151746", "building_uid": "12788" }, "geometry": { "type": "MultiLineString", "coordinates": [ [ [ -90.514339808492224, 14.644527076481248 ], [ -90.514332900600948, 14.644568031308166 ] ], [ [ -90.514335602029362, 14.644526403917535 ], [ -90.514344014955142, 14.64452774904489 ] ], [ [ -90.514328694137362, 14.64456735874421 ], [ -90.514337107064591, 14.644568703872054 ] ] ] } },
{ "type": "Feature", "properties": { "kind": "c", "value": "2.5122080274597813", "building_uid": "12846" }, "geometry": { "type": "MultiLineString", "coordinates": [ [ [ -90.512428700662909, 14.644003061290871 ], [ -90.512405588946095, 14.644000115687248 ] ], [ [ -90.512429003204474, 14.644000811089914 ], [ -90.512428398121344, 14.64400531149183 ] ], [ [ -90.512405891487887, 14.643997865486362 ], [ -90.512405286404302, 14.644002365888142 ] ] ] } },
{ "type": "Feature", "properties": { "kind": "c", "value": "3.133488655949252", "building_uid": "12915" }, "geometry": { "type": "MultiLineString", "coordinates": [ [ [ -90.514953910381578, 14.645486170046835 ], [ -90.514925068521933, 14.645482603660401 ] ], [ [ -90.514954276685913, 14.645483361967434 ], [ -90.514953544077215, 14.64548897812624 ] ], [ [ -90.514925434826623, 14.645479795581101 ], [ -90.514924702217229, 14.645485411739701 ] ] ] } },
{ "type": "Feature", "properties": { "kind": "c", "value": "2.3586857405115835", "building_uid": "12919" }, "geometry": { "type": "MultiLineString", "coordinates": [ [ [ -90.513806627327071, 14.644377823198434 ], [ -90.513784950671734, 14.644374893350323 ] ], [ [ -90.513806928250929, 14.644375712721461 ], [ -90.513806326403213, 14.64437993367541 ] ], [ [ -90.513785251595777, 14.644372782873408 ], [ -90.513784649747663, 14.644377003827232 ] ] ] } },
{ "type": "Feature", "properties": { "kind": "c", "value": "1.2266462575980022", "building_uid": "12987" }, "geometry": { "type": "MultiLineString", "coordinates": [ [ [ -90.515112516252344, 14.64415232180292 ], [ -90.515113817708951, 14.64414131358212 ] ], [ [ -90.515113646902762, 14.644152448515143 ], [ -90.515111385601941, 14.644152195090696 ] ], [ [ -90.515114948359312, 14.644141440294323 ], [ -90.515112687058604, 14.644141186869906 ] ] ] } },
{ "type": "Feature", "properties": { "kind": "c", "value": "5.637718632426514", "building_uid": "12997" }, "geometry": { "type": "MultiLineString", "coordinates": [ [ [ -90.512913644024664, 14.645601055288713 ], [ -90.512920741947042, 14.645550598088052 ] ], [ [ -90.512918826500282, 14.645601746351092 ], [ -90.512908461549102, 14.645600364226221 ] ], [ [ -90.512925924421552, 14.645551289150093 ], [ -90.512915559472589, 14.645549907025899 ] ] ] } },
{ "type": "Feature", "properties": { "kind": "c", "value": "7.263730753771705", "building_uid": "1000002" }, "geometry": { "type": "MultiLineString", "coordinates": [ [ [ -90.514403328942493, 14.642998446520679 ], [ -90.514394771690036, 14.643063532311656 ] ], [ [ -90.514396644039849, 14.642997613366671 ], [ -90.514410013845222, 14.642999279674504 ] ], [ [ -90.514388086785516, 14.643062699157101 ], [ -90.514401456594626, 14.643064365466021 ] ] ] } },
{ "type": "Feature", "properties": { "kind": "c", "value": "7.992498670100824", "building_uid": "1000004" }, "geometry": { "type": "MultiLineString", "coordinates": [ [ [ -90.515042851820141, 14.643103794071235 ], [ -90.515033100317282, 14.643175367335182 ] ], [ [ -90.515035500591452, 14.643102844642723 ], [ -90.515050203048958, 14.643104743499523 ] ], [ [ -90.515025749086334, 14.643174417905994 ], [ -90.51504045154833, 14.643176316764141 ] ] ] } },
{ "type": "Feature", "properties": { "kind": "c", "value": "3.794516655038405", "building_uid": "1000005" }, "geometry": { "type": "MultiLineString", "coordinates": [ [ [ -90.512482510972774, 14.643431764723976 ], [ -90.512478134691307, 14.643465776574892 ] ], [ [ -90.512479017639379, 14.643431338639806 ], [ -90.512486004306183, 14.643432190808088 ] ], [ [ -90.5124746413574, 14.643465350490574 ], [ -90.512481628025228, 14.643466202659154 ] ] ] } },
{ "type": "Feature", "properties": { "kind": "c", "value": "5.516509475805929", "building_uid": "1000011" }, "geometry": { "type": "MultiLineString", "coordinates": [ [ [ -90.514872429484043, 14.643946595862802 ], [ -90.514821607748843, 14.643940680340794 ] ], [ [ -90.514873037064035, 14.643941647760046 ], [ -90.514871821904009, 14.643951543965546 ] ], [ [ -90.514822215329914, 14.643935732238347 ], [ -90.514821000167728, 14.643945628443239 ] ] ] } },
{ "type": "Feature", "properties": { "kind": "c", "value": "8.66960455673051", "building_uid": "182" }, "geometry": { "type": "MultiLineString", "coordinates": [ [ [ -90.514598834784891, 14.644191779512202 ], [ -90.514678659902273, 14.644201436369187 ] ], [ [ -90.514597842930982, 14.644199551430805 ], [ -90.514599826638687, 14.644184007593582 ] ], [ [ -90.514677668051036, 14.644209208288556 ], [ -90.514679651753411, 14.644193664449798 ] ] ] } },
{ "type": "Feature", "properties": { "kind": "c", "value": "8.685056009320608", "building_uid": "1000013" }, "geometry": { "type": "MultiLineString", "coordinates": [ [ [ -90.514765892336584, 14.644207723419303 ], [ -90.514846042305464, 14.644215839909402 ] ], [ [ -90.514765058693158, 14.644215526965516 ], [ -90.514766725979896, 14.644199919873072 ] ], [ [ -90.514845208664752, 14.644223643456334 ], [ -90.514846875946077, 14.644208036362443 ] ] ] } },
{ "type": "Feature", "properties": { "kind": "c", "value": "6.200208266431094", "building_uid": "1000016" }, "geometry": { "type": "MultiLineString", "coordinates": [ [ [ -90.514677954615621, 14.645325978294025 ], [ -90.514735026978769, 14.645333010021046 ] ], [ [ -90.514677232384841, 14.645331534934101 ], [ -90.514678676846373, 14.64532042165394 ] ], [ [ -90.514734304749339, 14.645338566661515 ], [ -90.514735749208143, 14.645327453380558 ] ] ] } },
{ "type": "Feature", "properties": { "kind": "c", "value": "4.465826315765471", "building_uid": "1000015" }, "geometry": { "type": "MultiLineString", "coordinates": [ [ [ -90.514549388983937, 14.645178820663187 ], [ -90.514555400632844, 14.645138905495219 ] ], [ [ -90.514553488675929, 14.645179405965765 ], [ -90.514545289291974, 14.645178235360543 ] ], [ [ -90.51455950032414, 14.645139490797577 ], [ -90.514551300941577, 14.645138320192794 ] ] ] } },
{ "type": "Feature", "properties": { "kind": "c", "value": "9.335451615153293", "building_uid": "2861" }, "geometry": { "type": "MultiLineString", "coordinates": [ [ [ -90.512187431855111, 14.646564566095156 ], [ -90.512273171834465, 14.646576540853575 ] ], [ [ -90.512186201916649, 14.646572913803896 ], [ -90.512188661793431, 14.64655621838639 ] ], [ [ -90.51227194189903, 14.646584888563252 ], [ -90.512274401769758, 14.646568193143858 ] ] ] } },
{ "type": "Feature", "properties": { "kind": "c", "value": "6.131140914854655", "building_uid": "1000020" }, "geometry": { "type": "MultiLineString", "coordinates": [ [ [ -90.51215141126734, 14.647106410012364 ], [ -90.512149805516358, 14.647161773470422 ] ], [ [ -90.512145724828841, 14.647106253675707 ], [ -90.512157097705867, 14.647106566348885 ] ], [ [ -90.512144119076453, 14.647161617133502 ], [ -90.512155491956293, 14.647161929807208 ] ] ] } },
{ "type": "Feature", "properties": { "kind": "c", "value": "1.4217649665155572", "building_uid": "1000021" }, "geometry": { "type": "MultiLineString", "coordinates": [ [ [ -90.512136085367629, 14.647161396007851 ], [ -90.512149271956062, 14.647161752749625 ] ], [ [ -90.512136048726262, 14.647162679860555 ], [ -90.512136122008997, 14.647160112155142 ] ], [ [ -90.512149235314752, 14.647163036602347 ], [ -90.512149308597344, 14.647160468896899 ] ] ] } },
{ "type": "Feature", "properties": { "kind": "c", "value": "8.418829573485155", "building_uid": "1000001" }, "geometry": { "type": "MultiLineString", "coordinates": [ [ [ -90.514178780699524, 14.643164634992081 ], [ -90.51416739012241, 14.64323987348946 ] ], [ [ -90.514171053015644, 14.643163525979896 ], [ -90.514186508383517, 14.643165744004023 ] ], [ [ -90.514159662436072, 14.643238764476495 ], [ -90.514175117808847, 14.643240982502185 ] ] ] } },
{ "type": "Feature", "properties": { "kind": "c", "value": "7.094238745084457", "building_uid": "1000017" }, "geometry": { "type": "MultiLineString", "coordinates": [ [ [ -90.51456905153735, 14.645758183563938 ], [ -90.514559603926145, 14.64582160577509 ] ], [ [ -90.514562537416452, 14.645757263734243 ], [ -90.514575565658305, 14.64575910339347 ] ], [ [ -90.514553089803499, 14.64582068594485 ], [ -90.514566118048862, 14.645822525605171 ] ] ] } }
]
}
