{
"type": "FeatureCollection",
"name": "bbox_axis",
"crs": { "type": "name", "properties": { "name": "urn:ogc:def:crs:OGC:1.3:CRS84" } },
"features": [
{ "type": "Feature", "properties": { "kind": "L1", "value": "36.78898123593087", "building_uid": "7", "part": "shaft" }, "geometry": { "type": "LineString", "coordinates": [ [ -90.513965655861739, 14.64293952579238 ], [ -90.514011320078708, 14.642610180151463 ] ] } },
{ "type": "Feature", "properties": { "kind": "L1", "value": "40.477979313452984", "building_uid": "8", "part": "shaft" }, "geometry": { "type": "LineString", "coordinates": [ [ -90.514988033547951, 14.642792182555993 ], [ -90.514936133141276, 14.643154331959778 ] ] } },
{ "type": "Feature", "properties": { "kind": "L1", "value": "33.66468152686905", "building_uid": "9", "part": "shaft" }, "geometry": { "type": "LineString", "coordinates": [ [ -90.515273731237727, 14.642791612194864 ], [ -90.515230627882502, 14.643092812575048 ] ] } },
{ "type": "Feature", "properties": { "kind": "L1", "value": "33.891256416593315", "building_uid": "10", "part": "shaft" }, "geometry": { "type": "LineString", "coordinates": [ [ -90.515423325030753, 14.643142827697439 ], [ -90.515468686818437, 14.642839873286432 ] ] } },
{ "type": "Feature", "properties": { "kind": "L1", "value": "17.28307660086443", "building_uid": "53", "part": "shaft" }, "geometry": { "type": "LineString", "coordinates": [ [ -90.514361053693023, 14.642703159941263 ], [ -90.514201957316914, 14.64268362955435 ] ] } },
{ "type": "Feature", "properties": { "kind": "L1", "value": "35.4290931527949", "building_uid": "54", "part": "shaft" }, "geometry": { "type": "LineString", "coordinates": [ [ -90.514456670844282, 14.642651012924754 ], [ -90.514413886900769, 14.642968339104298 ] ] } },
{ "type": "Feature", "properties": { "kind": "L1", "value": "22.506478053568436", "building_uid": "55", "part": "shaft" }, "geometry": { "type": "LineString", "coordinates": [ [ -90.514591105830661, 14.642688296206805 ], [ -90.514562688840456, 14.642889717059616 ] ] } },
{ "type": "Feature", "properties": { "kind": "L1", "value": "24.95862684147774", "building_uid": "105", "part": "shaft" }, "geometry": { "type": "LineString", "coordinates": [ [ -90.514796050589538, 14.64349784275727 ], [ -90.514833440003784, 14.643275337270094 ] ] } },
{ "type": "Feature", "properties": { "kind": "L1", "value": "28.61713748653591", "building_uid": "106", "part": "shaft" }, "geometry": { "type": "LineString", "coordinates": [ [ -90.514472379310703, 14.643821588353877 ], [ -90.514508879703527, 14.6435655298763 ] ] } },
{ "type": "Feature", "properties": { "kind": "L1", "value": "32.98836346509836", "building_uid": "107", "part": "shaft" }, "geometry": { "type": "LineString", "coordinates": [ [ -90.513887302203941, 14.643472605631946 ], [ -90.513841019218617, 14.643767179003268 ] ] } },
{ "type": "Feature", "properties": { "kind": "L1", "value": "34.25541795297077", "building_uid": "108", "part": "shaft" }, "geometry": { "type": "LineString", "coordinates": [ [ -90.514110042463059, 14.643479974155751 ], [ -90.514064577955907, 14.643786237880267 ] ] } },
{ "type": "Feature", "properties": { "kind": "L1", "value": "42.837304777277545", "building_uid": "109", "part": "shaft" }, "geometry": { "type": "LineString", "coordinates": [ [ -90.514252940454796, 14.643525809684508 ], [ -90.514198244832599, 14.643909098521894 ] ] } },
{ "type": "Feature", "properties": { "kind": "L1", "value": "32.8197985324824", "building_uid": "110", "part": "shaft" }, "geometry": { "type": "LineString", "coordinates": [ [ -90.514347925456491, 14.643841196073572 ], [ -90.514390225978786, 14.643547593076528 ] ] } },
{ "type": "Feature", "properties": { "kind": "L1", "value": "21.859258423923386", "building_uid": "761", "part": "shaft" }, "geometry": { "type": "LineString", "coordinates": [ [ -90.514690122182216, 14.645011421218847 ], [ -90.514488838754659, 14.644987184667185 ] ] } },
{ "type": "Feature", "properties": { "kind": "L1", "value": "15.22392938315006", "building_uid": "176", "part": "shaft" }, "geometry": { "type": "LineString", "coordinates": [ [ -90.515239201746695, 14.644694717455861 ], [ -90.515220942292117, 14.644831088927633 ] ] } },
{ "type": "Feature", "properties": { "kind": "L1", "value": "20.50236496829438", "building_uid": "177", "part": "shaft" }, "geometry": { "type": "LineString", "coordinates": [ [ -90.515074790014609, 14.644803622552095 ], [ -90.515102533375895, 14.644620394767063 ] ] } },
{ "type": "Feature", "properties": { "kind": "L1", "value": "20.282616047644378", "building_uid": "178", "part": "shaft" }, "geometry": { "type": "LineString", "coordinates": [ [ -90.514974917275012, 14.644601625603149 ], [ -90.514947471176015, 14.644782889481036 ] ] } },
{ "type": "Feature", "properties": { "kind": "L1", "value": "20.12799841724209", "building_uid": "179", "part": "shaft" }, "geometry": { "type": "LineString", "coordinates": [ [ -90.514873411921556, 14.644586944985679 ], [ -90.514846100463942, 14.644766816326465 ] ] } },
{ "type": "Feature", "properties": { "kind": "L1", "value": "28.248554042442297", "building_uid": "183", "part": "shaft" }, "geometry": { "type": "LineString", "coordinates": [ [ -90.514663958912948, 14.643668014383119 ], [ -90.514923135321027, 14.643706004896194 ] ] } },
{ "type": "Feature", "properties": { "kind": "L1", "value": "43.28319008559466", "building_uid": "184", "part": "shaft" }, "geometry": { "type": "LineString", "coordinates": [ [ -90.514079510750562, 14.644196286504817 ], [ -90.514477662847554, 14.644247362193461 ] ] } },
{ "type": "Feature", "properties": { "kind": "L1", "value": "42.41577600932702", "building_uid": "185", "part": "shaft" }, "geometry": { "type": "LineString", "coordinates": [ [ -90.514119403689321, 14.643952261707822 ], [ -90.513729621445691, 14.643899406976169 ] ] } },
{ "type": "Feature", "properties": { "kind": "L1", "value": "40.91080211325412", "building_uid": "186", "part": "shaft" }, "geometry": { "type": "LineString", "coordinates": [ [ -90.514123212743982, 14.644278906676165 ], [ -90.514069130979607, 14.644644703805058 ] ] } },
{ "type": "Feature", "properties": { "kind": "L1", "value": "42.43015778866044", "building_uid": "187", "part": "shaft" }, "geometry": { "type": "LineString", "coordinates": [ [ -90.513981502365866, 14.64428014986126 ], [ -90.51392794463716, 14.644659878775935 ] ] } },
{ "type": "Feature", "properties": { "kind": "L1", "value": "25.457554585228856", "building_uid": "188", "part": "shaft" }, "geometry": { "type": "LineString", "coordinates": [ [ -90.513055005848685, 14.643435817549326 ], [ -90.513288216750738, 14.643472294442219 ] ] } },
{ "type": "Feature", "properties": { "kind": "L1", "value": "32.48237837282098", "building_uid": "191", "part": "shaft" }, "geometry": { "type": "LineString", "coordinates": [ [ -90.513216186249124, 14.644443978901709 ], [ -90.512919039161432, 14.644394970775487 ] ] } },
{ "type": "Feature", "properties": { "kind": "L1", "value": "17.25454338089188", "building_uid": "192", "part": "shaft" }, "geometry": { "type": "LineString", "coordinates": [ [ -90.51282055611658, 14.64438711375765 ], [ -90.512661987431699, 14.644365660747122 ] ] } },
{ "type": "Feature", "properties": { "kind": "L1", "value": "22.45612116190371", "building_uid": "193", "part": "shaft" }, "geometry": { "type": "LineString", "coordinates": [ [ -90.512634794906901, 14.644216612103687 ], [ -90.512603479479651, 14.644417164750044 ] ] } },
{ "type": "Feature", "properties": { "kind": "L1", "value": "19.57317437991874", "building_uid": "846", "part": "shaft" }, "geometry": { "type": "LineString", "coordinates": [ [ -90.514056161011638, 14.646933493825834 ], [ -90.514084503166032, 14.646758846216899 ] ] } },
{ "type": "Feature", "properties": { "kind": "L1", "value": "25.353343497295516", "building_uid": "194", "part": "shaft" }, "geometry": { "type": "LineString", "coordinates": [ [ -90.512202027964733, 14.644292557665457 ], [ -90.512434952112685, 14.644324581229222 ] ] } },
{ "type": "Feature", "properties": { "kind": "L1", "value": "16.345712414393347", "building_uid": "195", "part": "shaft" }, "geometry": { "type": "LineString", "coordinates": [ [ -90.512221839816959, 14.644161665753176 ], [ -90.512372114108715, 14.644181578743174 ] ] } },
{ "type": "Feature", "properties": { "kind": "L1", "value": "40.86607645060275", "building_uid": "196", "part": "shaft" }, "geometry": { "type": "LineString", "coordinates": [ [ -90.512368315082654, 14.643887538797305 ], [ -90.512421732232539, 14.643522057659437 ] ] } },
{ "type": "Feature", "properties": { "kind": "L1", "value": "133.18748351988023", "building_uid": "302", "part": "shaft" }, "geometry": { "type": "LineString", "coordinates": [ [ -90.513686602629392, 14.642973401624831 ], [ -90.512465972183961, 14.642785824322159 ] ] } },
{ "type": "Feature", "properties": { "kind": "L1", "value": "24.787671617926993", "building_uid": "303", "part": "shaft" }, "geometry": { "type": "LineString", "coordinates": [ [ -90.514025590496047, 14.643328600720148 ], [ -90.513798457687599, 14.643293440517855 ] ] } },
{ "type": "Feature", "properties": { "kind": "L1", "value": "18.841731411139328", "building_uid": "304", "part": "shaft" }, "geometry": { "type": "LineString", "coordinates": [ [ -90.51263157681619, 14.643261946177971 ], [ -90.51260436498788, 14.643430078001249 ] ] } },
{ "type": "Feature", "properties": { "kind": "L1", "value": "23.73326530150007", "building_uid": "305", "part": "shaft" }, "geometry": { "type": "LineString", "coordinates": [ [ -90.512361611461202, 14.643297800363735 ], [ -90.51257978000119, 14.643326872874532 ] ] } },
{ "type": "Feature", "properties": { "kind": "L1", "value": "21.76031698309754", "building_uid": "306", "part": "shaft" }, "geometry": { "type": "LineString", "coordinates": [ [ -90.512392328532457, 14.643512645162797 ], [ -90.512419706494711, 14.643317889418187 ] ] } },
{ "type": "Feature", "properties": { "kind": "L1", "value": "32.33895219353768", "building_uid": "307", "part": "shaft" }, "geometry": { "type": "LineString", "coordinates": [ [ -90.512660715844206, 14.64336109644117 ], [ -90.512957106646553, 14.643406569682297 ] ] } },
{ "type": "Feature", "properties": { "kind": "L1", "value": "32.26921794128379", "building_uid": "500", "part": "shaft" }, "geometry": { "type": "LineString", "coordinates": [ [ -90.515025451108841, 14.645756173956082 ], [ -90.514982640322046, 14.64604468255536 ] ] } },
{ "type": "Feature", "properties": { "kind": "L1", "value": "32.033283102036606", "building_uid": "501", "part": "shaft" }, "geometry": { "type": "LineString", "coordinates": [ [ -90.514803418583639, 14.646039315831768 ], [ -90.51484822921627, 14.645753251056176 ] ] } },
{ "type": "Feature", "properties": { "kind": "L1", "value": "31.488551656320713", "building_uid": "502", "part": "shaft" }, "geometry": { "type": "LineString", "coordinates": [ [ -90.513755647584276, 14.645773455269202 ], [ -90.513466954622814, 14.645729755803723 ] ] } },
{ "type": "Feature", "properties": { "kind": "L1", "value": "21.836279516887675", "building_uid": "762", "part": "shaft" }, "geometry": { "type": "LineString", "coordinates": [ [ -90.514677667798168, 14.645115936568835 ], [ -90.514477947171045, 14.645082776921196 ] ] } },
{ "type": "Feature", "properties": { "kind": "L1", "value": "31.82536328251601", "building_uid": "503", "part": "shaft" }, "geometry": { "type": "LineString", "coordinates": [ [ -90.513478905385583, 14.645576549631892 ], [ -90.513770315598379, 14.645622977369536 ] ] } },
{ "type": "Feature", "properties": { "kind": "L1", "value": "45.373318249344514", "building_uid": "504", "part": "shaft" }, "geometry": { "type": "LineString", "coordinates": [ [ -90.513496062898469, 14.645492114935337 ], [ -90.513912945023662, 14.645549222455877 ] ] } },
{ "type": "Feature", "properties": { "kind": "L1", "value": "27.394881677174382", "building_uid": "505", "part": "shaft" }, "geometry": { "type": "LineString", "coordinates": [ [ -90.513497872359281, 14.645341250640465 ], [ -90.513749957970248, 14.645372941438104 ] ] } },
{ "type": "Feature", "properties": { "kind": "L1", "value": "42.61385503190689", "building_uid": "506", "part": "shaft" }, "geometry": { "type": "LineString", "coordinates": [ [ -90.513518105040262, 14.645186698498089 ], [ -90.513909415558672, 14.645241817684548 ] ] } },
{ "type": "Feature", "properties": { "kind": "L1", "value": "18.120558841389208", "building_uid": "507", "part": "shaft" }, "geometry": { "type": "LineString", "coordinates": [ [ -90.513765779815088, 14.644785720954657 ], [ -90.513599085300498, 14.644764392223061 ] ] } },
{ "type": "Feature", "properties": { "kind": "L1", "value": "33.847568733911835", "building_uid": "508", "part": "shaft" }, "geometry": { "type": "LineString", "coordinates": [ [ -90.513421590080441, 14.644965065025302 ], [ -90.513463334756253, 14.644662016702856 ] ] } },
{ "type": "Feature", "properties": { "kind": "L1", "value": "16.356271461677096", "building_uid": "509", "part": "shaft" }, "geometry": { "type": "LineString", "coordinates": [ [ -90.51237743369191, 14.644497893112606 ], [ -90.512355053370428, 14.644644031636325 ] ] } },
{ "type": "Feature", "properties": { "kind": "L1", "value": "16.4206512177075", "building_uid": "510", "part": "shaft" }, "geometry": { "type": "LineString", "coordinates": [ [ -90.512223996905945, 14.644625806689778 ], [ -90.512244202717724, 14.644478781372793 ] ] } },
{ "type": "Feature", "properties": { "kind": "L1", "value": "16.480963360321155", "building_uid": "511", "part": "shaft" }, "geometry": { "type": "LineString", "coordinates": [ [ -90.512473991494815, 14.644663257142438 ], [ -90.512498072138115, 14.644516234298658 ] ] } },
{ "type": "Feature", "properties": { "kind": "L1", "value": "32.081560648674895", "building_uid": "512", "part": "shaft" }, "geometry": { "type": "LineString", "coordinates": [ [ -90.512566639333812, 14.644819702525242 ], [ -90.512609787642333, 14.644532955294794 ] ] } },
{ "type": "Feature", "properties": { "kind": "L1", "value": "14.47335622319768", "building_uid": "513", "part": "shaft" }, "geometry": { "type": "LineString", "coordinates": [ [ -90.512726246443421, 14.644548457380276 ], [ -90.512708507537212, 14.644678056475774 ] ] } },
{ "type": "Feature", "properties": { "kind": "L1", "value": "13.604993778693462", "building_uid": "514", "part": "shaft" }, "geometry": { "type": "LineString", "coordinates": [ [ -90.51276536176357, 14.644728633582934 ], [ -90.512640454092534, 14.644710884553261 ] ] } },
{ "type": "Feature", "properties": { "kind": "L1", "value": "13.582116196427425", "building_uid": "515", "part": "shaft" }, "geometry": { "type": "LineString", "coordinates": [ [ -90.512629899443539, 14.644789884754658 ], [ -90.512754597040768, 14.644807604459247 ] ] } },
{ "type": "Feature", "properties": { "kind": "L1", "value": "10.400897986880551", "building_uid": "847", "part": "shaft" }, "geometry": { "type": "LineString", "coordinates": [ [ -90.513919782004606, 14.646872061220385 ], [ -90.514015015581833, 14.646887253600429 ] ] } },
{ "type": "Feature", "properties": { "kind": "L1", "value": "41.118338375187754", "building_uid": "516", "part": "shaft" }, "geometry": { "type": "LineString", "coordinates": [ [ -90.512498509108482, 14.644729325519364 ], [ -90.512120471689585, 14.644679341652289 ] ] } },
{ "type": "Feature", "properties": { "kind": "L1", "value": "59.36269978855537", "building_uid": "517", "part": "shaft" }, "geometry": { "type": "LineString", "coordinates": [ [ -90.512713398315412, 14.644907542391385 ], [ -90.512168121698835, 14.644831896676139 ] ] } },
{ "type": "Feature", "properties": { "kind": "L1", "value": "41.63601088018665", "building_uid": "518", "part": "shaft" }, "geometry": { "type": "LineString", "coordinates": [ [ -90.512488441979258, 14.64501132144458 ], [ -90.512104872990122, 14.644966587613601 ] ] } },
{ "type": "Feature", "properties": { "kind": "L1", "value": "17.168080392426138", "building_uid": "519", "part": "shaft" }, "geometry": { "type": "LineString", "coordinates": [ [ -90.512128767209049, 14.645201215560428 ], [ -90.512150981389595, 14.645047643554948 ] ] } },
{ "type": "Feature", "properties": { "kind": "L1", "value": "16.41112329049757", "building_uid": "521", "part": "shaft" }, "geometry": { "type": "LineString", "coordinates": [ [ -90.512101976685415, 14.64528889488802 ], [ -90.512082058887131, 14.64543587062289 ] ] } },
{ "type": "Feature", "properties": { "kind": "L1", "value": "11.601959286652418", "building_uid": "522", "part": "shaft" }, "geometry": { "type": "LineString", "coordinates": [ [ -90.5120193968867, 14.645547917487058 ], [ -90.512125930574115, 14.645562949239856 ] ] } },
{ "type": "Feature", "properties": { "kind": "L1", "value": "21.395303936818735", "building_uid": "523", "part": "shaft" }, "geometry": { "type": "LineString", "coordinates": [ [ -90.512575447814186, 14.645676935783138 ], [ -90.51260752576384, 14.645486201753787 ] ] } },
{ "type": "Feature", "properties": { "kind": "L1", "value": "25.634388156462073", "building_uid": "524", "part": "shaft" }, "geometry": { "type": "LineString", "coordinates": [ [ -90.512494182276441, 14.645433572470248 ], [ -90.51245574897294, 14.645662096951746 ] ] } },
{ "type": "Feature", "properties": { "kind": "L1", "value": "17.582808516443606", "building_uid": "525", "part": "shaft" }, "geometry": { "type": "LineString", "coordinates": [ [ -90.51229484546208, 14.645483408119359 ], [ -90.51227175954115, 14.64564064367546 ] ] } },
{ "type": "Feature", "properties": { "kind": "L1", "value": "43.13512512188912", "building_uid": "697", "part": "shaft" }, "geometry": { "type": "LineString", "coordinates": [ [ -90.512789770811537, 14.646209842745488 ], [ -90.512395267749781, 14.646144202538027 ] ] } },
{ "type": "Feature", "properties": { "kind": "L1", "value": "32.383525060901704", "building_uid": "698", "part": "shaft" }, "geometry": { "type": "LineString", "coordinates": [ [ -90.512682324034728, 14.64657384322318 ], [ -90.512725377397388, 14.646284325927153 ] ] } },
{ "type": "Feature", "properties": { "kind": "L1", "value": "35.33559593319229", "building_uid": "699", "part": "shaft" }, "geometry": { "type": "LineString", "coordinates": [ [ -90.51225689037669, 14.645856239465756 ], [ -90.512580466975791, 14.645907641021294 ] ] } },
{ "type": "Feature", "properties": { "kind": "L1", "value": "22.31871779335306", "building_uid": "700", "part": "shaft" }, "geometry": { "type": "LineString", "coordinates": [ [ -90.512269504519494, 14.645779480226222 ], [ -90.512064954315861, 14.645748060267858 ] ] } },
{ "type": "Feature", "properties": { "kind": "L1", "value": "14.001328626330475", "building_uid": "310", "part": "shaft" }, "geometry": { "type": "LineString", "coordinates": [ [ -90.512968375003467, 14.644055487794288 ], [ -90.513097042647587, 14.644072923649853 ] ] } },
{ "type": "Feature", "properties": { "kind": "L1", "value": "29.226276083389276", "building_uid": "702", "part": "shaft" }, "geometry": { "type": "LineString", "coordinates": [ [ -90.512006249498043, 14.645966345277353 ], [ -90.512041289502093, 14.645704543776196 ] ] } },
{ "type": "Feature", "properties": { "kind": "L1", "value": "20.61156692291826", "building_uid": "703", "part": "shaft" }, "geometry": { "type": "LineString", "coordinates": [ [ -90.514168989380948, 14.646033724732664 ], [ -90.51414269372313, 14.64621815063771 ] ] } },
{ "type": "Feature", "properties": { "kind": "L1", "value": "26.783975574458662", "building_uid": "704", "part": "shaft" }, "geometry": { "type": "LineString", "coordinates": [ [ -90.514014647153033, 14.646256520951674 ], [ -90.514051018879201, 14.646017173593794 ] ] } },
{ "type": "Feature", "properties": { "kind": "L1", "value": "27.239063171587944", "building_uid": "705", "part": "shaft" }, "geometry": { "type": "LineString", "coordinates": [ [ -90.513686862307779, 14.646016137794019 ], [ -90.51343680239934, 14.645980442164868 ] ] } },
{ "type": "Feature", "properties": { "kind": "L1", "value": "27.454094828127662", "building_uid": "706", "part": "shaft" }, "geometry": { "type": "LineString", "coordinates": [ [ -90.513409925904725, 14.646085943215947 ], [ -90.513661959929465, 14.646121920849593 ] ] } },
{ "type": "Feature", "properties": { "kind": "L1", "value": "41.022713592705486", "building_uid": "746", "part": "shaft" }, "geometry": { "type": "LineString", "coordinates": [ [ -90.514551606815857, 14.643084980718555 ], [ -90.514499426597922, 14.643452060291555 ] ] } },
{ "type": "Feature", "properties": { "kind": "L1", "value": "40.8325781601116", "building_uid": "747", "part": "shaft" }, "geometry": { "type": "LineString", "coordinates": [ [ -90.514342161235703, 14.643437969279832 ], [ -90.514394835644566, 14.643072691016449 ] ] } },
{ "type": "Feature", "properties": { "kind": "L1", "value": "17.60823105623894", "building_uid": "748", "part": "shaft" }, "geometry": { "type": "LineString", "coordinates": [ [ -90.5142387599589, 14.643262045004814 ], [ -90.514215620459993, 14.643419505309048 ] ] } },
{ "type": "Feature", "properties": { "kind": "L1", "value": "37.98112409950899", "building_uid": "749", "part": "shaft" }, "geometry": { "type": "LineString", "coordinates": [ [ -90.514192012938722, 14.643075924408494 ], [ -90.513843552773864, 14.643024780491215 ] ] } },
{ "type": "Feature", "properties": { "kind": "L1", "value": "20.72732813702754", "building_uid": "751", "part": "shaft" }, "geometry": { "type": "LineString", "coordinates": [ [ -90.515437764096021, 14.643260414365106 ], [ -90.515410617642701, 14.643445779911966 ] ] } },
{ "type": "Feature", "properties": { "kind": "L1", "value": "20.7063568582567", "building_uid": "752", "part": "shaft" }, "geometry": { "type": "LineString", "coordinates": [ [ -90.515281926931365, 14.643497768225549 ], [ -90.515471820097261, 14.643526157216529 ] ] } },
{ "type": "Feature", "properties": { "kind": "L1", "value": "16.273739288285757", "building_uid": "753", "part": "shaft" }, "geometry": { "type": "LineString", "coordinates": [ [ -90.514971343646707, 14.643452979453059 ], [ -90.515120401478427, 14.643476432815994 ] ] } },
{ "type": "Feature", "properties": { "kind": "L1", "value": "43.15353142964225", "building_uid": "754", "part": "shaft" }, "geometry": { "type": "LineString", "coordinates": [ [ -90.515104088587435, 14.643701619163636 ], [ -90.515051111514325, 14.644088019150113 ] ] } },
{ "type": "Feature", "properties": { "kind": "L1", "value": "24.83217157850315", "building_uid": "757", "part": "shaft" }, "geometry": { "type": "LineString", "coordinates": [ [ -90.515230556549625, 14.643672210600334 ], [ -90.515197997405636, 14.643894280853539 ] ] } },
{ "type": "Feature", "properties": { "kind": "L1", "value": "15.82101316557324", "building_uid": "1305", "part": "shaft" }, "geometry": { "type": "LineString", "coordinates": [ [ -90.515229576838379, 14.644216041943384 ], [ -90.515375332813562, 14.64423299018646 ] ] } },
{ "type": "Feature", "properties": { "kind": "L1", "value": "15.989830821770436", "building_uid": "758", "part": "shaft" }, "geometry": { "type": "LineString", "coordinates": [ [ -90.515283076809752, 14.64374453797836 ], [ -90.515429945781975, 14.64376495017498 ] ] } },
{ "type": "Feature", "properties": { "kind": "L1", "value": "23.713148532190306", "building_uid": "759", "part": "shaft" }, "geometry": { "type": "LineString", "coordinates": [ [ -90.514740459937599, 14.645076261398813 ], [ -90.514767429491357, 14.644863664184472 ] ] } },
{ "type": "Feature", "properties": { "kind": "L1", "value": "21.94953166453846", "building_uid": "760", "part": "shaft" }, "geometry": { "type": "LineString", "coordinates": [ [ -90.514703872514914, 14.644904796733719 ], [ -90.514502225324023, 14.644877026983485 ] ] } },
{ "type": "Feature", "properties": { "kind": "L1", "value": "24.232565668201566", "building_uid": "766", "part": "shaft" }, "geometry": { "type": "LineString", "coordinates": [ [ -90.514182318404906, 14.645923896668496 ], [ -90.514214341936878, 14.645707223716286 ] ] } },
{ "type": "Feature", "properties": { "kind": "L1", "value": "13.291394327655553", "building_uid": "767", "part": "shaft" }, "geometry": { "type": "LineString", "coordinates": [ [ -90.514162926823914, 14.645653149963183 ], [ -90.514285524549038, 14.64566614346165 ] ] } },
{ "type": "Feature", "properties": { "kind": "L1", "value": "33.130587425877856", "building_uid": "768", "part": "shaft" }, "geometry": { "type": "LineString", "coordinates": [ [ -90.514351311495531, 14.645239350469689 ], [ -90.514046418540744, 14.645201235331403 ] ] } },
{ "type": "Feature", "properties": { "kind": "L1", "value": "26.103703276674082", "building_uid": "769", "part": "shaft" }, "geometry": { "type": "LineString", "coordinates": [ [ -90.514337543176893, 14.64533311804032 ], [ -90.514097306287496, 14.645303167298927 ] ] } },
{ "type": "Feature", "properties": { "kind": "L1", "value": "41.06111028678638", "building_uid": "771", "part": "shaft" }, "geometry": { "type": "LineString", "coordinates": [ [ -90.513780219318463, 14.646266203986219 ], [ -90.513403705506832, 14.646209577976146 ] ] } },
{ "type": "Feature", "properties": { "kind": "L1", "value": "42.29972926156532", "building_uid": "772", "part": "shaft" }, "geometry": { "type": "LineString", "coordinates": [ [ -90.513757016150876, 14.646530876747711 ], [ -90.513369247913346, 14.64647189291853 ] ] } },
{ "type": "Feature", "properties": { "kind": "L1", "value": "30.53169658317491", "building_uid": "842", "part": "shaft" }, "geometry": { "type": "LineString", "coordinates": [ [ -90.51374868118468, 14.646904524680309 ], [ -90.513785371351617, 14.646631040015459 ] ] } },
{ "type": "Feature", "properties": { "kind": "L1", "value": "31.719934556290568", "building_uid": "843", "part": "shaft" }, "geometry": { "type": "LineString", "coordinates": [ [ -90.513906707701381, 14.646618595258683 ], [ -90.513864122671322, 14.646902121489418 ] ] } },
{ "type": "Feature", "properties": { "kind": "L1", "value": "21.1159596283799", "building_uid": "844", "part": "shaft" }, "geometry": { "type": "LineString", "coordinates": [ [ -90.513651569914245, 14.646872811947116 ], [ -90.513679547527801, 14.646684016071163 ] ] } },
{ "type": "Feature", "properties": { "kind": "L1", "value": "20.88350536575604", "building_uid": "845", "part": "shaft" }, "geometry": { "type": "LineString", "coordinates": [ [ -90.514139455667305, 14.64671137941504 ], [ -90.513947946435209, 14.646682677233736 ] ] } },
{ "type": "Feature", "properties": { "kind": "L1", "value": "14.728535037078801", "building_uid": "520", "part": "shaft" }, "geometry": { "type": "LineString", "coordinates": [ [ -90.512366185899765, 14.645280270282372 ], [ -90.512230599042667, 14.645263661235752 ] ] } },
{ "type": "Feature", "properties": { "kind": "L1", "value": "24.11179705202144", "building_uid": "914", "part": "shaft" }, "geometry": { "type": "LineString", "coordinates": [ [ -90.515019379369079, 14.646390282151534 ], [ -90.515047202485349, 14.646174159340214 ] ] } },
{ "type": "Feature", "properties": { "kind": "L1", "value": "32.91848749303602", "building_uid": "915", "part": "shaft" }, "geometry": { "type": "LineString", "coordinates": [ [ -90.514746778835729, 14.646429154808178 ], [ -90.51479111960154, 14.646134936129302 ] ] } },
{ "type": "Feature", "properties": { "kind": "L1", "value": "30.96058543828303", "building_uid": "916", "part": "shaft" }, "geometry": { "type": "LineString", "coordinates": [ [ -90.514651675436639, 14.646116256418376 ], [ -90.514607269183202, 14.64639257683535 ] ] } },
{ "type": "Feature", "properties": { "kind": "L1", "value": "26.899030319533715", "building_uid": "918", "part": "shaft" }, "geometry": { "type": "LineString", "coordinates": [ [ -90.51394945782863, 14.646287954929363 ], [ -90.514196352718912, 14.64632349516922 ] ] } },
{ "type": "Feature", "properties": { "kind": "L1", "value": "14.002900110360681", "building_uid": "919", "part": "shaft" }, "geometry": { "type": "LineString", "coordinates": [ [ -90.513685759893804, 14.646016482017911 ], [ -90.513814209395335, 14.646035483678057 ] ] } },
{ "type": "Feature", "properties": { "kind": "L1", "value": "43.2825559706516", "building_uid": "1267", "part": "shaft" }, "geometry": { "type": "LineString", "coordinates": [ [ -90.514491074041828, 14.644136348629706 ], [ -90.514093231175593, 14.644083081128951 ] ] } },
{ "type": "Feature", "properties": { "kind": "L1", "value": "43.2246331599534", "building_uid": "1268", "part": "shaft" }, "geometry": { "type": "LineString", "coordinates": [ [ -90.51450470254693, 14.644028375104289 ], [ -90.514107563851539, 14.643973978030608 ] ] } },
{ "type": "Feature", "properties": { "kind": "L1", "value": "26.162809927885277", "building_uid": "1269", "part": "shaft" }, "geometry": { "type": "LineString", "coordinates": [ [ -90.514296965640256, 14.643868006656765 ], [ -90.514536903076092, 14.643903850124364 ] ] } },
{ "type": "Feature", "properties": { "kind": "L1", "value": "24.09337049238252", "building_uid": "1271", "part": "shaft" }, "geometry": { "type": "LineString", "coordinates": [ [ -90.513291993589178, 14.643417041024396 ], [ -90.513512707562427, 14.643451563027588 ] ] } },
{ "type": "Feature", "properties": { "kind": "L1", "value": "21.18591997484568", "building_uid": "1272", "part": "shaft" }, "geometry": { "type": "LineString", "coordinates": [ [ -90.512294888018687, 14.644088997767343 ], [ -90.512320730574373, 14.643899276292863 ] ] } },
{ "type": "Feature", "properties": { "kind": "L1", "value": "23.4513134031835", "building_uid": "1297", "part": "shaft" }, "geometry": { "type": "LineString", "coordinates": [ [ -90.513692267964785, 14.644371932968111 ], [ -90.513664577088647, 14.644582057640916 ] ] } },
{ "type": "Feature", "properties": { "kind": "L1", "value": "11.731918305356182", "building_uid": "1300", "part": "shaft" }, "geometry": { "type": "LineString", "coordinates": [ [ -90.515300746741175, 14.644462769479704 ], [ -90.515286598304499, 14.644567850715585 ] ] } },
{ "type": "Feature", "properties": { "kind": "L1", "value": "17.609376162668443", "building_uid": "1302", "part": "shaft" }, "geometry": { "type": "LineString", "coordinates": [ [ -90.515179800078769, 14.644387192506569 ], [ -90.515341609573767, 14.644409229179972 ] ] } },
{ "type": "Feature", "properties": { "kind": "L1", "value": "41.64409833317248", "building_uid": "1303", "part": "shaft" }, "geometry": { "type": "LineString", "coordinates": [ [ -90.514972193858426, 14.644280184675798 ], [ -90.515355928224338, 14.644324178999739 ] ] } },
{ "type": "Feature", "properties": { "kind": "L1", "value": "32.64351290644161", "building_uid": "1405", "part": "shaft" }, "geometry": { "type": "LineString", "coordinates": [ [ -90.512199311271999, 14.646519580917687 ], [ -90.511899502308452, 14.646477707915249 ] ] } },
{ "type": "Feature", "properties": { "kind": "L1", "value": "32.81147000862158", "building_uid": "1406", "part": "shaft" }, "geometry": { "type": "LineString", "coordinates": [ [ -90.511916031483537, 14.646310520729379 ], [ -90.512217915292197, 14.646348821474001 ] ] } },
{ "type": "Feature", "properties": { "kind": "L1", "value": "18.844250401687372", "building_uid": "1408", "part": "shaft" }, "geometry": { "type": "LineString", "coordinates": [ [ -90.512123285811114, 14.646096165721962 ], [ -90.511950063296169, 14.646073041038232 ] ] } },
{ "type": "Feature", "properties": { "kind": "L1", "value": "33.14721660982433", "building_uid": "1409", "part": "shaft" }, "geometry": { "type": "LineString", "coordinates": [ [ -90.511937424873906, 14.646184617842859 ], [ -90.512241772021966, 14.646227727349098 ] ] } },
{ "type": "Feature", "properties": { "kind": "L1", "value": "41.93660370555623", "building_uid": "1410", "part": "shaft" }, "geometry": { "type": "LineString", "coordinates": [ [ -90.51373937349797, 14.646650138466141 ], [ -90.5133543676899, 14.646595305500796 ] ] } },
{ "type": "Feature", "properties": { "kind": "L1", "value": "18.356893206824026", "building_uid": "1411", "part": "shaft" }, "geometry": { "type": "LineString", "coordinates": [ [ -90.513492848644134, 14.646808690016005 ], [ -90.51332459405225, 14.64678293040587 ] ] } },
{ "type": "Feature", "properties": { "kind": "L1", "value": "33.01707332849349", "building_uid": "1412", "part": "shaft" }, "geometry": { "type": "LineString", "coordinates": [ [ -90.514184155705792, 14.646404807414005 ], [ -90.513881672783327, 14.646357600596721 ] ] } },
{ "type": "Feature", "properties": { "kind": "L1", "value": "32.70169127913318", "building_uid": "1413", "part": "shaft" }, "geometry": { "type": "LineString", "coordinates": [ [ -90.513873334968935, 14.646437347052229 ], [ -90.514172928701257, 14.646484102654862 ] ] } },
{ "type": "Feature", "properties": { "kind": "L1", "value": "33.325458818411796", "building_uid": "1414", "part": "shaft" }, "geometry": { "type": "LineString", "coordinates": [ [ -90.514175736150008, 14.646600236353621 ], [ -90.513870133209053, 14.646554413182393 ] ] } },
{ "type": "Feature", "properties": { "kind": "L1", "value": "33.84186860838223", "building_uid": "1426", "part": "shaft" }, "geometry": { "type": "LineString", "coordinates": [ [ -90.512954255157283, 14.644589172600455 ], [ -90.512907116254695, 14.644891417930909 ] ] } },
{ "type": "Feature", "properties": { "kind": "L1", "value": "16.794714628609338", "building_uid": "1428", "part": "shaft" }, "geometry": { "type": "LineString", "coordinates": [ [ -90.513242019498776, 14.645283980375382 ], [ -90.513395678954552, 14.645309194824351 ] ] } },
{ "type": "Feature", "properties": { "kind": "L1", "value": "21.76525968053125", "building_uid": "1429", "part": "shaft" }, "geometry": { "type": "LineString", "coordinates": [ [ -90.513436246411132, 14.645193224740725 ], [ -90.513237217643592, 14.645159933011735 ] ] } },
{ "type": "Feature", "properties": { "kind": "L1", "value": "24.637799756347256", "building_uid": "1430", "part": "shaft" }, "geometry": { "type": "LineString", "coordinates": [ [ -90.512793292325753, 14.64525194565242 ], [ -90.513019551813869, 14.645283692991116 ] ] } },
{ "type": "Feature", "properties": { "kind": "L1", "value": "10.577127723292586", "building_uid": "763", "part": "shaft" }, "geometry": { "type": "LineString", "coordinates": [ [ -90.514554542550798, 14.645182852032152 ], [ -90.514457442608204, 14.645168992116565 ] ] } },
{ "type": "Feature", "properties": { "kind": "L1", "value": "24.285954885978594", "building_uid": "1431", "part": "shaft" }, "geometry": { "type": "LineString", "coordinates": [ [ -90.512780456204723, 14.645339692595154 ], [ -90.51300369207074, 14.645369551636483 ] ] } },
{ "type": "Feature", "properties": { "kind": "L1", "value": "17.550170658175407", "building_uid": "1542", "part": "shaft" }, "geometry": { "type": "LineString", "coordinates": [ [ -90.515005378459094, 14.645063370811908 ], [ -90.515026530525148, 14.644906174627444 ] ] } },
{ "type": "Feature", "properties": { "kind": "L1", "value": "20.394110635154835", "building_uid": "1543", "part": "shaft" }, "geometry": { "type": "LineString", "coordinates": [ [ -90.515278421363234, 14.645008586068903 ], [ -90.515091081753283, 14.644982658392342 ] ] } },
{ "type": "Feature", "properties": { "kind": "L1", "value": "19.38596203693638", "building_uid": "1544", "part": "shaft" }, "geometry": { "type": "LineString", "coordinates": [ [ -90.51522122735129, 14.645107712598231 ], [ -90.515195279965781, 14.645281003927014 ] ] } },
{ "type": "Feature", "properties": { "kind": "L1", "value": "34.191391168236905", "building_uid": "1545", "part": "shaft" }, "geometry": { "type": "LineString", "coordinates": [ [ -90.514902743638956, 14.645287247652956 ], [ -90.515215629814364, 14.645338236397004 ] ] } },
{ "type": "Feature", "properties": { "kind": "L1", "value": "13.955459624498898", "building_uid": "1546", "part": "shaft" }, "geometry": { "type": "LineString", "coordinates": [ [ -90.515063312725104, 14.645475109237054 ], [ -90.515191762944497, 14.645491002832975 ] ] } },
{ "type": "Feature", "properties": { "kind": "L1", "value": "43.56675819130563", "building_uid": "1549", "part": "shaft" }, "geometry": { "type": "LineString", "coordinates": [ [ -90.513917160945951, 14.645393624579985 ], [ -90.514318647485396, 14.6454393691193 ] ] } },
{ "type": "Feature", "properties": { "kind": "L1", "value": "14.195048553572441", "building_uid": "1551", "part": "shaft" }, "geometry": { "type": "LineString", "coordinates": [ [ -90.51390022891961, 14.645887874479939 ], [ -90.513920463511269, 14.645761166025602 ] ] } },
{ "type": "Feature", "properties": { "kind": "L1", "value": "13.57230077899817", "building_uid": "1552", "part": "shaft" }, "geometry": { "type": "LineString", "coordinates": [ [ -90.512784276923995, 14.645583614702849 ], [ -90.512768051767267, 14.645705197915627 ] ] } },
{ "type": "Feature", "properties": { "kind": "L1", "value": "9.719839505624714", "building_uid": "1553", "part": "shaft" }, "geometry": { "type": "LineString", "coordinates": [ [ -90.512805976360738, 14.64549872369866 ], [ -90.512794131329954, 14.645585767056577 ] ] } },
{ "type": "Feature", "properties": { "kind": "L1", "value": "21.709841524236786", "building_uid": "1554", "part": "shaft" }, "geometry": { "type": "LineString", "coordinates": [ [ -90.512768307028438, 14.645431218033945 ], [ -90.512967847976952, 14.645458018915242 ] ] } },
{ "type": "Feature", "properties": { "kind": "L1", "value": "29.318423412621648", "building_uid": "1556", "part": "shaft" }, "geometry": { "type": "LineString", "coordinates": [ [ -90.513080220355349, 14.645030365038888 ], [ -90.512811397257266, 14.644989848682336 ] ] } },
{ "type": "Feature", "properties": { "kind": "L1", "value": "40.266828447653275", "building_uid": "1557", "part": "shaft" }, "geometry": { "type": "LineString", "coordinates": [ [ -90.513040460153846, 14.644958809206074 ], [ -90.513106363483445, 14.644600763334966 ] ] } },
{ "type": "Feature", "properties": { "kind": "L1", "value": "34.70351435377429", "building_uid": "1558", "part": "shaft" }, "geometry": { "type": "LineString", "coordinates": [ [ -90.513297340686677, 14.644634167752583 ], [ -90.513249001915355, 14.644944108659923 ] ] } },
{ "type": "Feature", "properties": { "kind": "L1", "value": "34.589598058331916", "building_uid": "1559", "part": "shaft" }, "geometry": { "type": "LineString", "coordinates": [ [ -90.513166063754014, 14.644936502702507 ], [ -90.51321828083033, 14.644628201670306 ] ] } },
{ "type": "Feature", "properties": { "kind": "L1", "value": "21.83987671187951", "building_uid": "2593", "part": "shaft" }, "geometry": { "type": "LineString", "coordinates": [ [ -90.515360962185639, 14.643822526022747 ], [ -90.515334623978234, 14.644018142935034 ] ] } },
{ "type": "Feature", "properties": { "kind": "L1", "value": "15.922869841763228", "building_uid": "2594", "part": "shaft" }, "geometry": { "type": "LineString", "coordinates": [ [ -90.51533835135632, 14.644165422372447 ], [ -90.515356644033218, 14.644022689991036 ] ] } },
{ "type": "Feature", "properties": { "kind": "L1", "value": "13.813618575353553", "building_uid": "2595", "part": "shaft" }, "geometry": { "type": "LineString", "coordinates": [ [ -90.514978557937454, 14.644195586364541 ], [ -90.515105630574354, 14.644211855254813 ] ] } },
{ "type": "Feature", "properties": { "kind": "L1", "value": "6.747392268262116", "building_uid": "2596", "part": "shaft" }, "geometry": { "type": "LineString", "coordinates": [ [ -90.515308241995584, 14.644656305310997 ], [ -90.515246399900519, 14.644646822935798 ] ] } },
{ "type": "Feature", "properties": { "kind": "L1", "value": "41.208738883302765", "building_uid": "2597", "part": "shaft" }, "geometry": { "type": "LineString", "coordinates": [ [ -90.514169437993502, 14.644657088124688 ], [ -90.51422391345497, 14.6442886269945 ] ] } },
{ "type": "Feature", "properties": { "kind": "L1", "value": "17.70577451494672", "building_uid": "2598", "part": "shaft" }, "geometry": { "type": "LineString", "coordinates": [ [ -90.514263875834544, 14.644682116414451 ], [ -90.514292783298004, 14.644524667138677 ] ] } },
{ "type": "Feature", "properties": { "kind": "L1", "value": "20.982730784913123", "building_uid": "2599", "part": "shaft" }, "geometry": { "type": "LineString", "coordinates": [ [ -90.514264065388986, 14.644370732129802 ], [ -90.514457037577586, 14.644395810175132 ] ] } },
{ "type": "Feature", "properties": { "kind": "L1", "value": "31.729850985834815", "building_uid": "2689", "part": "shaft" }, "geometry": { "type": "LineString", "coordinates": [ [ -90.514801598250131, 14.648330045524308 ], [ -90.514509943424869, 14.648290967621632 ] ] } },
{ "type": "Feature", "properties": { "kind": "L1", "value": "32.15190443877447", "building_uid": "2690", "part": "shaft" }, "geometry": { "type": "LineString", "coordinates": [ [ -90.514806317222892, 14.64827033560031 ], [ -90.514511879734954, 14.648223631409811 ] ] } },
{ "type": "Feature", "properties": { "kind": "L1", "value": "23.554248601229823", "building_uid": "2691", "part": "shaft" }, "geometry": { "type": "LineString", "coordinates": [ [ -90.514576485575731, 14.648385363125982 ], [ -90.514792991922377, 14.648414371900405 ] ] } },
{ "type": "Feature", "properties": { "kind": "L1", "value": "32.54565568836743", "building_uid": "2693", "part": "shaft" }, "geometry": { "type": "LineString", "coordinates": [ [ -90.514838073704368, 14.648194479004863 ], [ -90.51454419882603, 14.648126849077569 ] ] } },
{ "type": "Feature", "properties": { "kind": "L1", "value": "33.21907964591617", "building_uid": "2694", "part": "shaft" }, "geometry": { "type": "LineString", "coordinates": [ [ -90.514545654170178, 14.648004045411795 ], [ -90.51484671393996, 14.648068356565187 ] ] } },
{ "type": "Feature", "properties": { "kind": "L1", "value": "40.939600360645485", "building_uid": "2695", "part": "shaft" }, "geometry": { "type": "LineString", "coordinates": [ [ -90.514495609465627, 14.647811558484106 ], [ -90.51487103458723, 14.647867875067618 ] ] } },
{ "type": "Feature", "properties": { "kind": "L1", "value": "40.708473560818845", "building_uid": "2696", "part": "shaft" }, "geometry": { "type": "LineString", "coordinates": [ [ -90.514508785180169, 14.647698303428154 ], [ -90.514881143981071, 14.647759987769996 ] ] } },
{ "type": "Feature", "properties": { "kind": "L1", "value": "32.66824763733843", "building_uid": "2697", "part": "shaft" }, "geometry": { "type": "LineString", "coordinates": [ [ -90.51456169835842, 14.647922059892243 ], [ -90.51486123027378, 14.647967270747166 ] ] } },
{ "type": "Feature", "properties": { "kind": "L1", "value": "28.479278412168902", "building_uid": "2698", "part": "shaft" }, "geometry": { "type": "LineString", "coordinates": [ [ -90.514784676292592, 14.647425689925859 ], [ -90.514827909675162, 14.64717188927108 ] ] } },
{ "type": "Feature", "properties": { "kind": "L1", "value": "28.480027238139673", "building_uid": "2699", "part": "shaft" }, "geometry": { "type": "LineString", "coordinates": [ [ -90.514767648485105, 14.647154754041649 ], [ -90.514722503012266, 14.64740824578141 ] ] } },
{ "type": "Feature", "properties": { "kind": "L1", "value": "12.432295618292226", "building_uid": "2700", "part": "shaft" }, "geometry": { "type": "LineString", "coordinates": [ [ -90.514845609703514, 14.647212632785546 ], [ -90.514959384921056, 14.647231137621288 ] ] } },
{ "type": "Feature", "properties": { "kind": "L1", "value": "11.74703981240889", "building_uid": "2701", "part": "shaft" }, "geometry": { "type": "LineString", "coordinates": [ [ -90.51494592913852, 14.64731926351819 ], [ -90.514837957136407, 14.647304767042812 ] ] } },
{ "type": "Feature", "properties": { "kind": "L1", "value": "27.469436866131787", "building_uid": "2702", "part": "shaft" }, "geometry": { "type": "LineString", "coordinates": [ [ -90.514919817755811, 14.647507780648086 ], [ -90.514667440464279, 14.647473141163166 ] ] } },
{ "type": "Feature", "properties": { "kind": "L1", "value": "12.289305387109783", "building_uid": "2703", "part": "shaft" }, "geometry": { "type": "LineString", "coordinates": [ [ -90.514894571499596, 14.647472704144352 ], [ -90.514910744731935, 14.647362811153478 ] ] } },
{ "type": "Feature", "properties": { "kind": "L1", "value": "33.980844445161836", "building_uid": "2704", "part": "shaft" }, "geometry": { "type": "LineString", "coordinates": [ [ -90.514616280448379, 14.647435649136382 ], [ -90.51468456805317, 14.647135969796746 ] ] } },
{ "type": "Feature", "properties": { "kind": "L1", "value": "33.56294729771333", "building_uid": "2705", "part": "shaft" }, "geometry": { "type": "LineString", "coordinates": [ [ -90.514513561539403, 14.647426060060385 ], [ -90.514559786384609, 14.647126228185433 ] ] } },
{ "type": "Feature", "properties": { "kind": "L1", "value": "16.33827635319913", "building_uid": "2706", "part": "shaft" }, "geometry": { "type": "LineString", "coordinates": [ [ -90.514390893203796, 14.647092742726835 ], [ -90.514365915425927, 14.647238317174562 ] ] } },
{ "type": "Feature", "properties": { "kind": "L1", "value": "16.25346840106994", "building_uid": "2708", "part": "shaft" }, "geometry": { "type": "LineString", "coordinates": [ [ -90.514441162091956, 14.647251243881556 ], [ -90.514464401745599, 14.647106172149073 ] ] } },
{ "type": "Feature", "properties": { "kind": "L1", "value": "40.70921221158484", "building_uid": "2711", "part": "shaft" }, "geometry": { "type": "LineString", "coordinates": [ [ -90.514529333388438, 14.647593536997487 ], [ -90.514902699175821, 14.647649196033983 ] ] } },
{ "type": "Feature", "properties": { "kind": "L1", "value": "19.54102015124629", "building_uid": "2712", "part": "shaft" }, "geometry": { "type": "LineString", "coordinates": [ [ -90.514731690351255, 14.647543176758916 ], [ -90.514911224867419, 14.647567818167321 ] ] } },
{ "type": "Feature", "properties": { "kind": "L1", "value": "22.16368127330227", "building_uid": "701", "part": "shaft" }, "geometry": { "type": "LineString", "coordinates": [ [ -90.512036741819117, 14.645931549679926 ], [ -90.512240311083517, 14.645959904492917 ] ] } },
{ "type": "Feature", "properties": { "kind": "L1", "value": "25.095756801264454", "building_uid": "2720", "part": "shaft" }, "geometry": { "type": "LineString", "coordinates": [ [ -90.514367521754181, 14.648410981466554 ], [ -90.514400407485496, 14.648186551490047 ] ] } },
{ "type": "Feature", "properties": { "kind": "L1", "value": "21.991297544763206", "building_uid": "2728", "part": "shaft" }, "geometry": { "type": "LineString", "coordinates": [ [ -90.515076057891633, 14.646434042783271 ], [ -90.514874107761642, 14.646405660043094 ] ] } },
{ "type": "Feature", "properties": { "kind": "L1", "value": "29.17978256910706", "building_uid": "2729", "part": "shaft" }, "geometry": { "type": "LineString", "coordinates": [ [ -90.514812826448363, 14.646528129174854 ], [ -90.515080510076828, 14.646567630986311 ] ] } },
{ "type": "Feature", "properties": { "kind": "L1", "value": "54.582211049417545", "building_uid": "2730", "part": "shaft" }, "geometry": { "type": "LineString", "coordinates": [ [ -90.514697463872295, 14.647059735603856 ], [ -90.514778707639223, 14.646573053513869 ] ] } },
{ "type": "Feature", "properties": { "kind": "L1", "value": "53.720528050334174", "building_uid": "2731", "part": "shaft" }, "geometry": { "type": "LineString", "coordinates": [ [ -90.514986241424296, 14.646565292266214 ], [ -90.514920035518884, 14.647046276519898 ] ] } },
{ "type": "Feature", "properties": { "kind": "L1", "value": "18.725571144261593", "building_uid": "2734", "part": "shaft" }, "geometry": { "type": "LineString", "coordinates": [ [ -90.514222964207292, 14.646916104594585 ], [ -90.514395115358923, 14.646938950951245 ] ] } },
{ "type": "Feature", "properties": { "kind": "L1", "value": "35.3536514465036", "building_uid": "2736", "part": "shaft" }, "geometry": { "type": "LineString", "coordinates": [ [ -90.514561816569596, 14.646688202886228 ], [ -90.514512338943192, 14.647003915978329 ] ] } },
{ "type": "Feature", "properties": { "kind": "L1", "value": "25.39641296012885", "building_uid": "2738", "part": "shaft" }, "geometry": { "type": "LineString", "coordinates": [ [ -90.514463611522388, 14.646763358088277 ], [ -90.514427832863788, 14.646990116408004 ] ] } },
{ "type": "Feature", "properties": { "kind": "L1", "value": "32.488022426695395", "building_uid": "2741", "part": "shaft" }, "geometry": { "type": "LineString", "coordinates": [ [ -90.513847593281653, 14.646268460081021 ], [ -90.513892317454705, 14.645978228155208 ] ] } },
{ "type": "Feature", "properties": { "kind": "L1", "value": "13.63726458093446", "building_uid": "2742", "part": "shaft" }, "geometry": { "type": "LineString", "coordinates": [ [ -90.513432645014419, 14.646267910701779 ], [ -90.513414173608609, 14.646389783011426 ] ] } },
{ "type": "Feature", "properties": { "kind": "L1", "value": "20.979695004400618", "building_uid": "2745", "part": "shaft" }, "geometry": { "type": "LineString", "coordinates": [ [ -90.51358205363789, 14.646668777193089 ], [ -90.513554257364476, 14.646856354837904 ] ] } },
{ "type": "Feature", "properties": { "kind": "L1", "value": "20.61364228909213", "building_uid": "2746", "part": "shaft" }, "geometry": { "type": "LineString", "coordinates": [ [ -90.513343716544554, 14.646689376152219 ], [ -90.513533084536022, 14.646715510601101 ] ] } },
{ "type": "Feature", "properties": { "kind": "L1", "value": "21.81981416652741", "building_uid": "2747", "part": "shaft" }, "geometry": { "type": "LineString", "coordinates": [ [ -90.51372935177524, 14.648170214430193 ], [ -90.513929322132569, 14.648200992794193 ] ] } },
{ "type": "Feature", "properties": { "kind": "L1", "value": "18.282344275753804", "building_uid": "2748", "part": "shaft" }, "geometry": { "type": "LineString", "coordinates": [ [ -90.513936032476494, 14.648138361090608 ], [ -90.513768481798792, 14.648112572198352 ] ] } },
{ "type": "Feature", "properties": { "kind": "L1", "value": "16.620271726952193", "building_uid": "2749", "part": "shaft" }, "geometry": { "type": "LineString", "coordinates": [ [ -90.513915041362267, 14.648287189118586 ], [ -90.513762716423628, 14.648263784279662 ] ] } },
{ "type": "Feature", "properties": { "kind": "L1", "value": "19.649659617697207", "building_uid": "2750", "part": "shaft" }, "geometry": { "type": "LineString", "coordinates": [ [ -90.513698595117305, 14.648324356738051 ], [ -90.513726728093587, 14.648148977773296 ] ] } },
{ "type": "Feature", "properties": { "kind": "L1", "value": "28.16587054567727", "building_uid": "2751", "part": "shaft" }, "geometry": { "type": "LineString", "coordinates": [ [ -90.513949379345846, 14.648056939236053 ], [ -90.513692102397201, 14.64801227461078 ] ] } },
{ "type": "Feature", "properties": { "kind": "L1", "value": "26.80907086439295", "building_uid": "2752", "part": "shaft" }, "geometry": { "type": "LineString", "coordinates": [ [ -90.513723509665112, 14.647913388375127 ], [ -90.513969443739569, 14.647949699756625 ] ] } },
{ "type": "Feature", "properties": { "kind": "L1", "value": "20.73200985280871", "building_uid": "2753", "part": "shaft" }, "geometry": { "type": "LineString", "coordinates": [ [ -90.51378752657196, 14.647824965772118 ], [ -90.513977934743167, 14.647851579601019 ] ] } },
{ "type": "Feature", "properties": { "kind": "L1", "value": "8.857793740822352", "building_uid": "2755", "part": "shaft" }, "geometry": { "type": "LineString", "coordinates": [ [ -90.513973984138289, 14.647613207455215 ], [ -90.513962601904183, 14.647692453151381 ] ] } },
{ "type": "Feature", "properties": { "kind": "L1", "value": "26.54169865155144", "building_uid": "2757", "part": "shaft" }, "geometry": { "type": "LineString", "coordinates": [ [ -90.513798463548454, 14.647382105482945 ], [ -90.514041901642202, 14.647418327525067 ] ] } },
{ "type": "Feature", "properties": { "kind": "L1", "value": "33.35931705785153", "building_uid": "2758", "part": "shaft" }, "geometry": { "type": "LineString", "coordinates": [ [ -90.513711639563212, 14.647531743592642 ], [ -90.514017761018792, 14.647576286961328 ] ] } },
{ "type": "Feature", "properties": { "kind": "L1", "value": "33.27499223234239", "building_uid": "2759", "part": "shaft" }, "geometry": { "type": "LineString", "coordinates": [ [ -90.51402482377317, 14.647491573122174 ], [ -90.513719476234954, 14.647447142376842 ] ] } },
{ "type": "Feature", "properties": { "kind": "L1", "value": "23.350834404488374", "building_uid": "2761", "part": "shaft" }, "geometry": { "type": "LineString", "coordinates": [ [ -90.514071024697188, 14.647198896998049 ], [ -90.513856454249776, 14.647169683580932 ] ] } },
{ "type": "Feature", "properties": { "kind": "L1", "value": "23.36413834545332", "building_uid": "2762", "part": "shaft" }, "geometry": { "type": "LineString", "coordinates": [ [ -90.514062822695678, 14.647260308998749 ], [ -90.513848078100679, 14.647231442157713 ] ] } },
{ "type": "Feature", "properties": { "kind": "L1", "value": "27.900689650622336", "building_uid": "2763", "part": "shaft" }, "geometry": { "type": "LineString", "coordinates": [ [ -90.513793979284983, 14.647303334664072 ], [ -90.514050420328687, 14.647337806550656 ] ] } },
{ "type": "Feature", "properties": { "kind": "L1", "value": "20.374364563395126", "building_uid": "764", "part": "shaft" }, "geometry": { "type": "LineString", "coordinates": [ [ -90.514449543262998, 14.645240318599722 ], [ -90.514637068257542, 14.645263572051475 ] ] } },
{ "type": "Feature", "properties": { "kind": "L1", "value": "15.443158606153204", "building_uid": "2764", "part": "shaft" }, "geometry": { "type": "LineString", "coordinates": [ [ -90.514080109986011, 14.647117318868988 ], [ -90.513938327712225, 14.647097149838906 ] ] } },
{ "type": "Feature", "properties": { "kind": "L1", "value": "14.711249473194586", "building_uid": "2765", "part": "shaft" }, "geometry": { "type": "LineString", "coordinates": [ [ -90.513910395017334, 14.64701449403077 ], [ -90.51389070893832, 14.64714599855305 ] ] } },
{ "type": "Feature", "properties": { "kind": "L1", "value": "20.71938936473045", "building_uid": "2767", "part": "shaft" }, "geometry": { "type": "LineString", "coordinates": [ [ -90.513806245216159, 14.647194595619681 ], [ -90.513833987883544, 14.647009386446131 ] ] } },
{ "type": "Feature", "properties": { "kind": "L1", "value": "18.869791393634877", "building_uid": "2768", "part": "shaft" }, "geometry": { "type": "LineString", "coordinates": [ [ -90.513722052261343, 14.647165234582666 ], [ -90.513749772510565, 14.64699692462476 ] ] } },
{ "type": "Feature", "properties": { "kind": "L1", "value": "18.800185002825298", "building_uid": "2769", "part": "shaft" }, "geometry": { "type": "LineString", "coordinates": [ [ -90.513662527805479, 14.646983198322316 ], [ -90.513636284748301, 14.647151096591291 ] ] } },
{ "type": "Feature", "properties": { "kind": "L1", "value": "34.55745772923367", "building_uid": "2770", "part": "shaft" }, "geometry": { "type": "LineString", "coordinates": [ [ -90.513275937947967, 14.647094543979827 ], [ -90.513593323584203, 14.647138891399296 ] ] } },
{ "type": "Feature", "properties": { "kind": "L1", "value": "34.680292582738495", "building_uid": "2771", "part": "shaft" }, "geometry": { "type": "LineString", "coordinates": [ [ -90.51360354048262, 14.647023853114989 ], [ -90.51328502676985, 14.646979348673433 ] ] } },
{ "type": "Feature", "properties": { "kind": "L1", "value": "53.52553707863032", "building_uid": "2772", "part": "shaft" }, "geometry": { "type": "LineString", "coordinates": [ [ -90.513695037317731, 14.647653660363444 ], [ -90.513204540900659, 14.647577891380283 ] ] } },
{ "type": "Feature", "properties": { "kind": "L1", "value": "28.72997158050494", "building_uid": "2773", "part": "shaft" }, "geometry": { "type": "LineString", "coordinates": [ [ -90.513228030453789, 14.647450555082871 ], [ -90.513491574980762, 14.647489534673868 ] ] } },
{ "type": "Feature", "properties": { "kind": "L1", "value": "29.203065715943865", "building_uid": "2774", "part": "shaft" }, "geometry": { "type": "LineString", "coordinates": [ [ -90.513483342082182, 14.647382429279586 ], [ -90.513215457919983, 14.647342807823302 ] ] } },
{ "type": "Feature", "properties": { "kind": "L1", "value": "10.51215945699308", "building_uid": "2775", "part": "shaft" }, "geometry": { "type": "LineString", "coordinates": [ [ -90.513358624583518, 14.64719364688197 ], [ -90.513262263573296, 14.647178951846659 ] ] } },
{ "type": "Feature", "properties": { "kind": "L1", "value": "13.280018432686125", "building_uid": "2776", "part": "shaft" }, "geometry": { "type": "LineString", "coordinates": [ [ -90.513180373592093, 14.648111501890563 ], [ -90.513162444672702, 14.648230189982378 ] ] } },
{ "type": "Feature", "properties": { "kind": "L1", "value": "28.133303993244827", "building_uid": "2777", "part": "shaft" }, "geometry": { "type": "LineString", "coordinates": [ [ -90.513144003257338, 14.648054376661886 ], [ -90.513402004238642, 14.648092998444085 ] ] } },
{ "type": "Feature", "properties": { "kind": "L1", "value": "43.3478943787628", "building_uid": "2778", "part": "shaft" }, "geometry": { "type": "LineString", "coordinates": [ [ -90.51317473054273, 14.647831277567249 ], [ -90.513572869776581, 14.64788678092139 ] ] } },
{ "type": "Feature", "properties": { "kind": "L1", "value": "35.70502132116649", "building_uid": "2779", "part": "shaft" }, "geometry": { "type": "LineString", "coordinates": [ [ -90.513190440622168, 14.647716648855619 ], [ -90.513517633899966, 14.647767191465245 ] ] } },
{ "type": "Feature", "properties": { "kind": "L1", "value": "43.20782591154946", "building_uid": "2780", "part": "shaft" }, "geometry": { "type": "LineString", "coordinates": [ [ -90.513563513291402, 14.648005980125326 ], [ -90.513167188498045, 14.647947176705365 ] ] } },
{ "type": "Feature", "properties": { "kind": "L1", "value": "13.318009178358945", "building_uid": "2781", "part": "shaft" }, "geometry": { "type": "LineString", "coordinates": [ [ -90.513247255368498, 14.648243508962342 ], [ -90.513265234845065, 14.64812448122183 ] ] } },
{ "type": "Feature", "properties": { "kind": "L1", "value": "13.512457299657529", "building_uid": "2782", "part": "shaft" }, "geometry": { "type": "LineString", "coordinates": [ [ -90.513351770404228, 14.64813598503593 ], [ -90.513333678473117, 14.648256772030152 ] ] } },
{ "type": "Feature", "properties": { "kind": "L1", "value": "21.86537184251166", "building_uid": "2785", "part": "shaft" }, "geometry": { "type": "LineString", "coordinates": [ [ -90.513441393751918, 14.648272240442241 ], [ -90.51347137078622, 14.64807688805366 ] ] } },
{ "type": "Feature", "properties": { "kind": "L1", "value": "23.724618625606972", "building_uid": "2786", "part": "shaft" }, "geometry": { "type": "LineString", "coordinates": [ [ -90.51255837994033, 14.648145537557927 ], [ -90.512589122999941, 14.647933322101519 ] ] } },
{ "type": "Feature", "properties": { "kind": "L1", "value": "38.812557713686346", "building_uid": "2787", "part": "shaft" }, "geometry": { "type": "LineString", "coordinates": [ [ -90.512697213418932, 14.647181256997934 ], [ -90.512740620541138, 14.646833200792269 ] ] } },
{ "type": "Feature", "properties": { "kind": "L1", "value": "26.06413788708841", "building_uid": "2788", "part": "shaft" }, "geometry": { "type": "LineString", "coordinates": [ [ -90.512824828511697, 14.646849134041707 ], [ -90.512791605792913, 14.647082351574529 ] ] } },
{ "type": "Feature", "properties": { "kind": "L1", "value": "25.75816955503072", "building_uid": "2789", "part": "shaft" }, "geometry": { "type": "LineString", "coordinates": [ [ -90.512884183539938, 14.647087208829051 ], [ -90.512917017506211, 14.646856729202922 ] ] } },
{ "type": "Feature", "properties": { "kind": "L1", "value": "17.68220926053544", "building_uid": "2790", "part": "shaft" }, "geometry": { "type": "LineString", "coordinates": [ [ -90.513172390887419, 14.647082393364162 ], [ -90.513009956267837, 14.64705994879114 ] ] } },
{ "type": "Feature", "properties": { "kind": "L1", "value": "34.925093963159554", "building_uid": "2791", "part": "shaft" }, "geometry": { "type": "LineString", "coordinates": [ [ -90.513149839646388, 14.647188474329846 ], [ -90.512829011612141, 14.647144104850012 ] ] } },
{ "type": "Feature", "properties": { "kind": "L1", "value": "25.575429500217975", "building_uid": "2850", "part": "shaft" }, "geometry": { "type": "LineString", "coordinates": [ [ -90.512175207585514, 14.647134622907211 ], [ -90.512412240491869, 14.647145552794894 ] ] } },
{ "type": "Feature", "properties": { "kind": "L1", "value": "18.339955884111248", "building_uid": "2792", "part": "shaft" }, "geometry": { "type": "LineString", "coordinates": [ [ -90.513033769083734, 14.646928736071798 ], [ -90.513200576292022, 14.646961486069097 ] ] } },
{ "type": "Feature", "properties": { "kind": "L1", "value": "36.524590171083666", "building_uid": "2793", "part": "shaft" }, "geometry": { "type": "LineString", "coordinates": [ [ -90.512794173438337, 14.647253258499379 ], [ -90.513129443439112, 14.647301351978021 ] ] } },
{ "type": "Feature", "properties": { "kind": "L1", "value": "37.03020935489017", "building_uid": "2794", "part": "shaft" }, "geometry": { "type": "LineString", "coordinates": [ [ -90.513115927676822, 14.647406493713058 ], [ -90.512775359775972, 14.647362289692497 ] ] } },
{ "type": "Feature", "properties": { "kind": "L1", "value": "30.33467608547685", "building_uid": "2885", "part": "shaft" }, "geometry": { "type": "LineString", "coordinates": [ [ -90.513378068065265, 14.64554686459871 ], [ -90.513100634927397, 14.645500705958714 ] ] } },
{ "type": "Feature", "properties": { "kind": "L1", "value": "37.25561706879657", "building_uid": "2795", "part": "shaft" }, "geometry": { "type": "LineString", "coordinates": [ [ -90.513107483794343, 14.647503277244169 ], [ -90.512765246753247, 14.647455946610938 ] ] } },
{ "type": "Feature", "properties": { "kind": "L1", "value": "14.459948151054867", "building_uid": "2796", "part": "shaft" }, "geometry": { "type": "LineString", "coordinates": [ [ -90.512508690514665, 14.648079733355608 ], [ -90.512375839920949, 14.648061490307862 ] ] } },
{ "type": "Feature", "properties": { "kind": "L1", "value": "14.157193650502593", "building_uid": "2797", "part": "shaft" }, "geometry": { "type": "LineString", "coordinates": [ [ -90.512522266769963, 14.647981021876859 ], [ -90.512392216058785, 14.647963035110577 ] ] } },
{ "type": "Feature", "properties": { "kind": "L1", "value": "27.2615625219188", "building_uid": "2798", "part": "shaft" }, "geometry": { "type": "LineString", "coordinates": [ [ -90.512394170673048, 14.647886284273714 ], [ -90.512644388977705, 14.647922340683667 ] ] } },
{ "type": "Feature", "properties": { "kind": "L1", "value": "32.468405059982985", "building_uid": "2800", "part": "shaft" }, "geometry": { "type": "LineString", "coordinates": [ [ -90.513046540525238, 14.647894908365702 ], [ -90.512747507289461, 14.647859349378425 ] ] } },
{ "type": "Feature", "properties": { "kind": "L1", "value": "32.35753018931725", "building_uid": "2801", "part": "shaft" }, "geometry": { "type": "LineString", "coordinates": [ [ -90.512752360706756, 14.647917664553193 ], [ -90.51305037293811, 14.647953101547884 ] ] } },
{ "type": "Feature", "properties": { "kind": "L1", "value": "17.27265189281016", "building_uid": "2803", "part": "shaft" }, "geometry": { "type": "LineString", "coordinates": [ [ -90.512849481604434, 14.648131349713701 ], [ -90.513008252107497, 14.648152595105568 ] ] } },
{ "type": "Feature", "properties": { "kind": "L1", "value": "17.349920837373098", "building_uid": "2804", "part": "shaft" }, "geometry": { "type": "LineString", "coordinates": [ [ -90.512866223651187, 14.648023002295416 ], [ -90.513025740208235, 14.648044087049994 ] ] } },
{ "type": "Feature", "properties": { "kind": "L1", "value": "27.84867938400845", "building_uid": "2805", "part": "shaft" }, "geometry": { "type": "LineString", "coordinates": [ [ -90.512682219479316, 14.647766513775325 ], [ -90.512426194060566, 14.647732547417091 ] ] } },
{ "type": "Feature", "properties": { "kind": "L1", "value": "24.14999092299129", "building_uid": "2806", "part": "shaft" }, "geometry": { "type": "LineString", "coordinates": [ [ -90.512637010173549, 14.647853377982631 ], [ -90.512415351223936, 14.647821437289229 ] ] } },
{ "type": "Feature", "properties": { "kind": "L1", "value": "26.341655224688385", "building_uid": "2807", "part": "shaft" }, "geometry": { "type": "LineString", "coordinates": [ [ -90.512687731519406, 14.647663572652771 ], [ -90.512446021732174, 14.647628308391869 ] ] } },
{ "type": "Feature", "properties": { "kind": "L1", "value": "24.60708085519793", "building_uid": "2808", "part": "shaft" }, "geometry": { "type": "LineString", "coordinates": [ [ -90.512599955525147, 14.647037751817162 ], [ -90.512628082997352, 14.646817157538097 ] ] } },
{ "type": "Feature", "properties": { "kind": "L1", "value": "13.444679309245478", "building_uid": "2809", "part": "shaft" }, "geometry": { "type": "LineString", "coordinates": [ [ -90.51251994287432, 14.64705874869923 ], [ -90.512643737502458, 14.647073710840909 ] ] } },
{ "type": "Feature", "properties": { "kind": "L1", "value": "16.612531133101907", "building_uid": "2810", "part": "shaft" }, "geometry": { "type": "LineString", "coordinates": [ [ -90.512510302446074, 14.647126949398244 ], [ -90.512663296286291, 14.647145195972765 ] ] } },
{ "type": "Feature", "properties": { "kind": "L1", "value": "16.605807996779514", "building_uid": "2811", "part": "shaft" }, "geometry": { "type": "LineString", "coordinates": [ [ -90.51265964209604, 14.647200660936717 ], [ -90.512506894656369, 14.647181010642514 ] ] } },
{ "type": "Feature", "properties": { "kind": "L1", "value": "32.30822406441025", "building_uid": "2812", "part": "shaft" }, "geometry": { "type": "LineString", "coordinates": [ [ -90.512783024578368, 14.647364946433898 ], [ -90.512488992269198, 14.647308125278839 ] ] } },
{ "type": "Feature", "properties": { "kind": "L1", "value": "32.484343500187926", "building_uid": "2813", "part": "shaft" }, "geometry": { "type": "LineString", "coordinates": [ [ -90.512493391997396, 14.647233314862209 ], [ -90.512792197281712, 14.64727175427436 ] ] } },
{ "type": "Feature", "properties": { "kind": "L1", "value": "18.325019700441857", "building_uid": "2814", "part": "shaft" }, "geometry": { "type": "LineString", "coordinates": [ [ -90.512454708833801, 14.647548078661002 ], [ -90.512622813322182, 14.647572901199533 ] ] } },
{ "type": "Feature", "properties": { "kind": "L1", "value": "8.73162913100922", "building_uid": "2815", "part": "shaft" }, "geometry": { "type": "LineString", "coordinates": [ [ -90.512544929198455, 14.647491630728968 ], [ -90.512465305073363, 14.647477074965133 ] ] } },
{ "type": "Feature", "properties": { "kind": "L1", "value": "31.84129590985557", "building_uid": "2816", "part": "shaft" }, "geometry": { "type": "LineString", "coordinates": [ [ -90.512760272533839, 14.647440905135836 ], [ -90.512470139067375, 14.647386652746048 ] ] } },
{ "type": "Feature", "properties": { "kind": "L1", "value": "40.26104283875865", "building_uid": "2818", "part": "shaft" }, "geometry": { "type": "LineString", "coordinates": [ [ -90.513081450753788, 14.647659675230919 ], [ -90.512712376577284, 14.647603491732266 ] ] } },
{ "type": "Feature", "properties": { "kind": "L1", "value": "11.396967973156563", "building_uid": "2819", "part": "shaft" }, "geometry": { "type": "LineString", "coordinates": [ [ -90.51295702010259, 14.647778163558941 ], [ -90.513061496563424, 14.647794067588638 ] ] } },
{ "type": "Feature", "properties": { "kind": "L1", "value": "25.942697717916804", "building_uid": "2820", "part": "shaft" }, "geometry": { "type": "LineString", "coordinates": [ [ -90.51193234936936, 14.648064000766547 ], [ -90.511966763859675, 14.647832055608605 ] ] } },
{ "type": "Feature", "properties": { "kind": "L1", "value": "25.282494708616785", "building_uid": "2821", "part": "shaft" }, "geometry": { "type": "LineString", "coordinates": [ [ -90.511668321834833, 14.647960913590842 ], [ -90.511900028139664, 14.647996561816392 ] ] } },
{ "type": "Feature", "properties": { "kind": "L1", "value": "14.700811125476648", "building_uid": "2851", "part": "shaft" }, "geometry": { "type": "LineString", "coordinates": [ [ -90.51226571318854, 14.647212806610325 ], [ -90.512401824130009, 14.647221444555131 ] ] } },
{ "type": "Feature", "properties": { "kind": "L1", "value": "25.53836905659402", "building_uid": "2822", "part": "shaft" }, "geometry": { "type": "LineString", "coordinates": [ [ -90.51168135629689, 14.647854471994231 ], [ -90.511915933207106, 14.647887077554351 ] ] } },
{ "type": "Feature", "properties": { "kind": "L1", "value": "13.635948079355481", "building_uid": "2824", "part": "shaft" }, "geometry": { "type": "LineString", "coordinates": [ [ -90.512060322445947, 14.648019152049256 ], [ -90.512185234350611, 14.648038729269159 ] ] } },
{ "type": "Feature", "properties": { "kind": "L1", "value": "13.041230082925823", "building_uid": "2825", "part": "shaft" }, "geometry": { "type": "LineString", "coordinates": [ [ -90.512244548856572, 14.647987964082649 ], [ -90.512225317851218, 14.648104274370249 ] ] } },
{ "type": "Feature", "properties": { "kind": "L1", "value": "25.96414790858684", "building_uid": "2826", "part": "shaft" }, "geometry": { "type": "LineString", "coordinates": [ [ -90.512109470548864, 14.647587635974865 ], [ -90.512347346783713, 14.647624715943325 ] ] } },
{ "type": "Feature", "properties": { "kind": "L1", "value": "30.730919938932573", "building_uid": "2827", "part": "shaft" }, "geometry": { "type": "LineString", "coordinates": [ [ -90.512042601996583, 14.64776563156108 ], [ -90.512323180520156, 14.647815056681722 ] ] } },
{ "type": "Feature", "properties": { "kind": "L1", "value": "16.34604900567687", "building_uid": "2889", "part": "shaft" }, "geometry": { "type": "LineString", "coordinates": [ [ -90.513358274923576, 14.645675028742678 ], [ -90.513208273881574, 14.645653222256902 ] ] } },
{ "type": "Feature", "properties": { "kind": "L1", "value": "37.21015213691758", "building_uid": "2829", "part": "shaft" }, "geometry": { "type": "LineString", "coordinates": [ [ -90.51204199635481, 14.647810333045339 ], [ -90.511700125243166, 14.647763414568711 ] ] } },
{ "type": "Feature", "properties": { "kind": "L1", "value": "37.01048613832648", "building_uid": "2830", "part": "shaft" }, "geometry": { "type": "LineString", "coordinates": [ [ -90.512046387877277, 14.647748207384327 ], [ -90.511705728755587, 14.647706063648235 ] ] } },
{ "type": "Feature", "properties": { "kind": "L1", "value": "24.686427200215086", "building_uid": "2832", "part": "shaft" }, "geometry": { "type": "LineString", "coordinates": [ [ -90.512079793099034, 14.647909111999477 ], [ -90.512306524992354, 14.647940764721483 ] ] } },
{ "type": "Feature", "properties": { "kind": "L1", "value": "25.714142697582165", "building_uid": "2833", "part": "shaft" }, "geometry": { "type": "LineString", "coordinates": [ [ -90.512096380530878, 14.647678144083464 ], [ -90.512331888730685, 14.647715336140799 ] ] } },
{ "type": "Feature", "properties": { "kind": "L1", "value": "25.252726276607323", "building_uid": "2834", "part": "shaft" }, "geometry": { "type": "LineString", "coordinates": [ [ -90.51235929796691, 14.647559680685799 ], [ -90.512127028719419, 14.647529675947116 ] ] } },
{ "type": "Feature", "properties": { "kind": "L1", "value": "29.99023148650039", "building_uid": "2835", "part": "shaft" }, "geometry": { "type": "LineString", "coordinates": [ [ -90.512144066166726, 14.646739418712318 ], [ -90.512100700714683, 14.647007024636034 ] ] } },
{ "type": "Feature", "properties": { "kind": "L1", "value": "14.282316521136314", "building_uid": "2836", "part": "shaft" }, "geometry": { "type": "LineString", "coordinates": [ [ -90.512322422040725, 14.646807839662049 ], [ -90.512453319512076, 14.6468279465035 ] ] } },
{ "type": "Feature", "properties": { "kind": "L1", "value": "14.063645494611137", "building_uid": "2837", "part": "shaft" }, "geometry": { "type": "LineString", "coordinates": [ [ -90.512311251847137, 14.646909838849707 ], [ -90.512440659874187, 14.646926148285397 ] ] } },
{ "type": "Feature", "properties": { "kind": "L1", "value": "23.47214011951203", "building_uid": "2838", "part": "shaft" }, "geometry": { "type": "LineString", "coordinates": [ [ -90.512237047459209, 14.646979489293575 ], [ -90.512271528280266, 14.646770128643386 ] ] } },
{ "type": "Feature", "properties": { "kind": "L1", "value": "13.990370770106765", "building_uid": "2839", "part": "shaft" }, "geometry": { "type": "LineString", "coordinates": [ [ -90.51229559933158, 14.647008907846313 ], [ -90.512424378064225, 14.6470247909999 ] ] } },
{ "type": "Feature", "properties": { "kind": "L1", "value": "22.5273423723285", "building_uid": "2840", "part": "shaft" }, "geometry": { "type": "LineString", "coordinates": [ [ -90.512045321969509, 14.646728951493134 ], [ -90.512017151913824, 14.646930595071275 ] ] } },
{ "type": "Feature", "properties": { "kind": "L1", "value": "16.111589212352637", "building_uid": "2841", "part": "shaft" }, "geometry": { "type": "LineString", "coordinates": [ [ -90.511832316445776, 14.646756385854493 ], [ -90.511980305069343, 14.646776956000107 ] ] } },
{ "type": "Feature", "properties": { "kind": "L1", "value": "12.59084622731974", "building_uid": "2842", "part": "shaft" }, "geometry": { "type": "LineString", "coordinates": [ [ -90.511826641169208, 14.646871925001626 ], [ -90.511942573969279, 14.646885935595877 ] ] } },
{ "type": "Feature", "properties": { "kind": "L1", "value": "25.772775178184105", "building_uid": "2843", "part": "shaft" }, "geometry": { "type": "LineString", "coordinates": [ [ -90.511821802426823, 14.646953313452835 ], [ -90.512058320974944, 14.646987623201509 ] ] } },
{ "type": "Feature", "properties": { "kind": "L1", "value": "36.31280290050922", "building_uid": "2844", "part": "shaft" }, "geometry": { "type": "LineString", "coordinates": [ [ -90.511809431847567, 14.647016696491232 ], [ -90.512141879346601, 14.647069990395034 ] ] } },
{ "type": "Feature", "properties": { "kind": "L1", "value": "22.222162170389787", "building_uid": "2845", "part": "shaft" }, "geometry": { "type": "LineString", "coordinates": [ [ -90.511982790172269, 14.647247374688259 ], [ -90.51178002747443, 14.647210947777186 ] ] } },
{ "type": "Feature", "properties": { "kind": "L1", "value": "20.910232292107025", "building_uid": "2846", "part": "shaft" }, "geometry": { "type": "LineString", "coordinates": [ [ -90.511793213921763, 14.647108682788815 ], [ -90.51198442462109, 14.647140671787685 ] ] } },
{ "type": "Feature", "properties": { "kind": "L1", "value": "32.03360371622498", "building_uid": "2847", "part": "shaft" }, "geometry": { "type": "LineString", "coordinates": [ [ -90.512042141474282, 14.64735474103645 ], [ -90.511749995871682, 14.647301496541026 ] ] } },
{ "type": "Feature", "properties": { "kind": "L1", "value": "42.111074164617605", "building_uid": "2848", "part": "shaft" }, "geometry": { "type": "LineString", "coordinates": [ [ -90.512138861218105, 14.647576274273829 ], [ -90.511756367411181, 14.647498610666471 ] ] } },
{ "type": "Feature", "properties": { "kind": "L1", "value": "25.722753510246235", "building_uid": "2849", "part": "shaft" }, "geometry": { "type": "LineString", "coordinates": [ [ -90.511747085324316, 14.647446137126503 ], [ -90.511982370978956, 14.647485105958856 ] ] } },
{ "type": "Feature", "properties": { "kind": "L1", "value": "21.023822048237307", "building_uid": "2853", "part": "shaft" }, "geometry": { "type": "LineString", "coordinates": [ [ -90.512367244060471, 14.647488052020906 ], [ -90.512173224648535, 14.64746839252965 ] ] } },
{ "type": "Feature", "properties": { "kind": "L1", "value": "35.90208055772543", "building_uid": "2854", "part": "shaft" }, "geometry": { "type": "LineString", "coordinates": [ [ -90.512044569921244, 14.647376383783056 ], [ -90.512376929904903, 14.647398186649887 ] ] } },
{ "type": "Feature", "properties": { "kind": "L1", "value": "29.000583947407403", "building_uid": "2855", "part": "shaft" }, "geometry": { "type": "LineString", "coordinates": [ [ -90.511756780880916, 14.647378200035904 ], [ -90.512021265407796, 14.647426403757864 ] ] } },
{ "type": "Feature", "properties": { "kind": "L1", "value": "18.664185203144715", "building_uid": "2856", "part": "shaft" }, "geometry": { "type": "LineString", "coordinates": [ [ -90.511713909387638, 14.647642495421403 ], [ -90.511885344813251, 14.647666324897999 ] ] } },
{ "type": "Feature", "properties": { "kind": "L1", "value": "29.700779257346717", "building_uid": "750", "part": "shaft" }, "geometry": { "type": "LineString", "coordinates": [ [ -90.514755962465813, 14.643201567465722 ], [ -90.515028981577586, 14.643237994724679 ] ] } },
{ "type": "Feature", "properties": { "kind": "L1", "value": "18.884979573931044", "building_uid": "2858", "part": "shaft" }, "geometry": { "type": "LineString", "coordinates": [ [ -90.512133612816626, 14.646012764369058 ], [ -90.511959870358112, 14.645990648253029 ] ] } },
{ "type": "Feature", "properties": { "kind": "L1", "value": "20.558198187169126", "building_uid": "2859", "part": "shaft" }, "geometry": { "type": "LineString", "coordinates": [ [ -90.512716053901755, 14.646649861209651 ], [ -90.51252769285307, 14.646620583098203 ] ] } },
{ "type": "Feature", "properties": { "kind": "L1", "value": "48.250239529478776", "building_uid": "2860", "part": "shaft" }, "geometry": { "type": "LineString", "coordinates": [ [ -90.512460048331079, 14.646673211840172 ], [ -90.512528026554776, 14.646242398385397 ] ] } },
{ "type": "Feature", "properties": { "kind": "L1", "value": "12.571091446738777", "building_uid": "2863", "part": "shaft" }, "geometry": { "type": "LineString", "coordinates": [ [ -90.514764491659008, 14.64597218599082 ], [ -90.514649498124982, 14.645953178505682 ] ] } },
{ "type": "Feature", "properties": { "kind": "L1", "value": "9.447664439664297", "building_uid": "2864", "part": "shaft" }, "geometry": { "type": "LineString", "coordinates": [ [ -90.514561488323267, 14.645950553612028 ], [ -90.514648059754251, 14.645963954012736 ] ] } },
{ "type": "Feature", "properties": { "kind": "L1", "value": "21.97472397607064", "building_uid": "2865", "part": "shaft" }, "geometry": { "type": "LineString", "coordinates": [ [ -90.514455210780767, 14.645771344025521 ], [ -90.51442437605813, 14.645967569343803 ] ] } },
{ "type": "Feature", "properties": { "kind": "L1", "value": "9.279881096273101", "building_uid": "2867", "part": "shaft" }, "geometry": { "type": "LineString", "coordinates": [ [ -90.515123311030862, 14.645693333047566 ], [ -90.515111011907294, 14.645776303182588 ] ] } },
{ "type": "Feature", "properties": { "kind": "L1", "value": "42.18940050964711", "building_uid": "2869", "part": "shaft" }, "geometry": { "type": "LineString", "coordinates": [ [ -90.514757087842554, 14.645646288674778 ], [ -90.515145250980552, 14.645695554997491 ] ] } },
{ "type": "Feature", "properties": { "kind": "L1", "value": "9.08681001174229", "building_uid": "2871", "part": "shaft" }, "geometry": { "type": "LineString", "coordinates": [ [ -90.515120842508068, 14.645393914265812 ], [ -90.51520435883657, 14.645405153754639 ] ] } },
{ "type": "Feature", "properties": { "kind": "L1", "value": "10.57875152129244", "building_uid": "2872", "part": "shaft" }, "geometry": { "type": "LineString", "coordinates": [ [ -90.513797905644935, 14.644808553068435 ], [ -90.513808693701648, 14.644713568992266 ] ] } },
{ "type": "Feature", "properties": { "kind": "L1", "value": "28.774435242984644", "building_uid": "2874", "part": "shaft" }, "geometry": { "type": "LineString", "coordinates": [ [ -90.513962706779921, 14.644741532625689 ], [ -90.513916923633843, 14.644997615688123 ] ] } },
{ "type": "Feature", "properties": { "kind": "L1", "value": "8.755485918230248", "building_uid": "2875", "part": "shaft" }, "geometry": { "type": "LineString", "coordinates": [ [ -90.513837498536873, 14.644756021208375 ], [ -90.513917849952392, 14.644767661135273 ] ] } },
{ "type": "Feature", "properties": { "kind": "L1", "value": "16.78082104669093", "building_uid": "2876", "part": "shaft" }, "geometry": { "type": "LineString", "coordinates": [ [ -90.514350970908126, 14.644782561175845 ], [ -90.514331195860279, 14.644932922973128 ] ] } },
{ "type": "Feature", "properties": { "kind": "L1", "value": "27.70657045435044", "building_uid": "2877", "part": "shaft" }, "geometry": { "type": "LineString", "coordinates": [ [ -90.514356912486718, 14.645124647857779 ], [ -90.514102833156869, 14.645086580395795 ] ] } },
{ "type": "Feature", "properties": { "kind": "L1", "value": "30.188682038545025", "building_uid": "2878", "part": "shaft" }, "geometry": { "type": "LineString", "coordinates": [ [ -90.514142880823343, 14.645025100907599 ], [ -90.514197643189902, 14.644757654508901 ] ] } },
{ "type": "Feature", "properties": { "kind": "L1", "value": "15.718723959484146", "building_uid": "2879", "part": "shaft" }, "geometry": { "type": "LineString", "coordinates": [ [ -90.514371002563806, 14.645012510185001 ], [ -90.514226340561692, 14.644994475435535 ] ] } },
{ "type": "Feature", "properties": { "kind": "L1", "value": "30.98739192373468", "building_uid": "2883", "part": "shaft" }, "geometry": { "type": "LineString", "coordinates": [ [ -90.513803831995645, 14.645863097503868 ], [ -90.513848002170121, 14.645586496320755 ] ] } },
{ "type": "Feature", "properties": { "kind": "L1", "value": "13.701621994493836", "building_uid": "2884", "part": "shaft" }, "geometry": { "type": "LineString", "coordinates": [ [ -90.512865445230247, 14.64559429842561 ], [ -90.512848194239041, 14.645716926935604 ] ] } },
{ "type": "Feature", "properties": { "kind": "L1", "value": "16.273467805401665", "building_uid": "2886", "part": "shaft" }, "geometry": { "type": "LineString", "coordinates": [ [ -90.513197956654125, 14.645733028653869 ], [ -90.51334729156514, 14.645754739197494 ] ] } },
{ "type": "Feature", "properties": { "kind": "L1", "value": "18.32700485138799", "building_uid": "2887", "part": "shaft" }, "geometry": { "type": "LineString", "coordinates": [ [ -90.513171215628233, 14.645597326132005 ], [ -90.513148706229359, 14.645761425940403 ] ] } },
{ "type": "Feature", "properties": { "kind": "L1", "value": "18.591245281058374", "building_uid": "2888", "part": "shaft" }, "geometry": { "type": "LineString", "coordinates": [ [ -90.513046308184585, 14.645747367991586 ], [ -90.513069271185486, 14.645580919018787 ] ] } },
{ "type": "Feature", "properties": { "kind": "L1", "value": "18.40543846118304", "building_uid": "2890", "part": "shaft" }, "geometry": { "type": "LineString", "coordinates": [ [ -90.512944701203267, 14.645742825337798 ], [ -90.512967873372062, 14.64557809785078 ] ] } },
{ "type": "Feature", "properties": { "kind": "L1", "value": "25.7413212462084", "building_uid": "2892", "part": "shaft" }, "geometry": { "type": "LineString", "coordinates": [ [ -90.51248804646805, 14.64501039820842 ], [ -90.512724493824848, 14.645043200160591 ] ] } },
{ "type": "Feature", "properties": { "kind": "L1", "value": "17.722951279689923", "building_uid": "2893", "part": "shaft" }, "geometry": { "type": "LineString", "coordinates": [ [ -90.512635310489884, 14.645138158873838 ], [ -90.512473092324782, 14.645111936323838 ] ] } },
{ "type": "Feature", "properties": { "kind": "L1", "value": "17.870533957659504", "building_uid": "2894", "part": "shaft" }, "geometry": { "type": "LineString", "coordinates": [ [ -90.512374465427968, 14.645479201313476 ], [ -90.512351476678319, 14.645639075304546 ] ] } },
{ "type": "Feature", "properties": { "kind": "L1", "value": "17.977917048589298", "building_uid": "2895", "part": "shaft" }, "geometry": { "type": "LineString", "coordinates": [ [ -90.512527122508956, 14.645242598866398 ], [ -90.512691793430548, 14.645268491472248 ] ] } },
{ "type": "Feature", "properties": { "kind": "L1", "value": "12.862009818015492", "building_uid": "2896", "part": "shaft" }, "geometry": { "type": "LineString", "coordinates": [ [ -90.512678328284565, 14.645365984310049 ], [ -90.51256044361277, 14.645347908354486 ] ] } },
{ "type": "Feature", "properties": { "kind": "L1", "value": "21.347885315927826", "building_uid": "755", "part": "shaft" }, "geometry": { "type": "LineString", "coordinates": [ [ -90.51464320451268, 14.644093382166277 ], [ -90.514667627897623, 14.643902007787187 ] ] } },
{ "type": "Feature", "properties": { "kind": "L1", "value": "12.521271819766895", "building_uid": "2898", "part": "shaft" }, "geometry": { "type": "LineString", "coordinates": [ [ -90.512068130763637, 14.645239168783728 ], [ -90.512183510482544, 14.645252390342526 ] ] } },
{ "type": "Feature", "properties": { "kind": "L1", "value": "41.030401983441685", "building_uid": "3049", "part": "shaft" }, "geometry": { "type": "LineString", "coordinates": [ [ -90.513927025238843, 14.645513119113202 ], [ -90.514304764646326, 14.645559203493614 ] ] } },
{ "type": "Feature", "properties": { "kind": "L1", "value": "17.327523498409587", "building_uid": "3239", "part": "shaft" }, "geometry": { "type": "LineString", "coordinates": [ [ -90.515277079267747, 14.643500820550583 ], [ -90.515118240071615, 14.643476640284455 ] ] } },
{ "type": "Feature", "properties": { "kind": "L1", "value": "26.070564694508427", "building_uid": "3240", "part": "shaft" }, "geometry": { "type": "LineString", "coordinates": [ [ -90.514119466689792, 14.643152835066537 ], [ -90.514082626982287, 14.643385595965052 ] ] } },
{ "type": "Feature", "properties": { "kind": "L1", "value": "13.414537469951526", "building_uid": "3241", "part": "shaft" }, "geometry": { "type": "LineString", "coordinates": [ [ -90.513879214343177, 14.643117461710235 ], [ -90.513860661936107, 14.643237288029889 ] ] } },
{ "type": "Feature", "properties": { "kind": "L1", "value": "9.307764213946394", "building_uid": "12787", "part": "shaft" }, "geometry": { "type": "LineString", "coordinates": [ [ -90.514332898313427, 14.644647202511749 ], [ -90.514418228360697, 14.644660150418522 ] ] } },
{ "type": "Feature", "properties": { "kind": "L1", "value": "10.640369313558654", "building_uid": "12789", "part": "shaft" }, "geometry": { "type": "LineString", "coordinates": [ [ -90.514398002406807, 14.644501909552377 ], [ -90.514300381975275, 14.64448757546619 ] ] } },
{ "type": "Feature", "properties": { "kind": "L1", "value": "14.449991470784397", "building_uid": "12843", "part": "shaft" }, "geometry": { "type": "LineString", "coordinates": [ [ -90.512233504050215, 14.644078779498587 ], [ -90.512366411040773, 14.644095940600103 ] ] } },
{ "type": "Feature", "properties": { "kind": "L1", "value": "18.212312275327886", "building_uid": "12849", "part": "shaft" }, "geometry": { "type": "LineString", "coordinates": [ [ -90.512547812881252, 14.644252816915174 ], [ -90.512520310455102, 14.644415143837728 ] ] } },
{ "type": "Feature", "properties": { "kind": "L1", "value": "17.58963560149845", "building_uid": "12850", "part": "shaft" }, "geometry": { "type": "LineString", "coordinates": [ [ -90.512194207523578, 14.645440293920705 ], [ -90.512169251618303, 14.645597320837895 ] ] } },
{ "type": "Feature", "properties": { "kind": "L1", "value": "9.355728451999909", "building_uid": "12851", "part": "shaft" }, "geometry": { "type": "LineString", "coordinates": [ [ -90.512032293778944, 14.645468317599995 ], [ -90.512118332323979, 14.645479526317244 ] ] } },
{ "type": "Feature", "properties": { "kind": "L1", "value": "8.310113387933484", "building_uid": "12852", "part": "shaft" }, "geometry": { "type": "LineString", "coordinates": [ [ -90.512637970959716, 14.645414136388029 ], [ -90.51262778587288, 14.645488547816154 ] ] } },
{ "type": "Feature", "properties": { "kind": "L1", "value": "21.357342897567843", "building_uid": "756", "part": "shaft" }, "geometry": { "type": "LineString", "coordinates": [ [ -90.514646129243332, 14.64377101206523 ], [ -90.514841760305927, 14.643801730386782 ] ] } },
{ "type": "Feature", "properties": { "kind": "L1", "value": "42.05537012102177", "building_uid": "12916", "part": "shaft" }, "geometry": { "type": "LineString", "coordinates": [ [ -90.515180145514805, 14.645582580757177 ], [ -90.514793213831041, 14.645533484984773 ] ] } },
{ "type": "Feature", "properties": { "kind": "L1", "value": "9.121085368445627", "building_uid": "12918", "part": "shaft" }, "geometry": { "type": "LineString", "coordinates": [ [ -90.513407035187697, 14.645043077102454 ], [ -90.51341845333819, 14.644961435286698 ] ] } },
{ "type": "Feature", "properties": { "kind": "L1", "value": "24.903328339704835", "building_uid": "12952", "part": "shaft" }, "geometry": { "type": "LineString", "coordinates": [ [ -90.514888284996999, 14.646376520300185 ], [ -90.514919717769104, 14.646153647463551 ] ] } },
{ "type": "Feature", "properties": { "kind": "L1", "value": "25.857490369221775", "building_uid": "12953", "part": "shaft" }, "geometry": { "type": "LineString", "coordinates": [ [ -90.514561724494769, 14.646188128520473 ], [ -90.51432384716226, 14.646157749810849 ] ] } },
{ "type": "Feature", "properties": { "kind": "L1", "value": "9.538186429355", "building_uid": "12995", "part": "shaft" }, "geometry": { "type": "LineString", "coordinates": [ [ -90.512839306668823, 14.645119481686335 ], [ -90.51282719203121, 14.645204833606023 ] ] } },
{ "type": "Feature", "properties": { "kind": "L1", "value": "5.4062476955786805", "building_uid": "12998", "part": "shaft" }, "geometry": { "type": "LineString", "coordinates": [ [ -90.512769731454355, 14.645533530344444 ], [ -90.512762984176149, 14.64558192375242 ] ] } },
{ "type": "Feature", "properties": { "kind": "L1", "value": "42.344383818779754", "building_uid": "48", "part": "shaft" }, "geometry": { "type": "LineString", "coordinates": [ [ -90.513694340840715, 14.644112221154671 ], [ -90.514083943965602, 14.644161540744633 ] ] } },
{ "type": "Feature", "properties": { "kind": "L1", "value": "28.711930938225333", "building_uid": "180", "part": "shaft" }, "geometry": { "type": "LineString", "coordinates": [ [ -90.51453741693004, 14.644675840607544 ], [ -90.514801026170517, 14.644713270176037 ] ] } },
{ "type": "Feature", "properties": { "kind": "L1", "value": "28.494709295011035", "building_uid": "181", "part": "shaft" }, "geometry": { "type": "LineString", "coordinates": [ [ -90.514545027687902, 14.644587078905014 ], [ -90.51480718728557, 14.644620385873612 ] ] } },
{ "type": "Feature", "properties": { "kind": "L1", "value": "21.178057139769432", "building_uid": "189", "part": "shaft" }, "geometry": { "type": "LineString", "coordinates": [ [ -90.513053557101216, 14.643725674385211 ], [ -90.513079461597457, 14.643536032467871 ] ] } },
{ "type": "Feature", "properties": { "kind": "L1", "value": "26.30134954270398", "building_uid": "190", "part": "shaft" }, "geometry": { "type": "LineString", "coordinates": [ [ -90.513035635675905, 14.644336114564966 ], [ -90.513069276255806, 14.644100790090432 ] ] } },
{ "type": "Feature", "properties": { "kind": "L1", "value": "32.876013926525225", "building_uid": "197", "part": "shaft" }, "geometry": { "type": "LineString", "coordinates": [ [ -90.512639666966422, 14.643492334998008 ], [ -90.512942239324971, 14.643529968430409 ] ] } },
{ "type": "Feature", "properties": { "kind": "L1", "value": "32.643927012477484", "building_uid": "309", "part": "shaft" }, "geometry": { "type": "LineString", "coordinates": [ [ -90.513023702082933, 14.644021169333843 ], [ -90.513064512876525, 14.643728970088656 ] ] } },
{ "type": "Feature", "properties": { "kind": "L1", "value": "27.745497389271808", "building_uid": "765", "part": "shaft" }, "geometry": { "type": "LineString", "coordinates": [ [ -90.514693460656261, 14.645372217239006 ], [ -90.51443845126532, 14.645337915295412 ] ] } },
{ "type": "Feature", "properties": { "kind": "L1", "value": "19.573345795822064", "building_uid": "770", "part": "shaft" }, "geometry": { "type": "LineString", "coordinates": [ [ -90.513948852676208, 14.645741664869069 ], [ -90.513976837627354, 14.645566961120224 ] ] } },
{ "type": "Feature", "properties": { "kind": "L1", "value": "32.43960322925749", "building_uid": "913", "part": "shaft" }, "geometry": { "type": "LineString", "coordinates": [ [ -90.514590773756922, 14.646446788723377 ], [ -90.514292652689974, 14.646406449014032 ] ] } },
{ "type": "Feature", "properties": { "kind": "L1", "value": "13.894068335142553", "building_uid": "920", "part": "shaft" }, "geometry": { "type": "LineString", "coordinates": [ [ -90.513679555759424, 14.646116001275542 ], [ -90.513806967661139, 14.646135105609925 ] ] } },
{ "type": "Feature", "properties": { "kind": "L1", "value": "25.005450030609556", "building_uid": "1296", "part": "shaft" }, "geometry": { "type": "LineString", "coordinates": [ [ -90.513817744939601, 14.644378322833438 ], [ -90.513789187906156, 14.644602491673872 ] ] } },
{ "type": "Feature", "properties": { "kind": "L1", "value": "11.210342785849624", "building_uid": "1298", "part": "shaft" }, "geometry": { "type": "LineString", "coordinates": [ [ -90.513724795342426, 14.644275552586356 ], [ -90.513712440665884, 14.644376104180184 ] ] } },
{ "type": "Feature", "properties": { "kind": "L1", "value": "30.55375076819195", "building_uid": "1301", "part": "shaft" }, "geometry": { "type": "LineString", "coordinates": [ [ -90.515032897639827, 14.644596937833974 ], [ -90.515072114037878, 14.644323584280897 ] ] } },
{ "type": "Feature", "properties": { "kind": "L1", "value": "14.77195186783972", "building_uid": "1306", "part": "shaft" }, "geometry": { "type": "LineString", "coordinates": [ [ -90.514833519504663, 14.643900212791703 ], [ -90.514697542414055, 14.643883486509578 ] ] } },
{ "type": "Feature", "properties": { "kind": "L1", "value": "34.649666491276385", "building_uid": "1407", "part": "shaft" }, "geometry": { "type": "LineString", "coordinates": [ [ -90.512297986712966, 14.646293875775843 ], [ -90.512347691356013, 14.645984632265108 ] ] } },
{ "type": "Feature", "properties": { "kind": "L1", "value": "24.664288220876323", "building_uid": "1427", "part": "shaft" }, "geometry": { "type": "LineString", "coordinates": [ [ -90.51310354495439, 14.644993836266794 ], [ -90.513329338095119, 14.645030088270055 ] ] } },
{ "type": "Feature", "properties": { "kind": "L1", "value": "12.785941170901912", "building_uid": "1547", "part": "shaft" }, "geometry": { "type": "LineString", "coordinates": [ [ -90.514414550122709, 14.64555360135329 ], [ -90.51453204616115, 14.645569548241978 ] ] } },
{ "type": "Feature", "properties": { "kind": "L1", "value": "32.11356813931008", "building_uid": "1548", "part": "shaft" }, "geometry": { "type": "LineString", "coordinates": [ [ -90.514688051763471, 14.645681535158547 ], [ -90.514393348469341, 14.645638758437508 ] ] } },
{ "type": "Feature", "properties": { "kind": "L1", "value": "18.83855116140423", "building_uid": "1550", "part": "shaft" }, "geometry": { "type": "LineString", "coordinates": [ [ -90.514119015197082, 14.645586894868499 ], [ -90.514102780482403, 14.645756337121501 ] ] } },
{ "type": "Feature", "properties": { "kind": "L1", "value": "19.118883135277148", "building_uid": "1555", "part": "shaft" }, "geometry": { "type": "LineString", "coordinates": [ [ -90.513034834244706, 14.645196547065314 ], [ -90.512859257068996, 14.64517191341495 ] ] } },
{ "type": "Feature", "properties": { "kind": "L1", "value": "40.99510082711092", "building_uid": "2589", "part": "shaft" }, "geometry": { "type": "LineString", "coordinates": [ [ -90.514559697428226, 14.644498197258814 ], [ -90.514937016917074, 14.644544961664751 ] ] } },
{ "type": "Feature", "properties": { "kind": "L1", "value": "41.16081999629184", "building_uid": "2590", "part": "shaft" }, "geometry": { "type": "LineString", "coordinates": [ [ -90.51457394020801, 14.644383488525484 ], [ -90.514952382790952, 14.64443342049967 ] ] } },
{ "type": "Feature", "properties": { "kind": "L1", "value": "41.4911666251346", "building_uid": "2591", "part": "shaft" }, "geometry": { "type": "LineString", "coordinates": [ [ -90.514970686328894, 14.644316831154887 ], [ -90.514587030543396, 14.644285926978091 ] ] } },
{ "type": "Feature", "properties": { "kind": "L1", "value": "14.710199777766233", "building_uid": "2600", "part": "shaft" }, "geometry": { "type": "LineString", "coordinates": [ [ -90.512419396083402, 14.6441209045667 ], [ -90.512401982072703, 14.644252702839374 ] ] } },
{ "type": "Feature", "properties": { "kind": "L1", "value": "17.120167725435852", "building_uid": "2602", "part": "shaft" }, "geometry": { "type": "LineString", "coordinates": [ [ -90.512834257641359, 14.644280755685815 ], [ -90.512676811343084, 14.644260274136332 ] ] } },
{ "type": "Feature", "properties": { "kind": "L1", "value": "28.86780270315246", "building_uid": "2604", "part": "shaft" }, "geometry": { "type": "LineString", "coordinates": [ [ -90.512813755359616, 14.643961562373299 ], [ -90.512549069668367, 14.643921641758432 ] ] } },
{ "type": "Feature", "properties": { "kind": "L1", "value": "20.326075535485852", "building_uid": "2605", "part": "shaft" }, "geometry": { "type": "LineString", "coordinates": [ [ -90.512877949057696, 14.643568092122839 ], [ -90.512851991846603, 14.6437499598788 ] ] } },
{ "type": "Feature", "properties": { "kind": "L1", "value": "54.647404499619185", "building_uid": "2606", "part": "shaft" }, "geometry": { "type": "LineString", "coordinates": [ [ -90.51266893633165, 14.644164184926776 ], [ -90.512738255464157, 14.643675163733567 ] ] } },
{ "type": "Feature", "properties": { "kind": "L1", "value": "29.41146001426427", "building_uid": "2607", "part": "shaft" }, "geometry": { "type": "LineString", "coordinates": [ [ -90.512524437386489, 14.643520387196158 ], [ -90.512483461726063, 14.643783062811147 ] ] } },
{ "type": "Feature", "properties": { "kind": "L1", "value": "12.299070536057545", "building_uid": "2692", "part": "shaft" }, "geometry": { "type": "LineString", "coordinates": [ [ -90.514534351654589, 14.648435727402498 ], [ -90.514547269930304, 14.648325338023128 ] ] } },
{ "type": "Feature", "properties": { "kind": "L1", "value": "17.618064452220523", "building_uid": "2709", "part": "shaft" }, "geometry": { "type": "LineString", "coordinates": [ [ -90.514349511844344, 14.647219356764612 ], [ -90.514326664776476, 14.647376947274763 ] ] } },
{ "type": "Feature", "properties": { "kind": "L1", "value": "42.273667222643965", "building_uid": "2710", "part": "shaft" }, "geometry": { "type": "LineString", "coordinates": [ [ -90.514545944523434, 14.647495499068196 ], [ -90.514157408892757, 14.647443192795816 ] ] } },
{ "type": "Feature", "properties": { "kind": "L1", "value": "21.583008517185053", "building_uid": "2713", "part": "shaft" }, "geometry": { "type": "LineString", "coordinates": [ [ -90.514249972368901, 14.648217680730857 ], [ -90.514051502758761, 14.648191692147252 ] ] } },
{ "type": "Feature", "properties": { "kind": "L1", "value": "25.035450352508132", "building_uid": "2714", "part": "shaft" }, "geometry": { "type": "LineString", "coordinates": [ [ -90.514285912558236, 14.648182671392103 ], [ -90.514253104398009, 14.64840656183056 ] ] } },
{ "type": "Feature", "properties": { "kind": "L1", "value": "10.587275623505361", "building_uid": "2715", "part": "shaft" }, "geometry": { "type": "LineString", "coordinates": [ [ -90.51414306958786, 14.648290155147199 ], [ -90.514045727735564, 14.64827729886739 ] ] } },
{ "type": "Feature", "properties": { "kind": "L1", "value": "24.962302757218207", "building_uid": "2716", "part": "shaft" }, "geometry": { "type": "LineString", "coordinates": [ [ -90.514066083603822, 14.648106276338225 ], [ -90.514295345874032, 14.648138309478393 ] ] } },
{ "type": "Feature", "properties": { "kind": "L1", "value": "31.966918836921106", "building_uid": "2717", "part": "shaft" }, "geometry": { "type": "LineString", "coordinates": [ [ -90.514385431574169, 14.648066236891108 ], [ -90.514091490067614, 14.648027639057833 ] ] } },
{ "type": "Feature", "properties": { "kind": "L1", "value": "50.16524831032723", "building_uid": "2718", "part": "shaft" }, "geometry": { "type": "LineString", "coordinates": [ [ -90.51456928858282, 14.647950522896494 ], [ -90.514108893675228, 14.647883885842466 ] ] } },
{ "type": "Feature", "properties": { "kind": "L1", "value": "16.819169512146793", "building_uid": "2721", "part": "shaft" }, "geometry": { "type": "LineString", "coordinates": [ [ -90.514454832334465, 14.648423581990036 ], [ -90.514475335126249, 14.648272963145445 ] ] } },
{ "type": "Feature", "properties": { "kind": "L1", "value": "20.045684774509095", "building_uid": "2722", "part": "shaft" }, "geometry": { "type": "LineString", "coordinates": [ [ -90.51443976357551, 14.648194551882645 ], [ -90.514464623640876, 14.64801509419199 ] ] } },
{ "type": "Feature", "properties": { "kind": "L1", "value": "34.264893090900934", "building_uid": "2723", "part": "shaft" }, "geometry": { "type": "LineString", "coordinates": [ [ -90.514443002414069, 14.647672994110088 ], [ -90.51412809752442, 14.647630438082691 ] ] } },
{ "type": "Feature", "properties": { "kind": "L1", "value": "23.61531331489361", "building_uid": "2724", "part": "shaft" }, "geometry": { "type": "LineString", "coordinates": [ [ -90.514116112171308, 14.647715231751787 ], [ -90.514333422788042, 14.647742536178676 ] ] } },
{ "type": "Feature", "properties": { "kind": "L1", "value": "8.395565789288968", "building_uid": "2725", "part": "shaft" }, "geometry": { "type": "LineString", "coordinates": [ [ -90.514163343077016, 14.647596075817546 ], [ -90.514173314093853, 14.647520858425727 ] ] } },
{ "type": "Feature", "properties": { "kind": "L1", "value": "18.5432549177351", "building_uid": "2727", "part": "shaft" }, "geometry": { "type": "LineString", "coordinates": [ [ -90.514518806265286, 14.64777943357514 ], [ -90.514348874326984, 14.64775321709584 ] ] } },
{ "type": "Feature", "properties": { "kind": "L1", "value": "18.738945436925693", "building_uid": "2732", "part": "shaft" }, "geometry": { "type": "LineString", "coordinates": [ [ -90.51440426540492, 14.646864729409286 ], [ -90.514231991353171, 14.64684186675075 ] ] } },
{ "type": "Feature", "properties": { "kind": "L1", "value": "18.953010909928725", "building_uid": "2733", "part": "shaft" }, "geometry": { "type": "LineString", "coordinates": [ [ -90.514241013704805, 14.646773245589456 ], [ -90.514415015943683, 14.646798021624956 ] ] } },
{ "type": "Feature", "properties": { "kind": "L1", "value": "19.020135639687616", "building_uid": "2735", "part": "shaft" }, "geometry": { "type": "LineString", "coordinates": [ [ -90.514428472151508, 14.646714027564899 ], [ -90.514253793997852, 14.646689564690977 ] ] } },
{ "type": "Feature", "properties": { "kind": "L1", "value": "9.184915056100982", "building_uid": "2737", "part": "shaft" }, "geometry": { "type": "LineString", "coordinates": [ [ -90.514428314643368, 14.646699226323452 ], [ -90.514512667396659, 14.646711040762058 ] ] } },
{ "type": "Feature", "properties": { "kind": "L1", "value": "37.68316186651161", "building_uid": "2739", "part": "shaft" }, "geometry": { "type": "LineString", "coordinates": [ [ -90.514268493283808, 14.646578949402233 ], [ -90.514615382962802, 14.64662155063003 ] ] } },
{ "type": "Feature", "properties": { "kind": "L1", "value": "32.2497283204704", "building_uid": "2743", "part": "shaft" }, "geometry": { "type": "LineString", "coordinates": [ [ -90.513748070937496, 14.646392761745322 ], [ -90.513452764152973, 14.646345773456259 ] ] } },
{ "type": "Feature", "properties": { "kind": "L1", "value": "9.080494044521227", "building_uid": "2754", "part": "shaft" }, "geometry": { "type": "LineString", "coordinates": [ [ -90.513859173037744, 14.647676395775138 ], [ -90.513870664299489, 14.647595133779689 ] ] } },
{ "type": "Feature", "properties": { "kind": "L1", "value": "23.90579640618012", "building_uid": "2756", "part": "shaft" }, "geometry": { "type": "LineString", "coordinates": [ [ -90.513988403299052, 14.64775155338415 ], [ -90.513768732838173, 14.647721645250376 ] ] } },
{ "type": "Feature", "properties": { "kind": "L1", "value": "12.90802167202131", "building_uid": "2760", "part": "shaft" }, "geometry": { "type": "LineString", "coordinates": [ [ -90.513747365536204, 14.647691947968028 ], [ -90.513764746863302, 14.647576578003187 ] ] } },
{ "type": "Feature", "properties": { "kind": "L1", "value": "18.785270514657324", "building_uid": "2784", "part": "shaft" }, "geometry": { "type": "LineString", "coordinates": [ [ -90.513567654819056, 14.648297255987984 ], [ -90.513600576168045, 14.648130613998047 ] ] } },
{ "type": "Feature", "properties": { "kind": "L1", "value": "27.921060611243476", "building_uid": "2802", "part": "shaft" }, "geometry": { "type": "LineString", "coordinates": [ [ -90.512757962490156, 14.647922619903941 ], [ -90.512722689224773, 14.648172495388486 ] ] } },
{ "type": "Feature", "properties": { "kind": "L1", "value": "12.558158819938845", "building_uid": "2817", "part": "shaft" }, "geometry": { "type": "LineString", "coordinates": [ [ -90.512795890406494, 14.647785148440818 ], [ -90.512680562588798, 14.647768963476425 ] ] } },
{ "type": "Feature", "properties": { "kind": "L1", "value": "20.492615994788377", "building_uid": "2823", "part": "shaft" }, "geometry": { "type": "LineString", "coordinates": [ [ -90.512039026936691, 14.64789189354706 ], [ -90.512013933012938, 14.648075393840736 ] ] } },
{ "type": "Feature", "properties": { "kind": "L1", "value": "12.896423177534619", "building_uid": "2852", "part": "shaft" }, "geometry": { "type": "LineString", "coordinates": [ [ -90.512147454451792, 14.647074458104562 ], [ -90.51226673614751, 14.647083688876549 ] ] } },
{ "type": "Feature", "properties": { "kind": "L1", "value": "18.407449017338507", "building_uid": "2857", "part": "shaft" }, "geometry": { "type": "LineString", "coordinates": [ [ -90.512206299819283, 14.645996631579555 ], [ -90.512180244774171, 14.646160968521411 ] ] } },
{ "type": "Feature", "properties": { "kind": "L1", "value": "10.633209118209097", "building_uid": "2862", "part": "shaft" }, "geometry": { "type": "LineString", "coordinates": [ [ -90.514759888873442, 14.645761071050028 ], [ -90.514745277145906, 14.645856066784511 ] ] } },
{ "type": "Feature", "properties": { "kind": "L1", "value": "12.97199489886362", "building_uid": "2866", "part": "shaft" }, "geometry": { "type": "LineString", "coordinates": [ [ -90.514514918481012, 14.645723244447078 ], [ -90.514395935960863, 14.645705575736395 ] ] } },
{ "type": "Feature", "properties": { "kind": "L1", "value": "41.47384522744324", "building_uid": "2873", "part": "shaft" }, "geometry": { "type": "LineString", "coordinates": [ [ -90.51396542592326, 14.645117939811181 ], [ -90.514031415431688, 14.644748836181646 ] ] } },
{ "type": "Feature", "properties": { "kind": "L1", "value": "18.142327241774268", "building_uid": "2880", "part": "shaft" }, "geometry": { "type": "LineString", "coordinates": [ [ -90.513976308264716, 14.645284787058579 ], [ -90.514003642474776, 14.64512307370477 ] ] } },
{ "type": "Feature", "properties": { "kind": "L1", "value": "41.889632954121645", "building_uid": "2881", "part": "shaft" }, "geometry": { "type": "LineString", "coordinates": [ [ -90.514140691331988, 14.644768082816771 ], [ -90.51406470349302, 14.645139189826386 ] ] } },
{ "type": "Feature", "properties": { "kind": "L1", "value": "14.084288772779919", "building_uid": "2882", "part": "shaft" }, "geometry": { "type": "LineString", "coordinates": [ [ -90.513609146318203, 14.645135163964964 ], [ -90.513625856780564, 14.64500897821749 ] ] } },
{ "type": "Feature", "properties": { "kind": "L1", "value": "29.042099666077196", "building_uid": "2891", "part": "shaft" }, "geometry": { "type": "LineString", "coordinates": [ [ -90.512180083147811, 14.64535556201187 ], [ -90.512447436831749, 14.64538831254446 ] ] } },
{ "type": "Feature", "properties": { "kind": "L1", "value": "8.254065163332102", "building_uid": "2897", "part": "shaft" }, "geometry": { "type": "LineString", "coordinates": [ [ -90.512502196948276, 14.645170377311072 ], [ -90.512490204367964, 14.645244020373877 ] ] } },
{ "type": "Feature", "properties": { "kind": "L1", "value": "13.913778605512764", "building_uid": "12745", "part": "shaft" }, "geometry": { "type": "LineString", "coordinates": [ [ -90.51408405916969, 14.646241273563739 ], [ -90.514211914702358, 14.646258662729362 ] ] } },
{ "type": "Feature", "properties": { "kind": "L1", "value": "25.05280681474597", "building_uid": "12746", "part": "shaft" }, "geometry": { "type": "LineString", "coordinates": [ [ -90.51429513563393, 14.646284143564408 ], [ -90.51452561035741, 14.646313576942292 ] ] } },
{ "type": "Feature", "properties": { "kind": "L1", "value": "33.20346851450129", "building_uid": "12782", "part": "shaft" }, "geometry": { "type": "LineString", "coordinates": [ [ -90.513526155816578, 14.644452992014298 ], [ -90.513221072238352, 14.644411322837396 ] ] } },
{ "type": "Feature", "properties": { "kind": "L1", "value": "18.061147315742975", "building_uid": "12783", "part": "shaft" }, "geometry": { "type": "LineString", "coordinates": [ [ -90.513150445942827, 14.643725992476003 ], [ -90.513174604915335, 14.64356454176961 ] ] } },
{ "type": "Feature", "properties": { "kind": "L1", "value": "24.64380003929577", "building_uid": "12784", "part": "shaft" }, "geometry": { "type": "LineString", "coordinates": [ [ -90.513588560626715, 14.643420110973594 ], [ -90.513556795773724, 14.643640571794272 ] ] } },
{ "type": "Feature", "properties": { "kind": "L1", "value": "51.694848283972945", "building_uid": "12785", "part": "shaft" }, "geometry": { "type": "LineString", "coordinates": [ [ -90.513231019982811, 14.644154829458618 ], [ -90.513278516978403, 14.643690140033678 ] ] } },
{ "type": "Feature", "properties": { "kind": "L1", "value": "80.07428742612936", "building_uid": "12786", "part": "shaft" }, "geometry": { "type": "LineString", "coordinates": [ [ -90.513533613131401, 14.643636323837026 ], [ -90.513430400460223, 14.644352659849101 ] ] } },
{ "type": "Feature", "properties": { "kind": "L1", "value": "13.475789472915439", "building_uid": "12788", "part": "shaft" }, "geometry": { "type": "LineString", "coordinates": [ [ -90.51431480723798, 14.644560375563579 ], [ -90.514438186875182, 14.644580102488703 ] ] } },
{ "type": "Feature", "properties": { "kind": "L1", "value": "17.84943100620512", "building_uid": "12846", "part": "shaft" }, "geometry": { "type": "LineString", "coordinates": [ [ -90.512532038337085, 14.644079311289785 ], [ -90.512367827757757, 14.64405838256471 ] ] } },
{ "type": "Feature", "properties": { "kind": "L1", "value": "12.17480534342442", "building_uid": "12847", "part": "shaft" }, "geometry": { "type": "LineString", "coordinates": [ [ -90.512461901927594, 14.643867740063053 ], [ -90.51244657480764, 14.643976703847803 ] ] } },
{ "type": "Feature", "properties": { "kind": "L1", "value": "12.079758081487515", "building_uid": "12848", "part": "shaft" }, "geometry": { "type": "LineString", "coordinates": [ [ -90.512415445889417, 14.643935818665426 ], [ -90.512304501550858, 14.643920330729776 ] ] } },
{ "type": "Feature", "properties": { "kind": "L1", "value": "17.766197710775568", "building_uid": "12856", "part": "shaft" }, "geometry": { "type": "LineString", "coordinates": [ [ -90.51188568544319, 14.647603060059947 ], [ -90.511722525339806, 14.647580193542192 ] ] } },
{ "type": "Feature", "properties": { "kind": "L1", "value": "15.167756565772306", "building_uid": "12915", "part": "shaft" }, "geometry": { "type": "LineString", "coordinates": [ [ -90.515060080521465, 14.645461984414084 ], [ -90.514920470546144, 14.645444721234306 ] ] } },
{ "type": "Feature", "properties": { "kind": "L1", "value": "20.26570085625042", "building_uid": "12919", "part": "shaft" }, "geometry": { "type": "LineString", "coordinates": [ [ -90.513980796636176, 14.644324767055732 ], [ -90.51379455201112, 14.64429959403892 ] ] } },
{ "type": "Feature", "properties": { "kind": "L1", "value": "18.382779875432327", "building_uid": "12951", "part": "shaft" }, "geometry": { "type": "LineString", "coordinates": [ [ -90.514520939012925, 14.645983484157741 ], [ -90.514548891400835, 14.645819668632027 ] ] } },
{ "type": "Feature", "properties": { "kind": "L1", "value": "17.471843488261513", "building_uid": "12956", "part": "shaft" }, "geometry": { "type": "LineString", "coordinates": [ [ -90.51441749228853, 14.647406170487567 ], [ -90.514441064050203, 14.647250016125081 ] ] } },
{ "type": "Feature", "properties": { "kind": "L1", "value": "12.526412508633683", "building_uid": "12987", "part": "shaft" }, "geometry": { "type": "LineString", "coordinates": [ [ -90.515107113458043, 14.644194398893074 ], [ -90.515222574625426, 14.644207338378067 ] ] } },
{ "type": "Feature", "properties": { "kind": "L1", "value": "14.605587041268489", "building_uid": "12997", "part": "shaft" }, "geometry": { "type": "LineString", "coordinates": [ [ -90.512946302159691, 14.645562190684021 ], [ -90.512812040222897, 14.645544287671752 ] ] } },
{ "type": "Feature", "properties": { "kind": "L1", "value": "18.904480005997264", "building_uid": "1000003", "part": "shaft" }, "geometry": { "type": "LineString", "coordinates": [ [ -90.514360075187994, 14.642961449946371 ], [ -90.514388405981151, 14.642792918798804 ] ] } },
{ "type": "Feature", "properties": { "kind": "L1", "value": "11.104665803930798", "building_uid": "1000002", "part": "shaft" }, "geometry": { "type": "LineString", "coordinates": [ [ -90.51437233456835, 14.64296070761217 ], [ -90.514359252377005, 14.643060209638556 ] ] } },
{ "type": "Feature", "properties": { "kind": "L1", "value": "13.913354613574864", "building_uid": "1000004", "part": "shaft" }, "geometry": { "type": "LineString", "coordinates": [ [ -90.515082246836087, 14.643104912155964 ], [ -90.515065271419232, 14.643229507014807 ] ] } },
{ "type": "Feature", "properties": { "kind": "L1", "value": "7.354462899041053", "building_uid": "1000005", "part": "shaft" }, "geometry": { "type": "LineString", "coordinates": [ [ -90.512474881335052, 14.64345987432902 ], [ -90.512542588633522, 14.643468131547554 ] ] } },
{ "type": "Feature", "properties": { "kind": "L1", "value": "16.60208068194083", "building_uid": "1000012", "part": "shaft" }, "geometry": { "type": "LineString", "coordinates": [ [ -90.513002821488627, 14.644322529542952 ], [ -90.513155105491066, 14.644345101163388 ] ] } },
{ "type": "Feature", "properties": { "kind": "L1", "value": "14.46273097286238", "building_uid": "1000007", "part": "shaft" }, "geometry": { "type": "LineString", "coordinates": [ [ -90.51400930290481, 14.643664540768761 ], [ -90.513985654893759, 14.643793144968871 ] ] } },
{ "type": "Feature", "properties": { "kind": "L1", "value": "6.046856875665316", "building_uid": "1000008", "part": "shaft" }, "geometry": { "type": "LineString", "coordinates": [ [ -90.51441719750288, 14.644515749936339 ], [ -90.514425227246008, 14.644461688035786 ] ] } },
{ "type": "Feature", "properties": { "kind": "L1", "value": "7.010401194533898", "building_uid": "1000009", "part": "shaft" }, "geometry": { "type": "LineString", "coordinates": [ [ -90.514673664768964, 14.643837759406019 ], [ -90.514666395920855, 14.643900691158581 ] ] } },
{ "type": "Feature", "properties": { "kind": "L1", "value": "20.590840316301502", "building_uid": "1000011", "part": "shaft" }, "geometry": { "type": "LineString", "coordinates": [ [ -90.514998844681656, 14.643998987597408 ], [ -90.514809148186231, 14.643976907448636 ] ] } },
{ "type": "Feature", "properties": { "kind": "L1", "value": "17.93658799086918", "building_uid": "182", "part": "shaft" }, "geometry": { "type": "LineString", "coordinates": [ [ -90.514589934083943, 14.644150351862347 ], [ -90.514755084646765, 14.644170330954063 ] ] } },
{ "type": "Feature", "properties": { "kind": "L1", "value": "22.931710033723302", "building_uid": "1000013", "part": "shaft" }, "geometry": { "type": "LineString", "coordinates": [ [ -90.514752461619295, 14.644163723640879 ], [ -90.514964086696949, 14.644185154077473 ] ] } },
{ "type": "Feature", "properties": { "kind": "L1", "value": "10.89683576626421", "building_uid": "1000016", "part": "shaft" }, "geometry": { "type": "LineString", "coordinates": [ [ -90.514641659204472, 14.645277926538061 ], [ -90.514741963581997, 14.645290284766995 ] ] } },
{ "type": "Feature", "properties": { "kind": "L1", "value": "9.8466745294172", "building_uid": "1000019", "part": "shaft" }, "geometry": { "type": "LineString", "coordinates": [ [ -90.514929243755361, 14.645436450212603 ], [ -90.514838428513329, 14.645426745133841 ] ] } },
{ "type": "Feature", "properties": { "kind": "L1", "value": "9.1482449544694", "building_uid": "1000015", "part": "shaft" }, "geometry": { "type": "LineString", "coordinates": [ [ -90.514615262857589, 14.645181637514497 ], [ -90.51453128065657, 14.645169647676797 ] ] } },
{ "type": "Feature", "properties": { "kind": "L1", "value": "39.81601787114463", "building_uid": "2861", "part": "shaft" }, "geometry": { "type": "LineString", "coordinates": [ [ -90.512242142518403, 14.646630374976471 ], [ -90.512294600053991, 14.646274342379982 ] ] } },
{ "type": "Feature", "properties": { "kind": "L1", "value": "11.199983285423427", "building_uid": "1000023", "part": "shaft" }, "geometry": { "type": "LineString", "coordinates": [ [ -90.512070705317456, 14.64745685224584 ], [ -90.512174225972643, 14.647465689850057 ] ] } },
{ "type": "Feature", "properties": { "kind": "L1", "value": "13.605177587055705", "building_uid": "1000020", "part": "shaft" }, "geometry": { "type": "LineString", "coordinates": [ [ -90.512135938175135, 14.647099325059479 ], [ -90.512132374955598, 14.647222178159229 ] ] } },
{ "type": "Feature", "properties": { "kind": "L1", "value": "14.514462166759477", "building_uid": "1000021", "part": "shaft" }, "geometry": { "type": "LineString", "coordinates": [ [ -90.512134460306811, 14.647210711548722 ], [ -90.512269079105835, 14.647214353411913 ] ] } },
{ "type": "Feature", "properties": { "kind": "L1", "value": "18.1545203401998", "building_uid": "1000024", "part": "shaft" }, "geometry": { "type": "LineString", "coordinates": [ [ -90.51420787506099, 14.647379259225817 ], [ -90.514219664396819, 14.647215662691504 ] ] } },
{ "type": "Feature", "properties": { "kind": "L1", "value": "27.5175477587978", "building_uid": "1000001", "part": "shaft" }, "geometry": { "type": "LineString", "coordinates": [ [ -90.514268109911214, 14.643003968320535 ], [ -90.514230879103593, 14.643249890769937 ] ] } },
{ "type": "Feature", "properties": { "kind": "L1", "value": "22.368942713235185", "building_uid": "1000017", "part": "shaft" }, "geometry": { "type": "LineString", "coordinates": [ [ -90.514626683352802, 14.645717436535035 ], [ -90.51459689399293, 14.645917414001676 ] ] } },
{ "type": "Feature", "properties": { "kind": "L2", "value": "26.603618089948892", "building_uid": "7", "part": "shaft" }, "geometry": { "type": "LineString", "coordinates": [ [ -90.513866180447479, 14.64275877759318 ], [ -90.51411079557549, 14.642790928298792 ] ] } },
{ "type": "Feature", "properties": { "kind": "L2", "value": "37.648310823515004", "building_uid": "8", "part": "shaft" }, "geometry": { "type": "LineString", "coordinates": [ [ -90.514789104440794, 14.642949757704207 ], [ -90.515135062373147, 14.642996756700711 ] ] } },
{ "type": "Feature", "properties": { "kind": "L2", "value": "22.787863597582184", "building_uid": "9", "part": "shaft" }, "geometry": { "type": "LineString", "coordinates": [ [ -90.515356883563584, 14.642956416497791 ], [ -90.515147475624019, 14.642928008235431 ] ] } },
{ "type": "Feature", "properties": { "kind": "L2", "value": "20.2909500204889", "building_uid": "10", "part": "shaft" }, "geometry": { "type": "LineString", "coordinates": [ [ -90.515352858556994, 14.642978129224613 ], [ -90.515539153357537, 14.643004571732554 ] ] } },
{ "type": "Feature", "properties": { "kind": "L2", "value": "7.3990099740892346", "building_uid": "53", "part": "shaft" }, "geometry": { "type": "LineString", "coordinates": [ [ -90.514285799297014, 14.642660237811487 ], [ -90.514277211699309, 14.642726551709879 ] ] } },
{ "type": "Feature", "properties": { "kind": "L2", "value": "15.803982017340676", "building_uid": "54", "part": "shaft" }, "geometry": { "type": "LineString", "coordinates": [ [ -90.514362586194679, 14.642800385210723 ], [ -90.514507971609646, 14.642818966805319 ] ] } },
{ "type": "Feature", "properties": { "kind": "L2", "value": "19.317163654692614", "building_uid": "55", "part": "shaft" }, "geometry": { "type": "LineString", "coordinates": [ [ -90.514665678055479, 14.642800880254825 ], [ -90.514488116651194, 14.642777132982868 ] ] } },
{ "type": "Feature", "properties": { "kind": "L2", "value": "21.810613696612076", "building_uid": "105", "part": "shaft" }, "geometry": { "type": "LineString", "coordinates": [ [ -90.514714890832309, 14.643370684157729 ], [ -90.514914599810311, 14.643402495834405 ] ] } },
{ "type": "Feature", "properties": { "kind": "L2", "value": "13.72393180214011", "building_uid": "106", "part": "shaft" }, "geometry": { "type": "LineString", "coordinates": [ [ -90.514427566949564, 14.643685037639377 ], [ -90.51455369210565, 14.643702080580486 ] ] } },
{ "type": "Feature", "properties": { "kind": "L2", "value": "21.63516694155663", "building_uid": "107", "part": "shaft" }, "geometry": { "type": "LineString", "coordinates": [ [ -90.513963374802188, 14.643634668970549 ], [ -90.513764946687417, 14.64360511563323 ] ] } },
{ "type": "Feature", "properties": { "kind": "L2", "value": "20.456236345078015", "building_uid": "108", "part": "shaft" }, "geometry": { "type": "LineString", "coordinates": [ [ -90.514181233298373, 14.643646322854252 ], [ -90.5139933871869, 14.643619889154568 ] ] } },
{ "type": "Feature", "properties": { "kind": "L2", "value": "17.862865345813155", "building_uid": "109", "part": "shaft" }, "geometry": { "type": "LineString", "coordinates": [ [ -90.514307672344074, 14.643728557080136 ], [ -90.514143513031016, 14.643706351112108 ] ] } },
{ "type": "Feature", "properties": { "kind": "L2", "value": "12.335146747133557", "building_uid": "110", "part": "shaft" }, "geometry": { "type": "LineString", "coordinates": [ [ -90.51431240624035, 14.643686655243906 ], [ -90.514425745245248, 14.643702133901028 ] ] } },
{ "type": "Feature", "properties": { "kind": "L2", "value": "13.108961955827976", "building_uid": "761", "part": "shaft" }, "geometry": { "type": "LineString", "coordinates": [ [ -90.514582016225447, 14.645058065159192 ], [ -90.514596944686701, 14.644940540767566 ] ] } },
{ "type": "Feature", "properties": { "kind": "L2", "value": "13.775606413601082", "building_uid": "176", "part": "shaft" }, "geometry": { "type": "LineString", "coordinates": [ [ -90.51516670119581, 14.6447548594035 ], [ -90.515293442859544, 14.644770946965039 ] ] } },
{ "type": "Feature", "properties": { "kind": "L2", "value": "18.11245984143213", "building_uid": "177", "part": "shaft" }, "geometry": { "type": "LineString", "coordinates": [ [ -90.515005533746731, 14.644700077279548 ], [ -90.515171789675321, 14.644723940014565 ] ] } },
{ "type": "Feature", "properties": { "kind": "L2", "value": "10.009858916535325", "building_uid": "178", "part": "shaft" }, "geometry": { "type": "LineString", "coordinates": [ [ -90.515007134912722, 14.644698851555608 ], [ -90.514915253559877, 14.644685663523136 ] ] } },
{ "type": "Feature", "properties": { "kind": "L2", "value": "12.46750670077974", "building_uid": "179", "part": "shaft" }, "geometry": { "type": "LineString", "coordinates": [ [ -90.514916972922066, 14.644685116272276 ], [ -90.514802539487107, 14.644668645029626 ] ] } },
{ "type": "Feature", "properties": { "kind": "L2", "value": "17.431461948617446", "building_uid": "183", "part": "shaft" }, "geometry": { "type": "LineString", "coordinates": [ [ -90.514805586421005, 14.643609153585606 ], [ -90.51478150776596, 14.64376486576006 ] ] } },
{ "type": "Feature", "properties": { "kind": "L2", "value": "17.26854632474884", "building_uid": "184", "part": "shaft" }, "geometry": { "type": "LineString", "coordinates": [ [ -90.514289051455052, 14.644144495095384 ], [ -90.514268122057317, 14.644299153764171 ] ] } },
{ "type": "Feature", "properties": { "kind": "L2", "value": "29.128991637339585", "building_uid": "185", "part": "shaft" }, "geometry": { "type": "LineString", "coordinates": [ [ -90.513905871397071, 14.644056144839331 ], [ -90.513943153629995, 14.64379552399455 ] ] } },
{ "type": "Feature", "properties": { "kind": "L2", "value": "11.113277086848337", "building_uid": "186", "part": "shaft" }, "geometry": { "type": "LineString", "coordinates": [ [ -90.5141472020061, 14.644468956845536 ], [ -90.514045141792195, 14.6444546536378 ] ] } },
{ "type": "Feature", "properties": { "kind": "L2", "value": "21.967782232707506", "building_uid": "187", "part": "shaft" }, "geometry": { "type": "LineString", "coordinates": [ [ -90.514055687673405, 14.644483513001997 ], [ -90.513853759421949, 14.644456515606393 ] ] } },
{ "type": "Feature", "properties": { "kind": "L2", "value": "21.68143829860295", "building_uid": "188", "part": "shaft" }, "geometry": { "type": "LineString", "coordinates": [ [ -90.513187564853098, 14.643357366206384 ], [ -90.513155657696672, 14.643550745836642 ] ] } },
{ "type": "Feature", "properties": { "kind": "L2", "value": "13.379136143172252", "building_uid": "191", "part": "shaft" }, "geometry": { "type": "LineString", "coordinates": [ [ -90.513057246239313, 14.644479056186622 ], [ -90.513077979114669, 14.644359893578805 ] ] } },
{ "type": "Feature", "properties": { "kind": "L2", "value": "14.280636858394507", "building_uid": "192", "part": "shaft" }, "geometry": { "type": "LineString", "coordinates": [ [ -90.512750390335313, 14.644312499215598 ], [ -90.51273215319253, 14.644440275313512 ] ] } },
{ "type": "Feature", "properties": { "kind": "L2", "value": "10.63002943262616", "building_uid": "193", "part": "shaft" }, "geometry": { "type": "LineString", "coordinates": [ [ -90.512667891167325, 14.644324104586186 ], [ -90.512570383245716, 14.644309672261889 ] ] } },
{ "type": "Feature", "properties": { "kind": "L2", "value": "10.65038316498293", "building_uid": "846", "part": "shaft" }, "geometry": { "type": "LineString", "coordinates": [ [ -90.514119135917952, 14.646853677034578 ], [ -90.514021528281546, 14.646838663001652 ] ] } },
{ "type": "Feature", "properties": { "kind": "L2", "value": "14.87491295328882", "building_uid": "194", "part": "shaft" }, "geometry": { "type": "LineString", "coordinates": [ [ -90.51232813900404, 14.644242043389612 ], [ -90.51230884103785, 14.644375095559131 ] ] } },
{ "type": "Feature", "properties": { "kind": "L2", "value": "14.605022079042394", "building_uid": "195", "part": "shaft" }, "geometry": { "type": "LineString", "coordinates": [ [ -90.512306113990931, 14.644106257749639 ], [ -90.51228783991543, 14.6442369867684 ] ] } },
{ "type": "Feature", "properties": { "kind": "L2", "value": "11.333907950575815", "building_uid": "196", "part": "shaft" }, "geometry": { "type": "LineString", "coordinates": [ [ -90.51234296876072, 14.643697586103459 ], [ -90.512447078628753, 14.643712010354777 ] ] } },
{ "type": "Feature", "properties": { "kind": "L2", "value": "73.44571867674661", "building_uid": "302", "part": "shaft" }, "geometry": { "type": "LineString", "coordinates": [ [ -90.513023166414953, 14.6432072927156 ], [ -90.513129407382451, 14.642551934707965 ] ] } },
{ "type": "Feature", "properties": { "kind": "L2", "value": "12.808814446510892", "building_uid": "303", "part": "shaft" }, "geometry": { "type": "LineString", "coordinates": [ [ -90.513902693644127, 14.64336815714184 ], [ -90.513921354505172, 14.64325388414745 ] ] } },
{ "type": "Feature", "properties": { "kind": "L2", "value": "11.871731948598033", "building_uid": "304", "part": "shaft" }, "geometry": { "type": "LineString", "coordinates": [ [ -90.512672373869719, 14.643354358944805 ], [ -90.512563567956121, 14.6433376652253 ] ] } },
{ "type": "Feature", "properties": { "kind": "L2", "value": "20.46568365707317", "building_uid": "305", "part": "shaft" }, "geometry": { "type": "LineString", "coordinates": [ [ -90.512457821197629, 14.643403921012752 ], [ -90.512483570225115, 14.643220752271427 ] ] } },
{ "type": "Feature", "properties": { "kind": "L2", "value": "16.903002179705823", "building_uid": "306", "part": "shaft" }, "geometry": { "type": "LineString", "coordinates": [ [ -90.512328326940434, 14.643404914130331 ], [ -90.512483708117372, 14.643425620429271 ] ] } },
{ "type": "Feature", "properties": { "kind": "L2", "value": "18.632557668518672", "building_uid": "307", "part": "shaft" }, "geometry": { "type": "LineString", "coordinates": [ [ -90.512795456206831, 14.643466965738998 ], [ -90.512822366222792, 14.643300700471302 ] ] } },
{ "type": "Feature", "properties": { "kind": "L2", "value": "30.015799325689095", "building_uid": "500", "part": "shaft" }, "geometry": { "type": "LineString", "coordinates": [ [ -90.514866228116318, 14.645881042714734 ], [ -90.515141863395471, 14.645919813726731 ] ] } },
{ "type": "Feature", "properties": { "kind": "L2", "value": "13.573357817891225", "building_uid": "501", "part": "shaft" }, "geometry": { "type": "LineString", "coordinates": [ [ -90.514763574558316, 14.645887040243057 ], [ -90.514888073293662, 14.645905526637346 ] ] } },
{ "type": "Feature", "properties": { "kind": "L2", "value": "20.063591463453463", "building_uid": "502", "part": "shaft" }, "geometry": { "type": "LineString", "coordinates": [ [ -90.513597001450137, 14.645841151863227 ], [ -90.513625600696287, 14.645662059291581 ] ] } },
{ "type": "Feature", "properties": { "kind": "L2", "value": "9.905106003366694", "building_uid": "762", "part": "shaft" }, "geometry": { "type": "LineString", "coordinates": [ [ -90.514570082915739, 14.645143458969219 ], [ -90.514585532026999, 14.645055254560503 ] ] } },
{ "type": "Feature", "properties": { "kind": "L2", "value": "11.252098236098277", "building_uid": "503", "part": "shaft" }, "geometry": { "type": "LineString", "coordinates": [ [ -90.513633040243192, 14.645549607767229 ], [ -90.51361618068961, 14.645649919319689 ] ] } },
{ "type": "Feature", "properties": { "kind": "L2", "value": "12.016261084851248", "building_uid": "504", "part": "shaft" }, "geometry": { "type": "LineString", "coordinates": [ [ -90.513712271007307, 14.64546692380592 ], [ -90.513696736824457, 14.645574413762786 ] ] } },
{ "type": "Feature", "properties": { "kind": "L2", "value": "15.411943128222875", "building_uid": "505", "part": "shaft" }, "geometry": { "type": "LineString", "coordinates": [ [ -90.513633071124133, 14.645288057403489 ], [ -90.513614759166842, 14.645426134738996 ] ] } },
{ "type": "Feature", "properties": { "kind": "L2", "value": "19.371733639647772", "building_uid": "506", "part": "shaft" }, "geometry": { "type": "LineString", "coordinates": [ [ -90.513726627742983, 14.64512766252194 ], [ -90.513700892764575, 14.645300853814941 ] ] } },
{ "type": "Feature", "properties": { "kind": "L2", "value": "15.990470329051849", "building_uid": "507", "part": "shaft" }, "geometry": { "type": "LineString", "coordinates": [ [ -90.513672766441104, 14.644846665708803 ], [ -90.513692098651461, 14.644703447495766 ] ] } },
{ "type": "Feature", "properties": { "kind": "L2", "value": "7.962198072537459", "building_uid": "508", "part": "shaft" }, "geometry": { "type": "LineString", "coordinates": [ [ -90.51340585239636, 14.644808760682313 ], [ -90.513479072488565, 14.644818321048499 ] ] } },
{ "type": "Feature", "properties": { "kind": "L2", "value": "14.120896731752843", "building_uid": "509", "part": "shaft" }, "geometry": { "type": "LineString", "coordinates": [ [ -90.512301451095126, 14.64456155607213 ], [ -90.512431035987021, 14.644580368661721 ] ] } },
{ "type": "Feature", "properties": { "kind": "L2", "value": "15.130280478985432", "building_uid": "510", "part": "shaft" }, "geometry": { "type": "LineString", "coordinates": [ [ -90.512164528421465, 14.644543230627509 ], [ -90.512303671222071, 14.644561357417048 ] ] } },
{ "type": "Feature", "properties": { "kind": "L2", "value": "12.460067925504461", "building_uid": "511", "part": "shaft" }, "geometry": { "type": "LineString", "coordinates": [ [ -90.512543114543249, 14.644598608440941 ], [ -90.512428949108553, 14.644580882989141 ] ] } },
{ "type": "Feature", "properties": { "kind": "L2", "value": "12.496534452134599", "building_uid": "512", "part": "shaft" }, "geometry": { "type": "LineString", "coordinates": [ [ -90.512530852615569, 14.644668147273574 ], [ -90.512645574410385, 14.644684510540973 ] ] } },
{ "type": "Feature", "properties": { "kind": "L2", "value": "13.520238665031256", "building_uid": "513", "part": "shaft" }, "geometry": { "type": "LineString", "coordinates": [ [ -90.512779549646766, 14.644621323534649 ], [ -90.512655204349471, 14.644605190306967 ] ] } },
{ "type": "Feature", "properties": { "kind": "L2", "value": "9.50416811664048", "building_uid": "514", "part": "shaft" }, "geometry": { "type": "LineString", "coordinates": [ [ -90.51269654055136, 14.644762236952046 ], [ -90.512709275293219, 14.644677281199455 ] ] } },
{ "type": "Feature", "properties": { "kind": "L2", "value": "8.196402607779854", "building_uid": "515", "part": "shaft" }, "geometry": { "type": "LineString", "coordinates": [ [ -90.512697739982357, 14.644762111732319 ], [ -90.512686756491391, 14.644835377497008 ] ] } },
{ "type": "Feature", "properties": { "kind": "L2", "value": "8.64756408527603", "building_uid": "847", "part": "shaft" }, "geometry": { "type": "LineString", "coordinates": [ [ -90.513973885326465, 14.646841112509868 ], [ -90.513960912251747, 14.646918202319542 ] ] } },
{ "type": "Feature", "properties": { "kind": "L2", "value": "16.53411568586105", "building_uid": "516", "part": "shaft" }, "geometry": { "type": "LineString", "coordinates": [ [ -90.512299168922922, 14.644778334764682 ], [ -90.512319811796218, 14.644630332552067 ] ] } },
{ "type": "Feature", "properties": { "kind": "L2", "value": "16.52079449757549", "building_uid": "517", "part": "shaft" }, "geometry": { "type": "LineString", "coordinates": [ [ -90.512429948470484, 14.644943593667982 ], [ -90.512451571386848, 14.644795845702784 ] ] } },
{ "type": "Feature", "properties": { "kind": "L2", "value": "17.276853068462138", "building_uid": "518", "part": "shaft" }, "geometry": { "type": "LineString", "coordinates": [ [ -90.512287124424162, 14.645066435725727 ], [ -90.512306190469189, 14.644911473482763 ] ] } },
{ "type": "Feature", "properties": { "kind": "L2", "value": "12.08956811709259", "building_uid": "519", "part": "shaft" }, "geometry": { "type": "LineString", "coordinates": [ [ -90.512084337062802, 14.645116814501549 ], [ -90.512195411553918, 14.645132044603359 ] ] } },
{ "type": "Feature", "properties": { "kind": "L2", "value": "8.607940024393255", "building_uid": "521", "part": "shaft" }, "geometry": { "type": "LineString", "coordinates": [ [ -90.51213160817656, 14.645367468880949 ], [ -90.512052427409571, 14.645357296625395 ] ] } },
{ "type": "Feature", "properties": { "kind": "L2", "value": "8.791182516569773", "building_uid": "522", "part": "shaft" }, "geometry": { "type": "LineString", "coordinates": [ [ -90.512078512875078, 14.645516136381991 ], [ -90.512066814576897, 14.645594730355972 ] ] } },
{ "type": "Feature", "properties": { "kind": "L2", "value": "13.710219039955131", "building_uid": "523", "part": "shaft" }, "geometry": { "type": "LineString", "coordinates": [ [ -90.512528718816796, 14.645571562118164 ], [ -90.512654254790235, 14.645591575406693 ] ] } },
{ "type": "Feature", "properties": { "kind": "L2", "value": "12.129466526528748", "building_uid": "524", "part": "shaft" }, "geometry": { "type": "LineString", "coordinates": [ [ -90.512530496626823, 14.645556687636596 ], [ -90.512419434658682, 14.645538981778559 ] ] } },
{ "type": "Feature", "properties": { "kind": "L2", "value": "10.243759031830873", "building_uid": "525", "part": "shaft" }, "geometry": { "type": "LineString", "coordinates": [ [ -90.512330346646976, 14.645568573676034 ], [ -90.512236258373392, 14.645555478112046 ] ] } },
{ "type": "Feature", "properties": { "kind": "L2", "value": "19.264358258778774", "building_uid": "697", "part": "shaft" }, "geometry": { "type": "LineString", "coordinates": [ [ -90.512577464300449, 14.646262791373152 ], [ -90.512607574157997, 14.646091254065286 ] ] } },
{ "type": "Feature", "properties": { "kind": "L2", "value": "10.11892938977756", "building_uid": "698", "part": "shaft" }, "geometry": { "type": "LineString", "coordinates": [ [ -90.51265739162659, 14.646422535752031 ], [ -90.512750309853573, 14.646435633397521 ] ] } },
{ "type": "Feature", "properties": { "kind": "L2", "value": "26.312254484554966", "building_uid": "699", "part": "shaft" }, "geometry": { "type": "LineString", "coordinates": [ [ -90.512438335559594, 14.645764645744755 ], [ -90.512399021705903, 14.64599923484305 ] ] } },
{ "type": "Feature", "properties": { "kind": "L2", "value": "8.460219129351524", "building_uid": "700", "part": "shaft" }, "geometry": { "type": "LineString", "coordinates": [ [ -90.512161113048606, 14.645801516020597 ], [ -90.512173345761724, 14.645726024515623 ] ] } },
{ "type": "Feature", "properties": { "kind": "L2", "value": "10.36610268835871", "building_uid": "310", "part": "shaft" }, "geometry": { "type": "LineString", "coordinates": [ [ -90.513026079475281, 14.644110579732168 ], [ -90.513039338163409, 14.644017831728195 ] ] } },
{ "type": "Feature", "properties": { "kind": "L2", "value": "10.610746643087166", "building_uid": "702", "part": "shaft" }, "geometry": { "type": "LineString", "coordinates": [ [ -90.511974957215955, 14.645829251748648 ], [ -90.512072581822125, 14.645841637301002 ] ] } },
{ "type": "Feature", "properties": { "kind": "L2", "value": "14.253048541365606", "building_uid": "703", "part": "shaft" }, "geometry": { "type": "LineString", "coordinates": [ [ -90.514221335912524, 14.646134789594068 ], [ -90.514090347217135, 14.646117085761794 ] ] } },
{ "type": "Feature", "properties": { "kind": "L2", "value": "12.964756947414699", "building_uid": "704", "part": "shaft" }, "geometry": { "type": "LineString", "coordinates": [ [ -90.513973334915562, 14.646128276789163 ], [ -90.514092331154075, 14.64614541774743 ] ] } },
{ "type": "Feature", "properties": { "kind": "L2", "value": "11.900232385877214", "building_uid": "705", "part": "shaft" }, "geometry": { "type": "LineString", "coordinates": [ [ -90.513553823756439, 14.646051471758156 ], [ -90.513569840913533, 14.645945108263751 ] ] } },
{ "type": "Feature", "properties": { "kind": "L2", "value": "13.189444746246892", "building_uid": "706", "part": "shaft" }, "geometry": { "type": "LineString", "coordinates": [ [ -90.513544819302581, 14.646044988901727 ], [ -90.513527066492614, 14.646162875227605 ] ] } },
{ "type": "Feature", "properties": { "kind": "L2", "value": "16.924229226026487", "building_uid": "746", "part": "shaft" }, "geometry": { "type": "LineString", "coordinates": [ [ -90.514603288909925, 14.643279000246611 ], [ -90.514447744583848, 14.643258040751006 ] ] } },
{ "type": "Feature", "properties": { "kind": "L2", "value": "16.532858718978826", "building_uid": "747", "part": "shaft" }, "geometry": { "type": "LineString", "coordinates": [ [ -90.51429254557317, 14.643244947655067 ], [ -90.514444451386595, 14.643265712629947 ] ] } },
{ "type": "Feature", "properties": { "kind": "L2", "value": "14.211514325851146", "building_uid": "748", "part": "shaft" }, "geometry": { "type": "LineString", "coordinates": [ [ -90.514161926019099, 14.64333168329251 ], [ -90.514292454420996, 14.643349867006224 ] ] } },
{ "type": "Feature", "properties": { "kind": "L2", "value": "19.973583551971227", "building_uid": "749", "part": "shaft" }, "geometry": { "type": "LineString", "coordinates": [ [ -90.514003970334471, 14.643139560155872 ], [ -90.514031595299443, 14.642961144864964 ] ] } },
{ "type": "Feature", "properties": { "kind": "L2", "value": "13.995901315032107", "building_uid": "751", "part": "shaft" }, "geometry": { "type": "LineString", "coordinates": [ [ -90.515488469394171, 14.643362020914301 ], [ -90.515359912370386, 14.64334417334905 ] ] } },
{ "type": "Feature", "properties": { "kind": "L2", "value": "15.846650484568578", "building_uid": "752", "part": "shaft" }, "geometry": { "type": "LineString", "coordinates": [ [ -90.515388030916839, 14.64344121652554 ], [ -90.515365716082414, 14.643582708951376 ] ] } },
{ "type": "Feature", "properties": { "kind": "L2", "value": "15.312634042223351", "building_uid": "753", "part": "shaft" }, "geometry": { "type": "LineString", "coordinates": [ [ -90.515057205652639, 14.643396428664234 ], [ -90.515034539450241, 14.643532983625464 ] ] } },
{ "type": "Feature", "properties": { "kind": "L2", "value": "12.96448956577385", "building_uid": "754", "part": "shaft" }, "geometry": { "type": "LineString", "coordinates": [ [ -90.515017984922054, 14.64388707111226 ], [ -90.515137215260467, 14.643902567200067 ] ] } },
{ "type": "Feature", "properties": { "kind": "L2", "value": "13.28583666783758", "building_uid": "757", "part": "shaft" }, "geometry": { "type": "LineString", "coordinates": [ [ -90.515275293182128, 14.643791725933845 ], [ -90.515153260805945, 14.643774765509416 ] ] } },
{ "type": "Feature", "properties": { "kind": "L2", "value": "12.155675145555335", "building_uid": "1305", "part": "shaft" }, "geometry": { "type": "LineString", "coordinates": [ [ -90.515309141902648, 14.644169999318967 ], [ -90.515295767734429, 14.644279032831909 ] ] } },
{ "type": "Feature", "properties": { "kind": "L2", "value": "15.084807552318802", "building_uid": "758", "part": "shaft" }, "geometry": { "type": "LineString", "coordinates": [ [ -90.515346622009872, 14.643822194650493 ], [ -90.515366400561874, 14.64368729352327 ] ] } },
{ "type": "Feature", "properties": { "kind": "L2", "value": "11.531555134660877", "building_uid": "759", "part": "shaft" }, "geometry": { "type": "LineString", "coordinates": [ [ -90.514807037939548, 14.644976347409065 ], [ -90.514700851515869, 14.644963578166276 ] ] } },
{ "type": "Feature", "properties": { "kind": "L2", "value": "11.51538069625909", "building_uid": "760", "part": "shaft" }, "geometry": { "type": "LineString", "coordinates": [ [ -90.514595566843781, 14.644942411289362 ], [ -90.514610530969875, 14.64483941246861 ] ] } },
{ "type": "Feature", "properties": { "kind": "L2", "value": "14.833085801046044", "building_uid": "766", "part": "shaft" }, "geometry": { "type": "LineString", "coordinates": [ [ -90.514130218543656, 14.645806017803132 ], [ -90.51426644183168, 14.645825102567095 ] ] } },
{ "type": "Feature", "properties": { "kind": "L2", "value": "10.291682576442563", "building_uid": "767", "part": "shaft" }, "geometry": { "type": "LineString", "coordinates": [ [ -90.514229392116633, 14.645613434754612 ], [ -90.514219059246315, 14.645705858685211 ] ] } },
{ "type": "Feature", "properties": { "kind": "L2", "value": "12.125253041267028", "building_uid": "768", "part": "shaft" }, "geometry": { "type": "LineString", "coordinates": [ [ -90.514191701248052, 14.645274613697467 ], [ -90.514206028739821, 14.645165972198523 ] ] } },
{ "type": "Feature", "properties": { "kind": "L2", "value": "12.569399128080827", "building_uid": "769", "part": "shaft" }, "geometry": { "type": "LineString", "coordinates": [ [ -90.514224830869694, 14.64526182969159 ], [ -90.514210018562082, 14.645374455706136 ] ] } },
{ "type": "Feature", "properties": { "kind": "L2", "value": "13.340525862208544", "building_uid": "771", "part": "shaft" }, "geometry": { "type": "LineString", "coordinates": [ [ -90.513582514055514, 14.646297440471363 ], [ -90.513601410688949, 14.646178341634537 ] ] } },
{ "type": "Feature", "properties": { "kind": "L2", "value": "17.87125122980123", "building_uid": "772", "part": "shaft" }, "geometry": { "type": "LineString", "coordinates": [ [ -90.513550334245267, 14.646581137308162 ], [ -90.513575929726898, 14.646421632509144 ] ] } },
{ "type": "Feature", "properties": { "kind": "L2", "value": "11.718122184327806", "building_uid": "842", "part": "shaft" }, "geometry": { "type": "LineString", "coordinates": [ [ -90.513713121602606, 14.646760927299985 ], [ -90.513820930975697, 14.646774637390283 ] ] } },
{ "type": "Feature", "properties": { "kind": "L2", "value": "11.43073499886615", "building_uid": "843", "part": "shaft" }, "geometry": { "type": "LineString", "coordinates": [ [ -90.513937886478899, 14.646767828919169 ], [ -90.513832943941523, 14.646752887825455 ] ] } },
{ "type": "Feature", "properties": { "kind": "L2", "value": "12.43000958925597", "building_uid": "844", "part": "shaft" }, "geometry": { "type": "LineString", "coordinates": [ [ -90.513608484585703, 14.646770396595484 ], [ -90.51372263288134, 14.646786431412842 ] ] } },
{ "type": "Feature", "properties": { "kind": "L2", "value": "12.197506903223678", "building_uid": "845", "part": "shaft" }, "geometry": { "type": "LineString", "coordinates": [ [ -90.514035091703391, 14.646751479994645 ], [ -90.514052310373813, 14.646642576690436 ] ] } },
{ "type": "Feature", "properties": { "kind": "L2", "value": "10.022330358796003", "building_uid": "520", "part": "shaft" }, "geometry": { "type": "LineString", "coordinates": [ [ -90.512292588191016, 14.645316879913068 ], [ -90.512304196739208, 14.64522705162336 ] ] } },
{ "type": "Feature", "properties": { "kind": "L2", "value": "11.819603671481532", "building_uid": "914", "part": "shaft" }, "geometry": { "type": "LineString", "coordinates": [ [ -90.515087698505383, 14.646288860357242 ], [ -90.514978883376699, 14.646275581126162 ] ] } },
{ "type": "Feature", "properties": { "kind": "L2", "value": "11.15777561937044", "building_uid": "915", "part": "shaft" }, "geometry": { "type": "LineString", "coordinates": [ [ -90.514820163808821, 14.646289361828718 ], [ -90.514717734679238, 14.64627472910645 ] ] } },
{ "type": "Feature", "properties": { "kind": "L2", "value": "18.586257053091195", "building_uid": "916", "part": "shaft" }, "geometry": { "type": "LineString", "coordinates": [ [ -90.514544283802948, 14.646241439364124 ], [ -90.51471466087385, 14.646267393867909 ] ] } },
{ "type": "Feature", "properties": { "kind": "L2", "value": "9.372289495764823", "building_uid": "918", "part": "shaft" }, "geometry": { "type": "LineString", "coordinates": [ [ -90.514079264454779, 14.646263848045514 ], [ -90.514066546058501, 14.646347602114869 ] ] } },
{ "type": "Feature", "properties": { "kind": "L2", "value": "11.786149174115907", "building_uid": "919", "part": "shaft" }, "geometry": { "type": "LineString", "coordinates": [ [ -90.513758198740547, 14.645973351965701 ], [ -90.513741770534239, 14.646078613746038 ] ] } },
{ "type": "Feature", "properties": { "kind": "L2", "value": "7.978781307521984", "building_uid": "1267", "part": "shaft" }, "geometry": { "type": "LineString", "coordinates": [ [ -90.514297195367135, 14.64407401283831 ], [ -90.514287109771914, 14.64414541708266 ] ] } },
{ "type": "Feature", "properties": { "kind": "L2", "value": "17.194656088752193", "building_uid": "1268", "part": "shaft" }, "geometry": { "type": "LineString", "coordinates": [ [ -90.514295020330422, 14.644078083203318 ], [ -90.514317245979299, 14.643924270091418 ] ] } },
{ "type": "Feature", "properties": { "kind": "L2", "value": "14.798375787269983", "building_uid": "1269", "part": "shaft" }, "geometry": { "type": "LineString", "coordinates": [ [ -90.5144273462423, 14.643819861086115 ], [ -90.514406522435024, 14.643951995752127 ] ] } },
{ "type": "Feature", "properties": { "kind": "L2", "value": "10.283264830468319", "building_uid": "1271", "part": "shaft" }, "geometry": { "type": "LineString", "coordinates": [ [ -90.513409917307811, 14.643388443162026 ], [ -90.513394783813354, 14.643480160938779 ] ] } },
{ "type": "Feature", "properties": { "kind": "L2", "value": "17.26474890932231", "building_uid": "1272", "part": "shaft" }, "geometry": { "type": "LineString", "coordinates": [ [ -90.512228411161615, 14.643983885115233 ], [ -90.512387207461032, 14.644004388922163 ] ] } },
{ "type": "Feature", "properties": { "kind": "L2", "value": "6.668030436868074", "building_uid": "1297", "part": "shaft" }, "geometry": { "type": "LineString", "coordinates": [ [ -90.51370910491093, 14.644480828388174 ], [ -90.513647740165609, 14.644473162220729 ] ] } },
{ "type": "Feature", "properties": { "kind": "L2", "value": "7.168989491486755", "building_uid": "1300", "part": "shaft" }, "geometry": { "type": "LineString", "coordinates": [ [ -90.515326648378874, 14.644519518868211 ], [ -90.515260696674233, 14.644511101323559 ] ] } },
{ "type": "Feature", "properties": { "kind": "L2", "value": "7.88295505510872", "building_uid": "1302", "part": "shaft" }, "geometry": { "type": "LineString", "coordinates": [ [ -90.515265771003243, 14.644362948833717 ], [ -90.515255638634073, 14.644433472879278 ] ] } },
{ "type": "Feature", "properties": { "kind": "L2", "value": "10.789011195246998", "building_uid": "1303", "part": "shaft" }, "geometry": { "type": "LineString", "coordinates": [ [ -90.515169914584959, 14.644253785056604 ], [ -90.515158207429266, 14.644350578770661 ] ] } },
{ "type": "Feature", "properties": { "kind": "L2", "value": "26.400962781935203", "building_uid": "1405", "part": "shaft" }, "geometry": { "type": "LineString", "coordinates": [ [ -90.512066798487766, 14.646380606532286 ], [ -90.512032015019528, 14.646616682387604 ] ] } },
{ "type": "Feature", "properties": { "kind": "L2", "value": "13.149784873665192", "building_uid": "1406", "part": "shaft" }, "geometry": { "type": "LineString", "coordinates": [ [ -90.512059090608943, 14.646388567356663 ], [ -90.512074856117749, 14.64627077493949 ] ] } },
{ "type": "Feature", "properties": { "kind": "L2", "value": "12.405059660870467", "building_uid": "1408", "part": "shaft" }, "geometry": { "type": "LineString", "coordinates": [ [ -90.512044492311205, 14.646029092374343 ], [ -90.512028856775501, 14.646140114415594 ] ] } },
{ "type": "Feature", "properties": { "kind": "L2", "value": "13.426771604082507", "building_uid": "1409", "part": "shaft" }, "geometry": { "type": "LineString", "coordinates": [ [ -90.512098565956251, 14.646146159184584 ], [ -90.512080630886118, 14.646266186101011 ] ] } },
{ "type": "Feature", "properties": { "kind": "L2", "value": "9.772392594298505", "building_uid": "1410", "part": "shaft" }, "geometry": { "type": "LineString", "coordinates": [ [ -90.513540308340069, 14.646666396610298 ], [ -90.513553432769996, 14.646579047507931 ] ] } },
{ "type": "Feature", "properties": { "kind": "L2", "value": "9.227549332469955", "building_uid": "1411", "part": "shaft" }, "geometry": { "type": "LineString", "coordinates": [ [ -90.51340207140035, 14.646836982749477 ], [ -90.51341537127756, 14.646754637700615 ] ] } },
{ "type": "Feature", "properties": { "kind": "L2", "value": "8.88834010221034", "building_uid": "1412", "part": "shaft" }, "geometry": { "type": "LineString", "coordinates": [ [ -90.514026387684538, 14.646420844359035 ], [ -90.514039440752754, 14.646341563744423 ] ] } },
{ "type": "Feature", "properties": { "kind": "L2", "value": "8.971760076351627", "building_uid": "1413", "part": "shaft" }, "geometry": { "type": "LineString", "coordinates": [ [ -90.514029719253784, 14.646420712501028 ], [ -90.514016544365418, 14.646500737297012 ] ] } },
{ "type": "Feature", "properties": { "kind": "L2", "value": "14.983569479648736", "building_uid": "1414", "part": "shaft" }, "geometry": { "type": "LineString", "coordinates": [ [ -90.514012353944096, 14.646644213168265 ], [ -90.51403351535717, 14.646510436461453 ] ] } },
{ "type": "Feature", "properties": { "kind": "L2", "value": "15.545656224744787", "building_uid": "1426", "part": "shaft" }, "geometry": { "type": "LineString", "coordinates": [ [ -90.512859384555568, 14.644729754016044 ], [ -90.513001986915924, 14.644750836503759 ] ] } },
{ "type": "Feature", "properties": { "kind": "L2", "value": "14.725547946688135", "building_uid": "1428", "part": "shaft" }, "geometry": { "type": "LineString", "coordinates": [ [ -90.513330202499588, 14.64523100104125 ], [ -90.513307495930945, 14.645362174180569 ] ] } },
{ "type": "Feature", "properties": { "kind": "L2", "value": "13.82113594394864", "building_uid": "1429", "part": "shaft" }, "geometry": { "type": "LineString", "coordinates": [ [ -90.51332587526251, 14.645238104015386 ], [ -90.513347588761462, 14.645115053775593 ] ] } },
{ "type": "Feature", "properties": { "kind": "L2", "value": "12.275522193080405", "building_uid": "1430", "part": "shaft" }, "geometry": { "type": "LineString", "coordinates": [ [ -90.51291454536323, 14.645212940962198 ], [ -90.512898298744844, 14.645322697732727 ] ] } },
{ "type": "Feature", "properties": { "kind": "L2", "value": "8.932067073661507", "building_uid": "763", "part": "shaft" }, "geometry": { "type": "LineString", "coordinates": [ [ -90.514499982285116, 14.645215839331387 ], [ -90.514512002865828, 14.64513600482638 ] ] } },
{ "type": "Feature", "properties": { "kind": "L2", "value": "6.668606028670017", "building_uid": "1431", "part": "shaft" }, "geometry": { "type": "LineString", "coordinates": [ [ -90.512896284953698, 14.645324782080939 ], [ -90.512887863296115, 14.645384462201628 ] ] } },
{ "type": "Feature", "properties": { "kind": "L2", "value": "14.001927742897552", "building_uid": "1542", "part": "shaft" }, "geometry": { "type": "LineString", "coordinates": [ [ -90.51508036128115, 14.644992987651012 ], [ -90.514951547722916, 14.644976557773385 ] ] } },
{ "type": "Feature", "properties": { "kind": "L2", "value": "19.24219700373332", "building_uid": "1543", "part": "shaft" }, "geometry": { "type": "LineString", "coordinates": [ [ -90.515197314629788, 14.64490957507576 ], [ -90.515172188454287, 14.645081669418737 ] ] } },
{ "type": "Feature", "properties": { "kind": "L2", "value": "5.980244917073557", "building_uid": "1544", "part": "shaft" }, "geometry": { "type": "LineString", "coordinates": [ [ -90.51523570682015, 14.645198254624711 ], [ -90.515180800514145, 14.645190461900356 ] ] } },
{ "type": "Feature", "properties": { "kind": "L2", "value": "19.561906765283283", "building_uid": "1545", "part": "shaft" }, "geometry": { "type": "LineString", "coordinates": [ [ -90.515074168086898, 14.645225598120758 ], [ -90.515044205295794, 14.645399886025483 ] ] } },
{ "type": "Feature", "properties": { "kind": "L2", "value": "10.552923440058889", "building_uid": "1546", "part": "shaft" }, "geometry": { "type": "LineString", "coordinates": [ [ -90.515121365611961, 14.645530340620592 ], [ -90.515133710045802, 14.645435771465708 ] ] } },
{ "type": "Feature", "properties": { "kind": "L2", "value": "11.922921033648283", "building_uid": "1549", "part": "shaft" }, "geometry": { "type": "LineString", "coordinates": [ [ -90.514124332994015, 14.645363009108037 ], [ -90.514111475362043, 14.645469984757289 ] ] } },
{ "type": "Feature", "properties": { "kind": "L2", "value": "11.200257149871115", "building_uid": "1551", "part": "shaft" }, "geometry": { "type": "LineString", "coordinates": [ [ -90.513961689270062, 14.645832292122099 ], [ -90.513859003175028, 14.64581674837433 ] ] } },
{ "type": "Feature", "properties": { "kind": "L2", "value": "8.05703829380193", "building_uid": "1552", "part": "shaft" }, "geometry": { "type": "LineString", "coordinates": [ [ -90.512813230654842, 14.645649095472985 ], [ -90.512739098046197, 14.645639717141098 ] ] } },
{ "type": "Feature", "properties": { "kind": "L2", "value": "9.607520839087533", "building_uid": "1553", "part": "shaft" }, "geometry": { "type": "LineString", "coordinates": [ [ -90.51284423854608, 14.645547944974746 ], [ -90.512755869152016, 14.645536545773117 ] ] } },
{ "type": "Feature", "properties": { "kind": "L2", "value": "13.997196485136852", "building_uid": "1554", "part": "shaft" }, "geometry": { "type": "LineString", "coordinates": [ [ -90.512859203665656, 14.645507247102884 ], [ -90.512876951312691, 14.645381989885815 ] ] } },
{ "type": "Feature", "properties": { "kind": "L2", "value": "25.023812130245286", "building_uid": "1556", "part": "shaft" }, "geometry": { "type": "LineString", "coordinates": [ [ -90.51296356808777, 14.644898411179955 ], [ -90.512928049460342, 14.645121802610007 ] ] } },
{ "type": "Feature", "properties": { "kind": "L2", "value": "16.41943596073766", "building_uid": "1557", "part": "shaft" }, "geometry": { "type": "LineString", "coordinates": [ [ -90.512998434170285, 14.644766704333344 ], [ -90.513148389556747, 14.644792868200474 ] ] } },
{ "type": "Feature", "properties": { "kind": "L2", "value": "9.371039704103788", "building_uid": "1558", "part": "shaft" }, "geometry": { "type": "LineString", "coordinates": [ [ -90.513230190401771, 14.644782783951749 ], [ -90.513316152255726, 14.644795492462913 ] ] } },
{ "type": "Feature", "properties": { "kind": "L2", "value": "9.042660037571212", "building_uid": "1559", "part": "shaft" }, "geometry": { "type": "LineString", "coordinates": [ [ -90.513233563534968, 14.644788997572745 ], [ -90.513150781107029, 14.644775706803607 ] ] } },
{ "type": "Feature", "properties": { "kind": "L2", "value": "16.104284820621", "building_uid": "2593", "part": "shaft" }, "geometry": { "type": "LineString", "coordinates": [ [ -90.515421869221598, 14.643929789124156 ], [ -90.515273716971265, 14.643910879814328 ] ] } },
{ "type": "Feature", "properties": { "kind": "L2", "value": "7.731960058014776", "building_uid": "2594", "part": "shaft" }, "geometry": { "type": "LineString", "coordinates": [ [ -90.515311904091121, 14.644089732099218 ], [ -90.515383091310412, 14.644098380260722 ] ] } },
{ "type": "Feature", "properties": { "kind": "L2", "value": "8.376033433262235", "building_uid": "2595", "part": "shaft" }, "geometry": { "type": "LineString", "coordinates": [ [ -90.515047160309152, 14.644166211283293 ], [ -90.515037028192353, 14.644241230352211 ] ] } },
{ "type": "Feature", "properties": { "kind": "L2", "value": "5.449544595355695", "building_uid": "2596", "part": "shaft" }, "geometry": { "type": "LineString", "coordinates": [ [ -90.515273387635489, 14.644675878627131 ], [ -90.515281254257303, 14.644627249623317 ] ] } },
{ "type": "Feature", "properties": { "kind": "L2", "value": "11.493216735146452", "building_uid": "2597", "part": "shaft" }, "geometry": { "type": "LineString", "coordinates": [ [ -90.514143901033989, 14.644465461474571 ], [ -90.514249450490553, 14.644480253646176 ] ] } },
{ "type": "Feature", "properties": { "kind": "L2", "value": "12.608297022442793", "building_uid": "2598", "part": "shaft" }, "geometry": { "type": "LineString", "coordinates": [ [ -90.514220750547878, 14.644593370847232 ], [ -90.514335908607052, 14.644613412695447 ] ] } },
{ "type": "Feature", "properties": { "kind": "L2", "value": "15.938223679539648", "building_uid": "2599", "part": "shaft" }, "geometry": { "type": "LineString", "coordinates": [ [ -90.514370334246436, 14.644311915120474 ], [ -90.514350768692523, 14.644454627221005 ] ] } },
{ "type": "Feature", "properties": { "kind": "L2", "value": "7.017757014384463", "building_uid": "2689", "part": "shaft" }, "geometry": { "type": "LineString", "coordinates": [ [ -90.514651332048643, 14.648341908066268 ], [ -90.514660209583596, 14.648279105166818 ] ] } },
{ "type": "Feature", "properties": { "kind": "L2", "value": "8.439400582433597", "building_uid": "2690", "part": "shaft" }, "geometry": { "type": "LineString", "coordinates": [ [ -90.514652802800725, 14.648284606151222 ], [ -90.514665394107666, 14.648209360946721 ] ] } },
{ "type": "Feature", "properties": { "kind": "L2", "value": "12.370575711801374", "building_uid": "2691", "part": "shaft" }, "geometry": { "type": "LineString", "coordinates": [ [ -90.514692563137501, 14.648344514513537 ], [ -90.514676914331943, 14.648455220559949 ] ] } },
{ "type": "Feature", "properties": { "kind": "L2", "value": "14.99699587403176", "building_uid": "2693", "part": "shaft" }, "geometry": { "type": "LineString", "coordinates": [ [ -90.514675131734734, 14.648226585163666 ], [ -90.514707140723331, 14.648094743001765 ] ] } },
{ "type": "Feature", "properties": { "kind": "L2", "value": "10.806327205190701", "building_uid": "2694", "part": "shaft" }, "geometry": { "type": "LineString", "coordinates": [ [ -90.514706927954975, 14.647988525630707 ], [ -90.514685440089536, 14.648083876435589 ] ] } },
{ "type": "Feature", "properties": { "kind": "L2", "value": "12.150182844286986", "building_uid": "2695", "part": "shaft" }, "geometry": { "type": "LineString", "coordinates": [ [ -90.514674738492587, 14.647893956130568 ], [ -90.514691905481328, 14.647785477564149 ] ] } },
{ "type": "Feature", "properties": { "kind": "L2", "value": "13.487658422177857", "building_uid": "2696", "part": "shaft" }, "geometry": { "type": "LineString", "coordinates": [ [ -90.514684468675455, 14.647789202842896 ], [ -90.514705460401245, 14.6476690884947 ] ] } },
{ "type": "Feature", "properties": { "kind": "L2", "value": "11.225754323167145", "building_uid": "2697", "part": "shaft" }, "geometry": { "type": "LineString", "coordinates": [ [ -90.514719443010904, 14.647894560061795 ], [ -90.514703485569456, 14.647994770668344 ] ] } },
{ "type": "Feature", "properties": { "kind": "L2", "value": "8.544935399024471", "building_uid": "2698", "part": "shaft" }, "geometry": { "type": "LineString", "coordinates": [ [ -90.514845400496924, 14.647305104329117 ], [ -90.514767185510834, 14.647292474868763 ] ] } },
{ "type": "Feature", "properties": { "kind": "L2", "value": "6.330842274930895", "building_uid": "2699", "part": "shaft" }, "geometry": { "type": "LineString", "coordinates": [ [ -90.514774013968434, 14.647286385505909 ], [ -90.514716137568513, 14.647276614321266 ] ] } },
{ "type": "Feature", "properties": { "kind": "L2", "value": "9.825337595172044", "building_uid": "2700", "part": "shaft" }, "geometry": { "type": "LineString", "coordinates": [ [ -90.514910007636772, 14.647178113174826 ], [ -90.514894986976387, 14.64726565724434 ] ] } },
{ "type": "Feature", "properties": { "kind": "L2", "value": "10.76199199682619", "building_uid": "2701", "part": "shaft" }, "geometry": { "type": "LineString", "coordinates": [ [ -90.514885122242347, 14.647360168726701 ], [ -90.514898764022291, 14.647263861845436 ] ] } },
{ "type": "Feature", "properties": { "kind": "L2", "value": "7.052615087450617", "building_uid": "2702", "part": "shaft" }, "geometry": { "type": "LineString", "coordinates": [ [ -90.514789061824303, 14.647522003928353 ], [ -90.514798196362761, 14.647458917947983 ] ] } },
{ "type": "Feature", "properties": { "kind": "L2", "value": "6.235442457555425", "building_uid": "2703", "part": "shaft" }, "geometry": { "type": "LineString", "coordinates": [ [ -90.514931293179188, 14.647421752216879 ], [ -90.514874023060202, 14.647413763078738 ] ] } },
{ "type": "Feature", "properties": { "kind": "L2", "value": "11.87859046378768", "building_uid": "2704", "part": "shaft" }, "geometry": { "type": "LineString", "coordinates": [ [ -90.514596625195253, 14.647274188898749 ], [ -90.514704223376455, 14.647297430036867 ] ] } },
{ "type": "Feature", "properties": { "kind": "L2", "value": "14.114401063436718", "building_uid": "2705", "part": "shaft" }, "geometry": { "type": "LineString", "coordinates": [ [ -90.514471919804919, 14.647266681278415 ], [ -90.514601428175595, 14.64728560695921 ] ] } },
{ "type": "Feature", "properties": { "kind": "L2", "value": "8.273680436802218", "building_uid": "2706", "part": "shaft" }, "geometry": { "type": "LineString", "coordinates": [ [ -90.51434054569161, 14.647159372519095 ], [ -90.514416262953347, 14.647171687378842 ] ] } },
{ "type": "Feature", "properties": { "kind": "L2", "value": "8.501802609366475", "building_uid": "2708", "part": "shaft" }, "geometry": { "type": "LineString", "coordinates": [ [ -90.514491752360414, 14.6471846255271 ], [ -90.514413811491806, 14.647172790499516 ] ] } },
{ "type": "Feature", "properties": { "kind": "L2", "value": "11.826294736545", "building_uid": "2711", "part": "shaft" }, "geometry": { "type": "LineString", "coordinates": [ [ -90.514724319949934, 14.647568565538917 ], [ -90.514707712536818, 14.647674167634083 ] ] } },
{ "type": "Feature", "properties": { "kind": "L2", "value": "6.5307489126072715", "building_uid": "2712", "part": "shaft" }, "geometry": { "type": "LineString", "coordinates": [ [ -90.514825686636343, 14.647526288510198 ], [ -90.514817228564894, 14.647584706448843 ] ] } },
{ "type": "Feature", "properties": { "kind": "L2", "value": "9.161755037095554", "building_uid": "701", "part": "shaft" }, "geometry": { "type": "LineString", "coordinates": [ [ -90.512144545530077, 14.645904762901441 ], [ -90.512132507348724, 14.645986691313306 ] ] } },
{ "type": "Feature", "properties": { "kind": "L2", "value": "9.974228498575341", "building_uid": "2720", "part": "shaft" }, "geometry": { "type": "LineString", "coordinates": [ [ -90.51433815576614, 14.648292403952782 ], [ -90.514429773503707, 14.648305128999981 ] ] } },
{ "type": "Feature", "properties": { "kind": "L2", "value": "8.90834009873105", "building_uid": "2728", "part": "shaft" }, "geometry": { "type": "LineString", "coordinates": [ [ -90.514980987365732, 14.646380027487048 ], [ -90.514969178264096, 14.646459675380566 ] ] } },
{ "type": "Feature", "properties": { "kind": "L2", "value": "16.585165955370172", "building_uid": "2729", "part": "shaft" }, "geometry": { "type": "LineString", "coordinates": [ [ -90.514958198588147, 14.646473815030367 ], [ -90.514935137888756, 14.646621945201947 ] ] } },
{ "type": "Feature", "properties": { "kind": "L2", "value": "32.411503572083", "building_uid": "2730", "part": "shaft" }, "geometry": { "type": "LineString", "coordinates": [ [ -90.514589670056012, 14.646792909739276 ], [ -90.514886501635644, 14.646839879314381 ] ] } },
{ "type": "Feature", "properties": { "kind": "L2", "value": "20.660597229537224", "building_uid": "2731", "part": "shaft" }, "geometry": { "type": "LineString", "coordinates": [ [ -90.515048137706259, 14.646818179866301 ], [ -90.514858139368997, 14.646793388903195 ] ] } },
{ "type": "Feature", "properties": { "kind": "L2", "value": "9.842433651818936", "building_uid": "2734", "part": "shaft" }, "geometry": { "type": "LineString", "coordinates": [ [ -90.514315206796311, 14.646883479350986 ], [ -90.514302872751884, 14.646971576224647 ] ] } },
{ "type": "Feature", "properties": { "kind": "L2", "value": "9.351060834512529", "building_uid": "2736", "part": "shaft" }, "geometry": { "type": "LineString", "coordinates": [ [ -90.514579962781085, 14.646852430438081 ], [ -90.514494192789229, 14.646839688429084 ] ] } },
{ "type": "Feature", "properties": { "kind": "L2", "value": "9.157812737227358", "building_uid": "2738", "part": "shaft" }, "geometry": { "type": "LineString", "coordinates": [ [ -90.51448771450238, 14.646883017595762 ], [ -90.514403729915287, 14.646870456898567 ] ] } },
{ "type": "Feature", "properties": { "kind": "L2", "value": "18.503876004089864", "building_uid": "2741", "part": "shaft" }, "geometry": { "type": "LineString", "coordinates": [ [ -90.513785062818528, 14.646110943610644 ], [ -90.513954847977388, 14.64613574460448 ] ] } },
{ "type": "Feature", "properties": { "kind": "L2", "value": "7.599258228005307", "building_uid": "2742", "part": "shaft" }, "geometry": { "type": "LineString", "coordinates": [ [ -90.51345828595025, 14.64633385755382 ], [ -90.513388532683052, 14.646323836155865 ] ] } },
{ "type": "Feature", "properties": { "kind": "L2", "value": "9.16455969086385", "building_uid": "2745", "part": "shaft" }, "geometry": { "type": "LineString", "coordinates": [ [ -90.513610235952143, 14.64676847669732 ], [ -90.513526075072051, 14.64675665532978 ] ] } },
{ "type": "Feature", "properties": { "kind": "L2", "value": "11.479398694391309", "building_uid": "2746", "part": "shaft" }, "geometry": { "type": "LineString", "coordinates": [ [ -90.513430926339723, 14.646753779705342 ], [ -90.513445874717902, 14.646651107083812 ] ] } },
{ "type": "Feature", "properties": { "kind": "L2", "value": "6.915718791299925", "building_uid": "2747", "part": "shaft" }, "geometry": { "type": "LineString", "coordinates": [ [ -90.513834347174196, 14.648154750327857 ], [ -90.513824326710576, 14.648216456936982 ] ] } },
{ "type": "Feature", "properties": { "kind": "L2", "value": "7.473120143659607", "building_uid": "2748", "part": "shaft" }, "geometry": { "type": "LineString", "coordinates": [ [ -90.513846843963961, 14.648158806851656 ], [ -90.513857670294158, 14.648092126465516 ] ] } },
{ "type": "Feature", "properties": { "kind": "L2", "value": "12.904251160154363", "building_uid": "2749", "part": "shaft" }, "geometry": { "type": "LineString", "coordinates": [ [ -90.513829546802171, 14.648333059397935 ], [ -90.513848210964269, 14.64821791402262 ] ] } },
{ "type": "Feature", "properties": { "kind": "L2", "value": "11.749520454149922", "building_uid": "2750", "part": "shaft" }, "geometry": { "type": "LineString", "coordinates": [ [ -90.513658805874073, 14.648228478241565 ], [ -90.513766517359699, 14.648244856261135 ] ] } },
{ "type": "Feature", "properties": { "kind": "L2", "value": "11.394423664154054", "building_uid": "2751", "part": "shaft" }, "geometry": { "type": "LineString", "coordinates": [ [ -90.513811461550034, 14.648085273500053 ], [ -90.513830020149342, 14.647983940412709 ] ] } },
{ "type": "Feature", "properties": { "kind": "L2", "value": "11.993406593732129", "building_uid": "2752", "part": "shaft" }, "geometry": { "type": "LineString", "coordinates": [ [ -90.51385481936255, 14.64787798534911 ], [ -90.513838134005141, 14.647985102843412 ] ] } },
{ "type": "Feature", "properties": { "kind": "L2", "value": "10.579469393590445", "building_uid": "2753", "part": "shaft" }, "geometry": { "type": "LineString", "coordinates": [ [ -90.513889705751339, 14.647790972960156 ], [ -90.513875755541321, 14.647885572449358 ] ] } },
{ "type": "Feature", "properties": { "kind": "L2", "value": "8.636380904158694", "building_uid": "2755", "part": "shaft" }, "geometry": { "type": "LineString", "coordinates": [ [ -90.514007972885835, 14.647658232685108 ], [ -90.513928613162904, 14.64764742791559 ] ] } },
{ "type": "Feature", "properties": { "kind": "L2", "value": "8.25213967588627", "building_uid": "2757", "part": "shaft" }, "geometry": { "type": "LineString", "coordinates": [ [ -90.513925965840443, 14.647363371473654 ], [ -90.513914399316945, 14.647437061594454 ] ] } },
{ "type": "Feature", "properties": { "kind": "L2", "value": "8.955528652093248", "building_uid": "2758", "part": "shaft" }, "geometry": { "type": "LineString", "coordinates": [ [ -90.513870841430744, 14.647514009825738 ], [ -90.513858559100555, 14.647594020823618 ] ] } },
{ "type": "Feature", "properties": { "kind": "L2", "value": "9.74112351716258", "building_uid": "2759", "part": "shaft" }, "geometry": { "type": "LineString", "coordinates": [ [ -90.513865469944093, 14.647512872626722 ], [ -90.513878830012928, 14.647425842967067 ] ] } },
{ "type": "Feature", "properties": { "kind": "L2", "value": "4.94377414178147", "building_uid": "2761", "part": "shaft" }, "geometry": { "type": "LineString", "coordinates": [ [ -90.513966915814009, 14.647162175728681 ], [ -90.513960563109677, 14.647206404897451 ] ] } },
{ "type": "Feature", "properties": { "kind": "L2", "value": "8.913852902853847", "building_uid": "2762", "part": "shaft" }, "geometry": { "type": "LineString", "coordinates": [ [ -90.513949794476986, 14.647285758850078 ], [ -90.513961106293991, 14.647205992353229 ] ] } },
{ "type": "Feature", "properties": { "kind": "L2", "value": "9.181876173229526", "building_uid": "2763", "part": "shaft" }, "geometry": { "type": "LineString", "coordinates": [ [ -90.513928025386463, 14.647279488126708 ], [ -90.513916374192206, 14.647361653155041 ] ] } },
{ "type": "Feature", "properties": { "kind": "L2", "value": "9.100406774525153", "building_uid": "764", "part": "shaft" }, "geometry": { "type": "LineString", "coordinates": [ [ -90.514537971649858, 14.645292720182937 ], [ -90.514548639851412, 14.645211170503982 ] ] } },
{ "type": "Feature", "properties": { "kind": "L2", "value": "14.660902622187526", "building_uid": "2764", "part": "shaft" }, "geometry": { "type": "LineString", "coordinates": [ [ -90.513999386112332, 14.647172758282586 ], [ -90.514019051566876, 14.647041710444256 ] ] } },
{ "type": "Feature", "properties": { "kind": "L2", "value": "8.127409372523594", "building_uid": "2765", "part": "shaft" }, "geometry": { "type": "LineString", "coordinates": [ [ -90.513937862422097, 14.647085540665133 ], [ -90.51386324154538, 14.647074951914654 ] ] } },
{ "type": "Feature", "properties": { "kind": "L2", "value": "10.110085889467255", "building_uid": "2767", "part": "shaft" }, "geometry": { "type": "LineString", "coordinates": [ [ -90.513773704825297, 14.647095401335447 ], [ -90.513866528296674, 14.647108580724852 ] ] } },
{ "type": "Feature", "properties": { "kind": "L2", "value": "8.811882746089235", "building_uid": "2768", "part": "shaft" }, "geometry": { "type": "LineString", "coordinates": [ [ -90.513695547994558, 14.647074777989898 ], [ -90.513776276796563, 14.647087381213909 ] ] } },
{ "type": "Feature", "properties": { "kind": "L2", "value": "10.390413273111442", "building_uid": "2769", "part": "shaft" }, "geometry": { "type": "LineString", "coordinates": [ [ -90.513601751772882, 14.647060086956412 ], [ -90.513697060800723, 14.647074207950752 ] ] } },
{ "type": "Feature", "properties": { "kind": "L2", "value": "14.307710458028511", "building_uid": "2770", "part": "shaft" }, "geometry": { "type": "LineString", "coordinates": [ [ -90.513444060132983, 14.647052748900878 ], [ -90.513425201341107, 14.647180686580098 ] ] } },
{ "type": "Feature", "properties": { "kind": "L2", "value": "11.498894833844567", "building_uid": "2771", "part": "shaft" }, "geometry": { "type": "LineString", "coordinates": [ [ -90.51343670510505, 14.647053011722512 ], [ -90.513451862091998, 14.646950190169056 ] ] } },
{ "type": "Feature", "properties": { "kind": "L2", "value": "20.061083646032756", "building_uid": "2772", "part": "shaft" }, "geometry": { "type": "LineString", "coordinates": [ [ -90.513435205481272, 14.6477052673886 ], [ -90.513464372593134, 14.64752628459749 ] ] } },
{ "type": "Feature", "properties": { "kind": "L2", "value": "9.201622930665817", "building_uid": "2773", "part": "shaft" }, "geometry": { "type": "LineString", "coordinates": [ [ -90.51336621382471, 14.647428954942288 ], [ -90.513353391570774, 14.647511134884873 ] ] } },
{ "type": "Feature", "properties": { "kind": "L2", "value": "19.379298916167055", "building_uid": "2774", "part": "shaft" }, "geometry": { "type": "LineString", "coordinates": [ [ -90.513335897349748, 14.647449157059516 ], [ -90.513362902599667, 14.647276080113809 ] ] } },
{ "type": "Feature", "properties": { "kind": "L2", "value": "5.998981364102754", "building_uid": "2775", "part": "shaft" }, "geometry": { "type": "LineString", "coordinates": [ [ -90.513306137671009, 14.647213068873203 ], [ -90.513314750479395, 14.647159529864611 ] ] } },
{ "type": "Feature", "properties": { "kind": "L2", "value": "9.06645409050553", "building_uid": "2776", "part": "shaft" }, "geometry": { "type": "LineString", "coordinates": [ [ -90.513213022700128, 14.648176804727212 ], [ -90.51312979557558, 14.648164887140016 ] ] } },
{ "type": "Feature", "properties": { "kind": "L2", "value": "11.366582309967663", "building_uid": "2777", "part": "shaft" }, "geometry": { "type": "LineString", "coordinates": [ [ -90.513281017386362, 14.648022943967096 ], [ -90.5132649900698, 14.648124431205931 ] ] } },
{ "type": "Feature", "properties": { "kind": "L2", "value": "11.822307006223628", "building_uid": "2778", "part": "shaft" }, "geometry": { "type": "LineString", "coordinates": [ [ -90.513381574076718, 14.647806170128543 ], [ -90.51336602615892, 14.647911888521795 ] ] } },
{ "type": "Feature", "properties": { "kind": "L2", "value": "12.548378521800288", "building_uid": "2779", "part": "shaft" }, "geometry": { "type": "LineString", "coordinates": [ [ -90.513363159620965, 14.647685942627803 ], [ -90.513344914838044, 14.647797897801087 ] ] } },
{ "type": "Feature", "properties": { "kind": "L2", "value": "13.798244500074594", "building_uid": "2780", "part": "shaft" }, "geometry": { "type": "LineString", "coordinates": [ [ -90.513374994748546, 14.647914966709807 ], [ -90.51335570695241, 14.648038190280133 ] ] } },
{ "type": "Feature", "properties": { "kind": "L2", "value": "9.601873093400743", "building_uid": "2781", "part": "shaft" }, "geometry": { "type": "LineString", "coordinates": [ [ -90.513212173957243, 14.64817768506558 ], [ -90.51330031626766, 14.648190305112013 ] ] } },
{ "type": "Feature", "properties": { "kind": "L2", "value": "9.326774214880366", "building_uid": "2782", "part": "shaft" }, "geometry": { "type": "LineString", "coordinates": [ [ -90.513385540483995, 14.648202457627875 ], [ -90.513299908404676, 14.648190299432109 ] ] } },
{ "type": "Feature", "properties": { "kind": "L2", "value": "14.725522265824704", "building_uid": "2785", "part": "shaft" }, "geometry": { "type": "LineString", "coordinates": [ [ -90.51338881730851, 14.648164736280931 ], [ -90.513523947259173, 14.648184392200056 ] ] } },
{ "type": "Feature", "properties": { "kind": "L2", "value": "13.132226730836713", "building_uid": "2786", "part": "shaft" }, "geometry": { "type": "LineString", "coordinates": [ [ -90.512634077572358, 14.648047713769524 ], [ -90.512513425398126, 14.648031145879184 ] ] } },
{ "type": "Feature", "properties": { "kind": "L2", "value": "8.41740748638813", "building_uid": "2787", "part": "shaft" }, "geometry": { "type": "LineString", "coordinates": [ [ -90.512757682250196, 14.6470118115333 ], [ -90.512680151769331, 14.647002646260463 ] ] } },
{ "type": "Feature", "properties": { "kind": "L2", "value": "9.7449662263934", "building_uid": "2788", "part": "shaft" }, "geometry": { "type": "LineString", "coordinates": [ [ -90.512852997281769, 14.646971789484239 ], [ -90.512763437054332, 14.646959696128762 ] ] } },
{ "type": "Feature", "properties": { "kind": "L2", "value": "14.086794498488944", "building_uid": "2789", "part": "shaft" }, "geometry": { "type": "LineString", "coordinates": [ [ -90.512835868911793, 14.64696322769626 ], [ -90.512965332169415, 14.646980710323373 ] ] } },
{ "type": "Feature", "properties": { "kind": "L2", "value": "12.02118651466338", "building_uid": "2790", "part": "shaft" }, "geometry": { "type": "LineString", "coordinates": [ [ -90.513083337301154, 14.647124928996675 ], [ -90.513099009835244, 14.647017413184644 ] ] } },
{ "type": "Feature", "properties": { "kind": "L2", "value": "12.628105821157625", "building_uid": "2791", "part": "shaft" }, "geometry": { "type": "LineString", "coordinates": [ [ -90.512997664628472, 14.647109818624823 ], [ -90.512981186573143, 14.647222760659565 ] ] } },
{ "type": "Feature", "properties": { "kind": "L2", "value": "6.084621713994396", "building_uid": "2850", "part": "shaft" }, "geometry": { "type": "LineString", "coordinates": [ [ -90.512295059079506, 14.647112635984453 ], [ -90.512292388981066, 14.647167539777071 ] ] } },
{ "type": "Feature", "properties": { "kind": "L2", "value": "12.944410740910012", "building_uid": "2792", "part": "shaft" }, "geometry": { "type": "LineString", "coordinates": [ [ -90.513129043255333, 14.646887798179343 ], [ -90.513105302094701, 14.647002423987736 ] ] } },
{ "type": "Feature", "properties": { "kind": "L2", "value": "13.528207969411504", "building_uid": "2793", "part": "shaft" }, "geometry": { "type": "LineString", "coordinates": [ [ -90.512970956458105, 14.647216854483466 ], [ -90.512952660355396, 14.647337756107756 ] ] } },
{ "type": "Feature", "properties": { "kind": "L2", "value": "11.151596029364423", "building_uid": "2794", "part": "shaft" }, "geometry": { "type": "LineString", "coordinates": [ [ -90.51293880770595, 14.647434318983466 ], [ -90.512952479687371, 14.647334464540689 ] ] } },
{ "type": "Feature", "properties": { "kind": "L2", "value": "19.01431844169309", "building_uid": "2885", "part": "shaft" }, "geometry": { "type": "LineString", "coordinates": [ [ -90.51322449301864, 14.645608440960782 ], [ -90.513254209914948, 14.645439129671626 ] ] } },
{ "type": "Feature", "properties": { "kind": "L2", "value": "11.717766148947508", "building_uid": "2795", "part": "shaft" }, "geometry": { "type": "LineString", "coordinates": [ [ -90.512944010367448, 14.647427211880617 ], [ -90.512928720117216, 14.647532012093771 ] ] } },
{ "type": "Feature", "properties": { "kind": "L2", "value": "12.96194514524405", "building_uid": "2796", "part": "shaft" }, "geometry": { "type": "LineString", "coordinates": [ [ -90.512433866512367, 14.648128583727361 ], [ -90.512450663907742, 14.648012639952995 ] ] } },
{ "type": "Feature", "properties": { "kind": "L2", "value": "9.423575324908555", "building_uid": "2797", "part": "shaft" }, "geometry": { "type": "LineString", "coordinates": [ [ -90.512451092460111, 14.648014169225421 ], [ -90.512463390356686, 14.647929887778718 ] ] } },
{ "type": "Feature", "properties": { "kind": "L2", "value": "7.405976184896887", "building_uid": "2798", "part": "shaft" }, "geometry": { "type": "LineString", "coordinates": [ [ -90.512524310042096, 14.64787122209418 ], [ -90.51251424957492, 14.647937402926964 ] ] } },
{ "type": "Feature", "properties": { "kind": "L2", "value": "5.667224035198625", "building_uid": "2800", "part": "shaft" }, "geometry": { "type": "LineString", "coordinates": [ [ -90.512893836700897, 14.647902537522279 ], [ -90.512900211072719, 14.647851720314105 ] ] } },
{ "type": "Feature", "properties": { "kind": "L2", "value": "7.553732776112278", "building_uid": "2801", "part": "shaft" }, "geometry": { "type": "LineString", "coordinates": [ [ -90.512905615128247, 14.647901516484019 ], [ -90.512897118474868, 14.647969249708519 ] ] } },
{ "type": "Feature", "properties": { "kind": "L2", "value": "11.931903245030913", "building_uid": "2803", "part": "shaft" }, "geometry": { "type": "LineString", "coordinates": [ [ -90.512921329972087, 14.648195363853718 ], [ -90.512936403722023, 14.648088580990443 ] ] } },
{ "type": "Feature", "properties": { "kind": "L2", "value": "12.56580060509499", "building_uid": "2804", "part": "shaft" }, "geometry": { "type": "LineString", "coordinates": [ [ -90.512953824438185, 14.647977304163051 ], [ -90.51293813940282, 14.648089785207411 ] ] } },
{ "type": "Feature", "properties": { "kind": "L2", "value": "12.76862132359937", "building_uid": "2805", "part": "shaft" }, "geometry": { "type": "LineString", "coordinates": [ [ -90.512546208471761, 14.647806675032127 ], [ -90.512562205030335, 14.647692386226559 ] ] } },
{ "type": "Feature", "properties": { "kind": "L2", "value": "8.161584577616663", "building_uid": "2806", "part": "shaft" }, "geometry": { "type": "LineString", "coordinates": [ [ -90.512520637022732, 14.647873874157959 ], [ -90.512531724347284, 14.647800941163755 ] ] } },
{ "type": "Feature", "properties": { "kind": "L2", "value": "9.803320369075808", "building_uid": "2807", "part": "shaft" }, "geometry": { "type": "LineString", "coordinates": [ [ -90.512560136572645, 14.647689730653349 ], [ -90.512573616645298, 14.647602150450384 ] ] } },
{ "type": "Feature", "properties": { "kind": "L2", "value": "16.5414048860813", "building_uid": "2808", "part": "shaft" }, "geometry": { "type": "LineString", "coordinates": [ [ -90.512537865172263, 14.6469182502519 ], [ -90.512690173383817, 14.646936659083394 ] ] } },
{ "type": "Feature", "properties": { "kind": "L2", "value": "7.227099380474", "building_uid": "2809", "part": "shaft" }, "geometry": { "type": "LineString", "coordinates": [ [ -90.512577709654181, 14.64709862404443 ], [ -90.512585970713715, 14.647033835511204 ] ] } },
{ "type": "Feature", "properties": { "kind": "L2", "value": "8.305176375096886", "building_uid": "2810", "part": "shaft" }, "geometry": { "type": "LineString", "coordinates": [ [ -90.512591484057637, 14.647098838687807 ], [ -90.512582114661669, 14.647173306706947 ] ] } },
{ "type": "Feature", "properties": { "kind": "L2", "value": "4.551874517747079", "building_uid": "2811", "part": "shaft" }, "geometry": { "type": "LineString", "coordinates": [ [ -90.512580502150868, 14.647211218276036 ], [ -90.512586034589816, 14.647170453327103 ] ] } },
{ "type": "Feature", "properties": { "kind": "L2", "value": "8.105938826070469", "building_uid": "2812", "part": "shaft" }, "geometry": { "type": "LineString", "coordinates": [ [ -90.512628687248906, 14.647372447771408 ], [ -90.512643329542584, 14.647300624027757 ] ] } },
{ "type": "Feature", "properties": { "kind": "L2", "value": "9.249595330357682", "building_uid": "2813", "part": "shaft" }, "geometry": { "type": "LineString", "coordinates": [ [ -90.512648415995244, 14.647211116629316 ], [ -90.512637173238716, 14.647293952598659 ] ] } },
{ "type": "Feature", "properties": { "kind": "L2", "value": "9.138293531341338", "building_uid": "2814", "part": "shaft" }, "geometry": { "type": "LineString", "coordinates": [ [ -90.512532403961714, 14.647601298555408 ], [ -90.512545118176291, 14.647519681333383 ] ] } },
{ "type": "Feature", "properties": { "kind": "L2", "value": "6.434023663191885", "building_uid": "2815", "part": "shaft" }, "geometry": { "type": "LineString", "coordinates": [ [ -90.512499609286252, 14.647512914622681 ], [ -90.512510624979811, 14.647455791077416 ] ] } },
{ "type": "Feature", "properties": { "kind": "L2", "value": "11.772568320645751", "building_uid": "2816", "part": "shaft" }, "geometry": { "type": "LineString", "coordinates": [ [ -90.512604904731475, 14.64746599825135 ], [ -90.512625506812654, 14.647361559714117 ] ] } },
{ "type": "Feature", "properties": { "kind": "L2", "value": "23.920329074516513", "building_uid": "2818", "part": "shaft" }, "geometry": { "type": "LineString", "coordinates": [ [ -90.512879770869901, 14.647738328556176 ], [ -90.512914056365389, 14.647524838541496 ] ] } },
{ "type": "Feature", "properties": { "kind": "L2", "value": "6.455284256555364", "building_uid": "2819", "part": "shaft" }, "geometry": { "type": "LineString", "coordinates": [ [ -90.513013884359125, 14.647757308692471 ], [ -90.513004632299385, 14.64781492246591 ] ] } },
{ "type": "Feature", "properties": { "kind": "L2", "value": "9.145908431624004", "building_uid": "2820", "part": "shaft" }, "geometry": { "type": "LineString", "coordinates": [ [ -90.511991550505627, 14.647953934267377 ], [ -90.511907562754956, 14.647942122105711 ] ] } },
{ "type": "Feature", "properties": { "kind": "L2", "value": "13.946726135904262", "building_uid": "2821", "part": "shaft" }, "geometry": { "type": "LineString", "coordinates": [ [ -90.511794273784815, 14.647916516078668 ], [ -90.511774076153017, 14.648040959381779 ] ] } },
{ "type": "Feature", "properties": { "kind": "L2", "value": "10.942069504362891", "building_uid": "2851", "part": "shaft" }, "geometry": { "type": "LineString", "coordinates": [ [ -90.512337070464042, 14.647167807772197 ], [ -90.512330466845242, 14.647266443412313 ] ] } },
{ "type": "Feature", "properties": { "kind": "L2", "value": "12.300055168015758", "building_uid": "2822", "part": "shaft" }, "geometry": { "type": "LineString", "coordinates": [ [ -90.511790579843293, 14.647925773246721 ], [ -90.51180670962745, 14.647815776357222 ] ] } },
{ "type": "Feature", "properties": { "kind": "L2", "value": "13.252026045384786", "building_uid": "2824", "part": "shaft" }, "geometry": { "type": "LineString", "coordinates": [ [ -90.51213254970709, 14.647969845580112 ], [ -90.512113007073381, 14.648088035752721 ] ] } },
{ "type": "Feature", "properties": { "kind": "L2", "value": "11.452626043536734", "building_uid": "2825", "part": "shaft" }, "geometry": { "type": "LineString", "coordinates": [ [ -90.512182477540819, 14.648037897940515 ], [ -90.512287389180372, 14.648054340502606 ] ] } },
{ "type": "Feature", "properties": { "kind": "L2", "value": "8.134194499287405", "building_uid": "2826", "part": "shaft" }, "geometry": { "type": "LineString", "coordinates": [ [ -90.512234374083761, 14.6475698979269 ], [ -90.512222443216018, 14.647642454048492 ] ] } },
{ "type": "Feature", "properties": { "kind": "L2", "value": "10.883696523120227", "building_uid": "2827", "part": "shaft" }, "geometry": { "type": "LineString", "coordinates": [ [ -90.512191880952898, 14.647741970774758 ], [ -90.512173901513094, 14.647838717546714 ] ] } },
{ "type": "Feature", "properties": { "kind": "L2", "value": "10.27534468406185", "building_uid": "2889", "part": "shaft" }, "geometry": { "type": "LineString", "coordinates": [ [ -90.51327623417896, 14.645710027649075 ], [ -90.513290314610359, 14.645618223372715 ] ] } },
{ "type": "Feature", "properties": { "kind": "L2", "value": "7.002178887475333", "building_uid": "2829", "part": "shaft" }, "geometry": { "type": "LineString", "coordinates": [ [ -90.511866526458419, 14.647818191254016 ], [ -90.511875595080667, 14.64775555647976 ] ] } },
{ "type": "Feature", "properties": { "kind": "L2", "value": "6.573801412655288", "building_uid": "2830", "part": "shaft" }, "geometry": { "type": "LineString", "coordinates": [ [ -90.511872214381796, 14.647756590919169 ], [ -90.511879902196398, 14.64769768023289 ] ] } },
{ "type": "Feature", "properties": { "kind": "L2", "value": "13.73023673074503", "building_uid": "2832", "part": "shaft" }, "geometry": { "type": "LineString", "coordinates": [ [ -90.512202200395151, 14.64786355040812 ], [ -90.512184117663125, 14.647986326364176 ] ] } },
{ "type": "Feature", "properties": { "kind": "L2", "value": "11.753783204244883", "building_uid": "2833", "part": "shaft" }, "geometry": { "type": "LineString", "coordinates": [ [ -90.512222865114111, 14.647644336256178 ], [ -90.512205404111739, 14.64774914402348 ] ] } },
{ "type": "Feature", "properties": { "kind": "L2", "value": "6.521379341517917", "building_uid": "2834", "part": "shaft" }, "geometry": { "type": "LineString", "coordinates": [ [ -90.512247142658595, 14.647515478880058 ], [ -90.512239184000762, 14.647573877808139 ] ] } },
{ "type": "Feature", "properties": { "kind": "L2", "value": "12.150608385386613", "building_uid": "2835", "part": "shaft" }, "geometry": { "type": "LineString", "coordinates": [ [ -90.512066703296327, 14.646864668676626 ], [ -90.512178063631055, 14.646881774666614 ] ] } },
{ "type": "Feature", "properties": { "kind": "L2", "value": "9.730539901385495", "building_uid": "2836", "part": "shaft" }, "geometry": { "type": "LineString", "coordinates": [ [ -90.51239490587237, 14.646774479776598 ], [ -90.512380835667315, 14.646861306405663 ] ] } },
{ "type": "Feature", "properties": { "kind": "L2", "value": "10.639022274911005", "building_uid": "2837", "part": "shaft" }, "geometry": { "type": "LineString", "coordinates": [ [ -90.512382292289217, 14.64687033752935 ], [ -90.512369619419957, 14.646965649622242 ] ] } },
{ "type": "Feature", "properties": { "kind": "L2", "value": "15.171716924793456", "building_uid": "2838", "part": "shaft" }, "geometry": { "type": "LineString", "coordinates": [ [ -90.512323784551199, 14.646885658365086 ], [ -90.512184791222921, 14.646863959556859 ] ] } },
{ "type": "Feature", "properties": { "kind": "L2", "value": "12.47319608309187", "building_uid": "2839", "part": "shaft" }, "geometry": { "type": "LineString", "coordinates": [ [ -90.512367260842552, 14.646960957917793 ], [ -90.512352716539695, 14.647072740944488 ] ] } },
{ "type": "Feature", "properties": { "kind": "L2", "value": "9.582906600955651", "building_uid": "2840", "part": "shaft" }, "geometry": { "type": "LineString", "coordinates": [ [ -90.512075288254152, 14.646835606438163 ], [ -90.511987185653297, 14.646823940121926 ] ] } },
{ "type": "Feature", "properties": { "kind": "L2", "value": "15.346074121534816", "building_uid": "2841", "part": "shaft" }, "geometry": { "type": "LineString", "coordinates": [ [ -90.511896248404383, 14.646835289317133 ], [ -90.51191637309023, 14.646698052558175 ] ] } },
{ "type": "Feature", "properties": { "kind": "L2", "value": "8.686921379674327", "building_uid": "2842", "part": "shaft" }, "geometry": { "type": "LineString", "coordinates": [ [ -90.511889571821257, 14.646839992576242 ], [ -90.511879643308291, 14.646917868034652 ] ] } },
{ "type": "Feature", "properties": { "kind": "L2", "value": "10.645122875527196", "building_uid": "2843", "part": "shaft" }, "geometry": { "type": "LineString", "coordinates": [ [ -90.511947339380185, 14.64692291207945 ], [ -90.51193278398857, 14.647018024631324 ] ] } },
{ "type": "Feature", "properties": { "kind": "L2", "value": "5.383393758445839", "building_uid": "2844", "part": "shaft" }, "geometry": { "type": "LineString", "coordinates": [ [ -90.511979713314474, 14.647019351204783 ], [ -90.511971597818956, 14.647067335793887 ] ] } },
{ "type": "Feature", "properties": { "kind": "L2", "value": "7.770391865084703", "building_uid": "2845", "part": "shaft" }, "geometry": { "type": "LineString", "coordinates": [ [ -90.511887950144214, 14.647194647094597 ], [ -90.511874867475697, 14.647263675411889 ] ] } },
{ "type": "Feature", "properties": { "kind": "L2", "value": "16.06754408180507", "building_uid": "2846", "part": "shaft" }, "geometry": { "type": "LineString", "coordinates": [ [ -90.5119014424276, 14.647053152620011 ], [ -90.51187619608308, 14.647196201991305 ] ] } },
{ "type": "Feature", "properties": { "kind": "L2", "value": "11.67508446721097", "building_uid": "2847", "part": "shaft" }, "geometry": { "type": "LineString", "coordinates": [ [ -90.511886102636154, 14.647379951771338 ], [ -90.511906034653151, 14.647276285891113 ] ] } },
{ "type": "Feature", "properties": { "kind": "L2", "value": "18.679386415035623", "building_uid": "2848", "part": "shaft" }, "geometry": { "type": "LineString", "coordinates": [ [ -90.511929922608843, 14.647620035467249 ], [ -90.511965305909811, 14.647454849616036 ] ] } },
{ "type": "Feature", "properties": { "kind": "L2", "value": "7.262271971708126", "building_uid": "2849", "part": "shaft" }, "geometry": { "type": "LineString", "coordinates": [ [ -90.51187037822524, 14.647433284342334 ], [ -90.511859078045191, 14.647497958798875 ] ] } },
{ "type": "Feature", "properties": { "kind": "L2", "value": "10.2284639654075", "building_uid": "2853", "part": "shaft" }, "geometry": { "type": "LineString", "coordinates": [ [ -90.512265322509649, 14.647524173426826 ], [ -90.512275146180414, 14.647432271162295 ] ] } },
{ "type": "Feature", "properties": { "kind": "L2", "value": "9.0634463975307", "building_uid": "2854", "part": "shaft" }, "geometry": { "type": "LineString", "coordinates": [ [ -90.512213576454727, 14.647346440654188 ], [ -90.512207923333037, 14.647428129894724 ] ] } },
{ "type": "Feature", "properties": { "kind": "L2", "value": "7.613780343210652", "building_uid": "2855", "part": "shaft" }, "geometry": { "type": "LineString", "coordinates": [ [ -90.511895522192148, 14.64736849961113 ], [ -90.511882524052737, 14.647436104252829 ] ] } },
{ "type": "Feature", "properties": { "kind": "L2", "value": "7.529619168984837", "building_uid": "2856", "part": "shaft" }, "geometry": { "type": "LineString", "coordinates": [ [ -90.511794690086802, 14.647688078101677 ], [ -90.511804564097332, 14.64762074224747 ] ] } },
{ "type": "Feature", "properties": { "kind": "L2", "value": "14.630930239515322", "building_uid": "750", "part": "shaft" }, "geometry": { "type": "LineString", "coordinates": [ [ -90.514883256523447, 14.643285253442244 ], [ -90.5149016874757, 14.643154308823274 ] ] } },
{ "type": "Feature", "properties": { "kind": "L2", "value": "6.424023452224872", "building_uid": "2858", "part": "shaft" }, "geometry": { "type": "LineString", "coordinates": [ [ -90.512042877806905, 14.646030477076231 ], [ -90.512050605352201, 14.645972935576683 ] ] } },
{ "type": "Feature", "properties": { "kind": "L2", "value": "15.528675116793512", "building_uid": "2859", "part": "shaft" }, "geometry": { "type": "LineString", "coordinates": [ [ -90.512610515839086, 14.646704484029334 ], [ -90.512633230886379, 14.646565960312691 ] ] } },
{ "type": "Feature", "properties": { "kind": "L2", "value": "33.09048937176671", "building_uid": "2860", "part": "shaft" }, "geometry": { "type": "LineString", "coordinates": [ [ -90.512342304946671, 14.646435110205305 ], [ -90.512645770087133, 14.646480499945072 ] ] } },
{ "type": "Feature", "properties": { "kind": "L2", "value": "10.319724594948447", "building_uid": "2863", "part": "shaft" }, "geometry": { "type": "LineString", "coordinates": [ [ -90.514698981841335, 14.646008636316768 ], [ -90.514715007930505, 14.645916728192226 ] ] } },
{ "type": "Feature", "properties": { "kind": "L2", "value": "8.389867973252864", "building_uid": "2864", "part": "shaft" }, "geometry": { "type": "LineString", "coordinates": [ [ -90.51459866270217, 14.645994678691777 ], [ -90.514610885368299, 14.645919828940041 ] ] } },
{ "type": "Feature", "properties": { "kind": "L2", "value": "14.373265849348268", "building_uid": "2865", "part": "shaft" }, "geometry": { "type": "LineString", "coordinates": [ [ -90.514373880363109, 14.645859638400676 ], [ -90.514505706505489, 14.645879274954794 ] ] } },
{ "type": "Feature", "properties": { "kind": "L2", "value": "8.338821582815008", "building_uid": "2867", "part": "shaft" }, "geometry": { "type": "LineString", "coordinates": [ [ -90.515155450039188, 14.645740197844406 ], [ -90.515078872905463, 14.645729438380387 ] ] } },
{ "type": "Feature", "properties": { "kind": "L2", "value": "17.358417566260144", "building_uid": "2869", "part": "shaft" }, "geometry": { "type": "LineString", "coordinates": [ [ -90.514961578899715, 14.645593176103953 ], [ -90.514940759841735, 14.645748667721577 ] ] } },
{ "type": "Feature", "properties": { "kind": "L2", "value": "8.937864563821954", "building_uid": "2871", "part": "shaft" }, "geometry": { "type": "LineString", "coordinates": [ [ -90.515156923096214, 14.645439523867063 ], [ -90.515168278241831, 14.645359544159977 ] ] } },
{ "type": "Feature", "properties": { "kind": "L2", "value": "7.325766756610194", "building_uid": "2872", "part": "shaft" }, "geometry": { "type": "LineString", "coordinates": [ [ -90.513769520227754, 14.644757424669084 ], [ -90.513837079124755, 14.644764697387545 ] ] } },
{ "type": "Feature", "properties": { "kind": "L2", "value": "9.85064394270487", "building_uid": "2874", "part": "shaft" }, "geometry": { "type": "LineString", "coordinates": [ [ -90.513984836923669, 14.644877203788541 ], [ -90.513894793533197, 14.644861944524747 ] ] } },
{ "type": "Feature", "properties": { "kind": "L2", "value": "7.912844578762358", "building_uid": "2875", "part": "shaft" }, "geometry": { "type": "LineString", "coordinates": [ [ -90.513883076572853, 14.644726490022993 ], [ -90.5138722719105, 14.644797192326781 ] ] } },
{ "type": "Feature", "properties": { "kind": "L2", "value": "14.30445832412796", "building_uid": "2876", "part": "shaft" }, "geometry": { "type": "LineString", "coordinates": [ [ -90.514406906496319, 14.644865948097101 ], [ -90.514275260290972, 14.644849536035911 ] ] } },
{ "type": "Feature", "properties": { "kind": "L2", "value": "11.45981101177743", "building_uid": "2877", "part": "shaft" }, "geometry": { "type": "LineString", "coordinates": [ [ -90.514221786823413, 14.645156773021753 ], [ -90.514237958781294, 14.645054455296787 ] ] } },
{ "type": "Feature", "properties": { "kind": "L2", "value": "8.092664994137454", "building_uid": "2878", "part": "shaft" }, "geometry": { "type": "LineString", "coordinates": [ [ -90.514133443461432, 14.64488423133942 ], [ -90.514207080601309, 14.644898524081457 ] ] } },
{ "type": "Feature", "properties": { "kind": "L2", "value": "13.461922031523109", "building_uid": "2879", "part": "shaft" }, "geometry": { "type": "LineString", "coordinates": [ [ -90.514306603554047, 14.64494318115198 ], [ -90.514290739554824, 14.645063804488915 ] ] } },
{ "type": "Feature", "properties": { "kind": "L2", "value": "12.98236548213718", "building_uid": "2883", "part": "shaft" }, "geometry": { "type": "LineString", "coordinates": [ [ -90.513885429476289, 14.645733805407298 ], [ -90.513766404738604, 14.645715788410778 ] ] } },
{ "type": "Feature", "properties": { "kind": "L2", "value": "9.646707502469871", "building_uid": "2884", "part": "shaft" }, "geometry": { "type": "LineString", "coordinates": [ [ -90.512901158490294, 14.645661524795912 ], [ -90.51281248099032, 14.645649700558581 ] ] } },
{ "type": "Feature", "properties": { "kind": "L2", "value": "7.708143191496808", "building_uid": "2886", "part": "shaft" }, "geometry": { "type": "LineString", "coordinates": [ [ -90.513277904716318, 14.645709449933841 ], [ -90.513267343489176, 14.645778317939898 ] ] } },
{ "type": "Feature", "properties": { "kind": "L2", "value": "9.997588005284006", "building_uid": "2887", "part": "shaft" }, "geometry": { "type": "LineString", "coordinates": [ [ -90.513205933222793, 14.645685353585121 ], [ -90.513113988652137, 14.645673398480959 ] ] } },
{ "type": "Feature", "properties": { "kind": "L2", "value": "12.263271223142386", "building_uid": "2888", "part": "shaft" }, "geometry": { "type": "LineString", "coordinates": [ [ -90.513001404755144, 14.645656769761002 ], [ -90.513114174634723, 14.645671517238753 ] ] } },
{ "type": "Feature", "properties": { "kind": "L2", "value": "11.05899244507138", "building_uid": "2890", "part": "shaft" }, "geometry": { "type": "LineString", "coordinates": [ [ -90.51290545734409, 14.645653683741896 ], [ -90.51300711724987, 14.64566723943852 ] ] } },
{ "type": "Feature", "properties": { "kind": "L2", "value": "12.027331133717642", "building_uid": "2892", "part": "shaft" }, "geometry": { "type": "LineString", "coordinates": [ [ -90.512614141012008, 14.644973018086885 ], [ -90.512598399247523, 14.645080580338435 ] ] } },
{ "type": "Feature", "properties": { "kind": "L2", "value": "12.008872365308738", "building_uid": "2893", "part": "shaft" }, "geometry": { "type": "LineString", "coordinates": [ [ -90.512545076345432, 14.645178556041465 ], [ -90.512563326448486, 14.645071539181741 ] ] } },
{ "type": "Feature", "properties": { "kind": "L2", "value": "10.363038655097313", "building_uid": "2894", "part": "shaft" }, "geometry": { "type": "LineString", "coordinates": [ [ -90.512410582537157, 14.64556562780106 ], [ -90.512315359586594, 14.645552648810023 ] ] } },
{ "type": "Feature", "properties": { "kind": "L2", "value": "9.729621320680856", "building_uid": "2895", "part": "shaft" }, "geometry": { "type": "LineString", "coordinates": [ [ -90.512616654028562, 14.645212161082378 ], [ -90.512602261892326, 14.645298929283115 ] ] } },
{ "type": "Feature", "properties": { "kind": "L2", "value": "12.125818524652011", "building_uid": "2896", "part": "shaft" }, "geometry": { "type": "LineString", "coordinates": [ [ -90.512610634788899, 14.645411048733017 ], [ -90.512628137094737, 14.645302843944489 ] ] } },
{ "type": "Feature", "properties": { "kind": "L2", "value": "7.0369153936590445", "building_uid": "755", "part": "shaft" }, "geometry": { "type": "LineString", "coordinates": [ [ -90.514623020151717, 14.643993775860332 ], [ -90.51468781227787, 14.644001614091811 ] ] } },
{ "type": "Feature", "properties": { "kind": "L2", "value": "10.161029796483088", "building_uid": "2898", "part": "shaft" }, "geometry": { "type": "LineString", "coordinates": [ [ -90.512131330219731, 14.645200199409762 ], [ -90.512120311016815, 14.645291359729638 ] ] } },
{ "type": "Feature", "properties": { "kind": "L2", "value": "14.350489875750402", "building_uid": "3049", "part": "shaft" }, "geometry": { "type": "LineString", "coordinates": [ [ -90.51412417252341, 14.64547184683715 ], [ -90.514107617289284, 14.645600475915661 ] ] } },
{ "type": "Feature", "properties": { "kind": "L2", "value": "15.22902807291536", "building_uid": "3239", "part": "shaft" }, "geometry": { "type": "LineString", "coordinates": [ [ -90.515186745975043, 14.643556690469282 ], [ -90.515208573341084, 14.643420770389605 ] ] } },
{ "type": "Feature", "properties": { "kind": "L2", "value": "13.345402537480009", "building_uid": "3240", "part": "shaft" }, "geometry": { "type": "LineString", "coordinates": [ [ -90.514162235462592, 14.643278395955601 ], [ -90.514039858246605, 14.64326003506625 ] ] } },
{ "type": "Feature", "properties": { "kind": "L2", "value": "9.735754089822944", "building_uid": "3241", "part": "shaft" }, "geometry": { "type": "LineString", "coordinates": [ [ -90.513825277491406, 14.643170819939455 ], [ -90.513914598799616, 14.64318392979394 ] ] } },
{ "type": "Feature", "properties": { "kind": "L2", "value": "8.61000429048804", "building_uid": "12787", "part": "shaft" }, "geometry": { "type": "LineString", "coordinates": [ [ -90.514369412417793, 14.644692101812909 ], [ -90.514381714249311, 14.644615251124193 ] ] } },
{ "type": "Feature", "properties": { "kind": "L2", "value": "8.514586831428314", "building_uid": "12789", "part": "shaft" }, "geometry": { "type": "LineString", "coordinates": [ [ -90.514355082532916, 14.644456714283587 ], [ -90.514343301841251, 14.644532770744158 ] ] } },
{ "type": "Feature", "properties": { "kind": "L2", "value": "4.033805393270154", "building_uid": "12843", "part": "shaft" }, "geometry": { "type": "LineString", "coordinates": [ [ -90.512297497323004, 14.644105421570169 ], [ -90.512302417759059, 14.644069298546595 ] ] } },
{ "type": "Feature", "properties": { "kind": "L2", "value": "8.298922060185633", "building_uid": "12849", "part": "shaft" }, "geometry": { "type": "LineString", "coordinates": [ [ -90.51257204812417, 14.644340081194928 ], [ -90.51249607523026, 14.644327879555016 ] ] } },
{ "type": "Feature", "properties": { "kind": "L2", "value": "11.971593694302976", "building_uid": "12850", "part": "shaft" }, "geometry": { "type": "LineString", "coordinates": [ [ -90.51223661457648, 14.645527075476499 ], [ -90.512126844585055, 14.645510539272323 ] ] } },
{ "type": "Feature", "properties": { "kind": "L2", "value": "8.724348079672016", "building_uid": "12851", "part": "shaft" }, "geometry": { "type": "LineString", "coordinates": [ [ -90.512069945262652, 14.645512979474288 ], [ -90.512080680833762, 14.645434864450031 ] ] } },
{ "type": "Feature", "properties": { "kind": "L2", "value": "7.092039563909219", "building_uid": "12852", "part": "shaft" }, "geometry": { "type": "LineString", "coordinates": [ [ -90.512665491159368, 14.645455573709821 ], [ -90.512600265677989, 14.645447110490467 ] ] } },
{ "type": "Feature", "properties": { "kind": "L2", "value": "6.961818169632372", "building_uid": "756", "part": "shaft" }, "geometry": { "type": "LineString", "coordinates": [ [ -90.51474908695657, 14.643755327584689 ], [ -90.514738802570236, 14.64381741490595 ] ] } },
{ "type": "Feature", "properties": { "kind": "L2", "value": "9.814860843897607", "building_uid": "12916", "part": "shaft" }, "geometry": { "type": "LineString", "coordinates": [ [ -90.514980795390372, 14.64560199246905 ], [ -90.514992563882331, 14.645514073426599 ] ] } },
{ "type": "Feature", "properties": { "kind": "L2", "value": "8.610552590471583", "building_uid": "12918", "part": "shaft" }, "geometry": { "type": "LineString", "coordinates": [ [ -90.513373163875244, 14.644997008874018 ], [ -90.513452324656981, 14.645007503509291 ] ] } },
{ "type": "Feature", "properties": { "kind": "L2", "value": "16.81791682138739", "building_uid": "12952", "part": "shaft" }, "geometry": { "type": "LineString", "coordinates": [ [ -90.514826705360079, 14.64625475007589 ], [ -90.514981297442532, 14.646275417667789 ] ] } },
{ "type": "Feature", "properties": { "kind": "L2", "value": "20.292603172788738", "building_uid": "12953", "part": "shaft" }, "geometry": { "type": "LineString", "coordinates": [ [ -90.514430542296068, 14.64626381728344 ], [ -90.514455029318427, 14.64608206110333 ] ] } },
{ "type": "Feature", "properties": { "kind": "L2", "value": "5.774567022951831", "building_uid": "12995", "part": "shaft" }, "geometry": { "type": "LineString", "coordinates": [ [ -90.512859786224737, 14.645165728258904 ], [ -90.512806712480355, 14.645158587031235 ] ] } },
{ "type": "Feature", "properties": { "kind": "L2", "value": "3.3723771334671477", "building_uid": "12998", "part": "shaft" }, "geometry": { "type": "LineString", "coordinates": [ [ -90.512781860564758, 14.645559776410195 ], [ -90.512750855067367, 14.645555677685882 ] ] } },
{ "type": "Feature", "properties": { "kind": "L2", "value": "22.375576887602403", "building_uid": "48", "part": "shaft" }, "geometry": { "type": "LineString", "coordinates": [ [ -90.513875758369849, 14.64423710221943 ], [ -90.513902526346598, 14.644036659832919 ] ] } },
{ "type": "Feature", "properties": { "kind": "L2", "value": "9.939280993841562", "building_uid": "180", "part": "shaft" }, "geometry": { "type": "LineString", "coordinates": [ [ -90.514675875962183, 14.644650132164475 ], [ -90.514662567099705, 14.644738978689617 ] ] } },
{ "type": "Feature", "properties": { "kind": "L2", "value": "9.846855188049014", "building_uid": "181", "part": "shaft" }, "geometry": { "type": "LineString", "coordinates": [ [ -90.514682018108985, 14.644559630530237 ], [ -90.514670196828803, 14.644647834318574 ] ] } },
{ "type": "Feature", "properties": { "kind": "L2", "value": "8.459444009421508", "building_uid": "189", "part": "shaft" }, "geometry": { "type": "LineString", "coordinates": [ [ -90.513027607549205, 14.643625815946226 ], [ -90.51310541117013, 14.643635890903804 ] ] } },
{ "type": "Feature", "properties": { "kind": "L2", "value": "24.525502103377587", "building_uid": "190", "part": "shaft" }, "geometry": { "type": "LineString", "coordinates": [ [ -90.51293976518221, 14.644203181823418 ], [ -90.513165146802223, 14.644233722784881 ] ] } },
{ "type": "Feature", "properties": { "kind": "L2", "value": "10.476120862421226", "building_uid": "197", "part": "shaft" }, "geometry": { "type": "LineString", "coordinates": [ [ -90.512797111463627, 14.643464215244032 ], [ -90.512784794781595, 14.643558088278098 ] ] } },
{ "type": "Feature", "properties": { "kind": "L2", "value": "11.459630333711774", "building_uid": "309", "part": "shaft" }, "geometry": { "type": "LineString", "coordinates": [ [ -90.513096785344189, 14.643882044039108 ], [ -90.512991429663401, 14.64386809537968 ] ] } },
{ "type": "Feature", "properties": { "kind": "L2", "value": "10.123246849519925", "building_uid": "765", "part": "shaft" }, "geometry": { "type": "LineString", "coordinates": [ [ -90.514559528626847, 14.645400360215909 ], [ -90.514572383259335, 14.645309772384644 ] ] } },
{ "type": "Feature", "properties": { "kind": "L2", "value": "13.92801837008723", "building_uid": "770", "part": "shaft" }, "geometry": { "type": "LineString", "coordinates": [ [ -90.514026687832455, 14.645664006735178 ], [ -90.513899002496274, 14.64564461924062 ] ] } },
{ "type": "Feature", "properties": { "kind": "L2", "value": "14.288631489897755", "building_uid": "913", "part": "shaft" }, "geometry": { "type": "LineString", "coordinates": [ [ -90.514432588181663, 14.646490542627706 ], [ -90.51445083821406, 14.646362695199572 ] ] } },
{ "type": "Feature", "properties": { "kind": "L2", "value": "13.268126091308915", "building_uid": "920", "part": "shaft" }, "geometry": { "type": "LineString", "coordinates": [ [ -90.513752630750901, 14.646066323000037 ], [ -90.513733892653676, 14.646184783900592 ] ] } },
{ "type": "Feature", "properties": { "kind": "L2", "value": "7.075545557132896", "building_uid": "1296", "part": "shaft" }, "geometry": { "type": "LineString", "coordinates": [ [ -90.513836041254194, 14.644494341141042 ], [ -90.513770891617312, 14.644486473366014 ] ] } },
{ "type": "Feature", "properties": { "kind": "L2", "value": "7.941424432256354", "building_uid": "1298", "part": "shaft" }, "geometry": { "type": "LineString", "coordinates": [ [ -90.513755198598602, 14.644330088501604 ], [ -90.513682037416771, 14.644321568260196 ] ] } },
{ "type": "Feature", "properties": { "kind": "L2", "value": "23.848123384878946", "building_uid": "1301", "part": "shaft" }, "geometry": { "type": "LineString", "coordinates": [ [ -90.514942934715691, 14.644445360031371 ], [ -90.515162077023376, 14.644475162041065 ] ] } },
{ "type": "Feature", "properties": { "kind": "L2", "value": "4.498770405660376", "building_uid": "1306", "part": "shaft" }, "geometry": { "type": "LineString", "coordinates": [ [ -90.514762914485416, 14.643912009159113 ], [ -90.514768147424107, 14.643871690161124 ] ] } },
{ "type": "Feature", "properties": { "kind": "L2", "value": "15.31388535913285", "building_uid": "1407", "part": "shaft" }, "geometry": { "type": "LineString", "coordinates": [ [ -90.512252649569049, 14.646128560066794 ], [ -90.512393028562656, 14.646149947964018 ] ] } },
{ "type": "Feature", "properties": { "kind": "L2", "value": "15.937027026632096", "building_uid": "1427", "part": "shaft" }, "geometry": { "type": "LineString", "coordinates": [ [ -90.513228470907634, 14.644940938020248 ], [ -90.513204412102979, 14.645082986566329 ] ] } },
{ "type": "Feature", "properties": { "kind": "L2", "value": "11.48178208039956", "building_uid": "1547", "part": "shaft" }, "geometry": { "type": "LineString", "coordinates": [ [ -90.514480651986062, 14.645510211114685 ], [ -90.514465944285732, 14.645612938493796 ] ] } },
{ "type": "Feature", "properties": { "kind": "L2", "value": "8.905088161348525", "building_uid": "1548", "part": "shaft" }, "geometry": { "type": "LineString", "coordinates": [ [ -90.51453460843392, 14.645699929202738 ], [ -90.514546791751755, 14.645620364481676 ] ] } },
{ "type": "Feature", "properties": { "kind": "L2", "value": "14.742708203647183", "building_uid": "1550", "part": "shaft" }, "geometry": { "type": "LineString", "coordinates": [ [ -90.514042799630488, 14.645665431121904 ], [ -90.514178996067699, 14.645677800850553 ] ] } },
{ "type": "Feature", "properties": { "kind": "L2", "value": "10.391424110682905", "building_uid": "1555", "part": "shaft" }, "geometry": { "type": "LineString", "coordinates": [ [ -90.512940169825242, 14.64523068577639 ], [ -90.512953921468764, 14.64513777473468 ] ] } },
{ "type": "Feature", "properties": { "kind": "L2", "value": "11.250706709921849", "building_uid": "2589", "part": "shaft" }, "geometry": { "type": "LineString", "coordinates": [ [ -90.514754948085553, 14.644471169721264 ], [ -90.514741766189815, 14.644571989348368 ] ] } },
{ "type": "Feature", "properties": { "kind": "L2", "value": "7.834578607855493", "building_uid": "2590", "part": "shaft" }, "geometry": { "type": "LineString", "coordinates": [ [ -90.5147680426835, 14.644373388343212 ], [ -90.514758280245047, 14.644443520828908 ] ] } },
{ "type": "Feature", "properties": { "kind": "L2", "value": "9.868928047361814", "building_uid": "2591", "part": "shaft" }, "geometry": { "type": "LineString", "coordinates": [ [ -90.514775083341078, 14.64434580282029 ], [ -90.514782633475221, 14.644256955466398 ] ] } },
{ "type": "Feature", "properties": { "kind": "L2", "value": "8.485633683584473", "building_uid": "2600", "part": "shaft" }, "geometry": { "type": "LineString", "coordinates": [ [ -90.512449733305644, 14.644191693821204 ], [ -90.512371644861688, 14.644181913580063 ] ] } },
{ "type": "Feature", "properties": { "kind": "L2", "value": "8.312032153385537", "building_uid": "2602", "part": "shaft" }, "geometry": { "type": "LineString", "coordinates": [ [ -90.512750427748372, 14.644307727540282 ], [ -90.512760641221661, 14.644233302306905 ] ] } },
{ "type": "Feature", "properties": { "kind": "L2", "value": "14.932423458926397", "building_uid": "2604", "part": "shaft" }, "geometry": { "type": "LineString", "coordinates": [ [ -90.512670807883936, 14.644008253036112 ], [ -90.512692017098175, 14.643874951165417 ] ] } },
{ "type": "Feature", "properties": { "kind": "L2", "value": "12.431228423021807", "building_uid": "2605", "part": "shaft" }, "geometry": { "type": "LineString", "coordinates": [ [ -90.512922091587143, 14.643666753924023 ], [ -90.512807849340263, 14.643651298067258 ] ] } },
{ "type": "Feature", "properties": { "kind": "L2", "value": "49.99563448880904", "building_uid": "2606", "part": "shaft" }, "geometry": { "type": "LineString", "coordinates": [ [ -90.512473837833127, 14.643888801510537 ], [ -90.512933354185208, 14.64395054695458 ] ] } },
{ "type": "Feature", "properties": { "kind": "L2", "value": "10.501448003185121", "building_uid": "2607", "part": "shaft" }, "geometry": { "type": "LineString", "coordinates": [ [ -90.512552114692198, 14.643658847250348 ], [ -90.512455784462205, 14.643644602754449 ] ] } },
{ "type": "Feature", "properties": { "kind": "L2", "value": "8.222356677275812", "building_uid": "2692", "part": "shaft" }, "geometry": { "type": "LineString", "coordinates": [ [ -90.514502910673073, 14.648376328266675 ], [ -90.514578710919764, 14.648384737153913 ] ] } },
{ "type": "Feature", "properties": { "kind": "L2", "value": "15.089173469864537", "building_uid": "2709", "part": "shaft" }, "geometry": { "type": "LineString", "coordinates": [ [ -90.514407402917655, 14.647307677725472 ], [ -90.514268773725277, 14.647288626296488 ] ] } },
{ "type": "Feature", "properties": { "kind": "L2", "value": "16.414126973297968", "building_uid": "2710", "part": "shaft" }, "geometry": { "type": "LineString", "coordinates": [ [ -90.514341246331441, 14.64754278567392 ], [ -90.514362107001261, 14.647395906343371 ] ] } },
{ "type": "Feature", "properties": { "kind": "L2", "value": "12.794115739664681", "building_uid": "2713", "part": "shaft" }, "geometry": { "type": "LineString", "coordinates": [ [ -90.514142825852389, 14.648261958542351 ], [ -90.514158649250106, 14.648147414375151 ] ] } },
{ "type": "Feature", "properties": { "kind": "L2", "value": "16.959743381466673", "building_uid": "2714", "part": "shaft" }, "geometry": { "type": "LineString", "coordinates": [ [ -90.51434739979193, 14.648305435847769 ], [ -90.514191617202144, 14.648283797354718 ] ] } },
{ "type": "Feature", "properties": { "kind": "L2", "value": "7.2538141034228465", "building_uid": "2715", "part": "shaft" }, "geometry": { "type": "LineString", "coordinates": [ [ -90.514098922386069, 14.648251260761068 ], [ -90.514089874930733, 14.648316193262891 ] ] } },
{ "type": "Feature", "properties": { "kind": "L2", "value": "7.175484256036659", "building_uid": "2716", "part": "shaft" }, "geometry": { "type": "LineString", "coordinates": [ [ -90.514185443734547, 14.648090211803368 ], [ -90.514175985715298, 14.648154374066822 ] ] } },
{ "type": "Feature", "properties": { "kind": "L2", "value": "12.093239751893604", "building_uid": "2717", "part": "shaft" }, "geometry": { "type": "LineString", "coordinates": [ [ -90.51424595968372, 14.647992806061417 ], [ -90.514230961911309, 14.648101069975437 ] ] } },
{ "type": "Feature", "properties": { "kind": "L2", "value": "13.882524270505527", "building_uid": "2718", "part": "shaft" }, "geometry": { "type": "LineString", "coordinates": [ [ -90.514329620634356, 14.64797922668601 ], [ -90.514348561508882, 14.647855182268685 ] ] } },
{ "type": "Feature", "properties": { "kind": "L2", "value": "9.058628984325487", "building_uid": "2721", "part": "shaft" }, "geometry": { "type": "LineString", "coordinates": [ [ -90.514423423049138, 14.648342896734531 ], [ -90.514506744426029, 14.648353648395783 ] ] } },
{ "type": "Feature", "properties": { "kind": "L2", "value": "18.823284251886808", "building_uid": "2722", "part": "shaft" }, "geometry": { "type": "LineString", "coordinates": [ [ -90.514365651863486, 14.64809345911727 ], [ -90.514538735383155, 14.648116186929396 ] ] } },
{ "type": "Feature", "properties": { "kind": "L2", "value": "8.641143155320252", "building_uid": "2723", "part": "shaft" }, "geometry": { "type": "LineString", "coordinates": [ [ -90.514280038085388, 14.647690375312887 ], [ -90.514291061802282, 14.647613056981317 ] ] } },
{ "type": "Feature", "properties": { "kind": "L2", "value": "10.58600772888499", "building_uid": "2724", "part": "shaft" }, "geometry": { "type": "LineString", "coordinates": [ [ -90.514218481525276, 14.647776305008589 ], [ -90.51423105340794, 14.647681462969826 ] ] } },
{ "type": "Feature", "properties": { "kind": "L2", "value": "6.4245188322641456", "building_uid": "2725", "part": "shaft" }, "geometry": { "type": "LineString", "coordinates": [ [ -90.514138769109977, 14.647554752674038 ], [ -90.51419788806524, 14.64756218156611 ] ] } },
{ "type": "Feature", "properties": { "kind": "L2", "value": "16.198154796491252", "building_uid": "2727", "part": "shaft" }, "geometry": { "type": "LineString", "coordinates": [ [ -90.514445601232936, 14.647694063989061 ], [ -90.514422079332647, 14.647838586709211 ] ] } },
{ "type": "Feature", "properties": { "kind": "L2", "value": "7.0787803977263515", "building_uid": "2732", "part": "shaft" }, "geometry": { "type": "LineString", "coordinates": [ [ -90.514313692971783, 14.646884978186366 ], [ -90.514322563770165, 14.646821618003846 ] ] } },
{ "type": "Feature", "properties": { "kind": "L2", "value": "8.694548404569723", "building_uid": "2733", "part": "shaft" }, "geometry": { "type": "LineString", "coordinates": [ [ -90.514333851973248, 14.646746775943276 ], [ -90.514322177656993, 14.646824491301608 ] ] } },
{ "type": "Feature", "properties": { "kind": "L2", "value": "9.349091035116285", "building_uid": "2735", "part": "shaft" }, "geometry": { "type": "LineString", "coordinates": [ [ -90.514347308428668, 14.646659998886065 ], [ -90.514334957702019, 14.646743593400462 ] ] } },
{ "type": "Feature", "properties": { "kind": "L2", "value": "6.426646819607157", "building_uid": "2737", "part": "shaft" }, "geometry": { "type": "LineString", "coordinates": [ [ -90.514466245550551, 14.646733865282986 ], [ -90.51447473648426, 14.646676401809515 ] ] } },
{ "type": "Feature", "properties": { "kind": "L2", "value": "16.46004034112245", "building_uid": "2739", "part": "shaft" }, "geometry": { "type": "LineString", "coordinates": [ [ -90.514451494182524, 14.646526488702365 ], [ -90.514432381998972, 14.64667401145233 ] ] } },
{ "type": "Feature", "properties": { "kind": "L2", "value": "13.908419380384544", "building_uid": "2743", "part": "shaft" }, "geometry": { "type": "LineString", "coordinates": [ [ -90.513610824535888, 14.646307269383604 ], [ -90.513590010499257, 14.646431265905223 ] ] } },
{ "type": "Feature", "properties": { "kind": "L2", "value": "8.47667965563736", "building_uid": "2754", "part": "shaft" }, "geometry": { "type": "LineString", "coordinates": [ [ -90.513825961097879, 14.647630542739376 ], [ -90.513903876245621, 14.647640986809819 ] ] } },
{ "type": "Feature", "properties": { "kind": "L2", "value": "12.116648712036152", "building_uid": "2756", "part": "shaft" }, "geometry": { "type": "LineString", "coordinates": [ [ -90.513886353007592, 14.647682398929918 ], [ -90.513870783100288, 14.647790799753121 ] ] } },
{ "type": "Feature", "properties": { "kind": "L2", "value": "9.401792688368126", "building_uid": "2760", "part": "shaft" }, "geometry": { "type": "LineString", "coordinates": [ [ -90.51371290110761, 14.647628100177707 ], [ -90.513799211302626, 14.64764042578717 ] ] } },
{ "type": "Feature", "properties": { "kind": "L2", "value": "16.02062794723613", "building_uid": "2784", "part": "shaft" }, "geometry": { "type": "LineString", "coordinates": [ [ -90.513511130075031, 14.64820026770426 ], [ -90.513657100942282, 14.648227602263917 ] ] } },
{ "type": "Feature", "properties": { "kind": "L2", "value": "24.58719177411993", "building_uid": "2802", "part": "shaft" }, "geometry": { "type": "LineString", "coordinates": [ [ -90.512853328813165, 14.648062678384262 ], [ -90.512627322957798, 14.648032436861309 ] ] } },
{ "type": "Feature", "properties": { "kind": "L2", "value": "10.601460768672368", "building_uid": "2817", "part": "shaft" }, "geometry": { "type": "LineString", "coordinates": [ [ -90.51273120927732, 14.647824450123982 ], [ -90.512745243706732, 14.647729661806057 ] ] } },
{ "type": "Feature", "properties": { "kind": "L2", "value": "8.699467558099927", "building_uid": "2823", "part": "shaft" }, "geometry": { "type": "LineString", "coordinates": [ [ -90.512066485588463, 14.647988829553514 ], [ -90.511986474380862, 14.647978457830671 ] ] } },
{ "type": "Feature", "properties": { "kind": "L2", "value": "6.877310153668914", "building_uid": "2852", "part": "shaft" }, "geometry": { "type": "LineString", "coordinates": [ [ -90.512209623001752, 14.647048108121368 ], [ -90.512204567591098, 14.64711003887445 ] ] } },
{ "type": "Feature", "properties": { "kind": "L2", "value": "14.731700082376195", "building_uid": "2857", "part": "shaft" }, "geometry": { "type": "LineString", "coordinates": [ [ -90.512125729398178, 14.646068649332404 ], [ -90.512260815219378, 14.646088950752677 ] ] } },
{ "type": "Feature", "properties": { "kind": "L2", "value": "7.932191231839777", "building_uid": "2862", "part": "shaft" }, "geometry": { "type": "LineString", "coordinates": [ [ -90.514716190005203, 14.645803262955704 ], [ -90.51478897602162, 14.645813874874309 ] ] } },
{ "type": "Feature", "properties": { "kind": "L2", "value": "4.463717832139492", "building_uid": "2866", "part": "shaft" }, "geometry": { "type": "LineString", "coordinates": [ [ -90.514458549412339, 14.645694479092366 ], [ -90.514452305021436, 14.645734341105429 ] ] } },
{ "type": "Feature", "properties": { "kind": "L2", "value": "5.310570363360507", "building_uid": "2873", "part": "shaft" }, "geometry": { "type": "LineString", "coordinates": [ [ -90.513974149203818, 14.64492927428155 ], [ -90.514022692232615, 14.644937501724907 ] ] } },
{ "type": "Feature", "properties": { "kind": "L2", "value": "12.407723789128532", "building_uid": "2880", "part": "shaft" }, "geometry": { "type": "LineString", "coordinates": [ [ -90.513933178003469, 14.645194829899921 ], [ -90.514046772757794, 14.645213030853164 ] ] } },
{ "type": "Feature", "properties": { "kind": "L2", "value": "6.251383894606307", "building_uid": "2881", "part": "shaft" }, "geometry": { "type": "LineString", "coordinates": [ [ -90.514131138827224, 14.644959157083704 ], [ -90.514074256088662, 14.644948115575138 ] ] } },
{ "type": "Feature", "properties": { "kind": "L2", "value": "13.285826681891074", "building_uid": "2882", "part": "shaft" }, "geometry": { "type": "LineString", "coordinates": [ [ -90.513556372593911, 14.645064397485617 ], [ -90.513678630519479, 14.645079744682789 ] ] } },
{ "type": "Feature", "properties": { "kind": "L2", "value": "17.166329470977658", "building_uid": "2891", "part": "shaft" }, "geometry": { "type": "LineString", "coordinates": [ [ -90.512323701524878, 14.645295007992067 ], [ -90.512303818410913, 14.645448866636098 ] ] } },
{ "type": "Feature", "properties": { "kind": "L2", "value": "7.046253878670977", "building_uid": "2897", "part": "shaft" }, "geometry": { "type": "LineString", "coordinates": [ [ -90.512463915332731, 14.645202214884344 ], [ -90.51252848598871, 14.645212182796911 ] ] } },
{ "type": "Feature", "properties": { "kind": "L2", "value": "6.260526455050107", "building_uid": "12745", "part": "shaft" }, "geometry": { "type": "LineString", "coordinates": [ [ -90.51415200499298, 14.646221962860684 ], [ -90.514143968869575, 14.646277973448928 ] ] } },
{ "type": "Feature", "properties": { "kind": "L2", "value": "10.665907249692655", "building_uid": "12746", "part": "shaft" }, "geometry": { "type": "LineString", "coordinates": [ [ -90.514416808569095, 14.646251094284235 ], [ -90.514403937393055, 14.646346626276417 ] ] } },
{ "type": "Feature", "properties": { "kind": "L2", "value": "24.942115470271386", "building_uid": "12782", "part": "shaft" }, "geometry": { "type": "LineString", "coordinates": [ [ -90.513389689239688, 14.644320592803769 ], [ -90.513357538744614, 14.644543722138923 ] ] } },
{ "type": "Feature", "properties": { "kind": "L2", "value": "16.585065747904324", "building_uid": "12783", "part": "shaft" }, "geometry": { "type": "LineString", "coordinates": [ [ -90.5130863891563, 14.64363446706778 ], [ -90.51323866172703, 14.643656067156577 ] ] } },
{ "type": "Feature", "properties": { "kind": "L2", "value": "20.165990377856943", "building_uid": "12784", "part": "shaft" }, "geometry": { "type": "LineString", "coordinates": [ [ -90.513665323510509, 14.643542994993213 ], [ -90.513480032931454, 14.643517687743905 ] ] } },
{ "type": "Feature", "properties": { "kind": "L2", "value": "40.776893473858784", "building_uid": "12785", "part": "shaft" }, "geometry": { "type": "LineString", "coordinates": [ [ -90.513066529203357, 14.643904246047395 ], [ -90.513443007904428, 14.643940723311774 ] ] } },
{ "type": "Feature", "properties": { "kind": "L2", "value": "28.193037098685174", "building_uid": "12786", "part": "shaft" }, "geometry": { "type": "LineString", "coordinates": [ [ -90.513611529814966, 14.644012182365065 ], [ -90.51335248407176, 14.643976801299916 ] ] } },
{ "type": "Feature", "properties": { "kind": "L2", "value": "9.027632201757251", "building_uid": "12788", "part": "shaft" }, "geometry": { "type": "LineString", "coordinates": [ [ -90.51438328378876, 14.644530002451395 ], [ -90.514369710312565, 14.644610475615693 ] ] } },
{ "type": "Feature", "properties": { "kind": "L2", "value": "16.33134077124673", "building_uid": "12846", "part": "shaft" }, "geometry": { "type": "LineString", "coordinates": [ [ -90.51244009923785, 14.644141987378404 ], [ -90.512459766833985, 14.643995706502025 ] ] } },
{ "type": "Feature", "properties": { "kind": "L2", "value": "7.9924311420925775", "building_uid": "12847", "part": "shaft" }, "geometry": { "type": "LineString", "coordinates": [ [ -90.51249097335149, 14.643927120160122 ], [ -90.5124175033923, 14.643917323746264 ] ] } },
{ "type": "Feature", "properties": { "kind": "L2", "value": "9.384913676030385", "building_uid": "12848", "part": "shaft" }, "geometry": { "type": "LineString", "coordinates": [ [ -90.512353793893539, 14.643970034736922 ], [ -90.51236615353703, 14.64388611467025 ] ] } },
{ "type": "Feature", "properties": { "kind": "L2", "value": "6.877707323967278", "building_uid": "12856", "part": "shaft" }, "geometry": { "type": "LineString", "coordinates": [ [ -90.511799559347054, 14.64762237469311 ], [ -90.51180865142085, 14.647560878935986 ] ] } },
{ "type": "Feature", "properties": { "kind": "L2", "value": "10.85343412412332", "building_uid": "12915", "part": "shaft" }, "geometry": { "type": "LineString", "coordinates": [ [ -90.514996619341105, 14.645404721245024 ], [ -90.514983931713033, 14.645501984422685 ] ] } },
{ "type": "Feature", "properties": { "kind": "L2", "value": "16.992056530282426", "building_uid": "12919", "part": "shaft" }, "geometry": { "type": "LineString", "coordinates": [ [ -90.513876835012354, 14.644388200331543 ], [ -90.513898513606478, 14.644236160796638 ] ] } },
{ "type": "Feature", "properties": { "kind": "L2", "value": "7.6015632066619565", "building_uid": "12951", "part": "shaft" }, "geometry": { "type": "LineString", "coordinates": [ [ -90.514500126994136, 14.645895949874756 ], [ -90.514569703437544, 14.645907202913072 ] ] } },
{ "type": "Feature", "properties": { "kind": "L2", "value": "8.501474223142255", "building_uid": "12956", "part": "shaft" }, "geometry": { "type": "LineString", "coordinates": [ [ -90.514468299043926, 14.647333676903795 ], [ -90.514390257310694, 14.647322509704988 ] ] } },
{ "type": "Feature", "properties": { "kind": "L2", "value": "12.063454958946012", "building_uid": "12987", "part": "shaft" }, "geometry": { "type": "LineString", "coordinates": [ [ -90.515158444456162, 14.644254998829217 ], [ -90.515171243616251, 14.644146738454843 ] ] } },
{ "type": "Feature", "properties": { "kind": "L2", "value": "9.608622472732575", "building_uid": "12997", "part": "shaft" }, "geometry": { "type": "LineString", "coordinates": [ [ -90.512873122521867, 14.645596237445641 ], [ -90.512885219848386, 14.645510240928004 ] ] } },
{ "type": "Feature", "properties": { "kind": "L2", "value": "8.578648318557248", "building_uid": "1000003", "part": "shaft" }, "geometry": { "type": "LineString", "coordinates": [ [ -90.514413515298514, 14.642883442950367 ], [ -90.514334965889987, 14.642870925791641 ] ] } },
{ "type": "Feature", "properties": { "kind": "L2", "value": "10.831960777506731", "building_uid": "1000002", "part": "shaft" }, "geometry": { "type": "LineString", "coordinates": [ [ -90.51441563748439, 14.643016670341673 ], [ -90.514315949470301, 14.643004246899638 ] ] } },
{ "type": "Feature", "properties": { "kind": "L2", "value": "9.485746113656884", "building_uid": "1000004", "part": "shaft" }, "geometry": { "type": "LineString", "coordinates": [ [ -90.515117382454562, 14.643172843838773 ], [ -90.515030135811998, 14.643161575325529 ] ] } },
{ "type": "Feature", "properties": { "kind": "L2", "value": "6.591809193188331", "building_uid": "1000005", "part": "shaft" }, "geometry": { "type": "LineString", "coordinates": [ [ -90.512512536202877, 14.643434460358487 ], [ -90.51250493376196, 14.643493545522531 ] ] } },
{ "type": "Feature", "properties": { "kind": "L2", "value": "6.3733192726611865", "building_uid": "1000012", "part": "shaft" }, "geometry": { "type": "LineString", "coordinates": [ [ -90.513083412981103, 14.644305356556508 ], [ -90.513074513985003, 14.64436227417324 ] ] } },
{ "type": "Feature", "properties": { "kind": "L2", "value": "10.947582553930749", "building_uid": "1000007", "part": "shaft" }, "geometry": { "type": "LineString", "coordinates": [ [ -90.514047471177889, 14.643737557318204 ], [ -90.513947486636297, 14.643720128411303 ] ] } },
{ "type": "Feature", "properties": { "kind": "L2", "value": "4.846175016215813", "building_uid": "1000008", "part": "shaft" }, "geometry": { "type": "LineString", "coordinates": [ [ -90.514443463059791, 14.644491851496722 ], [ -90.514398961691583, 14.644485586473655 ] ] } },
{ "type": "Feature", "properties": { "kind": "L2", "value": "6.443827388904023", "building_uid": "1000009", "part": "shaft" }, "geometry": { "type": "LineString", "coordinates": [ [ -90.514699736892268, 14.643872477457816 ], [ -90.514640323800819, 14.643865973103425 ] ] } },
{ "type": "Feature", "properties": { "kind": "L2", "value": "10.765630577654486", "building_uid": "1000011", "part": "shaft" }, "geometry": { "type": "LineString", "coordinates": [ [ -90.514898067492808, 14.644036229338788 ], [ -90.514909925354928, 14.643939665743753 ] ] } },
{ "type": "Feature", "properties": { "kind": "L2", "value": "17.57028078068344", "building_uid": "182", "part": "shaft" }, "geometry": { "type": "LineString", "coordinates": [ [ -90.514662458325176, 14.644239096301975 ], [ -90.514682560381473, 14.644081586540564 ] ] } },
{ "type": "Feature", "properties": { "kind": "L2", "value": "16.495707457887775", "building_uid": "1000013", "part": "shaft" }, "geometry": { "type": "LineString", "coordinates": [ [ -90.514866190891638, 14.644100331685328 ], [ -90.514850357397009, 14.644248546078071 ] ] } },
{ "type": "Feature", "properties": { "kind": "L2", "value": "9.69113524767085", "building_uid": "1000016", "part": "shaft" }, "geometry": { "type": "LineString", "coordinates": [ [ -90.514697456041972, 14.645240679611554 ], [ -90.514686166736297, 14.645327531703256 ] ] } },
{ "type": "Feature", "properties": { "kind": "L2", "value": "6.3767664597787", "building_uid": "1000019", "part": "shaft" }, "geometry": { "type": "LineString", "coordinates": [ [ -90.514880608653129, 14.645460228001635 ], [ -90.514887063610644, 14.645402967353128 ] ] } },
{ "type": "Feature", "properties": { "kind": "L2", "value": "8.782291328585027", "building_uid": "1000015", "part": "shaft" }, "geometry": { "type": "LineString", "coordinates": [ [ -90.514567360638452, 14.645214890278744 ], [ -90.514579182868957, 14.645136394919181 ] ] } },
{ "type": "Feature", "properties": { "kind": "L2", "value": "15.089984707272963", "building_uid": "2861", "part": "shaft" }, "geometry": { "type": "LineString", "coordinates": [ [ -90.512199075567224, 14.646442680588438 ], [ -90.512337667080402, 14.64646203676039 ] ] } },
{ "type": "Feature", "properties": { "kind": "L2", "value": "9.859482191592031", "building_uid": "1000023", "part": "shaft" }, "geometry": { "type": "LineString", "coordinates": [ [ -90.51211847054752, 14.647505633567102 ], [ -90.51212646073553, 14.647416908539519 ] ] } },
{ "type": "Feature", "properties": { "kind": "L2", "value": "7.991540208618042", "building_uid": "1000020", "part": "shaft" }, "geometry": { "type": "LineString", "coordinates": [ [ -90.512171216075373, 14.647161770483317 ], [ -90.512097097060519, 14.64715973273 ] ] } },
{ "type": "Feature", "properties": { "kind": "L2", "value": "11.076646560465091", "building_uid": "1000021", "part": "shaft" }, "geometry": { "type": "LineString", "coordinates": [ [ -90.512203196848205, 14.647162521464812 ], [ -90.512200342557577, 14.647262543514852 ] ] } },
{ "type": "Feature", "properties": { "kind": "L2", "value": "9.591146542257269", "building_uid": "1000024", "part": "shaft" }, "geometry": { "type": "LineString", "coordinates": [ [ -90.514169383570447, 14.647294429316835 ], [ -90.51425815589937, 14.647300492593546 ] ] } },
{ "type": "Feature", "properties": { "kind": "L2", "value": "14.053418091316754", "building_uid": "1000001", "part": "shaft" }, "geometry": { "type": "LineString", "coordinates": [ [ -90.514184996033691, 14.643117673279702 ], [ -90.514313993021389, 14.64313618579965 ] ] } },
{ "type": "Feature", "properties": { "kind": "L2", "value": "16.830745380259742", "building_uid": "1000017", "part": "shaft" }, "geometry": { "type": "LineString", "coordinates": [ [ -90.514689060930735, 14.645828336508279 ], [ -90.514534516447711, 14.645806514007788 ] ] } },
{ "type": "Feature", "properties": { "kind": "L1", "value": "36.78898123593087", "building_uid": "7", "part": "head" }, "geometry": { "type": "Polygon", "coordinates": [ [ [ -90.514011320078708, 14.642610180151463 ], [ -90.514031634526532, 14.642673635757802 ], [ -90.513974451330427, 14.642666119955116 ], [ -90.514011320078708, 14.642610180151463 ] ] ] } },
{ "type": "Feature", "properties": { "kind": "L1", "value": "40.477979313452984", "building_uid": "8", "part": "head" }, "geometry": { "type": "Polygon", "coordinates": [ [ [ -90.514936133141276, 14.643154331959778 ], [ -90.514914101249801, 14.643084417087454 ], [ -90.514976980171454, 14.643092959305365 ], [ -90.514936133141276, 14.643154331959778 ] ] ] } },
{ "type": "Feature", "properties": { "kind": "L1", "value": "33.66468152686905", "building_uid": "9", "part": "head" }, "geometry": { "type": "Polygon", "coordinates": [ [ [ -90.515230627882502, 14.643092812575048 ], [ -90.515212292621896, 14.643034669364734 ], [ -90.515264589134446, 14.643041763687521 ], [ -90.515230627882502, 14.643092812575048 ] ] ] } },
{ "type": "Feature", "properties": { "kind": "L1", "value": "33.891256416593315", "building_uid": "10", "part": "head" }, "geometry": { "type": "Polygon", "coordinates": [ [ [ -90.515468686818437, 14.642839873286432 ], [ -90.515486764999437, 14.642898520285902 ], [ -90.515434163970824, 14.642891054266126 ], [ -90.515468686818437, 14.642839873286432 ] ] ] } },
{ "type": "Feature", "properties": { "kind": "L1", "value": "17.28307660086443", "building_uid": "53", "part": "head" }, "geometry": { "type": "Polygon", "coordinates": [ [ [ -90.514201957316914, 14.64268362955435 ], [ -90.514232490871507, 14.642674076939901 ], [ -90.514229099868984, 14.64270026240094 ], [ -90.514201957316914, 14.64268362955435 ] ] ] } },
{ "type": "Feature", "properties": { "kind": "L1", "value": "35.4290931527949", "building_uid": "54", "part": "head" }, "geometry": { "type": "Polygon", "coordinates": [ [ [ -90.514413886900769, 14.642968339104298 ], [ -90.51439409382337, 14.642907299189753 ], [ -90.514449190177373, 14.642914340945898 ], [ -90.514413886900769, 14.642968339104298 ] ] ] } },
{ "type": "Feature", "properties": { "kind": "L1", "value": "22.506478053568436", "building_uid": "55", "part": "head" }, "geometry": { "type": "Polygon", "coordinates": [ [ [ -90.514562688840456, 14.642889717059616 ], [ -90.5145503537222, 14.642850868644723 ], [ -90.514585325787237, 14.642855545760506 ], [ -90.514562688840456, 14.642889717059616 ] ] ] } },
{ "type": "Feature", "properties": { "kind": "L1", "value": "24.95862684147774", "building_uid": "105", "part": "head" }, "geometry": { "type": "Polygon", "coordinates": [ [ [ -90.514833440003784, 14.643275337270094 ], [ -90.514845979252996, 14.643318745887493 ], [ -90.51480734624505, 14.643312592036665 ], [ -90.514833440003784, 14.643275337270094 ] ] ] } },
{ "type": "Feature", "properties": { "kind": "L1", "value": "28.61713748653591", "building_uid": "106", "part": "head" }, "geometry": { "type": "Polygon", "coordinates": [ [ [ -90.514508879703527, 14.6435655298763 ], [ -90.51452449298634, 14.643614947195031 ], [ -90.514480034205349, 14.643608939675994 ], [ -90.514508879703527, 14.6435655298763 ] ] ] } },
{ "type": "Feature", "properties": { "kind": "L1", "value": "32.98836346509836", "building_uid": "107", "part": "head" }, "geometry": { "type": "Polygon", "coordinates": [ [ [ -90.513841019218617, 14.643767179003268 ], [ -90.513823835536996, 14.643709975361769 ], [ -90.513874981581409, 14.643717592991226 ], [ -90.513841019218617, 14.643767179003268 ] ] ] } },
{ "type": "Feature", "properties": { "kind": "L1", "value": "34.25541795297077", "building_uid": "108", "part": "head" }, "geometry": { "type": "Polygon", "coordinates": [ [ [ -90.514064577955907, 14.643786237880267 ], [ -90.514046231030662, 14.643726982582967 ], [ -90.514099406846313, 14.643734465500643 ], [ -90.514064577955907, 14.643786237880267 ] ] ] } },
{ "type": "Feature", "properties": { "kind": "L1", "value": "42.837304777277545", "building_uid": "109", "part": "head" }, "geometry": { "type": "Polygon", "coordinates": [ [ [ -90.514198244832599, 14.643909098521894 ], [ -90.51417488430495, 14.643835121867864 ], [ -90.514241433834073, 14.643844124116209 ], [ -90.514198244832599, 14.643909098521894 ] ] ] } },
{ "type": "Feature", "properties": { "kind": "L1", "value": "32.8197985324824", "building_uid": "110", "part": "head" }, "geometry": { "type": "Polygon", "coordinates": [ [ [ -90.514390225978786, 14.643547593076528 ], [ -90.514408047302894, 14.643604293088451 ], [ -90.514357069765026, 14.643597330939709 ], [ -90.514390225978786, 14.643547593076528 ] ] ] } },
{ "type": "Feature", "properties": { "kind": "L1", "value": "21.859258423923386", "building_uid": "761", "part": "head" }, "geometry": { "type": "Polygon", "coordinates": [ [ [ -90.514488838754659, 14.644987184667185 ], [ -90.514527427779896, 14.644975013525428 ], [ -90.514523219613238, 14.645008142143897 ], [ -90.514488838754659, 14.644987184667185 ] ] ] } },
{ "type": "Feature", "properties": { "kind": "L1", "value": "15.22392938315006", "building_uid": "176", "part": "head" }, "geometry": { "type": "Polygon", "coordinates": [ [ [ -90.515220942292117, 14.644831088927633 ], [ -90.515212413051785, 14.644804867386402 ], [ -90.515236091012454, 14.644807872658525 ], [ -90.515220942292117, 14.644831088927633 ] ] ] } },
{ "type": "Feature", "properties": { "kind": "L1", "value": "20.50236496829438", "building_uid": "177", "part": "head" }, "geometry": { "type": "Polygon", "coordinates": [ [ [ -90.515102533375895, 14.644620394767063 ], [ -90.515113411339641, 14.644655890020292 ], [ -90.51508159781342, 14.644651323822103 ], [ -90.515102533375895, 14.644620394767063 ] ] ] } },
{ "type": "Feature", "properties": { "kind": "L1", "value": "20.282616047644378", "building_uid": "178", "part": "head" }, "geometry": { "type": "Polygon", "coordinates": [ [ [ -90.514947471176015, 14.644782889481036 ], [ -90.51493670982957, 14.644747774669685 ], [ -90.514968182378553, 14.644752291947658 ], [ -90.514947471176015, 14.644782889481036 ] ] ] } },
{ "type": "Feature", "properties": { "kind": "L1", "value": "20.12799841724209", "building_uid": "179", "part": "head" }, "geometry": { "type": "Polygon", "coordinates": [ [ [ -90.514846100463942, 14.644766816326465 ], [ -90.514835435605221, 14.644731965008541 ], [ -90.514866666367993, 14.644736460126557 ], [ -90.514846100463942, 14.644766816326465 ] ] ] } },
{ "type": "Feature", "properties": { "kind": "L1", "value": "28.248554042442297", "building_uid": "183", "part": "head" }, "geometry": { "type": "Polygon", "coordinates": [ [ [ -90.514923135321027, 14.643706004896194 ], [ -90.514872858499459, 14.643720447353047 ], [ -90.514879454682671, 14.643677790040849 ], [ -90.514923135321027, 14.643706004896194 ] ] ] } },
{ "type": "Feature", "properties": { "kind": "L1", "value": "43.28319008559466", "building_uid": "184", "part": "head" }, "geometry": { "type": "Polygon", "coordinates": [ [ [ -90.514477662847554, 14.644247362193461 ], [ -90.51440105908992, 14.644270869621183 ], [ -90.514409927220811, 14.644205338744602 ], [ -90.514477662847554, 14.644247362193461 ] ] ] } },
{ "type": "Feature", "properties": { "kind": "L1", "value": "42.41577600932702", "building_uid": "185", "part": "head" }, "geometry": { "type": "Polygon", "coordinates": [ [ [ -90.513729621445691, 14.643899406976169 ], [ -90.513804862499043, 14.643876910868373 ], [ -90.51379568541978, 14.643941064238241 ], [ -90.513729621445691, 14.643899406976169 ] ] ] } },
{ "type": "Feature", "properties": { "kind": "L1", "value": "40.91080211325412", "building_uid": "186", "part": "head" }, "geometry": { "type": "Polygon", "coordinates": [ [ [ -90.514069130979607, 14.644644703805058 ], [ -90.514047177595046, 14.644573948257815 ], [ -90.514110690297144, 14.644582849441205 ], [ -90.514069130979607, 14.644644703805058 ] ] ] } },
{ "type": "Feature", "properties": { "kind": "L1", "value": "42.43015778866044", "building_uid": "187", "part": "head" }, "geometry": { "type": "Polygon", "coordinates": [ [ [ -90.51392794463716, 14.644659878775935 ], [ -90.513904686788592, 14.644586641056154 ], [ -90.513970618445654, 14.644595455990117 ], [ -90.51392794463716, 14.644659878775935 ] ] ] } },
{ "type": "Feature", "properties": { "kind": "L1", "value": "25.457554585228856", "building_uid": "188", "part": "head" }, "geometry": { "type": "Polygon", "coordinates": [ [ [ -90.513288216750738, 14.643472294442219 ], [ -90.513242777883875, 14.643484874472158 ], [ -90.513249111257082, 14.643446490728239 ], [ -90.513288216750738, 14.643472294442219 ] ] ] } },
{ "type": "Feature", "properties": { "kind": "L1", "value": "32.48237837282098", "building_uid": "191", "part": "head" }, "geometry": { "type": "Polygon", "coordinates": [ [ [ -90.512919039161432, 14.644394970775487 ], [ -90.512977155093694, 14.644379400765906 ], [ -90.512968645886872, 14.644428307416709 ], [ -90.512919039161432, 14.644394970775487 ] ] ] } },
{ "type": "Feature", "properties": { "kind": "L1", "value": "17.25454338089188", "building_uid": "192", "part": "head" }, "geometry": { "type": "Polygon", "coordinates": [ [ [ -90.512661987431699, 14.644365660747122 ], [ -90.51269259225981, 14.644356500157793 ], [ -90.512688867409608, 14.644382598563938 ], [ -90.512661987431699, 14.644365660747122 ] ] ] } },
{ "type": "Feature", "properties": { "kind": "L1", "value": "22.45612116190371", "building_uid": "193", "part": "head" }, "geometry": { "type": "Polygon", "coordinates": [ [ [ -90.512603479479651, 14.644417164750044 ], [ -90.512591744986182, 14.644378235200989 ], [ -90.512626566552825, 14.64438338933024 ], [ -90.512603479479651, 14.644417164750044 ] ] ] } },
{ "type": "Feature", "properties": { "kind": "L1", "value": "19.57317437991874", "building_uid": "846", "part": "head" }, "geometry": { "type": "Polygon", "coordinates": [ [ [ -90.514084503166032, 14.646758846216899 ], [ -90.514094527860337, 14.646792835467988 ], [ -90.514064203796096, 14.646788170761976 ], [ -90.514084503166032, 14.646758846216899 ] ] ] } },
{ "type": "Feature", "properties": { "kind": "L1", "value": "25.353343497295516", "building_uid": "194", "part": "head" }, "geometry": { "type": "Polygon", "coordinates": [ [ [ -90.512434952112685, 14.644324581229222 ], [ -90.512389951822939, 14.6443379448027 ], [ -90.512395511998349, 14.6442996084066 ], [ -90.512434952112685, 14.644324581229222 ] ] ] } },
{ "type": "Feature", "properties": { "kind": "L1", "value": "16.345712414393347", "building_uid": "195", "part": "head" }, "geometry": { "type": "Polygon", "coordinates": [ [ [ -90.512372114108715, 14.644181578743174 ], [ -90.512343146430467, 14.644190335930553 ], [ -90.512346603875969, 14.64416560265038 ], [ -90.512372114108715, 14.644181578743174 ] ] ] } },
{ "type": "Feature", "properties": { "kind": "L1", "value": "40.86607645060275", "building_uid": "196", "part": "head" }, "geometry": { "type": "Polygon", "coordinates": [ [ [ -90.512421732232539, 14.643522057659437 ], [ -90.512443778554527, 14.643592701245083 ], [ -90.512380321001899, 14.643583909437647 ], [ -90.512421732232539, 14.643522057659437 ] ] ] } },
{ "type": "Feature", "properties": { "kind": "L1", "value": "133.18748351988023", "building_uid": "302", "part": "head" }, "geometry": { "type": "Polygon", "coordinates": [ [ [ -90.512465972183961, 14.642785824322159 ], [ -90.512703509710107, 14.642719374488639 ], [ -90.51267094092421, 14.642920276162894 ], [ -90.512465972183961, 14.642785824322159 ] ] ] } },
{ "type": "Feature", "properties": { "kind": "L1", "value": "24.787671617926993", "building_uid": "303", "part": "head" }, "geometry": { "type": "Polygon", "coordinates": [ [ [ -90.513798457687599, 14.643293440517855 ], [ -90.513842680515268, 14.643281122036941 ], [ -90.513836575736264, 14.643318505415936 ], [ -90.513798457687599, 14.643293440517855 ] ] ] } },
{ "type": "Feature", "properties": { "kind": "L1", "value": "18.841731411139328", "building_uid": "304", "part": "head" }, "geometry": { "type": "Polygon", "coordinates": [ [ [ -90.51260436498788, 14.643430078001249 ], [ -90.512594701316161, 14.643397362791763 ], [ -90.512623893586053, 14.643401841539356 ], [ -90.51260436498788, 14.643430078001249 ] ] ] } },
{ "type": "Feature", "properties": { "kind": "L1", "value": "23.73326530150007", "building_uid": "305", "part": "head" }, "geometry": { "type": "Polygon", "coordinates": [ [ [ -90.51257978000119, 14.643326872874532 ], [ -90.51253771054067, 14.643339557146843 ], [ -90.512542758308882, 14.643303649174005 ], [ -90.51257978000119, 14.643326872874532 ] ] ] } },
{ "type": "Feature", "properties": { "kind": "L1", "value": "21.76031698309754", "building_uid": "306", "part": "head" }, "geometry": { "type": "Polygon", "coordinates": [ [ [ -90.512419706494711, 14.643317889418187 ], [ -90.512431651380098, 14.643355444190684 ], [ -90.512397836477064, 14.64335093810573 ], [ -90.512419706494711, 14.643317889418187 ] ] ] } },
{ "type": "Feature", "properties": { "kind": "L1", "value": "32.33895219353768", "building_uid": "307", "part": "head" }, "geometry": { "type": "Polygon", "coordinates": [ [ [ -90.512957106646553, 14.643406569682297 ], [ -90.51289943468629, 14.643422718369335 ], [ -90.512907330061381, 14.643373935947269 ], [ -90.512957106646553, 14.643406569682297 ] ] ] } },
{ "type": "Feature", "properties": { "kind": "L1", "value": "32.26921794128379", "building_uid": "500", "part": "head" }, "geometry": { "type": "Polygon", "coordinates": [ [ [ -90.514982640322046, 14.64604468255536 ], [ -90.514965353505275, 14.645988864002071 ], [ -90.515015447065593, 14.645995910074758 ], [ -90.514982640322046, 14.64604468255536 ] ] ] } },
{ "type": "Feature", "properties": { "kind": "L1", "value": "32.033283102036606", "building_uid": "501", "part": "head" }, "geometry": { "type": "Polygon", "coordinates": [ [ [ -90.51484822921627, 14.645753251056176 ], [ -90.514864941385667, 14.645808791207964 ], [ -90.514815272184222, 14.645801416000289 ], [ -90.51484822921627, 14.645753251056176 ] ] ] } },
{ "type": "Feature", "properties": { "kind": "L1", "value": "31.488551656320713", "building_uid": "502", "part": "head" }, "geometry": { "type": "Polygon", "coordinates": [ [ [ -90.513466954622814, 14.645729755803723 ], [ -90.51352307730518, 14.645713919403706 ], [ -90.51351548978522, 14.645761434320427 ], [ -90.513466954622814, 14.645729755803723 ] ] ] } },
{ "type": "Feature", "properties": { "kind": "L1", "value": "21.836279516887675", "building_uid": "762", "part": "head" }, "geometry": { "type": "Polygon", "coordinates": [ [ [ -90.514477947171045, 14.645082776921196 ], [ -90.514517027572722, 14.645072351809363 ], [ -90.514511270099533, 14.645105223195747 ], [ -90.514477947171045, 14.645082776921196 ] ] ] } },
{ "type": "Feature", "properties": { "kind": "L1", "value": "31.82536328251601", "building_uid": "503", "part": "head" }, "geometry": { "type": "Polygon", "coordinates": [ [ [ -90.513770315598379, 14.645622977369536 ], [ -90.513713463522762, 14.645638542923638 ], [ -90.513721524707677, 14.645590580738522 ], [ -90.513770315598379, 14.645622977369536 ] ] ] } },
{ "type": "Feature", "properties": { "kind": "L1", "value": "45.373318249344514", "building_uid": "504", "part": "head" }, "geometry": { "type": "Polygon", "coordinates": [ [ [ -90.513912945023662, 14.645549222455877 ], [ -90.513832422553278, 14.645573177708187 ], [ -90.513842338034962, 14.645504564512914 ], [ -90.513912945023662, 14.645549222455877 ] ] ] } },
{ "type": "Feature", "properties": { "kind": "L1", "value": "27.394881677174382", "building_uid": "505", "part": "head" }, "geometry": { "type": "Polygon", "coordinates": [ [ [ -90.513749957970248, 14.645372941438104 ], [ -90.513701513319518, 14.645387942100193 ], [ -90.513707015741886, 14.645346452168113 ], [ -90.513749957970248, 14.645372941438104 ] ] ] } },
{ "type": "Feature", "properties": { "kind": "L1", "value": "42.61385503190689", "building_uid": "506", "part": "head" }, "geometry": { "type": "Polygon", "coordinates": [ [ [ -90.513909415558672, 14.645241817684548 ], [ -90.513833700860914, 14.645264029012925 ], [ -90.513843271101322, 14.645199624469889 ], [ -90.513909415558672, 14.645241817684548 ] ] ] } },
{ "type": "Feature", "properties": { "kind": "L1", "value": "18.120558841389208", "building_uid": "507", "part": "head" }, "geometry": { "type": "Polygon", "coordinates": [ [ [ -90.513599085300498, 14.644764392223061 ], [ -90.513631152243462, 14.644754540428282 ], [ -90.513627448964129, 14.64478197619299 ], [ -90.513599085300498, 14.644764392223061 ] ] ] } },
{ "type": "Feature", "properties": { "kind": "L1", "value": "33.847568733911835", "building_uid": "508", "part": "head" }, "geometry": { "type": "Polygon", "coordinates": [ [ [ -90.513463334756253, 14.644662016702856 ], [ -90.513482076953892, 14.644720383028423 ], [ -90.513429459177146, 14.644713512401083 ], [ -90.513463334756253, 14.644662016702856 ] ] ] } },
{ "type": "Feature", "properties": { "kind": "L1", "value": "16.356271461677096", "building_uid": "509", "part": "head" }, "geometry": { "type": "Polygon", "coordinates": [ [ [ -90.512355053370428, 14.644644031636325 ], [ -90.512346423177846, 14.644615700581603 ], [ -90.512371796953929, 14.644619384098844 ], [ -90.512355053370428, 14.644644031636325 ] ] ] } },
{ "type": "Feature", "properties": { "kind": "L1", "value": "16.4206512177075", "building_uid": "510", "part": "head" }, "geometry": { "type": "Polygon", "coordinates": [ [ [ -90.512244202717724, 14.644478781372793 ], [ -90.512253304052223, 14.644507094219879 ], [ -90.512227776316095, 14.644503768602046 ], [ -90.512244202717724, 14.644478781372793 ] ] ] } },
{ "type": "Feature", "properties": { "kind": "L1", "value": "16.480963360321155", "building_uid": "511", "part": "head" }, "geometry": { "type": "Polygon", "coordinates": [ [ [ -90.512498072138115, 14.644516234298658 ], [ -90.512506470902565, 14.644544865571124 ], [ -90.512480943591342, 14.644540902206174 ], [ -90.512498072138115, 14.644516234298658 ] ] ] } },
{ "type": "Feature", "properties": { "kind": "L1", "value": "32.081560648674895", "building_uid": "512", "part": "head" }, "geometry": { "type": "Polygon", "coordinates": [ [ [ -90.512609787642333, 14.644532955294794 ], [ -90.512626860233652, 14.644588482371521 ], [ -90.512577072818729, 14.644581380719439 ], [ -90.512609787642333, 14.644532955294794 ] ] ] } },
{ "type": "Feature", "properties": { "kind": "L1", "value": "14.47335622319768", "building_uid": "513", "part": "head" }, "geometry": { "type": "Polygon", "coordinates": [ [ [ -90.512708507537212, 14.644678056475774 ], [ -90.512700471887555, 14.644653105342821 ], [ -90.512722973955604, 14.644656024941309 ], [ -90.512708507537212, 14.644678056475774 ] ] ] } },
{ "type": "Feature", "properties": { "kind": "L1", "value": "13.604993778693462", "building_uid": "514", "part": "head" }, "geometry": { "type": "Polygon", "coordinates": [ [ [ -90.512640454092534, 14.644710884553261 ], [ -90.512664635918071, 14.644703822677069 ], [ -90.512661554180141, 14.644724380872436 ], [ -90.512640454092534, 14.644710884553261 ] ] ] } },
{ "type": "Feature", "properties": { "kind": "L1", "value": "13.582116196427425", "building_uid": "515", "part": "head" }, "geometry": { "type": "Polygon", "coordinates": [ [ [ -90.512754597040768, 14.644807604459247 ], [ -90.512730455837442, 14.644814654370014 ], [ -90.51273353247791, 14.644794130755407 ], [ -90.512754597040768, 14.644807604459247 ] ] ] } },
{ "type": "Feature", "properties": { "kind": "L1", "value": "10.400897986880551", "building_uid": "847", "part": "head" }, "geometry": { "type": "Polygon", "coordinates": [ [ [ -90.514015015581833, 14.646887253600429 ], [ -90.513996434467813, 14.646892336841951 ], [ -90.513999072319791, 14.646876662775433 ], [ -90.514015015581833, 14.646887253600429 ] ] ] } },
{ "type": "Feature", "properties": { "kind": "L1", "value": "41.118338375187754", "building_uid": "516", "part": "head" }, "geometry": { "type": "Polygon", "coordinates": [ [ [ -90.512120471689585, 14.644679341652289 ], [ -90.512193334643214, 14.644657291803005 ], [ -90.512184655996307, 14.644719511895703 ], [ -90.512120471689585, 14.644679341652289 ] ] ] } },
{ "type": "Feature", "properties": { "kind": "L1", "value": "59.36269978855537", "building_uid": "517", "part": "head" }, "geometry": { "type": "Polygon", "coordinates": [ [ [ -90.512168121698835, 14.644831896676139 ], [ -90.512273526499655, 14.644800735708221 ], [ -90.512260392184871, 14.644890481144847 ], [ -90.512168121698835, 14.644831896676139 ] ] ] } },
{ "type": "Feature", "properties": { "kind": "L1", "value": "41.63601088018665", "building_uid": "518", "part": "head" }, "geometry": { "type": "Polygon", "coordinates": [ [ [ -90.512104872990122, 14.644966587613601 ], [ -90.512178282834, 14.644943130964821 ], [ -90.51217051573056, 14.645006261400168 ], [ -90.512104872990122, 14.644966587613601 ] ] ] } },
{ "type": "Feature", "properties": { "kind": "L1", "value": "17.168080392426138", "building_uid": "519", "part": "head" }, "geometry": { "type": "Polygon", "coordinates": [ [ [ -90.512150981389595, 14.645047643554948 ], [ -90.512160287064347, 14.645077308336091 ], [ -90.512133622568456, 14.645073652176171 ], [ -90.512150981389595, 14.645047643554948 ] ] ] } },
{ "type": "Feature", "properties": { "kind": "L1", "value": "16.41112329049757", "building_uid": "521", "part": "head" }, "geometry": { "type": "Polygon", "coordinates": [ [ [ -90.512082058887131, 14.64543587062289 ], [ -90.512072909605109, 14.645407590469873 ], [ -90.512098428838058, 14.645410868675141 ], [ -90.512082058887131, 14.64543587062289 ] ] ] } },
{ "type": "Feature", "properties": { "kind": "L1", "value": "11.601959286652418", "building_uid": "522", "part": "head" }, "geometry": { "type": "Polygon", "coordinates": [ [ [ -90.512125930574115, 14.645562949239856 ], [ -90.51210531513739, 14.645568991568444 ], [ -90.512107925083143, 14.645551457560295 ], [ -90.512125930574115, 14.645562949239856 ] ] ] } },
{ "type": "Feature", "properties": { "kind": "L1", "value": "21.395303936818735", "building_uid": "523", "part": "head" }, "geometry": { "type": "Polygon", "coordinates": [ [ [ -90.51260752576384, 14.645486201753787 ], [ -90.512618269748785, 14.645523414298719 ], [ -90.512585152793477, 14.645518134704533 ], [ -90.51260752576384, 14.645486201753787 ] ] ] } },
{ "type": "Feature", "properties": { "kind": "L1", "value": "25.634388156462073", "building_uid": "524", "part": "head" }, "geometry": { "type": "Polygon", "coordinates": [ [ [ -90.51245574897294, 14.645662096951746 ], [ -90.512442876218046, 14.645617511445522 ], [ -90.512482554707063, 14.645623837052939 ], [ -90.51245574897294, 14.645662096951746 ] ] ] } },
{ "type": "Feature", "properties": { "kind": "L1", "value": "17.582808516443606", "building_uid": "525", "part": "head" }, "geometry": { "type": "Polygon", "coordinates": [ [ [ -90.51227175954115, 14.64564064367546 ], [ -90.512262293805236, 14.645610243097627 ], [ -90.512289594465003, 14.64561404273037 ], [ -90.51227175954115, 14.64564064367546 ] ] ] } },
{ "type": "Feature", "properties": { "kind": "L1", "value": "43.13512512188912", "building_uid": "697", "part": "head" }, "geometry": { "type": "Polygon", "coordinates": [ [ [ -90.512395267749781, 14.646144202538027 ], [ -90.51247247451775, 14.646123635789833 ], [ -90.512461077407181, 14.646188565472173 ], [ -90.512395267749781, 14.646144202538027 ] ] ] } },
{ "type": "Feature", "properties": { "kind": "L1", "value": "32.383525060901704", "building_uid": "698", "part": "head" }, "geometry": { "type": "Polygon", "coordinates": [ [ [ -90.512725377397388, 14.646284325927153 ], [ -90.512742707883035, 14.646340347268113 ], [ -90.512692439099823, 14.646333261300349 ], [ -90.512725377397388, 14.646284325927153 ] ] ] } },
{ "type": "Feature", "properties": { "kind": "L1", "value": "35.33559593319229", "building_uid": "699", "part": "head" }, "geometry": { "type": "Polygon", "coordinates": [ [ [ -90.512580466975791, 14.645907641021294 ], [ -90.512517352564373, 14.645924952061428 ], [ -90.512526277355803, 14.645871695792223 ], [ -90.512580466975791, 14.645907641021294 ] ] ] } },
{ "type": "Feature", "properties": { "kind": "L1", "value": "22.31871779335306", "building_uid": "700", "part": "head" }, "geometry": { "type": "Polygon", "coordinates": [ [ [ -90.512064954315861, 14.645748060267858 ], [ -90.51210475911283, 14.645736922427151 ], [ -90.512099303682263, 14.645770588594994 ], [ -90.512064954315861, 14.645748060267858 ] ] ] } },
{ "type": "Feature", "properties": { "kind": "L1", "value": "14.001328626330475", "building_uid": "310", "part": "head" }, "geometry": { "type": "Polygon", "coordinates": [ [ [ -90.513097042647587, 14.644072923649853 ], [ -90.513072206474675, 14.644080351757006 ], [ -90.513075233820388, 14.644059174652083 ], [ -90.513097042647587, 14.644072923649853 ] ] ] } },
{ "type": "Feature", "properties": { "kind": "L1", "value": "29.226276083389276", "building_uid": "702", "part": "head" }, "geometry": { "type": "Polygon", "coordinates": [ [ [ -90.512041289502093, 14.645704543776196 ], [ -90.512057666295192, 14.645754881874502 ], [ -90.512012209918467, 14.64574911477494 ], [ -90.512041289502093, 14.645704543776196 ] ] ] } },
{ "type": "Feature", "properties": { "kind": "L1", "value": "20.61156692291826", "building_uid": "703", "part": "head" }, "geometry": { "type": "Polygon", "coordinates": [ [ [ -90.51414269372313, 14.64621815063771 ], [ -90.51413144923103, 14.646182557360593 ], [ -90.514163471009766, 14.646186885262079 ], [ -90.51414269372313, 14.64621815063771 ] ] ] } },
{ "type": "Feature", "properties": { "kind": "L1", "value": "26.783975574458662", "building_uid": "704", "part": "head" }, "geometry": { "type": "Polygon", "coordinates": [ [ [ -90.514051018879201, 14.646017173593794 ], [ -90.514065204963785, 14.646063551206927 ], [ -90.514023647222004, 14.646057564931931 ], [ -90.514051018879201, 14.646017173593794 ] ] ] } },
{ "type": "Feature", "properties": { "kind": "L1", "value": "27.239063171587944", "building_uid": "705", "part": "head" }, "geometry": { "type": "Polygon", "coordinates": [ [ [ -90.51343680239934, 14.645980442164868 ], [ -90.513485227549637, 14.645966334230145 ], [ -90.513479029726511, 14.646007490628152 ], [ -90.51343680239934, 14.645980442164868 ] ] ] } },
{ "type": "Feature", "properties": { "kind": "L1", "value": "27.454094828127662", "building_uid": "706", "part": "head" }, "geometry": { "type": "Polygon", "coordinates": [ [ [ -90.513661959929465, 14.646121920849593 ], [ -90.513613152458532, 14.646136140156361 ], [ -90.513619399220985, 14.646094658857514 ], [ -90.513661959929465, 14.646121920849593 ] ] ] } },
{ "type": "Feature", "properties": { "kind": "L1", "value": "41.022713592705486", "building_uid": "746", "part": "head" }, "geometry": { "type": "Polygon", "coordinates": [ [ [ -90.514499426597922, 14.643452060291555 ], [ -90.514477017376947, 14.64338122874798 ], [ -90.514540752396556, 14.643389817008119 ], [ -90.514499426597922, 14.643452060291555 ] ] ] } },
{ "type": "Feature", "properties": { "kind": "L1", "value": "40.8325781601116", "building_uid": "747", "part": "head" }, "geometry": { "type": "Polygon", "coordinates": [ [ [ -90.514394835644566, 14.643072691016449 ], [ -90.514416998918634, 14.643143236714646 ], [ -90.514353576722229, 14.643134567135331 ], [ -90.514394835644566, 14.643072691016449 ] ] ] } },
{ "type": "Feature", "properties": { "kind": "L1", "value": "17.60823105623894", "building_uid": "748", "part": "head" }, "geometry": { "type": "Polygon", "coordinates": [ [ [ -90.514215620459993, 14.643419505309048 ], [ -90.51420614506452, 14.643389059564372 ], [ -90.514233484466672, 14.643392868054402 ], [ -90.514215620459993, 14.643419505309048 ] ] ] } },
{ "type": "Feature", "properties": { "kind": "L1", "value": "37.98112409950899", "building_uid": "749", "part": "head" }, "geometry": { "type": "Polygon", "coordinates": [ [ [ -90.513843552773864, 14.643024780491215 ], [ -90.513911155182669, 14.643005374706163 ], [ -90.513902275191072, 14.643062727201928 ], [ -90.513843552773864, 14.643024780491215 ] ] ] } },
{ "type": "Feature", "properties": { "kind": "L1", "value": "20.72732813702754", "building_uid": "751", "part": "head" }, "geometry": { "type": "Polygon", "coordinates": [ [ [ -90.515410617642701, 14.643445779911966 ], [ -90.515399445998526, 14.643409946270763 ], [ -90.515431630514712, 14.643414414258606 ], [ -90.515410617642701, 14.643445779911966 ] ] ] } },
{ "type": "Feature", "properties": { "kind": "L1", "value": "20.7063568582567", "building_uid": "752", "part": "head" }, "geometry": { "type": "Polygon", "coordinates": [ [ [ -90.515471820097261, 14.643526157216529 ], [ -90.515434935211616, 14.643536638469783 ], [ -90.5154398643094, 14.643505384319631 ], [ -90.515471820097261, 14.643526157216529 ] ] ] } },
{ "type": "Feature", "properties": { "kind": "L1", "value": "16.273739288285757", "building_uid": "753", "part": "head" }, "geometry": { "type": "Polygon", "coordinates": [ [ [ -90.515120401478427, 14.643476432815994 ], [ -90.515091346950086, 14.643484448202678 ], [ -90.515095419089974, 14.643459915056516 ], [ -90.515120401478427, 14.643476432815994 ] ] ] } },
{ "type": "Feature", "properties": { "kind": "L1", "value": "43.15353142964225", "building_uid": "754", "part": "head" }, "geometry": { "type": "Polygon", "coordinates": [ [ [ -90.515051111514325, 14.644088019150113 ], [ -90.515027169361204, 14.644013619993986 ], [ -90.515094259127096, 14.644022339382788 ], [ -90.515051111514325, 14.644088019150113 ] ] ] } },
{ "type": "Feature", "properties": { "kind": "L1", "value": "24.83217157850315", "building_uid": "757", "part": "head" }, "geometry": { "type": "Polygon", "coordinates": [ [ [ -90.515197997405636, 14.643894280853539 ], [ -90.51518462036816, 14.643851348632619 ], [ -90.515223177901277, 14.643856707475811 ], [ -90.515197997405636, 14.643894280853539 ] ] ] } },
{ "type": "Feature", "properties": { "kind": "L1", "value": "15.82101316557324", "building_uid": "1305", "part": "head" }, "geometry": { "type": "Polygon", "coordinates": [ [ [ -90.515375332813562, 14.64423299018646 ], [ -90.51534744151374, 14.644241912935755 ], [ -90.515350384197447, 14.644217923320298 ], [ -90.515375332813562, 14.64423299018646 ] ] ] } },
{ "type": "Feature", "properties": { "kind": "L1", "value": "15.989830821770436", "building_uid": "758", "part": "head" }, "geometry": { "type": "Polygon", "coordinates": [ [ [ -90.515429945781975, 14.64376495017498 ], [ -90.515401552022482, 14.643773336661704 ], [ -90.515405096137599, 14.643749163808256 ], [ -90.515429945781975, 14.64376495017498 ] ] ] } },
{ "type": "Feature", "properties": { "kind": "L1", "value": "23.713148532190306", "building_uid": "759", "part": "head" }, "geometry": { "type": "Polygon", "coordinates": [ [ [ -90.514767429491357, 14.644863664184472 ], [ -90.514780997420814, 14.644904419303803 ], [ -90.514744084488569, 14.644899980470285 ], [ -90.514767429491357, 14.644863664184472 ] ] ] } },
{ "type": "Feature", "properties": { "kind": "L1", "value": "21.94953166453846", "building_uid": "760", "part": "head" }, "geometry": { "type": "Polygon", "coordinates": [ [ [ -90.514502225324023, 14.644877026983485 ], [ -90.514541187015894, 14.644865466331206 ], [ -90.514536365387542, 14.644898654836805 ], [ -90.514502225324023, 14.644877026983485 ] ] ] } },
{ "type": "Feature", "properties": { "kind": "L1", "value": "24.232565668201566", "building_uid": "766", "part": "head" }, "geometry": { "type": "Polygon", "coordinates": [ [ [ -90.514214341936878, 14.645707223716286 ], [ -90.51422734768083, 14.645749133509392 ], [ -90.514189726937559, 14.64574386287793 ], [ -90.514214341936878, 14.645707223716286 ] ] ] } },
{ "type": "Feature", "properties": { "kind": "L1", "value": "13.291394327655553", "building_uid": "767", "part": "head" }, "geometry": { "type": "Polygon", "coordinates": [ [ [ -90.514285524549038, 14.64566614346165 ], [ -90.514262174269561, 14.645673877205706 ], [ -90.51426443031545, 14.645653699283296 ], [ -90.514285524549038, 14.64566614346165 ] ] ] } },
{ "type": "Feature", "properties": { "kind": "L1", "value": "33.130587425877856", "building_uid": "768", "part": "head" }, "geometry": { "type": "Polygon", "coordinates": [ [ [ -90.514046418540744, 14.645201235331403 ], [ -90.514104992851358, 14.645183053500295 ], [ -90.51409837494721, 14.645233234837878 ], [ -90.514046418540744, 14.645201235331403 ] ] ] } },
{ "type": "Feature", "properties": { "kind": "L1", "value": "26.103703276674082", "building_uid": "769", "part": "head" }, "geometry": { "type": "Polygon", "coordinates": [ [ [ -90.514097306287496, 14.645303167298927 ], [ -90.514143452154315, 14.645288826339717 ], [ -90.514138251829635, 14.645328366129419 ], [ -90.514097306287496, 14.645303167298927 ] ] ] } },
{ "type": "Feature", "properties": { "kind": "L1", "value": "41.06111028678638", "building_uid": "771", "part": "head" }, "geometry": { "type": "Polygon", "coordinates": [ [ [ -90.513403705506832, 14.646209577976146 ], [ -90.513476868954001, 14.64618885769419 ], [ -90.51346703697395, 14.646250826581328 ], [ -90.513403705506832, 14.646209577976146 ] ] ] } },
{ "type": "Feature", "properties": { "kind": "L1", "value": "42.29972926156532", "building_uid": "772", "part": "head" }, "geometry": { "type": "Polygon", "coordinates": [ [ [ -90.513369247913346, 14.64647189291853 ], [ -90.513444656054418, 14.646450673899883 ], [ -90.513434414672972, 14.646514495029484 ], [ -90.513369247913346, 14.64647189291853 ] ] ] } },
{ "type": "Feature", "properties": { "kind": "L1", "value": "30.53169658317491", "building_uid": "842", "part": "head" }, "geometry": { "type": "Polygon", "coordinates": [ [ [ -90.513785371351617, 14.646631040015459 ], [ -90.513802463405412, 14.646683631606152 ], [ -90.513754978286997, 14.646677592938845 ], [ -90.513785371351617, 14.646631040015459 ] ] ] } },
{ "type": "Feature", "properties": { "kind": "L1", "value": "31.719934556290568", "building_uid": "843", "part": "head" }, "geometry": { "type": "Polygon", "coordinates": [ [ [ -90.513864122671322, 14.646902121489418 ], [ -90.513847227378292, 14.646847224640238 ], [ -90.513896456048386, 14.646854233528463 ], [ -90.513864122671322, 14.646902121489418 ] ] ] } },
{ "type": "Feature", "properties": { "kind": "L1", "value": "21.1159596283799", "building_uid": "844", "part": "head" }, "geometry": { "type": "Polygon", "coordinates": [ [ [ -90.513679547527801, 14.646684016071163 ], [ -90.513690866576212, 14.646720539860647 ], [ -90.513658085959335, 14.646715935151613 ], [ -90.513679547527801, 14.646684016071163 ] ] ] } },
{ "type": "Feature", "properties": { "kind": "L1", "value": "20.88350536575604", "building_uid": "845", "part": "head" }, "geometry": { "type": "Polygon", "coordinates": [ [ [ -90.513947946435209, 14.646682677233736 ], [ -90.513985151473776, 14.646672120013646 ], [ -90.51398016790823, 14.646703639680172 ], [ -90.513947946435209, 14.646682677233736 ] ] ] } },
{ "type": "Feature", "properties": { "kind": "L1", "value": "14.728535037078801", "building_uid": "520", "part": "head" }, "geometry": { "type": "Polygon", "coordinates": [ [ [ -90.512230599042667, 14.645263661235752 ], [ -90.512256617631266, 14.645255513925497 ], [ -90.512253733818667, 14.645277829720545 ], [ -90.512230599042667, 14.645263661235752 ] ] ] } },
{ "type": "Feature", "properties": { "kind": "L1", "value": "24.11179705202144", "building_uid": "914", "part": "head" }, "geometry": { "type": "Polygon", "coordinates": [ [ [ -90.515047202485349, 14.646174159340214 ], [ -90.515060921882665, 14.646215623743458 ], [ -90.515023396579124, 14.646211044452565 ], [ -90.515047202485349, 14.646174159340214 ] ] ] } },
{ "type": "Feature", "properties": { "kind": "L1", "value": "32.91848749303602", "building_uid": "915", "part": "head" }, "geometry": { "type": "Polygon", "coordinates": [ [ [ -90.51479111960154, 14.646134936129302 ], [ -90.514808624863264, 14.646191915596834 ], [ -90.514757539815633, 14.646184617736012 ], [ -90.51479111960154, 14.646134936129302 ] ] ] } },
{ "type": "Feature", "properties": { "kind": "L1", "value": "30.96058543828303", "building_uid": "916", "part": "head" }, "geometry": { "type": "Polygon", "coordinates": [ [ [ -90.514607269183202, 14.64639257683535 ], [ -90.514591329637042, 14.646338836241265 ], [ -90.514639307048711, 14.646346144893574 ], [ -90.514607269183202, 14.64639257683535 ] ] ] } },
{ "type": "Feature", "properties": { "kind": "L1", "value": "26.899030319533715", "building_uid": "918", "part": "head" }, "geometry": { "type": "Polygon", "coordinates": [ [ [ -90.514196352718912, 14.64632349516922 ], [ -90.514148514744903, 14.646337370823847 ], [ -90.514154685569252, 14.646296735393079 ], [ -90.514196352718912, 14.64632349516922 ] ] ] } },
{ "type": "Feature", "properties": { "kind": "L1", "value": "14.002900110360681", "building_uid": "919", "part": "head" }, "geometry": { "type": "Polygon", "coordinates": [ [ [ -90.513814209395335, 14.646035483678057 ], [ -90.513789276814592, 14.646042609917462 ], [ -90.513792576057455, 14.646021468907609 ], [ -90.513814209395335, 14.646035483678057 ] ] ] } },
{ "type": "Feature", "properties": { "kind": "L1", "value": "43.2825559706516", "building_uid": "1267", "part": "head" }, "geometry": { "type": "Polygon", "coordinates": [ [ [ -90.514093231175593, 14.644083081128951 ], [ -90.514169969147915, 14.644059996530425 ], [ -90.514160720391189, 14.644125476524007 ], [ -90.514093231175593, 14.644083081128951 ] ] ] } },
{ "type": "Feature", "properties": { "kind": "L1", "value": "43.2246331599534", "building_uid": "1268", "part": "head" }, "geometry": { "type": "Polygon", "coordinates": [ [ [ -90.514107563851539, 14.643973978030608 ], [ -90.514184272244691, 14.643951156112553 ], [ -90.514174827367583, 14.644016520241047 ], [ -90.514107563851539, 14.643973978030608 ] ] ] } },
{ "type": "Feature", "properties": { "kind": "L1", "value": "26.162809927885277", "building_uid": "1269", "part": "head" }, "geometry": { "type": "Polygon", "coordinates": [ [ [ -90.514536903076092, 14.643903850124364 ], [ -90.514490299931126, 14.643917098485376 ], [ -90.514496523336064, 14.643877607712634 ], [ -90.514536903076092, 14.643903850124364 ] ] ] } },
{ "type": "Feature", "properties": { "kind": "L1", "value": "24.09337049238252", "building_uid": "1271", "part": "head" }, "geometry": { "type": "Polygon", "coordinates": [ [ [ -90.513512707562427, 14.643451563027588 ], [ -90.513469703620046, 14.64346346898072 ], [ -90.513475697571707, 14.643427142079704 ], [ -90.513512707562427, 14.643451563027588 ] ] ] } },
{ "type": "Feature", "properties": { "kind": "L1", "value": "21.18591997484568", "building_uid": "1272", "part": "head" }, "geometry": { "type": "Polygon", "coordinates": [ [ [ -90.512320730574373, 14.643899276292863 ], [ -90.512332516770428, 14.643935792185209 ], [ -90.512299575865597, 14.643931538821148 ], [ -90.512320730574373, 14.643899276292863 ] ] ] } },
{ "type": "Feature", "properties": { "kind": "L1", "value": "23.4513134031835", "building_uid": "1297", "part": "head" }, "geometry": { "type": "Polygon", "coordinates": [ [ [ -90.513664577088647, 14.644582057640916 ], [ -90.513651354603326, 14.64454169133074 ], [ -90.513687838169929, 14.64454624890106 ], [ -90.513664577088647, 14.644582057640916 ] ] ] } },
{ "type": "Feature", "properties": { "kind": "L1", "value": "11.731918305356182", "building_uid": "1300", "part": "head" }, "geometry": { "type": "Polygon", "coordinates": [ [ [ -90.515286598304499, 14.644567850715585 ], [ -90.515280040341153, 14.64454763920037 ], [ -90.515298285406558, 14.644549967854083 ], [ -90.515286598304499, 14.644567850715585 ] ] ] } },
{ "type": "Feature", "properties": { "kind": "L1", "value": "17.609376162668443", "building_uid": "1302", "part": "head" }, "geometry": { "type": "Polygon", "coordinates": [ [ [ -90.515341609573767, 14.644409229179972 ], [ -90.515310366639056, 14.644418550687933 ], [ -90.515314192818451, 14.644391918884436 ], [ -90.515341609573767, 14.644409229179972 ] ] ] } },
{ "type": "Feature", "properties": { "kind": "L1", "value": "41.64409833317248", "building_uid": "1303", "part": "head" }, "geometry": { "type": "Polygon", "coordinates": [ [ [ -90.515355928224338, 14.644324178999739 ], [ -90.515282552608952, 14.644347783501837 ], [ -90.515290191222164, 14.644284625628488 ], [ -90.515355928224338, 14.644324178999739 ] ] ] } },
{ "type": "Feature", "properties": { "kind": "L1", "value": "32.64351290644161", "building_uid": "1405", "part": "head" }, "geometry": { "type": "Polygon", "coordinates": [ [ [ -90.511899502308452, 14.646477707915249 ], [ -90.511957481344041, 14.646460625763892 ], [ -90.511950210924653, 14.646509970052415 ], [ -90.511899502308452, 14.646477707915249 ] ] ] } },
{ "type": "Feature", "properties": { "kind": "L1", "value": "32.81147000862158", "building_uid": "1406", "part": "head" }, "geometry": { "type": "Polygon", "coordinates": [ [ [ -90.512217915292197, 14.646348821474001 ], [ -90.512159870287974, 14.646366721963979 ], [ -90.512166520411498, 14.646317036134358 ], [ -90.512217915292197, 14.646348821474001 ] ] ] } },
{ "type": "Feature", "properties": { "kind": "L1", "value": "18.844250401687372", "building_uid": "1408", "part": "head" }, "geometry": { "type": "Polygon", "coordinates": [ [ [ -90.511950063296169, 14.646073041038232 ], [ -90.511983469440722, 14.646062977655179 ], [ -90.511979454308374, 14.646091487671917 ], [ -90.511950063296169, 14.646073041038232 ] ] ] } },
{ "type": "Feature", "properties": { "kind": "L1", "value": "33.14721660982433", "building_uid": "1409", "part": "head" }, "geometry": { "type": "Polygon", "coordinates": [ [ [ -90.512241772021966, 14.646227727349098 ], [ -90.512182863038319, 14.646244958925726 ], [ -90.51219034810093, 14.646194867636158 ], [ -90.512241772021966, 14.646227727349098 ] ] ] } },
{ "type": "Feature", "properties": { "kind": "L1", "value": "41.93660370555623", "building_uid": "1410", "part": "head" }, "geometry": { "type": "Polygon", "coordinates": [ [ [ -90.5133543676899, 14.646595305500796 ], [ -90.513428914755835, 14.646573561435453 ], [ -90.513419394082817, 14.646636927873386 ], [ -90.5133543676899, 14.646595305500796 ] ] ] } },
{ "type": "Feature", "properties": { "kind": "L1", "value": "18.356893206824026", "building_uid": "1411", "part": "head" }, "geometry": { "type": "Polygon", "coordinates": [ [ [ -90.51332459405225, 14.64678293040587 ], [ -90.5133573284607, 14.646773753504137 ], [ -90.513352855813366, 14.6468014457788 ], [ -90.51332459405225, 14.64678293040587 ] ] ] } },
{ "type": "Feature", "properties": { "kind": "L1", "value": "33.01707332849349", "building_uid": "1412", "part": "head" }, "geometry": { "type": "Polygon", "coordinates": [ [ [ -90.513881672783327, 14.646357600596721 ], [ -90.513940599555937, 14.646341265200176 ], [ -90.513932403031873, 14.646391049610896 ], [ -90.513881672783327, 14.646357600596721 ] ] ] } },
{ "type": "Feature", "properties": { "kind": "L1", "value": "32.70169127913318", "building_uid": "1413", "part": "head" }, "geometry": { "type": "Polygon", "coordinates": [ [ [ -90.514172928701257, 14.646484102654862 ], [ -90.5141145647885, 14.646500282131553 ], [ -90.514122682931486, 14.646450973245605 ], [ -90.514172928701257, 14.646484102654862 ] ] ] } },
{ "type": "Feature", "properties": { "kind": "L1", "value": "33.325458818411796", "building_uid": "1414", "part": "head" }, "geometry": { "type": "Polygon", "coordinates": [ [ [ -90.513870133209053, 14.646554413182393 ], [ -90.513929505404008, 14.646537570251942 ], [ -90.513921549114229, 14.646587868128069 ], [ -90.513870133209053, 14.646554413182393 ] ] ] } },
{ "type": "Feature", "properties": { "kind": "L1", "value": "33.84186860838223", "building_uid": "1426", "part": "head" }, "geometry": { "type": "Polygon", "coordinates": [ [ [ -90.512907116254695, 14.644891417930909 ], [ -90.512889421551009, 14.644832753241261 ], [ -90.512941899930738, 14.644840511704597 ], [ -90.512907116254695, 14.644891417930909 ] ] ] } },
{ "type": "Feature", "properties": { "kind": "L1", "value": "16.794714628609338", "building_uid": "1428", "part": "head" }, "geometry": { "type": "Polygon", "coordinates": [ [ [ -90.513395678954552, 14.645309194824351 ], [ -90.513365637423632, 14.64531726957361 ], [ -90.513370015372928, 14.645291979268704 ], [ -90.513395678954552, 14.645309194824351 ] ] ] } },
{ "type": "Feature", "properties": { "kind": "L1", "value": "21.76525968053125", "building_uid": "1429", "part": "head" }, "geometry": { "type": "Polygon", "coordinates": [ [ [ -90.513237217643592, 14.645159933011735 ], [ -90.513276184105308, 14.645149588782415 ], [ -90.513270403697021, 14.645182346286129 ], [ -90.513237217643592, 14.645159933011735 ] ] ] } },
{ "type": "Feature", "properties": { "kind": "L1", "value": "24.637799756347256", "building_uid": "1430", "part": "head" }, "geometry": { "type": "Polygon", "coordinates": [ [ [ -90.513019551813869, 14.645283692991116 ], [ -90.512975783538749, 14.645296558090376 ], [ -90.512981295778872, 14.645259318778807 ], [ -90.513019551813869, 14.645283692991116 ] ] ] } },
{ "type": "Feature", "properties": { "kind": "L1", "value": "10.577127723292586", "building_uid": "763", "part": "head" }, "geometry": { "type": "Polygon", "coordinates": [ [ [ -90.514457442608204, 14.645168992116565 ], [ -90.514476246334169, 14.6451635137055 ], [ -90.51447383985294, 14.645179495073114 ], [ -90.514457442608204, 14.645168992116565 ] ] ] } },
{ "type": "Feature", "properties": { "kind": "L1", "value": "24.285954885978594", "building_uid": "1431", "part": "head" }, "geometry": { "type": "Polygon", "coordinates": [ [ [ -90.51300369207074, 14.645369551636483 ], [ -90.512960635792723, 14.645382510179614 ], [ -90.51296582017244, 14.645345768530991 ], [ -90.51300369207074, 14.645369551636483 ] ] ] } },
{ "type": "Feature", "properties": { "kind": "L1", "value": "17.550170658175407", "building_uid": "1542", "part": "head" }, "geometry": { "type": "Polygon", "coordinates": [ [ [ -90.515026530525148, 14.644906174627444 ], [ -90.515036343342146, 14.644936408928954 ], [ -90.515009049602824, 14.644932927576875 ], [ -90.515026530525148, 14.644906174627444 ] ] ] } },
{ "type": "Feature", "properties": { "kind": "L1", "value": "20.394110635154835", "building_uid": "1543", "part": "head" }, "geometry": { "type": "Polygon", "coordinates": [ [ [ -90.515091081753283, 14.644982658392342 ], [ -90.515127290113838, 14.644971941269489 ], [ -90.51512278832098, 14.645002774918568 ], [ -90.515091081753283, 14.644982658392342 ] ] ] } },
{ "type": "Feature", "properties": { "kind": "L1", "value": "19.38596203693638", "building_uid": "1544", "part": "head" }, "geometry": { "type": "Polygon", "coordinates": [ [ [ -90.515195279965781, 14.645281003927014 ], [ -90.51518493905526, 14.645247457571847 ], [ -90.515215027413106, 14.645251728170694 ], [ -90.515195279965781, 14.645281003927014 ] ] ] } },
{ "type": "Feature", "properties": { "kind": "L1", "value": "34.191391168236905", "building_uid": "1545", "part": "head" }, "geometry": { "type": "Polygon", "coordinates": [ [ [ -90.515215629814364, 14.645338236397004 ], [ -90.515154489015572, 14.645354742580954 ], [ -90.515163342109133, 14.645303245673624 ], [ -90.515215629814364, 14.645338236397004 ] ] ] } },
{ "type": "Feature", "properties": { "kind": "L1", "value": "13.955459624498898", "building_uid": "1546", "part": "head" }, "geometry": { "type": "Polygon", "coordinates": [ [ [ -90.515191762944497, 14.645491002832975 ], [ -90.515167100063024, 14.645498692530518 ], [ -90.515169859647642, 14.645477551349595 ], [ -90.515191762944497, 14.645491002832975 ] ] ] } },
{ "type": "Feature", "properties": { "kind": "L1", "value": "43.56675819130563", "building_uid": "1549", "part": "head" }, "geometry": { "type": "Polygon", "coordinates": [ [ [ -90.514318647485396, 14.6454393691193 ], [ -90.514241902119522, 14.645464117101886 ], [ -90.51424984465686, 14.645398037782595 ], [ -90.514318647485396, 14.6454393691193 ] ] ] } },
{ "type": "Feature", "properties": { "kind": "L1", "value": "14.195048553572441", "building_uid": "1551", "part": "head" }, "geometry": { "type": "Polygon", "coordinates": [ [ [ -90.513920463511269, 14.645761166025602 ], [ -90.513927795903612, 14.645785798565306 ], [ -90.513905795617163, 14.645782468229925 ], [ -90.513920463511269, 14.645761166025602 ] ] ] } },
{ "type": "Feature", "properties": { "kind": "L1", "value": "13.57230077899817", "building_uid": "1552", "part": "head" }, "geometry": { "type": "Polygon", "coordinates": [ [ [ -90.512768051767267, 14.645705197915627 ], [ -90.512760437574485, 14.645681824332378 ], [ -90.512781547958909, 14.645684494774169 ], [ -90.512768051767267, 14.645705197915627 ] ] ] } },
{ "type": "Feature", "properties": { "kind": "L1", "value": "9.719839505624714", "building_uid": "1553", "part": "head" }, "geometry": { "type": "Polygon", "coordinates": [ [ [ -90.512794131329954, 14.645585767056577 ], [ -90.512788721753608, 14.645569014675601 ], [ -90.51280383500611, 14.645570964208476 ], [ -90.512794131329954, 14.645585767056577 ] ] ] } },
{ "type": "Feature", "properties": { "kind": "L1", "value": "21.709841524236786", "building_uid": "1554", "part": "head" }, "geometry": { "type": "Polygon", "coordinates": [ [ [ -90.512967847976952, 14.645458018915242 ], [ -90.512929352168371, 14.645469581841359 ], [ -90.512934005567445, 14.645436740074365 ], [ -90.512967847976952, 14.645458018915242 ] ] ] } },
{ "type": "Feature", "properties": { "kind": "L1", "value": "29.318423412621648", "building_uid": "1556", "part": "head" }, "geometry": { "type": "Polygon", "coordinates": [ [ [ -90.512811397257266, 14.644989848682336 ], [ -90.512863641945529, 14.644975070381745 ], [ -90.512856607132619, 14.645019315142367 ], [ -90.512811397257266, 14.644989848682336 ] ] ] } },
{ "type": "Feature", "properties": { "kind": "L1", "value": "40.266828447653275", "building_uid": "1557", "part": "head" }, "geometry": { "type": "Polygon", "coordinates": [ [ [ -90.513106363483445, 14.644600763334966 ], [ -90.513125501215384, 14.644671086703443 ], [ -90.513063334319042, 14.644660239876274 ], [ -90.513106363483445, 14.644600763334966 ] ] ] } },
{ "type": "Feature", "properties": { "kind": "L1", "value": "34.70351435377429", "building_uid": "1558", "part": "head" }, "geometry": { "type": "Polygon", "coordinates": [ [ [ -90.513249001915355, 14.644944108659923 ], [ -90.513230856610775, 14.644883950317341 ], [ -90.513284671174063, 14.644891906262178 ], [ -90.513249001915355, 14.644944108659923 ] ] ] } },
{ "type": "Feature", "properties": { "kind": "L1", "value": "34.589598058331916", "building_uid": "1559", "part": "head" }, "geometry": { "type": "Polygon", "coordinates": [ [ [ -90.51321828083033, 14.644628201670306 ], [ -90.513235580792724, 14.644688381921911 ], [ -90.513182051004364, 14.644679787672521 ], [ -90.51321828083033, 14.644628201670306 ] ] ] } },
{ "type": "Feature", "properties": { "kind": "L1", "value": "21.83987671187951", "building_uid": "2593", "part": "head" }, "geometry": { "type": "Polygon", "coordinates": [ [ [ -90.515334623978234, 14.644018142935034 ], [ -90.515322415827356, 14.643980517634773 ], [ -90.515356380349772, 14.643984852583722 ], [ -90.515334623978234, 14.644018142935034 ] ] ] } },
{ "type": "Feature", "properties": { "kind": "L1", "value": "15.922869841763228", "building_uid": "2594", "part": "head" }, "geometry": { "type": "Polygon", "coordinates": [ [ [ -90.515356644033218, 14.644022689991036 ], [ -90.51536571943177, 14.64405006725832 ], [ -90.515340937122488, 14.644047056511631 ], [ -90.515356644033218, 14.644022689991036 ] ] ] } },
{ "type": "Feature", "properties": { "kind": "L1", "value": "13.813618575353553", "building_uid": "2595", "part": "head" }, "geometry": { "type": "Polygon", "coordinates": [ [ [ -90.515105630574354, 14.644211855254813 ], [ -90.515081184822961, 14.644219363621804 ], [ -90.515084009552936, 14.644198449048888 ], [ -90.515105630574354, 14.644211855254813 ] ] ] } },
{ "type": "Feature", "properties": { "kind": "L1", "value": "6.747392268262116", "building_uid": "2596", "part": "head" }, "geometry": { "type": "Polygon", "coordinates": [ [ [ -90.515246399900519, 14.644646822935798 ], [ -90.515258432699028, 14.644643452518777 ], [ -90.515256786289697, 14.644653630935322 ], [ -90.515246399900519, 14.644646822935798 ] ] ] } },
{ "type": "Feature", "properties": { "kind": "L1", "value": "41.208738883302765", "building_uid": "2597", "part": "head" }, "geometry": { "type": "Polygon", "coordinates": [ [ [ -90.51422391345497, 14.6442886269945 ], [ -90.514246026763828, 14.644359897814923 ], [ -90.514182051576086, 14.644350931854188 ], [ -90.51422391345497, 14.6442886269945 ] ] ] } },
{ "type": "Feature", "properties": { "kind": "L1", "value": "17.70577451494672", "building_uid": "2598", "part": "head" }, "geometry": { "type": "Polygon", "coordinates": [ [ [ -90.514292783298004, 14.644524667138677 ], [ -90.514301212308382, 14.644555585538782 ], [ -90.514273874673165, 14.644550827741474 ], [ -90.514292783298004, 14.644524667138677 ] ] ] } },
{ "type": "Feature", "properties": { "kind": "L1", "value": "20.982730784913123", "building_uid": "2599", "part": "head" }, "geometry": { "type": "Polygon", "coordinates": [ [ [ -90.514457037577586, 14.644395810175132 ], [ -90.514419882010628, 14.644407144897249 ], [ -90.514424236254769, 14.644375384104587 ], [ -90.514457037577586, 14.644395810175132 ] ] ] } },
{ "type": "Feature", "properties": { "kind": "L1", "value": "31.729850985834815", "building_uid": "2689", "part": "head" }, "geometry": { "type": "Polygon", "coordinates": [ [ [ -90.514509943424869, 14.648290967621632 ], [ -90.514566201801387, 14.648274050053015 ], [ -90.514559416638704, 14.648322051884985 ], [ -90.514509943424869, 14.648290967621632 ] ] ] } },
{ "type": "Feature", "properties": { "kind": "L1", "value": "32.15190443877447", "building_uid": "2690", "part": "head" }, "geometry": { "type": "Polygon", "coordinates": [ [ [ -90.514511879734954, 14.648223631409811 ], [ -90.514569304579155, 14.648207867195993 ], [ -90.514561195257201, 14.648256327024491 ], [ -90.514511879734954, 14.648223631409811 ] ] ] } },
{ "type": "Feature", "properties": { "kind": "L1", "value": "23.554248601229823", "building_uid": "2691", "part": "head" }, "geometry": { "type": "Polygon", "coordinates": [ [ [ -90.514792991922377, 14.648414371900405 ], [ -90.514751229227628, 14.648426930518088 ], [ -90.514756266047968, 14.648391296959966 ], [ -90.514792991922377, 14.648414371900405 ] ] ] } },
{ "type": "Feature", "properties": { "kind": "L1", "value": "32.54565568836743", "building_uid": "2693", "part": "head" }, "geometry": { "type": "Polygon", "coordinates": [ [ [ -90.51454419882603, 14.648126849077569 ], [ -90.514603338363671, 14.648114924183995 ], [ -90.514591595687534, 14.648163291433658 ], [ -90.51454419882603, 14.648126849077569 ] ] ] } },
{ "type": "Feature", "properties": { "kind": "L1", "value": "33.21907964591617", "building_uid": "2694", "part": "head" }, "geometry": { "type": "Polygon", "coordinates": [ [ [ -90.51484671393996, 14.648068356565187 ], [ -90.5147865601635, 14.648081474359881 ], [ -90.514797726553994, 14.64803192454432 ], [ -90.51484671393996, 14.648068356565187 ] ] ] } },
{ "type": "Feature", "properties": { "kind": "L1", "value": "40.939600360645485", "building_uid": "2695", "part": "head" }, "geometry": { "type": "Polygon", "coordinates": [ [ [ -90.51487103458723, 14.647867875067618 ], [ -90.514798095290217, 14.647888561712165 ], [ -90.514807873554631, 14.647826772445011 ], [ -90.51487103458723, 14.647867875067618 ] ] ] } },
{ "type": "Feature", "properties": { "kind": "L1", "value": "40.708473560818845", "building_uid": "2696", "part": "head" }, "geometry": { "type": "Polygon", "coordinates": [ [ [ -90.514881143981071, 14.647759987769996 ], [ -90.514808294487125, 14.647779449126334 ], [ -90.514819004755282, 14.647718164497247 ], [ -90.514881143981071, 14.647759987769996 ] ] ] } },
{ "type": "Feature", "properties": { "kind": "L1", "value": "32.66824763733843", "building_uid": "2697", "part": "head" }, "geometry": { "type": "Polygon", "coordinates": [ [ [ -90.51486123027378, 14.647967270747166 ], [ -90.514803011646592, 14.647983724971178 ], [ -90.514810861629172, 14.647934426597425 ], [ -90.51486123027378, 14.647967270747166 ] ] ] } },
{ "type": "Feature", "properties": { "kind": "L1", "value": "28.479278412168902", "building_uid": "2698", "part": "head" }, "geometry": { "type": "Polygon", "coordinates": [ [ [ -90.514827909675162, 14.64717188927108 ], [ -90.514842106883862, 14.647221451358691 ], [ -90.514798039388793, 14.647214335789656 ], [ -90.514827909675162, 14.64717188927108 ] ] ] } },
{ "type": "Feature", "properties": { "kind": "L1", "value": "28.480027238139673", "building_uid": "2699", "part": "head" }, "geometry": { "type": "Polygon", "coordinates": [ [ [ -90.514722503012266, 14.64740824578141 ], [ -90.514708679220647, 14.647358582334354 ], [ -90.514752693104796, 14.647366012615887 ], [ -90.514722503012266, 14.64740824578141 ] ] ] } },
{ "type": "Feature", "properties": { "kind": "L1", "value": "12.432295618292226", "building_uid": "2700", "part": "head" }, "geometry": { "type": "Polygon", "coordinates": [ [ [ -90.514959384921056, 14.647231137621288 ], [ -90.514937155346686, 14.647237146271005 ], [ -90.51494036834481, 14.647218420548668 ], [ -90.514959384921056, 14.647231137621288 ] ] ] } },
{ "type": "Feature", "properties": { "kind": "L1", "value": "11.74703981240889", "building_uid": "2701", "part": "head" }, "geometry": { "type": "Polygon", "coordinates": [ [ [ -90.514837957136407, 14.647304767042812 ], [ -90.514858786823723, 14.647298509405262 ], [ -90.514856269792105, 14.64731627999485 ], [ -90.514837957136407, 14.647304767042812 ] ] ] } },
{ "type": "Feature", "properties": { "kind": "L1", "value": "27.469436866131787", "building_uid": "2702", "part": "head" }, "geometry": { "type": "Polygon", "coordinates": [ [ [ -90.514667440464279, 14.647473141163166 ], [ -90.514716193999163, 14.64745865122903 ], [ -90.514710179511951, 14.647500188749971 ], [ -90.514667440464279, 14.647473141163166 ] ] ] } },
{ "type": "Feature", "properties": { "kind": "L1", "value": "12.289305387109783", "building_uid": "2703", "part": "head" }, "geometry": { "type": "Polygon", "coordinates": [ [ [ -90.514910744731935, 14.647362811153478 ], [ -90.514917353534571, 14.647384061464315 ], [ -90.514898272762636, 14.647381399592296 ], [ -90.514910744731935, 14.647362811153478 ] ] ] } },
{ "type": "Feature", "properties": { "kind": "L1", "value": "33.980844445161836", "building_uid": "2704", "part": "head" }, "geometry": { "type": "Polygon", "coordinates": [ [ [ -90.51468456805317, 14.647135969796746 ], [ -90.514698206865788, 14.64719590970353 ], [ -90.514646173444248, 14.647184670583259 ], [ -90.51468456805317, 14.647135969796746 ] ] ] } },
{ "type": "Feature", "properties": { "kind": "L1", "value": "33.56294729771333", "building_uid": "2705", "part": "head" }, "geometry": { "type": "Polygon", "coordinates": [ [ [ -90.514559786384609, 14.647126228185433 ], [ -90.514577437563531, 14.647184380138613 ], [ -90.514525377660689, 14.647176772220037 ], [ -90.514559786384609, 14.647126228185433 ] ] ] } },
{ "type": "Feature", "properties": { "kind": "L1", "value": "16.33827635319913", "building_uid": "2706", "part": "head" }, "geometry": { "type": "Polygon", "coordinates": [ [ [ -90.514365915425927, 14.647238317174562 ], [ -90.51435780487094, 14.647209874635692 ], [ -90.514383081010308, 14.647213985611966 ], [ -90.514365915425927, 14.647238317174562 ] ] ] } },
{ "type": "Feature", "properties": { "kind": "L1", "value": "16.25346840106994", "building_uid": "2708", "part": "head" }, "geometry": { "type": "Polygon", "coordinates": [ [ [ -90.514464401745599, 14.647106172149073 ], [ -90.514472783715618, 14.647134380529121 ], [ -90.514447594871115, 14.64713055562601 ], [ -90.514464401745599, 14.647106172149073 ] ] ] } },
{ "type": "Feature", "properties": { "kind": "L1", "value": "40.70921221158484", "building_uid": "2711", "part": "head" }, "geometry": { "type": "Polygon", "coordinates": [ [ [ -90.514902699175821, 14.647649196033983 ], [ -90.51483019024721, 14.647669832429461 ], [ -90.514839854331768, 14.647608382035529 ], [ -90.514902699175821, 14.647649196033983 ] ] ] } },
{ "type": "Feature", "properties": { "kind": "L1", "value": "19.54102015124629", "building_uid": "2712", "part": "head" }, "geometry": { "type": "Polygon", "coordinates": [ [ [ -90.514911224867419, 14.647567818167321 ], [ -90.514876542908752, 14.647578125981019 ], [ -90.514880821404319, 14.647548577293076 ], [ -90.514911224867419, 14.647567818167321 ] ] ] } },
{ "type": "Feature", "properties": { "kind": "L1", "value": "22.16368127330227", "building_uid": "701", "part": "head" }, "geometry": { "type": "Polygon", "coordinates": [ [ [ -90.512240311083517, 14.645959904492917 ], [ -90.512200950186468, 14.645971517216124 ], [ -90.512205873404085, 14.645938012519737 ], [ -90.512240311083517, 14.645959904492917 ] ] ] } },
{ "type": "Feature", "properties": { "kind": "L1", "value": "25.095756801264454", "building_uid": "2720", "part": "head" }, "geometry": { "type": "Polygon", "coordinates": [ [ [ -90.514400407485496, 14.648186551490047 ], [ -90.51441393059244, 14.648229938255431 ], [ -90.514374962557014, 14.648224525780082 ], [ -90.514400407485496, 14.648186551490047 ] ] ] } },
{ "type": "Feature", "properties": { "kind": "L1", "value": "21.991297544763206", "building_uid": "2728", "part": "head" }, "geometry": { "type": "Polygon", "coordinates": [ [ [ -90.514874107761642, 14.646405660043094 ], [ -90.514913177598302, 14.646394185689804 ], [ -90.514908249502625, 14.646427423820503 ], [ -90.514874107761642, 14.646405660043094 ] ] ] } },
{ "type": "Feature", "properties": { "kind": "L1", "value": "29.17978256910706", "building_uid": "2729", "part": "head" }, "geometry": { "type": "Polygon", "coordinates": [ [ [ -90.515080510076828, 14.646567630986311 ], [ -90.515028559976187, 14.646582499306238 ], [ -90.515035418651991, 14.646538442390012 ], [ -90.515080510076828, 14.646567630986311 ] ] ] } },
{ "type": "Feature", "properties": { "kind": "L1", "value": "54.582211049417545", "building_uid": "2730", "part": "head" }, "geometry": { "type": "Polygon", "coordinates": [ [ [ -90.514778707639223, 14.646573053513869 ], [ -90.514806232591084, 14.64666795603722 ], [ -90.514721730026778, 14.646654584505745 ], [ -90.514778707639223, 14.646573053513869 ] ] ] } },
{ "type": "Feature", "properties": { "kind": "L1", "value": "53.720528050334174", "building_uid": "2731", "part": "head" }, "geometry": { "type": "Polygon", "coordinates": [ [ [ -90.514920035518884, 14.647046276519898 ], [ -90.514890279463103, 14.646953644291433 ], [ -90.514973792817315, 14.646964540843566 ], [ -90.514920035518884, 14.647046276519898 ] ] ] } },
{ "type": "Feature", "properties": { "kind": "L1", "value": "18.725571144261593", "building_uid": "2734", "part": "head" }, "geometry": { "type": "Polygon", "coordinates": [ [ [ -90.514395115358923, 14.646938950951245 ], [ -90.514361927564337, 14.646948976583555 ], [ -90.514365894373014, 14.646920643004586 ], [ -90.514395115358923, 14.646938950951245 ] ] ] } },
{ "type": "Feature", "properties": { "kind": "L1", "value": "35.3536514465036", "building_uid": "2736", "part": "head" }, "geometry": { "type": "Polygon", "coordinates": [ [ [ -90.514512338943192, 14.647003915978329 ], [ -90.514493898701531, 14.646942617678734 ], [ -90.514548716001528, 14.646950760987336 ], [ -90.514512338943192, 14.647003915978329 ] ] ] } },
{ "type": "Feature", "properties": { "kind": "L1", "value": "25.39641296012885", "building_uid": "2738", "part": "head" }, "geometry": { "type": "Polygon", "coordinates": [ [ [ -90.514427832863788, 14.646990116408004 ], [ -90.514414632131007, 14.646946069516407 ], [ -90.514454004204666, 14.64695195816876 ], [ -90.514427832863788, 14.646990116408004 ] ] ] } },
{ "type": "Feature", "properties": { "kind": "L1", "value": "32.488022426695395", "building_uid": "2741", "part": "head" }, "geometry": { "type": "Polygon", "coordinates": [ [ [ -90.513892317454705, 14.645978228155208 ], [ -90.513909407091916, 14.646034516532175 ], [ -90.51385901429893, 14.646027155562413 ], [ -90.513892317454705, 14.645978228155208 ] ] ] } },
{ "type": "Feature", "properties": { "kind": "L1", "value": "13.63726458093446", "building_uid": "2742", "part": "head" }, "geometry": { "type": "Polygon", "coordinates": [ [ [ -90.513414173608609, 14.646389783011426 ], [ -90.513406941443378, 14.646366172179791 ], [ -90.513428102090302, 14.646369212314173 ], [ -90.513414173608609, 14.646389783011426 ] ] ] } },
{ "type": "Feature", "properties": { "kind": "L1", "value": "20.979695004400618", "building_uid": "2745", "part": "head" }, "geometry": { "type": "Polygon", "coordinates": [ [ [ -90.513554257364476, 14.646856354837904 ], [ -90.513543011211169, 14.646820066788029 ], [ -90.513575580320804, 14.646824641656625 ], [ -90.513554257364476, 14.646856354837904 ] ] ] } },
{ "type": "Feature", "properties": { "kind": "L1", "value": "20.61364228909213", "building_uid": "2746", "part": "head" }, "geometry": { "type": "Polygon", "coordinates": [ [ [ -90.513533084536022, 14.646715510601101 ], [ -90.513496490536312, 14.646726357067768 ], [ -90.51350102825073, 14.646695189814384 ], [ -90.513533084536022, 14.646715510601101 ] ] ] } },
{ "type": "Feature", "properties": { "kind": "L1", "value": "21.81981416652741", "building_uid": "2747", "part": "head" }, "geometry": { "type": "Polygon", "coordinates": [ [ [ -90.513929322132569, 14.648200992794193 ], [ -90.513890403151223, 14.648211869884792 ], [ -90.513895747224069, 14.648178957859338 ], [ -90.513929322132569, 14.648200992794193 ] ] ] } },
{ "type": "Feature", "properties": { "kind": "L1", "value": "18.282344275753804", "building_uid": "2748", "part": "head" }, "geometry": { "type": "Polygon", "coordinates": [ [ [ -90.513768481798792, 14.648112572198352 ], [ -90.513801091170507, 14.648103458615999 ], [ -90.513796613411486, 14.648131034867204 ], [ -90.513768481798792, 14.648112572198352 ] ] ] } },
{ "type": "Feature", "properties": { "kind": "L1", "value": "16.620271726952193", "building_uid": "2749", "part": "head" }, "geometry": { "type": "Polygon", "coordinates": [ [ [ -90.513762716423628, 14.648263784279662 ], [ -90.513792358982997, 14.648255491527845 ], [ -90.513788295167942, 14.648280561840597 ], [ -90.513762716423628, 14.648263784279662 ] ] ] } },
{ "type": "Feature", "properties": { "kind": "L1", "value": "19.649659617697207", "building_uid": "2750", "part": "head" }, "geometry": { "type": "Polygon", "coordinates": [ [ [ -90.513726728093587, 14.648148977773296 ], [ -90.51373685429428, 14.648183082362355 ], [ -90.513706403049198, 14.648178452113775 ], [ -90.513726728093587, 14.648148977773296 ] ] ] } },
{ "type": "Feature", "properties": { "kind": "L1", "value": "28.16587054567727", "building_uid": "2751", "part": "head" }, "geometry": { "type": "Polygon", "coordinates": [ [ [ -90.513692102397201, 14.64801227461078 ], [ -90.513742614394729, 14.647999198698125 ], [ -90.513734859217109, 14.648041542522167 ], [ -90.513692102397201, 14.64801227461078 ] ] ] } },
{ "type": "Feature", "properties": { "kind": "L1", "value": "26.80907086439295", "building_uid": "2752", "part": "head" }, "geometry": { "type": "Polygon", "coordinates": [ [ [ -90.513969443739569, 14.647949699756625 ], [ -90.5139217129542, 14.647963356412385 ], [ -90.513928017719053, 14.64792287942233 ], [ -90.513969443739569, 14.647949699756625 ] ] ] } },
{ "type": "Feature", "properties": { "kind": "L1", "value": "20.73200985280871", "building_uid": "2753", "part": "head" }, "geometry": { "type": "Polygon", "coordinates": [ [ [ -90.513977934743167, 14.647851579601019 ], [ -90.51394111056932, 14.64786242469178 ], [ -90.513945731542606, 14.647831086404116 ], [ -90.513977934743167, 14.647851579601019 ] ] ] } },
{ "type": "Feature", "properties": { "kind": "L1", "value": "8.857793740822352", "building_uid": "2755", "part": "head" }, "geometry": { "type": "Polygon", "coordinates": [ [ [ -90.513962601904183, 14.647692453151381 ], [ -90.513957785323598, 14.647677152280924 ], [ -90.513971544809721, 14.647679025625376 ], [ -90.513962601904183, 14.647692453151381 ] ] ] } },
{ "type": "Feature", "properties": { "kind": "L1", "value": "26.54169865155144", "building_uid": "2757", "part": "head" }, "geometry": { "type": "Polygon", "coordinates": [ [ [ -90.514041901642202, 14.647418327525067 ], [ -90.513994631045946, 14.647431795023257 ], [ -90.514000920283564, 14.64739172873518 ], [ -90.514041901642202, 14.647418327525067 ] ] ] } },
{ "type": "Feature", "properties": { "kind": "L1", "value": "33.35931705785153", "building_uid": "2758", "part": "head" }, "geometry": { "type": "Polygon", "coordinates": [ [ [ -90.514017761018792, 14.647576286961328 ], [ -90.513958405916583, 14.647593404490461 ], [ -90.513966139988, 14.647543021488184 ], [ -90.514017761018792, 14.647576286961328 ] ] ] } },
{ "type": "Feature", "properties": { "kind": "L1", "value": "33.27499223234239", "building_uid": "2759", "part": "head" }, "geometry": { "type": "Polygon", "coordinates": [ [ [ -90.513719476234954, 14.647447142376842 ], [ -90.513778681268107, 14.647430068174399 ], [ -90.513770966713167, 14.647480323807933 ], [ -90.513719476234954, 14.647447142376842 ] ] ] } },
{ "type": "Feature", "properties": { "kind": "L1", "value": "23.350834404488374", "building_uid": "2761", "part": "head" }, "geometry": { "type": "Polygon", "coordinates": [ [ [ -90.513856454249776, 14.647169683580932 ], [ -90.513897883788786, 14.647157321298724 ], [ -90.513892811443839, 14.647192636430084 ], [ -90.513856454249776, 14.647169683580932 ] ] ] } },
{ "type": "Feature", "properties": { "kind": "L1", "value": "23.36413834545332", "building_uid": "2762", "part": "head" }, "geometry": { "type": "Polygon", "coordinates": [ [ [ -90.513848078100679, 14.647231442157713 ], [ -90.51388950911867, 14.647219002728576 ], [ -90.513884496948364, 14.647254346512014 ], [ -90.513848078100679, 14.647231442157713 ] ] ] } },
{ "type": "Feature", "properties": { "kind": "L1", "value": "27.900689650622336", "building_uid": "2763", "part": "head" }, "geometry": { "type": "Polygon", "coordinates": [ [ [ -90.514050420328687, 14.647337806550656 ], [ -90.514000944739166, 14.647352661340662 ], [ -90.514006930092648, 14.647310454944943 ], [ -90.514050420328687, 14.647337806550656 ] ] ] } },
{ "type": "Feature", "properties": { "kind": "L1", "value": "20.374364563395126", "building_uid": "764", "part": "head" }, "geometry": { "type": "Polygon", "coordinates": [ [ [ -90.514637068257542, 14.645263572051475 ], [ -90.514601058449912, 14.645274789169916 ], [ -90.514605095910042, 14.645243925040747 ], [ -90.514637068257542, 14.645263572051475 ] ] ] } },
{ "type": "Feature", "properties": { "kind": "L1", "value": "15.443158606153204", "building_uid": "2764", "part": "head" }, "geometry": { "type": "Polygon", "coordinates": [ [ [ -90.513938327712225, 14.647097149838906 ], [ -90.513965778363968, 14.64708913807462 ], [ -90.513962276405778, 14.647112473354992 ], [ -90.513938327712225, 14.647097149838906 ] ] ] } },
{ "type": "Feature", "properties": { "kind": "L1", "value": "14.711249473194586", "building_uid": "2765", "part": "head" }, "geometry": { "type": "Polygon", "coordinates": [ [ [ -90.51389070893832, 14.64714599855305 ], [ -90.513882860688369, 14.647120541818063 ], [ -90.513905693852578, 14.647123781859472 ], [ -90.51389070893832, 14.64714599855305 ] ] ] } },
{ "type": "Feature", "properties": { "kind": "L1", "value": "20.71938936473045", "building_uid": "2767", "part": "head" }, "geometry": { "type": "Polygon", "coordinates": [ [ [ -90.513833987883544, 14.647009386446131 ], [ -90.513845038163126, 14.647045240766602 ], [ -90.513812880256964, 14.647040674733059 ], [ -90.513833987883544, 14.647009386446131 ] ] ] } },
{ "type": "Feature", "properties": { "kind": "L1", "value": "18.869791393634877", "building_uid": "2768", "part": "head" }, "geometry": { "type": "Polygon", "coordinates": [ [ [ -90.513749772510565, 14.64699692462476 ], [ -90.513759359744853, 14.647029713922635 ], [ -90.513730136054988, 14.647025151578003 ], [ -90.513749772510565, 14.64699692462476 ] ] ] } },
{ "type": "Feature", "properties": { "kind": "L1", "value": "18.800185002825298", "building_uid": "2769", "part": "head" }, "geometry": { "type": "Polygon", "coordinates": [ [ [ -90.513636284748301, 14.647151096591291 ], [ -90.513626465500693, 14.64711850347746 ], [ -90.51365561772019, 14.647122822702505 ], [ -90.513636284748301, 14.647151096591291 ] ] ] } },
{ "type": "Feature", "properties": { "kind": "L1", "value": "34.55745772923367", "building_uid": "2770", "part": "head" }, "geometry": { "type": "Polygon", "coordinates": [ [ [ -90.513593323584203, 14.647138891399296 ], [ -90.513531943738329, 14.647156971459127 ], [ -90.513539643769775, 14.647104734435963 ], [ -90.513593323584203, 14.647138891399296 ] ] ] } },
{ "type": "Feature", "properties": { "kind": "L1", "value": "34.680292582738495", "building_uid": "2771", "part": "head" }, "geometry": { "type": "Polygon", "coordinates": [ [ [ -90.51328502676985, 14.646979348673433 ], [ -90.513346624713975, 14.646961204297684 ], [ -90.513338897377906, 14.647013626999529 ], [ -90.51328502676985, 14.646979348673433 ] ] ] } },
{ "type": "Feature", "properties": { "kind": "L1", "value": "53.52553707863032", "building_uid": "2772", "part": "head" }, "geometry": { "type": "Polygon", "coordinates": [ [ [ -90.513204540900659, 14.647577891380283 ], [ -90.513300026941494, 14.647551261303928 ], [ -90.513286871070193, 14.64763198960962 ], [ -90.513204540900659, 14.647577891380283 ] ] ] } },
{ "type": "Feature", "properties": { "kind": "L1", "value": "28.72997158050494", "building_uid": "2773", "part": "head" }, "geometry": { "type": "Polygon", "coordinates": [ [ [ -90.513491574980762, 14.647489534673868 ], [ -90.513440420462288, 14.647504156940604 ], [ -90.513447188494368, 14.64746078144641 ], [ -90.513491574980762, 14.647489534673868 ] ] ] } },
{ "type": "Feature", "properties": { "kind": "L1", "value": "29.203065715943865", "building_uid": "2774", "part": "head" }, "geometry": { "type": "Polygon", "coordinates": [ [ [ -90.513215457919983, 14.647342807823302 ], [ -90.513267454762698, 14.647327944819338 ], [ -90.513260575255387, 14.647372034564428 ], [ -90.513215457919983, 14.647342807823302 ] ] ] } },
{ "type": "Feature", "properties": { "kind": "L1", "value": "10.51215945699308", "building_uid": "2775", "part": "head" }, "geometry": { "type": "Polygon", "coordinates": [ [ [ -90.513262263573296, 14.647178951846659 ], [ -90.513281005871377, 14.647173685693538 ], [ -90.513278454365761, 14.647189545295372 ], [ -90.513262263573296, 14.647178951846659 ] ] ] } },
{ "type": "Feature", "properties": { "kind": "L1", "value": "13.280018432686125", "building_uid": "2776", "part": "head" }, "geometry": { "type": "Polygon", "coordinates": [ [ [ -90.513162444672702, 14.648230189982378 ], [ -90.513155390525114, 14.64820720098241 ], [ -90.513175998472633, 14.648210151806 ], [ -90.513162444672702, 14.648230189982378 ] ] ] } },
{ "type": "Feature", "properties": { "kind": "L1", "value": "28.133303993244827", "building_uid": "2777", "part": "head" }, "geometry": { "type": "Polygon", "coordinates": [ [ [ -90.513402004238642, 14.648092998444085 ], [ -90.513351885605857, 14.648107229315258 ], [ -90.513358591530775, 14.648064766324376 ], [ -90.513402004238642, 14.648092998444085 ] ] ] } },
{ "type": "Feature", "properties": { "kind": "L1", "value": "43.3478943787628", "building_uid": "2778", "part": "head" }, "geometry": { "type": "Polygon", "coordinates": [ [ [ -90.513572869776581, 14.64788678092139 ], [ -90.513495883885028, 14.647909484174637 ], [ -90.513505520944477, 14.647843956515525 ], [ -90.513572869776581, 14.64788678092139 ] ] ] } },
{ "type": "Feature", "properties": { "kind": "L1", "value": "35.70502132116649", "building_uid": "2779", "part": "head" }, "geometry": { "type": "Polygon", "coordinates": [ [ [ -90.513517633899966, 14.647767191465245 ], [ -90.513453938455342, 14.647784955596546 ], [ -90.513462714183419, 14.647731104534282 ], [ -90.513517633899966, 14.647767191465245 ] ] ] } },
{ "type": "Feature", "properties": { "kind": "L1", "value": "43.20782591154946", "building_uid": "2780", "part": "head" }, "geometry": { "type": "Polygon", "coordinates": [ [ [ -90.513167188498045, 14.647947176705365 ], [ -90.51324413198644, 14.647925221066224 ], [ -90.513233921858259, 14.647990450038483 ], [ -90.513167188498045, 14.647947176705365 ] ] ] } },
{ "type": "Feature", "properties": { "kind": "L1", "value": "13.318009178358945", "building_uid": "2781", "part": "head" }, "geometry": { "type": "Polygon", "coordinates": [ [ [ -90.513265234845065, 14.64812448122183 ], [ -90.51327230931733, 14.648147535946768 ], [ -90.513251642401585, 14.648144576804521 ], [ -90.513265234845065, 14.64812448122183 ] ] ] } },
{ "type": "Feature", "properties": { "kind": "L1", "value": "13.512457299657529", "building_uid": "2782", "part": "head" }, "geometry": { "type": "Polygon", "coordinates": [ [ [ -90.513333678473117, 14.648256772030152 ], [ -90.513326471654679, 14.648233389165425 ], [ -90.513347444039539, 14.648236366817903 ], [ -90.513333678473117, 14.648256772030152 ] ] ] } },
{ "type": "Feature", "properties": { "kind": "L1", "value": "21.86537184251166", "building_uid": "2785", "part": "head" }, "geometry": { "type": "Polygon", "coordinates": [ [ [ -90.51347137078622, 14.64807688805366 ], [ -90.513482896729741, 14.648114764808799 ], [ -90.513448977487485, 14.648109831055999 ], [ -90.51347137078622, 14.64807688805366 ] ] ] } },
{ "type": "Feature", "properties": { "kind": "L1", "value": "23.724618625606972", "building_uid": "2786", "part": "head" }, "geometry": { "type": "Polygon", "coordinates": [ [ [ -90.512589122999941, 14.647933322101519 ], [ -90.512601974057617, 14.647974318521925 ], [ -90.512565126886926, 14.647969258690489 ], [ -90.512589122999941, 14.647933322101519 ] ] ] } },
{ "type": "Feature", "properties": { "kind": "L1", "value": "38.812557713686346", "building_uid": "2787", "part": "head" }, "geometry": { "type": "Polygon", "coordinates": [ [ [ -90.512740620541138, 14.646833200792269 ], [ -90.51276296903076, 14.646899862088397 ], [ -90.512702536001697, 14.646892717917975 ], [ -90.512740620541138, 14.646833200792269 ] ] ] } },
{ "type": "Feature", "properties": { "kind": "L1", "value": "26.06413788708841", "building_uid": "2788", "part": "head" }, "geometry": { "type": "Polygon", "coordinates": [ [ [ -90.512791605792913, 14.647082351574529 ], [ -90.512777381000888, 14.647037344212206 ], [ -90.512817874605602, 14.647042812191714 ], [ -90.512791605792913, 14.647082351574529 ] ] ] } },
{ "type": "Feature", "properties": { "kind": "L1", "value": "25.75816955503072", "building_uid": "2789", "part": "head" }, "geometry": { "type": "Polygon", "coordinates": [ [ [ -90.512917017506211, 14.646856729202922 ], [ -90.512931075077475, 14.646901208293826 ], [ -90.512891056880008, 14.646895804305236 ], [ -90.512917017506211, 14.646856729202922 ] ] ] } },
{ "type": "Feature", "properties": { "kind": "L1", "value": "17.68220926053544", "building_uid": "2790", "part": "head" }, "geometry": { "type": "Polygon", "coordinates": [ [ [ -90.513009956267837, 14.64705994879114 ], [ -90.513041347946967, 14.647050649958674 ], [ -90.513037450884937, 14.64707738431615 ], [ -90.513009956267837, 14.64705994879114 ] ] ] } },
{ "type": "Feature", "properties": { "kind": "L1", "value": "34.925093963159554", "building_uid": "2791", "part": "head" }, "geometry": { "type": "Polygon", "coordinates": [ [ [ -90.512829011612141, 14.647144104850012 ], [ -90.512891017340053, 14.647125745579704 ], [ -90.512883313431203, 14.647178549144856 ], [ -90.512829011612141, 14.647144104850012 ] ] ] } },
{ "type": "Feature", "properties": { "kind": "L1", "value": "25.575429500217975", "building_uid": "2850", "part": "head" }, "geometry": { "type": "Polygon", "coordinates": [ [ [ -90.512412240491869, 14.647145552794894 ], [ -90.512368326660024, 14.647163077711573 ], [ -90.512370224406283, 14.647124065576579 ], [ -90.512412240491869, 14.647145552794894 ] ] ] } },
{ "type": "Feature", "properties": { "kind": "L1", "value": "18.339955884111248", "building_uid": "2792", "part": "head" }, "geometry": { "type": "Polygon", "coordinates": [ [ [ -90.513200576292022, 14.646961486069097 ], [ -90.513167497362318, 14.646969276782652 ], [ -90.513173183742325, 14.646941822741033 ], [ -90.513200576292022, 14.646961486069097 ] ] ] } },
{ "type": "Feature", "properties": { "kind": "L1", "value": "36.524590171083666", "building_uid": "2793", "part": "head" }, "geometry": { "type": "Polygon", "coordinates": [ [ [ -90.513129443439112, 14.647301351978021 ], [ -90.513064496626967, 14.647320224756733 ], [ -90.513072847091294, 14.647265044269751 ], [ -90.513129443439112, 14.647301351978021 ] ] ] } },
{ "type": "Feature", "properties": { "kind": "L1", "value": "37.03020935489017", "building_uid": "2794", "part": "head" }, "geometry": { "type": "Polygon", "coordinates": [ [ [ -90.512775359775972, 14.647362289692497 ], [ -90.512840929222563, 14.647342276017689 ], [ -90.512833254031676, 14.64739832841718 ], [ -90.512775359775972, 14.647362289692497 ] ] ] } },
{ "type": "Feature", "properties": { "kind": "L1", "value": "30.33467608547685", "building_uid": "2885", "part": "head" }, "geometry": { "type": "Polygon", "coordinates": [ [ [ -90.513100634927397, 14.645500705958714 ], [ -90.513154930124031, 14.645486241892989 ], [ -90.513146915629676, 14.645531903644615 ], [ -90.513100634927397, 14.645500705958714 ] ] ] } },
{ "type": "Feature", "properties": { "kind": "L1", "value": "37.25561706879657", "building_uid": "2795", "part": "head" }, "geometry": { "type": "Polygon", "coordinates": [ [ [ -90.512765246753247, 14.647455946610938 ], [ -90.512831390189419, 14.647436362325758 ], [ -90.512823172119582, 14.647492689415833 ], [ -90.512765246753247, 14.647455946610938 ] ] ] } },
{ "type": "Feature", "properties": { "kind": "L1", "value": "14.459948151054867", "building_uid": "2796", "part": "head" }, "geometry": { "type": "Polygon", "coordinates": [ [ [ -90.512375839920949, 14.648061490307862 ], [ -90.512401504405275, 14.648053864496571 ], [ -90.51239833684231, 14.648075729656362 ], [ -90.512375839920949, 14.648061490307862 ] ] ] } },
{ "type": "Feature", "properties": { "kind": "L1", "value": "14.157193650502593", "building_uid": "2797", "part": "head" }, "geometry": { "type": "Polygon", "coordinates": [ [ [ -90.512392216058785, 14.647963035110577 ], [ -90.512417350782144, 14.647955593248955 ], [ -90.512414227719191, 14.647976997601008 ], [ -90.512392216058785, 14.647963035110577 ] ] ] } },
{ "type": "Feature", "properties": { "kind": "L1", "value": "27.2615625219188", "building_uid": "2798", "part": "head" }, "geometry": { "type": "Polygon", "coordinates": [ [ [ -90.512644388977705, 14.647922340683667 ], [ -90.512595903762033, 14.647936396118657 ], [ -90.512602164254645, 14.647895214004574 ], [ -90.512644388977705, 14.647922340683667 ] ] ] } },
{ "type": "Feature", "properties": { "kind": "L1", "value": "32.468405059982985", "building_uid": "2800", "part": "head" }, "geometry": { "type": "Polygon", "coordinates": [ [ [ -90.512747507289461, 14.647859349378425 ], [ -90.512804797586057, 14.647841186732268 ], [ -90.512798623428125, 14.647890403034102 ], [ -90.512747507289461, 14.647859349378425 ] ] ] } },
{ "type": "Feature", "properties": { "kind": "L1", "value": "32.35753018931725", "building_uid": "2801", "part": "head" }, "geometry": { "type": "Polygon", "coordinates": [ [ [ -90.51305037293811, 14.647953101547884 ], [ -90.512993278295738, 14.647971202339411 ], [ -90.512999431233482, 14.64792215408098 ], [ -90.51305037293811, 14.647953101547884 ] ] ] } },
{ "type": "Feature", "properties": { "kind": "L1", "value": "17.27265189281016", "building_uid": "2803", "part": "head" }, "geometry": { "type": "Polygon", "coordinates": [ [ [ -90.513008252107497, 14.648152595105568 ], [ -90.51297762868775, 14.648161809726343 ], [ -90.512981317542426, 14.648135678554487 ], [ -90.513008252107497, 14.648152595105568 ] ] ] } },
{ "type": "Feature", "properties": { "kind": "L1", "value": "17.349920837373098", "building_uid": "2804", "part": "head" }, "geometry": { "type": "Polygon", "coordinates": [ [ [ -90.513025740208235, 14.648044087049994 ], [ -90.512994995504329, 14.648053392189265 ], [ -90.512998656465498, 14.648027138215303 ], [ -90.513025740208235, 14.648044087049994 ] ] ] } },
{ "type": "Feature", "properties": { "kind": "L1", "value": "27.84867938400845", "building_uid": "2805", "part": "head" }, "geometry": { "type": "Polygon", "coordinates": [ [ [ -90.512426194060566, 14.647732547417091 ], [ -90.512475550426686, 14.647717635283223 ], [ -90.512469652807312, 14.647759773180825 ], [ -90.512426194060566, 14.647732547417091 ] ] ] } },
{ "type": "Feature", "properties": { "kind": "L1", "value": "24.14999092299129", "building_uid": "2806", "part": "head" }, "geometry": { "type": "Polygon", "coordinates": [ [ [ -90.512415351223936, 14.647821437289229 ], [ -90.512458302412767, 14.647808986081936 ], [ -90.512452756512616, 14.647845467765956 ], [ -90.512415351223936, 14.647821437289229 ] ] ] } },
{ "type": "Feature", "properties": { "kind": "L1", "value": "26.341655224688385", "building_uid": "2807", "part": "head" }, "geometry": { "type": "Polygon", "coordinates": [ [ [ -90.512446021732174, 14.647628308391869 ], [ -90.512492895900749, 14.647614809573879 ], [ -90.512486772930174, 14.647654591354934 ], [ -90.512446021732174, 14.647628308391869 ] ] ] } },
{ "type": "Feature", "properties": { "kind": "L1", "value": "24.60708085519793", "building_uid": "2808", "part": "head" }, "geometry": { "type": "Polygon", "coordinates": [ [ [ -90.512628082997352, 14.646817157538097 ], [ -90.512642135473286, 14.646859457485952 ], [ -90.512603833676962, 14.646854828116266 ], [ -90.512628082997352, 14.646817157538097 ] ] ] } },
{ "type": "Feature", "properties": { "kind": "L1", "value": "13.444679309245478", "building_uid": "2809", "part": "head" }, "geometry": { "type": "Polygon", "coordinates": [ [ [ -90.512643737502458, 14.647073710840909 ], [ -90.512619999354996, 14.647081186176546 ], [ -90.512622597231442, 14.647060811392436 ], [ -90.512643737502458, 14.647073710840909 ] ] ] } },
{ "type": "Feature", "properties": { "kind": "L1", "value": "16.612531133101907", "building_uid": "2810", "part": "head" }, "geometry": { "type": "Polygon", "coordinates": [ [ [ -90.512663296286291, 14.647145195972765 ], [ -90.512633980305083, 14.647154478847037 ], [ -90.5126371484575, 14.647129298307778 ], [ -90.512663296286291, 14.647145195972765 ] ] ] } },
{ "type": "Feature", "properties": { "kind": "L1", "value": "16.605807996779514", "building_uid": "2811", "part": "head" }, "geometry": { "type": "Polygon", "coordinates": [ [ [ -90.512506894656369, 14.647181010642514 ], [ -90.512536287837804, 14.647172002504604 ], [ -90.51253287594578, 14.647197142480517 ], [ -90.512506894656369, 14.647181010642514 ] ] ] } },
{ "type": "Feature", "properties": { "kind": "L1", "value": "32.30822406441025", "building_uid": "2812", "part": "head" }, "geometry": { "type": "Polygon", "coordinates": [ [ [ -90.512488992269198, 14.647308125278839 ], [ -90.512547221957192, 14.647294228122981 ], [ -90.512537356056967, 14.647342621468216 ], [ -90.512488992269198, 14.647308125278839 ] ] ] } },
{ "type": "Feature", "properties": { "kind": "L1", "value": "32.484343500187926", "building_uid": "2813", "part": "head" }, "geometry": { "type": "Polygon", "coordinates": [ [ [ -90.512792197281712, 14.64727175427436 ], [ -90.512734698242923, 14.647289376182927 ], [ -90.512741372472135, 14.647240197244772 ], [ -90.512792197281712, 14.64727175427436 ] ] ] } },
{ "type": "Feature", "properties": { "kind": "L1", "value": "18.325019700441857", "building_uid": "2814", "part": "head" }, "geometry": { "type": "Polygon", "coordinates": [ [ [ -90.512622813322182, 14.647572901199533 ], [ -90.512590187463175, 14.647582235574157 ], [ -90.512594497409495, 14.647554568098021 ], [ -90.512622813322182, 14.647572901199533 ] ] ] } },
{ "type": "Feature", "properties": { "kind": "L1", "value": "8.73162913100922", "building_uid": "2815", "part": "head" }, "geometry": { "type": "Polygon", "coordinates": [ [ [ -90.512465305073363, 14.647477074965133 ], [ -90.512481001528457, 14.64747316089781 ], [ -90.512478474201799, 14.647486265837086 ], [ -90.512465305073363, 14.647477074965133 ] ] ] } },
{ "type": "Feature", "properties": { "kind": "L1", "value": "31.84129590985557", "building_uid": "2816", "part": "head" }, "geometry": { "type": "Polygon", "coordinates": [ [ [ -90.512470139067375, 14.647386652746048 ], [ -90.512527439039417, 14.647372610825354 ], [ -90.51251801915204, 14.647420362462237 ], [ -90.512470139067375, 14.647386652746048 ] ] ] } },
{ "type": "Feature", "properties": { "kind": "L1", "value": "40.26104283875865", "building_uid": "2818", "part": "head" }, "geometry": { "type": "Polygon", "coordinates": [ [ [ -90.512712376577284, 14.647603491732266 ], [ -90.512784153119554, 14.647583303663479 ], [ -90.512774397911031, 14.647644047700263 ], [ -90.512712376577284, 14.647603491732266 ] ] ] } },
{ "type": "Feature", "properties": { "kind": "L1", "value": "11.396967973156563", "building_uid": "2819", "part": "head" }, "geometry": { "type": "Polygon", "coordinates": [ [ [ -90.513061496563424, 14.647794067588638 ], [ -90.513041178282208, 14.647799782422364 ], [ -90.513043939709092, 14.647782587183119 ], [ -90.513061496563424, 14.647794067588638 ] ] ] } },
{ "type": "Feature", "properties": { "kind": "L1", "value": "25.942697717916804", "building_uid": "2820", "part": "head" }, "geometry": { "type": "Polygon", "coordinates": [ [ [ -90.511966763859675, 14.647832055608605 ], [ -90.51198066226398, 14.647876930396954 ], [ -90.511940389424595, 14.647871266302792 ], [ -90.511966763859675, 14.647832055608605 ] ] ] } },
{ "type": "Feature", "properties": { "kind": "L1", "value": "25.282494708616785", "building_uid": "2821", "part": "head" }, "geometry": { "type": "Polygon", "coordinates": [ [ [ -90.511900028139664, 14.647996561816392 ], [ -90.511854933873551, 14.648009167833788 ], [ -90.511861123496928, 14.647971032525641 ], [ -90.511900028139664, 14.647996561816392 ] ] ] } },
{ "type": "Feature", "properties": { "kind": "L1", "value": "14.700811125476648", "building_uid": "2851", "part": "head" }, "geometry": { "type": "Polygon", "coordinates": [ [ [ -90.512401824130009, 14.647221444555131 ], [ -90.512376402544433, 14.647231079760223 ], [ -90.512377902349414, 14.647208677906939 ], [ -90.512401824130009, 14.647221444555131 ] ] ] } },
{ "type": "Feature", "properties": { "kind": "L1", "value": "25.53836905659402", "building_uid": "2822", "part": "head" }, "geometry": { "type": "Polygon", "coordinates": [ [ [ -90.511915933207106, 14.647887077554351 ], [ -90.511870582763009, 14.647900471328914 ], [ -90.511876244082259, 14.647861863543975 ], [ -90.511915933207106, 14.647887077554351 ] ] ] } },
{ "type": "Feature", "properties": { "kind": "L1", "value": "13.635948079355481", "building_uid": "2824", "part": "head" }, "geometry": { "type": "Polygon", "coordinates": [ [ [ -90.512185234350611, 14.648038729269159 ], [ -90.512160893017338, 14.648045459966589 ], [ -90.512164292225961, 14.648024901386398 ], [ -90.512185234350611, 14.648038729269159 ] ] ] } },
{ "type": "Feature", "properties": { "kind": "L1", "value": "13.041230082925823", "building_uid": "2825", "part": "head" }, "geometry": { "type": "Polygon", "coordinates": [ [ [ -90.512225317851218, 14.648104274370249 ], [ -90.512218706158066, 14.648081609222297 ], [ -90.512238901233033, 14.648084774350908 ], [ -90.512225317851218, 14.648104274370249 ] ] ] } },
{ "type": "Feature", "properties": { "kind": "L1", "value": "25.96414790858684", "building_uid": "2826", "part": "head" }, "geometry": { "type": "Polygon", "coordinates": [ [ [ -90.512347346783713, 14.647624715943325 ], [ -90.512301009854326, 14.647637570213368 ], [ -90.512307448060895, 14.647598419361756 ], [ -90.512347346783713, 14.647624715943325 ] ] ] } },
{ "type": "Feature", "properties": { "kind": "L1", "value": "30.730919938932573", "building_uid": "2827", "part": "head" }, "geometry": { "type": "Polygon", "coordinates": [ [ [ -90.512323180520156, 14.647815056681722 ], [ -90.512268031552949, 14.647829187315049 ], [ -90.51227661325899, 14.647783008346829 ], [ -90.512323180520156, 14.647815056681722 ] ] ] } },
{ "type": "Feature", "properties": { "kind": "L1", "value": "16.34604900567687", "building_uid": "2889", "part": "head" }, "geometry": { "type": "Polygon", "coordinates": [ [ [ -90.513208273881574, 14.645653222256902 ], [ -90.513237356423176, 14.645644830874595 ], [ -90.513233570177874, 14.645669519007978 ], [ -90.513208273881574, 14.645653222256902 ] ] ] } },
{ "type": "Feature", "properties": { "kind": "L1", "value": "37.21015213691758", "building_uid": "2829", "part": "head" }, "geometry": { "type": "Polygon", "coordinates": [ [ [ -90.511700125243166, 14.647763414568711 ], [ -90.511766166574787, 14.64774378572848 ], [ -90.511758020056405, 14.647800052512226 ], [ -90.511700125243166, 14.647763414568711 ] ] ] } },
{ "type": "Feature", "properties": { "kind": "L1", "value": "37.01048613832648", "building_uid": "2830", "part": "head" }, "geometry": { "type": "Polygon", "coordinates": [ [ [ -90.511705728755587, 14.647706063648235 ], [ -90.511771135879258, 14.647685669060648 ], [ -90.51176381840483, 14.647741736385139 ], [ -90.511705728755587, 14.647706063648235 ] ] ] } },
{ "type": "Feature", "properties": { "kind": "L1", "value": "24.686427200215086", "building_uid": "2832", "part": "head" }, "geometry": { "type": "Polygon", "coordinates": [ [ [ -90.512306524992354, 14.647940764721483 ], [ -90.51226267926873, 14.647953685618019 ], [ -90.512268175148066, 14.647916369012771 ], [ -90.512306524992354, 14.647940764721483 ] ] ] } },
{ "type": "Feature", "properties": { "kind": "L1", "value": "25.714142697582165", "building_uid": "2833", "part": "head" }, "geometry": { "type": "Polygon", "coordinates": [ [ [ -90.512331888730685, 14.647715336140799 ], [ -90.512285971302617, 14.647727975213485 ], [ -90.51229242897422, 14.647689214121062 ], [ -90.512331888730685, 14.647715336140799 ] ] ] } },
{ "type": "Feature", "properties": { "kind": "L1", "value": "25.252726276607323", "building_uid": "2834", "part": "head" }, "geometry": { "type": "Polygon", "coordinates": [ [ [ -90.512127028719419, 14.647529675947116 ], [ -90.512171735073522, 14.64751600065471 ], [ -90.512166525320666, 14.647554228683715 ], [ -90.512127028719419, 14.647529675947116 ] ] ] } },
{ "type": "Feature", "properties": { "kind": "L1", "value": "29.99023148650039", "building_uid": "2835", "part": "head" }, "geometry": { "type": "Polygon", "coordinates": [ [ [ -90.512100700714683, 14.647007024636034 ], [ -90.512085328991503, 14.646954949305536 ], [ -90.512131793441185, 14.646962086635803 ], [ -90.512100700714683, 14.647007024636034 ] ] ] } },
{ "type": "Feature", "properties": { "kind": "L1", "value": "14.282316521136314", "building_uid": "2836", "part": "head" }, "geometry": { "type": "Polygon", "coordinates": [ [ [ -90.512453319512076, 14.6468279465035 ], [ -90.512427847256035, 14.646835073827798 ], [ -90.512431338403502, 14.646813529994743 ], [ -90.512453319512076, 14.6468279465035 ] ] ] } },
{ "type": "Feature", "properties": { "kind": "L1", "value": "14.063645494611137", "building_uid": "2837", "part": "head" }, "geometry": { "type": "Polygon", "coordinates": [ [ [ -90.512440659874187, 14.646926148285397 ], [ -90.512415787268679, 14.646933841357825 ], [ -90.512418619073841, 14.646912542675757 ], [ -90.512440659874187, 14.646926148285397 ] ] ] } },
{ "type": "Feature", "properties": { "kind": "L1", "value": "23.47214011951203", "building_uid": "2838", "part": "head" }, "geometry": { "type": "Polygon", "coordinates": [ [ [ -90.512271528280266, 14.646770128643386 ], [ -90.512283453886894, 14.646810915201572 ], [ -90.512247102594188, 14.64680524016168 ], [ -90.512271528280266, 14.646770128643386 ] ] ] } },
{ "type": "Feature", "properties": { "kind": "L1", "value": "13.990370770106765", "building_uid": "2839", "part": "head" }, "geometry": { "type": "Polygon", "coordinates": [ [ [ -90.512424378064225, 14.6470247909999 ], [ -90.512399656532722, 14.647032509549632 ], [ -90.512402414323759, 14.647011314449978 ], [ -90.512424378064225, 14.6470247909999 ] ] ] } },
{ "type": "Feature", "properties": { "kind": "L1", "value": "22.5273423723285", "building_uid": "2840", "part": "head" }, "geometry": { "type": "Polygon", "coordinates": [ [ [ -90.512017151913824, 14.646930595071275 ], [ -90.512004752373599, 14.646891726649393 ], [ -90.51203976376307, 14.646896363036047 ], [ -90.512017151913824, 14.646930595071275 ] ] ] } },
{ "type": "Feature", "properties": { "kind": "L1", "value": "16.111589212352637", "building_uid": "2841", "part": "head" }, "geometry": { "type": "Polygon", "coordinates": [ [ [ -90.511980305069343, 14.646776956000107 ], [ -90.511951694623107, 14.646785405827984 ], [ -90.511955266212127, 14.646761049032269 ], [ -90.511980305069343, 14.646776956000107 ] ] ] } },
{ "type": "Feature", "properties": { "kind": "L1", "value": "12.59084622731974", "building_uid": "2842", "part": "head" }, "geometry": { "type": "Polygon", "coordinates": [ [ [ -90.511942573969279, 14.646885935595877 ], [ -90.511920343478806, 14.646892936447202 ], [ -90.511922776136188, 14.646873855588497 ], [ -90.511942573969279, 14.646885935595877 ] ] ] } },
{ "type": "Feature", "properties": { "kind": "L1", "value": "25.772775178184105", "building_uid": "2843", "part": "head" }, "geometry": { "type": "Polygon", "coordinates": [ [ [ -90.512058320974944, 14.646987623201509 ], [ -90.512012470648742, 14.647000867935441 ], [ -90.512018427842818, 14.646961940424507 ], [ -90.512058320974944, 14.646987623201509 ] ] ] } },
{ "type": "Feature", "properties": { "kind": "L1", "value": "36.31280290050922", "building_uid": "2844", "part": "head" }, "geometry": { "type": "Polygon", "coordinates": [ [ [ -90.512141879346601, 14.647069990395034 ], [ -90.512076992673244, 14.647087688294505 ], [ -90.512086246080116, 14.647032972290111 ], [ -90.512141879346601, 14.647069990395034 ] ] ] } },
{ "type": "Feature", "properties": { "kind": "L1", "value": "22.222162170389787", "building_uid": "2845", "part": "head" }, "geometry": { "type": "Polygon", "coordinates": [ [ [ -90.51178002747443, 14.647210947777186 ], [ -90.511819942962447, 14.647200864716732 ], [ -90.511813618136344, 14.647234236459482 ], [ -90.51178002747443, 14.647210947777186 ] ] ] } },
{ "type": "Feature", "properties": { "kind": "L1", "value": "20.910232292107025", "building_uid": "2846", "part": "head" }, "geometry": { "type": "Polygon", "coordinates": [ [ [ -90.51198442462109, 14.647140671787685 ], [ -90.511946988340483, 14.647150608660683 ], [ -90.511952542590805, 14.647119138185133 ], [ -90.51198442462109, 14.647140671787685 ] ] ] } },
{ "type": "Feature", "properties": { "kind": "L1", "value": "32.03360371622498", "building_uid": "2847", "part": "head" }, "geometry": { "type": "Polygon", "coordinates": [ [ [ -90.511749995871682, 14.647301496541026 ], [ -90.511807573064459, 14.647287106334915 ], [ -90.511798328181627, 14.647335189158431 ], [ -90.511749995871682, 14.647301496541026 ] ] ] } },
{ "type": "Feature", "properties": { "kind": "L1", "value": "42.111074164617605", "building_uid": "2848", "part": "head" }, "geometry": { "type": "Polygon", "coordinates": [ [ [ -90.511756367411181, 14.647498610666471 ], [ -90.511832441210203, 14.647481211770881 ], [ -90.511818956400916, 14.647544164501564 ], [ -90.511756367411181, 14.647498610666471 ] ] ] } },
{ "type": "Feature", "properties": { "kind": "L1", "value": "25.722753510246235", "building_uid": "2849", "part": "head" }, "geometry": { "type": "Polygon", "coordinates": [ [ [ -90.511982370978956, 14.647485105958856 ], [ -90.511936339641693, 14.647497404677392 ], [ -90.511943105808896, 14.647458680171111 ], [ -90.511982370978956, 14.647485105958856 ] ] ] } },
{ "type": "Feature", "properties": { "kind": "L1", "value": "21.023822048237307", "building_uid": "2853", "part": "head" }, "geometry": { "type": "Polygon", "coordinates": [ [ [ -90.512173224648535, 14.64746839252965 ], [ -90.512210099652947, 14.647455989705641 ], [ -90.512206686156148, 14.64748792239684 ], [ -90.512173224648535, 14.64746839252965 ] ] ] } },
{ "type": "Feature", "properties": { "kind": "L1", "value": "35.90208055772543", "building_uid": "2854", "part": "head" }, "geometry": { "type": "Polygon", "coordinates": [ [ [ -90.512376929904903, 14.647398186649887 ], [ -90.512314792997188, 14.647421585418417 ], [ -90.512318578613659, 14.647366883907042 ], [ -90.512376929904903, 14.647398186649887 ] ] ] } },
{ "type": "Feature", "properties": { "kind": "L1", "value": "29.000583947407403", "building_uid": "2855", "part": "head" }, "geometry": { "type": "Polygon", "coordinates": [ [ [ -90.512021265407796, 14.647426403757864 ], [ -90.511969139707489, 14.647439431406193 ], [ -90.511977509328091, 14.647395901187876 ], [ -90.512021265407796, 14.647426403757864 ] ] ] } },
{ "type": "Feature", "properties": { "kind": "L1", "value": "18.664185203144715", "building_uid": "2856", "part": "head" }, "geometry": { "type": "Polygon", "coordinates": [ [ [ -90.511885344813251, 14.647666324897999 ], [ -90.511852201395584, 14.64767611338196 ], [ -90.511856338917468, 14.647647897695794 ], [ -90.511885344813251, 14.647666324897999 ] ] ] } },
{ "type": "Feature", "properties": { "kind": "L1", "value": "29.700779257346717", "building_uid": "750", "part": "head" }, "geometry": { "type": "Polygon", "coordinates": [ [ [ -90.515028981577586, 14.643237994724679 ], [ -90.514976331325158, 14.643253859761323 ], [ -90.514982656069037, 14.643208924009981 ], [ -90.515028981577586, 14.643237994724679 ] ] ] } },
{ "type": "Feature", "properties": { "kind": "L1", "value": "18.884979573931044", "building_uid": "2858", "part": "head" }, "geometry": { "type": "Polygon", "coordinates": [ [ [ -90.511959870358112, 14.645990648253029 ], [ -90.511993283189312, 14.645980359262261 ], [ -90.511989443175423, 14.646008954865463 ], [ -90.511959870358112, 14.645990648253029 ] ] ] } },
{ "type": "Feature", "properties": { "kind": "L1", "value": "20.558198187169126", "building_uid": "2859", "part": "head" }, "geometry": { "type": "Polygon", "coordinates": [ [ [ -90.51252769285307, 14.646620583098203 ], [ -90.512564377245539, 14.646610389340163 ], [ -90.51255929368304, 14.646641390869801 ], [ -90.51252769285307, 14.646620583098203 ] ] ] } },
{ "type": "Feature", "properties": { "kind": "L1", "value": "48.250239529478776", "building_uid": "2860", "part": "head" }, "geometry": { "type": "Polygon", "coordinates": [ [ [ -90.512528026554776, 14.646242398385397 ], [ -90.512553105737368, 14.64632608242478 ], [ -90.512478303757376, 14.646314894187119 ], [ -90.512528026554776, 14.646242398385397 ] ] ] } },
{ "type": "Feature", "properties": { "kind": "L1", "value": "12.571091446738777", "building_uid": "2863", "part": "head" }, "geometry": { "type": "Polygon", "coordinates": [ [ [ -90.514649498124982, 14.645953178505682 ], [ -90.514671992159705, 14.645947160662333 ], [ -90.514668691899885, 14.645966087009695 ], [ -90.514649498124982, 14.645953178505682 ] ] ] } },
{ "type": "Feature", "properties": { "kind": "L1", "value": "9.447664439664297", "building_uid": "2864", "part": "head" }, "geometry": { "type": "Polygon", "coordinates": [ [ [ -90.514648059754251, 14.645963954012736 ], [ -90.514631204330172, 14.645968649269205 ], [ -90.51463353103108, 14.645954400805778 ], [ -90.514648059754251, 14.645963954012736 ] ] ] } },
{ "type": "Feature", "properties": { "kind": "L1", "value": "21.97472397607064", "building_uid": "2865", "part": "head" }, "geometry": { "type": "Polygon", "coordinates": [ [ [ -90.51442437605813, 14.645967569343803 ], [ -90.514412929981873, 14.645929463750182 ], [ -90.514447000447021, 14.645934538724982 ], [ -90.51442437605813, 14.645967569343803 ] ] ] } },
{ "type": "Feature", "properties": { "kind": "L1", "value": "9.279881096273101", "building_uid": "2867", "part": "head" }, "geometry": { "type": "Polygon", "coordinates": [ [ [ -90.515111011907294, 14.645776303182588 ], [ -90.515106038248931, 14.645760251752485 ], [ -90.515120444284477, 14.645762276021079 ], [ -90.515111011907294, 14.645776303182588 ] ] ] } },
{ "type": "Feature", "properties": { "kind": "L1", "value": "42.18940050964711", "building_uid": "2869", "part": "head" }, "geometry": { "type": "Polygon", "coordinates": [ [ [ -90.515145250980552, 14.645695554997491 ], [ -90.515070614887222, 14.645718568148292 ], [ -90.515079168920607, 14.645654681757792 ], [ -90.515145250980552, 14.645695554997491 ] ] ] } },
{ "type": "Feature", "properties": { "kind": "L1", "value": "9.08681001174229", "building_uid": "2871", "part": "head" }, "geometry": { "type": "Polygon", "coordinates": [ [ [ -90.51520435883657, 14.645405153754639 ], [ -90.5151882447866, 14.645409989305039 ], [ -90.515190196284891, 14.645396243633989 ], [ -90.51520435883657, 14.645405153754639 ] ] ] } },
{ "type": "Feature", "properties": { "kind": "L1", "value": "10.57875152129244", "building_uid": "2872", "part": "head" }, "geometry": { "type": "Polygon", "coordinates": [ [ [ -90.513808693701648, 14.644713568992266 ], [ -90.513814984206917, 14.644731673741138 ], [ -90.513798492278951, 14.644729898166661 ], [ -90.513808693701648, 14.644713568992266 ] ] ] } },
{ "type": "Feature", "properties": { "kind": "L1", "value": "28.774435242984644", "building_uid": "2874", "part": "head" }, "geometry": { "type": "Polygon", "coordinates": [ [ [ -90.513916923633843, 14.644997615688123 ], [ -90.51390299070944, 14.644947430016106 ], [ -90.513947454030983, 14.64495496533327 ], [ -90.513916923633843, 14.644997615688123 ] ] ] } },
{ "type": "Feature", "properties": { "kind": "L1", "value": "8.755485918230248", "building_uid": "2875", "part": "head" }, "geometry": { "type": "Polygon", "coordinates": [ [ [ -90.513917849952392, 14.644767661135273 ], [ -90.513902274818619, 14.644772163669767 ], [ -90.513904295838699, 14.644758938862134 ], [ -90.513917849952392, 14.644767661135273 ] ] ] } },
{ "type": "Feature", "properties": { "kind": "L1", "value": "16.78082104669093", "building_uid": "2876", "part": "head" }, "geometry": { "type": "Polygon", "coordinates": [ [ [ -90.514331195860279, 14.644932922973128 ], [ -90.514321726774412, 14.644904040800752 ], [ -90.514347833864889, 14.64490729551884 ], [ -90.514331195860279, 14.644932922973128 ] ] ] } },
{ "type": "Feature", "properties": { "kind": "L1", "value": "27.70657045435044", "building_uid": "2877", "part": "head" }, "geometry": { "type": "Polygon", "coordinates": [ [ [ -90.514102833156869, 14.645086580395795 ], [ -90.514152192769615, 14.645072571527081 ], [ -90.51414558315355, 14.645114389638417 ], [ -90.514102833156869, 14.645086580395795 ] ] ] } },
{ "type": "Feature", "properties": { "kind": "L1", "value": "30.188682038545025", "building_uid": "2878", "part": "head" }, "geometry": { "type": "Polygon", "coordinates": [ [ [ -90.514197643189902, 14.644757654508901 ], [ -90.514210935039216, 14.644810638845511 ], [ -90.514164498745629, 14.644801625677458 ], [ -90.514197643189902, 14.644757654508901 ] ] ] } },
{ "type": "Feature", "properties": { "kind": "L1", "value": "15.718723959484146", "building_uid": "2879", "part": "head" }, "geometry": { "type": "Polygon", "coordinates": [ [ [ -90.514226340561692, 14.644994475435535 ], [ -90.51425412789466, 14.644985839712318 ], [ -90.514250996542344, 14.645009649185077 ], [ -90.514226340561692, 14.644994475435535 ] ] ] } },
{ "type": "Feature", "properties": { "kind": "L1", "value": "30.98739192373468", "building_uid": "2883", "part": "head" }, "geometry": { "type": "Polygon", "coordinates": [ [ [ -90.513848002170121, 14.645586496320755 ], [ -90.513864008832499, 14.645640268384756 ], [ -90.513815982824525, 14.645632998581572 ], [ -90.513848002170121, 14.645586496320755 ] ] ] } },
{ "type": "Feature", "properties": { "kind": "L1", "value": "13.701621994493836", "building_uid": "2884", "part": "head" }, "geometry": { "type": "Polygon", "coordinates": [ [ [ -90.512848194239041, 14.645716926935604 ], [ -90.51284067524314, 14.645693279461009 ], [ -90.512861967122703, 14.645696118741135 ], [ -90.512848194239041, 14.645716926935604 ] ] ] } },
{ "type": "Feature", "properties": { "kind": "L1", "value": "16.273467805401665", "building_uid": "2886", "part": "head" }, "geometry": { "type": "Polygon", "coordinates": [ [ [ -90.51334729156514, 14.645754739197494 ], [ -90.513318338093882, 14.645763093162985 ], [ -90.513322107672323, 14.645738514671603 ], [ -90.51334729156514, 14.645754739197494 ] ] ] } },
{ "type": "Feature", "properties": { "kind": "L1", "value": "18.32700485138799", "building_uid": "2887", "part": "head" }, "geometry": { "type": "Polygon", "coordinates": [ [ [ -90.513148706229359, 14.645761425940403 ], [ -90.513138540067658, 14.645729828582295 ], [ -90.51316703257676, 14.645733533325398 ], [ -90.513148706229359, 14.645761425940403 ] ] ] } },
{ "type": "Feature", "properties": { "kind": "L1", "value": "18.591245281058374", "building_uid": "2888", "part": "head" }, "geometry": { "type": "Polygon", "coordinates": [ [ [ -90.513069271185486, 14.645580919018787 ], [ -90.513079559069212, 14.645612979517242 ], [ -90.513050658691725, 14.645609200121028 ], [ -90.513069271185486, 14.645580919018787 ] ] ] } },
{ "type": "Feature", "properties": { "kind": "L1", "value": "18.40543846118304", "building_uid": "2890", "part": "head" }, "geometry": { "type": "Polygon", "coordinates": [ [ [ -90.512967873372062, 14.64557809785078 ], [ -90.512977973891495, 14.645609863523187 ], [ -90.512949372414354, 14.645606049700692 ], [ -90.512967873372062, 14.64557809785078 ] ] ] } },
{ "type": "Feature", "properties": { "kind": "L1", "value": "25.7413212462084", "building_uid": "2892", "part": "head" }, "geometry": { "type": "Polygon", "coordinates": [ [ [ -90.512724493824848, 14.645043200160591 ], [ -90.512678787328198, 14.64505671251619 ], [ -90.512684482672185, 14.645017796373056 ], [ -90.512724493824848, 14.645043200160591 ] ] ] } },
{ "type": "Feature", "properties": { "kind": "L1", "value": "17.722951279689923", "building_uid": "2893", "part": "head" }, "geometry": { "type": "Polygon", "coordinates": [ [ [ -90.512473092324782, 14.645111936323838 ], [ -90.512504772733593, 14.645103339985971 ], [ -90.512500219741625, 14.645130038958046 ], [ -90.512473092324782, 14.645111936323838 ] ] ] } },
{ "type": "Feature", "properties": { "kind": "L1", "value": "17.870533957659504", "building_uid": "2894", "part": "head" }, "geometry": { "type": "Polygon", "coordinates": [ [ [ -90.512351476678319, 14.645639075304546 ], [ -90.512341764274723, 14.645608204476364 ], [ -90.512369523043176, 14.64561198811613 ], [ -90.512351476678319, 14.645639075304546 ] ] ] } },
{ "type": "Feature", "properties": { "kind": "L1", "value": "17.977917048589298", "building_uid": "2895", "part": "head" }, "geometry": { "type": "Polygon", "coordinates": [ [ [ -90.512691793430548, 14.645268491472248 ], [ -90.51265969707076, 14.645277349471915 ], [ -90.512664192765968, 14.645250246820803 ], [ -90.512691793430548, 14.645268491472248 ] ] ] } },
{ "type": "Feature", "properties": { "kind": "L1", "value": "12.862009818015492", "building_uid": "2896", "part": "head" }, "geometry": { "type": "Polygon", "coordinates": [ [ [ -90.51256044361277, 14.645347908354486 ], [ -90.512583380824907, 14.645341483713048 ], [ -90.512580242314542, 14.645360885956036 ], [ -90.51256044361277, 14.645347908354486 ] ] ] } },
{ "type": "Feature", "properties": { "kind": "L1", "value": "21.347885315927826", "building_uid": "755", "part": "head" }, "geometry": { "type": "Polygon", "coordinates": [ [ [ -90.514667627897623, 14.643902007787187 ], [ -90.51467981482989, 14.643938706498501 ], [ -90.514646586934589, 14.643934686712523 ], [ -90.514667627897623, 14.643902007787187 ] ] ] } },
{ "type": "Feature", "properties": { "kind": "L1", "value": "12.521271819766895", "building_uid": "2898", "part": "head" }, "geometry": { "type": "Polygon", "coordinates": [ [ [ -90.512183510482544, 14.645252390342526 ], [ -90.51216144875329, 14.645259488772655 ], [ -90.512163744393092, 14.645240498799881 ], [ -90.512183510482544, 14.645252390342526 ] ] ] } },
{ "type": "Feature", "properties": { "kind": "L1", "value": "41.030401983441685", "building_uid": "3049", "part": "head" }, "geometry": { "type": "Polygon", "coordinates": [ [ [ -90.514304764646326, 14.645559203493614 ], [ -90.514232294216782, 14.645581935622651 ], [ -90.514240295769113, 14.645519764798609 ], [ -90.514304764646326, 14.645559203493614 ] ] ] } },
{ "type": "Feature", "properties": { "kind": "L1", "value": "17.327523498409587", "building_uid": "3239", "part": "head" }, "geometry": { "type": "Polygon", "coordinates": [ [ [ -90.515118240071615, 14.643476640284455 ], [ -90.51514913068813, 14.643467951726786 ], [ -90.51514493232709, 14.643494094762747 ], [ -90.515118240071615, 14.643476640284455 ] ] ] } },
{ "type": "Feature", "properties": { "kind": "L1", "value": "26.070564694508427", "building_uid": "3240", "part": "head" }, "geometry": { "type": "Polygon", "coordinates": [ [ [ -90.514082626982287, 14.643385595965052 ], [ -90.514069097799634, 14.643340373669487 ], [ -90.514109511428771, 14.643346437056323 ], [ -90.514082626982287, 14.643385595965052 ] ] ] } },
{ "type": "Feature", "properties": { "kind": "L1", "value": "13.414537469951526", "building_uid": "3241", "part": "head" }, "geometry": { "type": "Polygon", "coordinates": [ [ [ -90.513860661936107, 14.643237288029889 ], [ -90.513853622226932, 14.643214041369552 ], [ -90.513874427326456, 14.643217094880011 ], [ -90.513860661936107, 14.643237288029889 ] ] ] } },
{ "type": "Feature", "properties": { "kind": "L1", "value": "9.307764213946394", "building_uid": "12787", "part": "head" }, "geometry": { "type": "Polygon", "coordinates": [ [ [ -90.514418228360697, 14.644660150418522 ], [ -90.514401637241647, 14.644664825579635 ], [ -90.514403885362867, 14.644650781346311 ], [ -90.514418228360697, 14.644660150418522 ] ] ] } },
{ "type": "Feature", "properties": { "kind": "L1", "value": "10.640369313558654", "building_uid": "12789", "part": "head" }, "geometry": { "type": "Polygon", "coordinates": [ [ [ -90.514300381975275, 14.64448757546619 ], [ -90.514319321206742, 14.644482140145982 ], [ -90.514316832403708, 14.644498207229733 ], [ -90.514300381975275, 14.64448757546619 ] ] ] } },
{ "type": "Feature", "properties": { "kind": "L1", "value": "14.449991470784397", "building_uid": "12843", "part": "head" }, "geometry": { "type": "Polygon", "coordinates": [ [ [ -90.512366411040773, 14.644095940600103 ], [ -90.512340830289688, 14.644103767380827 ], [ -90.512343809930513, 14.644081892534164 ], [ -90.512366411040773, 14.644095940600103 ] ] ] } },
{ "type": "Feature", "properties": { "kind": "L1", "value": "18.212312275327886", "building_uid": "12849", "part": "head" }, "geometry": { "type": "Polygon", "coordinates": [ [ [ -90.512520310455102, 14.644415143837728 ], [ -90.51251120333778, 14.644383456929495 ], [ -90.512539387846928, 14.644387983485304 ], [ -90.512520310455102, 14.644415143837728 ] ] ] } },
{ "type": "Feature", "properties": { "kind": "L1", "value": "17.58963560149845", "building_uid": "12850", "part": "head" }, "geometry": { "type": "Polygon", "coordinates": [ [ [ -90.512169251618303, 14.645597320837895 ], [ -90.512160142954485, 14.645566804190807 ], [ -90.512187407382996, 14.645570911598615 ], [ -90.512169251618303, 14.645597320837895 ] ] ] } },
{ "type": "Feature", "properties": { "kind": "L1", "value": "9.355728451999909", "building_uid": "12851", "part": "head" }, "geometry": { "type": "Polygon", "coordinates": [ [ [ -90.512118332323979, 14.645479526317244 ], [ -90.512101763764207, 14.645484575004613 ], [ -90.51210370992024, 14.645470414215298 ], [ -90.512118332323979, 14.645479526317244 ] ] ] } },
{ "type": "Feature", "properties": { "kind": "L1", "value": "8.310113387933484", "building_uid": "12852", "part": "head" }, "geometry": { "type": "Polygon", "coordinates": [ [ [ -90.51262778587288, 14.645488547816154 ], [ -90.512623172049771, 14.645474221720335 ], [ -90.512636092027094, 14.645475898049389 ], [ -90.51262778587288, 14.645488547816154 ] ] ] } },
{ "type": "Feature", "properties": { "kind": "L1", "value": "21.357342897567843", "building_uid": "756", "part": "head" }, "geometry": { "type": "Polygon", "coordinates": [ [ [ -90.514841760305927, 14.643801730386782 ], [ -90.514803633138712, 14.643812261596938 ], [ -90.514808966678345, 14.643780063098079 ], [ -90.514841760305927, 14.643801730386782 ] ] ] } },
{ "type": "Feature", "properties": { "kind": "L1", "value": "42.05537012102177", "building_uid": "12916", "part": "head" }, "geometry": { "type": "Polygon", "coordinates": [ [ [ -90.514793213831041, 14.645533484984773 ], [ -90.514867611890949, 14.64551054234504 ], [ -90.514859087407189, 14.645574226068124 ], [ -90.514793213831041, 14.645533484984773 ] ] ] } },
{ "type": "Feature", "properties": { "kind": "L1", "value": "9.121085368445627", "building_uid": "12918", "part": "head" }, "geometry": { "type": "Polygon", "coordinates": [ [ [ -90.51341845333819, 14.644961435286698 ], [ -90.513423471342222, 14.644977173448353 ], [ -90.513409295992759, 14.644975294170534 ], [ -90.51341845333819, 14.644961435286698 ] ] ] } },
{ "type": "Feature", "properties": { "kind": "L1", "value": "24.903328339704835", "building_uid": "12952", "part": "head" }, "geometry": { "type": "Polygon", "coordinates": [ [ [ -90.514919717769104, 14.646153647463551 ], [ -90.51493336887566, 14.646196632436398 ], [ -90.514894671571682, 14.646191459046793 ], [ -90.514919717769104, 14.646153647463551 ] ] ] } },
{ "type": "Feature", "properties": { "kind": "L1", "value": "25.857490369221775", "building_uid": "12953", "part": "head" }, "geometry": { "type": "Polygon", "coordinates": [ [ [ -90.51432384716226, 14.646157749810849 ], [ -90.514369602496259, 14.64614368067855 ], [ -90.51436432784341, 14.646182831962079 ], [ -90.51432384716226, 14.646157749810849 ] ] ] } },
{ "type": "Feature", "properties": { "kind": "L1", "value": "9.538186429355", "building_uid": "12995", "part": "head" }, "geometry": { "type": "Polygon", "coordinates": [ [ [ -90.51282719203121, 14.645204833606023 ], [ -90.512821978178607, 14.645188365629213 ], [ -90.512836797722287, 14.645190359539232 ], [ -90.51282719203121, 14.645204833606023 ] ] ] } },
{ "type": "Feature", "properties": { "kind": "L1", "value": "5.4062476955786805", "building_uid": "12998", "part": "head" }, "geometry": { "type": "Polygon", "coordinates": [ [ [ -90.512762984176149, 14.64558192375242 ], [ -90.512760005948707, 14.645572596632393 ], [ -90.512768408448622, 14.645573707143495 ], [ -90.512762984176149, 14.64558192375242 ] ] ] } },
{ "type": "Feature", "properties": { "kind": "L1", "value": "42.344383818779754", "building_uid": "48", "part": "head" }, "geometry": { "type": "Polygon", "coordinates": [ [ [ -90.514083943965602, 14.644161540744633 ], [ -90.51400904226395, 14.644184662968781 ], [ -90.514017605485165, 14.644120539121666 ], [ -90.514083943965602, 14.644161540744633 ] ] ] } },
{ "type": "Feature", "properties": { "kind": "L1", "value": "28.711930938225333", "building_uid": "180", "part": "head" }, "geometry": { "type": "Polygon", "coordinates": [ [ [ -90.514801026170517, 14.644713270176037 ], [ -90.514749994529552, 14.644728179005789 ], [ -90.514756493347036, 14.644684792304663 ], [ -90.514801026170517, 14.644713270176037 ] ] ] } },
{ "type": "Feature", "properties": { "kind": "L1", "value": "28.494709295011035", "building_uid": "181", "part": "head" }, "geometry": { "type": "Polygon", "coordinates": [ [ [ -90.51480718728557, 14.644620385873612 ], [ -90.514756776311188, 14.644635922684737 ], [ -90.514762559326201, 14.644592774558387 ], [ -90.51480718728557, 14.644620385873612 ] ] ] } },
{ "type": "Feature", "properties": { "kind": "L1", "value": "21.178057139769432", "building_uid": "189", "part": "head" }, "geometry": { "type": "Polygon", "coordinates": [ [ [ -90.513079461597457, 14.643536032467871 ], [ -90.513091229631797, 14.643572539040482 ], [ -90.513058302595525, 14.64356827547461 ], [ -90.513079461597457, 14.643536032467871 ] ] ] } },
{ "type": "Feature", "properties": { "kind": "L1", "value": "26.30134954270398", "building_uid": "190", "part": "head" }, "geometry": { "type": "Polygon", "coordinates": [ [ [ -90.513069276255806, 14.644100790090432 ], [ -90.5130836079652, 14.644146213779685 ], [ -90.513042749076149, 14.644140676963996 ], [ -90.513069276255806, 14.644100790090432 ] ] ] } },
{ "type": "Feature", "properties": { "kind": "L1", "value": "32.876013926525225", "building_uid": "197", "part": "head" }, "geometry": { "type": "Polygon", "coordinates": [ [ [ -90.512942239324971, 14.643529968430409 ], [ -90.512884127488391, 14.643548046865469 ], [ -90.512890661661586, 14.643498247062077 ], [ -90.512942239324971, 14.643529968430409 ] ] ] } },
{ "type": "Feature", "properties": { "kind": "L1", "value": "32.643927012477484", "building_uid": "309", "part": "head" }, "geometry": { "type": "Polygon", "coordinates": [ [ [ -90.513064512876525, 14.643728970088656 ], [ -90.513082482387048, 14.643785293055842 ], [ -90.513031748536662, 14.643778576103909 ], [ -90.513064512876525, 14.643728970088656 ] ] ] } },
{ "type": "Feature", "properties": { "kind": "L1", "value": "27.745497389271808", "building_uid": "765", "part": "head" }, "geometry": { "type": "Polygon", "coordinates": [ [ [ -90.51443845126532, 14.645337915295412 ], [ -90.51448765256562, 14.645323147369405 ], [ -90.514481696744298, 14.645365118508401 ], [ -90.51443845126532, 14.645337915295412 ] ] ] } },
{ "type": "Feature", "properties": { "kind": "L1", "value": "19.573345795822064", "building_uid": "770", "part": "head" }, "geometry": { "type": "Polygon", "coordinates": [ [ [ -90.513976837627354, 14.645566961120224 ], [ -90.513986931859137, 14.645600931164745 ], [ -90.513956598214307, 14.645596325223845 ], [ -90.513976837627354, 14.645566961120224 ] ] ] } },
{ "type": "Feature", "properties": { "kind": "L1", "value": "32.43960322925749", "building_uid": "913", "part": "head" }, "geometry": { "type": "Polygon", "coordinates": [ [ [ -90.514292652689974, 14.646406449014032 ], [ -90.514350192661325, 14.646389227828982 ], [ -90.514343188469738, 14.646438294330189 ], [ -90.514292652689974, 14.646406449014032 ] ] ] } },
{ "type": "Feature", "properties": { "kind": "L1", "value": "13.894068335142553", "building_uid": "920", "part": "head" }, "geometry": { "type": "Polygon", "coordinates": [ [ [ -90.513806967661139, 14.646135105609925 ], [ -90.513782214242937, 14.646142127846254 ], [ -90.513785531314653, 14.646121157620609 ], [ -90.513806967661139, 14.646135105609925 ] ] ] } },
{ "type": "Feature", "properties": { "kind": "L1", "value": "25.005450030609556", "building_uid": "1296", "part": "head" }, "geometry": { "type": "Polygon", "coordinates": [ [ [ -90.513789187906156, 14.644602491673872 ], [ -90.513774903189329, 14.644559508416714 ], [ -90.513813825222527, 14.644564208545638 ], [ -90.513789187906156, 14.644602491673872 ] ] ] } },
{ "type": "Feature", "properties": { "kind": "L1", "value": "11.210342785849624", "building_uid": "1298", "part": "head" }, "geometry": { "type": "Polygon", "coordinates": [ [ [ -90.513712440665884, 14.644376104180184 ], [ -90.513705950807022, 14.644356861329127 ], [ -90.513723409383488, 14.644358894754404 ], [ -90.513712440665884, 14.644376104180184 ] ] ] } },
{ "type": "Feature", "properties": { "kind": "L1", "value": "30.55375076819195", "building_uid": "1301", "part": "head" }, "geometry": { "type": "Polygon", "coordinates": [ [ [ -90.515072114037878, 14.644323584280897 ], [ -90.515088736548265, 14.644376360031131 ], [ -90.515041274700451, 14.644369905513969 ], [ -90.515072114037878, 14.644323584280897 ] ] ] } },
{ "type": "Feature", "properties": { "kind": "L1", "value": "14.77195186783972", "building_uid": "1306", "part": "head" }, "geometry": { "type": "Polygon", "coordinates": [ [ [ -90.514697542414055, 14.643883486509578 ], [ -90.514723641905434, 14.643875328264702 ], [ -90.514720737755866, 14.643897708429632 ], [ -90.514697542414055, 14.643883486509578 ] ] ] } },
{ "type": "Feature", "properties": { "kind": "L1", "value": "34.649666491276385", "building_uid": "1407", "part": "head" }, "geometry": { "type": "Polygon", "coordinates": [ [ [ -90.512347691356013, 14.645984632265108 ], [ -90.512365528714128, 14.646044776569061 ], [ -90.51231183494852, 14.646036595884889 ], [ -90.512347691356013, 14.645984632265108 ] ] ] } },
{ "type": "Feature", "properties": { "kind": "L1", "value": "24.664288220876323", "building_uid": "1427", "part": "head" }, "geometry": { "type": "Polygon", "coordinates": [ [ [ -90.513329338095119, 14.645030088270055 ], [ -90.513285263284089, 14.645042098491388 ], [ -90.513291557656387, 14.645004935890277 ], [ -90.513329338095119, 14.645030088270055 ] ] ] } },
{ "type": "Feature", "properties": { "kind": "L1", "value": "12.785941170901912", "building_uid": "1547", "part": "head" }, "geometry": { "type": "Polygon", "coordinates": [ [ [ -90.51453204616115, 14.645569548241978 ], [ -90.514509364224438, 14.645576326819691 ], [ -90.51451213306386, 14.645556988556889 ], [ -90.51453204616115, 14.645569548241978 ] ] ] } },
{ "type": "Feature", "properties": { "kind": "L1", "value": "32.11356813931008", "building_uid": "1548", "part": "head" }, "geometry": { "type": "Polygon", "coordinates": [ [ [ -90.514393348469341, 14.645638758437508 ], [ -90.514450480484953, 14.645622260160966 ], [ -90.514443053182617, 14.645670764316801 ], [ -90.514393348469341, 14.645638758437508 ] ] ] } },
{ "type": "Feature", "properties": { "kind": "L1", "value": "18.83855116140423", "building_uid": "1550", "part": "head" }, "geometry": { "type": "Polygon", "coordinates": [ [ [ -90.514102780482403, 14.645756337121501 ], [ -90.51409101315943, 14.645724287747271 ], [ -90.514120433271927, 14.645726959762568 ], [ -90.514102780482403, 14.645756337121501 ] ] ] } },
{ "type": "Feature", "properties": { "kind": "L1", "value": "19.118883135277148", "building_uid": "1555", "part": "head" }, "geometry": { "type": "Polygon", "coordinates": [ [ [ -90.512859257068996, 14.64517191341495 ], [ -90.512893221014437, 14.645161929717508 ], [ -90.512888943898716, 14.645190827398746 ], [ -90.512859257068996, 14.64517191341495 ] ] ] } },
{ "type": "Feature", "properties": { "kind": "L1", "value": "40.99510082711092", "building_uid": "2589", "part": "head" }, "geometry": { "type": "Polygon", "coordinates": [ [ [ -90.514937016917074, 14.644544961664751 ], [ -90.514864563585391, 14.644567536120201 ], [ -90.514872683171916, 14.644505434118091 ], [ -90.514937016917074, 14.644544961664751 ] ] ] } },
{ "type": "Feature", "properties": { "kind": "L1", "value": "41.16081999629184", "building_uid": "2590", "part": "head" }, "geometry": { "type": "Polygon", "coordinates": [ [ [ -90.514952382790952, 14.64443342049967 ], [ -90.514879450897297, 14.644455513236828 ], [ -90.51488812045838, 14.644393226354854 ], [ -90.514952382790952, 14.64443342049967 ] ] ] } },
{ "type": "Feature", "properties": { "kind": "L1", "value": "41.4911666251346", "building_uid": "2591", "part": "head" }, "geometry": { "type": "Polygon", "coordinates": [ [ [ -90.514587030543396, 14.644285926978091 ], [ -90.514659255504228, 14.644259956301651 ], [ -90.514653889639959, 14.64432310122425 ], [ -90.514587030543396, 14.644285926978091 ] ] ] } },
{ "type": "Feature", "properties": { "kind": "L1", "value": "14.710199777766233", "building_uid": "2600", "part": "head" }, "geometry": { "type": "Polygon", "coordinates": [ [ [ -90.512401982072703, 14.644252702839374 ], [ -90.512393696634803, 14.644227379814122 ], [ -90.512416580497231, 14.64423024594462 ], [ -90.512401982072703, 14.644252702839374 ] ] ] } },
{ "type": "Feature", "properties": { "kind": "L1", "value": "17.120167725435852", "building_uid": "2602", "part": "head" }, "geometry": { "type": "Polygon", "coordinates": [ [ [ -90.512676811343084, 14.644260274136332 ], [ -90.512707128388442, 14.644251029817342 ], [ -90.512703572212942, 14.644276943505528 ], [ -90.512676811343084, 14.644260274136332 ] ] ] } },
{ "type": "Feature", "properties": { "kind": "L1", "value": "28.86780270315246", "building_uid": "2604", "part": "head" }, "geometry": { "type": "Polygon", "coordinates": [ [ [ -90.512549069668367, 14.643921641758432 ], [ -90.512600512667944, 14.643907095846078 ], [ -90.512593581327522, 14.643950659858765 ], [ -90.512549069668367, 14.643921641758432 ] ] ] } },
{ "type": "Feature", "properties": { "kind": "L1", "value": "20.326075535485852", "building_uid": "2605", "part": "head" }, "geometry": { "type": "Polygon", "coordinates": [ [ [ -90.512851991846603, 14.6437499598788 ], [ -90.512840908271983, 14.643714858123271 ], [ -90.512872485520717, 14.643719130369744 ], [ -90.512851991846603, 14.6437499598788 ] ] ] } },
{ "type": "Feature", "properties": { "kind": "L1", "value": "54.647404499619185", "building_uid": "2606", "part": "head" }, "geometry": { "type": "Polygon", "coordinates": [ [ [ -90.512738255464157, 14.643675163733567 ], [ -90.512768144390691, 14.643769509010838 ], [ -90.512683236825168, 14.643758099948059 ], [ -90.512738255464157, 14.643675163733567 ] ] ] } },
{ "type": "Feature", "properties": { "kind": "L1", "value": "29.41146001426427", "building_uid": "2607", "part": "head" }, "geometry": { "type": "Polygon", "coordinates": [ [ [ -90.512483461726063, 14.643783062811147 ], [ -90.512468085189241, 14.643732077768469 ], [ -90.512513692910019, 14.643738821873713 ], [ -90.512483461726063, 14.643783062811147 ] ] ] } },
{ "type": "Feature", "properties": { "kind": "L1", "value": "12.299070536057545", "building_uid": "2692", "part": "head" }, "geometry": { "type": "Polygon", "coordinates": [ [ [ -90.514547269930304, 14.648325338023128 ], [ -90.514554511867871, 14.648346410446695 ], [ -90.51453534482259, 14.648344284301386 ], [ -90.514547269930304, 14.648325338023128 ] ] ] } },
{ "type": "Feature", "properties": { "kind": "L1", "value": "17.618064452220523", "building_uid": "2709", "part": "head" }, "geometry": { "type": "Polygon", "coordinates": [ [ [ -90.514326664776476, 14.647376947274763 ], [ -90.514317124820778, 14.647346502028464 ], [ -90.514344487330305, 14.647350262319073 ], [ -90.514326664776476, 14.647376947274763 ] ] ] } },
{ "type": "Feature", "properties": { "kind": "L1", "value": "42.273667222643965", "building_uid": "2710", "part": "head" }, "geometry": { "type": "Polygon", "coordinates": [ [ [ -90.514157408892757, 14.647443192795816 ], [ -90.514232376443687, 14.647420700384979 ], [ -90.51422329444371, 14.647484647531234 ], [ -90.514157408892757, 14.647443192795816 ] ] ] } },
{ "type": "Feature", "properties": { "kind": "L1", "value": "21.583008517185053", "building_uid": "2713", "part": "head" }, "geometry": { "type": "Polygon", "coordinates": [ [ [ -90.514051502758761, 14.648191692147252 ], [ -90.514089733881576, 14.648180070381741 ], [ -90.51408522144564, 14.648212735399026 ], [ -90.514051502758761, 14.648191692147252 ] ] ] } },
{ "type": "Feature", "properties": { "kind": "L1", "value": "25.035450352508132", "building_uid": "2714", "part": "head" }, "geometry": { "type": "Polygon", "coordinates": [ [ [ -90.514253104398009, 14.64840656183056 ], [ -90.514239614075478, 14.64836327924373 ], [ -90.514278488453101, 14.64836867895953 ], [ -90.514253104398009, 14.64840656183056 ] ] ] } },
{ "type": "Feature", "properties": { "kind": "L1", "value": "10.587275623505361", "building_uid": "2715", "part": "head" }, "geometry": { "type": "Polygon", "coordinates": [ [ [ -90.514045727735564, 14.64827729886739 ], [ -90.514064488196581, 14.648271618743161 ], [ -90.514062255943259, 14.648287639695974 ], [ -90.514045727735564, 14.64827729886739 ] ] ] } },
{ "type": "Feature", "properties": { "kind": "L1", "value": "24.962302757218207", "building_uid": "2716", "part": "head" }, "geometry": { "type": "Polygon", "coordinates": [ [ [ -90.514295345874032, 14.648138309478393 ], [ -90.514251008461571, 14.648151369633597 ], [ -90.514256570398089, 14.648113636601336 ], [ -90.514295345874032, 14.648138309478393 ] ] ] } },
{ "type": "Feature", "properties": { "kind": "L1", "value": "31.966918836921106", "building_uid": "2717", "part": "head" }, "geometry": { "type": "Polygon", "coordinates": [ [ [ -90.514091490067614, 14.648027639057833 ], [ -90.514148121250074, 14.648010446266044 ], [ -90.51414141945024, 14.648058824508967 ], [ -90.514091490067614, 14.648027639057833 ] ] ] } },
{ "type": "Feature", "properties": { "kind": "L1", "value": "50.16524831032723", "building_uid": "2718", "part": "head" }, "geometry": { "type": "Polygon", "coordinates": [ [ [ -90.514108893675228, 14.647883885842466 ], [ -90.514198130689294, 14.647858077669051 ], [ -90.514186560390755, 14.647933851616667 ], [ -90.514108893675228, 14.647883885842466 ] ] ] } },
{ "type": "Feature", "properties": { "kind": "L1", "value": "16.819169512146793", "building_uid": "2721", "part": "head" }, "geometry": { "type": "Polygon", "coordinates": [ [ [ -90.514475335126249, 14.648272963145445 ], [ -90.5144846948278, 14.648301951770891 ], [ -90.514458542695706, 14.648298577333168 ], [ -90.514475335126249, 14.648272963145445 ] ] ] } },
{ "type": "Feature", "properties": { "kind": "L1", "value": "20.045684774509095", "building_uid": "2722", "part": "head" }, "geometry": { "type": "Polygon", "coordinates": [ [ [ -90.514464623640876, 14.64801509419199 ], [ -90.514475697181496, 14.648049668763251 ], [ -90.514444537761932, 14.648045577182433 ], [ -90.514464623640876, 14.64801509419199 ] ] ] } },
{ "type": "Feature", "properties": { "kind": "L1", "value": "34.264893090900934", "building_uid": "2723", "part": "head" }, "geometry": { "type": "Polygon", "coordinates": [ [ [ -90.51412809752442, 14.647630438082691 ], [ -90.514188872187461, 14.647612237591209 ], [ -90.514181483133129, 14.647664066178066 ], [ -90.51412809752442, 14.647630438082691 ] ] ] } },
{ "type": "Feature", "properties": { "kind": "L1", "value": "23.61531331489361", "building_uid": "2724", "part": "head" }, "geometry": { "type": "Polygon", "coordinates": [ [ [ -90.514333422788042, 14.647742536178676 ], [ -90.514291662281707, 14.647755469969725 ], [ -90.514296403159179, 14.647719703930548 ], [ -90.514333422788042, 14.647742536178676 ] ] ] } },
{ "type": "Feature", "properties": { "kind": "L1", "value": "8.395565789288968", "building_uid": "2725", "part": "head" }, "geometry": { "type": "Polygon", "coordinates": [ [ [ -90.514173314093853, 14.647520858425727 ], [ -90.514178036752853, 14.647535312986987 ], [ -90.514164976712479, 14.647533671907746 ], [ -90.514173314093853, 14.647520858425727 ] ] ] } },
{ "type": "Feature", "properties": { "kind": "L1", "value": "18.5432549177351", "building_uid": "2727", "part": "head" }, "geometry": { "type": "Polygon", "coordinates": [ [ [ -90.514348874326984, 14.64775321709584 ], [ -90.514381952447096, 14.647743985036298 ], [ -90.514377400453043, 14.647771953252553 ], [ -90.514348874326984, 14.64775321709584 ] ] ] } },
{ "type": "Feature", "properties": { "kind": "L1", "value": "18.738945436925693", "building_uid": "2732", "part": "head" }, "geometry": { "type": "Polygon", "coordinates": [ [ [ -90.514231991353171, 14.64684186675075 ], [ -90.514265202837237, 14.646831833974749 ], [ -90.514261233186161, 14.64686018778699 ], [ -90.514231991353171, 14.64684186675075 ] ] ] } },
{ "type": "Feature", "properties": { "kind": "L1", "value": "18.953010909928725", "building_uid": "2733", "part": "head" }, "geometry": { "type": "Polygon", "coordinates": [ [ [ -90.514415015943683, 14.646798021624956 ], [ -90.514381325094121, 14.646807849821304 ], [ -90.514385626950244, 14.646779211561409 ], [ -90.514415015943683, 14.646798021624956 ] ] ] } },
{ "type": "Feature", "properties": { "kind": "L1", "value": "19.020135639687616", "building_uid": "2735", "part": "head" }, "geometry": { "type": "Polygon", "coordinates": [ [ [ -90.514253793997852, 14.646689564690977 ], [ -90.514287580174212, 14.646679624122553 ], [ -90.514283332680478, 14.646708373635168 ], [ -90.514253793997852, 14.646689564690977 ] ] ] } },
{ "type": "Feature", "properties": { "kind": "L1", "value": "9.184915056100982", "building_uid": "2737", "part": "head" }, "geometry": { "type": "Polygon", "coordinates": [ [ [ -90.514512667396659, 14.646711040762058 ], [ -90.514496351814884, 14.646715840886523 ], [ -90.514498403153397, 14.646701957634832 ], [ -90.514512667396659, 14.646711040762058 ] ] ] } },
{ "type": "Feature", "properties": { "kind": "L1", "value": "37.68316186651161", "building_uid": "2739", "part": "head" }, "geometry": { "type": "Polygon", "coordinates": [ [ [ -90.514615382962802, 14.64662155063003 ], [ -90.514548806773604, 14.646642375248154 ], [ -90.514556203591056, 14.646585282155606 ], [ -90.514615382962802, 14.64662155063003 ] ] ] } },
{ "type": "Feature", "properties": { "kind": "L1", "value": "32.2497283204704", "building_uid": "2743", "part": "head" }, "geometry": { "type": "Polygon", "coordinates": [ [ [ -90.513452764152973, 14.646345773456259 ], [ -90.513510371195963, 14.646329988991637 ], [ -90.513502212616302, 14.646378592314326 ], [ -90.513452764152973, 14.646345773456259 ] ] ] } },
{ "type": "Feature", "properties": { "kind": "L1", "value": "9.080494044521227", "building_uid": "2754", "part": "head" }, "geometry": { "type": "Polygon", "coordinates": [ [ [ -90.513870664299489, 14.647595133779689 ], [ -90.513875636163249, 14.647610809099607 ], [ -90.513861526589821, 14.647608917811636 ], [ -90.513870664299489, 14.647595133779689 ] ] ] } },
{ "type": "Feature", "properties": { "kind": "L1", "value": "23.90579640618012", "building_uid": "2756", "part": "head" }, "geometry": { "type": "Polygon", "coordinates": [ [ [ -90.513768732838173, 14.647721645250376 ], [ -90.513811147132046, 14.647708989246921 ], [ -90.51380595414949, 14.647745143672964 ], [ -90.513768732838173, 14.647721645250376 ] ] ] } },
{ "type": "Feature", "properties": { "kind": "L1", "value": "12.90802167202131", "building_uid": "2760", "part": "head" }, "geometry": { "type": "Polygon", "coordinates": [ [ [ -90.513764746863302, 14.647576578003187 ], [ -90.513771612179767, 14.647598920494593 ], [ -90.513751580418358, 14.647596059791155 ], [ -90.513764746863302, 14.647576578003187 ] ] ] } },
{ "type": "Feature", "properties": { "kind": "L1", "value": "18.785270514657324", "building_uid": "2784", "part": "head" }, "geometry": { "type": "Polygon", "coordinates": [ [ [ -90.513600576168045, 14.648130613998047 ], [ -90.513609075914431, 14.648163528955802 ], [ -90.513580141682553, 14.648158110614874 ], [ -90.513600576168045, 14.648130613998047 ] ] ] } },
{ "type": "Feature", "properties": { "kind": "L1", "value": "27.921060611243476", "building_uid": "2802", "part": "head" }, "geometry": { "type": "Polygon", "coordinates": [ [ [ -90.512722689224773, 14.648172495388486 ], [ -90.5127073898487, 14.648124299849144 ], [ -90.512750775994533, 14.648130105290303 ], [ -90.512722689224773, 14.648172495388486 ] ] ] } },
{ "type": "Feature", "properties": { "kind": "L1", "value": "12.558158819938845", "building_uid": "2817", "part": "head" }, "geometry": { "type": "Polygon", "coordinates": [ [ [ -90.512680562588798, 14.647768963476425 ], [ -90.512702872192122, 14.647762406588893 ], [ -90.512700061981079, 14.647781387795735 ], [ -90.512680562588798, 14.647768963476425 ] ] ] } },
{ "type": "Feature", "properties": { "kind": "L1", "value": "20.492615994788377", "building_uid": "2823", "part": "head" }, "geometry": { "type": "Polygon", "coordinates": [ [ [ -90.512013933012938, 14.648075393840736 ], [ -90.512002550912499, 14.648040067253437 ], [ -90.512034412251182, 14.648044197330718 ], [ -90.512013933012938, 14.648075393840736 ] ] ] } },
{ "type": "Feature", "properties": { "kind": "L1", "value": "12.896423177534619", "building_uid": "2852", "part": "head" }, "geometry": { "type": "Polygon", "coordinates": [ [ [ -90.51226673614751, 14.647083688876549 ], [ -90.512244313591125, 14.647091831706929 ], [ -90.512245916328894, 14.647072199686791 ], [ -90.51226673614751, 14.647083688876549 ] ] ] } },
{ "type": "Feature", "properties": { "kind": "L1", "value": "18.407449017338507", "building_uid": "2857", "part": "head" }, "geometry": { "type": "Polygon", "coordinates": [ [ [ -90.512180244774171, 14.646160968521411 ], [ -90.512170700689325, 14.646129036401538 ], [ -90.512199234424273, 14.646133324702062 ], [ -90.512180244774171, 14.646160968521411 ] ] ] } },
{ "type": "Feature", "properties": { "kind": "L1", "value": "10.633209118209097", "building_uid": "2862", "part": "head" }, "geometry": { "type": "Polygon", "coordinates": [ [ [ -90.514745277145906, 14.645856066784511 ], [ -90.514739678673777, 14.645837645264335 ], [ -90.514756172710008, 14.645840050155378 ], [ -90.514745277145906, 14.645856066784511 ] ] ] } },
{ "type": "Feature", "properties": { "kind": "L1", "value": "12.97199489886362", "building_uid": "2866", "part": "head" }, "geometry": { "type": "Polygon", "coordinates": [ [ [ -90.514395935960863, 14.645705575736395 ], [ -90.514419036818538, 14.645698986947762 ], [ -90.514415969012504, 14.645718569849612 ], [ -90.514395935960863, 14.645705575736395 ] ] ] } },
{ "type": "Feature", "properties": { "kind": "L1", "value": "41.47384522744324", "building_uid": "2873", "part": "head" }, "geometry": { "type": "Polygon", "coordinates": [ [ [ -90.514031415431688, 14.644748836181646 ], [ -90.514051497535831, 14.644821170984494 ], [ -90.51398741065529, 14.64481030998161 ], [ -90.514031415431688, 14.644748836181646 ] ] ] } },
{ "type": "Feature", "properties": { "kind": "L1", "value": "18.142327241774268", "building_uid": "2880", "part": "head" }, "geometry": { "type": "Polygon", "coordinates": [ [ [ -90.514003642474776, 14.64512307370477 ], [ -90.514012726876459, 14.645154635543284 ], [ -90.513984648799365, 14.645150136695896 ], [ -90.514003642474776, 14.64512307370477 ] ] ] } },
{ "type": "Feature", "properties": { "kind": "L1", "value": "41.889632954121645", "building_uid": "2881", "part": "head" }, "geometry": { "type": "Polygon", "coordinates": [ [ [ -90.51406470349302, 14.645139189826386 ], [ -90.514046259798349, 14.64506566908565 ], [ -90.514110694591082, 14.64507817570513 ], [ -90.51406470349302, 14.645139189826386 ] ] ] } },
{ "type": "Feature", "properties": { "kind": "L1", "value": "14.084288772779919", "building_uid": "2882", "part": "head" }, "geometry": { "type": "Polygon", "coordinates": [ [ [ -90.513625856780564, 14.64500897821749 ], [ -90.513633782545099, 14.645033226003576 ], [ -90.513611873092003, 14.645030475681931 ], [ -90.513625856780564, 14.64500897821749 ] ] ] } },
{ "type": "Feature", "properties": { "kind": "L1", "value": "29.042099666077196", "building_uid": "2891", "part": "head" }, "geometry": { "type": "Polygon", "coordinates": [ [ [ -90.512447436831749, 14.64538831254446 ], [ -90.512396132665771, 14.645404377579052 ], [ -90.512401819087273, 14.645360374728437 ], [ -90.512447436831749, 14.64538831254446 ] ] ] } },
{ "type": "Feature", "properties": { "kind": "L1", "value": "8.254065163332102", "building_uid": "2897", "part": "head" }, "geometry": { "type": "Polygon", "coordinates": [ [ [ -90.512490204367964, 14.645244020373877 ], [ -90.512485984886482, 14.645229684807465 ], [ -90.512498771438899, 14.645231658627946 ], [ -90.512490204367964, 14.645244020373877 ] ] ] } },
{ "type": "Feature", "properties": { "kind": "L1", "value": "13.913778605512764", "building_uid": "12745", "part": "head" }, "geometry": { "type": "Polygon", "coordinates": [ [ [ -90.514211914702358, 14.646258662729362 ], [ -90.514187229772148, 14.646266032361583 ], [ -90.514190249041718, 14.646244989132592 ], [ -90.514211914702358, 14.646258662729362 ] ] ] } },
{ "type": "Feature", "properties": { "kind": "L1", "value": "25.05280681474597", "building_uid": "12746", "part": "head" }, "geometry": { "type": "Polygon", "coordinates": [ [ [ -90.51452561035741, 14.646313576942292 ], [ -90.514481278895531, 14.64632720826992 ], [ -90.51448638938929, 14.646289275367206 ], [ -90.51452561035741, 14.646313576942292 ] ] ] } },
{ "type": "Feature", "properties": { "kind": "L1", "value": "33.20346851450129", "building_uid": "12782", "part": "head" }, "geometry": { "type": "Polygon", "coordinates": [ [ [ -90.513221072238352, 14.644411322837396 ], [ -90.513279989629311, 14.644393769438475 ], [ -90.513272754668378, 14.644443982332657 ], [ -90.513221072238352, 14.644411322837396 ] ] ] } },
{ "type": "Feature", "properties": { "kind": "L1", "value": "18.061147315742975", "building_uid": "12783", "part": "head" }, "geometry": { "type": "Polygon", "coordinates": [ [ [ -90.513174604915335, 14.64356454176961 ], [ -90.513184241962662, 14.643595794713448 ], [ -90.513156209690536, 14.643591818439427 ], [ -90.513174604915335, 14.64356454176961 ] ] ] } },
{ "type": "Feature", "properties": { "kind": "L1", "value": "24.64380003929577", "building_uid": "12784", "part": "head" }, "geometry": { "type": "Polygon", "coordinates": [ [ [ -90.513556795773724, 14.643640571794272 ], [ -90.513543414504994, 14.643597996663871 ], [ -90.513581692551369, 14.643603224782447 ], [ -90.513556795773724, 14.643640571794272 ] ] ] } },
{ "type": "Feature", "properties": { "kind": "L1", "value": "51.694848283972945", "building_uid": "12785", "part": "head" }, "geometry": { "type": "Polygon", "coordinates": [ [ [ -90.513278516978403, 14.643690140033678 ], [ -90.513310249078145, 14.643778279068409 ], [ -90.513229566176079, 14.643770461658532 ], [ -90.513278516978403, 14.643690140033678 ] ] ] } },
{ "type": "Feature", "properties": { "kind": "L1", "value": "80.07428742612936", "building_uid": "12786", "part": "head" }, "geometry": { "type": "Polygon", "coordinates": [ [ [ -90.513430400460223, 14.644352659849101 ], [ -90.513386921064935, 14.644214321887898 ], [ -90.513511296997919, 14.644231309460434 ], [ -90.513430400460223, 14.644352659849101 ] ] ] } },
{ "type": "Feature", "properties": { "kind": "L1", "value": "13.475789472915439", "building_uid": "12788", "part": "head" }, "geometry": { "type": "Polygon", "coordinates": [ [ [ -90.514438186875182, 14.644580102488703 ], [ -90.514414110313709, 14.644586680118559 ], [ -90.514417535461178, 14.644566373401672 ], [ -90.514438186875182, 14.644580102488703 ] ] ] } },
{ "type": "Feature", "properties": { "kind": "L1", "value": "17.84943100620512", "building_uid": "12846", "part": "head" }, "geometry": { "type": "Polygon", "coordinates": [ [ [ -90.512367827757757, 14.64405838256471 ], [ -90.512399409726612, 14.644048662631622 ], [ -90.512395775911813, 14.644075689660838 ], [ -90.512367827757757, 14.64405838256471 ] ] ] } },
{ "type": "Feature", "properties": { "kind": "L1", "value": "12.17480534342442", "building_uid": "12847", "part": "head" }, "geometry": { "type": "Polygon", "coordinates": [ [ [ -90.51244657480764, 14.643976703847803 ], [ -90.512439893460325, 14.643955691574119 ], [ -90.512458812593948, 14.643958214231114 ], [ -90.51244657480764, 14.643976703847803 ] ] ] } },
{ "type": "Feature", "properties": { "kind": "L1", "value": "12.079758081487515", "building_uid": "12848", "part": "head" }, "geometry": { "type": "Polygon", "coordinates": [ [ [ -90.512304501550858, 14.643920330729776 ], [ -90.512325956061261, 14.643914008062151 ], [ -90.512323266923886, 14.643932268139537 ], [ -90.512304501550858, 14.643920330729776 ] ] ] } },
{ "type": "Feature", "properties": { "kind": "L1", "value": "17.766197710775568", "building_uid": "12856", "part": "head" }, "geometry": { "type": "Polygon", "coordinates": [ [ [ -90.511722525339806, 14.647580193542192 ], [ -90.511754085157165, 14.647570911522433 ], [ -90.511750114823187, 14.64759776521934 ], [ -90.511722525339806, 14.647580193542192 ] ] ] } },
{ "type": "Feature", "properties": { "kind": "L1", "value": "15.167756565772306", "building_uid": "12915", "part": "head" }, "geometry": { "type": "Polygon", "coordinates": [ [ [ -90.514920470546144, 14.645444721234306 ], [ -90.514947275160779, 14.645436361427327 ], [ -90.514944277769089, 14.645459339354883 ], [ -90.514920470546144, 14.645444721234306 ] ] ] } },
{ "type": "Feature", "properties": { "kind": "L1", "value": "20.26570085625042", "building_uid": "12919", "part": "head" }, "geometry": { "type": "Polygon", "coordinates": [ [ [ -90.51379455201112, 14.64429959403892 ], [ -90.513830496370971, 14.644288830186852 ], [ -90.513826125622472, 14.644319483712531 ], [ -90.51379455201112, 14.64429959403892 ] ] ] } },
{ "type": "Feature", "properties": { "kind": "L1", "value": "18.382779875432327", "building_uid": "12951", "part": "head" }, "geometry": { "type": "Polygon", "coordinates": [ [ [ -90.514548891400835, 14.645819668632027 ], [ -90.514558046295221, 14.645851662378016 ], [ -90.514529603129233, 14.645847061801623 ], [ -90.514548891400835, 14.645819668632027 ] ] ] } },
{ "type": "Feature", "properties": { "kind": "L1", "value": "17.471843488261513", "building_uid": "12956", "part": "head" }, "geometry": { "type": "Polygon", "coordinates": [ [ [ -90.514441064050203, 14.647250016125081 ], [ -90.51445034797139, 14.647280260688513 ], [ -90.514423234828527, 14.64727638112819 ], [ -90.514441064050203, 14.647250016125081 ] ] ] } },
{ "type": "Feature", "properties": { "kind": "L1", "value": "12.526412508633683", "building_uid": "12987", "part": "head" }, "geometry": { "type": "Polygon", "coordinates": [ [ [ -90.515222574625426, 14.644207338378067 ], [ -90.515200522626202, 14.64421449468586 ], [ -90.515202769279028, 14.644195491216051 ], [ -90.515222574625426, 14.644207338378067 ] ] ] } },
{ "type": "Feature", "properties": { "kind": "L1", "value": "14.605587041268489", "building_uid": "12997", "part": "head" }, "geometry": { "type": "Polygon", "coordinates": [ [ [ -90.512812040222897, 14.645544287671752 ], [ -90.512837930991083, 14.645536483954107 ], [ -90.512834822504885, 14.645558581656132 ], [ -90.512812040222897, 14.645544287671752 ] ] ] } },
{ "type": "Feature", "properties": { "kind": "L1", "value": "18.904480005997264", "building_uid": "1000003", "part": "head" }, "geometry": { "type": "Polygon", "coordinates": [ [ [ -90.514388405981151, 14.642792918798804 ], [ -90.514397901465955, 14.642825798478427 ], [ -90.514368639938965, 14.642821135556719 ], [ -90.514388405981151, 14.642792918798804 ] ] ] } },
{ "type": "Feature", "properties": { "kind": "L1", "value": "11.104665803930798", "building_uid": "1000002", "part": "head" }, "geometry": { "type": "Polygon", "coordinates": [ [ [ -90.514359252377005, 14.643060209638556 ], [ -90.514352985558304, 14.643041097157305 ], [ -90.514370261795449, 14.643043250335467 ], [ -90.514359252377005, 14.643060209638556 ] ] ] } },
{ "type": "Feature", "properties": { "kind": "L1", "value": "13.913354613574864", "building_uid": "1000004", "part": "head" }, "geometry": { "type": "Polygon", "coordinates": [ [ [ -90.515065271419232, 14.643229507014807 ], [ -90.5150575318889, 14.643205525778585 ], [ -90.515079164935329, 14.643208319735042 ], [ -90.515065271419232, 14.643229507014807 ] ] ] } },
{ "type": "Feature", "properties": { "kind": "L1", "value": "7.354462899041053", "building_uid": "1000005", "part": "head" }, "geometry": { "type": "Polygon", "coordinates": [ [ [ -90.512542588633522, 14.643468131547554 ], [ -90.512529599063626, 14.643472206740466 ], [ -90.512531032741379, 14.643461062924864 ], [ -90.512542588633522, 14.643468131547554 ] ] ] } },
{ "type": "Feature", "properties": { "kind": "L1", "value": "16.60208068194083", "building_uid": "1000012", "part": "head" }, "geometry": { "type": "Polygon", "coordinates": [ [ [ -90.513155105491066, 14.644345101163388 ], [ -90.513125542721539, 14.644353541820772 ], [ -90.513129461782299, 14.644328477785884 ], [ -90.513155105491066, 14.644345101163388 ] ] ] } },
{ "type": "Feature", "properties": { "kind": "L1", "value": "14.46273097286238", "building_uid": "1000007", "part": "head" }, "geometry": { "type": "Polygon", "coordinates": [ [ [ -90.513985654893759, 14.643793144968871 ], [ -90.513978776754797, 14.643767887882779 ], [ -90.514001105989536, 14.643771780060462 ], [ -90.513985654893759, 14.643793144968871 ] ] ] } },
{ "type": "Feature", "properties": { "kind": "L1", "value": "6.046856875665316", "building_uid": "1000008", "part": "head" }, "geometry": { "type": "Polygon", "coordinates": [ [ [ -90.514425227246008, 14.644461688035786 ], [ -90.514428465096273, 14.644472148176945 ], [ -90.514419078429199, 14.644470826583291 ], [ -90.514425227246008, 14.644461688035786 ] ] ] } },
{ "type": "Feature", "properties": { "kind": "L1", "value": "7.010401194533898", "building_uid": "1000009", "part": "head" }, "geometry": { "type": "Polygon", "coordinates": [ [ [ -90.514666395920855, 14.643900691158581 ], [ -90.514662250137405, 14.643888685869188 ], [ -90.514673176830854, 14.643889882233076 ], [ -90.514666395920855, 14.643900691158581 ] ] ] } },
{ "type": "Feature", "properties": { "kind": "L1", "value": "20.590840316301502", "building_uid": "1000011", "part": "head" }, "geometry": { "type": "Polygon", "coordinates": [ [ [ -90.514809148186231, 14.643976907448636 ], [ -90.514845449730814, 14.643965298888284 ], [ -90.51484161599619, 14.643996520595323 ], [ -90.514809148186231, 14.643976907448636 ] ] ] } },
{ "type": "Feature", "properties": { "kind": "L1", "value": "17.93658799086918", "building_uid": "182", "part": "head" }, "geometry": { "type": "Polygon", "coordinates": [ [ [ -90.514755084646765, 14.644170330954063 ], [ -90.51472341473405, 14.644180300386594 ], [ -90.514726883655385, 14.644153118655636 ], [ -90.514755084646765, 14.644170330954063 ] ] ] } },
{ "type": "Feature", "properties": { "kind": "L1", "value": "22.931710033723302", "building_uid": "1000013", "part": "head" }, "geometry": { "type": "Polygon", "coordinates": [ [ [ -90.514964086696949, 14.644185154077473 ], [ -90.514923866744397, 14.644198685005398 ], [ -90.514927587655862, 14.644163854148477 ], [ -90.514964086696949, 14.644185154077473 ] ] ] } },
{ "type": "Feature", "properties": { "kind": "L1", "value": "10.89683576626421", "building_uid": "1000016", "part": "head" }, "geometry": { "type": "Polygon", "coordinates": [ [ [ -90.514741963581997, 14.645290284766995 ], [ -90.514722709381871, 14.645296299082421 ], [ -90.514724855123916, 14.64527979031406 ], [ -90.514741963581997, 14.645290284766995 ] ] ] } },
{ "type": "Feature", "properties": { "kind": "L1", "value": "9.8466745294172", "building_uid": "1000019", "part": "head" }, "geometry": { "type": "Polygon", "coordinates": [ [ [ -90.514838428513329, 14.645426745133841 ], [ -90.514855732366485, 14.64542103080837 ], [ -90.514854047282412, 14.645435977779766 ], [ -90.514838428513329, 14.645426745133841 ] ] ] } },
{ "type": "Feature", "properties": { "kind": "L1", "value": "9.1482449544694", "building_uid": "1000015", "part": "head" }, "geometry": { "type": "Polygon", "coordinates": [ [ [ -90.51453128065657, 14.645169647676797 ], [ -90.514547544290778, 14.645164909795209 ], [ -90.514545462509261, 14.645178732155967 ], [ -90.51453128065657, 14.645169647676797 ] ] ] } },
{ "type": "Feature", "properties": { "kind": "L1", "value": "39.81601787114463", "building_uid": "2861", "part": "head" }, "geometry": { "type": "Polygon", "coordinates": [ [ [ -90.512294600053991, 14.646274342379982 ], [ -90.512316000445765, 14.646343194283254 ], [ -90.512254182633953, 14.646334560525814 ], [ -90.512294600053991, 14.646274342379982 ] ] ] } },
{ "type": "Feature", "properties": { "kind": "L1", "value": "11.199983285423427", "building_uid": "1000023", "part": "head" }, "geometry": { "type": "Polygon", "coordinates": [ [ [ -90.512174225972643, 14.647465689850057 ], [ -90.512154694418498, 14.647472606912244 ], [ -90.512156228893971, 14.647455568958691 ], [ -90.512174225972643, 14.647465689850057 ] ] ] } },
{ "type": "Feature", "properties": { "kind": "L1", "value": "13.605177587055705", "building_uid": "1000020", "part": "head" }, "geometry": { "type": "Polygon", "coordinates": [ [ [ -90.512132374955598, 14.647222178159229 ], [ -90.512122355319832, 14.647199616387828 ], [ -90.512143686343194, 14.647200202842033 ], [ -90.512132374955598, 14.647222178159229 ] ] ] } },
{ "type": "Feature", "properties": { "kind": "L1", "value": "14.514462166759477", "building_uid": "1000021", "part": "head" }, "geometry": { "type": "Polygon", "coordinates": [ [ [ -90.512269079105835, 14.647214353411913 ], [ -90.512244361724498, 14.647224771422328 ], [ -90.512244994058136, 14.647202615153365 ], [ -90.512269079105835, 14.647214353411913 ] ] ] } },
{ "type": "Feature", "properties": { "kind": "L1", "value": "18.1545203401998", "building_uid": "1000024", "part": "head" }, "geometry": { "type": "Polygon", "coordinates": [ [ [ -90.514219664396819, 14.647215662691504 ], [ -90.514231730109088, 14.647246286628308 ], [ -90.514203324783637, 14.647244346279841 ], [ -90.514219664396819, 14.647215662691504 ] ] ] } },
{ "type": "Feature", "properties": { "kind": "L1", "value": "27.5175477587978", "building_uid": "1000001", "part": "head" }, "geometry": { "type": "Polygon", "coordinates": [ [ [ -90.514230879103593, 14.643249890769937 ], [ -90.514216278224964, 14.64320225060372 ], [ -90.514258977030437, 14.643208378365447 ], [ -90.514230879103593, 14.643249890769937 ] ] ] } },
{ "type": "Feature", "properties": { "kind": "L1", "value": "22.368942713235185", "building_uid": "1000017", "part": "head" }, "geometry": { "type": "Polygon", "coordinates": [ [ [ -90.51459689399293, 14.645917414001676 ], [ -90.514584932695229, 14.64587871431333 ], [ -90.514619654635155, 14.645883617236985 ], [ -90.51459689399293, 14.645917414001676 ] ] ] } },
{ "type": "Feature", "properties": { "kind": "L2", "value": "26.603618089948892", "building_uid": "7", "part": "head" }, "geometry": { "type": "Polygon", "coordinates": [ [ [ -90.51411079557549, 14.642790928298792 ], [ -90.514063665142615, 14.642805231065111 ], [ -90.514069247352595, 14.642764970194943 ], [ -90.51411079557549, 14.642790928298792 ] ] ] } },
{ "type": "Feature", "properties": { "kind": "L2", "value": "37.648310823515004", "building_uid": "8", "part": "head" }, "geometry": { "type": "Polygon", "coordinates": [ [ [ -90.515135062373147, 14.642996756700711 ], [ -90.51506827334903, 14.643016707972965 ], [ -90.515076433614055, 14.642959767278571 ], [ -90.515135062373147, 14.642996756700711 ] ] ] } },
{ "type": "Feature", "properties": { "kind": "L2", "value": "22.787863597582184", "building_uid": "9", "part": "head" }, "geometry": { "type": "Polygon", "coordinates": [ [ [ -90.515147475624019, 14.642928008235431 ], [ -90.515187899450979, 14.642915924507655 ], [ -90.515182967002403, 14.642950390641623 ], [ -90.515147475624019, 14.642928008235431 ] ] ] } },
{ "type": "Feature", "properties": { "kind": "L2", "value": "20.2909500204889", "building_uid": "10", "part": "head" }, "geometry": { "type": "Polygon", "coordinates": [ [ [ -90.515539153357537, 14.643004571732554 ], [ -90.515503089704353, 14.643015109720775 ], [ -90.515507680828634, 14.642984447745032 ], [ -90.515539153357537, 14.643004571732554 ] ] ] } },
{ "type": "Feature", "properties": { "kind": "L2", "value": "7.3990099740892346", "building_uid": "53", "part": "head" }, "geometry": { "type": "Polygon", "coordinates": [ [ [ -90.514277211699309, 14.642726551709879 ], [ -90.514273011368772, 14.64271382483858 ], [ -90.514284525233833, 14.642715238260259 ], [ -90.514277211699309, 14.642726551709879 ] ] ] } },
{ "type": "Feature", "properties": { "kind": "L2", "value": "15.803982017340676", "building_uid": "54", "part": "head" }, "geometry": { "type": "Polygon", "coordinates": [ [ [ -90.514507971609646, 14.642818966805319 ], [ -90.514480005690771, 14.642827563074103 ], [ -90.514483231948915, 14.642803634291861 ], [ -90.514507971609646, 14.642818966805319 ] ] ] } },
{ "type": "Feature", "properties": { "kind": "L2", "value": "19.317163654692614", "building_uid": "55", "part": "head" }, "geometry": { "type": "Polygon", "coordinates": [ [ [ -90.514488116651194, 14.642777132982868 ], [ -90.514522363287952, 14.642766825168813 ], [ -90.514518240118406, 14.642796049751096 ], [ -90.514488116651194, 14.642777132982868 ] ] ] } },
{ "type": "Feature", "properties": { "kind": "L2", "value": "21.810613696612076", "building_uid": "105", "part": "head" }, "geometry": { "type": "Polygon", "coordinates": [ [ [ -90.514914599810311, 14.643402495834405 ], [ -90.514875638560426, 14.643413164479856 ], [ -90.514881161926141, 14.643380294744851 ], [ -90.514914599810311, 14.643402495834405 ] ] ] } },
{ "type": "Feature", "properties": { "kind": "L2", "value": "13.72393180214011", "building_uid": "106", "part": "head" }, "geometry": { "type": "Polygon", "coordinates": [ [ [ -90.51455369210565, 14.643702080580486 ], [ -90.5145293509011, 14.643709370694424 ], [ -90.514532310021011, 14.64368861201612 ], [ -90.51455369210565, 14.643702080580486 ] ] ] } },
{ "type": "Feature", "properties": { "kind": "L2", "value": "21.63516694155663", "building_uid": "107", "part": "head" }, "geometry": { "type": "Polygon", "coordinates": [ [ [ -90.513764946687417, 14.64360511563323 ], [ -90.513803479709964, 14.643594143089507 ], [ -90.513798348430583, 14.643626801968656 ], [ -90.513764946687417, 14.64360511563323 ] ] ] } },
{ "type": "Feature", "properties": { "kind": "L2", "value": "20.456236345078015", "building_uid": "108", "part": "head" }, "geometry": { "type": "Polygon", "coordinates": [ [ [ -90.5139933871869, 14.643619889154568 ], [ -90.514029731272231, 14.643609221975286 ], [ -90.514025141648176, 14.643640139182395 ], [ -90.5139933871869, 14.643619889154568 ] ] ] } },
{ "type": "Feature", "properties": { "kind": "L2", "value": "17.862865345813155", "building_uid": "109", "part": "head" }, "geometry": { "type": "Polygon", "coordinates": [ [ [ -90.514143513031016, 14.643706351112108 ], [ -90.514175196586436, 14.643696866891045 ], [ -90.514171341013011, 14.643723885526249 ], [ -90.514143513031016, 14.643706351112108 ] ] ] } },
{ "type": "Feature", "properties": { "kind": "L2", "value": "12.335146747133557", "building_uid": "110", "part": "head" }, "geometry": { "type": "Polygon", "coordinates": [ [ [ -90.514425745245248, 14.643702133901028 ], [ -90.514403857479834, 14.643708655335425 ], [ -90.514406544997712, 14.643690001103442 ], [ -90.514425745245248, 14.643702133901028 ] ] ] } },
{ "type": "Feature", "properties": { "kind": "L2", "value": "13.108961955827976", "building_uid": "761", "part": "head" }, "geometry": { "type": "Polygon", "coordinates": [ [ [ -90.514596944686701, 14.644940540767566 ], [ -90.514604441526345, 14.644963071936267 ], [ -90.514584035938853, 14.644960614907628 ], [ -90.514596944686701, 14.644940540767566 ] ] ] } },
{ "type": "Feature", "properties": { "kind": "L2", "value": "13.775606413601082", "building_uid": "176", "part": "head" }, "geometry": { "type": "Polygon", "coordinates": [ [ [ -90.515293442859544, 14.644770946965039 ], [ -90.515269072839146, 14.644778460935967 ], [ -90.515271866092618, 14.644757600890983 ], [ -90.515293442859544, 14.644770946965039 ] ] ] } },
{ "type": "Feature", "properties": { "kind": "L2", "value": "18.11245984143213", "building_uid": "177", "part": "head" }, "geometry": { "type": "Polygon", "coordinates": [ [ [ -90.515171789675321, 14.644723940014565 ], [ -90.515139582242142, 14.644733296421858 ], [ -90.515143725482815, 14.644705932830989 ], [ -90.515171789675321, 14.644723940014565 ] ] ] } },
{ "type": "Feature", "properties": { "kind": "L2", "value": "10.009858916535325", "building_uid": "178", "part": "head" }, "geometry": { "type": "Polygon", "coordinates": [ [ [ -90.514915253559877, 14.644685663523136 ], [ -90.514933053024521, 14.644680492763756 ], [ -90.51493076320682, 14.644695615254253 ], [ -90.514915253559877, 14.644685663523136 ] ] ] } },
{ "type": "Feature", "properties": { "kind": "L2", "value": "12.46750670077974", "building_uid": "179", "part": "head" }, "geometry": { "type": "Polygon", "coordinates": [ [ [ -90.514802539487107, 14.644668645029626 ], [ -90.514824711806099, 14.644662213499336 ], [ -90.514821851929327, 14.644681047774034 ], [ -90.514802539487107, 14.644668645029626 ] ] ] } },
{ "type": "Feature", "properties": { "kind": "L2", "value": "17.431461948617446", "building_uid": "183", "part": "head" }, "geometry": { "type": "Polygon", "coordinates": [ [ [ -90.51478150776596, 14.64376486576006 ], [ -90.51477235434335, 14.643734659600309 ], [ -90.514799390265651, 14.64373862265801 ], [ -90.51478150776596, 14.64376486576006 ] ] ] } },
{ "type": "Feature", "properties": { "kind": "L2", "value": "17.26854632474884", "building_uid": "184", "part": "head" }, "geometry": { "type": "Polygon", "coordinates": [ [ [ -90.514268122057317, 14.644299153764171 ], [ -90.514258489220694, 14.644269397733575 ], [ -90.514285342291728, 14.644272842452915 ], [ -90.514268122057317, 14.644299153764171 ] ] ] } },
{ "type": "Feature", "properties": { "kind": "L2", "value": "29.128991637339585", "building_uid": "185", "part": "head" }, "geometry": { "type": "Polygon", "coordinates": [ [ [ -90.513943153629995, 14.64379552399455 ], [ -90.513959021295889, 14.643845832632438 ], [ -90.513913770314431, 14.643839696438722 ], [ -90.513943153629995, 14.64379552399455 ] ] ] } },
{ "type": "Feature", "properties": { "kind": "L2", "value": "11.113277086848337", "building_uid": "186", "part": "head" }, "geometry": { "type": "Polygon", "coordinates": [ [ [ -90.514045141792195, 14.6444546536378 ], [ -90.514064883104666, 14.644448847353621 ], [ -90.514062399663175, 14.644465645171721 ], [ -90.514045141792195, 14.6444546536378 ] ] ] } },
{ "type": "Feature", "properties": { "kind": "L2", "value": "21.967782232707506", "building_uid": "187", "part": "head" }, "geometry": { "type": "Polygon", "coordinates": [ [ [ -90.513853759421949, 14.644456515606393 ], [ -90.513892705003485, 14.6444447917942 ], [ -90.513888017486948, 14.644478026623338 ], [ -90.513853759421949, 14.644456515606393 ] ] ] } },
{ "type": "Feature", "properties": { "kind": "L2", "value": "21.68143829860295", "building_uid": "188", "part": "head" }, "geometry": { "type": "Polygon", "coordinates": [ [ [ -90.513155657696672, 14.643550745836642 ], [ -90.513144653246229, 14.643513067773698 ], [ -90.513178229241859, 14.643518319314923 ], [ -90.513155657696672, 14.643550745836642 ] ] ] } },
{ "type": "Feature", "properties": { "kind": "L2", "value": "13.379136143172252", "building_uid": "191", "part": "head" }, "geometry": { "type": "Polygon", "coordinates": [ [ [ -90.513077979114669, 14.644359893578805 ], [ -90.513084566030557, 14.644383199363087 ], [ -90.513063876057345, 14.644379786994801 ], [ -90.513077979114669, 14.644359893578805 ] ] ] } },
{ "type": "Feature", "properties": { "kind": "L2", "value": "14.280636858394507", "building_uid": "192", "part": "head" }, "geometry": { "type": "Polygon", "coordinates": [ [ [ -90.51273215319253, 14.644440275313512 ], [ -90.512724366128126, 14.644415613616635 ], [ -90.512746551647908, 14.644418615221769 ], [ -90.51273215319253, 14.644440275313512 ] ] ] } },
{ "type": "Feature", "properties": { "kind": "L2", "value": "10.63002943262616", "building_uid": "193", "part": "head" }, "geometry": { "type": "Polygon", "coordinates": [ [ [ -90.512570383245716, 14.644309672261889 ], [ -90.512589310610878, 14.644304264000738 ], [ -90.512586804752999, 14.644320312579959 ], [ -90.512570383245716, 14.644309672261889 ] ] ] } },
{ "type": "Feature", "properties": { "kind": "L2", "value": "10.65038316498293", "building_uid": "846", "part": "head" }, "geometry": { "type": "Polygon", "coordinates": [ [ [ -90.514021528281546, 14.646838663001652 ], [ -90.514040524236805, 14.646833352069841 ], [ -90.514037917347565, 14.646849416873192 ], [ -90.514021528281546, 14.646838663001652 ] ] ] } },
{ "type": "Feature", "properties": { "kind": "L2", "value": "14.87491295328882", "building_uid": "194", "part": "head" }, "geometry": { "type": "Polygon", "coordinates": [ [ [ -90.51230884103785, 14.644375095559131 ], [ -90.512300788226611, 14.644349390213693 ], [ -90.512323889813544, 14.644352566418087 ], [ -90.51230884103785, 14.644375095559131 ] ] ] } },
{ "type": "Feature", "properties": { "kind": "L2", "value": "14.605022079042394", "building_uid": "195", "part": "head" }, "geometry": { "type": "Polygon", "coordinates": [ [ [ -90.51228783991543, 14.6442369867684 ], [ -90.512279803201267, 14.644211786779723 ], [ -90.512302501409692, 14.644214794466398 ], [ -90.51228783991543, 14.6442369867684 ] ] ] } },
{ "type": "Feature", "properties": { "kind": "L2", "value": "11.333907950575815", "building_uid": "196", "part": "head" }, "geometry": { "type": "Polygon", "coordinates": [ [ [ -90.512447078628753, 14.643712010354777 ], [ -90.512426955287992, 14.643717963409104 ], [ -90.512429459732587, 14.643700828182517 ], [ -90.512447078628753, 14.643712010354777 ] ] ] } },
{ "type": "Feature", "properties": { "kind": "L2", "value": "73.44571867674661", "building_uid": "302", "part": "head" }, "geometry": { "type": "Polygon", "coordinates": [ [ [ -90.513129407382451, 14.642551934707965 ], [ -90.513167043879434, 14.642679468934348 ], [ -90.513053256226414, 14.642661982921522 ], [ -90.513129407382451, 14.642551934707965 ] ] ] } },
{ "type": "Feature", "properties": { "kind": "L2", "value": "12.808814446510892", "building_uid": "303", "part": "head" }, "geometry": { "type": "Polygon", "coordinates": [ [ [ -90.513921354505172, 14.64325388414745 ], [ -90.513927892459506, 14.643276133126964 ], [ -90.51390805156187, 14.643273061770216 ], [ -90.513921354505172, 14.64325388414745 ] ] ] } },
{ "type": "Feature", "properties": { "kind": "L2", "value": "11.871731948598033", "building_uid": "304", "part": "head" }, "geometry": { "type": "Polygon", "coordinates": [ [ [ -90.512563567956121, 14.6433376652253 ], [ -90.512584739527028, 14.643331737074972 ], [ -90.512581841040074, 14.64334964524196 ], [ -90.512563567956121, 14.6433376652253 ] ] ] } },
{ "type": "Feature", "properties": { "kind": "L2", "value": "20.46568365707317", "building_uid": "305", "part": "head" }, "geometry": { "type": "Polygon", "coordinates": [ [ [ -90.512483570225115, 14.643220752271427 ], [ -90.51249480445604, 14.643256072715111 ], [ -90.512463001387061, 14.643251834731164 ], [ -90.512483570225115, 14.643220752271427 ] ] ] } },
{ "type": "Feature", "properties": { "kind": "L2", "value": "16.903002179705823", "building_uid": "306", "part": "head" }, "geometry": { "type": "Polygon", "coordinates": [ [ [ -90.512483708117372, 14.643425620429271 ], [ -90.512453745893083, 14.643434654130305 ], [ -90.512457341066252, 14.643409080230935 ], [ -90.512483708117372, 14.643425620429271 ] ] ] } },
{ "type": "Feature", "properties": { "kind": "L2", "value": "18.632557668518672", "building_uid": "307", "part": "head" }, "geometry": { "type": "Polygon", "coordinates": [ [ [ -90.512822366222792, 14.643300700471302 ], [ -90.512831922564658, 14.643333052507005 ], [ -90.512803054387589, 14.643328623439206 ], [ -90.512822366222792, 14.643300700471302 ] ] ] } },
{ "type": "Feature", "properties": { "kind": "L2", "value": "30.015799325689095", "building_uid": "500", "part": "head" }, "geometry": { "type": "Polygon", "coordinates": [ [ [ -90.515141863395471, 14.645919813726731 ], [ -90.515088535420787, 14.645935468945988 ], [ -90.515095267186865, 14.645890103165518 ], [ -90.515141863395471, 14.645919813726731 ] ] ] } },
{ "type": "Feature", "properties": { "kind": "L2", "value": "13.573357817891225", "building_uid": "501", "part": "head" }, "geometry": { "type": "Polygon", "coordinates": [ [ [ -90.514888073293662, 14.645905526637346 ], [ -90.514863901568589, 14.645912421159752 ], [ -90.514867111344472, 14.645891930379081 ], [ -90.514888073293662, 14.645905526637346 ] ] ] } },
{ "type": "Feature", "properties": { "kind": "L2", "value": "20.063591463453463", "building_uid": "502", "part": "head" }, "geometry": { "type": "Polygon", "coordinates": [ [ [ -90.513625600696287, 14.645662059291581 ], [ -90.513635964600695, 14.645696875412177 ], [ -90.513604868914982, 14.645692168368885 ], [ -90.513625600696287, 14.645662059291581 ] ] ] } },
{ "type": "Feature", "properties": { "kind": "L2", "value": "9.905106003366694", "building_uid": "762", "part": "head" }, "geometry": { "type": "Polygon", "coordinates": [ [ [ -90.514585532026999, 14.645055254560503 ], [ -90.514590389103276, 14.645072513989126 ], [ -90.514575074293603, 14.645069971269148 ], [ -90.514585532026999, 14.645055254560503 ] ] ] } },
{ "type": "Feature", "properties": { "kind": "L2", "value": "11.252098236098277", "building_uid": "503", "part": "head" }, "geometry": { "type": "Polygon", "coordinates": [ [ [ -90.51361618068961, 14.645649919319689 ], [ -90.513610528179854, 14.645630349264017 ], [ -90.513627945180787, 14.645633124119247 ], [ -90.51361618068961, 14.645649919319689 ] ] ] } },
{ "type": "Feature", "properties": { "kind": "L2", "value": "12.016261084851248", "building_uid": "504", "part": "head" }, "geometry": { "type": "Polygon", "coordinates": [ [ [ -90.513696736824457, 14.645574413762786 ], [ -90.513690220889487, 14.645553651606882 ], [ -90.513708884263465, 14.645556208325008 ], [ -90.513696736824457, 14.645574413762786 ] ] ] } },
{ "type": "Feature", "properties": { "kind": "L2", "value": "15.411943128222875", "building_uid": "505", "part": "head" }, "geometry": { "type": "Polygon", "coordinates": [ [ [ -90.513614759166842, 14.645426134738996 ], [ -90.513606091317158, 14.645399599673731 ], [ -90.51363006553008, 14.645402613578886 ], [ -90.513614759166842, 14.645426134738996 ] ] ] } },
{ "type": "Feature", "properties": { "kind": "L2", "value": "19.371733639647772", "building_uid": "506", "part": "head" }, "geometry": { "type": "Polygon", "coordinates": [ [ [ -90.513700892764575, 14.645300853814941 ], [ -90.513690522035958, 14.645267343072311 ], [ -90.513720593027472, 14.645271578711354 ], [ -90.513700892764575, 14.645300853814941 ] ] ] } },
{ "type": "Feature", "properties": { "kind": "L2", "value": "15.990470329051849", "building_uid": "507", "part": "head" }, "geometry": { "type": "Polygon", "coordinates": [ [ [ -90.513692098651461, 14.644703447495766 ], [ -90.513701027838707, 14.644730998367811 ], [ -90.513676161097365, 14.644727816536836 ], [ -90.513692098651461, 14.644703447495766 ] ] ] } },
{ "type": "Feature", "properties": { "kind": "L2", "value": "7.962198072537459", "building_uid": "508", "part": "head" }, "geometry": { "type": "Polygon", "coordinates": [ [ [ -90.513479072488565, 14.644818321048499 ], [ -90.513464970524836, 14.644822613663658 ], [ -90.513466630474824, 14.644810562582878 ], [ -90.513479072488565, 14.644818321048499 ] ] ] } },
{ "type": "Feature", "properties": { "kind": "L2", "value": "14.120896731752843", "building_uid": "509", "part": "head" }, "geometry": { "type": "Polygon", "coordinates": [ [ [ -90.512431035987021, 14.644580368661721 ], [ -90.512405914028747, 14.64458762267887 ], [ -90.5124091804214, 14.644566294656162 ], [ -90.512431035987021, 14.644580368661721 ] ] ] } },
{ "type": "Feature", "properties": { "kind": "L2", "value": "15.130280478985432", "building_uid": "510", "part": "head" }, "geometry": { "type": "Polygon", "coordinates": [ [ [ -90.512303671222071, 14.644561357417048 ], [ -90.512276876319731, 14.644569522300213 ], [ -90.512280023637246, 14.644546621165457 ], [ -90.512303671222071, 14.644561357417048 ] ] ] } },
{ "type": "Feature", "properties": { "kind": "L2", "value": "12.460067925504461", "building_uid": "511", "part": "head" }, "geometry": { "type": "Polygon", "coordinates": [ [ [ -90.512428949108553, 14.644580882989141 ], [ -90.512451181731777, 14.644574700849663 ], [ -90.512448104090069, 14.644593491022487 ], [ -90.512428949108553, 14.644580882989141 ] ] ] } },
{ "type": "Feature", "properties": { "kind": "L2", "value": "12.496534452134599", "building_uid": "512", "part": "head" }, "geometry": { "type": "Polygon", "coordinates": [ [ [ -90.512645574410385, 14.644684510540973 ], [ -90.512623359195459, 14.644690985382089 ], [ -90.512626200318834, 14.644672103645171 ], [ -90.512645574410385, 14.644684510540973 ] ] ] } },
{ "type": "Feature", "properties": { "kind": "L2", "value": "13.520238665031256", "building_uid": "513", "part": "head" }, "geometry": { "type": "Polygon", "coordinates": [ [ [ -90.512655204349471, 14.644605190306967 ], [ -90.512679143963226, 14.644597881822648 ], [ -90.512676342775677, 14.644618347468649 ], [ -90.512655204349471, 14.644605190306967 ] ] ] } },
{ "type": "Feature", "properties": { "kind": "L2", "value": "9.50416811664048", "building_uid": "514", "part": "head" }, "geometry": { "type": "Polygon", "coordinates": [ [ [ -90.512709275293219, 14.644677281199455 ], [ -90.512714342337347, 14.644693728398684 ], [ -90.51269959161317, 14.644691632424459 ], [ -90.512709275293219, 14.644677281199455 ] ] ] } },
{ "type": "Feature", "properties": { "kind": "L2", "value": "8.196402607779854", "building_uid": "515", "part": "head" }, "geometry": { "type": "Polygon", "coordinates": [ [ [ -90.512686756491391, 14.644835377497008 ], [ -90.512682386867652, 14.644821193359913 ], [ -90.512695107886259, 14.644823001101031 ], [ -90.512686756491391, 14.644835377497008 ] ] ] } },
{ "type": "Feature", "properties": { "kind": "L2", "value": "8.64756408527603", "building_uid": "847", "part": "head" }, "geometry": { "type": "Polygon", "coordinates": [ [ [ -90.513960912251747, 14.646918202319542 ], [ -90.513956571217435, 14.646903161310464 ], [ -90.513969956327614, 14.646905296490903 ], [ -90.513960912251747, 14.646918202319542 ] ] ] } },
{ "type": "Feature", "properties": { "kind": "L2", "value": "16.53411568586105", "building_uid": "516", "part": "head" }, "geometry": { "type": "Polygon", "coordinates": [ [ [ -90.512319811796218, 14.644630332552067 ], [ -90.512328918725643, 14.644658858438955 ], [ -90.512303221354898, 14.64465546088878 ], [ -90.512319811796218, 14.644630332552067 ] ] ] } },
{ "type": "Feature", "properties": { "kind": "L2", "value": "16.52079449757549", "building_uid": "517", "part": "head" }, "geometry": { "type": "Polygon", "coordinates": [ [ [ -90.512451571386848, 14.644795845702784 ], [ -90.512460478609768, 14.644824406154294 ], [ -90.512434825363954, 14.644820847304366 ], [ -90.512451571386848, 14.644795845702784 ] ] ] } },
{ "type": "Feature", "properties": { "kind": "L2", "value": "17.276853068462138", "building_uid": "518", "part": "head" }, "geometry": { "type": "Polygon", "coordinates": [ [ [ -90.512306190469189, 14.644911473482763 ], [ -90.512316187463611, 14.644941131190608 ], [ -90.512289281599664, 14.6449379931703 ], [ -90.512306190469189, 14.644911473482763 ] ] ] } },
{ "type": "Feature", "properties": { "kind": "L2", "value": "12.08956811709259", "building_uid": "519", "part": "head" }, "geometry": { "type": "Polygon", "coordinates": [ [ [ -90.512195411553918, 14.645132044603359 ], [ -90.512173955827109, 14.645138424674933 ], [ -90.512176600206516, 14.645120143275326 ], [ -90.512195411553918, 14.645132044603359 ] ] ] } },
{ "type": "Feature", "properties": { "kind": "L2", "value": "8.607940024393255", "building_uid": "521", "part": "head" }, "geometry": { "type": "Polygon", "coordinates": [ [ [ -90.512052427409571, 14.645357296625395 ], [ -90.512067662937014, 14.645352624417708 ], [ -90.512065896738576, 14.645365656514667 ], [ -90.512052427409571, 14.645357296625395 ] ] ] } },
{ "type": "Feature", "properties": { "kind": "L2", "value": "8.791182516569773", "building_uid": "522", "part": "head" }, "geometry": { "type": "Polygon", "coordinates": [ [ [ -90.512066814576897, 14.645594730355972 ], [ -90.512062111932167, 14.645579521598689 ], [ -90.512075758127111, 14.645581446981167 ], [ -90.512066814576897, 14.645594730355972 ] ] ] } },
{ "type": "Feature", "properties": { "kind": "L2", "value": "13.710219039955131", "building_uid": "523", "part": "head" }, "geometry": { "type": "Polygon", "coordinates": [ [ [ -90.512654254790235, 14.645591575406693 ], [ -90.512629762499387, 14.645598278534532 ], [ -90.512633237383724, 14.645577617008646 ], [ -90.512654254790235, 14.645591575406693 ] ] ] } },
{ "type": "Feature", "properties": { "kind": "L2", "value": "12.129466526528748", "building_uid": "524", "part": "head" }, "geometry": { "type": "Polygon", "coordinates": [ [ [ -90.512419434658682, 14.645538981778559 ], [ -90.512441103048488, 14.645533051523186 ], [ -90.512438028795373, 14.645551330824176 ], [ -90.512419434658682, 14.645538981778559 ] ] ] } },
{ "type": "Feature", "properties": { "kind": "L2", "value": "10.243759031830873", "building_uid": "525", "part": "head" }, "geometry": { "type": "Polygon", "coordinates": [ [ [ -90.512236258373392, 14.645555478112046 ], [ -90.512254449844932, 14.645550109007507 ], [ -90.512252176073162, 14.645565594666607 ], [ -90.512236258373392, 14.645555478112046 ] ] ] } },
{ "type": "Feature", "properties": { "kind": "L2", "value": "19.264358258778774", "building_uid": "697", "part": "head" }, "geometry": { "type": "Polygon", "coordinates": [ [ [ -90.512607574157997, 14.646091254065286 ], [ -90.512617008369048, 14.646124825015262 ], [ -90.512587224438249, 14.64611986935558 ], [ -90.512607574157997, 14.646091254065286 ] ] ] } },
{ "type": "Feature", "properties": { "kind": "L2", "value": "10.11892938977756", "building_uid": "698", "part": "head" }, "geometry": { "type": "Polygon", "coordinates": [ [ [ -90.512750309853573, 14.646435633397521 ], [ -90.5127323302805, 14.646440905813117 ], [ -90.51273460441891, 14.646425612787917 ], [ -90.512750309853573, 14.646435633397521 ] ] ] } },
{ "type": "Feature", "properties": { "kind": "L2", "value": "26.312254484554966", "building_uid": "699", "part": "head" }, "geometry": { "type": "Polygon", "coordinates": [ [ [ -90.512399021705903, 14.64599923484305 ], [ -90.512385782032979, 14.645953477596519 ], [ -90.512426513578831, 14.645959948120844 ], [ -90.512399021705903, 14.64599923484305 ] ] ] } },
{ "type": "Feature", "properties": { "kind": "L2", "value": "8.460219129351524", "building_uid": "700", "part": "head" }, "geometry": { "type": "Polygon", "coordinates": [ [ [ -90.512173345761724, 14.645726024515623 ], [ -90.512177682205163, 14.645740714892044 ], [ -90.512164574678977, 14.645738701554908 ], [ -90.512173345761724, 14.645726024515623 ] ] ] } },
{ "type": "Feature", "properties": { "kind": "L2", "value": "10.36610268835871", "building_uid": "310", "part": "head" }, "geometry": { "type": "Polygon", "coordinates": [ [ [ -90.513039338163409, 14.644017831728195 ], [ -90.513044986689664, 14.644035734483721 ], [ -90.513028883058936, 14.644033552268167 ], [ -90.513039338163409, 14.644017831728195 ] ] ] } },
{ "type": "Feature", "properties": { "kind": "L2", "value": "10.610746643087166", "building_uid": "702", "part": "head" }, "geometry": { "type": "Polygon", "coordinates": [ [ [ -90.512072581822125, 14.645841637301002 ], [ -90.5120538109867, 14.645847426115735 ], [ -90.512055961478495, 14.645831358443072 ], [ -90.512072581822125, 14.645841637301002 ] ] ] } },
{ "type": "Feature", "properties": { "kind": "L2", "value": "14.253048541365606", "building_uid": "703", "part": "head" }, "geometry": { "type": "Polygon", "coordinates": [ [ [ -90.514090347217135, 14.646117085761794 ], [ -90.51411562738484, 14.646109515334373 ], [ -90.514112553474121, 14.646131074248066 ], [ -90.514090347217135, 14.646117085761794 ] ] ] } },
{ "type": "Feature", "properties": { "kind": "L2", "value": "12.964756947414699", "building_uid": "704", "part": "head" }, "geometry": { "type": "Polygon", "coordinates": [ [ [ -90.514092331154075, 14.64614541774743 ], [ -90.514069273622155, 14.646152103316673 ], [ -90.514072249794538, 14.646132518193172 ], [ -90.514092331154075, 14.64614541774743 ] ] ] } },
{ "type": "Feature", "properties": { "kind": "L2", "value": "11.900232385877214", "building_uid": "705", "part": "head" }, "geometry": { "type": "Polygon", "coordinates": [ [ [ -90.513569840913533, 14.645945108263751 ], [ -90.513576171531938, 14.645965705977392 ], [ -90.513557703709125, 14.645963069775707 ], [ -90.513569840913533, 14.645945108263751 ] ] ] } },
{ "type": "Feature", "properties": { "kind": "L2", "value": "13.189444746246892", "building_uid": "706", "part": "head" }, "geometry": { "type": "Polygon", "coordinates": [ [ [ -90.513527066492614, 14.646162875227605 ], [ -90.513520050126587, 14.646140046035471 ], [ -90.513540518667142, 14.64614296790206 ], [ -90.513527066492614, 14.646162875227605 ] ] ] } },
{ "type": "Feature", "properties": { "kind": "L2", "value": "16.924229226026487", "building_uid": "746", "part": "head" }, "geometry": { "type": "Polygon", "coordinates": [ [ [ -90.514447744583848, 14.643258040751006 ], [ -90.51447775835868, 14.643249039526257 ], [ -90.51447411921535, 14.643274640292089 ], [ -90.514447744583848, 14.643258040751006 ] ] ] } },
{ "type": "Feature", "properties": { "kind": "L2", "value": "16.532858718978826", "building_uid": "747", "part": "head" }, "geometry": { "type": "Polygon", "coordinates": [ [ [ -90.514444451386595, 14.643265712629947 ], [ -90.514415114019528, 14.643274449702362 ], [ -90.514418719378028, 14.643249447788181 ], [ -90.514444451386595, 14.643265712629947 ] ] ] } },
{ "type": "Feature", "properties": { "kind": "L2", "value": "14.211514325851146", "building_uid": "748", "part": "head" }, "geometry": { "type": "Polygon", "coordinates": [ [ [ -90.514292454420996, 14.643349867006224 ], [ -90.514267216044956, 14.643357312720354 ], [ -90.514270373228996, 14.643335829285897 ], [ -90.514292454420996, 14.643349867006224 ] ] ] } },
{ "type": "Feature", "properties": { "kind": "L2", "value": "19.973583551971227", "building_uid": "749", "part": "head" }, "geometry": { "type": "Polygon", "coordinates": [ [ [ -90.514031595299443, 14.642961144864964 ], [ -90.514042076812402, 14.642995758072251 ], [ -90.514011099108757, 14.64299121132558 ], [ -90.514031595299443, 14.642961144864964 ] ] ] } },
{ "type": "Feature", "properties": { "kind": "L2", "value": "13.995901315032107", "building_uid": "751", "part": "head" }, "geometry": { "type": "Polygon", "coordinates": [ [ [ -90.515359912370386, 14.64334417334905 ], [ -90.515384764227804, 14.643336828948843 ], [ -90.515381665400639, 14.643357987914234 ], [ -90.515359912370386, 14.64334417334905 ] ] ] } },
{ "type": "Feature", "properties": { "kind": "L2", "value": "15.846650484568578", "building_uid": "752", "part": "head" }, "geometry": { "type": "Polygon", "coordinates": [ [ [ -90.515365716082414, 14.643582708951376 ], [ -90.515357477426463, 14.643555225435808 ], [ -90.515382044388403, 14.643558898192602 ], [ -90.515365716082414, 14.643582708951376 ] ] ] } },
{ "type": "Feature", "properties": { "kind": "L2", "value": "15.312634042223351", "building_uid": "753", "part": "head" }, "geometry": { "type": "Polygon", "coordinates": [ [ [ -90.515034539450241, 14.643532983625464 ], [ -90.515026793125926, 14.643506366166578 ], [ -90.515050502803362, 14.643510096755092 ], [ -90.515034539450241, 14.643532983625464 ] ] ] } },
{ "type": "Feature", "properties": { "kind": "L2", "value": "12.96448956577385", "building_uid": "754", "part": "head" }, "geometry": { "type": "Polygon", "coordinates": [ [ [ -90.515137215260467, 14.643902567200067 ], [ -90.515114258108312, 14.643909570287498 ], [ -90.515116948654807, 14.643889946431267 ], [ -90.515137215260467, 14.643902567200067 ] ] ] } },
{ "type": "Feature", "properties": { "kind": "L2", "value": "13.28583666783758", "building_uid": "757", "part": "head" }, "geometry": { "type": "Polygon", "coordinates": [ [ [ -90.515153260805945, 14.643774765509416 ], [ -90.515176852982648, 14.643767797264021 ], [ -90.515173908181822, 14.643787882309747 ], [ -90.515153260805945, 14.643774765509416 ] ] ] } },
{ "type": "Feature", "properties": { "kind": "L2", "value": "12.155675145555335", "building_uid": "1305", "part": "head" }, "geometry": { "type": "Polygon", "coordinates": [ [ [ -90.515295767734429, 14.644279032831909 ], [ -90.515288726325281, 14.644258168636668 ], [ -90.515307657592118, 14.644260369858618 ], [ -90.515295767734429, 14.644279032831909 ] ] ] } },
{ "type": "Feature", "properties": { "kind": "L2", "value": "15.084807552318802", "building_uid": "758", "part": "head" }, "geometry": { "type": "Polygon", "coordinates": [ [ [ -90.515366400561874, 14.64368729352327 ], [ -90.515374526748374, 14.643713373566168 ], [ -90.515351104198942, 14.643710118257665 ], [ -90.515366400561874, 14.64368729352327 ] ] ] } },
{ "type": "Feature", "properties": { "kind": "L2", "value": "11.531555134660877", "building_uid": "759", "part": "head" }, "geometry": { "type": "Polygon", "coordinates": [ [ [ -90.514700851515869, 14.644963578166276 ], [ -90.514721207584557, 14.644957154293085 ], [ -90.514718990477093, 14.644974631192037 ], [ -90.514700851515869, 14.644963578166276 ] ] ] } },
{ "type": "Feature", "properties": { "kind": "L2", "value": "11.51538069625909", "building_uid": "760", "part": "head" }, "geometry": { "type": "Polygon", "coordinates": [ [ [ -90.514610530969875, 14.64483941246861 ], [ -90.514616760313473, 14.644859313645414 ], [ -90.514598876788085, 14.644856850745395 ], [ -90.514610530969875, 14.64483941246861 ] ] ] } },
{ "type": "Feature", "properties": { "kind": "L2", "value": "14.833085801046044", "building_uid": "766", "part": "head" }, "geometry": { "type": "Polygon", "coordinates": [ [ [ -90.51426644183168, 14.645825102567095 ], [ -90.514240092949279, 14.64583285348335 ], [ -90.514243406617709, 14.64581043299402 ], [ -90.51426644183168, 14.645825102567095 ] ] ] } },
{ "type": "Feature", "properties": { "kind": "L2", "value": "10.291682576442563", "building_uid": "767", "part": "head" }, "geometry": { "type": "Polygon", "coordinates": [ [ [ -90.514219059246315, 14.645705858685211 ], [ -90.51421290845721, 14.645688255454276 ], [ -90.514228955942073, 14.645689956105036 ], [ -90.514219059246315, 14.645705858685211 ] ] ] } },
{ "type": "Feature", "properties": { "kind": "L2", "value": "12.125253041267028", "building_uid": "768", "part": "head" }, "geometry": { "type": "Polygon", "coordinates": [ [ [ -90.514206028739821, 14.645165972198523 ], [ -90.514212863359802, 14.64518684378325 ], [ -90.514194000076429, 14.645184485668617 ], [ -90.514206028739821, 14.645165972198523 ] ] ] } },
{ "type": "Feature", "properties": { "kind": "L2", "value": "12.569399128080827", "building_uid": "769", "part": "head" }, "geometry": { "type": "Polygon", "coordinates": [ [ [ -90.514210018562082, 14.645374455706136 ], [ -90.514202925903732, 14.6453528219847 ], [ -90.514222481028142, 14.645355259894204 ], [ -90.514210018562082, 14.645374455706136 ] ] ] } },
{ "type": "Feature", "properties": { "kind": "L2", "value": "13.340525862208544", "building_uid": "771", "part": "head" }, "geometry": { "type": "Polygon", "coordinates": [ [ [ -90.513601410688949, 14.646178341634537 ], [ -90.51360832499536, 14.646201484735396 ], [ -90.51358764592095, 14.646198374615402 ], [ -90.513601410688949, 14.646178341634537 ] ] ] } },
{ "type": "Feature", "properties": { "kind": "L2", "value": "17.87125122980123", "building_uid": "772", "part": "head" }, "geometry": { "type": "Polygon", "coordinates": [ [ [ -90.513575929726898, 14.646421632509144 ], [ -90.513585137641684, 14.64645265092309 ], [ -90.513557442867068, 14.646448438272547 ], [ -90.513575929726898, 14.646421632509144 ] ] ] } },
{ "type": "Feature", "properties": { "kind": "L2", "value": "11.718122184327806", "building_uid": "842", "part": "head" }, "geometry": { "type": "Polygon", "coordinates": [ [ [ -90.513820930975697, 14.646774637390283 ], [ -90.513800199039125, 14.646781024216221 ], [ -90.513802579519179, 14.646763280346791 ], [ -90.513820930975697, 14.646774637390283 ] ] ] } },
{ "type": "Feature", "properties": { "kind": "L2", "value": "11.43073499886615", "building_uid": "843", "part": "head" }, "geometry": { "type": "Polygon", "coordinates": [ [ [ -90.513832943941523, 14.646752887825455 ], [ -90.513853263099648, 14.646746960060387 ], [ -90.51385066887552, 14.646764232089037 ], [ -90.513832943941523, 14.646752887825455 ] ] ] } },
{ "type": "Feature", "properties": { "kind": "L2", "value": "12.43000958925597", "building_uid": "844", "part": "head" }, "geometry": { "type": "Polygon", "coordinates": [ [ [ -90.51372263288134, 14.646786431412842 ], [ -90.51370055012039, 14.646792918502776 ], [ -90.513703334242607, 14.646774131338868 ], [ -90.51372263288134, 14.646786431412842 ] ] ] } },
{ "type": "Feature", "properties": { "kind": "L2", "value": "12.197506903223678", "building_uid": "845", "part": "head" }, "geometry": { "type": "Polygon", "coordinates": [ [ [ -90.514052310373813, 14.646642576690436 ], [ -90.514058643727438, 14.646663733645626 ], [ -90.514039734858159, 14.64666089970066 ], [ -90.514052310373813, 14.646642576690436 ] ] ] } },
{ "type": "Feature", "properties": { "kind": "L2", "value": "10.022330358796003", "building_uid": "520", "part": "head" }, "geometry": { "type": "Polygon", "coordinates": [ [ [ -90.512304196739208, 14.64522705162336 ], [ -90.512309890943996, 14.645244289345291 ], [ -90.512294294169777, 14.645242378732963 ], [ -90.512304196739208, 14.64522705162336 ] ] ] } },
{ "type": "Feature", "properties": { "kind": "L2", "value": "11.819603671481532", "building_uid": "914", "part": "head" }, "geometry": { "type": "Polygon", "coordinates": [ [ [ -90.514978883376699, 14.646275581126162 ], [ -90.514999760209761, 14.64626903342343 ], [ -90.514997454539682, 14.646286942864343 ], [ -90.514978883376699, 14.646275581126162 ] ] ] } },
{ "type": "Feature", "properties": { "kind": "L2", "value": "11.15777561937044", "building_uid": "915", "part": "head" }, "geometry": { "type": "Polygon", "coordinates": [ [ [ -90.514717734679238, 14.64627472910645 ], [ -90.514737571479102, 14.646268952262048 ], [ -90.514735030803223, 14.646285810657268 ], [ -90.514717734679238, 14.64627472910645 ] ] ] } },
{ "type": "Feature", "properties": { "kind": "L2", "value": "18.586257053091195", "building_uid": "916", "part": "head" }, "geometry": { "type": "Polygon", "coordinates": [ [ [ -90.51471466087385, 14.646267393867909 ], [ -90.514681524824525, 14.64627671016207 ], [ -90.51468603128734, 14.646248668483732 ], [ -90.51471466087385, 14.646267393867909 ] ] ] } },
{ "type": "Feature", "properties": { "kind": "L2", "value": "9.372289495764823", "building_uid": "918", "part": "head" }, "geometry": { "type": "Polygon", "coordinates": [ [ [ -90.514066546058501, 14.646347602114869 ], [ -90.514061580322078, 14.646331374087078 ], [ -90.514076122509849, 14.646333467356747 ], [ -90.514066546058501, 14.646347602114869 ] ] ] } },
{ "type": "Feature", "properties": { "kind": "L2", "value": "11.786149174115907", "building_uid": "919", "part": "head" }, "geometry": { "type": "Polygon", "coordinates": [ [ [ -90.513741770534239, 14.646078613746038 ], [ -90.51373561006811, 14.646058181903943 ], [ -90.513753886608583, 14.646060885759974 ], [ -90.513741770534239, 14.646078613746038 ] ] ] } },
{ "type": "Feature", "properties": { "kind": "L2", "value": "7.978781307521984", "building_uid": "1267", "part": "head" }, "geometry": { "type": "Polygon", "coordinates": [ [ [ -90.514287109771914, 14.64414541708266 ], [ -90.514282739020246, 14.644131644256019 ], [ -90.514295136786558, 14.644133304220343 ], [ -90.514287109771914, 14.64414541708266 ] ] ] } },
{ "type": "Feature", "properties": { "kind": "L2", "value": "17.194656088752193", "building_uid": "1268", "part": "head" }, "geometry": { "type": "Polygon", "coordinates": [ [ [ -90.514317245979299, 14.643924270091418 ], [ -90.51432657043749, 14.643953979529133 ], [ -90.514299864217165, 14.643950321462706 ], [ -90.514317245979299, 14.643924270091418 ] ] ] } },
{ "type": "Feature", "properties": { "kind": "L2", "value": "14.798375787269983", "building_uid": "1269", "part": "head" }, "geometry": { "type": "Polygon", "coordinates": [ [ [ -90.514406522435024, 14.643951995752127 ], [ -90.514398825874835, 14.643926331144327 ], [ -90.514421768112584, 14.643929758489747 ], [ -90.514406522435024, 14.643951995752127 ] ] ] } },
{ "type": "Feature", "properties": { "kind": "L2", "value": "10.283264830468319", "building_uid": "1271", "part": "head" }, "geometry": { "type": "Polygon", "coordinates": [ [ [ -90.513394783813354, 14.643480160938779 ], [ -90.513389564579441, 14.643462290634849 ], [ -90.513405489291713, 14.643464781428865 ], [ -90.513394783813354, 14.643480160938779 ] ] ] } },
{ "type": "Feature", "properties": { "kind": "L2", "value": "17.26474890932231", "building_uid": "1272", "part": "head" }, "geometry": { "type": "Polygon", "coordinates": [ [ [ -90.512387207461032, 14.644004388922163 ], [ -90.512356643780677, 14.644013740336955 ], [ -90.51236020380496, 14.64398760441877 ], [ -90.512387207461032, 14.644004388922163 ] ] ] } },
{ "type": "Feature", "properties": { "kind": "L2", "value": "6.668030436868074", "building_uid": "1297", "part": "head" }, "geometry": { "type": "Polygon", "coordinates": [ [ [ -90.513647740165609, 14.644473162220729 ], [ -90.513659528765999, 14.644469501873798 ], [ -90.513658197702767, 14.644479601732858 ], [ -90.513647740165609, 14.644473162220729 ] ] ] } },
{ "type": "Feature", "properties": { "kind": "L2", "value": "7.168989491486755", "building_uid": "1300", "part": "head" }, "geometry": { "type": "Polygon", "coordinates": [ [ [ -90.515260696674233, 14.644511101323559 ], [ -90.515273381944226, 14.644507199695902 ], [ -90.515271920420375, 14.644518054508366 ], [ -90.515260696674233, 14.644511101323559 ] ] ] } },
{ "type": "Feature", "properties": { "kind": "L2", "value": "7.88295505510872", "building_uid": "1302", "part": "head" }, "geometry": { "type": "Polygon", "coordinates": [ [ [ -90.515255638634073, 14.644433472879278 ], [ -90.515251352766086, 14.644419855750748 ], [ -90.51526359772167, 14.644421523411257 ], [ -90.515255638634073, 14.644433472879278 ] ] ] } },
{ "type": "Feature", "properties": { "kind": "L2", "value": "10.789011195246998", "building_uid": "1303", "part": "head" }, "geometry": { "type": "Polygon", "coordinates": [ [ [ -90.515158207429266, 14.644350578770661 ], [ -90.515151926437284, 14.644332070365563 ], [ -90.515168732538498, 14.644333997217188 ], [ -90.515158207429266, 14.644350578770661 ] ] ] } },
{ "type": "Feature", "properties": { "kind": "L2", "value": "26.400962781935203", "building_uid": "1405", "part": "head" }, "geometry": { "type": "Polygon", "coordinates": [ [ [ -90.512032015019528, 14.646616682387604 ], [ -90.512017825030412, 14.646571028476796 ], [ -90.5120588148379, 14.646576753345437 ], [ -90.512032015019528, 14.646616682387604 ] ] ] } },
{ "type": "Feature", "properties": { "kind": "L2", "value": "13.149784873665192", "building_uid": "1406", "part": "head" }, "geometry": { "type": "Polygon", "coordinates": [ [ [ -90.512074856117749, 14.64627077493949 ], [ -90.512082224564196, 14.646293423566496 ], [ -90.512061772314169, 14.646290828786736 ], [ -90.512074856117749, 14.64627077493949 ] ] ] } },
{ "type": "Feature", "properties": { "kind": "L2", "value": "12.405059660870467", "building_uid": "1408", "part": "head" }, "geometry": { "type": "Polygon", "coordinates": [ [ [ -90.512028856775501, 14.646140114415594 ], [ -90.512022052550719, 14.646118703691243 ], [ -90.512041329247282, 14.646121277084024 ], [ -90.512028856775501, 14.646140114415594 ] ] ] } },
{ "type": "Feature", "properties": { "kind": "L2", "value": "13.426771604082507", "building_uid": "1409", "part": "head" }, "geometry": { "type": "Polygon", "coordinates": [ [ [ -90.512080630886118, 14.646266186101011 ], [ -90.512073461717165, 14.646242953904039 ], [ -90.512094301937239, 14.646245905766756 ], [ -90.512080630886118, 14.646266186101011 ] ] ] } },
{ "type": "Feature", "properties": { "kind": "L2", "value": "9.772392594298505", "building_uid": "1410", "part": "head" }, "geometry": { "type": "Polygon", "coordinates": [ [ [ -90.513553432769996, 14.646579047507931 ], [ -90.513558637021973, 14.646595960588796 ], [ -90.513543470611282, 14.646593800495939 ], [ -90.513553432769996, 14.646579047507931 ] ] ] } },
{ "type": "Feature", "properties": { "kind": "L2", "value": "9.227549332469955", "building_uid": "1411", "part": "head" }, "geometry": { "type": "Polygon", "coordinates": [ [ [ -90.51341537127756, 14.646754637700615 ], [ -90.513420109306864, 14.646770658176155 ], [ -90.513405811737641, 14.646768469208892 ], [ -90.51341537127756, 14.646754637700615 ] ] ] } },
{ "type": "Feature", "properties": { "kind": "L2", "value": "8.88834010221034", "building_uid": "1412", "part": "head" }, "geometry": { "type": "Polygon", "coordinates": [ [ [ -90.514039440752754, 14.646341563744423 ], [ -90.51404395746701, 14.646357008447307 ], [ -90.514030192001741, 14.646354860097103 ], [ -90.514039440752754, 14.646341563744423 ] ] ] } },
{ "type": "Feature", "properties": { "kind": "L2", "value": "8.971760076351627", "building_uid": "1413", "part": "head" }, "geometry": { "type": "Polygon", "coordinates": [ [ [ -90.514016544365418, 14.646500737297012 ], [ -90.514011985124682, 14.646485147677826 ], [ -90.51402587980995, 14.646487316078099 ], [ -90.514016544365418, 14.646500737297012 ] ] ] } },
{ "type": "Feature", "properties": { "kind": "L2", "value": "14.983569479648736", "building_uid": "1414", "part": "head" }, "geometry": { "type": "Polygon", "coordinates": [ [ [ -90.51403351535717, 14.646510436461453 ], [ -90.514041293420476, 14.646536426468572 ], [ -90.514018065798524, 14.646532943603315 ], [ -90.51403351535717, 14.646510436461453 ] ] ] } },
{ "type": "Feature", "properties": { "kind": "L2", "value": "15.545656224744787", "building_uid": "1426", "part": "head" }, "geometry": { "type": "Polygon", "coordinates": [ [ [ -90.513001986915924, 14.644750836503759 ], [ -90.512974308330229, 14.644758750322351 ], [ -90.512977968843316, 14.644735279808348 ], [ -90.513001986915924, 14.644750836503759 ] ] ] } },
{ "type": "Feature", "properties": { "kind": "L2", "value": "14.725547946688135", "building_uid": "1428", "part": "head" }, "geometry": { "type": "Polygon", "coordinates": [ [ [ -90.513307495930945, 14.645362174180569 ], [ -90.513300224042823, 14.645336528933054 ], [ -90.513322999481233, 14.645340266133671 ], [ -90.513307495930945, 14.645362174180569 ] ] ] } },
{ "type": "Feature", "properties": { "kind": "L2", "value": "13.82113594394864", "building_uid": "1429", "part": "head" }, "geometry": { "type": "Polygon", "coordinates": [ [ [ -90.513347588761462, 14.645115053775593 ], [ -90.513354335466502, 14.645139144930964 ], [ -90.513332970416656, 14.645135571177004 ], [ -90.513347588761462, 14.645115053775593 ] ] ] } },
{ "type": "Feature", "properties": { "kind": "L2", "value": "12.275522193080405", "building_uid": "1430", "part": "head" }, "geometry": { "type": "Polygon", "coordinates": [ [ [ -90.512898298744844, 14.645322697732727 ], [ -90.512891715165978, 14.645301466060426 ], [ -90.51291077210233, 14.645304140039013 ], [ -90.512898298744844, 14.645322697732727 ] ] ] } },
{ "type": "Feature", "properties": { "kind": "L2", "value": "8.932067073661507", "building_uid": "763", "part": "head" }, "geometry": { "type": "Polygon", "coordinates": [ [ [ -90.514512002865828, 14.64513600482638 ], [ -90.514516754777617, 14.645151464967364 ], [ -90.514502893217752, 14.645149486538987 ], [ -90.514512002865828, 14.64513600482638 ] ] ] } },
{ "type": "Feature", "properties": { "kind": "L2", "value": "6.668606028670017", "building_uid": "1431", "part": "head" }, "geometry": { "type": "Polygon", "coordinates": [ [ [ -90.512887863296115, 14.645384462201628 ], [ -90.512884208723847, 14.645372951443685 ], [ -90.512894570915037, 14.645374337536419 ], [ -90.512887863296115, 14.645384462201628 ] ] ] } },
{ "type": "Feature", "properties": { "kind": "L2", "value": "14.001927742897552", "building_uid": "1542", "part": "head" }, "geometry": { "type": "Polygon", "coordinates": [ [ [ -90.514951547722916, 14.644976557773385 ], [ -90.514976323016455, 14.644968935369535 ], [ -90.51497347031696, 14.644990136397753 ], [ -90.514951547722916, 14.644976557773385 ] ] ] } },
{ "type": "Feature", "properties": { "kind": "L2", "value": "19.24219700373332", "building_uid": "1543", "part": "head" }, "geometry": { "type": "Polygon", "coordinates": [ [ [ -90.515172188454287, 14.645081669418737 ], [ -90.515161802619133, 14.645048407609332 ], [ -90.51519168311836, 14.645052543051616 ], [ -90.515172188454287, 14.645081669418737 ] ] ] } },
{ "type": "Feature", "properties": { "kind": "L2", "value": "5.980244917073557", "building_uid": "1544", "part": "head" }, "geometry": { "type": "Polygon", "coordinates": [ [ [ -90.515180800514145, 14.645190461900356 ], [ -90.515191429436911, 14.645187355996669 ], [ -90.515190076395513, 14.645196392848579 ], [ -90.515180800514145, 14.645190461900356 ] ] ] } },
{ "type": "Feature", "properties": { "kind": "L2", "value": "19.561906765283283", "building_uid": "1545", "part": "head" }, "geometry": { "type": "Polygon", "coordinates": [ [ [ -90.515044205295794, 14.645399886025483 ], [ -90.515034505699106, 14.645365828589481 ], [ -90.515064767107688, 14.645370760068483 ], [ -90.515044205295794, 14.645399886025483 ] ] ] } },
{ "type": "Feature", "properties": { "kind": "L2", "value": "10.552923440058889", "building_uid": "1546", "part": "head" }, "geometry": { "type": "Polygon", "coordinates": [ [ [ -90.515133710045802, 14.645435771465708 ], [ -90.515139682446161, 14.645453929081738 ], [ -90.515123262505512, 14.645451897354445 ], [ -90.515133710045802, 14.645435771465708 ] ] ] } },
{ "type": "Feature", "properties": { "kind": "L2", "value": "11.922921033648283", "building_uid": "1549", "part": "head" }, "geometry": { "type": "Polygon", "coordinates": [ [ [ -90.514111475362043, 14.645469984757289 ], [ -90.514104518924896, 14.645449536087167 ], [ -90.514123092991241, 14.645451652282013 ], [ -90.514111475362043, 14.645469984757289 ] ] ] } },
{ "type": "Feature", "properties": { "kind": "L2", "value": "11.200257149871115", "building_uid": "1551", "part": "head" }, "geometry": { "type": "Polygon", "coordinates": [ [ [ -90.513859003175028, 14.64581674837433 ], [ -90.513878965640401, 14.645811115499541 ], [ -90.513876266789282, 14.645828016223344 ], [ -90.513859003175028, 14.64581674837433 ] ] ] } },
{ "type": "Feature", "properties": { "kind": "L2", "value": "8.05703829380193", "building_uid": "1552", "part": "head" }, "geometry": { "type": "Polygon", "coordinates": [ [ [ -90.512739098046197, 14.645639717141098 ], [ -90.512753349613661, 14.645635316462997 ], [ -90.512751721261324, 14.645647517684642 ], [ -90.512739098046197, 14.645639717141098 ] ] ] } },
{ "type": "Feature", "properties": { "kind": "L2", "value": "9.607520839087533", "building_uid": "1553", "part": "head" }, "geometry": { "type": "Polygon", "coordinates": [ [ [ -90.512755869152016, 14.645536545773117 ], [ -90.512772876741721, 14.645531339807466 ], [ -90.512770897508048, 14.645545884217608 ], [ -90.512755869152016, 14.645536545773117 ] ] ] } },
{ "type": "Feature", "properties": { "kind": "L2", "value": "13.997196485136852", "building_uid": "1554", "part": "head" }, "geometry": { "type": "Polygon", "coordinates": [ [ [ -90.512876951312691, 14.645381989885815 ], [ -90.512884608484583, 14.64540615471603 ], [ -90.512862860213446, 14.64540323369245 ], [ -90.512876951312691, 14.645381989885815 ] ] ] } },
{ "type": "Feature", "properties": { "kind": "L2", "value": "25.023812130245286", "building_uid": "1556", "part": "head" }, "geometry": { "type": "Polygon", "coordinates": [ [ [ -90.512928049460342, 14.645121802610007 ], [ -90.512915094057703, 14.6450783873796 ], [ -90.512953881203345, 14.645084233284882 ], [ -90.512928049460342, 14.645121802610007 ] ] ] } },
{ "type": "Feature", "properties": { "kind": "L2", "value": "16.41943596073766", "building_uid": "1557", "part": "head" }, "geometry": { "type": "Polygon", "coordinates": [ [ [ -90.513148389556747, 14.644792868200474 ], [ -90.513118937013331, 14.64480046606551 ], [ -90.513123479798409, 14.644775785342294 ], [ -90.513148389556747, 14.644792868200474 ] ] ] } },
{ "type": "Feature", "properties": { "kind": "L2", "value": "9.371039704103788", "building_uid": "1558", "part": "head" }, "geometry": { "type": "Polygon", "coordinates": [ [ [ -90.513316152255726, 14.644795492462913 ], [ -90.513299467396664, 14.644800263006504 ], [ -90.513301673953379, 14.644786114794744 ], [ -90.513316152255726, 14.644795492462913 ] ] ] } },
{ "type": "Feature", "properties": { "kind": "L2", "value": "9.042660037571212", "building_uid": "1559", "part": "head" }, "geometry": { "type": "Polygon", "coordinates": [ [ [ -90.513150781107029, 14.644775706803607 ], [ -90.513166940205835, 14.64477130345184 ], [ -90.513164632549547, 14.644784928370521 ], [ -90.513150781107029, 14.644775706803607 ] ] ] } },
{ "type": "Feature", "properties": { "kind": "L2", "value": "16.104284820621", "building_uid": "2593", "part": "head" }, "geometry": { "type": "Polygon", "coordinates": [ [ [ -90.515273716971265, 14.643910879814328 ], [ -90.515302212868107, 14.643902115330032 ], [ -90.515298929683325, 14.643926499373896 ], [ -90.515273716971265, 14.643910879814328 ] ] ] } },
{ "type": "Feature", "properties": { "kind": "L2", "value": "7.731960058014776", "building_uid": "2594", "part": "head" }, "geometry": { "type": "Polygon", "coordinates": [ [ [ -90.515383091310412, 14.644098380260722 ], [ -90.515369437023253, 14.644102670950584 ], [ -90.515370938583658, 14.644090954415507 ], [ -90.515383091310412, 14.644098380260722 ] ] ] } },
{ "type": "Feature", "properties": { "kind": "L2", "value": "8.376033433262235", "building_uid": "2595", "part": "head" }, "geometry": { "type": "Polygon", "coordinates": [ [ [ -90.515037028192353, 14.644241230352211 ], [ -90.515032352053339, 14.644226798468754 ], [ -90.515045377459643, 14.644228466089258 ], [ -90.515037028192353, 14.644241230352211 ] ] ] } },
{ "type": "Feature", "properties": { "kind": "L2", "value": "5.449544595355695", "building_uid": "2596", "part": "head" }, "geometry": { "type": "Polygon", "coordinates": [ [ [ -90.515281254257303, 14.644627249623317 ], [ -90.515284050026466, 14.644636711564829 ], [ -90.515275606656715, 14.644635416819808 ], [ -90.515281254257303, 14.644627249623317 ] ] ] } },
{ "type": "Feature", "properties": { "kind": "L2", "value": "11.493216735146452", "building_uid": "2597", "part": "head" }, "geometry": { "type": "Polygon", "coordinates": [ [ [ -90.514249450490553, 14.644480253646176 ], [ -90.514229034262613, 14.644486258449426 ], [ -90.514231602597334, 14.64446888634556 ], [ -90.514249450490553, 14.644480253646176 ] ] ] } },
{ "type": "Feature", "properties": { "kind": "L2", "value": "12.608297022442793", "building_uid": "2598", "part": "head" }, "geometry": { "type": "Polygon", "coordinates": [ [ [ -90.514335908607052, 14.644613412695447 ], [ -90.514313294961568, 14.644619256656256 ], [ -90.514316774789563, 14.644600303109334 ], [ -90.514335908607052, 14.644613412695447 ] ] ] } },
{ "type": "Feature", "properties": { "kind": "L2", "value": "15.938223679539648", "building_uid": "2599", "part": "head" }, "geometry": { "type": "Polygon", "coordinates": [ [ [ -90.514350768692523, 14.644454627221005 ], [ -90.514341925763091, 14.64442714888111 ], [ -90.514366704593783, 14.644430369126137 ], [ -90.514350768692523, 14.644454627221005 ] ] ] } },
{ "type": "Feature", "properties": { "kind": "L2", "value": "7.017757014384463", "building_uid": "2689", "part": "head" }, "geometry": { "type": "Polygon", "coordinates": [ [ [ -90.514660209583596, 14.648279105166818 ], [ -90.5146640526998, 14.648291219470016 ], [ -90.514653148157024, 14.648289758366438 ], [ -90.514660209583596, 14.648279105166818 ] ] ] } },
{ "type": "Feature", "properties": { "kind": "L2", "value": "8.439400582433597", "building_uid": "2690", "part": "head" }, "geometry": { "type": "Polygon", "coordinates": [ [ [ -90.514665394107666, 14.648209360946721 ], [ -90.514669644244293, 14.648224036176273 ], [ -90.514656579333206, 14.648221963843268 ], [ -90.514665394107666, 14.648209360946721 ] ] ] } },
{ "type": "Feature", "properties": { "kind": "L2", "value": "12.370575711801374", "building_uid": "2691", "part": "head" }, "geometry": { "type": "Polygon", "coordinates": [ [ [ -90.514676914331943, 14.648455220559949 ], [ -90.514670139842679, 14.648433866035068 ], [ -90.51468936187878, 14.648436441584341 ], [ -90.514676914331943, 14.648455220559949 ] ] ] } },
{ "type": "Feature", "properties": { "kind": "L2", "value": "14.99699587403176", "building_uid": "2693", "part": "head" }, "geometry": { "type": "Polygon", "coordinates": [ [ [ -90.514707140723331, 14.648094743001765 ], [ -90.514712784675666, 14.648121275009254 ], [ -90.514689892780623, 14.648116006826696 ], [ -90.514707140723331, 14.648094743001765 ] ] ] } },
{ "type": "Feature", "properties": { "kind": "L2", "value": "10.806327205190701", "building_uid": "2694", "part": "head" }, "geometry": { "type": "Polygon", "coordinates": [ [ [ -90.514685440089536, 14.648083876435589 ], [ -90.514681057086904, 14.648064824713979 ], [ -90.514697612943976, 14.648068361286972 ], [ -90.514685440089536, 14.648083876435589 ] ] ] } },
{ "type": "Feature", "properties": { "kind": "L2", "value": "12.150182844286986", "building_uid": "2695", "part": "head" }, "geometry": { "type": "Polygon", "coordinates": [ [ [ -90.514691905481328, 14.647785477564149 ], [ -90.514698211378956, 14.647806553270218 ], [ -90.514679376157446, 14.647803727846222 ], [ -90.514691905481328, 14.647785477564149 ] ] ] } },
{ "type": "Feature", "properties": { "kind": "L2", "value": "13.487658422177857", "building_uid": "2696", "part": "head" }, "geometry": { "type": "Polygon", "coordinates": [ [ [ -90.514705460401245, 14.6476690884947 ], [ -90.514712083181337, 14.647692588068271 ], [ -90.51469122764054, 14.647689133149305 ], [ -90.514705460401245, 14.6476690884947 ] ] ] } },
{ "type": "Feature", "properties": { "kind": "L2", "value": "11.225754323167145", "building_uid": "2697", "part": "head" }, "geometry": { "type": "Polygon", "coordinates": [ [ [ -90.514703485569456, 14.647994770668344 ], [ -90.514697678210737, 14.647975293162231 ], [ -90.514715077872978, 14.647977919513538 ], [ -90.514703485569456, 14.647994770668344 ] ] ] } },
{ "type": "Feature", "properties": { "kind": "L2", "value": "8.544935399024471", "building_uid": "2698", "part": "head" }, "geometry": { "type": "Polygon", "coordinates": [ [ [ -90.514767185510834, 14.647292474868763 ], [ -90.514782459309814, 14.64728832759268 ], [ -90.514780266450174, 14.647301200619825 ], [ -90.514767185510834, 14.647292474868763 ] ] ] } },
{ "type": "Feature", "properties": { "kind": "L2", "value": "6.330842274930895", "building_uid": "2699", "part": "head" }, "geometry": { "type": "Polygon", "coordinates": [ [ [ -90.514716137568513, 14.647276614321266 ], [ -90.514727476621985, 14.647273622663297 ], [ -90.51472578004666, 14.64728314826154 ], [ -90.514716137568513, 14.647276614321266 ] ] ] } },
{ "type": "Feature", "properties": { "kind": "L2", "value": "9.825337595172044", "building_uid": "2700", "part": "head" }, "geometry": { "type": "Polygon", "coordinates": [ [ [ -90.514894986976387, 14.64726565724434 ], [ -90.51489010949183, 14.647248552780299 ], [ -90.514905309800255, 14.647251024959884 ], [ -90.514894986976387, 14.64726565724434 ] ] ] } },
{ "type": "Feature", "properties": { "kind": "L2", "value": "10.76199199682619", "building_uid": "2701", "part": "head" }, "geometry": { "type": "Polygon", "coordinates": [ [ [ -90.514898764022291, 14.647263861845436 ], [ -90.51490465219419, 14.647282441197838 ], [ -90.51488793039276, 14.64728019596383 ], [ -90.514898764022291, 14.647263861845436 ] ] ] } },
{ "type": "Feature", "properties": { "kind": "L2", "value": "7.052615087450617", "building_uid": "2702", "part": "head" }, "geometry": { "type": "Polygon", "coordinates": [ [ [ -90.514798196362761, 14.647458917947983 ], [ -90.514802017449213, 14.647471104715102 ], [ -90.514791063796253, 14.647469601307062 ], [ -90.514798196362761, 14.647458917947983 ] ] ] } },
{ "type": "Feature", "properties": { "kind": "L2", "value": "6.235442457555425", "building_uid": "2703", "part": "head" }, "geometry": { "type": "Polygon", "coordinates": [ [ [ -90.514874023060202, 14.647413763078738 ], [ -90.514885097510046, 14.647410498299623 ], [ -90.514883710351299, 14.647419924107092 ], [ -90.514874023060202, 14.647413763078738 ] ] ] } },
{ "type": "Feature", "properties": { "kind": "L2", "value": "11.87859046378768", "building_uid": "2704", "part": "head" }, "geometry": { "type": "Polygon", "coordinates": [ [ [ -90.514704223376455, 14.647297430036867 ], [ -90.51468270227744, 14.64730207184946 ], [ -90.514686737642947, 14.647284362781315 ], [ -90.514704223376455, 14.647297430036867 ] ] ] } },
{ "type": "Feature", "properties": { "kind": "L2", "value": "14.114401063436718", "building_uid": "2705", "part": "head" }, "geometry": { "type": "Polygon", "coordinates": [ [ [ -90.514601428175595, 14.64728560695921 ], [ -90.514576310249225, 14.647292834046908 ], [ -90.51457959631874, 14.647271518884924 ], [ -90.514601428175595, 14.64728560695921 ] ] ] } },
{ "type": "Feature", "properties": { "kind": "L2", "value": "8.273680436802218", "building_uid": "2706", "part": "head" }, "geometry": { "type": "Polygon", "coordinates": [ [ [ -90.514416262953347, 14.647171687378842 ], [ -90.514401469207854, 14.64717568614356 ], [ -90.514403607439348, 14.647163224196264 ], [ -90.514416262953347, 14.647171687378842 ] ] ] } },
{ "type": "Feature", "properties": { "kind": "L2", "value": "8.501802609366475", "building_uid": "2708", "part": "head" }, "geometry": { "type": "Polygon", "coordinates": [ [ [ -90.514413811491806, 14.647172790499516 ], [ -90.514428966634469, 14.647168521777575 ], [ -90.514426911713656, 14.647181349696188 ], [ -90.514413811491806, 14.647172790499516 ] ] ] } },
{ "type": "Feature", "properties": { "kind": "L2", "value": "11.826294736545", "building_uid": "2711", "part": "head" }, "geometry": { "type": "Polygon", "coordinates": [ [ [ -90.514707712536818, 14.647674167634083 ], [ -90.51470155494215, 14.647653659368586 ], [ -90.514719890706402, 14.647656392699441 ], [ -90.514707712536818, 14.647674167634083 ] ] ] } },
{ "type": "Feature", "properties": { "kind": "L2", "value": "6.5307489126072715", "building_uid": "2712", "part": "head" }, "geometry": { "type": "Polygon", "coordinates": [ [ [ -90.514817228564894, 14.647584706448843 ], [ -90.514813690117109, 14.647573421486436 ], [ -90.514823833260181, 14.647574813558247 ], [ -90.514817228564894, 14.647584706448843 ] ] ] } },
{ "type": "Feature", "properties": { "kind": "L2", "value": "9.161755037095554", "building_uid": "701", "part": "head" }, "geometry": { "type": "Polygon", "coordinates": [ [ [ -90.512132507348724, 14.645986691313306 ], [ -90.512127576821385, 14.645970850182302 ], [ -90.512141801997231, 14.645972831501421 ], [ -90.512132507348724, 14.645986691313306 ] ] ] } },
{ "type": "Feature", "properties": { "kind": "L2", "value": "9.974228498575341", "building_uid": "2720", "part": "head" }, "geometry": { "type": "Polygon", "coordinates": [ [ [ -90.514429773503707, 14.648305128999981 ], [ -90.514412061996921, 14.648310361867063 ], [ -90.514414271460339, 14.648295283014248 ], [ -90.514429773503707, 14.648305128999981 ] ] ] } },
{ "type": "Feature", "properties": { "kind": "L2", "value": "8.90834009873105", "building_uid": "2728", "part": "head" }, "geometry": { "type": "Polygon", "coordinates": [ [ [ -90.514969178264096, 14.646459675380566 ], [ -90.514964404180688, 14.646444266473683 ], [ -90.514978233421886, 14.646446210085166 ], [ -90.514969178264096, 14.646459675380566 ] ] ] } },
{ "type": "Feature", "properties": { "kind": "L2", "value": "16.585165955370172", "building_uid": "2729", "part": "head" }, "geometry": { "type": "Polygon", "coordinates": [ [ [ -90.514935137888756, 14.646621945201947 ], [ -90.514926458002051, 14.646593197164579 ], [ -90.514952177819367, 14.646596992628758 ], [ -90.514935137888756, 14.646621945201947 ] ] ] } },
{ "type": "Feature", "properties": { "kind": "L2", "value": "32.411503572083", "building_uid": "2730", "part": "head" }, "geometry": { "type": "Polygon", "coordinates": [ [ [ -90.514886501635644, 14.646839879314381 ], [ -90.514828619812263, 14.646855792659821 ], [ -90.514836775120997, 14.64680693846536 ], [ -90.514886501635644, 14.646839879314381 ] ] ] } },
{ "type": "Feature", "properties": { "kind": "L2", "value": "20.660597229537224", "building_uid": "2731", "part": "head" }, "geometry": { "type": "Polygon", "coordinates": [ [ [ -90.514858139368997, 14.646793388903195 ], [ -90.514894730989809, 14.646782247073057 ], [ -90.51489042652662, 14.646813518052479 ], [ -90.514858139368997, 14.646793388903195 ] ] ] } },
{ "type": "Feature", "properties": { "kind": "L2", "value": "9.842433651818936", "building_uid": "2734", "part": "head" }, "geometry": { "type": "Polygon", "coordinates": [ [ [ -90.514302872751884, 14.646971576224647 ], [ -90.514297460305571, 14.646954592645724 ], [ -90.514312756576842, 14.646956622650697 ], [ -90.514302872751884, 14.646971576224647 ] ] ] } },
{ "type": "Feature", "properties": { "kind": "L2", "value": "9.351060834512529", "building_uid": "2736", "part": "head" }, "geometry": { "type": "Polygon", "coordinates": [ [ [ -90.514494192789229, 14.646839688429084 ], [ -90.514510845788948, 14.646834939818412 ], [ -90.514508633391785, 14.646849056317004 ], [ -90.514494192789229, 14.646839688429084 ] ] ] } },
{ "type": "Feature", "properties": { "kind": "L2", "value": "9.157812737227358", "building_uid": "2738", "part": "head" }, "geometry": { "type": "Polygon", "coordinates": [ [ [ -90.514403729915287, 14.646870456898567 ], [ -90.514420043549322, 14.646865822349799 ], [ -90.51441786263311, 14.646879644994673 ], [ -90.514403729915287, 14.646870456898567 ] ] ] } },
{ "type": "Feature", "properties": { "kind": "L2", "value": "18.503876004089864", "building_uid": "2741", "part": "head" }, "geometry": { "type": "Polygon", "coordinates": [ [ [ -90.513954847977388, 14.64613574460448 ], [ -90.513921919362133, 14.646145221283826 ], [ -90.513926225538924, 14.646117277009047 ], [ -90.513954847977388, 14.64613574460448 ] ] ] } },
{ "type": "Feature", "properties": { "kind": "L2", "value": "7.599258228005307", "building_uid": "2742", "part": "head" }, "geometry": { "type": "Polygon", "coordinates": [ [ [ -90.513388532683052, 14.646323836155865 ], [ -90.513402046274479, 14.64631991244895 ], [ -90.513400306261815, 14.646331392854115 ], [ -90.513388532683052, 14.646323836155865 ] ] ] } },
{ "type": "Feature", "properties": { "kind": "L2", "value": "9.16455969086385", "building_uid": "2745", "part": "head" }, "geometry": { "type": "Polygon", "coordinates": [ [ [ -90.513526075072051, 14.64675665532978 ], [ -90.51354235647581, 14.646751872257687 ], [ -90.513540303930512, 14.646765723925151 ], [ -90.513526075072051, 14.64675665532978 ] ] ] } },
{ "type": "Feature", "properties": { "kind": "L2", "value": "11.479398694391309", "building_uid": "2746", "part": "head" }, "geometry": { "type": "Polygon", "coordinates": [ [ [ -90.513445874717902, 14.646651107083812 ], [ -90.513452078671833, 14.646670947826992 ], [ -90.513434251634749, 14.646668487539454 ], [ -90.513445874717902, 14.646651107083812 ] ] ] } },
{ "type": "Feature", "properties": { "kind": "L2", "value": "6.915718791299925", "building_uid": "2747", "part": "head" }, "geometry": { "type": "Polygon", "coordinates": [ [ [ -90.513824326710576, 14.648216456936982 ], [ -90.513820785941974, 14.648204447294296 ], [ -90.513831500130166, 14.648206096507648 ], [ -90.513824326710576, 14.648216456936982 ] ] ] } },
{ "type": "Feature", "properties": { "kind": "L2", "value": "7.473120143659607", "building_uid": "2748", "part": "head" }, "geometry": { "type": "Polygon", "coordinates": [ [ [ -90.513857670294158, 14.648092126465516 ], [ -90.513861496790199, 14.648105103979411 ], [ -90.513849919004713, 14.648103322133041 ], [ -90.513857670294158, 14.648092126465516 ] ] ] } },
{ "type": "Feature", "properties": { "kind": "L2", "value": "12.904251160154363", "building_uid": "2749", "part": "head" }, "geometry": { "type": "Polygon", "coordinates": [ [ [ -90.513848210964269, 14.64821791402262 ], [ -90.513854824283982, 14.6482403213677 ], [ -90.513834831458936, 14.648237249538083 ], [ -90.513848210964269, 14.64821791402262 ] ] ] } },
{ "type": "Feature", "properties": { "kind": "L2", "value": "11.749520454149922", "building_uid": "2750", "part": "head" }, "geometry": { "type": "Polygon", "coordinates": [ [ [ -90.513766517359699, 14.648244856261135 ], [ -90.513745571540241, 14.64825075137848 ], [ -90.513748415272147, 14.648233023740131 ], [ -90.513766517359699, 14.648244856261135 ] ] ] } },
{ "type": "Feature", "properties": { "kind": "L2", "value": "11.394423664154054", "building_uid": "2751", "part": "head" }, "geometry": { "type": "Polygon", "coordinates": [ [ [ -90.513830020149342, 14.647983940412709 ], [ -90.513835453471756, 14.648003835435757 ], [ -90.513817858909533, 14.648000780976551 ], [ -90.513830020149342, 14.647983940412709 ] ] ] } },
{ "type": "Feature", "properties": { "kind": "L2", "value": "11.993406593732129", "building_uid": "2752", "part": "head" }, "geometry": { "type": "Polygon", "coordinates": [ [ [ -90.513838134005141, 14.647985102843412 ], [ -90.51383185896556, 14.647964313482035 ], [ -90.513850457876302, 14.647967059637436 ], [ -90.513838134005141, 14.647985102843412 ] ] ] } },
{ "type": "Feature", "properties": { "kind": "L2", "value": "10.579469393590445", "building_uid": "2753", "part": "head" }, "geometry": { "type": "Polygon", "coordinates": [ [ [ -90.513875755541321, 14.647885572449358 ], [ -90.513870071484334, 14.647867277202339 ], [ -90.51388649687479, 14.647869573195113 ], [ -90.513875755541321, 14.647885572449358 ] ] ] } },
{ "type": "Feature", "properties": { "kind": "L2", "value": "8.636380904158694", "building_uid": "2755", "part": "head" }, "geometry": { "type": "Polygon", "coordinates": [ [ [ -90.513928613162904, 14.64764742791559 ], [ -90.513943936049401, 14.647642855700589 ], [ -90.513942060008446, 14.647655917113125 ], [ -90.513928613162904, 14.64764742791559 ] ] ] } },
{ "type": "Feature", "properties": { "kind": "L2", "value": "8.25213967588627", "building_uid": "2757", "part": "head" }, "geometry": { "type": "Polygon", "coordinates": [ [ [ -90.513914399316945, 14.647437061594454 ], [ -90.5139100984576, 14.647422752569534 ], [ -90.513922893310237, 14.647424656247416 ], [ -90.513914399316945, 14.647437061594454 ] ] ] } },
{ "type": "Feature", "properties": { "kind": "L2", "value": "8.955528652093248", "building_uid": "2758", "part": "head" }, "geometry": { "type": "Polygon", "coordinates": [ [ [ -90.513858559100555, 14.647594020823618 ], [ -90.513853839236063, 14.647578507161811 ], [ -90.513867731595752, 14.647580528649437 ], [ -90.513858559100555, 14.647594020823618 ] ] ] } },
{ "type": "Feature", "properties": { "kind": "L2", "value": "9.74112351716258", "building_uid": "2759", "part": "head" }, "geometry": { "type": "Polygon", "coordinates": [ [ [ -90.513878830012928, 14.647425842967067 ], [ -90.513883963849807, 14.647442717532346 ], [ -90.513868852844794, 14.647440518665304 ], [ -90.513878830012928, 14.647425842967067 ] ] ] } },
{ "type": "Feature", "properties": { "kind": "L2", "value": "4.94377414178147", "building_uid": "2761", "part": "head" }, "geometry": { "type": "Polygon", "coordinates": [ [ [ -90.513960563109677, 14.647206404897451 ], [ -90.513957874848685, 14.647197865068616 ], [ -90.51396555437347, 14.647198910630301 ], [ -90.513960563109677, 14.647206404897451 ] ] ] } },
{ "type": "Feature", "properties": { "kind": "L2", "value": "8.913852902853847", "building_uid": "2762", "part": "head" }, "geometry": { "type": "Polygon", "coordinates": [ [ [ -90.513961106293991, 14.647205992353229 ], [ -90.513965980839487, 14.64722138183147 ], [ -90.513952130955374, 14.64721952007403 ], [ -90.513961106293991, 14.647205992353229 ] ] ] } },
{ "type": "Feature", "properties": { "kind": "L2", "value": "9.181876173229526", "building_uid": "2763", "part": "head" }, "geometry": { "type": "Polygon", "coordinates": [ [ [ -90.513916374192206, 14.647361653155041 ], [ -90.513911352931885, 14.647345800987017 ], [ -90.513925619281892, 14.647347718601225 ], [ -90.513916374192206, 14.647361653155041 ] ] ] } },
{ "type": "Feature", "properties": { "kind": "L2", "value": "9.100406774525153", "building_uid": "764", "part": "head" }, "geometry": { "type": "Polygon", "coordinates": [ [ [ -90.514548639851412, 14.645211170503982 ], [ -90.514553785801681, 14.645226830247871 ], [ -90.514539626433475, 14.645225074403855 ], [ -90.514548639851412, 14.645211170503982 ] ] ] } },
{ "type": "Feature", "properties": { "kind": "L2", "value": "14.660902622187526", "building_uid": "2764", "part": "head" }, "geometry": { "type": "Polygon", "coordinates": [ [ [ -90.514019051566876, 14.647041710444256 ], [ -90.514026863911184, 14.647067082701748 ], [ -90.514004110046358, 14.647063846057765 ], [ -90.514019051566876, 14.647041710444256 ] ] ] } },
{ "type": "Feature", "properties": { "kind": "L2", "value": "8.127409372523594", "building_uid": "2765", "part": "head" }, "geometry": { "type": "Polygon", "coordinates": [ [ [ -90.51386324154538, 14.647074951914654 ], [ -90.513877686705044, 14.647070730498509 ], [ -90.513875848176653, 14.647083012000978 ], [ -90.51386324154538, 14.647074951914654 ] ] ] } },
{ "type": "Feature", "properties": { "kind": "L2", "value": "10.110085889467255", "building_uid": "2767", "part": "head" }, "geometry": { "type": "Polygon", "coordinates": [ [ [ -90.513866528296674, 14.647108580724852 ], [ -90.513848558798998, 14.647113830501958 ], [ -90.513850847137704, 14.647098553119676 ], [ -90.513866528296674, 14.647108580724852 ] ] ] } },
{ "type": "Feature", "properties": { "kind": "L2", "value": "8.811882746089235", "building_uid": "2768", "part": "head" }, "geometry": { "type": "Polygon", "coordinates": [ [ [ -90.513776276796563, 14.647087381213909 ], [ -90.513760549617501, 14.64709174012501 ], [ -90.513762737916736, 14.647078453346722 ], [ -90.513776276796563, 14.647087381213909 ] ] ] } },
{ "type": "Feature", "properties": { "kind": "L2", "value": "10.390413273111442", "building_uid": "2769", "part": "head" }, "geometry": { "type": "Polygon", "coordinates": [ [ [ -90.513697060800723, 14.647074207950752 ], [ -90.513678559021798, 14.647079491595568 ], [ -90.513681010851116, 14.64706380512458 ], [ -90.513697060800723, 14.647074207950752 ] ] ] } },
{ "type": "Feature", "properties": { "kind": "L2", "value": "14.307710458028511", "building_uid": "2770", "part": "head" }, "geometry": { "type": "Polygon", "coordinates": [ [ [ -90.513425201341107, 14.647180686580098 ], [ -90.513417512789758, 14.647155944456584 ], [ -90.513439726645728, 14.647159048338059 ], [ -90.513425201341107, 14.647180686580098 ] ] ] } },
{ "type": "Feature", "properties": { "kind": "L2", "value": "11.498894833844567", "building_uid": "2771", "part": "head" }, "geometry": { "type": "Polygon", "coordinates": [ [ [ -90.513451862091998, 14.646950190169056 ], [ -90.513458041175028, 14.646970075073153 ], [ -90.513440188254251, 14.646967580455067 ], [ -90.513451862091998, 14.646950190169056 ] ] ] } },
{ "type": "Feature", "properties": { "kind": "L2", "value": "20.061083646032756", "building_uid": "2772", "part": "head" }, "geometry": { "type": "Polygon", "coordinates": [ [ [ -90.513464372593134, 14.64752628459749 ], [ -90.513474624168637, 14.64756112752991 ], [ -90.513443547276424, 14.647556327065029 ], [ -90.513464372593134, 14.64752628459749 ] ] ] } },
{ "type": "Feature", "properties": { "kind": "L2", "value": "9.201622930665817", "building_uid": "2773", "part": "head" }, "geometry": { "type": "Polygon", "coordinates": [ [ [ -90.513353391570774, 14.647511134884873 ], [ -90.513348581278919, 14.647495183644688 ], [ -90.513362850228319, 14.647497293996496 ], [ -90.513353391570774, 14.647511134884873 ] ] ] } },
{ "type": "Feature", "properties": { "kind": "L2", "value": "19.379298916167055", "building_uid": "2774", "part": "head" }, "geometry": { "type": "Polygon", "coordinates": [ [ [ -90.513362902599667, 14.647276080113809 ], [ -90.513373033301875, 14.647309674641162 ], [ -90.513342981880186, 14.647305229980789 ], [ -90.513362902599667, 14.647276080113809 ] ] ] } },
{ "type": "Feature", "properties": { "kind": "L2", "value": "5.998981364102754", "building_uid": "2775", "part": "head" }, "geometry": { "type": "Polygon", "coordinates": [ [ [ -90.513314750479395, 14.647159529864611 ], [ -90.513317837305891, 14.647169943199309 ], [ -90.513308541311744, 14.647168525658163 ], [ -90.513314750479395, 14.647159529864611 ] ] ] } },
{ "type": "Feature", "properties": { "kind": "L2", "value": "9.06645409050553", "building_uid": "2776", "part": "head" }, "geometry": { "type": "Polygon", "coordinates": [ [ [ -90.51312979557558, 14.648164887140016 ], [ -90.513145916085378, 14.648160198394693 ], [ -90.513143846820043, 14.648173896290357 ], [ -90.51312979557558, 14.648164887140016 ] ] ] } },
{ "type": "Feature", "properties": { "kind": "L2", "value": "11.366582309967663", "building_uid": "2777", "part": "head" }, "geometry": { "type": "Polygon", "coordinates": [ [ [ -90.5132649900698, 14.648124431205931 ], [ -90.513259084540081, 14.648104716546056 ], [ -90.513276705875725, 14.648107354396181 ], [ -90.5132649900698, 14.648124431205931 ] ] ] } },
{ "type": "Feature", "properties": { "kind": "L2", "value": "11.822307006223628", "building_uid": "2778", "part": "head" }, "geometry": { "type": "Polygon", "coordinates": [ [ [ -90.51336602615892, 14.647911888521795 ], [ -90.513359666411844, 14.647891446365808 ], [ -90.51337802238919, 14.647894005316859 ], [ -90.51336602615892, 14.647911888521795 ] ] ] } },
{ "type": "Feature", "properties": { "kind": "L2", "value": "12.548378521800288", "building_uid": "2779", "part": "head" }, "geometry": { "type": "Polygon", "coordinates": [ [ [ -90.513344914838044, 14.647797897801087 ], [ -90.513338502485695, 14.647776103224366 ], [ -90.513357941350236, 14.647779106040073 ], [ -90.513344914838044, 14.647797897801087 ] ] ] } },
{ "type": "Feature", "properties": { "kind": "L2", "value": "13.798244500074594", "building_uid": "2780", "part": "head" }, "geometry": { "type": "Polygon", "coordinates": [ [ [ -90.51335570695241, 14.648038190280133 ], [ -90.513348505376584, 14.648014267345781 ], [ -90.513369900805273, 14.648017441822393 ], [ -90.51335570695241, 14.648038190280133 ] ] ] } },
{ "type": "Feature", "properties": { "kind": "L2", "value": "9.601873093400743", "building_uid": "2781", "part": "head" }, "geometry": { "type": "Polygon", "coordinates": [ [ [ -90.51330031626766, 14.648190305112013 ], [ -90.513283243838501, 14.648195271014751 ], [ -90.513285435069491, 14.648180764155443 ], [ -90.51330031626766, 14.648190305112013 ] ] ] } },
{ "type": "Feature", "properties": { "kind": "L2", "value": "9.326774214880366", "building_uid": "2782", "part": "head" }, "geometry": { "type": "Polygon", "coordinates": [ [ [ -90.513299908404676, 14.648190299432109 ], [ -90.513316485728993, 14.648185456391685 ], [ -90.513314374686189, 14.648199550103978 ], [ -90.513299908404676, 14.648190299432109 ] ] ] } },
{ "type": "Feature", "properties": { "kind": "L2", "value": "14.725522265824704", "building_uid": "2785", "part": "head" }, "geometry": { "type": "Polygon", "coordinates": [ [ [ -90.513523947259173, 14.648184392200056 ], [ -90.513497746953519, 14.648191949492407 ], [ -90.513501159828451, 14.648169709193754 ], [ -90.513523947259173, 14.648184392200056 ] ] ] } },
{ "type": "Feature", "properties": { "kind": "L2", "value": "13.132226730836713", "building_uid": "2786", "part": "head" }, "geometry": { "type": "Polygon", "coordinates": [ [ [ -90.512513425398126, 14.648031145879184 ], [ -90.512536733348213, 14.648024220259741 ], [ -90.512533856645646, 14.648044077750678 ], [ -90.512513425398126, 14.648031145879184 ] ] ] } },
{ "type": "Feature", "properties": { "kind": "L2", "value": "8.41740748638813", "building_uid": "2787", "part": "head" }, "geometry": { "type": "Polygon", "coordinates": [ [ [ -90.512680151769331, 14.647002646260463 ], [ -90.512695000748835, 14.646997927381435 ], [ -90.512693409379594, 14.647010687766425 ], [ -90.512680151769331, 14.647002646260463 ] ] ] } },
{ "type": "Feature", "properties": { "kind": "L2", "value": "9.7449662263934", "building_uid": "2788", "part": "head" }, "geometry": { "type": "Polygon", "coordinates": [ [ [ -90.512763437054332, 14.646959696128762 ], [ -90.512780720765804, 14.646954518037484 ], [ -90.51277862099306, 14.64696925834582 ], [ -90.512763437054332, 14.646959696128762 ] ] ] } },
{ "type": "Feature", "properties": { "kind": "L2", "value": "14.086794498488944", "building_uid": "2789", "part": "head" }, "geometry": { "type": "Polygon", "coordinates": [ [ [ -90.512965332169415, 14.646980710323373 ], [ -90.512940347701559, 14.646988195283717 ], [ -90.512943383208835, 14.646966887516776 ], [ -90.512965332169415, 14.646980710323373 ] ] ] } },
{ "type": "Feature", "properties": { "kind": "L2", "value": "12.02118651466338", "building_uid": "2790", "part": "head" }, "geometry": { "type": "Polygon", "coordinates": [ [ [ -90.513099009835244, 14.647017413184644 ], [ -90.51310550300488, 14.647038191402681 ], [ -90.513086835013453, 14.647035611933964 ], [ -90.513099009835244, 14.647017413184644 ] ] ] } },
{ "type": "Feature", "properties": { "kind": "L2", "value": "12.628105821157625", "building_uid": "2791", "part": "head" }, "geometry": { "type": "Polygon", "coordinates": [ [ [ -90.512981186573143, 14.647222760659565 ], [ -90.512974368332166, 14.647200932587459 ], [ -90.512993978494166, 14.647203644633755 ], [ -90.512981186573143, 14.647222760659565 ] ] ] } },
{ "type": "Feature", "properties": { "kind": "L2", "value": "6.084621713994396", "building_uid": "2850", "part": "head" }, "geometry": { "type": "Polygon", "coordinates": [ [ [ -90.512292388981066, 14.647167539777071 ], [ -90.512288106486849, 14.647157368100549 ], [ -90.512297639448249, 14.647157807559656 ], [ -90.512292388981066, 14.647167539777071 ] ] ] } },
{ "type": "Feature", "properties": { "kind": "L2", "value": "12.944410740910012", "building_uid": "2792", "part": "head" }, "geometry": { "type": "Polygon", "coordinates": [ [ [ -90.513105302094701, 14.647002423987736 ], [ -90.513099654209242, 14.646979693010163 ], [ -90.513119556704993, 14.646983600460894 ], [ -90.513105302094701, 14.647002423987736 ] ] ] } },
{ "type": "Feature", "properties": { "kind": "L2", "value": "13.528207969411504", "building_uid": "2793", "part": "head" }, "geometry": { "type": "Polygon", "coordinates": [ [ [ -90.512952660355396, 14.647337756107756 ], [ -90.512945480638336, 14.647314335656866 ], [ -90.512966472837405, 14.647317346925618 ], [ -90.512952660355396, 14.647337756107756 ] ] ] } },
{ "type": "Feature", "properties": { "kind": "L2", "value": "11.151596029364423", "building_uid": "2794", "part": "head" }, "geometry": { "type": "Polygon", "coordinates": [ [ [ -90.512952479687371, 14.647334464540689 ], [ -90.512958670370082, 14.647353689414576 ], [ -90.512941332598444, 14.647351439210636 ], [ -90.512952479687371, 14.647334464540689 ] ] ] } },
{ "type": "Feature", "properties": { "kind": "L2", "value": "19.01431844169309", "building_uid": "2885", "part": "head" }, "geometry": { "type": "Polygon", "coordinates": [ [ [ -90.513254209914948, 14.645439129671626 ], [ -90.51326352205912, 14.645472264799409 ], [ -90.513234124719347, 14.645467373800846 ], [ -90.513254209914948, 14.645439129671626 ] ] ] } },
{ "type": "Feature", "properties": { "kind": "L2", "value": "11.717766148947508", "building_uid": "2795", "part": "head" }, "geometry": { "type": "Polygon", "coordinates": [ [ [ -90.512928720117216, 14.647532012093771 ], [ -90.51292239339304, 14.647511757570411 ], [ -90.512940589914052, 14.647514274117706 ], [ -90.512928720117216, 14.647532012093771 ] ] ] } },
{ "type": "Feature", "properties": { "kind": "L2", "value": "12.96194514524405", "building_uid": "2796", "part": "head" }, "geometry": { "type": "Polygon", "coordinates": [ [ [ -90.512450663907742, 14.648012639952995 ], [ -90.512457684904291, 14.648035038398028 ], [ -90.512437553471415, 14.648032273806507 ], [ -90.512450663907742, 14.648012639952995 ] ] ] } },
{ "type": "Feature", "properties": { "kind": "L2", "value": "9.423575324908555", "building_uid": "2797", "part": "head" }, "geometry": { "type": "Polygon", "coordinates": [ [ [ -90.512463390356686, 14.647929887778718 ], [ -90.512468478154645, 14.647946176787451 ], [ -90.51245384428924, 14.647944152742737 ], [ -90.512463390356686, 14.647929887778718 ] ] ] } },
{ "type": "Feature", "properties": { "kind": "L2", "value": "7.405976184896887", "building_uid": "2798", "part": "head" }, "geometry": { "type": "Polygon", "coordinates": [ [ [ -90.51251424957492, 14.647937402926964 ], [ -90.512510327632668, 14.64792457898645 ], [ -90.512521818670507, 14.647926234785954 ], [ -90.51251424957492, 14.647937402926964 ] ] ] } },
{ "type": "Feature", "properties": { "kind": "L2", "value": "5.667224035198625", "building_uid": "2800", "part": "head" }, "geometry": { "type": "Polygon", "coordinates": [ [ [ -90.512900211072719, 14.647851720314105 ], [ -90.512903467362179, 14.647861456082504 ], [ -90.512894643926884, 14.647860406958339 ], [ -90.512900211072719, 14.647851720314105 ] ] ] } },
{ "type": "Feature", "properties": { "kind": "L2", "value": "7.553732776112278", "building_uid": "2801", "part": "head" }, "geometry": { "type": "Polygon", "coordinates": [ [ [ -90.512897118474868, 14.647969249708519 ], [ -90.512892778300795, 14.647956273069077 ], [ -90.512904538883532, 14.647957671488514 ], [ -90.512897118474868, 14.647969249708519 ] ] ] } },
{ "type": "Feature", "properties": { "kind": "L2", "value": "11.931903245030913", "building_uid": "2803", "part": "head" }, "geometry": { "type": "Polygon", "coordinates": [ [ [ -90.512936403722023, 14.648088580990443 ], [ -90.512942941842979, 14.64810917707136 ], [ -90.512924401021863, 14.648106696165986 ], [ -90.512936403722023, 14.648088580990443 ] ] ] } },
{ "type": "Feature", "properties": { "kind": "L2", "value": "12.56580060509499", "building_uid": "2804", "part": "head" }, "geometry": { "type": "Polygon", "coordinates": [ [ [ -90.51293813940282, 14.648089785207411 ], [ -90.512931217399569, 14.648068105960006 ], [ -90.512950747597884, 14.648070687476526 ], [ -90.51293813940282, 14.648089785207411 ] ] ] } },
{ "type": "Feature", "properties": { "kind": "L2", "value": "12.76862132359937", "building_uid": "2805", "part": "head" }, "geometry": { "type": "Polygon", "coordinates": [ [ [ -90.512562205030335, 14.647692386226559 ], [ -90.512569227496058, 14.647714418788633 ], [ -90.512549383446455, 14.64771178599856 ], [ -90.512562205030335, 14.647692386226559 ] ] ] } },
{ "type": "Feature", "properties": { "kind": "L2", "value": "8.161584577616663", "building_uid": "2806", "part": "head" }, "geometry": { "type": "Polygon", "coordinates": [ [ [ -90.512531724347284, 14.647800941163755 ], [ -90.512536046350164, 14.647815073514122 ], [ -90.512523382934731, 14.647813248709747 ], [ -90.512531724347284, 14.647800941163755 ] ] ] } },
{ "type": "Feature", "properties": { "kind": "L2", "value": "9.803320369075808", "building_uid": "2807", "part": "head" }, "geometry": { "type": "Polygon", "coordinates": [ [ [ -90.512573616645298, 14.647602150450384 ], [ -90.512578776531868, 14.647619134682508 ], [ -90.512563569923358, 14.64761691606645 ], [ -90.512573616645298, 14.647602150450384 ] ] ] } },
{ "type": "Feature", "properties": { "kind": "L2", "value": "16.5414048860813", "building_uid": "2808", "part": "head" }, "geometry": { "type": "Polygon", "coordinates": [ [ [ -90.512690173383817, 14.646936659083394 ], [ -90.512660967595863, 14.646945856136524 ], [ -90.512664163917989, 14.646920788417514 ], [ -90.512690173383817, 14.646936659083394 ] ] ] } },
{ "type": "Feature", "properties": { "kind": "L2", "value": "7.227099380474", "building_uid": "2809", "part": "head" }, "geometry": { "type": "Polygon", "coordinates": [ [ [ -90.512585970713715, 14.647033835511204 ], [ -90.512590097924843, 14.647046259006247 ], [ -90.512578848678785, 14.647044899357104 ], [ -90.512585970713715, 14.647033835511204 ] ] ] } },
{ "type": "Feature", "properties": { "kind": "L2", "value": "8.305176375096886", "building_uid": "2810", "part": "head" }, "geometry": { "type": "Polygon", "coordinates": [ [ [ -90.512582114661669, 14.647173306706947 ], [ -90.512577348021907, 14.647159037485237 ], [ -90.512590277925682, 14.647160579550512 ], [ -90.512582114661669, 14.647173306706947 ] ] ] } },
{ "type": "Feature", "properties": { "kind": "L2", "value": "4.551874517747079", "building_uid": "2811", "part": "head" }, "geometry": { "type": "Polygon", "coordinates": [ [ [ -90.512586034589816, 14.647170453327103 ], [ -90.512588570786875, 14.647178297724148 ], [ -90.512581492756283, 14.647177387166348 ], [ -90.512586034589816, 14.647170453327103 ] ] ] } },
{ "type": "Feature", "properties": { "kind": "L2", "value": "8.105938826070469", "building_uid": "2812", "part": "head" }, "geometry": { "type": "Polygon", "coordinates": [ [ [ -90.512643329542584, 14.647300624027757 ], [ -90.512646910851956, 14.647314847863369 ], [ -90.512634440065384, 14.647312437959679 ], [ -90.512643329542584, 14.647300624027757 ] ] ] } },
{ "type": "Feature", "properties": { "kind": "L2", "value": "9.249595330357682", "building_uid": "2813", "part": "head" }, "geometry": { "type": "Polygon", "coordinates": [ [ [ -90.512637173238716, 14.647293952598659 ], [ -90.512632019698685, 14.647278012425923 ], [ -90.512646402539971, 14.647279862817919 ], [ -90.512637173238716, 14.647293952598659 ] ] ] } },
{ "type": "Feature", "properties": { "kind": "L2", "value": "9.138293531341338", "building_uid": "2814", "part": "head" }, "geometry": { "type": "Polygon", "coordinates": [ [ [ -90.512545118176291, 14.647519681333383 ], [ -90.51254989920244, 14.647535521682393 ], [ -90.512535727955708, 14.647533429114119 ], [ -90.512545118176291, 14.647519681333383 ] ] ] } },
{ "type": "Feature", "properties": { "kind": "L2", "value": "6.434023663191885", "building_uid": "2815", "part": "head" }, "geometry": { "type": "Polygon", "coordinates": [ [ [ -90.512510624979811, 14.647455791077416 ], [ -90.512513587454634, 14.647467051889313 ], [ -90.512503669062696, 14.647465238871224 ], [ -90.512510624979811, 14.647455791077416 ] ] ] } },
{ "type": "Feature", "properties": { "kind": "L2", "value": "11.772568320645751", "building_uid": "2816", "part": "head" }, "geometry": { "type": "Polygon", "coordinates": [ [ [ -90.512625506812654, 14.647361559714117 ], [ -90.5126308393057, 14.647382185803551 ], [ -90.512612705593241, 14.647378795009027 ], [ -90.512625506812654, 14.647361559714117 ] ] ] } },
{ "type": "Feature", "properties": { "kind": "L2", "value": "23.920329074516513", "building_uid": "2818", "part": "head" }, "geometry": { "type": "Polygon", "coordinates": [ [ [ -90.512914056365389, 14.647524838541496 ], [ -90.512926375932679, 14.647566357510922 ], [ -90.512889307529022, 14.647560714638596 ], [ -90.512914056365389, 14.647524838541496 ] ] ] } },
{ "type": "Feature", "properties": { "kind": "L2", "value": "6.455284256555364", "building_uid": "2819", "part": "head" }, "geometry": { "type": "Polygon", "coordinates": [ [ [ -90.513004632299385, 14.64781492246591 ], [ -90.513001307579714, 14.647803717929287 ], [ -90.5130113111057, 14.647805240678036 ], [ -90.513004632299385, 14.64781492246591 ] ] ] } },
{ "type": "Feature", "properties": { "kind": "L2", "value": "9.145908431624004", "building_uid": "2820", "part": "head" }, "geometry": { "type": "Polygon", "coordinates": [ [ [ -90.511907562754956, 14.647942122105711 ], [ -90.511923811983408, 14.647937351650093 ], [ -90.511921761025306, 14.64795117474725 ], [ -90.511907562754956, 14.647942122105711 ] ] ] } },
{ "type": "Feature", "properties": { "kind": "L2", "value": "13.946726135904262", "building_uid": "2821", "part": "head" }, "geometry": { "type": "Polygon", "coordinates": [ [ [ -90.511774076153017, 14.648040959381779 ], [ -90.51176693360371, 14.648016740484286 ], [ -90.511788540816042, 14.648020064705904 ], [ -90.511774076153017, 14.648040959381779 ] ] ] } },
{ "type": "Feature", "properties": { "kind": "L2", "value": "10.942069504362891", "building_uid": "2851", "part": "head" }, "geometry": { "type": "Polygon", "coordinates": [ [ [ -90.512330466845242, 14.647266443412313 ], [ -90.512323100757555, 14.64724802113318 ], [ -90.512340226899425, 14.64724910799192 ], [ -90.512330466845242, 14.647266443412313 ] ] ] } },
{ "type": "Feature", "properties": { "kind": "L2", "value": "12.300055168015758", "building_uid": "2822", "part": "head" }, "geometry": { "type": "Polygon", "coordinates": [ [ [ -90.51180670962745, 14.647815776357222 ], [ -90.511813335345536, 14.647837041922644 ], [ -90.511794236493671, 14.647834387207107 ], [ -90.51180670962745, 14.647815776357222 ] ] ] } },
{ "type": "Feature", "properties": { "kind": "L2", "value": "13.252026045384786", "building_uid": "2824", "part": "head" }, "geometry": { "type": "Polygon", "coordinates": [ [ [ -90.512113007073381, 14.648088035752721 ], [ -90.512106288664171, 14.648065004209137 ], [ -90.512126810143911, 14.648068220627259 ], [ -90.512113007073381, 14.648088035752721 ] ] ] } },
{ "type": "Feature", "properties": { "kind": "L2", "value": "11.452626043536734", "building_uid": "2825", "part": "head" }, "geometry": { "type": "Polygon", "coordinates": [ [ [ -90.512287389180372, 14.648054340502606 ], [ -90.512266945263335, 14.648059993522685 ], [ -90.512269800199448, 14.648042726680339 ], [ -90.512287389180372, 14.648054340502606 ] ] ] } },
{ "type": "Feature", "properties": { "kind": "L2", "value": "8.134194499287405", "building_uid": "2826", "part": "head" }, "geometry": { "type": "Polygon", "coordinates": [ [ [ -90.512222443216018, 14.647642454048492 ], [ -90.512218306840722, 14.647628320592165 ], [ -90.512230904808462, 14.6476302842338 ], [ -90.512222443216018, 14.647642454048492 ] ] ] } },
{ "type": "Feature", "properties": { "kind": "L2", "value": "10.883696523120227", "building_uid": "2827", "part": "head" }, "geometry": { "type": "Polygon", "coordinates": [ [ [ -90.512173901513094, 14.647838717546714 ], [ -90.512168761385482, 14.647819701504655 ], [ -90.512185559606763, 14.647822660648053 ], [ -90.512173901513094, 14.647838717546714 ] ] ] } },
{ "type": "Feature", "properties": { "kind": "L2", "value": "10.27534468406185", "building_uid": "2889", "part": "head" }, "geometry": { "type": "Polygon", "coordinates": [ [ [ -90.513290314610359, 14.645618223372715 ], [ -90.513295732316422, 14.645636022682549 ], [ -90.513279792425237, 14.645633705235339 ], [ -90.513290314610359, 14.645618223372715 ] ] ] } },
{ "type": "Feature", "properties": { "kind": "L2", "value": "7.002178887475333", "building_uid": "2829", "part": "head" }, "geometry": { "type": "Polygon", "coordinates": [ [ [ -90.511875595080667, 14.64775555647976 ], [ -90.511879388951044, 14.647767656035128 ], [ -90.511868513626354, 14.64776616347795 ], [ -90.511875595080667, 14.64775555647976 ] ] ] } },
{ "type": "Feature", "properties": { "kind": "L2", "value": "6.573801412655288", "building_uid": "2830", "part": "head" }, "geometry": { "type": "Polygon", "coordinates": [ [ [ -90.511879902196398, 14.64769768023289 ], [ -90.511883623044483, 14.647708991124476 ], [ -90.511873394338863, 14.647707725826862 ], [ -90.511879902196398, 14.64769768023289 ] ] ] } },
{ "type": "Feature", "properties": { "kind": "L2", "value": "13.73023673074503", "building_uid": "2832", "part": "head" }, "geometry": { "type": "Polygon", "coordinates": [ [ [ -90.512184117663125, 14.647986326364176 ], [ -90.512176736517773, 14.647962583732257 ], [ -90.512198054221685, 14.647965559874468 ], [ -90.512184117663125, 14.647986326364176 ] ] ] } },
{ "type": "Feature", "properties": { "kind": "L2", "value": "11.753783204244883", "building_uid": "2833", "part": "head" }, "geometry": { "type": "Polygon", "coordinates": [ [ [ -90.512205404111739, 14.64774914402348 ], [ -90.51219947019672, 14.647728709495636 ], [ -90.512217668047583, 14.647731583313435 ], [ -90.512205404111739, 14.64774914402348 ] ] ] } },
{ "type": "Feature", "properties": { "kind": "L2", "value": "6.521379341517917", "building_uid": "2834", "part": "head" }, "geometry": { "type": "Polygon", "coordinates": [ [ [ -90.512239184000762, 14.647573877808139 ], [ -90.512235556679144, 14.647562637389575 ], [ -90.512245696520878, 14.647563947265462 ], [ -90.512239184000762, 14.647573877808139 ] ] ] } },
{ "type": "Feature", "properties": { "kind": "L2", "value": "12.150608385386613", "building_uid": "2835", "part": "head" }, "geometry": { "type": "Polygon", "coordinates": [ [ [ -90.512178063631055, 14.646881774666614 ], [ -90.512156393225652, 14.646887838160829 ], [ -90.51215936333702, 14.646869509863109 ], [ -90.512178063631055, 14.646881774666614 ] ] ] } },
{ "type": "Feature", "properties": { "kind": "L2", "value": "9.730539901385495", "building_uid": "2836", "part": "head" }, "geometry": { "type": "Polygon", "coordinates": [ [ [ -90.512380835667315, 14.646861306405663 ], [ -90.512375848200463, 14.646844410199293 ], [ -90.512390923911312, 14.646846725952253 ], [ -90.512380835667315, 14.646861306405663 ] ] ] } },
{ "type": "Feature", "properties": { "kind": "L2", "value": "10.639022274911005", "building_uid": "2837", "part": "head" }, "geometry": { "type": "Polygon", "coordinates": [ [ [ -90.512369619419957, 14.646965649622242 ], [ -90.512363642000281, 14.646947330318548 ], [ -90.512380191050426, 14.646949416089335 ], [ -90.512369619419957, 14.646965649622242 ] ] ] } },
{ "type": "Feature", "properties": { "kind": "L2", "value": "15.171716924793456", "building_uid": "2838", "part": "head" }, "geometry": { "type": "Polygon", "coordinates": [ [ [ -90.512184791222921, 14.646863959556859 ], [ -90.512211869151741, 14.646856454579749 ], [ -90.512208101582047, 14.646879330865167 ], [ -90.512184791222921, 14.646863959556859 ] ] ] } },
{ "type": "Feature", "properties": { "kind": "L2", "value": "12.47319608309187", "building_uid": "2839", "part": "head" }, "geometry": { "type": "Polygon", "coordinates": [ [ [ -90.512352716539695, 14.647072740944488 ], [ -90.512345648409706, 14.647051282088748 ], [ -90.512365057319371, 14.647053675869447 ], [ -90.512352716539695, 14.647072740944488 ] ] ] } },
{ "type": "Feature", "properties": { "kind": "L2", "value": "9.582906600955651", "building_uid": "2840", "part": "head" }, "geometry": { "type": "Polygon", "coordinates": [ [ [ -90.511987185653297, 14.646823940121926 ], [ -90.512004168079045, 14.646818804572264 ], [ -90.51200214245452, 14.646833304985622 ], [ -90.511987185653297, 14.646823940121926 ] ] ] } },
{ "type": "Feature", "properties": { "kind": "L2", "value": "15.346074121534816", "building_uid": "2841", "part": "head" }, "geometry": { "type": "Polygon", "coordinates": [ [ [ -90.51191637309023, 14.646698052558175 ], [ -90.511924639466756, 14.646724584422985 ], [ -90.51190081105598, 14.646721272191163 ], [ -90.51191637309023, 14.646698052558175 ] ] ] } },
{ "type": "Feature", "properties": { "kind": "L2", "value": "8.686921379674327", "building_uid": "2842", "part": "head" }, "geometry": { "type": "Polygon", "coordinates": [ [ [ -90.511879643308291, 14.646917868034652 ], [ -90.511874682205701, 14.646902935162988 ], [ -90.511888203728134, 14.646904569252673 ], [ -90.511879643308291, 14.646917868034652 ] ] ] } },
{ "type": "Feature", "properties": { "kind": "L2", "value": "10.645122875527196", "building_uid": "2843", "part": "head" }, "geometry": { "type": "Polygon", "coordinates": [ [ [ -90.51193278398857, 14.647018024631324 ], [ -90.511927165119133, 14.646999586579136 ], [ -90.511943679526908, 14.647001982185202 ], [ -90.51193278398857, 14.647018024631324 ] ] ] } },
{ "type": "Feature", "properties": { "kind": "L2", "value": "5.383393758445839", "building_uid": "2844", "part": "head" }, "geometry": { "type": "Polygon", "coordinates": [ [ [ -90.511971597818956, 14.647067335793887 ], [ -90.511968903059596, 14.64705797018655 ], [ -90.511977234633846, 14.647059305878601 ], [ -90.511971597818956, 14.647067335793887 ] ] ] } },
{ "type": "Feature", "properties": { "kind": "L2", "value": "7.770391865084703", "building_uid": "2845", "part": "head" }, "geometry": { "type": "Polygon", "coordinates": [ [ [ -90.511874867475697, 14.647263675411889 ], [ -90.511871246155593, 14.647250086624471 ], [ -90.511883231567367, 14.647252239838918 ], [ -90.511874867475697, 14.647263675411889 ] ] ] } },
{ "type": "Feature", "properties": { "kind": "L2", "value": "16.06754408180507", "building_uid": "2846", "part": "head" }, "geometry": { "type": "Polygon", "coordinates": [ [ [ -90.51187619608308, 14.647196201991305 ], [ -90.511868353426166, 14.647168195050291 ], [ -90.511893191130895, 14.647172350229438 ], [ -90.51187619608308, 14.647196201991305 ] ] ] } },
{ "type": "Feature", "properties": { "kind": "L2", "value": "11.67508446721097", "building_uid": "2847", "part": "head" }, "geometry": { "type": "Polygon", "coordinates": [ [ [ -90.511906034653151, 14.647276285891113 ], [ -90.511911421521049, 14.647296716786895 ], [ -90.511893421972488, 14.647293436273618 ], [ -90.511906034653151, 14.647276285891113 ] ] ] } },
{ "type": "Feature", "properties": { "kind": "L2", "value": "18.679386415035623", "building_uid": "2848", "part": "head" }, "geometry": { "type": "Polygon", "coordinates": [ [ [ -90.511965305909811, 14.647454849616036 ], [ -90.511973232938942, 14.647487703240529 ], [ -90.511944551627508, 14.647481879682378 ], [ -90.511965305909811, 14.647454849616036 ] ] ] } },
{ "type": "Feature", "properties": { "kind": "L2", "value": "7.262271971708126", "building_uid": "2849", "part": "head" }, "geometry": { "type": "Polygon", "coordinates": [ [ [ -90.511859078045191, 14.647497958798875 ], [ -90.511855511603386, 14.647485305885699 ], [ -90.511866741064964, 14.647487165726773 ], [ -90.511859078045191, 14.647497958798875 ] ] ] } },
{ "type": "Feature", "properties": { "kind": "L2", "value": "10.2284639654075", "building_uid": "2853", "part": "head" }, "geometry": { "type": "Polygon", "coordinates": [ [ [ -90.512275146180414, 14.647432271162295 ], [ -90.512281344046883, 14.647449737924312 ], [ -90.512265387008469, 14.647448121095564 ], [ -90.512275146180414, 14.647432271162295 ] ] ] } },
{ "type": "Feature", "properties": { "kind": "L2", "value": "9.0634463975307", "building_uid": "2854", "part": "head" }, "geometry": { "type": "Polygon", "coordinates": [ [ [ -90.512207923333037, 14.647428129894724 ], [ -90.512201856155812, 14.64741285756573 ], [ -90.512216039898988, 14.647413787985776 ], [ -90.512207923333037, 14.647428129894724 ] ] ] } },
{ "type": "Feature", "properties": { "kind": "L2", "value": "7.613780343210652", "building_uid": "2855", "part": "head" }, "geometry": { "type": "Polygon", "coordinates": [ [ [ -90.511882524052737, 14.647436104252829 ], [ -90.511879011002691, 14.647422780480053 ], [ -90.511890749230517, 14.647424919780525 ], [ -90.511882524052737, 14.647436104252829 ] ] ] } },
{ "type": "Feature", "properties": { "kind": "L2", "value": "7.529619168984837", "building_uid": "2856", "part": "head" }, "geometry": { "type": "Polygon", "coordinates": [ [ [ -90.511804564097332, 14.64762074224747 ], [ -90.511808620104361, 14.647633760205737 ], [ -90.511796928534721, 14.647632135092932 ], [ -90.511804564097332, 14.64762074224747 ] ] ] } },
{ "type": "Feature", "properties": { "kind": "L2", "value": "14.630930239515322", "building_uid": "750", "part": "head" }, "geometry": { "type": "Polygon", "coordinates": [ [ [ -90.5149016874757, 14.643154308823274 ], [ -90.5149097144226, 14.643179560807798 ], [ -90.514886978887958, 14.643176527290274 ], [ -90.5149016874757, 14.643154308823274 ] ] ] } },
{ "type": "Feature", "properties": { "kind": "L2", "value": "6.424023452224872", "building_uid": "2858", "part": "head" }, "geometry": { "type": "Polygon", "coordinates": [ [ [ -90.512050605352201, 14.645972935576683 ], [ -90.512054200092351, 14.645984001561954 ], [ -90.512044209199232, 14.645982729715129 ], [ -90.512050605352201, 14.645972935576683 ] ] ] } },
{ "type": "Feature", "properties": { "kind": "L2", "value": "15.528675116793512", "building_uid": "2859", "part": "head" }, "geometry": { "type": "Polygon", "coordinates": [ [ [ -90.512633230886379, 14.646565960312691 ], [ -90.512641139450139, 14.646592938622696 ], [ -90.512617087599565, 14.646589200052551 ], [ -90.512633230886379, 14.646565960312691 ] ] ] } },
{ "type": "Feature", "properties": { "kind": "L2", "value": "33.09048937176671", "building_uid": "2860", "part": "head" }, "geometry": { "type": "Polygon", "coordinates": [ [ [ -90.512645770087133, 14.646480499945072 ], [ -90.512586823014487, 14.646497245590758 ], [ -90.512594704002353, 14.646447299525228 ], [ -90.512645770087133, 14.646480499945072 ] ] ] } },
{ "type": "Feature", "properties": { "kind": "L2", "value": "10.319724594948447", "building_uid": "2863", "part": "head" }, "geometry": { "type": "Polygon", "coordinates": [ [ [ -90.514715007930505, 14.645916728192226 ], [ -90.514720081990291, 14.645934706438368 ], [ -90.51470412404602, 14.645932068765982 ], [ -90.514715007930505, 14.645916728192226 ] ] ] } },
{ "type": "Feature", "properties": { "kind": "L2", "value": "8.389867973252864", "building_uid": "2864", "part": "head" }, "geometry": { "type": "Polygon", "coordinates": [ [ [ -90.514610885368299, 14.645919828940041 ], [ -90.514615167925143, 14.645934402163579 ], [ -90.514602171814403, 14.645932390481832 ], [ -90.514610885368299, 14.645919828940041 ] ] ] } },
{ "type": "Feature", "properties": { "kind": "L2", "value": "14.373265849348268", "building_uid": "2865", "part": "head" }, "geometry": { "type": "Polygon", "coordinates": [ [ [ -90.514505706505489, 14.645879274954794 ], [ -90.514480106752615, 14.645886563994619 ], [ -90.514483516229078, 14.645864867220705 ], [ -90.514505706505489, 14.645879274954794 ] ] ] } },
{ "type": "Feature", "properties": { "kind": "L2", "value": "8.338821582815008", "building_uid": "2867", "part": "head" }, "geometry": { "type": "Polygon", "coordinates": [ [ [ -90.515078872905463, 14.645729438380387 ], [ -90.515093687474021, 14.645725086883369 ], [ -90.51509181931614, 14.645737690435373 ], [ -90.515078872905463, 14.645729438380387 ] ] ] } },
{ "type": "Feature", "properties": { "kind": "L2", "value": "17.358417566260144", "building_uid": "2869", "part": "head" }, "geometry": { "type": "Polygon", "coordinates": [ [ [ -90.514940759841735, 14.645748667721577 ], [ -90.51493103460281, 14.645718769801103 ], [ -90.514958032477765, 14.645722196336987 ], [ -90.514940759841735, 14.645748667721577 ] ] ] } },
{ "type": "Feature", "properties": { "kind": "L2", "value": "8.937864563821954", "building_uid": "2871", "part": "head" }, "geometry": { "type": "Polygon", "coordinates": [ [ [ -90.515168278241831, 14.645359544159977 ], [ -90.515173163384176, 14.645374975858635 ], [ -90.515159276598723, 14.645373106954004 ], [ -90.515168278241831, 14.645359544159977 ] ] ] } },
{ "type": "Feature", "properties": { "kind": "L2", "value": "7.325766756610194", "building_uid": "2872", "part": "head" }, "geometry": { "type": "Polygon", "coordinates": [ [ [ -90.513837079124755, 14.644764697387545 ], [ -90.513824201918666, 14.644768938786598 ], [ -90.513825464667875, 14.64475781946274 ], [ -90.513837079124755, 14.644764697387545 ] ] ] } },
{ "type": "Feature", "properties": { "kind": "L2", "value": "9.85064394270487", "building_uid": "2874", "part": "head" }, "geometry": { "type": "Polygon", "coordinates": [ [ [ -90.513894793533197, 14.644861944524747 ], [ -90.513912439659066, 14.644857300458435 ], [ -90.51390979021491, 14.644872120431765 ], [ -90.513894793533197, 14.644861944524747 ] ] ] } },
{ "type": "Feature", "properties": { "kind": "L2", "value": "7.912844578762358", "building_uid": "2875", "part": "head" }, "geometry": { "type": "Polygon", "coordinates": [ [ [ -90.5138722719105, 14.644797192326781 ], [ -90.513868092417837, 14.644783487562897 ], [ -90.513880368344672, 14.644785265871409 ], [ -90.5138722719105, 14.644797192326781 ] ] ] } },
{ "type": "Feature", "properties": { "kind": "L2", "value": "14.30445832412796", "building_uid": "2876", "part": "head" }, "geometry": { "type": "Polygon", "coordinates": [ [ [ -90.514275260290972, 14.644849536035911 ], [ -90.514300547486997, 14.644841677288165 ], [ -90.514297697882427, 14.644863344545769 ], [ -90.514275260290972, 14.644849536035911 ] ] ] } },
{ "type": "Feature", "properties": { "kind": "L2", "value": "11.45981101177743", "building_uid": "2877", "part": "head" }, "geometry": { "type": "Polygon", "coordinates": [ [ [ -90.514237958781294, 14.645054455296787 ], [ -90.514243910071499, 14.645074332412513 ], [ -90.514226144786079, 14.645071670721736 ], [ -90.514237958781294, 14.645054455296787 ] ] ] } },
{ "type": "Feature", "properties": { "kind": "L2", "value": "8.092664994137454", "building_uid": "2878", "part": "head" }, "geometry": { "type": "Polygon", "coordinates": [ [ [ -90.514207080601309, 14.644898524081457 ], [ -90.514192492204714, 14.644901993216967 ], [ -90.514194973830527, 14.64488987349981 ], [ -90.514207080601309, 14.644898524081457 ] ] ] } },
{ "type": "Feature", "properties": { "kind": "L2", "value": "13.461922031523109", "building_uid": "2879", "part": "head" }, "geometry": { "type": "Polygon", "coordinates": [ [ [ -90.514290739554824, 14.645063804488915 ], [ -90.514283143260201, 14.645040634611208 ], [ -90.51430408692022, 14.64504324561908 ], [ -90.514290739554824, 14.645063804488915 ] ] ] } },
{ "type": "Feature", "properties": { "kind": "L2", "value": "12.98236548213718", "building_uid": "2883", "part": "head" }, "geometry": { "type": "Polygon", "coordinates": [ [ [ -90.513766404738604, 14.645715788410778 ], [ -90.513789543485018, 14.645709259279243 ], [ -90.513786415206269, 14.645728849128572 ], [ -90.513766404738604, 14.645715788410778 ] ] ] } },
{ "type": "Feature", "properties": { "kind": "L2", "value": "9.646707502469871", "building_uid": "2884", "part": "head" }, "geometry": { "type": "Polygon", "coordinates": [ [ [ -90.51281248099032, 14.645649700558581 ], [ -90.512829581327537, 14.645644546284354 ], [ -90.512827528294267, 14.645659141396926 ], [ -90.51281248099032, 14.645649700558581 ] ] ] } },
{ "type": "Feature", "properties": { "kind": "L2", "value": "7.708143191496808", "building_uid": "2886", "part": "head" }, "geometry": { "type": "Polygon", "coordinates": [ [ [ -90.513267343489176, 14.645778317939898 ], [ -90.513263279086999, 14.645764965700776 ], [ -90.513275236581876, 14.645766703935092 ], [ -90.513267343489176, 14.645778317939898 ] ] ] } },
{ "type": "Feature", "properties": { "kind": "L2", "value": "9.997588005284006", "building_uid": "2887", "part": "head" }, "geometry": { "type": "Polygon", "coordinates": [ [ [ -90.513113988652137, 14.645673398480959 ], [ -90.513131692544931, 14.645667999071147 ], [ -90.513129616789016, 14.645683131897522 ], [ -90.513113988652137, 14.645673398480959 ] ] ] } },
{ "type": "Feature", "properties": { "kind": "L2", "value": "12.263271223142386", "building_uid": "2888", "part": "head" }, "geometry": { "type": "Polygon", "coordinates": [ [ [ -90.513114174634723, 14.645671517238753 ], [ -90.513092453494693, 14.645678124287825 ], [ -90.513095014083021, 14.645659563895849 ], [ -90.513114174634723, 14.645671517238753 ] ] ] } },
{ "type": "Feature", "properties": { "kind": "L2", "value": "11.05899244507138", "building_uid": "2890", "part": "head" }, "geometry": { "type": "Polygon", "coordinates": [ [ [ -90.51300711724987, 14.64566723943852 ], [ -90.512987513385028, 14.645673148235613 ], [ -90.51298986704596, 14.645656416394349 ], [ -90.51300711724987, 14.64566723943852 ] ] ] } },
{ "type": "Feature", "properties": { "kind": "L2", "value": "12.027331133717642", "building_uid": "2892", "part": "head" }, "geometry": { "type": "Polygon", "coordinates": [ [ [ -90.512598399247523, 14.645080580338435 ], [ -90.512591914684222, 14.645059787992766 ], [ -90.512610590568045, 14.64506237888194 ], [ -90.512598399247523, 14.645080580338435 ] ] ] } },
{ "type": "Feature", "properties": { "kind": "L2", "value": "12.008872365308738", "building_uid": "2893", "part": "head" }, "geometry": { "type": "Polygon", "coordinates": [ [ [ -90.512563326448486, 14.645071539181741 ], [ -90.512569309004064, 14.645092439087488 ], [ -90.512550727812766, 14.645089435361724 ], [ -90.512563326448486, 14.645071539181741 ] ] ] } },
{ "type": "Feature", "properties": { "kind": "L2", "value": "10.363038655097313", "building_uid": "2894", "part": "head" }, "geometry": { "type": "Polygon", "coordinates": [ [ [ -90.512315359586594, 14.645552648810023 ], [ -90.512333746611219, 14.645547165198995 ], [ -90.51233149307987, 14.645562837610813 ], [ -90.512315359586594, 14.645552648810023 ] ] ] } },
{ "type": "Feature", "properties": { "kind": "L2", "value": "9.729621320680856", "building_uid": "2895", "part": "head" }, "geometry": { "type": "Polygon", "coordinates": [ [ [ -90.512602261892326, 14.645298929283115 ], [ -90.512597337906058, 14.645282017166402 ], [ -90.512612403363292, 14.645284385921675 ], [ -90.512602261892326, 14.645298929283115 ] ] ] } },
{ "type": "Feature", "properties": { "kind": "L2", "value": "12.125818524652011", "building_uid": "2896", "part": "head" }, "geometry": { "type": "Polygon", "coordinates": [ [ [ -90.512628137094737, 14.645302843944489 ], [ -90.512634358336442, 14.645323897635713 ], [ -90.512615570866615, 14.645321016990605 ], [ -90.512628137094737, 14.645302843944489 ] ] ] } },
{ "type": "Feature", "properties": { "kind": "L2", "value": "7.0369153936590445", "building_uid": "755", "part": "head" }, "geometry": { "type": "Polygon", "coordinates": [ [ [ -90.51468781227787, 14.644001614091811 ], [ -90.514675387488793, 14.644005525316363 ], [ -90.514676748422389, 14.643994861329734 ], [ -90.51468781227787, 14.644001614091811 ] ] ] } },
{ "type": "Feature", "properties": { "kind": "L2", "value": "10.161029796483088", "building_uid": "2898", "part": "head" }, "geometry": { "type": "Polygon", "coordinates": [ [ [ -90.512120311016815, 14.645291359729638 ], [ -90.512114394348387, 14.645273929060519 ], [ -90.512130222403371, 14.645275742675771 ], [ -90.512120311016815, 14.645291359729638 ] ] ] } },
{ "type": "Feature", "properties": { "kind": "L2", "value": "14.350489875750402", "building_uid": "3049", "part": "head" }, "geometry": { "type": "Polygon", "coordinates": [ [ [ -90.514107617289284, 14.645600475915661 ], [ -90.514099451248839, 14.645575798023954 ], [ -90.514121784989683, 14.645578522793476 ], [ -90.514107617289284, 14.645600475915661 ] ] ] } },
{ "type": "Feature", "properties": { "kind": "L2", "value": "15.22902807291536", "building_uid": "3239", "part": "head" }, "geometry": { "type": "Polygon", "coordinates": [ [ [ -90.515208573341084, 14.643420770389605 ], [ -90.515216416601206, 14.643447203736615 ], [ -90.515192817162557, 14.643443611213824 ], [ -90.515208573341084, 14.643420770389605 ] ] ] } },
{ "type": "Feature", "properties": { "kind": "L2", "value": "13.345402537480009", "building_uid": "3240", "part": "head" }, "geometry": { "type": "Polygon", "coordinates": [ [ [ -90.514039858246605, 14.64326003506625 ], [ -90.514063634505263, 14.643253292269202 ], [ -90.514060446552676, 14.643273434119143 ], [ -90.514039858246605, 14.64326003506625 ] ] ] } },
{ "type": "Feature", "properties": { "kind": "L2", "value": "9.735754089822944", "building_uid": "3241", "part": "head" }, "geometry": { "type": "Polygon", "coordinates": [ [ [ -90.513914598799616, 14.64318392979394 ], [ -90.513897270166808, 14.64318890410572 ], [ -90.513899546391031, 14.643174202861704 ], [ -90.513914598799616, 14.64318392979394 ] ] ] } },
{ "type": "Feature", "properties": { "kind": "L2", "value": "8.61000429048804", "building_uid": "12787", "part": "head" }, "geometry": { "type": "Polygon", "coordinates": [ [ [ -90.514381714249311, 14.644615251124193 ], [ -90.514386156127031, 14.644630193561534 ], [ -90.514372812675347, 14.644628168838079 ], [ -90.514381714249311, 14.644615251124193 ] ] ] } },
{ "type": "Feature", "properties": { "kind": "L2", "value": "8.514586831428314", "building_uid": "12789", "part": "head" }, "geometry": { "type": "Polygon", "coordinates": [ [ [ -90.514343301841251, 14.644532770744158 ], [ -90.514338834456609, 14.644518015155345 ], [ -90.514352040000844, 14.644519954108151 ], [ -90.514343301841251, 14.644532770744158 ] ] ] } },
{ "type": "Feature", "properties": { "kind": "L2", "value": "4.033805393270154", "building_uid": "12843", "part": "head" }, "geometry": { "type": "Polygon", "coordinates": [ [ [ -90.512302417759059, 14.644069298546595 ], [ -90.512304661854259, 14.644076251183517 ], [ -90.51229838989245, 14.644075441340735 ], [ -90.512302417759059, 14.644069298546595 ] ] ] } },
{ "type": "Feature", "properties": { "kind": "L2", "value": "8.298922060185633", "building_uid": "12849", "part": "head" }, "geometry": { "type": "Polygon", "coordinates": [ [ [ -90.51249607523026, 14.644327879555016 ], [ -90.512510905468318, 14.644323839153383 ], [ -90.512508786920407, 14.644336343336629 ], [ -90.51249607523026, 14.644327879555016 ] ] ] } },
{ "type": "Feature", "properties": { "kind": "L2", "value": "11.971593694302976", "building_uid": "12850", "part": "head" }, "geometry": { "type": "Polygon", "coordinates": [ [ [ -90.512126844585055, 14.645510539272323 ], [ -90.512148177246146, 14.645504503323336 ], [ -90.51214530607929, 14.64552256998485 ], [ -90.512126844585055, 14.645510539272323 ] ] ] } },
{ "type": "Feature", "properties": { "kind": "L2", "value": "8.724348079672016", "building_uid": "12851", "part": "head" }, "geometry": { "type": "Polygon", "coordinates": [ [ [ -90.512080680833762, 14.645434864450031 ], [ -90.512085516402053, 14.64544990716624 ], [ -90.512071953374658, 14.645448140235867 ], [ -90.512080680833762, 14.645434864450031 ] ] ] } },
{ "type": "Feature", "properties": { "kind": "L2", "value": "7.092039563909219", "building_uid": "12852", "part": "head" }, "geometry": { "type": "Polygon", "coordinates": [ [ [ -90.512600265677989, 14.645447110490467 ], [ -90.512612823279994, 14.64544327692861 ], [ -90.512611353819395, 14.645454012167555 ], [ -90.512600265677989, 14.645447110490467 ] ] ] } },
{ "type": "Feature", "properties": { "kind": "L2", "value": "6.961818169632372", "building_uid": "756", "part": "head" }, "geometry": { "type": "Polygon", "coordinates": [ [ [ -90.514738802570236, 14.64381741490595 ], [ -90.514735276698474, 14.643805314518799 ], [ -90.514746056771116, 14.643807007204138 ], [ -90.514738802570236, 14.64381741490595 ] ] ] } },
{ "type": "Feature", "properties": { "kind": "L2", "value": "9.814860843897607", "building_uid": "12916", "part": "head" }, "geometry": { "type": "Polygon", "coordinates": [ [ [ -90.514992563882331, 14.645514073426599 ], [ -90.514998063355435, 14.645530978236444 ], [ -90.514982798061212, 14.645529041302035 ], [ -90.514992563882331, 14.645514073426599 ] ] ] } },
{ "type": "Feature", "properties": { "kind": "L2", "value": "8.610552590471583", "building_uid": "12918", "part": "head" }, "geometry": { "type": "Polygon", "coordinates": [ [ [ -90.513452324656981, 14.645007503509291 ], [ -90.513437064765952, 14.645012115652339 ], [ -90.513438886932974, 14.644999086822178 ], [ -90.513452324656981, 14.645007503509291 ] ] ] } },
{ "type": "Feature", "properties": { "kind": "L2", "value": "16.81791682138739", "building_uid": "12952", "part": "head" }, "geometry": { "type": "Polygon", "coordinates": [ [ [ -90.514981297442532, 14.646275417667789 ], [ -90.514951481587417, 14.646284393279613 ], [ -90.514955070087268, 14.646258949590711 ], [ -90.514981297442532, 14.646275417667789 ] ] ] } },
{ "type": "Feature", "properties": { "kind": "L2", "value": "20.292603172788738", "building_uid": "12953", "part": "head" }, "geometry": { "type": "Polygon", "coordinates": [ [ [ -90.514455029318427, 14.64608206110333 ], [ -90.514466369881106, 14.646117021621761 ], [ -90.514434811654212, 14.646112991402131 ], [ -90.514455029318427, 14.64608206110333 ] ] ] } },
{ "type": "Feature", "properties": { "kind": "L2", "value": "5.774567022951831", "building_uid": "12995", "part": "head" }, "geometry": { "type": "Polygon", "coordinates": [ [ [ -90.512806712480355, 14.645158587031235 ], [ -90.512816952670804, 14.645155513843234 ], [ -90.512815712748178, 14.645164249081041 ], [ -90.512806712480355, 14.645158587031235 ] ] ] } },
{ "type": "Feature", "properties": { "kind": "L2", "value": "3.3723771334671477", "building_uid": "12998", "part": "head" }, "geometry": { "type": "Polygon", "coordinates": [ [ [ -90.512750855067367, 14.645555677685882 ], [ -90.5127568310008, 14.64555386908415 ], [ -90.512756119343152, 14.645558972170507 ], [ -90.512750855067367, 14.645555677685882 ] ] ] } },
{ "type": "Feature", "properties": { "kind": "L2", "value": "22.375576887602403", "building_uid": "48", "part": "head" }, "geometry": { "type": "Polygon", "coordinates": [ [ [ -90.513902526346598, 14.644036659832919 ], [ -90.513915075534854, 14.644075195169371 ], [ -90.513880273160225, 14.644070789495567 ], [ -90.513902526346598, 14.644036659832919 ] ] ] } },
{ "type": "Feature", "properties": { "kind": "L2", "value": "9.939280993841562", "building_uid": "180", "part": "head" }, "geometry": { "type": "Polygon", "coordinates": [ [ [ -90.514662567099705, 14.644738978689617 ], [ -90.514657266349005, 14.644721778995974 ], [ -90.514672692623265, 14.644723969464435 ], [ -90.514662567099705, 14.644738978689617 ] ] ] } },
{ "type": "Feature", "properties": { "kind": "L2", "value": "9.846855188049014", "building_uid": "181", "part": "head" }, "geometry": { "type": "Polygon", "coordinates": [ [ [ -90.514670196828803, 14.644647834318574 ], [ -90.514664682238376, 14.644630873546458 ], [ -90.51467999690891, 14.644632819178756 ], [ -90.514670196828803, 14.644647834318574 ] ] ] } },
{ "type": "Feature", "properties": { "kind": "L2", "value": "8.459444009421508", "building_uid": "189", "part": "head" }, "geometry": { "type": "Polygon", "coordinates": [ [ [ -90.51310541117013, 14.643635890903804 ], [ -90.513090433719753, 14.643640467473311 ], [ -90.513092183007728, 14.643627661932983 ], [ -90.51310541117013, 14.643635890903804 ] ] ] } },
{ "type": "Feature", "properties": { "kind": "L2", "value": "24.525502103377587", "building_uid": "190", "part": "head" }, "geometry": { "type": "Polygon", "coordinates": [ [ [ -90.513165146802223, 14.644233722784881 ], [ -90.513121642394793, 14.64424673440098 ], [ -90.513126945147491, 14.644209639395168 ], [ -90.513165146802223, 14.644233722784881 ] ] ] } },
{ "type": "Feature", "properties": { "kind": "L2", "value": "10.476120862421226", "building_uid": "197", "part": "head" }, "geometry": { "type": "Polygon", "coordinates": [ [ [ -90.512784794781595, 14.643558088278098 ], [ -90.51277887785902, 14.643540059116125 ], [ -90.512795176788742, 14.643542086295534 ], [ -90.512784794781595, 14.643558088278098 ] ] ] } },
{ "type": "Feature", "properties": { "kind": "L2", "value": "11.459630333711774", "building_uid": "309", "part": "head" }, "geometry": { "type": "Polygon", "coordinates": [ [ [ -90.512991429663401, 14.64386809537968 ], [ -90.513011737534313, 14.643861953610207 ], [ -90.513009315658763, 14.643879293867371 ], [ -90.512991429663401, 14.64386809537968 ] ] ] } },
{ "type": "Feature", "properties": { "kind": "L2", "value": "10.123246849519925", "building_uid": "765", "part": "head" }, "geometry": { "type": "Polygon", "coordinates": [ [ [ -90.514572383259335, 14.645309772384644 ], [ -90.514577917539185, 14.645327250326316 ], [ -90.51456218888066, 14.64532513462591 ], [ -90.514572383259335, 14.645309772384644 ] ] ] } },
{ "type": "Feature", "properties": { "kind": "L2", "value": "13.92801837008723", "building_uid": "770", "part": "head" }, "geometry": { "type": "Polygon", "coordinates": [ [ [ -90.513899002496274, 14.64564461924062 ], [ -90.513923830054793, 14.645637625816732 ], [ -90.51392046381828, 14.645658641089279 ], [ -90.513899002496274, 14.64564461924062 ] ] ] } },
{ "type": "Feature", "properties": { "kind": "L2", "value": "14.288631489897755", "building_uid": "913", "part": "head" }, "geometry": { "type": "Polygon", "coordinates": [ [ [ -90.51445083821406, 14.646362695199572 ], [ -90.514458629240949, 14.646387370871603 ], [ -90.51443643113376, 14.646384367175806 ], [ -90.51445083821406, 14.646362695199572 ] ] ] } },
{ "type": "Feature", "properties": { "kind": "L2", "value": "13.268126091308915", "building_uid": "920", "part": "head" }, "geometry": { "type": "Polygon", "coordinates": [ [ [ -90.513733892653676, 14.646184783900592 ], [ -90.513727004999879, 14.646161769478034 ], [ -90.513747573305594, 14.646164853508921 ], [ -90.513733892653676, 14.646184783900592 ] ] ] } },
{ "type": "Feature", "properties": { "kind": "L2", "value": "7.075545557132896", "building_uid": "1296", "part": "head" }, "geometry": { "type": "Polygon", "coordinates": [ [ [ -90.513770891617312, 14.644486473366014 ], [ -90.513783383775447, 14.644482538090692 ], [ -90.513782017707271, 14.644493260894244 ], [ -90.513770891617312, 14.644486473366014 ] ] ] } },
{ "type": "Feature", "properties": { "kind": "L2", "value": "7.941424432256354", "building_uid": "1298", "part": "head" }, "geometry": { "type": "Polygon", "coordinates": [ [ [ -90.513682037416771, 14.644321568260196 ], [ -90.513696038402713, 14.644317091948409 ], [ -90.513694559048872, 14.644329133359715 ], [ -90.513682037416771, 14.644321568260196 ] ] ] } },
{ "type": "Feature", "properties": { "kind": "L2", "value": "23.848123384878946", "building_uid": "1301", "part": "head" }, "geometry": { "type": "Polygon", "coordinates": [ [ [ -90.515162077023376, 14.644475162041065 ], [ -90.515119767711951, 14.644487794123167 ], [ -90.51512494216837, 14.644451726070763 ], [ -90.515162077023376, 14.644475162041065 ] ] ] } },
{ "type": "Feature", "properties": { "kind": "L2", "value": "4.498770405660376", "building_uid": "1306", "part": "head" }, "geometry": { "type": "Polygon", "coordinates": [ [ [ -90.514768147424107, 14.643871690161124 ], [ -90.514770699140414, 14.64387942908431 ], [ -90.514763698647059, 14.643878567806702 ], [ -90.514768147424107, 14.643871690161124 ] ] ] } },
{ "type": "Feature", "properties": { "kind": "L2", "value": "15.31388535913285", "building_uid": "1407", "part": "head" }, "geometry": { "type": "Polygon", "coordinates": [ [ [ -90.512393028562656, 14.646149947964018 ], [ -90.512365726461965, 14.646157623379999 ], [ -90.512369440026944, 14.646134518952827 ], [ -90.512393028562656, 14.646149947964018 ] ] ] } },
{ "type": "Feature", "properties": { "kind": "L2", "value": "15.937027026632096", "building_uid": "1427", "part": "head" }, "geometry": { "type": "Polygon", "coordinates": [ [ [ -90.513204412102979, 14.645082986566329 ], [ -90.513196441197707, 14.645055258742945 ], [ -90.513221104888189, 14.645059218509045 ], [ -90.513204412102979, 14.645082986566329 ] ] ] } },
{ "type": "Feature", "properties": { "kind": "L2", "value": "11.48178208039956", "building_uid": "1547", "part": "head" }, "geometry": { "type": "Polygon", "coordinates": [ [ [ -90.514465944285732, 14.645612938493796 ], [ -90.514459692000273, 14.645593107624354 ], [ -90.51447752845587, 14.645595528314045 ], [ -90.514465944285732, 14.645612938493796 ] ] ] } },
{ "type": "Feature", "properties": { "kind": "L2", "value": "8.905088161348525", "building_uid": "1548", "part": "head" }, "geometry": { "type": "Polygon", "coordinates": [ [ [ -90.514546791751755, 14.645620364481676 ], [ -90.514551490759899, 14.645635789111157 ], [ -90.514537676011358, 14.645633783902889 ], [ -90.514546791751755, 14.645620364481676 ] ] ] } },
{ "type": "Feature", "properties": { "kind": "L2", "value": "14.742708203647183", "building_uid": "1550", "part": "head" }, "geometry": { "type": "Polygon", "coordinates": [ [ [ -90.514178996067699, 14.645677800850553 ], [ -90.514153235016877, 14.645686766742381 ], [ -90.514155382757465, 14.645664350657626 ], [ -90.514178996067699, 14.645677800850553 ] ] ] } },
{ "type": "Feature", "properties": { "kind": "L2", "value": "10.391424110682905", "building_uid": "1555", "part": "head" }, "geometry": { "type": "Polygon", "coordinates": [ [ [ -90.512953921468764, 14.64513777473468 ], [ -90.512959494836863, 14.645155747604019 ], [ -90.512943362814823, 14.645153484265814 ], [ -90.512953921468764, 14.64513777473468 ] ] ] } },
{ "type": "Feature", "properties": { "kind": "L2", "value": "11.250706709921849", "building_uid": "2589", "part": "head" }, "geometry": { "type": "Polygon", "coordinates": [ [ [ -90.514741766189815, 14.644571989348368 ], [ -90.514735402997104, 14.644552629839229 ], [ -90.514752908127477, 14.644554799412459 ], [ -90.514741766189815, 14.644571989348368 ] ] ] } },
{ "type": "Feature", "properties": { "kind": "L2", "value": "7.834578607855493", "building_uid": "2590", "part": "head" }, "geometry": { "type": "Polygon", "coordinates": [ [ [ -90.514758280245047, 14.644443520828908 ], [ -90.514753961315435, 14.64443000511813 ], [ -90.514766138285793, 14.644431611892628 ], [ -90.514758280245047, 14.644443520828908 ] ] ] } },
{ "type": "Feature", "properties": { "kind": "L2", "value": "9.868928047361814", "building_uid": "2591", "part": "head" }, "geometry": { "type": "Polygon", "coordinates": [ [ [ -90.514782633475221, 14.644256955466398 ], [ -90.514788978120279, 14.644273681404608 ], [ -90.514773551733867, 14.644272438747683 ], [ -90.514782633475221, 14.644256955466398 ] ] ] } },
{ "type": "Feature", "properties": { "kind": "L2", "value": "8.485633683584473", "building_uid": "2600", "part": "head" }, "geometry": { "type": "Polygon", "coordinates": [ [ [ -90.512371644861688, 14.644181913580063 ], [ -90.512386648355871, 14.644177260171183 ], [ -90.512384950231692, 14.644190112556146 ], [ -90.512371644861688, 14.644181913580063 ] ] ] } },
{ "type": "Feature", "properties": { "kind": "L2", "value": "8.312032153385537", "building_uid": "2602", "part": "head" }, "geometry": { "type": "Polygon", "coordinates": [ [ [ -90.512760641221661, 14.644233302306905 ], [ -90.512765251063044, 14.644247633245405 ], [ -90.51275232876182, 14.644245952235941 ], [ -90.512760641221661, 14.644233302306905 ] ] ] } },
{ "type": "Feature", "properties": { "kind": "L2", "value": "14.932423458926397", "building_uid": "2604", "part": "head" }, "geometry": { "type": "Polygon", "coordinates": [ [ [ -90.512692017098175, 14.643874951165417 ], [ -90.512699745133261, 14.643900859057943 ], [ -90.51267660023872, 14.643897368282808 ], [ -90.512692017098175, 14.643874951165417 ] ] ] } },
{ "type": "Feature", "properties": { "kind": "L2", "value": "12.431228423021807", "building_uid": "2605", "part": "head" }, "geometry": { "type": "Polygon", "coordinates": [ [ [ -90.512807849340263, 14.643651298067258 ], [ -90.512829898848125, 14.643644698175889 ], [ -90.512827215283679, 14.643663501071888 ], [ -90.512807849340263, 14.643651298067258 ] ] ] } },
{ "type": "Feature", "properties": { "kind": "L2", "value": "49.99563448880904", "building_uid": "2606", "part": "head" }, "geometry": { "type": "Polygon", "coordinates": [ [ [ -90.512933354185208, 14.64395054695458 ], [ -90.512844701168063, 14.643977170331635 ], [ -90.512855421840001, 14.643901539555195 ], [ -90.512933354185208, 14.64395054695458 ] ] ] } },
{ "type": "Feature", "properties": { "kind": "L2", "value": "10.501448003185121", "building_uid": "2607", "part": "head" }, "geometry": { "type": "Polygon", "coordinates": [ [ [ -90.512455784462205, 14.643644602754449 ], [ -90.51247448204721, 14.643639257339428 ], [ -90.512472008809269, 14.643655112134105 ], [ -90.512455784462205, 14.643644602754449 ] ] ] } },
{ "type": "Feature", "properties": { "kind": "L2", "value": "8.222356677275812", "building_uid": "2692", "part": "head" }, "geometry": { "type": "Polygon", "coordinates": [ [ [ -90.514578710919764, 14.648384737153913 ], [ -90.514564241225997, 14.64838945071534 ], [ -90.51456570127047, 14.648376975180023 ], [ -90.514578710919764, 14.648384737153913 ] ] ] } },
{ "type": "Feature", "properties": { "kind": "L2", "value": "15.089173469864537", "building_uid": "2709", "part": "head" }, "geometry": { "type": "Polygon", "coordinates": [ [ [ -90.514268773725277, 14.647288626296488 ], [ -90.514295555821462, 14.647280671439317 ], [ -90.514292247909907, 14.647303487748713 ], [ -90.514268773725277, 14.647288626296488 ] ] ] } },
{ "type": "Feature", "properties": { "kind": "L2", "value": "16.414126973297968", "building_uid": "2710", "part": "head" }, "geometry": { "type": "Polygon", "coordinates": [ [ [ -90.514362107001261, 14.647395906343371 ], [ -90.514371077133347, 14.647424246596257 ], [ -90.514345574400977, 14.647420813243405 ], [ -90.514362107001261, 14.647395906343371 ] ] ] } },
{ "type": "Feature", "properties": { "kind": "L2", "value": "12.794115739664681", "building_uid": "2713", "part": "head" }, "geometry": { "type": "Polygon", "coordinates": [ [ [ -90.514158649250106, 14.648147414375151 ], [ -90.514165725293452, 14.6481694789719 ], [ -90.514145836863406, 14.648166874686964 ], [ -90.514158649250106, 14.648147414375151 ] ] ] } },
{ "type": "Feature", "properties": { "kind": "L2", "value": "16.959743381466673", "building_uid": "2714", "part": "head" }, "geometry": { "type": "Polygon", "coordinates": [ [ [ -90.514191617202144, 14.648283797354718 ], [ -90.514221733154756, 14.648274899896007 ], [ -90.514217976031816, 14.648300539282063 ], [ -90.514191617202144, 14.648283797354718 ] ] ] } },
{ "type": "Feature", "properties": { "kind": "L2", "value": "7.2538141034228465", "building_uid": "2715", "part": "head" }, "geometry": { "type": "Polygon", "coordinates": [ [ [ -90.514089874930733, 14.648316193262891 ], [ -90.514085877732867, 14.648303678961229 ], [ -90.5140971520416, 14.648305168031834 ], [ -90.514089874930733, 14.648316193262891 ] ] ] } },
{ "type": "Feature", "properties": { "kind": "L2", "value": "7.175484256036659", "building_uid": "2716", "part": "head" }, "geometry": { "type": "Polygon", "coordinates": [ [ [ -90.514175985715298, 14.648154374066822 ], [ -90.514172129809765, 14.648141965592981 ], [ -90.514183270372769, 14.64814352223717 ], [ -90.514175985715298, 14.648154374066822 ] ] ] } },
{ "type": "Feature", "properties": { "kind": "L2", "value": "12.093239751893604", "building_uid": "2717", "part": "head" }, "geometry": { "type": "Polygon", "coordinates": [ [ [ -90.514230961911309, 14.648101069975437 ], [ -90.514224281445351, 14.648080211688212 ], [ -90.514243079420098, 14.648082680091592 ], [ -90.514230961911309, 14.648101069975437 ] ] ] } },
{ "type": "Feature", "properties": { "kind": "L2", "value": "13.882524270505527", "building_uid": "2718", "part": "head" }, "geometry": { "type": "Polygon", "coordinates": [ [ [ -90.514348561508882, 14.647855182268685 ], [ -90.514355897229052, 14.647879225441777 ], [ -90.514334359288966, 14.647876108064567 ], [ -90.514348561508882, 14.647855182268685 ] ] ] } },
{ "type": "Feature", "properties": { "kind": "L2", "value": "9.058628984325487", "building_uid": "2721", "part": "head" }, "geometry": { "type": "Polygon", "coordinates": [ [ [ -90.514506744426029, 14.648353648395783 ], [ -90.514490708051085, 14.648358556233962 ], [ -90.514492574873856, 14.648344842836115 ], [ -90.514506744426029, 14.648353648395783 ] ] ] } },
{ "type": "Feature", "properties": { "kind": "L2", "value": "18.823284251886808", "building_uid": "2722", "part": "head" }, "geometry": { "type": "Polygon", "coordinates": [ [ [ -90.514538735383155, 14.648116186929396 ], [ -90.514505388866823, 14.648126310699045 ], [ -90.514509335113999, 14.648097823820747 ], [ -90.514538735383155, 14.648116186929396 ] ] ] } },
{ "type": "Feature", "properties": { "kind": "L2", "value": "8.641143155320252", "building_uid": "2723", "part": "head" }, "geometry": { "type": "Polygon", "coordinates": [ [ [ -90.514291061802282, 14.647613056981317 ], [ -90.514295776043909, 14.6476279789911 ], [ -90.514282351210369, 14.64762616465406 ], [ -90.514291061802282, 14.647613056981317 ] ] ] } },
{ "type": "Feature", "properties": { "kind": "L2", "value": "10.58600772888499", "building_uid": "2724", "part": "head" }, "geometry": { "type": "Polygon", "coordinates": [ [ [ -90.51423105340794, 14.647681462969826 ], [ -90.514237008356261, 14.647699688755987 ], [ -90.514220540864272, 14.647697619615149 ], [ -90.51423105340794, 14.647681462969826 ] ] ] } },
{ "type": "Feature", "properties": { "kind": "L2", "value": "6.4245188322641456", "building_uid": "2725", "part": "head" }, "geometry": { "type": "Polygon", "coordinates": [ [ [ -90.51419788806524, 14.64756218156611 ], [ -90.514186527129695, 14.647565700040879 ], [ -90.514187817011972, 14.647555969948383 ], [ -90.51419788806524, 14.64756218156611 ] ] ] } },
{ "type": "Feature", "properties": { "kind": "L2", "value": "16.198154796491252", "building_uid": "2727", "part": "head" }, "geometry": { "type": "Polygon", "coordinates": [ [ [ -90.514422079332647, 14.647838586709211 ], [ -90.514413796153931, 14.647810454621489 ], [ -90.514438889751105, 14.647814325970931 ], [ -90.514422079332647, 14.647838586709211 ] ] ] } },
{ "type": "Feature", "properties": { "kind": "L2", "value": "7.0787803977263515", "building_uid": "2732", "part": "head" }, "geometry": { "type": "Polygon", "coordinates": [ [ [ -90.514322563770165, 14.646821618003846 ], [ -90.514326456451272, 14.646833832771582 ], [ -90.514315455220839, 14.646832372766918 ], [ -90.514322563770165, 14.646821618003846 ] ] ] } },
{ "type": "Feature", "properties": { "kind": "L2", "value": "8.694548404569723", "building_uid": "2733", "part": "head" }, "geometry": { "type": "Polygon", "coordinates": [ [ [ -90.514322177656993, 14.646824491301608 ], [ -90.514317546903513, 14.64680944378258 ], [ -90.514331040621926, 14.646811365207025 ], [ -90.514322177656993, 14.646824491301608 ] ] ] } },
{ "type": "Feature", "properties": { "kind": "L2", "value": "9.349091035116285", "building_uid": "2735", "part": "head" }, "geometry": { "type": "Polygon", "coordinates": [ [ [ -90.514334957702019, 14.646743593400462 ], [ -90.51432993915968, 14.646727424552337 ], [ -90.514344453670503, 14.646729457305032 ], [ -90.514334957702019, 14.646743593400462 ] ] ] } },
{ "type": "Feature", "properties": { "kind": "L2", "value": "6.426646819607157", "building_uid": "2737", "part": "head" }, "geometry": { "type": "Polygon", "coordinates": [ [ [ -90.51447473648426, 14.646676401809515 ], [ -90.514478186093882, 14.646687516470974 ], [ -90.514468208715968, 14.646686118985526 ], [ -90.51447473648426, 14.646676401809515 ] ] ] } },
{ "type": "Feature", "properties": { "kind": "L2", "value": "16.46004034112245", "building_uid": "2739", "part": "head" }, "geometry": { "type": "Polygon", "coordinates": [ [ [ -90.514432381998972, 14.64667401145233 ], [ -90.514423039127848, 14.646645698452206 ], [ -90.514448653484891, 14.646648844046039 ], [ -90.514432381998972, 14.64667401145233 ] ] ] } },
{ "type": "Feature", "properties": { "kind": "L2", "value": "13.908419380384544", "building_uid": "2743", "part": "head" }, "geometry": { "type": "Polygon", "coordinates": [ [ [ -90.513590010499257, 14.646431265905223 ], [ -90.513583018548076, 14.646407077253926 ], [ -90.513604548025214, 14.646410502951806 ], [ -90.513590010499257, 14.646431265905223 ] ] ] } },
{ "type": "Feature", "properties": { "kind": "L2", "value": "8.47667965563736", "building_uid": "2754", "part": "head" }, "geometry": { "type": "Polygon", "coordinates": [ [ [ -90.513903876245621, 14.647640986809819 ], [ -90.513888846518881, 14.647645505532742 ], [ -90.513890659928506, 14.647632681873633 ], [ -90.513903876245621, 14.647640986809819 ] ] ] } },
{ "type": "Feature", "properties": { "kind": "L2", "value": "12.116648712036152", "building_uid": "2756", "part": "head" }, "geometry": { "type": "Polygon", "coordinates": [ [ [ -90.513870783100288, 14.647790799753121 ], [ -90.513864194468084, 14.647769869565389 ], [ -90.513883016187521, 14.647772432137062 ], [ -90.513870783100288, 14.647790799753121 ] ] ] } },
{ "type": "Feature", "properties": { "kind": "L2", "value": "9.401792688368126", "building_uid": "2760", "part": "head" }, "geometry": { "type": "Polygon", "coordinates": [ [ [ -90.513799211302626, 14.64764042578717 ], [ -90.513782496529998, 14.647645294309026 ], [ -90.513784636632195, 14.647631088951487 ], [ -90.513799211302626, 14.64764042578717 ] ] ] } },
{ "type": "Feature", "properties": { "kind": "L2", "value": "16.02062794723613", "building_uid": "2784", "part": "head" }, "geometry": { "type": "Polygon", "coordinates": [ [ [ -90.513657100942282, 14.648227602263917 ], [ -90.513628268968546, 14.648234659836259 ], [ -90.513633015094641, 14.648210635294564 ], [ -90.513657100942282, 14.648227602263917 ] ] ] } },
{ "type": "Feature", "properties": { "kind": "L2", "value": "24.58719177411993", "building_uid": "2802", "part": "head" }, "geometry": { "type": "Polygon", "coordinates": [ [ [ -90.512627322957798, 14.648032436861309 ], [ -90.512670914562207, 14.648019319961202 ], [ -90.512665663684828, 14.648056517043589 ], [ -90.512627322957798, 14.648032436861309 ] ] ] } },
{ "type": "Feature", "properties": { "kind": "L2", "value": "10.601460768672368", "building_uid": "2817", "part": "head" }, "geometry": { "type": "Polygon", "coordinates": [ [ [ -90.512745243706732, 14.647729661806057 ], [ -90.512750928889702, 14.647747998210972 ], [ -90.512734470721597, 14.647745688357634 ], [ -90.512745243706732, 14.647729661806057 ] ] ] } },
{ "type": "Feature", "properties": { "kind": "L2", "value": "8.699467558099927", "building_uid": "2823", "part": "head" }, "geometry": { "type": "Polygon", "coordinates": [ [ [ -90.511986474380862, 14.647978457830671 ], [ -90.512001877762813, 14.647973753518773 ], [ -90.51200007690926, 14.647986922135734 ], [ -90.511986474380862, 14.647978457830671 ] ] ] } },
{ "type": "Feature", "properties": { "kind": "L2", "value": "6.877310153668914", "building_uid": "2852", "part": "head" }, "geometry": { "type": "Polygon", "coordinates": [ [ [ -90.512204567591098, 14.64711003887445 ], [ -90.512200107417328, 14.647098397186326 ], [ -90.512210860468969, 14.647099229233069 ], [ -90.512204567591098, 14.64711003887445 ] ] ] } },
{ "type": "Feature", "properties": { "kind": "L2", "value": "14.731700082376195", "building_uid": "2857", "part": "head" }, "geometry": { "type": "Polygon", "coordinates": [ [ [ -90.512260815219378, 14.646088950752677 ], [ -90.512234566890172, 14.64609638751657 ], [ -90.512238091810076, 14.646074154265712 ], [ -90.512260815219378, 14.646088950752677 ] ] ] } },
{ "type": "Feature", "properties": { "kind": "L2", "value": "7.932191231839777", "building_uid": "2862", "part": "head" }, "geometry": { "type": "Polygon", "coordinates": [ [ [ -90.51478897602162, 14.645813874874309 ], [ -90.514774861445176, 14.645817941134267 ], [ -90.514776703983017, 14.645805961551783 ], [ -90.51478897602162, 14.645813874874309 ] ] ] } },
{ "type": "Feature", "properties": { "kind": "L2", "value": "4.463717832139492", "building_uid": "2866", "part": "head" }, "geometry": { "type": "Polygon", "coordinates": [ [ [ -90.514452305021436, 14.645734341105429 ], [ -90.514449976286159, 14.645726601783961 ], [ -90.514456897493275, 14.645727629525807 ], [ -90.514452305021436, 14.645734341105429 ] ] ] } },
{ "type": "Feature", "properties": { "kind": "L2", "value": "5.310570363360507", "building_uid": "2873", "part": "head" }, "geometry": { "type": "Polygon", "coordinates": [ [ [ -90.514022692232615, 14.644937501724907 ], [ -90.514013178988122, 14.644940005181727 ], [ -90.514014607506297, 14.644932015631113 ], [ -90.514022692232615, 14.644937501724907 ] ] ] } },
{ "type": "Feature", "properties": { "kind": "L2", "value": "12.407723789128532", "building_uid": "2880", "part": "head" }, "geometry": { "type": "Polygon", "coordinates": [ [ [ -90.514046772757794, 14.645213030853164 ], [ -90.514024602290831, 14.645219079821411 ], [ -90.514027762496269, 14.64520038362642 ], [ -90.514046772757794, 14.645213030853164 ] ] ] } },
{ "type": "Feature", "properties": { "kind": "L2", "value": "6.251383894606307", "building_uid": "2881", "part": "head" }, "geometry": { "type": "Polygon", "coordinates": [ [ [ -90.514074256088662, 14.644948115575138 ], [ -90.51408552530259, 14.644945435898673 ], [ -90.514083608181082, 14.644954798055602 ], [ -90.514074256088662, 14.644948115575138 ] ] ] } },
{ "type": "Feature", "properties": { "kind": "L2", "value": "13.285826681891074", "building_uid": "2882", "part": "head" }, "geometry": { "type": "Polygon", "coordinates": [ [ [ -90.513678630519479, 14.645079744682789 ], [ -90.513655137500706, 14.645087023855826 ], [ -90.513657802209991, 14.645066901805144 ], [ -90.513678630519479, 14.645079744682789 ] ] ] } },
{ "type": "Feature", "properties": { "kind": "L2", "value": "17.166329470977658", "building_uid": "2891", "part": "head" }, "geometry": { "type": "Polygon", "coordinates": [ [ [ -90.512303818410913, 14.645448866636098 ], [ -90.512294065305525, 14.645419341730548 ], [ -90.512320779611755, 14.645422614227209 ], [ -90.512303818410913, 14.645448866636098 ] ] ] } },
{ "type": "Feature", "properties": { "kind": "L2", "value": "7.046253878670977", "building_uid": "2897", "part": "head" }, "geometry": { "type": "Polygon", "coordinates": [ [ [ -90.51252848598871, 14.645212182796911 ], [ -90.512515916452841, 14.645215689736833 ], [ -90.512517647167883, 14.645205062260796 ], [ -90.51252848598871, 14.645212182796911 ] ] ] } },
{ "type": "Feature", "properties": { "kind": "L2", "value": "6.260526455050107", "building_uid": "12745", "part": "head" }, "geometry": { "type": "Polygon", "coordinates": [ [ [ -90.514143968869575, 14.646277973448928 ], [ -90.514140562963007, 14.646267159565788 ], [ -90.514150288057635, 14.646268482199241 ], [ -90.514143968869575, 14.646277973448928 ] ] ] } },
{ "type": "Feature", "properties": { "kind": "L2", "value": "10.665907249692655", "building_uid": "12746", "part": "head" }, "geometry": { "type": "Polygon", "coordinates": [ [ [ -90.514403937393055, 14.646346626276417 ], [ -90.514397976851939, 14.6463282507912 ], [ -90.514414564035789, 14.646330369206462 ], [ -90.514403937393055, 14.646346626276417 ] ] ] } },
{ "type": "Feature", "properties": { "kind": "L2", "value": "24.942115470271386", "building_uid": "12782", "part": "head" }, "geometry": { "type": "Polygon", "coordinates": [ [ [ -90.513357538744614, 14.644543722138923 ], [ -90.513343995633775, 14.644500631584387 ], [ -90.513382737168939, 14.644505923153091 ], [ -90.513357538744614, 14.644543722138923 ] ] ] } },
{ "type": "Feature", "properties": { "kind": "L2", "value": "16.585065747904324", "building_uid": "12783", "part": "head" }, "geometry": { "type": "Polygon", "coordinates": [ [ [ -90.51323866172703, 14.643656067156577 ], [ -90.513209185378273, 14.643664683014384 ], [ -90.513212935741976, 14.643639620781356 ], [ -90.51323866172703, 14.643656067156577 ] ] ] } },
{ "type": "Feature", "properties": { "kind": "L2", "value": "20.165990377856943", "building_uid": "12784", "part": "head" }, "geometry": { "type": "Polygon", "coordinates": [ [ [ -90.513480032931454, 14.643517687743905 ], [ -90.513515816004741, 14.643507026679856 ], [ -90.51351142196566, 14.643537523291652 ], [ -90.513480032931454, 14.643517687743905 ] ] ] } },
{ "type": "Feature", "properties": { "kind": "L2", "value": "40.776893473858784", "building_uid": "12785", "part": "head" }, "geometry": { "type": "Polygon", "coordinates": [ [ [ -90.513443007904428, 14.643940723311774 ], [ -90.513371600055734, 14.643965093324532 ], [ -90.513377933486751, 14.643903129534891 ], [ -90.513443007904428, 14.643940723311774 ] ] ] } },
{ "type": "Feature", "properties": { "kind": "L2", "value": "28.193037098685174", "building_uid": "12786", "part": "head" }, "geometry": { "type": "Polygon", "coordinates": [ [ [ -90.51335248407176, 14.643976801299916 ], [ -90.513402510671384, 14.643961896679052 ], [ -90.513396367521594, 14.644004532415485 ], [ -90.51335248407176, 14.643976801299916 ] ] ] } },
{ "type": "Feature", "properties": { "kind": "L2", "value": "9.027632201757251", "building_uid": "12788", "part": "head" }, "geometry": { "type": "Polygon", "coordinates": [ [ [ -90.514369710312565, 14.644610475615693 ], [ -90.514365184456466, 14.644594771913871 ], [ -90.514379156869822, 14.644597005935559 ], [ -90.514369710312565, 14.644610475615693 ] ] ] } },
{ "type": "Feature", "properties": { "kind": "L2", "value": "16.33134077124673", "building_uid": "12846", "part": "head" }, "geometry": { "type": "Polygon", "coordinates": [ [ [ -90.512459766833985, 14.643995706502025 ], [ -90.512468901069923, 14.644023840122534 ], [ -90.512443502646335, 14.644020603080893 ], [ -90.512459766833985, 14.643995706502025 ] ] ] } },
{ "type": "Feature", "properties": { "kind": "L2", "value": "7.9924311420925775", "building_uid": "12847", "part": "head" }, "geometry": { "type": "Polygon", "coordinates": [ [ [ -90.5124175033923, 14.643917323746264 ], [ -90.512431671135715, 14.643913053333797 ], [ -90.512429970205744, 14.643925145588488 ], [ -90.5124175033923, 14.643917323746264 ] ] ] } },
{ "type": "Feature", "properties": { "kind": "L2", "value": "9.384913676030385", "building_uid": "12848", "part": "head" }, "geometry": { "type": "Polygon", "coordinates": [ [ [ -90.51236615353703, 14.64388611467025 ], [ -90.512371198633204, 14.643902343274979 ], [ -90.512356627786687, 14.643900309029672 ], [ -90.51236615353703, 14.64388611467025 ] ] ] } },
{ "type": "Feature", "properties": { "kind": "L2", "value": "6.877707323967278", "building_uid": "12856", "part": "head" }, "geometry": { "type": "Polygon", "coordinates": [ [ [ -90.51180865142085, 14.647560878935986 ], [ -90.51181234215133, 14.647572773961897 ], [ -90.51180166460469, 14.647571277543591 ], [ -90.51180865142085, 14.647560878935986 ] ] ] } },
{ "type": "Feature", "properties": { "kind": "L2", "value": "10.85343412412332", "building_uid": "12915", "part": "head" }, "geometry": { "type": "Polygon", "coordinates": [ [ [ -90.514983931713033, 14.645501984422685 ], [ -90.514977787642167, 14.645483310240705 ], [ -90.514994675345193, 14.645485398454717 ], [ -90.514983931713033, 14.645501984422685 ] ] ] } },
{ "type": "Feature", "properties": { "kind": "L2", "value": "16.992056530282426", "building_uid": "12919", "part": "head" }, "geometry": { "type": "Polygon", "coordinates": [ [ [ -90.513898513606478, 14.644236160796638 ], [ -90.513907783272487, 14.644265503731233 ], [ -90.513881384956321, 14.644261935708357 ], [ -90.513898513606478, 14.644236160796638 ] ] ] } },
{ "type": "Feature", "properties": { "kind": "L2", "value": "7.6015632066619565", "building_uid": "12951", "part": "head" }, "geometry": { "type": "Polygon", "coordinates": [ [ [ -90.514569703437544, 14.645907202913072 ], [ -90.514556114974283, 14.645910888834157 ], [ -90.514558068830198, 14.645899437508401 ], [ -90.514569703437544, 14.645907202913072 ] ] ] } },
{ "type": "Feature", "properties": { "kind": "L2", "value": "8.501474223142255", "building_uid": "12956", "part": "head" }, "geometry": { "type": "Polygon", "coordinates": [ [ [ -90.514390257310694, 14.647322509704988 ], [ -90.514405372759271, 14.647318111635387 ], [ -90.514403433792424, 14.647330956145979 ], [ -90.514390257310694, 14.647322509704988 ] ] ] } },
{ "type": "Feature", "properties": { "kind": "L2", "value": "12.063454958946012", "building_uid": "12987", "part": "head" }, "geometry": { "type": "Polygon", "coordinates": [ [ [ -90.515171243616251, 14.644146738454843 ], [ -90.51517832213257, 14.644167415189706 ], [ -90.515159525111869, 14.644165308608278 ], [ -90.515171243616251, 14.644146738454843 ] ] ] } },
{ "type": "Feature", "properties": { "kind": "L2", "value": "9.608622472732575", "building_uid": "12997", "part": "head" }, "geometry": { "type": "Polygon", "coordinates": [ [ [ -90.512885219848386, 14.645510240928004 ], [ -90.512890492813241, 14.645526824318907 ], [ -90.512875561325359, 14.645524833262717 ], [ -90.512885219848386, 14.645510240928004 ] ] ] } },
{ "type": "Feature", "properties": { "kind": "L2", "value": "8.578648318557248", "building_uid": "1000003", "part": "head" }, "geometry": { "type": "Polygon", "coordinates": [ [ [ -90.514334965889987, 14.642870925791641 ], [ -90.514350290535234, 14.642866730507127 ], [ -90.514348117218944, 14.642879658839243 ], [ -90.514334965889987, 14.642870925791641 ] ] ] } },
{ "type": "Feature", "properties": { "kind": "L2", "value": "10.831960777506731", "building_uid": "1000002", "part": "head" }, "geometry": { "type": "Polygon", "coordinates": [ [ [ -90.514315949470301, 14.643004246899638 ], [ -90.514335097596941, 14.642998295048082 ], [ -90.51433294055019, 14.64301470254216 ], [ -90.514315949470301, 14.643004246899638 ] ] ] } },
{ "type": "Feature", "properties": { "kind": "L2", "value": "9.485746113656884", "building_uid": "1000004", "part": "head" }, "geometry": { "type": "Polygon", "coordinates": [ [ [ -90.515030135811998, 14.643161575325529 ], [ -90.515046928533636, 14.643156437987157 ], [ -90.51504497201276, 14.643170797765046 ], [ -90.515030135811998, 14.643161575325529 ] ] ] } },
{ "type": "Feature", "properties": { "kind": "L2", "value": "6.591809193188331", "building_uid": "1000005", "part": "head" }, "geometry": { "type": "Polygon", "coordinates": [ [ [ -90.51250493376196, 14.643493545522531 ], [ -90.512501182392754, 14.643482210017956 ], [ -90.512511441192757, 14.643483461289467 ], [ -90.51250493376196, 14.643493545522531 ] ] ] } },
{ "type": "Feature", "properties": { "kind": "L2", "value": "6.3733192726611865", "building_uid": "1000012", "part": "head" }, "geometry": { "type": "Polygon", "coordinates": [ [ [ -90.513074513985003, 14.64436227417324 ], [ -90.513071185784355, 14.644351224865845 ], [ -90.513081068278524, 14.644352689529027 ], [ -90.513074513985003, 14.64436227417324 ] ] ] } },
{ "type": "Feature", "properties": { "kind": "L2", "value": "10.947582553930749", "building_uid": "1000007", "part": "head" }, "geometry": { "type": "Polygon", "coordinates": [ [ [ -90.513947486636297, 14.643720128411303 ], [ -90.51396712305845, 14.643715059482915 ], [ -90.513964096918045, 14.643731515727291 ], [ -90.513947486636297, 14.643720128411303 ] ] ] } },
{ "type": "Feature", "properties": { "kind": "L2", "value": "4.846175016215813", "building_uid": "1000008", "part": "head" }, "geometry": { "type": "Polygon", "coordinates": [ [ [ -90.514398961691583, 14.644485586473655 ], [ -90.514407571970992, 14.644483059901775 ], [ -90.514406484186196, 14.644490384262415 ], [ -90.514398961691583, 14.644485586473655 ] ] ] } },
{ "type": "Feature", "properties": { "kind": "L2", "value": "6.443827388904023", "building_uid": "1000009", "part": "head" }, "geometry": { "type": "Polygon", "coordinates": [ [ [ -90.514640323800819, 14.643865973103425 ], [ -90.514651657778131, 14.643862262759393 ], [ -90.514650528441535, 14.643872041428439 ], [ -90.514640323800819, 14.643865973103425 ] ] ] } },
{ "type": "Feature", "properties": { "kind": "L2", "value": "10.765630577654486", "building_uid": "1000011", "part": "head" }, "geometry": { "type": "Polygon", "coordinates": [ [ [ -90.514909925354928, 14.643939665743753 ], [ -90.514916159040382, 14.643958144840244 ], [ -90.514899392923056, 14.643956193182657 ], [ -90.514909925354928, 14.643939665743753 ] ] ] } },
{ "type": "Feature", "properties": { "kind": "L2", "value": "17.57028078068344", "building_uid": "182", "part": "head" }, "geometry": { "type": "Polygon", "coordinates": [ [ [ -90.514682560381473, 14.644081586540564 ], [ -90.514692590695645, 14.644111791278853 ], [ -90.514665242614569, 14.644108482732042 ], [ -90.514682560381473, 14.644081586540564 ] ] ] } },
{ "type": "Feature", "properties": { "kind": "L2", "value": "16.495707457887775", "building_uid": "1000013", "part": "head" }, "geometry": { "type": "Polygon", "coordinates": [ [ [ -90.514850357397009, 14.644248546078071 ], [ -90.514840360324484, 14.644220377507732 ], [ -90.514866094483168, 14.644222983505315 ], [ -90.514850357397009, 14.644248546078071 ] ] ] } },
{ "type": "Feature", "properties": { "kind": "L2", "value": "9.69113524767085", "building_uid": "1000016", "part": "head" }, "geometry": { "type": "Polygon", "coordinates": [ [ [ -90.514686166736297, 14.645327531703256 ], [ -90.514680673041966, 14.645310859722803 ], [ -90.51469575306713, 14.645312717793036 ], [ -90.514686166736297, 14.645327531703256 ] ] ] } },
{ "type": "Feature", "properties": { "kind": "L2", "value": "6.3767664597787", "building_uid": "1000019", "part": "head" }, "geometry": { "type": "Polygon", "coordinates": [ [ [ -90.514887063610644, 14.645402967353128 ], [ -90.514890864626906, 14.645413877707117 ], [ -90.514880922523957, 14.645412815307823 ], [ -90.514887063610644, 14.645402967353128 ] ] ] } },
{ "type": "Feature", "properties": { "kind": "L2", "value": "8.782291328585027", "building_uid": "1000015", "part": "head" }, "geometry": { "type": "Polygon", "coordinates": [ [ [ -90.514579182868957, 14.645136394919181 ], [ -90.514583854476953, 14.645151596001675 ], [ -90.514570225431129, 14.645149650219107 ], [ -90.514579182868957, 14.645136394919181 ] ] ] } },
{ "type": "Feature", "properties": { "kind": "L2", "value": "15.089984707272963", "building_uid": "2861", "part": "head" }, "geometry": { "type": "Polygon", "coordinates": [ [ [ -90.512337667080402, 14.64646203676039 ], [ -90.512310865362679, 14.646469933336206 ], [ -90.512314226165202, 14.646447123136481 ], [ -90.512337667080402, 14.64646203676039 ] ] ] } },
{ "type": "Feature", "properties": { "kind": "L2", "value": "9.859482191592031", "building_uid": "1000023", "part": "head" }, "geometry": { "type": "Polygon", "coordinates": [ [ [ -90.51212646073553, 14.647416908539519 ], [ -90.512132715108535, 14.647433648508759 ], [ -90.512117309736595, 14.647432333443682 ], [ -90.51212646073553, 14.647416908539519 ] ] ] } },
{ "type": "Feature", "properties": { "kind": "L2", "value": "7.991540208618042", "building_uid": "1000020", "part": "head" }, "geometry": { "type": "Polygon", "coordinates": [ [ [ -90.512097097060519, 14.64715973273 ], [ -90.512110708896671, 14.647154002648586 ], [ -90.51211035507967, 14.647166201547565 ], [ -90.512097097060519, 14.64715973273 ] ] ] } },
{ "type": "Feature", "properties": { "kind": "L2", "value": "11.076646560465091", "building_uid": "1000021", "part": "head" }, "geometry": { "type": "Polygon", "coordinates": [ [ [ -90.512200342557577, 14.647262543514852 ], [ -90.512192176499326, 14.647244178474924 ], [ -90.512209543363738, 14.647244648249508 ], [ -90.512200342557577, 14.647262543514852 ] ] ] } },
{ "type": "Feature", "properties": { "kind": "L2", "value": "9.591146542257269", "building_uid": "1000024", "part": "head" }, "geometry": { "type": "Polygon", "coordinates": [ [ [ -90.51425815589937, 14.647300492593546 ], [ -90.514241538504294, 14.647306698862169 ], [ -90.514242591271625, 14.647292088251872 ], [ -90.51425815589937, 14.647300492593546 ] ] ] } },
{ "type": "Feature", "properties": { "kind": "L2", "value": "14.053418091316754", "building_uid": "1000001", "part": "head" }, "geometry": { "type": "Polygon", "coordinates": [ [ [ -90.514313993021389, 14.64313618579965 ], [ -90.51428900368856, 14.643143445897854 ], [ -90.514292217959252, 14.643122214495131 ], [ -90.514313993021389, 14.64313618579965 ] ] ] } },
{ "type": "Feature", "properties": { "kind": "L2", "value": "16.830745380259742", "building_uid": "1000017", "part": "head" }, "geometry": { "type": "Polygon", "coordinates": [ [ [ -90.514534516447711, 14.645806514007788 ], [ -90.514564423932171, 14.645797751643451 ], [ -90.514560634903248, 14.645823187547462 ], [ -90.514534516447711, 14.645806514007788 ] ] ] } }
]
}
