{
"type": "FeatureCollection",
"name": "inertia_axis",
"crs": { "type": "name", "properties": { "name": "urn:ogc:def:crs:OGC:1.3:CRS84" } },
"features": [
{ "type": "Feature", "properties": { "kind": "L1", "value": "35.949797782503886", "building_uid": "7" }, "geometry": { "type": "MultiLineString", "coordinates": [ [ [ -90.514050396711369, 14.642624078886293 ], [ -90.51392657918413, 14.642925627035684 ] ], [ [ -90.51392657918413, 14.642925627035684 ], [ -90.513922844148254, 14.64286077847278 ] ], [ [ -90.51392657918413, 14.642925627035684 ], [ -90.513975200997336, 14.642881157440367 ] ] ] } },
{ "type": "Feature", "properties": { "kind": "L1", "value": "40.38602961685321", "building_uid": "8" }, "geometry": { "type": "MultiLineString", "coordinates": [ [ [ -90.515069694463321, 14.642823934157841 ], [ -90.514854472138353, 14.643122580295586 ] ], [ [ -90.514854472138353, 14.643122580295586 ], [ -90.514867557210351, 14.643050735687702 ] ], [ [ -90.514854472138353, 14.643122580295586 ], [ -90.514919410230064, 14.643086158817351 ] ] ] } },
{ "type": "Feature", "properties": { "kind": "L1", "value": "31.888218076881007", "building_uid": "9" }, "geometry": { "type": "MultiLineString", "coordinates": [ [ [ -90.515265667841632, 14.642798781210402 ], [ -90.515238691291884, 14.64308564356276 ] ], [ [ -90.515238691291884, 14.64308564356276 ], [ -90.515218677591719, 14.643031426428905 ] ], [ [ -90.515238691291884, 14.64308564356276 ], [ -90.515268484635357, 14.643035866463576 ] ] ] } },
{ "type": "Feature", "properties": { "kind": "L1", "value": "33.75077864580002", "building_uid": "10" }, "geometry": { "type": "MultiLineString", "coordinates": [ [ [ -90.515468453793872, 14.64284048148372 ], [ -90.5154235580559, 14.643142219500271 ] ], [ [ -90.5154235580559, 14.643142219500271 ], [ -90.515405501005787, 14.643083831335248 ] ], [ [ -90.5154235580559, 14.643142219500271 ], [ -90.515457890878352, 14.64309122066207 ] ] ] } },
{ "type": "Feature", "properties": { "kind": "L1", "value": "17.215212532125708", "building_uid": "53" }, "geometry": { "type": "MultiLineString", "coordinates": [ [ [ -90.514360759112435, 14.642702983339682 ], [ -90.514202251897302, 14.642683806156109 ] ], [ [ -90.514202251897302, 14.642683806156109 ], [ -90.514232647996934, 14.642674238004023 ] ], [ [ -90.514202251897302, 14.642683806156109 ], [ -90.514229318319991, 14.642700326495856 ] ] ] } },
{ "type": "Feature", "properties": { "kind": "L1", "value": "31.665560740627477", "building_uid": "54" }, "geometry": { "type": "MultiLineString", "coordinates": [ [ [ -90.514428619365191, 14.642666797708021 ], [ -90.514441938422607, 14.642952554329389 ] ], [ [ -90.514441938422607, 14.642952554329389 ], [ -90.514414716676839, 14.642901853719231 ] ], [ [ -90.514441938422607, 14.642952554329389 ], [ -90.51446433170635, 14.642899661556644 ] ] ] } },
{ "type": "Feature", "properties": { "kind": "L1", "value": "21.718089477855465", "building_uid": "55" }, "geometry": { "type": "MultiLineString", "coordinates": [ [ [ -90.514644939429346, 14.642716660710386 ], [ -90.514508855216931, 14.642861352532371 ] ], [ [ -90.514508855216931, 14.642861352532371 ], [ -90.514520960879594, 14.642823926517309 ] ], [ [ -90.514508855216931, 14.642861352532371 ], [ -90.514546083255027, 14.642846324433195 ] ] ] } },
{ "type": "Feature", "properties": { "kind": "L1", "value": "24.54047092954337", "building_uid": "105" }, "geometry": { "type": "MultiLineString", "coordinates": [ [ [ -90.514837834740817, 14.643278050457409 ], [ -90.514791655849223, 14.643495129568592 ] ], [ [ -90.514791655849223, 14.643495129568592 ], [ -90.51478118088518, 14.643451981220791 ] ], [ [ -90.514791655849223, 14.643495129568592 ], [ -90.514818871748304, 14.643459581723448 ] ] ] } },
{ "type": "Feature", "properties": { "kind": "L1", "value": "28.422849401181676", "building_uid": "106" }, "geometry": { "type": "MultiLineString", "coordinates": [ [ [ -90.514508086067394, 14.643566310300198 ], [ -90.514473172948016, 14.643820807930281 ] ], [ [ -90.514473172948016, 14.643820807930281 ], [ -90.514457407461592, 14.64377180415303 ] ], [ [ -90.514473172948016, 14.643820807930281 ], [ -90.514501595267205, 14.643777550435356 ] ] ] } },
{ "type": "Feature", "properties": { "kind": "L1", "value": "32.835938976095164", "building_uid": "107" }, "geometry": { "type": "MultiLineString", "coordinates": [ [ [ -90.513884945445412, 14.643472967801111 ], [ -90.513843375980358, 14.643766816835061 ] ], [ [ -90.513843375980358, 14.643766816835061 ], [ -90.513825400800101, 14.643710132382347 ] ], [ [ -90.513843375980358, 14.643766816835061 ], [ -90.513876421079758, 14.643716974222709 ] ] ] } },
{ "type": "Feature", "properties": { "kind": "L1", "value": "31.313475686923436", "building_uid": "108" }, "geometry": { "type": "MultiLineString", "coordinates": [ [ [ -90.514070083392966, 14.643492669010495 ], [ -90.514104537082218, 14.643773543035179 ] ], [ [ -90.514104537082218, 14.643773543035179 ], [ -90.514073908218165, 14.643725466701438 ] ], [ [ -90.514104537082218, 14.643773543035179 ], [ -90.51412267568297, 14.643719796039578 ] ] ] } },
{ "type": "Feature", "properties": { "kind": "L1", "value": "42.32706188677302", "building_uid": "109" }, "geometry": { "type": "MultiLineString", "coordinates": [ [ [ -90.514251275649869, 14.643527915830026 ], [ -90.514199909641462, 14.643906992377348 ] ], [ [ -90.514199909641462, 14.643906992377348 ], [ -90.514176311266652, 14.643834053256638 ] ], [ [ -90.514199909641462, 14.643906992377348 ], [ -90.514242129425668, 14.643842507490367 ] ] ] } },
{ "type": "Feature", "properties": { "kind": "L1", "value": "32.55895787953975", "building_uid": "110" }, "geometry": { "type": "MultiLineString", "coordinates": [ [ [ -90.514389327738272, 14.64354866185511 ], [ -90.514348823698612, 14.643840127295398 ] ], [ [ -90.514348823698612, 14.643840127295398 ], [ -90.514330862317408, 14.643783962575851 ] ], [ [ -90.514348823698612, 14.643840127295398 ], [ -90.514381468756881, 14.643790629057561 ] ] ] } },
{ "type": "Feature", "properties": { "kind": "L1", "value": "21.82269527778719", "building_uid": "761" }, "geometry": { "type": "MultiLineString", "coordinates": [ [ [ -90.514689784739403, 14.645012665052375 ], [ -90.514489176198495, 14.644985940834113 ] ], [ [ -90.514489176198495, 14.644985940834113 ], [ -90.514527858857321, 14.644974276149355 ] ], [ [ -90.514489176198495, 14.644985940834113 ], [ -90.514523218760829, 14.645007293690197 ] ] ] } },
{ "type": "Feature", "properties": { "kind": "L1", "value": "12.981361795757108", "building_uid": "176" }, "geometry": { "type": "MultiLineString", "coordinates": [ [ [ -90.515276769664183, 14.644725879175972 ], [ -90.515183374368547, 14.64479992719717 ] ], [ [ -90.515183374368547, 14.64479992719717 ], [ -90.515193874932052, 14.644778819309447 ] ], [ [ -90.515183374368547, 14.64479992719717 ], [ -90.515206731767975, 14.644794190972588 ] ] ] } },
{ "type": "Feature", "properties": { "kind": "L1", "value": "20.354508035178466", "building_uid": "177" }, "geometry": { "type": "MultiLineString", "coordinates": [ [ [ -90.515092884218262, 14.644620164413723 ], [ -90.5150844391801, 14.644803852907437 ] ], [ [ -90.5150844391801, 14.644803852907437 ], [ -90.51507002317669, 14.64476986227162 ] ], [ [ -90.5150844391801, 14.644803852907437 ], [ -90.515101916711188, 14.644771252218046 ] ] ] } },
{ "type": "Feature", "properties": { "kind": "L1", "value": "20.21006776658658", "building_uid": "178" }, "geometry": { "type": "MultiLineString", "coordinates": [ [ [ -90.514974724757778, 14.644601929305269 ], [ -90.514947663693491, 14.644782585778966 ] ], [ [ -90.514947663693491, 14.644782585778966 ], [ -90.514936885286303, 14.644747612752539 ] ], [ [ -90.514947663693491, 14.644782585778966 ], [ -90.514968252372654, 14.644752066658709 ] ] ] } },
{ "type": "Feature", "properties": { "kind": "L1", "value": "19.955210895178695", "building_uid": "179" }, "geometry": { "type": "MultiLineString", "coordinates": [ [ [ -90.514871294240422, 14.644587450772669 ], [ -90.514848218146895, 14.644766310539994 ] ], [ [ -90.514848218146895, 14.644766310539994 ], [ -90.514836873397797, 14.644731991124688 ] ], [ [ -90.514848218146895, 14.644766310539994 ], [ -90.514867928522818, 14.644735789155911 ] ] ] } },
{ "type": "Feature", "properties": { "kind": "L1", "value": "27.815415062923048", "building_uid": "183" }, "geometry": { "type": "MultiLineString", "coordinates": [ [ [ -90.514920641175891, 14.643708741736633 ], [ -90.514666453060272, 14.643665277545859 ] ], [ [ -90.514666453060272, 14.643665277545859 ], [ -90.514716300879286, 14.643652237807238 ] ], [ [ -90.514666453060272, 14.643665277545859 ], [ -90.514708754286147, 14.64369407409704 ] ] ] } },
{ "type": "Feature", "properties": { "kind": "L1", "value": "43.08472129553482", "building_uid": "184" }, "geometry": { "type": "MultiLineString", "coordinates": [ [ [ -90.514476693780111, 14.64424765722608 ], [ -90.51408047981802, 14.6441959914739 ] ], [ [ -90.51408047981802, 14.6441959914739 ], [ -90.51415678348134, 14.644172750605097 ] ], [ [ -90.51408047981802, 14.6441959914739 ], [ -90.514147812828341, 14.644237962467702 ] ] ] } },
{ "type": "Feature", "properties": { "kind": "L1", "value": "40.8168873798331", "building_uid": "185" }, "geometry": { "type": "MultiLineString", "coordinates": [ [ [ -90.514112755806025, 14.643945780892356 ], [ -90.513736269314734, 14.643905887800628 ] ], [ [ -90.513736269314734, 14.643905887800628 ], [ -90.513807975113039, 14.643882136401295 ] ], [ [ -90.513736269314734, 14.643905887800628 ], [ -90.513801048535171, 14.64394410145492 ] ] ] } },
{ "type": "Feature", "properties": { "kind": "L1", "value": "40.772856361809936", "building_uid": "186" }, "geometry": { "type": "MultiLineString", "coordinates": [ [ [ -90.51412243861256, 14.644279428908511 ], [ -90.514069905112564, 14.644644181573131 ] ], [ [ -90.514069905112564, 14.644644181573131 ], [ -90.514047761760935, 14.644573742759434 ] ], [ [ -90.514069905112564, 14.644644181573131 ], [ -90.51411109311455, 14.644582389117943 ] ] ] } },
{ "type": "Feature", "properties": { "kind": "L1", "value": "36.924813013270324", "building_uid": "187" }, "geometry": { "type": "MultiLineString", "coordinates": [ [ [ -90.514019075953186, 14.644315450534187 ], [ -90.513890371017297, 14.644624578082274 ] ], [ [ -90.513890371017297, 14.644624578082274 ], [ -90.513886863678962, 14.644557953543016 ] ], [ [ -90.513890371017297, 14.644624578082274 ], [ -90.513940536935422, 14.644579136757338 ] ] ] } },
{ "type": "Feature", "properties": { "kind": "L1", "value": "25.303225016991007", "building_uid": "188" }, "geometry": { "type": "MultiLineString", "coordinates": [ [ [ -90.513286676596962, 14.643476662525803 ], [ -90.513056546006382, 14.643431449467943 ] ], [ [ -90.513056546006382, 14.643431449467943 ], [ -90.513102184942142, 14.643420706496453 ] ], [ [ -90.513056546006382, 14.643431449467943 ], [ -90.513094334708796, 14.643458583249439 ] ] ] } },
{ "type": "Feature", "properties": { "kind": "L1", "value": "31.981848632764326", "building_uid": "191" }, "geometry": { "type": "MultiLineString", "coordinates": [ [ [ -90.513213115056004, 14.644447729454997 ], [ -90.512922110358033, 14.644391220226741 ] ], [ [ -90.512922110358033, 14.644391220226741 ], [ -90.512979764110497, 14.644377515357247 ] ], [ [ -90.512922110358033, 14.644391220226741 ], [ -90.512969952502829, 14.644425411048006 ] ] ] } },
{ "type": "Feature", "properties": { "kind": "L1", "value": "16.55691047320658", "building_uid": "192" }, "geometry": { "type": "MultiLineString", "coordinates": [ [ [ -90.512817745627615, 14.644383373192081 ], [ -90.512664797917537, 14.64436940131413 ] ], [ [ -90.512664797917537, 14.64436940131413 ], [ -90.512693734412579, 14.64435934725328 ] ], [ [ -90.512664797917537, 14.64436940131413 ], [ -90.512691308497168, 14.644384520518145 ] ] ] } },
{ "type": "Feature", "properties": { "kind": "L1", "value": "22.2325557153156", "building_uid": "193" }, "geometry": { "type": "MultiLineString", "coordinates": [ [ [ -90.512636092654404, 14.644217835923985 ], [ -90.512602181731367, 14.644415940929424 ] ], [ [ -90.512602181731367, 14.644415940929424 ], [ -90.512591130191424, 14.644377241450641 ] ], [ [ -90.512602181731367, 14.644415940929424 ], [ -90.512625526778706, 14.644382822765975 ] ] ] } },
{ "type": "Feature", "properties": { "kind": "L1", "value": "19.498722850844196", "building_uid": "846" }, "geometry": { "type": "MultiLineString", "coordinates": [ [ [ -90.514084492268736, 14.646759185001004 ], [ -90.514056171909033, 14.646933155041747 ] ], [ [ -90.514056171909033, 14.646933155041747 ], [ -90.514046202090682, 14.646899290399922 ] ], [ [ -90.514056171909033, 14.646933155041747 ], [ -90.514076408522826, 14.646903951523502 ] ] ] } },
{ "type": "Feature", "properties": { "kind": "L1", "value": "25.009274441651698", "building_uid": "194" }, "geometry": { "type": "MultiLineString", "coordinates": [ [ [ -90.512433064560312, 14.644326352928882 ], [ -90.512203915518313, 14.644290785967913 ] ], [ [ -90.512203915518313, 14.644290785967913 ], [ -90.512248539137957, 14.644278375379757 ] ], [ [ -90.512203915518313, 14.644290785967913 ], [ -90.512242363705937, 14.644316090433223 ] ] ] } },
{ "type": "Feature", "properties": { "kind": "L1", "value": "16.266409259381998", "building_uid": "195" }, "geometry": { "type": "MultiLineString", "coordinates": [ [ [ -90.51237134387182, 14.644184093330228 ], [ -90.512222610055375, 14.644159151166876 ] ], [ [ -90.512222610055375, 14.644159151166876 ], [ -90.51225173510484, 14.644151432361936 ] ], [ [ -90.512222610055375, 14.644159151166876 ], [ -90.512247404444693, 14.644175912095836 ] ] ] } },
{ "type": "Feature", "properties": { "kind": "L1", "value": "40.77024453922768", "building_uid": "196" }, "geometry": { "type": "MultiLineString", "coordinates": [ [ [ -90.512421219035261, 14.643522424304566 ], [ -90.512368828280955, 14.643887172152439 ] ], [ [ -90.512368828280955, 14.643887172152439 ], [ -90.512346659583855, 14.643816745943825 ] ], [ [ -90.512368828280955, 14.643887172152439 ], [ -90.512409989879771, 14.643825368838336 ] ] ] } },
{ "type": "Feature", "properties": { "kind": "L1", "value": "126.6586509730309", "building_uid": "302" }, "geometry": { "type": "MultiLineString", "coordinates": [ [ [ -90.513657977461932, 14.642960429456876 ], [ -90.512494597235872, 14.64279879662252 ] ], [ [ -90.512494597235872, 14.64279879662252 ], [ -90.512719505192251, 14.642732355373193 ] ], [ [ -90.512494597235872, 14.64279879662252 ], [ -90.512691441089913, 14.642923834331782 ] ] ] } },
{ "type": "Feature", "properties": { "kind": "L1", "value": "24.23334840533639", "building_uid": "303" }, "geometry": { "type": "MultiLineString", "coordinates": [ [ [ -90.514019748878482, 14.643342327104179 ], [ -90.51380429931622, 14.643279714141295 ] ], [ [ -90.51380429931622, 14.643279714141295 ], [ -90.513848787688943, 14.643273333251031 ] ], [ [ -90.51380429931622, 14.643279714141295 ], [ -90.513837916366157, 14.643308793704435 ] ] ] } },
{ "type": "Feature", "properties": { "kind": "L1", "value": "18.1546132794118", "building_uid": "304" }, "geometry": { "type": "MultiLineString", "coordinates": [ [ [ -90.512610895737438, 14.643264302244178 ], [ -90.512625046082462, 14.643427721938108 ] ], [ [ -90.512625046082462, 14.643427721938108 ], [ -90.51260829411072, 14.643399264718953 ] ], [ [ -90.512625046082462, 14.643427721938108 ], [ -90.512636668226904, 14.643396935739853 ] ] ] } },
{ "type": "Feature", "properties": { "kind": "L1", "value": "22.82917042465465", "building_uid": "305" }, "geometry": { "type": "MultiLineString", "coordinates": [ [ [ -90.512556210876724, 14.643373166332262 ], [ -90.512385180612597, 14.643251506930641 ] ], [ [ -90.512385180612597, 14.643251506930641 ], [ -90.512426743500995, 14.643259484330237 ] ], [ [ -90.512385180612597, 14.643251506930641 ], [ -90.512405620117363, 14.643287633889996 ] ] ] } },
{ "type": "Feature", "properties": { "kind": "L1", "value": "20.70242776280998", "building_uid": "306" }, "geometry": { "type": "MultiLineString", "coordinates": [ [ [ -90.512403806795476, 14.643321784560293 ], [ -90.512408228246102, 14.643508750023742 ] ], [ [ -90.512408228246102, 14.643508750023742 ], [ -90.512391195650849, 14.643475224230755 ] ], [ [ -90.512408228246102, 14.643508750023742 ], [ -90.512423657966238, 14.643474496513642 ] ] ] } },
{ "type": "Feature", "properties": { "kind": "L1", "value": "32.09161015623679", "building_uid": "307" }, "geometry": { "type": "MultiLineString", "coordinates": [ [ [ -90.512956092266478, 14.64340564731144 ], [ -90.512661730222632, 14.643362018813097 ] ], [ [ -90.512661730222632, 14.643362018813097 ], [ -90.512718874289334, 14.6433457027589 ] ], [ [ -90.512661730222632, 14.643362018813097 ], [ -90.512711299173404, 14.643394151258804 ] ] ] } },
{ "type": "Feature", "properties": { "kind": "L1", "value": "32.69775686843183", "building_uid": "500" }, "geometry": { "type": "MultiLineString", "coordinates": [ [ [ -90.514969829428935, 14.64575654694945 ], [ -90.515038262075294, 14.64604430957036 ] ], [ [ -90.515038262075294, 14.64604430957036 ], [ -90.515000875838723, 14.645997780804835 ] ], [ [ -90.515038262075294, 14.64604430957036 ], [ -90.515050839877105, 14.645986517731121 ] ] ] } },
{ "type": "Feature", "properties": { "kind": "L1", "value": "29.79821275672653", "building_uid": "501" }, "geometry": { "type": "MultiLineString", "coordinates": [ [ [ -90.514831096911166, 14.645761790374605 ], [ -90.514820550912859, 14.646030776519131 ] ], [ [ -90.514820550912859, 14.646030776519131 ], [ -90.514799110559139, 14.645981151806346 ] ], [ [ -90.514820550912859, 14.646030776519131 ], [ -90.514845814447199, 14.645982887536142 ] ] ] } },
{ "type": "Feature", "properties": { "kind": "L1", "value": "28.676163894882023", "building_uid": "502" }, "geometry": { "type": "MultiLineString", "coordinates": [ [ [ -90.513741612214645, 14.645777674386583 ], [ -90.513480989991749, 14.645725536703262 ] ], [ [ -90.513480989991749, 14.645725536703262 ], [ -90.513532757086907, 14.645713539852819 ] ], [ [ -90.513480989991749, 14.645725536703262 ], [ -90.513523704450208, 14.645756434709339 ] ] ] } },
{ "type": "Feature", "properties": { "kind": "L1", "value": "21.62240958951123", "building_uid": "762" }, "geometry": { "type": "MultiLineString", "coordinates": [ [ [ -90.514677071419015, 14.645113422392273 ], [ -90.51447854354781, 14.645085291097908 ] ], [ [ -90.51447854354781, 14.645085291097908 ], [ -90.514516971216409, 14.645074052694742 ] ], [ [ -90.51447854354781, 14.645085291097908 ], [ -90.51451208680929, 14.645106727769434 ] ] ] } },
{ "type": "Feature", "properties": { "kind": "L1", "value": "29.444884177516286", "building_uid": "503" }, "geometry": { "type": "MultiLineString", "coordinates": [ [ [ -90.513760524164795, 14.645613074813337 ], [ -90.513488696803179, 14.645586452197755 ] ], [ [ -90.513488696803179, 14.645586452197755 ], [ -90.513540279882946, 14.645568908326265 ] ], [ [ -90.513488696803179, 14.645586452197755 ], [ -90.513535657406891, 14.645613647428297 ] ] ] } },
{ "type": "Feature", "properties": { "kind": "L1", "value": "42.1094926328811", "building_uid": "504" }, "geometry": { "type": "MultiLineString", "coordinates": [ [ [ -90.513896913878057, 14.64555355772181 ], [ -90.51351209404271, 14.645487779697584 ] ], [ [ -90.51351209404271, 14.645487779697584 ], [ -90.513587557561166, 14.645468034693637 ] ], [ [ -90.51351209404271, 14.645487779697584 ], [ -90.513576136557916, 14.645531370844559 ] ] ] } },
{ "type": "Feature", "properties": { "kind": "L1", "value": "24.53152992721528", "building_uid": "505" }, "geometry": { "type": "MultiLineString", "coordinates": [ [ [ -90.513736640007721, 14.645341861909099 ], [ -90.513511190285826, 14.645372330177857 ] ], [ [ -90.513511190285826, 14.645372330177857 ], [ -90.513549410576658, 14.645348254461144 ] ], [ [ -90.513511190285826, 14.645372330177857 ], [ -90.513554700734574, 14.645385360476826 ] ] ] } },
{ "type": "Feature", "properties": { "kind": "L1", "value": "36.43484370379568", "building_uid": "506" }, "geometry": { "type": "MultiLineString", "coordinates": [ [ [ -90.51388278650235, 14.645214717947246 ], [ -90.513544734041957, 14.645213798269667 ] ], [ [ -90.513544734041957, 14.645213798269667 ], [ -90.513606089805677, 14.645186145530019 ] ], [ [ -90.513544734041957, 14.645213798269667 ], [ -90.513605930096034, 14.645241784486558 ] ] ] } },
{ "type": "Feature", "properties": { "kind": "L1", "value": "17.85483354356694", "building_uid": "507" }, "geometry": { "type": "MultiLineString", "coordinates": [ [ [ -90.513764777575275, 14.644783781263373 ], [ -90.513600087538663, 14.644766331914816 ] ], [ [ -90.513600087538663, 14.644766331914816 ], [ -90.5136314543618, 14.644755941892409 ] ], [ [ -90.513600087538663, 14.644766331914816 ], [ -90.513628424653547, 14.644783047746079 ] ] ] } },
{ "type": "Feature", "properties": { "kind": "L1", "value": "33.307059321347865", "building_uid": "508" }, "geometry": { "type": "MultiLineString", "coordinates": [ [ [ -90.513461894710574, 14.644664295827793 ], [ -90.51342303012899, 14.64496278590104 ] ], [ [ -90.51342303012899, 14.64496278590104 ], [ -90.513404161607937, 14.644905482819443 ] ], [ [ -90.51342303012899, 14.64496278590104 ], [ -90.513455987985878, 14.644911879433222 ] ] ] } },
{ "type": "Feature", "properties": { "kind": "L1", "value": "16.287770561526113", "building_uid": "509" }, "geometry": { "type": "MultiLineString", "coordinates": [ [ [ -90.512375090755, 14.644497900761394 ], [ -90.512357396308857, 14.644644023987988 ] ], [ [ -90.512357396308857, 14.644644023987988 ], [ -90.51234791807471, 14.644616081323658 ] ], [ [ -90.512357396308857, 14.644644023987988 ], [ -90.512373289194869, 14.644618993605393 ] ] ] } },
{ "type": "Feature", "properties": { "kind": "L1", "value": "16.088484135459346", "building_uid": "510" }, "geometry": { "type": "MultiLineString", "coordinates": [ [ [ -90.512242296994643, 14.644480066120934 ], [ -90.512225902630519, 14.644624521942017 ] ], [ [ -90.512225902630519, 14.644624521942017 ], [ -90.512216333496738, 14.644596988502554 ] ], [ [ -90.512225902630519, 14.644624521942017 ], [ -90.512241415106004, 14.644599686807528 ] ] ] } },
{ "type": "Feature", "properties": { "kind": "L1", "value": "16.419014238642806", "building_uid": "511" }, "geometry": { "type": "MultiLineString", "coordinates": [ [ [ -90.512497615092855, 14.644516447805804 ], [ -90.512474448540431, 14.64466304363539 ] ], [ [ -90.512474448540431, 14.64466304363539 ], [ -90.512465921159674, 14.64463456498706 ] ], [ [ -90.512474448540431, 14.64466304363539 ], [ -90.512491374339177, 14.644638377907606 ] ] ] } },
{ "type": "Feature", "properties": { "kind": "L1", "value": "31.985603696379645", "building_uid": "512" }, "geometry": { "type": "MultiLineString", "coordinates": [ [ [ -90.512608614957358, 14.644533230217585 ], [ -90.512567812020407, 14.644819427602911 ] ], [ [ -90.512567812020407, 14.644819427602911 ], [ -90.512550362044877, 14.644764193197096 ] ], [ [ -90.512567812020407, 14.644819427602911 ], [ -90.512600054029633, 14.644770908843089 ] ] ] } },
{ "type": "Feature", "properties": { "kind": "L1", "value": "14.29391560179809", "building_uid": "513" }, "geometry": { "type": "MultiLineString", "coordinates": [ [ [ -90.51271757221015, 14.644548695282996 ], [ -90.512717181775571, 14.644677818574204 ] ], [ [ -90.512717181775571, 14.644677818574204 ], [ -90.512706042819744, 14.644654381354567 ] ], [ [ -90.512717181775571, 14.644677818574204 ], [ -90.512728462274964, 14.644654445615782 ] ] ] } },
{ "type": "Feature", "properties": { "kind": "L1", "value": "13.484659352588869", "building_uid": "514" }, "geometry": { "type": "MultiLineString", "coordinates": [ [ [ -90.512764683345239, 14.644729358257221 ], [ -90.512641132511163, 14.644710159879388 ] ], [ [ -90.512641132511163, 14.644710159879388 ], [ -90.51266519421813, 14.644703472373143 ] ], [ [ -90.512641132511163, 14.644710159879388 ], [ -90.512661860832395, 14.644723807250573 ] ] ] } },
{ "type": "Feature", "properties": { "kind": "L1", "value": "13.48051246649462", "building_uid": "515" }, "geometry": { "type": "MultiLineString", "coordinates": [ [ [ -90.512754014236961, 14.644808282381387 ], [ -90.512630482247616, 14.644789206832884 ] ], [ [ -90.512630482247616, 14.644789206832884 ], [ -90.512654529876045, 14.644782498616911 ] ], [ [ -90.512630482247616, 14.644789206832884 ], [ -90.512651217815758, 14.644802830385327 ] ] ] } },
{ "type": "Feature", "properties": { "kind": "L1", "value": "10.315398654305476", "building_uid": "847" }, "geometry": { "type": "MultiLineString", "coordinates": [ [ [ -90.514014383317047, 14.646888504141582 ], [ -90.513920414269833, 14.646870810679568 ] ], [ [ -90.513920414269833, 14.646870810679568 ], [ -90.513938983303476, 14.646866284855758 ] ], [ [ -90.513920414269833, 14.646870810679568 ], [ -90.513935911184589, 14.646881750797597 ] ] ] } },
{ "type": "Feature", "properties": { "kind": "L1", "value": "35.50706141288534", "building_uid": "516" }, "geometry": { "type": "MultiLineString", "coordinates": [ [ [ -90.512474049893711, 14.644711460007114 ], [ -90.51214493086637, 14.644697207196726 ] ], [ [ -90.51214493086637, 14.644697207196726 ], [ -90.512205824842994, 14.644672706338152 ] ], [ [ -90.51214493086637, 14.644697207196726 ], [ -90.512203350126043, 14.644726875096609 ] ] ] } },
{ "type": "Feature", "properties": { "kind": "L1", "value": "58.16379244731794", "building_uid": "517" }, "geometry": { "type": "MultiLineString", "coordinates": [ [ [ -90.512706885431868, 14.644913103791703 ], [ -90.51217463459075, 14.644826335292647 ] ], [ [ -90.51217463459075, 14.644826335292647 ], [ -90.512278643930429, 14.644798262389902 ] ], [ [ -90.51217463459075, 14.644826335292647 ], [ -90.512263578388044, 14.64488586395232 ] ] ] } },
{ "type": "Feature", "properties": { "kind": "L1", "value": "41.19040558241416", "building_uid": "518" }, "geometry": { "type": "MultiLineString", "coordinates": [ [ [ -90.512486269205908, 14.645012038232222 ], [ -90.512107045763628, 14.644965870829655 ] ], [ [ -90.512107045763628, 14.644965870829655 ], [ -90.51217979238092, 14.64494303164129 ] ], [ [ -90.512107045763628, 14.644965870829655 ], [ -90.512171776369399, 14.645005446856441 ] ] ] } },
{ "type": "Feature", "properties": { "kind": "L1", "value": "16.912104330935094", "building_uid": "519" }, "geometry": { "type": "MultiLineString", "coordinates": [ [ [ -90.5121530705499, 14.645049130229454 ], [ -90.512126678047679, 14.645199728885528 ] ], [ [ -90.512126678047679, 14.645199728885528 ], [ -90.512118387873826, 14.645170259208921 ] ], [ [ -90.512126678047679, 14.645199728885528 ], [ -90.512144536121809, 14.645174603069094 ] ] ] } },
{ "type": "Feature", "properties": { "kind": "L1", "value": "16.385400019248713", "building_uid": "521" }, "geometry": { "type": "MultiLineString", "coordinates": [ [ [ -90.512102300966134, 14.645289054497114 ], [ -90.512081734606241, 14.645435711013738 ] ], [ [ -90.512081734606241, 14.645435711013738 ], [ -90.51207273059633, 14.645407435350446 ] ], [ [ -90.512081734606241, 14.645435711013738 ], [ -90.512098194403734, 14.645410820300309 ] ] ] } },
{ "type": "Feature", "properties": { "kind": "L1", "value": "10.74288149289109", "building_uid": "522" }, "geometry": { "type": "MultiLineString", "coordinates": [ [ [ -90.51211257300254, 14.645584496425528 ], [ -90.512032754463689, 14.645526370307769 ] ], [ [ -90.512032754463689, 14.645526370307769 ], [ -90.512052268683078, 14.64553033781327 ] ], [ [ -90.512032754463689, 14.645526370307769 ], [ -90.512042176302785, 14.645543474866486 ] ] ] } },
{ "type": "Feature", "properties": { "kind": "L1", "value": "20.652191862705042", "building_uid": "523" }, "geometry": { "type": "MultiLineString", "coordinates": [ [ [ -90.512607530826784, 14.645489605376742 ], [ -90.512575442752222, 14.645673532160313 ] ], [ [ -90.512575442752222, 14.645673532160313 ], [ -90.512565291574646, 14.645637552672648 ] ], [ [ -90.512575442752222, 14.645673532160313 ], [ -90.512597226610708, 14.645642833938762 ] ] ] } },
{ "type": "Feature", "properties": { "kind": "L1", "value": "24.172091936740127", "building_uid": "524" }, "geometry": { "type": "MultiLineString", "coordinates": [ [ [ -90.512501423219888, 14.645441737958469 ], [ -90.512448508025528, 14.645653931461373 ] ], [ [ -90.512448508025528, 14.645653931461373 ], [ -90.512439678048864, 14.645611114372453 ] ], [ [ -90.512448508025528, 14.645653931461373 ], [ -90.512476521004089, 14.645619823504006 ] ] ] } },
{ "type": "Feature", "properties": { "kind": "L1", "value": "15.766656643578868", "building_uid": "525" }, "geometry": { "type": "MultiLineString", "coordinates": [ [ [ -90.512313433980395, 14.645497135255999 ], [ -90.512253171015359, 14.645626916534145 ] ], [ [ -90.512253171015359, 14.645626916534145 ], [ -90.512252827481745, 14.645598432942949 ] ], [ [ -90.512253171015359, 14.645626916534145 ], [ -90.512275361279379, 14.64560835141585 ] ] ] } },
{ "type": "Feature", "properties": { "kind": "L1", "value": "42.95906058569213", "building_uid": "697" }, "geometry": { "type": "MultiLineString", "coordinates": [ [ [ -90.51278940376271, 14.646207106694028 ], [ -90.512395634793634, 14.646146938589331 ] ], [ [ -90.512395634793634, 14.646146938589331 ], [ -90.512472233441244, 14.646125440369794 ] ], [ [ -90.512395634793634, 14.646146938589331 ], [ -90.512461786448952, 14.646190249231228 ] ] ] } },
{ "type": "Feature", "properties": { "kind": "L1", "value": "32.252598521111096", "building_uid": "698" }, "geometry": { "type": "MultiLineString", "coordinates": [ [ [ -90.512725517496165, 14.646284943376086 ], [ -90.51268218393605, 14.646573225774231 ] ], [ [ -90.51268218393605, 14.646573225774231 ], [ -90.512665011454544, 14.646517405210588 ] ], [ [ -90.51268218393605, 14.646573225774231 ], [ -90.512715065861897, 14.646524537307187 ] ] ] } },
{ "type": "Feature", "properties": { "kind": "L1", "value": "35.217082032565045", "building_uid": "699" }, "geometry": { "type": "MultiLineString", "coordinates": [ [ [ -90.512578762880011, 14.645913718910824 ], [ -90.512258594480244, 14.645850161579888 ] ], [ [ -90.512258594480244, 14.645850161579888 ], [ -90.512322146400464, 14.645835334455953 ] ], [ [ -90.512258594480244, 14.645850161579888 ], [ -90.512311110965911, 14.645888029766228 ] ] ] } },
{ "type": "Feature", "properties": { "kind": "L1", "value": "22.278828952907595", "building_uid": "700" }, "geometry": { "type": "MultiLineString", "coordinates": [ [ [ -90.512269416672439, 14.645778854583828 ], [ -90.51206504216232, 14.645748685910235 ] ], [ [ -90.51206504216232, 14.645748685910235 ], [ -90.512104706483214, 14.645737335718055 ] ], [ [ -90.51206504216232, 14.645748685910235 ], [ -90.512099468312172, 14.645770972969206 ] ] ] } },
{ "type": "Feature", "properties": { "kind": "L1", "value": "13.435438823064665", "building_uid": "310" }, "geometry": { "type": "MultiLineString", "coordinates": [ [ [ -90.513094201655605, 14.644074110936673 ], [ -90.51297121599562, 14.644054300509069 ] ], [ [ -90.51297121599562, 14.644054300509069 ], [ -90.512995228387567, 14.644047770423422 ] ], [ [ -90.51297121599562, 14.644054300509069 ], [ -90.512991788743108, 14.644068012341739 ] ] ] } },
{ "type": "Feature", "properties": { "kind": "L1", "value": "26.875582691475962", "building_uid": "702" }, "geometry": { "type": "MultiLineString", "coordinates": [ [ [ -90.512040902597676, 14.645715206113348 ], [ -90.512006636406596, 14.645955682940803 ] ], [ [ -90.512006636406596, 14.645955682940803 ], [ -90.511991970648978, 14.645909273862458 ] ], [ [ -90.512006636406596, 14.645955682940803 ], [ -90.512033724468836, 14.645914913611994 ] ] ] } },
{ "type": "Feature", "properties": { "kind": "L1", "value": "20.464441445568273", "building_uid": "703" }, "geometry": { "type": "MultiLineString", "coordinates": [ [ [ -90.514165286845213, 14.646033963593364 ], [ -90.514146396261978, 14.646217911777862 ] ], [ [ -90.514146396261978, 14.646217911777862 ], [ -90.514133850986667, 14.646183014479089 ] ], [ [ -90.514146396261978, 14.646217911777862 ], [ -90.514165789819188, 14.646186123608119 ] ] ] } },
{ "type": "Feature", "properties": { "kind": "L1", "value": "26.43945723040148", "building_uid": "704" }, "geometry": { "type": "MultiLineString", "coordinates": [ [ [ -90.514048532472302, 14.646018409220973 ], [ -90.514017133562959, 14.646255285325333 ] ], [ [ -90.514017133562959, 14.646255285325333 ], [ -90.51400226064365, 14.646209764880885 ] ], [ [ -90.514017133562959, 14.646255285325333 ], [ -90.514043389329657, 14.646214932707704 ] ] ] } },
{ "type": "Feature", "properties": { "kind": "L1", "value": "27.11731314284646", "building_uid": "705" }, "geometry": { "type": "MultiLineString", "coordinates": [ [ [ -90.513686198174568, 14.646016743664147 ], [ -90.513437466532963, 14.645979836295545 ] ], [ [ -90.513437466532963, 14.645979836295545 ], [ -90.513485756116097, 14.64596605730955 ] ], [ [ -90.513437466532963, 14.645979836295545 ], [ -90.513479347899633, 14.646006995093179 ] ] ] } },
{ "type": "Feature", "properties": { "kind": "L1", "value": "25.732932831657596", "building_uid": "706" }, "geometry": { "type": "MultiLineString", "coordinates": [ [ [ -90.513655299304304, 14.646106220217893 ], [ -90.513416586510843, 14.646101643851864 ] ], [ [ -90.513416586510843, 14.646101643851864 ], [ -90.513460253262309, 14.64608282898784 ] ], [ [ -90.513416586510843, 14.646101643851864 ], [ -90.513459458656939, 14.646122117790483 ] ] ] } },
{ "type": "Feature", "properties": { "kind": "L1", "value": "40.668688093190454", "building_uid": "746" }, "geometry": { "type": "MultiLineString", "coordinates": [ [ [ -90.514549781634159, 14.643086355851008 ], [ -90.514501251783287, 14.643450685160069 ] ], [ [ -90.514501251783287, 14.643450685160069 ], [ -90.514478419650388, 14.64338065253731 ] ], [ [ -90.514501251783287, 14.643450685160069 ], [ -90.51454167714914, 14.643388639989535 ] ] ] } },
{ "type": "Feature", "properties": { "kind": "L1", "value": "39.02298621901839", "building_uid": "747" }, "geometry": { "type": "MultiLineString", "coordinates": [ [ [ -90.51438483194849, 14.643079792042293 ], [ -90.514352164951035, 14.643430868258802 ] ], [ [ -90.514352164951035, 14.643430868258802 ], [ -90.514327608038883, 14.643364543331559 ] ], [ [ -90.514352164951035, 14.643430868258802 ], [ -90.514388564435365, 14.643369919943149 ] ] ] } },
{ "type": "Feature", "properties": { "kind": "L1", "value": "16.998177052717306", "building_uid": "748" }, "geometry": { "type": "MultiLineString", "coordinates": [ [ [ -90.514274064159551, 14.643279035030217 ], [ -90.514180316244605, 14.643402515272122 ] ], [ [ -90.514180316244605, 14.643402515272122 ], [ -90.514186589379705, 14.643372418153836 ] ], [ [ -90.514180316244605, 14.643402515272122 ], [ -90.514208028912805, 14.643387847956356 ] ] ] } },
{ "type": "Feature", "properties": { "kind": "L1", "value": "37.79327621506443", "building_uid": "749" }, "geometry": { "type": "MultiLineString", "coordinates": [ [ [ -90.514190525220656, 14.643079556253335 ], [ -90.513845040496776, 14.643021148649419 ] ], [ [ -90.513845040496776, 14.643021148649419 ], [ -90.513912734156619, 14.643003304352357 ] ], [ [ -90.513845040496776, 14.643021148649419 ], [ -90.513902592993801, 14.643060167124592 ] ] ] } },
{ "type": "Feature", "properties": { "kind": "L1", "value": "20.47940128385833", "building_uid": "751" }, "geometry": { "type": "MultiLineString", "coordinates": [ [ [ -90.515435861755776, 14.643261297372364 ], [ -90.515412519984707, 14.643444896905184 ] ], [ [ -90.515412519984707, 14.643444896905184 ], [ -90.515400812011464, 14.643409696477262 ] ], [ [ -90.515412519984707, 14.643444896905184 ], [ -90.515432689899455, 14.643413538259189 ] ] ] } },
{ "type": "Feature", "properties": { "kind": "L1", "value": "18.366127731357253", "building_uid": "752" }, "geometry": { "type": "MultiLineString", "coordinates": [ [ [ -90.515460713208554, 14.643526741748767 ], [ -90.515293033817656, 14.643497183701696 ] ], [ [ -90.515293033817656, 14.643497183701696 ], [ -90.515325993686162, 14.643488742436112 ] ], [ [ -90.515293033817656, 14.643497183701696 ], [ -90.515320861594205, 14.643516340459396 ] ] ] } },
{ "type": "Feature", "properties": { "kind": "L1", "value": "16.179955876805806", "building_uid": "753" }, "geometry": { "type": "MultiLineString", "coordinates": [ [ [ -90.515120669229134, 14.643470831600407 ], [ -90.514971075892333, 14.643458580667884 ] ], [ [ -90.514971075892333, 14.643458580667884 ], [ -90.514999254961921, 14.643448490657409 ] ], [ [ -90.514971075892333, 14.643458580667884 ], [ -90.514997127860084, 14.64347311193845 ] ] ] } },
{ "type": "Feature", "properties": { "kind": "L1", "value": "43.14141636544057", "building_uid": "754" }, "geometry": { "type": "MultiLineString", "coordinates": [ [ [ -90.515103247126035, 14.64370156674495 ], [ -90.515051952977132, 14.644088071569213 ] ], [ [ -90.515051952977132, 14.644088071569213 ], [ -90.515027696672675, 14.644013791904344 ] ], [ [ -90.515051952977132, 14.644088071569213 ], [ -90.515094804641436, 14.644022234304259 ] ] ] } },
{ "type": "Feature", "properties": { "kind": "L1", "value": "24.813559218566635", "building_uid": "757" }, "geometry": { "type": "MultiLineString", "coordinates": [ [ [ -90.515230048363279, 14.643672225962334 ], [ -90.51519850559248, 14.64389426549169 ] ], [ [ -90.51519850559248, 14.64389426549169 ], [ -90.51518494699269, 14.643851422481141 ] ], [ [ -90.51519850559248, 14.64389426549169 ], [ -90.515223499191336, 14.643856614041606 ] ] ] } },
{ "type": "Feature", "properties": { "kind": "L1", "value": "15.319447356284416", "building_uid": "1305" }, "geometry": { "type": "MultiLineString", "coordinates": [ [ [ -90.51536987309882, 14.64420262404022 ], [ -90.515235036533269, 14.644246408089904 ] ], [ [ -90.515235036533269, 14.644246408089904 ], [ -90.515255676157437, 14.644227375523124 ] ], [ [ -90.515235036533269, 14.644246408089904 ], [ -90.515263278287378, 14.644249567939477 ] ] ] } },
{ "type": "Feature", "properties": { "kind": "L1", "value": "14.928320063694958", "building_uid": "758" }, "geometry": { "type": "MultiLineString", "coordinates": [ [ [ -90.515422797520927, 14.643774272641318 ], [ -90.515290225074821, 14.643735215517085 ] ], [ [ -90.515290225074821, 14.643735215517085 ], [ -90.51531764605663, 14.643731385169618 ] ], [ [ -90.515290225074821, 14.643735215517085 ], [ -90.515310864660023, 14.643753204984911 ] ] ] } },
{ "type": "Feature", "properties": { "kind": "L1", "value": "22.90560465725671", "building_uid": "759" }, "geometry": { "type": "MultiLineString", "coordinates": [ [ [ -90.514766328930591, 14.644867208954437 ], [ -90.514741560500369, 14.645072716629262 ] ], [ [ -90.514741560500369, 14.645072716629262 ], [ -90.5147282090673, 14.645033427706766 ] ], [ [ -90.514741560500369, 14.645072716629262 ], [ -90.514763891073983, 14.645037504270004 ] ] ] } },
{ "type": "Feature", "properties": { "kind": "L1", "value": "21.764169595604876", "building_uid": "760" }, "geometry": { "type": "MultiLineString", "coordinates": [ [ [ -90.514702674065262, 14.644906886887558 ], [ -90.514503423775196, 14.644874936830947 ] ], [ [ -90.514503423775196, 14.644874936830947 ], [ -90.514542313910553, 14.644864331156562 ] ], [ [ -90.514503423775196, 14.644874936830947 ], [ -90.514536766462342, 14.644897125163276 ] ] ] } },
{ "type": "Feature", "properties": { "kind": "L1", "value": "23.8838699077211", "building_uid": "766" }, "geometry": { "type": "MultiLineString", "coordinates": [ [ [ -90.514223731318026, 14.645710555838921 ], [ -90.514172929016112, 14.645920564542914 ] ], [ [ -90.514172929016112, 14.645920564542914 ], [ -90.514163905702588, 14.645878317355976 ] ], [ [ -90.514172929016112, 14.645920564542914 ], [ -90.514200369358321, 14.645886678723432 ] ] ] } },
{ "type": "Feature", "properties": { "kind": "L1", "value": "13.048590436184066", "building_uid": "767" }, "geometry": { "type": "MultiLineString", "coordinates": [ [ [ -90.514283959909619, 14.645669198926317 ], [ -90.51416449146474, 14.645650094499571 ] ], [ [ -90.51416449146474, 14.645650094499571 ], [ -90.514187805042397, 14.645643725960333 ] ], [ [ -90.51416449146474, 14.645650094499571 ], [ -90.514184487955077, 14.645663388843703 ] ] ] } },
{ "type": "Feature", "properties": { "kind": "L1", "value": "32.56527847403226", "building_uid": "768" }, "geometry": { "type": "MultiLineString", "coordinates": [ [ [ -90.514349717661403, 14.645228277970324 ], [ -90.514048012359297, 14.645212307830437 ] ], [ [ -90.514048012359297, 14.645212307830437 ], [ -90.514104086372015, 14.645190374284491 ] ], [ [ -90.514048012359297, 14.645212307830437 ], [ -90.514101313475578, 14.645240030978268 ] ] ] } },
{ "type": "Feature", "properties": { "kind": "L1", "value": "23.730355146013032", "building_uid": "769" }, "geometry": { "type": "MultiLineString", "coordinates": [ [ [ -90.514325869382276, 14.645336598266175 ], [ -90.514108980081929, 14.645299687084831 ] ], [ [ -90.514108980081929, 14.645299687084831 ], [ -90.51415149819357, 14.645288529133344 ] ], [ [ -90.514108980081929, 14.645299687084831 ], [ -90.514145089338669, 14.64532422622097 ] ] ] } },
{ "type": "Feature", "properties": { "kind": "L1", "value": "40.58315741219412", "building_uid": "771" }, "geometry": { "type": "MultiLineString", "coordinates": [ [ [ -90.513777889950518, 14.646266731092634 ], [ -90.513406034874421, 14.646209050873525 ] ], [ [ -90.513406034874421, 14.646209050873525 ], [ -90.513478445392536, 14.646188905059256 ] ], [ [ -90.513406034874421, 14.646209050873525 ], [ -90.513468430371503, 14.646250107183912 ] ] ] } },
{ "type": "Feature", "properties": { "kind": "L1", "value": "41.61966111132412", "building_uid": "772" }, "geometry": { "type": "MultiLineString", "coordinates": [ [ [ -90.513753485302672, 14.646532872747322 ], [ -90.513372778762985, 14.646469896925147 ] ], [ [ -90.513372778762985, 14.646469896925147 ], [ -90.51344725345291, 14.646449982627074 ] ], [ [ -90.513372778762985, 14.646469896925147 ], [ -90.513436318944159, 14.646512641501532 ] ] ] } },
{ "type": "Feature", "properties": { "kind": "L1", "value": "29.010634133605315", "building_uid": "842" }, "geometry": { "type": "MultiLineString", "coordinates": [ [ [ -90.513768118486041, 14.646636753046575 ], [ -90.513765934072651, 14.646898811654131 ] ], [ [ -90.513765934072651, 14.646898811654131 ], [ -90.513743579403609, 14.646851130739238 ] ], [ [ -90.513765934072651, 14.646898811654131 ], [ -90.513789080650866, 14.646851490265039 ] ] ] } },
{ "type": "Feature", "properties": { "kind": "L1", "value": "31.662430899827445", "building_uid": "843" }, "geometry": { "type": "MultiLineString", "coordinates": [ [ [ -90.513904426454232, 14.64661855012827 ], [ -90.513866403921355, 14.646902166620686 ] ], [ [ -90.513866403921355, 14.646902166620686 ], [ -90.513848673785915, 14.646847628871052 ] ], [ [ -90.513866403921355, 14.646902166620686 ], [ -90.513897918128322, 14.646853886837707 ] ] ] } },
{ "type": "Feature", "properties": { "kind": "L1", "value": "20.882402906393757", "building_uid": "844" }, "geometry": { "type": "MultiLineString", "coordinates": [ [ [ -90.51367743374378, 14.646684804820277 ], [ -90.513653683700241, 14.646872023198549 ] ], [ [ -90.513653683700241, 14.646872023198549 ], [ -90.513641735308951, 14.646836133245534 ] ], [ [ -90.513653683700241, 14.646872023198549 ], [ -90.513674242041603, 14.646840042162543 ] ] ] } },
{ "type": "Feature", "properties": { "kind": "L1", "value": "20.7483803470753", "building_uid": "845" }, "geometry": { "type": "MultiLineString", "coordinates": [ [ [ -90.514138738765865, 14.646711889092474 ], [ -90.51394866333689, 14.646682167556941 ] ], [ [ -90.51394866333689, 14.646682167556941 ], [ -90.513985696977116, 14.646671913098103 ] ], [ [ -90.51394866333689, 14.646682167556941 ], [ -90.513980536421329, 14.64670319678121 ] ] ] } },
{ "type": "Feature", "properties": { "kind": "L1", "value": "13.490492291394741", "building_uid": "520" }, "geometry": { "type": "MultiLineString", "coordinates": [ [ [ -90.512354458365664, 14.645299042507732 ], [ -90.512242326583916, 14.645244889017954 ] ], [ [ -90.512242326583916, 14.645244889017954 ], [ -90.512267353063493, 14.64524547726689 ] ], [ [ -90.512242326583916, 14.645244889017954 ], [ -90.512257950457482, 14.645263932667421 ] ] ] } },
{ "type": "Feature", "properties": { "kind": "L1", "value": "23.55799578381431", "building_uid": "914" }, "geometry": { "type": "MultiLineString", "coordinates": [ [ [ -90.515047704192625, 14.646176744595685 ], [ -90.515018877662072, 14.646387696896028 ] ], [ [ -90.515018877662072, 14.646387696896028 ], [ -90.515005789025025, 14.646347087131417 ] ], [ [ -90.515018877662072, 14.646387696896028 ], [ -90.515042416596472, 14.646351831576577 ] ] ] } },
{ "type": "Feature", "properties": { "kind": "L1", "value": "32.87514599520622", "building_uid": "915" }, "geometry": { "type": "MultiLineString", "coordinates": [ [ [ -90.514790285099423, 14.646135016909096 ], [ -90.514747613338969, 14.646429074028715 ] ], [ [ -90.514747613338969, 14.646429074028715 ], [ -90.51472981958419, 14.646372261188986 ] ], [ [ -90.514747613338969, 14.646429074028715 ], [ -90.514780876620904, 14.646379284367653 ] ] ] } },
{ "type": "Feature", "properties": { "kind": "L1", "value": "29.321054982234397", "building_uid": "916" }, "geometry": { "type": "MultiLineString", "coordinates": [ [ [ -90.514645240903334, 14.646122873696159 ], [ -90.514613703726695, 14.646385959560174 ] ], [ [ -90.514613703726695, 14.646385959560174 ], [ -90.51459658046393, 14.646335676916449 ] ], [ [ -90.514613703726695, 14.646385959560174 ], [ -90.514642259964674, 14.646340867498036 ] ] ] } },
{ "type": "Feature", "properties": { "kind": "L1", "value": "26.676286343888215", "building_uid": "918" }, "geometry": { "type": "MultiLineString", "coordinates": [ [ [ -90.514195066229519, 14.646325008082259 ], [ -90.513950744319231, 14.646286442017919 ] ], [ [ -90.513950744319231, 14.646286442017919 ], [ -90.513998378591154, 14.646273326607901 ] ], [ [ -90.513950744319231, 14.646286442017919 ], [ -90.513991682367475, 14.646313538553674 ] ] ] } },
{ "type": "Feature", "properties": { "kind": "L1", "value": "13.845330901372115", "building_uid": "919" }, "geometry": { "type": "MultiLineString", "coordinates": [ [ [ -90.513813057003105, 14.64603780662056 ], [ -90.513686912287142, 14.646014159076234 ] ], [ [ -90.513686912287142, 14.646014159076234 ], [ -90.513711830427823, 14.64600806463587 ] ], [ [ -90.513686912287142, 14.646014159076234 ], [ -90.513707724515896, 14.646028826307498 ] ] ] } },
{ "type": "Feature", "properties": { "kind": "L1", "value": "43.17976026147993", "building_uid": "1267" }, "geometry": { "type": "MultiLineString", "coordinates": [ [ [ -90.514490648907596, 14.644135948296828 ], [ -90.514093656308901, 14.644083481462424 ] ], [ [ -90.514093656308901, 14.644083481462424 ], [ -90.514170170651639, 14.644060321705387 ] ], [ [ -90.514093656308901, 14.644083481462424 ], [ -90.514161060913011, 14.644125661755586 ] ] ] } },
{ "type": "Feature", "properties": { "kind": "L1", "value": "43.11111993624272", "building_uid": "1268" }, "geometry": { "type": "MultiLineString", "coordinates": [ [ [ -90.514503506899516, 14.644032618366595 ], [ -90.514108759505746, 14.643969734771472 ] ], [ [ -90.514108759505746, 14.643969734771472 ], [ -90.514185771193084, 14.643948647922265 ] ], [ [ -90.514108759505746, 14.643969734771472 ], [ -90.514174852821256, 14.644013618471305 ] ] ] } },
{ "type": "Feature", "properties": { "kind": "L1", "value": "25.211242743947157", "building_uid": "1269" }, "geometry": { "type": "MultiLineString", "coordinates": [ [ [ -90.514533875025876, 14.643887900524772 ], [ -90.514299993672765, 14.643883956256731 ] ], [ [ -90.514299993672765, 14.643883956256731 ], [ -90.514342729790897, 14.643865424213654 ] ], [ [ -90.514299993672765, 14.643883956256731 ], [ -90.514342044943888, 14.643903918222842 ] ] ] } },
{ "type": "Feature", "properties": { "kind": "L1", "value": "24.048602638560908", "building_uid": "1271" }, "geometry": { "type": "MultiLineString", "coordinates": [ [ [ -90.513513252383433, 14.643446121606118 ], [ -90.513291448762985, 14.643422482444519 ] ], [ [ -90.513291448762985, 14.643422482444519 ], [ -90.513333705433809, 14.643408514212176 ] ], [ [ -90.513291448762985, 14.643422482444519 ], [ -90.513329601018739, 14.643445020449569 ] ] ] } },
{ "type": "Feature", "properties": { "kind": "L1", "value": "18.07932500605048", "building_uid": "1272" }, "geometry": { "type": "MultiLineString", "coordinates": [ [ [ -90.512272348593498, 14.643920134991351 ], [ -90.512343270037945, 14.644068139069931 ] ], [ [ -90.512343270037945, 14.644068139069931 ], [ -90.512317565889688, 14.644047148019688 ] ], [ [ -90.512343270037945, 14.644068139069931 ], [ -90.512343263510431, 14.644035475221022 ] ] ] } },
{ "type": "Feature", "properties": { "kind": "L1", "value": "22.848160702635507", "building_uid": "1297" }, "geometry": { "type": "MultiLineString", "coordinates": [ [ [ -90.513691965142385, 14.644374641772194 ], [ -90.513664879912071, 14.644579348837008 ] ], [ [ -90.513664879912071, 14.644579348837008 ], [ -90.513652017970998, 14.644540014371765 ] ], [ [ -90.513664879912071, 14.644579348837008 ], [ -90.51368756088786, 14.644544472260307 ] ] ] } },
{ "type": "Feature", "properties": { "kind": "L1", "value": "11.701053545347582", "building_uid": "1300" }, "geometry": { "type": "MultiLineString", "coordinates": [ [ [ -90.515300168650285, 14.644462839173983 ], [ -90.515287176395674, 14.644567781021385 ] ], [ [ -90.515287176395674, 14.644567781021385 ], [ -90.515280420961759, 14.644547689918372 ] ], [ [ -90.515287176395674, 14.644567781021385 ], [ -90.515298641825396, 14.644549828279178 ] ] ] } },
{ "type": "Feature", "properties": { "kind": "L1", "value": "17.52742115565916", "building_uid": "1302" }, "geometry": { "type": "MultiLineString", "coordinates": [ [ [ -90.515341176809201, 14.644409562403247 ], [ -90.515180232843477, 14.644386859283641 ] ], [ [ -90.515180232843477, 14.644386859283641 ], [ -90.515211376745754, 14.64437772982196 ] ], [ [ -90.515180232843477, 14.644386859283641 ], [ -90.515207434840988, 14.64440421916666 ] ] ] } },
{ "type": "Feature", "properties": { "kind": "L1", "value": "41.35775264955164", "building_uid": "1303" }, "geometry": { "type": "MultiLineString", "coordinates": [ [ [ -90.515354311007286, 14.644326364265114 ], [ -90.51497381107842, 14.644277999413623 ] ], [ [ -90.51497381107842, 14.644277999413623 ], [ -90.515046979829663, 14.644255453392784 ] ], [ [ -90.51497381107842, 14.644277999413623 ], [ -90.515038582304783, 14.644318078899335 ] ] ] } },
{ "type": "Feature", "properties": { "kind": "L1", "value": "30.98262529162908", "building_uid": "1405" }, "geometry": { "type": "MultiLineString", "coordinates": [ [ [ -90.512193040854626, 14.646503858258621 ], [ -90.511905772703102, 14.646493430578845 ] ], [ [ -90.511905772703102, 14.646493430578845 ], [ -90.511958748656426, 14.646471680616562 ] ], [ [ -90.511905772703102, 14.646493430578845 ], [ -90.511956938081482, 14.6465189608681 ] ] ] } },
{ "type": "Feature", "properties": { "kind": "L1", "value": "31.868735403311856", "building_uid": "1406" }, "geometry": { "type": "MultiLineString", "coordinates": [ [ [ -90.512213593882464, 14.646348155576108 ], [ -90.511920352890726, 14.646311186632552 ] ], [ [ -90.511920352890726, 14.646311186632552 ], [ -90.51197671565879, 14.646293756041111 ] ], [ [ -90.511920352890726, 14.646311186632552 ], [ -90.511970296735669, 14.646342019373011 ] ] ] } },
{ "type": "Feature", "properties": { "kind": "L1", "value": "18.803097641714693", "building_uid": "1408" }, "geometry": { "type": "MultiLineString", "coordinates": [ [ [ -90.512123047350187, 14.646096485393162 ], [ -90.511950301757295, 14.646072721367245 ] ], [ [ -90.511950301757295, 14.646072721367245 ], [ -90.511983676958423, 14.646062813119665 ] ], [ [ -90.511950301757295, 14.646072721367245 ], [ -90.511979550817529, 14.646091244641648 ] ] ] } },
{ "type": "Feature", "properties": { "kind": "L1", "value": "32.52923877469503", "building_uid": "1409" }, "geometry": { "type": "MultiLineString", "coordinates": [ [ [ -90.512238489157056, 14.646230120001764 ], [ -90.511940707740635, 14.646182225194854 ] ], [ [ -90.511940707740635, 14.646182225194854 ], [ -90.511998842035112, 14.64616640138436 ] ], [ [ -90.511940707740635, 14.646182225194854 ], [ -90.51199052606303, 14.646215412033309 ] ] ] } },
{ "type": "Feature", "properties": { "kind": "L1", "value": "41.849490224774854", "building_uid": "1410" }, "geometry": { "type": "MultiLineString", "coordinates": [ [ [ -90.51373883853617, 14.646650965971681 ], [ -90.513354902652836, 14.646594477996336 ] ], [ [ -90.513354902652836, 14.646594477996336 ], [ -90.513429399461629, 14.646573121967558 ] ], [ [ -90.513354902652836, 14.646594477996336 ], [ -90.513419591429724, 14.646636312311086 ] ] ] } },
{ "type": "Feature", "properties": { "kind": "L1", "value": "17.800561373788224", "building_uid": "1411" }, "geometry": { "type": "MultiLineString", "coordinates": [ [ [ -90.513487915720617, 14.646818596169803 ], [ -90.513329526981494, 14.646773024256541 ] ], [ [ -90.513329526981494, 14.646773024256541 ], [ -90.513362193092732, 14.646768250451078 ] ], [ [ -90.513329526981494, 14.646773024256541 ], [ -90.513354280436559, 14.646794318948317 ] ] ] } },
{ "type": "Feature", "properties": { "kind": "L1", "value": "32.674360302066255", "building_uid": "1412" }, "geometry": { "type": "MultiLineString", "coordinates": [ [ [ -90.514182419563724, 14.646405550870943 ], [ -90.513883408925636, 14.646356857142132 ] ], [ [ -90.513883408925636, 14.646356857142132 ], [ -90.513941835392203, 14.646341077009263 ] ], [ [ -90.513883408925636, 14.646356857142132 ], [ -90.513933380696727, 14.646390289931023 ] ] ] } },
{ "type": "Feature", "properties": { "kind": "L1", "value": "32.50650678674556", "building_uid": "1413" }, "geometry": { "type": "MultiLineString", "coordinates": [ [ [ -90.514171978143409, 14.646484303584925 ], [ -90.51387428552664, 14.6464371461234 ] ], [ [ -90.51387428552664, 14.6464371461234 ], [ -90.51393233971767, 14.646421195996911 ] ], [ [ -90.51387428552664, 14.6464371461234 ], [ -90.513924151760875, 14.646470191973128 ] ] ] } },
{ "type": "Feature", "properties": { "kind": "L1", "value": "30.314116301917387", "building_uid": "1414" }, "geometry": { "type": "MultiLineString", "coordinates": [ [ [ -90.514163567385253, 14.646577192996775 ], [ -90.513882301939674, 14.646577456549627 ] ], [ [ -90.513882301939674, 14.646577456549627 ], [ -90.513933261677153, 14.646554262665152 ] ], [ [ -90.513882301939674, 14.646577456549627 ], [ -90.513933307418938, 14.64660055494061 ] ] ] } },
{ "type": "Feature", "properties": { "kind": "L1", "value": "32.18206665300689", "building_uid": "1426" }, "geometry": { "type": "MultiLineString", "coordinates": [ [ [ -90.512950511977266, 14.644596224567412 ], [ -90.51291085944257, 14.644884365965831 ] ], [ [ -90.51291085944257, 14.644884365965831 ], [ -90.512893032167838, 14.644828873856802 ] ], [ [ -90.51291085944257, 14.644884365965831 ], [ -90.512943061703382, 14.644835400159396 ] ] ] } },
{ "type": "Feature", "properties": { "kind": "L1", "value": "16.528946706826524", "building_uid": "1428" }, "geometry": { "type": "MultiLineString", "coordinates": [ [ [ -90.513392667003814, 14.645316795947974 ], [ -90.513245031453764, 14.645276379254444 ] ], [ [ -90.513245031453764, 14.645276379254444 ], [ -90.513275300851262, 14.645271555830426 ] ], [ [ -90.513245031453764, 14.645276379254444 ], [ -90.513268283345056, 14.645295854676636 ] ] ] } },
{ "type": "Feature", "properties": { "kind": "L1", "value": "20.69311026090136", "building_uid": "1429" }, "geometry": { "type": "MultiLineString", "coordinates": [ [ [ -90.513432699479878, 14.645174202103671 ], [ -90.513240764557438, 14.645178955649092 ] ], [ [ -90.513240764557438, 14.645178955649092 ], [ -90.513275142307478, 14.645162299049735 ] ], [ [ -90.513240764557438, 14.645178955649092 ], [ -90.513275967650543, 14.645193889002064 ] ] ] } },
{ "type": "Feature", "properties": { "kind": "L1", "value": "24.127582941741768", "building_uid": "1430" }, "geometry": { "type": "MultiLineString", "coordinates": [ [ [ -90.513017212280459, 14.645283342384385 ], [ -90.512795631858097, 14.645252296261305 ] ], [ [ -90.512795631858097, 14.645252296261305 ], [ -90.512838491118615, 14.645239689148571 ] ], [ [ -90.512795631858097, 14.645252296261305 ], [ -90.512833100607423, 14.64527615834106 ] ] ] } },
{ "type": "Feature", "properties": { "kind": "L1", "value": "10.26764369777855", "building_uid": "763" }, "geometry": { "type": "MultiLineString", "coordinates": [ [ [ -90.514540338845379, 14.645208055123383 ], [ -90.514471646319009, 14.645143789031424 ] ], [ [ -90.514471646319009, 14.645143789031424 ], [ -90.514489676849067, 14.645149785063484 ] ], [ [ -90.514471646319009, 14.645143789031424 ], [ -90.514478518411281, 14.645161090945139 ] ] ] } },
{ "type": "Feature", "properties": { "kind": "L1", "value": "24.15865550936753", "building_uid": "1431" }, "geometry": { "type": "MultiLineString", "coordinates": [ [ [ -90.513003180631969, 14.645368941898818 ], [ -90.512780967642755, 14.645340302333198 ] ], [ [ -90.512780967642755, 14.645340302333198 ], [ -90.512823732640925, 14.645327206955487 ] ], [ [ -90.512780967642755, 14.645340302333198 ], [ -90.512818759975204, 14.645363780245535 ] ] ] } },
{ "type": "Feature", "properties": { "kind": "L1", "value": "16.94497442279055", "building_uid": "1542" }, "geometry": { "type": "MultiLineString", "coordinates": [ [ [ -90.51502178110006, 14.644908447049655 ], [ -90.515010127887905, 14.645061098390613 ] ], [ [ -90.515010127887905, 14.645061098390613 ], [ -90.514998987851769, 14.64503246958688 ] ], [ [ -90.515010127887905, 14.645061098390613 ], [ -90.51502549248805, 14.645034387554738 ] ] ] } },
{ "type": "Feature", "properties": { "kind": "L1", "value": "20.311125283851567", "building_uid": "1543" }, "geometry": { "type": "MultiLineString", "coordinates": [ [ [ -90.515257651210348, 14.645053748494986 ], [ -90.515111851928751, 14.644937495985211 ] ], [ [ -90.515111851928751, 14.644937495985211 ], [ -90.515148372099105, 14.644946569774895 ] ], [ [ -90.515111851928751, 14.644937495985211 ], [ -90.515128187343365, 14.644970566427004 ] ] ] } },
{ "type": "Feature", "properties": { "kind": "L1", "value": "18.90499086091663", "building_uid": "1544" }, "geometry": { "type": "MultiLineString", "coordinates": [ [ [ -90.515221124349353, 14.645109893642745 ], [ -90.515195382968329, 14.645278822882595 ] ], [ [ -90.515195382968329, 14.645278822882595 ], [ -90.515185383409062, 14.645246084159307 ] ], [ [ -90.515195382968329, 14.645278822882595 ], [ -90.515214714382637, 14.645250320852449 ] ] ] } },
{ "type": "Feature", "properties": { "kind": "L1", "value": "25.6363247798405", "building_uid": "1545" }, "geometry": { "type": "MultiLineString", "coordinates": [ [ [ -90.515176618873099, 14.645331067807817 ], [ -90.514941754556162, 14.645294416285529 ] ], [ [ -90.514941754556162, 14.645294416285529 ], [ -90.514987508305126, 14.645281732045895 ] ], [ [ -90.514941754556162, 14.645294416285529 ], [ -90.514981144532797, 14.64532038758245 ] ] ] } },
{ "type": "Feature", "properties": { "kind": "L1", "value": "13.867770820775505", "building_uid": "1546" }, "geometry": { "type": "MultiLineString", "coordinates": [ [ [ -90.515191471790232, 14.645490038027754 ], [ -90.515063603878772, 14.645476074042341 ] ], [ [ -90.515063603878772, 14.645476074042341 ], [ -90.515087993691282, 14.645468082511725 ] ], [ [ -90.515063603878772, 14.645476074042341 ], [ -90.515085569135508, 14.645489127850485 ] ] ] } },
{ "type": "Feature", "properties": { "kind": "L1", "value": "41.79352537099693", "building_uid": "1549" }, "geometry": { "type": "MultiLineString", "coordinates": [ [ [ -90.514310076378962, 14.645441546941102 ], [ -90.513925732051945, 14.645391446772983 ] ], [ [ -90.513925732051945, 14.645391446772983 ], [ -90.513999748316465, 14.645368899092238 ] ], [ [ -90.513925732051945, 14.645391446772983 ], [ -90.513991049446687, 14.645432157012689 ] ] ] } },
{ "type": "Feature", "properties": { "kind": "L1", "value": "13.737883471464398", "building_uid": "1551" }, "geometry": { "type": "MultiLineString", "coordinates": [ [ [ -90.513894348337359, 14.645764456421213 ], [ -90.513926344108455, 14.645884584085978 ] ], [ [ -90.513926344108455, 14.645884584085978 ], [ -90.51391011566497, 14.645865442591123 ] ], [ [ -90.513926344108455, 14.645884584085978 ], [ -90.513930973341488, 14.645860176525138 ] ] ] } },
{ "type": "Feature", "properties": { "kind": "L1", "value": "13.462269801163366", "building_uid": "1552" }, "geometry": { "type": "MultiLineString", "coordinates": [ [ [ -90.512783203853573, 14.64558398821285 ], [ -90.512769124838343, 14.645704824405797 ] ], [ [ -90.512769124838343, 14.645704824405797 ], [ -90.512761186484582, 14.6456817628414 ] ], [ [ -90.512769124838343, 14.645704824405797 ], [ -90.512782167164644, 14.645684080057341 ] ] ] } },
{ "type": "Feature", "properties": { "kind": "L1", "value": "10.902952481834282", "building_uid": "1553" }, "geometry": { "type": "MultiLineString", "coordinates": [ [ [ -90.512772778470961, 14.64550077311409 ], [ -90.512827329232991, 14.645583717640093 ] ], [ [ -90.512827329232991, 14.645583717640093 ], [ -90.512810240485948, 14.645573172146889 ] ], [ [ -90.512827329232991, 14.645583717640093 ], [ -90.512824642061958, 14.645564193826129 ] ] ] } },
{ "type": "Feature", "properties": { "kind": "L1", "value": "21.580777432221637", "building_uid": "1554" }, "geometry": { "type": "MultiLineString", "coordinates": [ [ [ -90.512967321969072, 14.645457456616363 ], [ -90.512768833035693, 14.64543178033319 ] ], [ [ -90.512768833035693, 14.64543178033319 ], [ -90.512807040520144, 14.645420100161241 ] ], [ [ -90.512768833035693, 14.64543178033319 ], [ -90.51280258236612, 14.645452768775296 ] ] ] } },
{ "type": "Feature", "properties": { "kind": "L1", "value": "27.03238266968133", "building_uid": "1556" }, "geometry": { "type": "MultiLineString", "coordinates": [ [ [ -90.513060677735552, 14.645059099183333 ], [ -90.512830939898478, 14.644961114562845 ] ], [ [ -90.512830939898478, 14.644961114562845 ], [ -90.512881088987186, 14.644959969503894 ] ], [ [ -90.512830939898478, 14.644961114562845 ], [ -90.512864076049496, 14.644997781340104 ] ] ] } },
{ "type": "Feature", "properties": { "kind": "L1", "value": "39.12712881055846", "building_uid": "1557" }, "geometry": { "type": "MultiLineString", "coordinates": [ [ [ -90.513113106872126, 14.64460733671403 ], [ -90.51303371675867, 14.64495223582373 ] ], [ [ -90.51303371675867, 14.64495223582373 ], [ -90.513018165009768, 14.644883185578244 ] ], [ [ -90.51303371675867, 14.64495223582373 ], [ -90.513078049310707, 14.644896252177286 ] ] ] } },
{ "type": "Feature", "properties": { "kind": "L1", "value": "34.62926004659499", "building_uid": "1558" }, "geometry": { "type": "MultiLineString", "coordinates": [ [ [ -90.513298537614389, 14.644634688833056 ], [ -90.513247804986264, 14.644943587578956 ] ], [ [ -90.513247804986264, 14.644943587578956 ], [ -90.513230184070849, 14.644883421141317 ] ], [ [ -90.513247804986264, 14.644943587578956 ], [ -90.513283817685064, 14.644891771084199 ] ] ] } },
{ "type": "Feature", "properties": { "kind": "L1", "value": "34.48873297031692", "building_uid": "1559" }, "geometry": { "type": "MultiLineString", "coordinates": [ [ [ -90.513218314962629, 14.644628668923161 ], [ -90.513166029621885, 14.644936035449668 ] ], [ [ -90.513166029621885, 14.644936035449668 ], [ -90.513148823173196, 14.644876018966221 ] ], [ [ -90.513166029621885, 14.644936035449668 ], [ -90.513202190748629, 14.64488462446587 ] ] ] } },
{ "type": "Feature", "properties": { "kind": "L1", "value": "20.343334949068975", "building_uid": "2593" }, "geometry": { "type": "MultiLineString", "coordinates": [ [ [ -90.515351738556689, 14.643828529044015 ], [ -90.515343847616336, 14.644012139915855 ] ], [ [ -90.515343847616336, 14.644012139915855 ], [ -90.515329337973171, 14.643978208946219 ] ], [ [ -90.515343847616336, 14.644012139915855 ], [ -90.515361217913764, 14.643979507699989 ] ] ] } },
{ "type": "Feature", "properties": { "kind": "L1", "value": "15.792887402962112", "building_uid": "2594" }, "geometry": { "type": "MultiLineString", "coordinates": [ [ [ -90.515356596478583, 14.644023275869859 ], [ -90.515338398911098, 14.644164836493649 ] ], [ [ -90.515338398911098, 14.644164836493649 ], [ -90.515329407998934, 14.644137679446876 ] ], [ [ -90.515338398911098, 14.644164836493649 ], [ -90.51535398686805, 14.644140674542518 ] ] ] } },
{ "type": "Feature", "properties": { "kind": "L1", "value": "13.753454724843563", "building_uid": "2595" }, "geometry": { "type": "MultiLineString", "coordinates": [ [ [ -90.515105389307436, 14.644211552806734 ], [ -90.514978799204158, 14.644195888812719 ] ], [ [ -90.514978799204158, 14.644195888812719 ], [ -90.515003104976316, 14.644188310521679 ] ], [ [ -90.514978799204158, 14.644195888812719 ], [ -90.515000385266006, 14.644209145673448 ] ] ] } },
{ "type": "Feature", "properties": { "kind": "L1", "value": "6.670650725527463", "building_uid": "2596" }, "geometry": { "type": "MultiLineString", "coordinates": [ [ [ -90.51530781816713, 14.644656677520635 ], [ -90.515246823729029, 14.644646450726285 ] ], [ [ -90.515246823729029, 14.644646450726285 ], [ -90.515258767505998, 14.644643285000541 ] ], [ [ -90.515246823729029, 14.644646450726285 ], [ -90.515256991844467, 14.644653323903599 ] ] ] } },
{ "type": "Feature", "properties": { "kind": "L1", "value": "41.00933797947146", "building_uid": "2597" }, "geometry": { "type": "MultiLineString", "coordinates": [ [ [ -90.514227189949068, 14.644290026848541 ], [ -90.514166161494842, 14.644655688269074 ] ], [ [ -90.514166161494842, 14.644655688269074 ], [ -90.514145479059806, 14.644584385652466 ] ], [ [ -90.514166161494842, 14.644655688269074 ], [ -90.514208968201942, 14.644594430173077 ] ] ] } },
{ "type": "Feature", "properties": { "kind": "L1", "value": "16.990185101131374", "building_uid": "2598" }, "geometry": { "type": "MultiLineString", "coordinates": [ [ [ -90.514273245579204, 14.644526811216902 ], [ -90.514283413567327, 14.644679972339228 ] ], [ [ -90.514283413567327, 14.644679972339228 ], [ -90.514268273951075, 14.64465304687549 ] ], [ [ -90.514283413567327, 14.644679972339228 ], [ -90.514294867053408, 14.644651373355057 ] ] ] } },
{ "type": "Feature", "properties": { "kind": "L1", "value": "20.61715727077385", "building_uid": "2599" }, "geometry": { "type": "MultiLineString", "coordinates": [ [ [ -90.514455916251606, 14.644390405418493 ], [ -90.514265186710077, 14.644376136886621 ] ], [ [ -90.514265186710077, 14.644376136886621 ], [ -90.514300997352876, 14.644363027395872 ] ], [ [ -90.514265186710077, 14.644376136886621 ], [ -90.514298519926896, 14.644394419072595 ] ] ] } },
{ "type": "Feature", "properties": { "kind": "L1", "value": "31.609102097618308", "building_uid": "2689" }, "geometry": { "type": "MultiLineString", "coordinates": [ [ [ -90.51480075801517, 14.648331892615596 ], [ -90.514510783661876, 14.648289120531745 ] ], [ [ -90.514510783661876, 14.648289120531745 ], [ -90.514567058145175, 14.648273010865578 ] ], [ [ -90.514510783661876, 14.648289120531745 ], [ -90.514559631557717, 14.648320736117862 ] ] ] } },
{ "type": "Feature", "properties": { "kind": "L1", "value": "31.627720912586014", "building_uid": "2690" }, "geometry": { "type": "MultiLineString", "coordinates": [ [ [ -90.514802861865221, 14.648275555008132 ], [ -90.514515335097798, 14.648218412007248 ] ], [ [ -90.514515335097798, 14.648218412007248 ], [ -90.514572413543107, 14.648205108645678 ] ], [ [ -90.514515335097798, 14.648218412007248 ], [ -90.514562491719801, 14.648252431076541 ] ] ] } },
{ "type": "Feature", "properties": { "kind": "L1", "value": "23.19326197704943", "building_uid": "2691" }, "geometry": { "type": "MultiLineString", "coordinates": [ [ [ -90.514791337361132, 14.648414117733921 ], [ -90.514578140136237, 14.648385617293918 ] ], [ [ -90.514578140136237, 14.648385617293918 ], [ -90.514619258879591, 14.648373238880781 ] ], [ [ -90.514578140136237, 14.648385617293918 ], [ -90.514614310301397, 14.648408327802985 ] ] ] } },
{ "type": "Feature", "properties": { "kind": "L1", "value": "28.568373927956745", "building_uid": "2693" }, "geometry": { "type": "MultiLineString", "coordinates": [ [ [ -90.514821959734462, 14.648181334172058 ], [ -90.51456031277273, 14.648139993926463 ] ], [ [ -90.51456031277273, 14.648139993926463 ], [ -90.514611328280722, 14.648125955826407 ] ], [ [ -90.51456031277273, 14.648139993926463 ], [ -90.514604150313602, 14.648169018862388 ] ] ] } },
{ "type": "Feature", "properties": { "kind": "L1", "value": "32.54173111881703", "building_uid": "2694" }, "geometry": { "type": "MultiLineString", "coordinates": [ [ [ -90.51484274013103, 14.648071475825365 ], [ -90.514549627981097, 14.648000926157152 ] ], [ [ -90.514549627981097, 14.648000926157152 ], [ -90.51460888274012, 14.647989593252989 ] ], [ [ -90.514549627981097, 14.648000926157152 ], [ -90.514596633113484, 14.648037834996931 ] ] ] } },
{ "type": "Feature", "properties": { "kind": "L1", "value": "40.82082851962101", "building_uid": "2695" }, "geometry": { "type": "MultiLineString", "coordinates": [ [ [ -90.514870702813994, 14.647866413975999 ], [ -90.514495941236248, 14.647813019575864 ] ], [ [ -90.514495941236248, 14.647813019575864 ], [ -90.514568506554497, 14.64779185795156 ] ], [ [ -90.514495941236248, 14.647813019575864 ], [ -90.514559235608957, 14.647853537989565 ] ] ] } },
{ "type": "Feature", "properties": { "kind": "L1", "value": "40.47193973085496", "building_uid": "2696" }, "geometry": { "type": "MultiLineString", "coordinates": [ [ [ -90.514880516311081, 14.647757086052188 ], [ -90.514509412845044, 14.647701205146186 ] ], [ [ -90.514509412845044, 14.647701205146186 ], [ -90.514581530952114, 14.64768079524802 ] ], [ [ -90.514509412845044, 14.647701205146186 ], [ -90.514571828278207, 14.647741873247693 ] ] ] } },
{ "type": "Feature", "properties": { "kind": "L1", "value": "32.28722108139381", "building_uid": "2697" }, "geometry": { "type": "MultiLineString", "coordinates": [ [ [ -90.514858513548972, 14.647972422113842 ], [ -90.514564415088785, 14.647916908530014 ] ], [ [ -90.514564415088785, 14.647916908530014 ], [ -90.514622543264167, 14.64790276898602 ] ], [ [ -90.514564415088785, 14.647916908530014 ], [ -90.514612904370935, 14.647951173082857 ] ] ] } },
{ "type": "Feature", "properties": { "kind": "L1", "value": "28.26069002892024", "building_uid": "2698" }, "geometry": { "type": "MultiLineString", "coordinates": [ [ [ -90.51482301203545, 14.647172185336869 ], [ -90.514789573937904, 14.647425393861774 ] ], [ [ -90.514789573937904, 14.647425393861774 ], [ -90.514773652632528, 14.647376745180933 ] ], [ [ -90.514789573937904, 14.647425393861774 ], [ -90.514817617345926, 14.647382248600724 ] ] ] } },
{ "type": "Feature", "properties": { "kind": "L1", "value": "28.416542353497487", "building_uid": "2699" }, "geometry": { "type": "MultiLineString", "coordinates": [ [ [ -90.514767499059829, 14.647155019877893 ], [ -90.514722652437811, 14.647407979945227 ] ], [ [ -90.514722652437811, 14.647407979945227 ], [ -90.514708820633203, 14.647358437463154 ] ], [ [ -90.514722652437811, 14.647407979945227 ], [ -90.51475274220283, 14.647365818558232 ] ] ] } },
{ "type": "Feature", "properties": { "kind": "L1", "value": "11.964461309602669", "building_uid": "2700" }, "geometry": { "type": "MultiLineString", "coordinates": [ [ [ -90.514954329261315, 14.647241218422009 ], [ -90.514850665366978, 14.647202551987847 ] ], [ [ -90.514850665366978, 14.647202551987847 ], [ -90.514872812476582, 14.647201029956124 ] ], [ [ -90.514850665366978, 14.647202551987847 ], [ -90.514866098808554, 14.647218091501667 ] ] ] } },
{ "type": "Feature", "properties": { "kind": "L1", "value": "11.56500180009498", "building_uid": "2701" }, "geometry": { "type": "MultiLineString", "coordinates": [ [ [ -90.514941840034155, 14.647331214776937 ], [ -90.514842046245377, 14.647292815786669 ] ], [ [ -90.514842046245377, 14.647292815786669 ], [ -90.514863468636904, 14.647291563761923 ] ], [ [ -90.514842046245377, 14.647292815786669 ], [ -90.514856801402644, 14.647307988338454 ] ] ] } },
{ "type": "Feature", "properties": { "kind": "L1", "value": "27.240082301418838", "building_uid": "2702" }, "geometry": { "type": "MultiLineString", "coordinates": [ [ [ -90.514918778104999, 14.647507539386252 ], [ -90.514668480114494, 14.647473382426059 ] ], [ [ -90.514668480114494, 14.647473382426059 ], [ -90.5147168148616, 14.647458976139299 ] ], [ [ -90.514668480114494, 14.647473382426059 ], [ -90.514710884155633, 14.647500171438489 ] ] ] } },
{ "type": "Feature", "properties": { "kind": "L1", "value": "12.272657042557613", "building_uid": "2703" }, "geometry": { "type": "MultiLineString", "coordinates": [ [ [ -90.514910688803155, 14.647362879333327 ], [ -90.514894627428419, 14.647472635964512 ] ], [ [ -90.514894627428419, 14.647472635964512 ], [ -90.514888010189452, 14.647451419574917 ] ], [ [ -90.514894627428419, 14.647472635964512 ], [ -90.514907067290849, 14.647454063038607 ] ] ] } },
{ "type": "Feature", "properties": { "kind": "L1", "value": "33.44704816386309", "building_uid": "2704" }, "geometry": { "type": "MultiLineString", "coordinates": [ [ [ -90.514687971130627, 14.647139227138522 ], [ -90.514612877368293, 14.647432391793078 ] ], [ [ -90.514612877368293, 14.647432391793078 ], [ -90.514601037844585, 14.647373072649806 ] ], [ [ -90.514612877368293, 14.647432391793078 ], [ -90.514651940157165, 14.647385431979316 ] ] ] } },
{ "type": "Feature", "properties": { "kind": "L1", "value": "31.45127686174255", "building_uid": "2705" }, "geometry": { "type": "MultiLineString", "coordinates": [ [ [ -90.514557162780306, 14.647135494216029 ], [ -90.514516185150953, 14.647416794031331 ] ], [ [ -90.514516185150953, 14.647416794031331 ], [ -90.514499191725676, 14.647362433031203 ] ], [ [ -90.514516185150953, 14.647416794031331 ], [ -90.514548033939434, 14.647369177348189 ] ] ] } },
{ "type": "Feature", "properties": { "kind": "L1", "value": "16.29064743531736", "building_uid": "2706" }, "geometry": { "type": "MultiLineString", "coordinates": [ [ [ -90.51438973387117, 14.647092780722684 ], [ -90.514367074759306, 14.647238279178955 ] ], [ [ -90.514367074759306, 14.647238279178955 ], [ -90.514358550516249, 14.647210041223525 ] ], [ [ -90.514367074759306, 14.647238279178955 ], [ -90.514383813461251, 14.647213770581436 ] ] ] } },
{ "type": "Feature", "properties": { "kind": "L1", "value": "16.207226908034517", "building_uid": "2708" }, "geometry": { "type": "MultiLineString", "coordinates": [ [ [ -90.514464786165973, 14.64710644307997 ], [ -90.514440777671396, 14.647250972950587 ] ], [ [ -90.514440777671396, 14.647250972950587 ], [ -90.514432582106863, 14.647222799518389 ] ], [ [ -90.514440777671396, 14.647250972950587 ], [ -90.514457676877456, 14.647226750964608 ] ] ] } },
{ "type": "Feature", "properties": { "kind": "L1", "value": "40.39675698275308", "building_uid": "2711" }, "geometry": { "type": "MultiLineString", "coordinates": [ [ [ -90.514900899308785, 14.64765122298402 ], [ -90.514531133257861, 14.647591510050782 ] ], [ [ -90.514531133257861, 14.647591510050782 ], [ -90.514603341618169, 14.647571904795488 ] ], [ [ -90.514531133257861, 14.647591510050782 ], [ -90.51459297359213, 14.647632762706932 ] ] ] } },
{ "type": "Feature", "properties": { "kind": "L1", "value": "19.511972155973904", "building_uid": "2712" }, "geometry": { "type": "MultiLineString", "coordinates": [ [ [ -90.514911003831131, 14.647568390352387 ], [ -90.51473191138794, 14.647542604574085 ] ], [ [ -90.51473191138794, 14.647542604574085 ], [ -90.514766612561871, 14.647532540591692 ] ], [ [ -90.51473191138794, 14.647542604574085 ], [ -90.51476213535436, 14.647562016516581 ] ] ] } },
{ "type": "Feature", "properties": { "kind": "L1", "value": "22.102813823078577", "building_uid": "701" }, "geometry": { "type": "MultiLineString", "coordinates": [ [ [ -90.512239942418688, 14.645960459434724 ], [ -90.512037110484343, 14.64593099473851 ] ], [ [ -90.512037110484343, 14.64593099473851 ], [ -90.512076434082303, 14.645919643899562 ] ], [ [ -90.512037110484343, 14.64593099473851 ], [ -90.512071318138084, 14.645953027235812 ] ] ] } },
{ "type": "Feature", "properties": { "kind": "L1", "value": "24.96461561924237", "building_uid": "2720" }, "geometry": { "type": "MultiLineString", "coordinates": [ [ [ -90.514399367178783, 14.648187009266433 ], [ -90.51436856206206, 14.648410523690499 ] ], [ [ -90.51436856206206, 14.648410523690499 ], [ -90.514354741307955, 14.648367474095521 ] ], [ [ -90.51436856206206, 14.648410523690499 ], [ -90.514393550398523, 14.648372544141347 ] ] ] } },
{ "type": "Feature", "properties": { "kind": "L1", "value": "20.21241369344777", "building_uid": "2728" }, "geometry": { "type": "MultiLineString", "coordinates": [ [ [ -90.515066705573048, 14.64643927289405 ], [ -90.514883460081961, 14.646400429940547 ] ], [ [ -90.514883460081961, 14.646400429940547 ], [ -90.514920047586941, 14.646392390878807 ] ], [ [ -90.514883460081961, 14.646400429940547 ], [ -90.514913303289589, 14.646422550490605 ] ] ] } },
{ "type": "Feature", "properties": { "kind": "L1", "value": "23.48802869257838", "building_uid": "2729" }, "geometry": { "type": "MultiLineString", "coordinates": [ [ [ -90.515055607377391, 14.646545552305064 ], [ -90.51483772911746, 14.646550207878027 ] ], [ [ -90.51483772911746, 14.646550207878027 ], [ -90.514876817900856, 14.646531434189093 ] ], [ [ -90.51483772911746, 14.646550207878027 ], [ -90.514877626235688, 14.64656729384467 ] ] ] } },
{ "type": "Feature", "properties": { "kind": "L1", "value": "52.737948398412776", "building_uid": "2730" }, "geometry": { "type": "MultiLineString", "coordinates": [ [ [ -90.514733693833051, 14.646578228957344 ], [ -90.514742477778469, 14.647054560183198 ] ], [ [ -90.514742477778469, 14.647054560183198 ], [ -90.514699532869287, 14.646968942491791 ] ], [ [ -90.514742477778469, 14.647054560183198 ], [ -90.51478223832504, 14.646967496789296 ] ] ] } },
{ "type": "Feature", "properties": { "kind": "L1", "value": "46.29594270890562", "building_uid": "2731" }, "geometry": { "type": "MultiLineString", "coordinates": [ [ [ -90.514951760895187, 14.646596681588033 ], [ -90.514954516132747, 14.647014887215652 ] ], [ [ -90.514954516132747, 14.647014887215652 ], [ -90.514917710178338, 14.646939309343153 ] ], [ [ -90.514954516132747, 14.647014887215652 ], [ -90.514990323268691, 14.646938855877487 ] ] ] } },
{ "type": "Feature", "properties": { "kind": "L1", "value": "18.608658135662346", "building_uid": "2734" }, "geometry": { "type": "MultiLineString", "coordinates": [ [ [ -90.514394296648391, 14.646940734074455 ], [ -90.51422378291899, 14.646914321472176 ] ], [ [ -90.51422378291899, 14.646914321472176 ], [ -90.514256983513036, 14.646905077030899 ] ], [ [ -90.51422378291899, 14.646914321472176 ], [ -90.514252397483745, 14.64693314110985 ] ] ] } },
{ "type": "Feature", "properties": { "kind": "L1", "value": "35.192359181593005", "building_uid": "2736" }, "geometry": { "type": "MultiLineString", "coordinates": [ [ [ -90.51456194530445, 14.64668895913821 ], [ -90.514512210208494, 14.647003159726331 ] ], [ [ -90.514512210208494, 14.647003159726331 ], [ -90.514493947944302, 14.646942114397723 ] ], [ [ -90.514512210208494, 14.647003159726331 ], [ -90.514548502627946, 14.646950300082048 ] ] ] } },
{ "type": "Feature", "properties": { "kind": "L1", "value": "25.318410277267194", "building_uid": "2738" }, "geometry": { "type": "MultiLineString", "coordinates": [ [ [ -90.514463062380031, 14.646763633455135 ], [ -90.514428382006784, 14.64698984104133 ] ], [ [ -90.514428382006784, 14.64698984104133 ], [ -90.514415030008863, 14.646945984357462 ] ], [ [ -90.514428382006784, 14.64698984104133 ], [ -90.514454306458589, 14.646951692247892 ] ] ] } },
{ "type": "Feature", "properties": { "kind": "L1", "value": "30.00060632431385", "building_uid": "2741" }, "geometry": { "type": "MultiLineString", "coordinates": [ [ [ -90.513912957464584, 14.645994469131654 ], [ -90.513826953255219, 14.646252219095842 ] ], [ [ -90.513826953255219, 14.646252219095842 ], [ -90.51382016603111, 14.646198421388688 ] ], [ [ -90.513826953255219, 14.646252219095842 ], [ -90.513864919031477, 14.646212576491392 ] ] ] } },
{ "type": "Feature", "properties": { "kind": "L1", "value": "12.845795861845778", "building_uid": "2742" }, "geometry": { "type": "MultiLineString", "coordinates": [ [ [ -90.513441797845331, 14.646273656914925 ], [ -90.513405020774258, 14.646384036796597 ] ], [ [ -90.513405020774258, 14.646384036796597 ], [ -90.513402104436992, 14.646361002673407 ] ], [ [ -90.513405020774258, 14.646384036796597 ], [ -90.513421269656902, 14.646367055662783 ] ] ] } },
{ "type": "Feature", "properties": { "kind": "L1", "value": "20.921032913159156", "building_uid": "2745" }, "geometry": { "type": "MultiLineString", "coordinates": [ [ [ -90.513581199240193, 14.646668928320436 ], [ -90.513555111762926, 14.646856203710771 ] ], [ [ -90.513555111762926, 14.646856203710771 ], [ -90.513543582110543, 14.646820111069603 ] ], [ [ -90.513555111762926, 14.646856203710771 ], [ -90.513576098739776, 14.646824404694891 ] ] ] } },
{ "type": "Feature", "properties": { "kind": "L1", "value": "20.52956510112505", "building_uid": "2746" }, "geometry": { "type": "MultiLineString", "coordinates": [ [ [ -90.513532701157771, 14.646715437982257 ], [ -90.513344099922634, 14.646689448771346 ] ], [ [ -90.513344099922634, 14.646689448771346 ], [ -90.513380542327184, 14.6466786391013 ] ], [ [ -90.513344099922634, 14.646689448771346 ], [ -90.513376029814523, 14.646709680152687 ] ] ] } },
{ "type": "Feature", "properties": { "kind": "L1", "value": "21.722396288764525", "building_uid": "2747" }, "geometry": { "type": "MultiLineString", "coordinates": [ [ [ -90.513928611463285, 14.648202471333189 ], [ -90.513730062445617, 14.648168735891991 ] ], [ [ -90.513730062445617, 14.648168735891991 ], [ -90.513768980508331, 14.648158511797893 ] ], [ [ -90.513730062445617, 14.648168735891991 ], [ -90.513763122977522, 14.648191189886962 ] ] ] } },
{ "type": "Feature", "properties": { "kind": "L1", "value": "18.215946078650035", "building_uid": "2748" }, "geometry": { "type": "MultiLineString", "coordinates": [ [ [ -90.513935544943479, 14.648139396174352 ], [ -90.513768969332432, 14.648111537115065 ] ], [ [ -90.513768969332432, 14.648111537115065 ], [ -90.513801581684447, 14.648102879014754 ] ], [ [ -90.513768969332432, 14.648111537115065 ], [ -90.513796744480231, 14.648130294784997 ] ] ] } },
{ "type": "Feature", "properties": { "kind": "L1", "value": "16.314362866508738", "building_uid": "2749" }, "geometry": { "type": "MultiLineString", "coordinates": [ [ [ -90.513913371094205, 14.648288522405974 ], [ -90.513764386692216, 14.648262450993467 ] ], [ [ -90.513764386692216, 14.648262450993467 ], [ -90.513793655240562, 14.648254916488767 ] ], [ [ -90.513764386692216, 14.648262450993467 ], [ -90.513789128425472, 14.648279437001136 ] ] ] } },
{ "type": "Feature", "properties": { "kind": "L1", "value": "17.94412032777324", "building_uid": "2750" }, "geometry": { "type": "MultiLineString", "coordinates": [ [ [ -90.513705697997068, 14.648155902328314 ], [ -90.513719625230905, 14.648317432186333 ] ], [ [ -90.513719625230905, 14.648317432186333 ], [ -90.513703077447474, 14.648289299135177 ] ], [ [ -90.513719625230905, 14.648317432186333 ], [ -90.513731124070006, 14.648287006929305 ] ] ] } },
{ "type": "Feature", "properties": { "kind": "L1", "value": "27.938229416097027", "building_uid": "2751" }, "geometry": { "type": "MultiLineString", "coordinates": [ [ [ -90.513948313677119, 14.648056900192969 ], [ -90.513693168065473, 14.648012313654997 ] ], [ [ -90.513693168065473, 14.648012313654997 ], [ -90.513743286954366, 14.647999398980394 ] ], [ [ -90.513693168065473, 14.648012313654997 ], [ -90.513735545335379, 14.648041392019216 ] ] ] } },
{ "type": "Feature", "properties": { "kind": "L1", "value": "26.194222287100136", "building_uid": "2752" }, "geometry": { "type": "MultiLineString", "coordinates": [ [ [ -90.513965371930837, 14.647956004034073 ], [ -90.513727581479074, 14.647907084102856 ] ], [ [ -90.513727581479074, 14.647907084102856 ], [ -90.513774930747559, 14.647896383089851 ] ], [ [ -90.513727581479074, 14.647907084102856 ], [ -90.513766436723415, 14.647935519755169 ] ] ] } },
{ "type": "Feature", "properties": { "kind": "L1", "value": "20.480993989594023", "building_uid": "2753" }, "geometry": { "type": "MultiLineString", "coordinates": [ [ [ -90.513976508540281, 14.64785315583107 ], [ -90.513788952775812, 14.647823389543413 ] ], [ [ -90.513788952775812, 14.647823389543413 ], [ -90.513825533596503, 14.647813350627747 ] ], [ [ -90.513788952775812, 14.647823389543413 ], [ -90.513820365243376, 14.647844219447599 ] ] ] } },
{ "type": "Feature", "properties": { "kind": "L1", "value": "9.038649738946294", "building_uid": "2755" }, "geometry": { "type": "MultiLineString", "coordinates": [ [ [ -90.513998468093718, 14.647624482378859 ], [ -90.513938117944235, 14.647681178223111 ] ], [ [ -90.513938117944235, 14.647681178223111 ], [ -90.513944135039708, 14.647665935085197 ] ], [ [ -90.513938117944235, 14.647681178223111 ], [ -90.513953979177757, 14.647675867809998 ] ] ] } },
{ "type": "Feature", "properties": { "kind": "L1", "value": "26.396046338203057", "building_uid": "2757" }, "geometry": { "type": "MultiLineString", "coordinates": [ [ [ -90.514040982028376, 14.64741976419408 ], [ -90.513799383163516, 14.647380668815108 ] ], [ [ -90.513799383163516, 14.647380668815108 ], [ -90.513846569821382, 14.647367873537036 ] ], [ [ -90.513799383163516, 14.647380668815108 ], [ -90.513839781659016, 14.64740763710687 ] ] ] } },
{ "type": "Feature", "properties": { "kind": "L1", "value": "33.27556218810716", "building_uid": "2758" }, "geometry": { "type": "MultiLineString", "coordinates": [ [ [ -90.51401733200511, 14.64757652047861 ], [ -90.513712068577021, 14.647531510075961 ] ], [ [ -90.513712068577021, 14.647531510075961 ], [ -90.51377130868876, 14.64751454787455 ] ], [ [ -90.513712068577021, 14.647531510075961 ], [ -90.513763493484589, 14.647564789645127 ] ] ] } },
{ "type": "Feature", "properties": { "kind": "L1", "value": "32.55218412773332", "building_uid": "2759" }, "geometry": { "type": "MultiLineString", "coordinates": [ [ [ -90.514021572655921, 14.647490660798905 ], [ -90.513722727349631, 14.647448054704039 ] ], [ [ -90.513722727349631, 14.647448054704039 ], [ -90.51378059537096, 14.647431184846372 ] ], [ [ -90.513722727349631, 14.647448054704039 ], [ -90.513773197631892, 14.647480370310065 ] ] ] } },
{ "type": "Feature", "properties": { "kind": "L1", "value": "23.270698156381652", "building_uid": "2761" }, "geometry": { "type": "MultiLineString", "coordinates": [ [ [ -90.514070633552222, 14.647199005836974 ], [ -90.513856845394741, 14.647169574742378 ] ], [ [ -90.513856845394741, 14.647169574742378 ], [ -90.513898152032326, 14.647157316293317 ] ], [ [ -90.513856845394741, 14.647169574742378 ], [ -90.513893041892047, 14.647192502671281 ] ] ] } },
{ "type": "Feature", "properties": { "kind": "L1", "value": "23.303220032304967", "building_uid": "2762" }, "geometry": { "type": "MultiLineString", "coordinates": [ [ [ -90.514062527345743, 14.647260379501441 ], [ -90.5138483734506, 14.647231371655298 ] ], [ [ -90.5138483734506, 14.647231371655298 ], [ -90.513889709638775, 14.64721900639511 ] ], [ [ -90.5138483734506, 14.647231371655298 ], [ -90.513884672985768, 14.647254252958097 ] ] ] } },
{ "type": "Feature", "properties": { "kind": "L1", "value": "27.483827128521874", "building_uid": "2763" }, "geometry": { "type": "MultiLineString", "coordinates": [ [ [ -90.514048600826669, 14.647336856026229 ], [ -90.513795798785324, 14.647304285190275 ] ], [ [ -90.513795798785324, 14.647304285190275 ], [ -90.513844449718889, 14.647289385319624 ] ], [ [ -90.513795798785324, 14.647304285190275 ], [ -90.513838794416628, 14.647330992780775 ] ] ] } },
{ "type": "Feature", "properties": { "kind": "L1", "value": "20.111365428703184", "building_uid": "764" }, "geometry": { "type": "MultiLineString", "coordinates": [ [ [ -90.514636471564259, 14.645256812200584 ], [ -90.514450139950512, 14.645247078450193 ] ], [ [ -90.514450139950512, 14.645247078450193 ], [ -90.514484759739361, 14.64523350896058 ] ], [ [ -90.514450139950512, 14.645247078450193 ], [ -90.514483069672238, 14.645264176671065 ] ] ] } },
{ "type": "Feature", "properties": { "kind": "L1", "value": "15.693564075059713", "building_uid": "2764" }, "geometry": { "type": "MultiLineString", "coordinates": [ [ [ -90.514070944334364, 14.647144823697722 ], [ -90.513947493376605, 14.64706964501759 ] ], [ [ -90.513947493376605, 14.64706964501759 ], [ -90.513976396929621, 14.647073112919196 ] ], [ [ -90.513947493376605, 14.64706964501759 ], [ -90.513963343635169, 14.647093431132824 ] ] ] } },
{ "type": "Feature", "properties": { "kind": "L1", "value": "14.453417361573903", "building_uid": "2765" }, "geometry": { "type": "MultiLineString", "coordinates": [ [ [ -90.513917971076538, 14.647017205253302 ], [ -90.513883132875421, 14.647143287329015 ] ], [ [ -90.513883132875421, 14.647143287329015 ], [ -90.513878501874544, 14.647117566566809 ] ], [ [ -90.513883132875421, 14.647143287329015 ], [ -90.513900393537412, 14.647123300425831 ] ] ] } },
{ "type": "Feature", "properties": { "kind": "L1", "value": "20.647899034518673", "building_uid": "2767" }, "geometry": { "type": "MultiLineString", "coordinates": [ [ [ -90.513832867468821, 14.647009559704074 ], [ -90.513807365631848, 14.647194422362015 ] ], [ [ -90.513807365631848, 14.647194422362015 ], [ -90.513795939261485, 14.647158815253759 ] ], [ [ -90.513807365631848, 14.647194422362015 ], [ -90.513828037018158, 14.647163012484448 ] ] ] } },
{ "type": "Feature", "properties": { "kind": "L1", "value": "18.834284559221537", "building_uid": "2768" }, "geometry": { "type": "MultiLineString", "coordinates": [ [ [ -90.513749056993149, 14.646996978091135 ], [ -90.513722767779299, 14.647165181116462 ] ], [ [ -90.513722767779299, 14.647165181116462 ], [ -90.513712930439738, 14.6471325289638 ] ], [ [ -90.513722767779299, 14.647165181116462 ], [ -90.513742135576038, 14.647136855785289 ] ] ] } },
{ "type": "Feature", "properties": { "kind": "L1", "value": "18.793382200525315", "building_uid": "2769" }, "geometry": { "type": "MultiLineString", "coordinates": [ [ [ -90.513662347097409, 14.646983202807551 ], [ -90.5136364654565, 14.647151092106093 ] ], [ [ -90.5136364654565, 14.647151092106093 ], [ -90.513626581476743, 14.647118530360164 ] ], [ [ -90.5136364654565, 14.647151092106093 ], [ -90.513655732138687, 14.647122790101371 ] ] ] } },
{ "type": "Feature", "properties": { "kind": "L1", "value": "34.44704015705431", "building_uid": "2770" }, "geometry": { "type": "MultiLineString", "coordinates": [ [ [ -90.513592390056132, 14.647141542282048 ], [ -90.513276871479334, 14.647091893098906 ] ], [ [ -90.513276871479334, 14.647091893098906 ], [ -90.513338373162654, 14.647074927758018 ] ], [ [ -90.513276871479334, 14.647091893098906 ], [ -90.513329752540358, 14.647126857476326 ] ] ] } },
{ "type": "Feature", "properties": { "kind": "L1", "value": "34.064721310156756", "building_uid": "2771" }, "geometry": { "type": "MultiLineString", "coordinates": [ [ [ -90.513600980695841, 14.647021563046929 ], [ -90.513287586552337, 14.646981638744393 ] ], [ [ -90.513287586552337, 14.646981638744393 ], [ -90.513347858891279, 14.646963085467615 ] ], [ [ -90.513287586552337, 14.646981638744393 ], [ -90.513340926806052, 14.647014665563564 ] ] ] } },
{ "type": "Feature", "properties": { "kind": "L1", "value": "53.00602874478447", "building_uid": "2772" }, "geometry": { "type": "MultiLineString", "coordinates": [ [ [ -90.513691996101883, 14.647657144804448 ], [ -90.513207582121851, 14.647574406946678 ] ], [ [ -90.513207582121851, 14.647574406946678 ], [ -90.513302570653181, 14.647549540596136 ] ], [ [ -90.513207582121851, 14.647574406946678 ], [ -90.513288204773545, 14.647629267823877 ] ] ] } },
{ "type": "Feature", "properties": { "kind": "L1", "value": "28.611243080014777", "building_uid": "2773" }, "geometry": { "type": "MultiLineString", "coordinates": [ [ [ -90.513490694895864, 14.647491494493064 ], [ -90.513228910540647, 14.647448595265015 ] ], [ [ -90.513228910540647, 14.647448595265015 ], [ -90.51328008628451, 14.64743482837342 ] ], [ [ -90.513228910540647, 14.647448595265015 ], [ -90.513272637653387, 14.647477914159587 ] ] ] } },
{ "type": "Feature", "properties": { "kind": "L1", "value": "27.11461320774117", "building_uid": "2774" }, "geometry": { "type": "MultiLineString", "coordinates": [ [ [ -90.51346032245614, 14.647420376828583 ], [ -90.513238477573864, 14.647304860303704 ] ], [ [ -90.513238477573864, 14.647304860303704 ], [ -90.513288718099176, 14.647307542840666 ] ], [ [ -90.513238477573864, 14.647304860303704 ], [ -90.513268660906164, 14.647344055202597 ] ] ] } },
{ "type": "Feature", "properties": { "kind": "L1", "value": "10.374886690868893", "building_uid": "2775" }, "geometry": { "type": "MultiLineString", "coordinates": [ [ [ -90.51335781037335, 14.647194620089078 ], [ -90.513263077783748, 14.64717797863994 ] ], [ [ -90.513263077783748, 14.64717797863994 ], [ -90.51328169388988, 14.647173199303731 ] ], [ [ -90.513263077783748, 14.64717797863994 ], [ -90.513278804427898, 14.6471887908915 ] ] ] } },
{ "type": "Feature", "properties": { "kind": "L1", "value": "13.203362429099661", "building_uid": "2776" }, "geometry": { "type": "MultiLineString", "coordinates": [ [ [ -90.513178997457089, 14.648111669153694 ], [ -90.513163820808472, 14.648230022719472 ] ], [ [ -90.513163820808472, 14.648230022719472 ], [ -90.513156296821805, 14.648207320846762 ] ], [ [ -90.513163820808472, 14.648230022719472 ], [ -90.513176846685226, 14.648209818689116 ] ] ] } },
{ "type": "Feature", "properties": { "kind": "L1", "value": "27.97233333489138", "building_uid": "2777" }, "geometry": { "type": "MultiLineString", "coordinates": [ [ [ -90.513401312911384, 14.648092589380514 ], [ -90.513144694583886, 14.648054785726135 ] ], [ [ -90.513144694583886, 14.648054785726135 ], [ -90.513194491562075, 14.648040520386374 ] ], [ [ -90.513144694583886, 14.648054785726135 ], [ -90.513187927660255, 14.648082755804287 ] ] ] } },
{ "type": "Feature", "properties": { "kind": "L1", "value": "43.22815040801593", "building_uid": "2778" }, "geometry": { "type": "MultiLineString", "coordinates": [ [ [ -90.51357228838306, 14.647886917503389 ], [ -90.513175311936166, 14.64783114098625 ] ], [ [ -90.513175311936166, 14.64783114098625 ], [ -90.51325211076059, 14.647808583042346 ] ], [ [ -90.513175311936166, 14.64783114098625 ], [ -90.513242426201359, 14.647873919302503 ] ] ] } },
{ "type": "Feature", "properties": { "kind": "L1", "value": "34.25824000361013", "building_uid": "2779" }, "geometry": { "type": "MultiLineString", "coordinates": [ [ [ -90.513510988473328, 14.647766268043254 ], [ -90.513197086044457, 14.647717572286339 ] ], [ [ -90.513197086044457, 14.647717572286339 ], [ -90.513258212022905, 14.647700567197296 ] ], [ [ -90.513197086044457, 14.647717572286339 ], [ -90.513249756920032, 14.647752230772314 ] ] ] } },
{ "type": "Feature", "properties": { "kind": "L1", "value": "40.77051007573589", "building_uid": "2780" }, "geometry": { "type": "MultiLineString", "coordinates": [ [ [ -90.513552698583396, 14.648001890788965 ], [ -90.513178003193389, 14.647951266058136 ] ], [ [ -90.513178003193389, 14.647951266058136 ], [ -90.513250316067925, 14.647929607865489 ] ], [ [ -90.513178003193389, 14.647951266058136 ], [ -90.513241526016685, 14.647991276971254 ] ] ] } },
{ "type": "Feature", "properties": { "kind": "L1", "value": "13.253506602110876", "building_uid": "2781" }, "geometry": { "type": "MultiLineString", "coordinates": [ [ [ -90.513264218481709, 14.648124637891099 ], [ -90.513248271732408, 14.648243352293234 ] ], [ [ -90.513248271732408, 14.648243352293234 ], [ -90.513240856008622, 14.648220521641525 ] ], [ [ -90.513248271732408, 14.648243352293234 ], [ -90.513261468525712, 14.648223146230391 ] ] ] } },
{ "type": "Feature", "properties": { "kind": "L1", "value": "13.401764918721415", "building_uid": "2782" }, "geometry": { "type": "MultiLineString", "coordinates": [ [ [ -90.513351294284817, 14.648136423998686 ], [ -90.513334154592883, 14.648256333067485 ] ], [ [ -90.513334154592883, 14.648256333067485 ], [ -90.513326851387589, 14.648233187698784 ] ], [ [ -90.513334154592883, 14.648256333067485 ], [ -90.513347671337229, 14.648236008627416 ] ] ] } },
{ "type": "Feature", "properties": { "kind": "L1", "value": "21.763412900218214", "building_uid": "2785" }, "geometry": { "type": "MultiLineString", "coordinates": [ [ [ -90.513474692332451, 14.648077894457771 ], [ -90.513438072203144, 14.648271234037239 ] ], [ [ -90.513438072203144, 14.648271234037239 ], [ -90.513427925145223, 14.648233175450127 ] ], [ [ -90.513438072203144, 14.648271234037239 ], [ -90.51346149491863, 14.648239202559431 ] ] ] } },
{ "type": "Feature", "properties": { "kind": "L1", "value": "23.511189950233373", "building_uid": "2786" }, "geometry": { "type": "MultiLineString", "coordinates": [ [ [ -90.512589750839524, 14.647934384560036 ], [ -90.512557752100477, 14.648144475099269 ] ], [ [ -90.512557752100477, 14.648144475099269 ], [ -90.512545313128982, 14.648103760509793 ] ], [ [ -90.512557752100477, 14.648144475099269 ], [ -90.512581791369087, 14.648109027013298 ] ] ] } },
{ "type": "Feature", "properties": { "kind": "L1", "value": "38.5784336735738", "building_uid": "2787" }, "geometry": { "type": "MultiLineString", "coordinates": [ [ [ -90.512741450286811, 14.646834366693724 ], [ -90.512696383672505, 14.647180091096191 ] ], [ [ -90.512696383672505, 14.647180091096191 ], [ -90.512674538427703, 14.647113715896126 ] ], [ [ -90.512696383672505, 14.647180091096191 ], [ -90.512734566642507, 14.647121133211263 ] ] ] } },
{ "type": "Feature", "properties": { "kind": "L1", "value": "25.744480478719485", "building_uid": "2788" }, "geometry": { "type": "MultiLineString", "coordinates": [ [ [ -90.512823826558446, 14.646850459045005 ], [ -90.512792607747599, 14.6470810265716 ] ], [ [ -90.512792607747599, 14.6470810265716 ], [ -90.512778249784262, 14.647036664460552 ] ], [ [ -90.512792607747599, 14.6470810265716 ], [ -90.512818283267791, 14.647041802625827 ] ] ] } },
{ "type": "Feature", "properties": { "kind": "L1", "value": "24.08295049310294", "building_uid": "2789" }, "geometry": { "type": "MultiLineString", "coordinates": [ [ [ -90.512928771390747, 14.646866707146833 ], [ -90.512872429647672, 14.64707723088152 ] ], [ [ -90.512872429647672, 14.64707723088152 ], [ -90.512864365612984, 14.64703443450618 ] ], [ [ -90.512872429647672, 14.64707723088152 ], [ -90.51290091888815, 14.647043707540551 ] ] ] } },
{ "type": "Feature", "properties": { "kind": "L1", "value": "16.792374112823307", "building_uid": "2790" }, "geometry": { "type": "MultiLineString", "coordinates": [ [ [ -90.513169040314878, 14.647073486511704 ], [ -90.513013306833443, 14.647068855644857 ] ], [ [ -90.513013306833443, 14.647068855644857 ], [ -90.513041937357059, 14.647056879326138 ] ], [ [ -90.513013306833443, 14.647068855644857 ], [ -90.513041133292901, 14.647082510775171 ] ] ] } },
{ "type": "Feature", "properties": { "kind": "L1", "value": "34.91322726146843", "building_uid": "2791" }, "geometry": { "type": "MultiLineString", "coordinates": [ [ [ -90.513149647826197, 14.647189388423083 ], [ -90.512829203433554, 14.647143190757246 ] ], [ [ -90.512829203433554, 14.647143190757246 ], [ -90.512891298335774, 14.647125194437573 ] ], [ [ -90.512829203433554, 14.647143190757246 ], [ -90.512883276998593, 14.647177934860844 ] ] ] } },
{ "type": "Feature", "properties": { "kind": "L1", "value": "25.324603342395022", "building_uid": "2850" }, "geometry": { "type": "MultiLineString", "coordinates": [ [ [ -90.512411082514419, 14.647145409016717 ], [ -90.512176365562539, 14.647134766686534 ] ], [ [ -90.512176365562539, 14.647134766686534 ], [ -90.512219834639794, 14.647117380270389 ] ], [ [ -90.512176365562539, 14.647134766686534 ], [ -90.512217986796173, 14.647156011227965 ] ] ] } },
{ "type": "Feature", "properties": { "kind": "L1", "value": "16.952427360161106", "building_uid": "2792" }, "geometry": { "type": "MultiLineString", "coordinates": [ [ [ -90.513179624627938, 14.646991649788125 ], [ -90.51305472075822, 14.646898572367977 ] ], [ [ -90.51305472075822, 14.646898572367977 ], [ -90.513085441541691, 14.646905165051427 ] ], [ [ -90.51305472075822, 14.646898572367977 ], [ -90.513069280497504, 14.646925722407994 ] ] ] } },
{ "type": "Feature", "properties": { "kind": "L1", "value": "36.357251844790305", "building_uid": "2793" }, "geometry": { "type": "MultiLineString", "coordinates": [ [ [ -90.513129136582464, 14.647297966008729 ], [ -90.512794480289813, 14.6472566444683 ] ], [ [ -90.512794480289813, 14.6472566444683 ], [ -90.512858727944803, 14.647236594777034 ] ], [ [ -90.512794480289813, 14.6472566444683 ], [ -90.512851553244644, 14.647291674241492 ] ] ] } },
{ "type": "Feature", "properties": { "kind": "L1", "value": "35.88515316310859", "building_uid": "2794" }, "geometry": { "type": "MultiLineString", "coordinates": [ [ [ -90.513110649633603, 14.64740590125049 ], [ -90.512780637815993, 14.64736288216238 ] ], [ [ -90.512780637815993, 14.64736288216238 ], [ -90.512844190980516, 14.647343522389562 ] ], [ [ -90.512780637815993, 14.64736288216238 ], [ -90.512836721531599, 14.647397837415342 ] ] ] } },
{ "type": "Feature", "properties": { "kind": "L1", "value": "29.924578290200735", "building_uid": "2885" }, "geometry": { "type": "MultiLineString", "coordinates": [ [ [ -90.513375781089664, 14.645548784965348 ], [ -90.513102921904377, 14.645498785595075 ] ], [ [ -90.513102921904377, 14.645498785595075 ], [ -90.513156721449462, 14.645485394110741 ] ], [ [ -90.513102921904377, 14.645498785595075 ], [ -90.513148040093796, 14.645530303051295 ] ] ] } },
{ "type": "Feature", "properties": { "kind": "L1", "value": "37.04660325853235", "building_uid": "2795" }, "geometry": { "type": "MultiLineString", "coordinates": [ [ [ -90.513106270790985, 14.64750481767787 ], [ -90.512766459758367, 14.647454406179353 ] ], [ [ -90.512766459758367, 14.647454406179353 ], [ -90.512832430917811, 14.647435579978405 ] ], [ [ -90.512766459758367, 14.647454406179353 ], [ -90.512823677916188, 14.647491507783618 ] ] ] } },
{ "type": "Feature", "properties": { "kind": "L1", "value": "14.309202882633636", "building_uid": "2796" }, "geometry": { "type": "MultiLineString", "coordinates": [ [ [ -90.512507916752426, 14.648080182550355 ], [ -90.512376613683315, 14.648061041113589 ] ], [ [ -90.512376613683315, 14.648061041113589 ], [ -90.512402075654919, 14.648053705494911 ] ], [ [ -90.512376613683315, 14.648061041113589 ], [ -90.512398752103877, 14.648075315955985 ] ] ] } },
{ "type": "Feature", "properties": { "kind": "L1", "value": "14.050273187477577", "building_uid": "2797" }, "geometry": { "type": "MultiLineString", "coordinates": [ [ [ -90.51252208862843, 14.64797845366629 ], [ -90.512392394198798, 14.647965603321014 ] ], [ [ -90.512392394198798, 14.647965603321014 ], [ -90.512417018421701, 14.647957259742924 ] ], [ [ -90.512392394198798, 14.647965603321014 ], [ -90.512414787200299, 14.647978605456649 ] ] ] } },
{ "type": "Feature", "properties": { "kind": "L1", "value": "26.73684225152395", "building_uid": "2798" }, "geometry": { "type": "MultiLineString", "coordinates": [ [ [ -90.512642772944076, 14.647915617005278 ], [ -90.512395786698718, 14.64789300795263 ] ], [ [ -90.512395786698718, 14.64789300795263 ], [ -90.512442518624852, 14.647876781044307 ] ], [ [ -90.512395786698718, 14.64789300795263 ], [ -90.512438592980985, 14.647917431202826 ] ] ] } },
{ "type": "Feature", "properties": { "kind": "L1", "value": "32.38892953452414", "building_uid": "2800" }, "geometry": { "type": "MultiLineString", "coordinates": [ [ [ -90.513046199935161, 14.647894661234721 ], [ -90.512747847879069, 14.647859596509782 ] ], [ [ -90.512747847879069, 14.647859596509782 ], [ -90.512804971794495, 14.647841400328618 ] ], [ [ -90.512747847879069, 14.647859596509782 ], [ -90.512798883455829, 14.647890504518729 ] ] ] } },
{ "type": "Feature", "properties": { "kind": "L1", "value": "30.068635326343212", "building_uid": "2801" }, "geometry": { "type": "MultiLineString", "coordinates": [ [ [ -90.51303907626523, 14.647957041743402 ], [ -90.512763657380319, 14.647913724372101 ] ], [ [ -90.512763657380319, 14.647913724372101 ], [ -90.512817340849509, 14.647898911305116 ] ], [ [ -90.512763657380319, 14.647913724372101 ], [ -90.51280981959809, 14.647944241033176 ] ] ] } },
{ "type": "Feature", "properties": { "kind": "L1", "value": "17.205916556300252", "building_uid": "2803" }, "geometry": { "type": "MultiLineString", "coordinates": [ [ [ -90.513008147394743, 14.64815100838954 ], [ -90.512849586316051, 14.648132936429615 ] ], [ [ -90.512849586316051, 14.648132936429615 ], [ -90.512879896270519, 14.648123163838655 ] ], [ [ -90.512849586316051, 14.648132936429615 ], [ -90.512876758410926, 14.648149260539183 ] ] ] } },
{ "type": "Feature", "properties": { "kind": "L1", "value": "16.817308563312434", "building_uid": "2804" }, "geometry": { "type": "MultiLineString", "coordinates": [ [ [ -90.513023713884195, 14.648040055180019 ], [ -90.512868249972016, 14.648027034166285 ] ], [ [ -90.512868249972016, 14.648027034166285 ], [ -90.512897560028648, 14.648016600899076 ] ], [ [ -90.512868249972016, 14.648027034166285 ], [ -90.512895299171547, 14.648042187866922 ] ] ] } },
{ "type": "Feature", "properties": { "kind": "L1", "value": "27.63670352351103", "building_uid": "2805" }, "geometry": { "type": "MultiLineString", "coordinates": [ [ [ -90.512681089985364, 14.647767457826163 ], [ -90.512427323555187, 14.64773160336763 ] ], [ [ -90.512427323555187, 14.64773160336763 ], [ -90.51247643436929, 14.647717219371007 ] ], [ [ -90.512427323555187, 14.64773160336763 ], [ -90.512470208917946, 14.647758985473295 ] ] ] } },
{ "type": "Feature", "properties": { "kind": "L1", "value": "23.894330891494956", "building_uid": "2806" }, "geometry": { "type": "MultiLineString", "coordinates": [ [ [ -90.512635754871638, 14.647853739371678 ], [ -90.512416606525818, 14.647821075901398 ] ], [ [ -90.512416606525818, 14.647821075901398 ], [ -90.512459165386744, 14.647808962308959 ] ], [ [ -90.512416606525818, 14.647821075901398 ], [ -90.512453493990506, 14.647845030785865 ] ] ] } },
{ "type": "Feature", "properties": { "kind": "L1", "value": "25.761373616088", "building_uid": "2807" }, "geometry": { "type": "MultiLineString", "coordinates": [ [ [ -90.512684740060664, 14.647665201714689 ], [ -90.512449013191642, 14.647626679333229 ] ], [ [ -90.512449013191642, 14.647626679333229 ], [ -90.512495085741378, 14.647614263435321 ] ], [ [ -90.512449013191642, 14.647626679333229 ], [ -90.512488397061887, 14.647653060518271 ] ] ] } },
{ "type": "Feature", "properties": { "kind": "L1", "value": "24.227001421625943", "building_uid": "2808" }, "geometry": { "type": "MultiLineString", "coordinates": [ [ [ -90.512627822208458, 14.64681885592419 ], [ -90.512600216314794, 14.647036053431206 ] ], [ [ -90.512600216314794, 14.647036053431206 ], [ -90.51258636419044, 14.646994412107226 ] ], [ [ -90.512600216314794, 14.647036053431206 ], [ -90.512624076227624, 14.646998955639248 ] ] ] } },
{ "type": "Feature", "properties": { "kind": "L1", "value": "13.412113392253174", "building_uid": "2809" }, "geometry": { "type": "MultiLineString", "coordinates": [ [ [ -90.512643605888968, 14.647073547645235 ], [ -90.512520074487711, 14.647058911894963 ] ], [ [ -90.512520074487711, 14.647058911894963 ], [ -90.512543736585741, 14.647051399069095 ] ], [ [ -90.512520074487711, 14.647058911894963 ], [ -90.512541195373814, 14.647071730527935 ] ] ] } },
{ "type": "Feature", "properties": { "kind": "L1", "value": "16.589720413774945", "building_uid": "2810" }, "geometry": { "type": "MultiLineString", "coordinates": [ [ [ -90.512663396209604, 14.647143372174577 ], [ -90.51251020252154, 14.647128773196174 ] ], [ [ -90.51251020252154, 14.647128773196174 ], [ -90.512539238060143, 14.647118812722791 ] ], [ [ -90.51251020252154, 14.647128773196174 ], [ -90.512536703230182, 14.647144026151157 ] ] ] } },
{ "type": "Feature", "properties": { "kind": "L1", "value": "16.541778424991115", "building_uid": "2811" }, "geometry": { "type": "MultiLineString", "coordinates": [ [ [ -90.512659576857303, 14.647198752596356 ], [ -90.512506959893798, 14.647182918982722 ] ], [ [ -90.512506959893798, 14.647182918982722 ], [ -90.512535998079628, 14.647173229764554 ] ], [ [ -90.512506959893798, 14.647182918982722 ], [ -90.512533248878981, 14.647198348266146 ] ] ] } },
{ "type": "Feature", "properties": { "kind": "L1", "value": "31.70406478480596", "building_uid": "2812" }, "geometry": { "type": "MultiLineString", "coordinates": [ [ [ -90.51278046010907, 14.647363493296458 ], [ -90.512491556735455, 14.647309578419106 ] ], [ [ -90.512491556735455, 14.647309578419106 ], [ -90.512548604436148, 14.647295576539136 ] ], [ [ -90.512491556735455, 14.647309578419106 ], [ -90.512539243154706, 14.647343125738093 ] ] ] } },
{ "type": "Feature", "properties": { "kind": "L1", "value": "31.033181666480086", "building_uid": "2813" }, "geometry": { "type": "MultiLineString", "coordinates": [ [ [ -90.512785862180877, 14.647268195398873 ], [ -90.512499727091267, 14.647236873744779 ] ], [ [ -90.512499727091267, 14.647236873744779 ], [ -90.512554311576821, 14.647219004381549 ] ], [ [ -90.512499727091267, 14.647236873744779 ], [ -90.512548873168015, 14.647266097981868 ] ] ] } },
{ "type": "Feature", "properties": { "kind": "L1", "value": "18.177483589874583", "building_uid": "2814" }, "geometry": { "type": "MultiLineString", "coordinates": [ [ [ -90.512621799938273, 14.647574796491845 ], [ -90.51245572221886, 14.647546183369625 ] ], [ [ -90.51245572221886, 14.647546183369625 ], [ -90.512488309780053, 14.647537702888846 ] ], [ [ -90.51245572221886, 14.647546183369625 ], [ -90.512483341660129, 14.647565036785126 ] ] ] } },
{ "type": "Feature", "properties": { "kind": "L1", "value": "8.452894412179583", "building_uid": "2815" }, "geometry": { "type": "MultiLineString", "coordinates": [ [ [ -90.512543001128506, 14.647494214280721 ], [ -90.512467233143923, 14.647474491414146 ] ], [ [ -90.512467233143923, 14.647474491414146 ], [ -90.512482679212127, 14.647471831275224 ] ], [ [ -90.512467233143923, 14.647474491414146 ], [ -90.512479254718784, 14.647484301551414 ] ] ] } },
{ "type": "Feature", "properties": { "kind": "L1", "value": "30.89510921691675", "building_uid": "2816" }, "geometry": { "type": "MultiLineString", "coordinates": [ [ [ -90.512756808863543, 14.647435366540314 ], [ -90.512473602729187, 14.647392191344608 ] ], [ [ -90.512473602729187, 14.647392191344608 ], [ -90.512528685375329, 14.647376711620934 ] ], [ [ -90.512473602729187, 14.647392191344608 ], [ -90.512521188827037, 14.647423323123144 ] ] ] } },
{ "type": "Feature", "properties": { "kind": "L1", "value": "39.83678540851207", "building_uid": "2818" }, "geometry": { "type": "MultiLineString", "coordinates": [ [ [ -90.513078843161779, 14.647663232987718 ], [ -90.51271498417367, 14.647599933980386 ] ], [ [ -90.51271498417367, 14.647599933980386 ], [ -90.512786433136014, 14.647581464849184 ] ], [ [ -90.51271498417367, 14.647599933980386 ], [ -90.512775442458263, 14.6476413505442 ] ] ] } },
{ "type": "Feature", "properties": { "kind": "L1", "value": "11.218265245268869", "building_uid": "2819" }, "geometry": { "type": "MultiLineString", "coordinates": [ [ [ -90.51306054484759, 14.647794728301864 ], [ -90.512957971818594, 14.647777502846175 ] ], [ [ -90.512957971818594, 14.647777502846175 ], [ -90.512978059799664, 14.647772184181404 ] ], [ [ -90.512957971818594, 14.647777502846175 ], [ -90.512975068927844, 14.647789066143105 ] ] ] } },
{ "type": "Feature", "properties": { "kind": "L1", "value": "25.924047237020428", "building_uid": "2820" }, "geometry": { "type": "MultiLineString", "coordinates": [ [ [ -90.511967821593856, 14.647832294272495 ], [ -90.51193129163417, 14.648063762102334 ] ], [ [ -90.51193129163417, 14.648063762102334 ], [ -90.511917818127813, 14.648018799745801 ] ], [ [ -90.51193129163417, 14.648063762102334 ], [ -90.511958008113382, 14.648024812021831 ] ] ] } },
{ "type": "Feature", "properties": { "kind": "L1", "value": "25.13643859574799", "building_uid": "2821" }, "geometry": { "type": "MultiLineString", "coordinates": [ [ [ -90.511899491182575, 14.647995623423068 ], [ -90.511668858790784, 14.647961851984535 ] ], [ [ -90.511668858790784, 14.647961851984535 ], [ -90.511713595458247, 14.647948994188747 ] ], [ [ -90.511668858790784, 14.647961851984535 ], [ -90.511707731679579, 14.647986952739604 ] ] ] } },
{ "type": "Feature", "properties": { "kind": "L1", "value": "14.315121844137149", "building_uid": "2851" }, "geometry": { "type": "MultiLineString", "coordinates": [ [ [ -90.51240017926618, 14.64721711861668 ], [ -90.512267358049556, 14.647217132549306 ] ], [ [ -90.512267358049556, 14.647217132549306 ], [ -90.512291432221701, 14.647206199823735 ] ], [ [ -90.512267358049556, 14.647217132549306 ], [ -90.512291434636623, 14.647228060235244 ] ] ] } },
{ "type": "Feature", "properties": { "kind": "L1", "value": "24.484401359917882", "building_uid": "2822" }, "geometry": { "type": "MultiLineString", "coordinates": [ [ [ -90.511910376397282, 14.647890687429172 ], [ -90.511686913108548, 14.647850862125328 ] ], [ [ -90.511686913108548, 14.647850862125328 ], [ -90.511730875859627, 14.647839691614523 ] ], [ [ -90.511686913108548, 14.647850862125328 ], [ -90.511723960947009, 14.647876470259195 ] ] ] } },
{ "type": "Feature", "properties": { "kind": "L1", "value": "13.346986799717767", "building_uid": "2824" }, "geometry": { "type": "MultiLineString", "coordinates": [ [ [ -90.512184549921216, 14.64803310541931 ], [ -90.512061006872116, 14.648024775898968 ] ], [ [ -90.512061006872116, 14.648024775898968 ], [ -90.512084123609213, 14.648016119082724 ] ], [ [ -90.512061006872116, 14.648024775898968 ], [ -90.512082677342832, 14.648036452368387 ] ] ] } },
{ "type": "Feature", "properties": { "kind": "L1", "value": "12.910497338224648", "building_uid": "2825" }, "geometry": { "type": "MultiLineString", "coordinates": [ [ [ -90.512249035785288, 14.647989445337641 ], [ -90.51222083092054, 14.648102793114463 ] ], [ [ -90.51222083092054, 14.648102793114463 ], [ -90.512216103035783, 14.648079926476408 ] ], [ [ -90.51222083092054, 14.648102793114463 ], [ -90.512235783726652, 14.648084568564366 ] ] ] } },
{ "type": "Feature", "properties": { "kind": "L1", "value": "25.564146951685526", "building_uid": "2826" }, "geometry": { "type": "MultiLineString", "coordinates": [ [ [ -90.512345386249905, 14.647625193438229 ], [ -90.512111431082488, 14.647587158481972 ] ], [ [ -90.512111431082488, 14.647587158481972 ], [ -90.512157140174338, 14.647574800026481 ] ], [ [ -90.512111431082488, 14.647587158481972 ], [ -90.512150536128203, 14.64761330552121 ] ] ] } },
{ "type": "Feature", "properties": { "kind": "L1", "value": "30.111079266350085", "building_uid": "2827" }, "geometry": { "type": "MultiLineString", "coordinates": [ [ [ -90.512320018354103, 14.647816283999196 ], [ -90.512045764162792, 14.647764404247507 ] ], [ [ -90.512045764162792, 14.647764404247507 ], [ -90.51209997985994, 14.647751239040959 ] ], [ [ -90.512045764162792, 14.647764404247507 ], [ -90.512090971921182, 14.647796377108033 ] ] ] } },
{ "type": "Feature", "properties": { "kind": "L1", "value": "16.213133692925066", "building_uid": "2889" }, "geometry": { "type": "MultiLineString", "coordinates": [ [ [ -90.513357354705576, 14.645676799701132 ], [ -90.513209194100554, 14.6456514512992 ] ], [ [ -90.513209194100554, 14.6456514512992 ], [ -90.513238250531131, 14.645643853385417 ] ], [ [ -90.513209194100554, 14.6456514512992 ], [ -90.513233849306346, 14.645668238607772 ] ] ] } },
{ "type": "Feature", "properties": { "kind": "L1", "value": "37.09216154255884", "building_uid": "2829" }, "geometry": { "type": "MultiLineString", "coordinates": [ [ [ -90.512041608423388, 14.647809168461162 ], [ -90.511700513172656, 14.647764579153169 ] ], [ [ -90.511700513172656, 14.647764579153169 ], [ -90.511766211663428, 14.647744591971485 ] ], [ [ -90.511700513172656, 14.647764579153169 ], [ -90.511758469560434, 14.647800731060517 ] ] ] } },
{ "type": "Feature", "properties": { "kind": "L1", "value": "36.90622905201578", "building_uid": "2830" }, "geometry": { "type": "MultiLineString", "coordinates": [ [ [ -90.512045864742916, 14.647748477348246 ], [ -90.511706251890118, 14.647705793685127 ] ], [ [ -90.511706251890118, 14.647705793685127 ], [ -90.511771516239278, 14.647685583065323 ] ], [ [ -90.511706251890118, 14.647705793685127 ], [ -90.511764105017122, 14.647741478189792 ] ] ] } },
{ "type": "Feature", "properties": { "kind": "L1", "value": "23.12719151875363", "building_uid": "2832" }, "geometry": { "type": "MultiLineString", "coordinates": [ [ [ -90.512299649950265, 14.647937678188402 ], [ -90.512086668136135, 14.647912198538444 ] ], [ [ -90.512086668136135, 14.647912198538444 ], [ -90.512127485577594, 14.647899290260336 ] ], [ [ -90.512086668136135, 14.647912198538444 ], [ -90.512123061512696, 14.647934343806352 ] ] ] } },
{ "type": "Feature", "properties": { "kind": "L1", "value": "24.75532214031871", "building_uid": "2833" }, "geometry": { "type": "MultiLineString", "coordinates": [ [ [ -90.512326560196627, 14.647719570106482 ], [ -90.512101709067352, 14.64767391012359 ] ], [ [ -90.512101709067352, 14.64767391012359 ], [ -90.512146429916555, 14.647663682992437 ] ], [ [ -90.512101709067352, 14.64767391012359 ], [ -90.512138501930039, 14.64770069008391 ] ] ] } },
{ "type": "Feature", "properties": { "kind": "L1", "value": "25.041550383354302", "building_uid": "2834" }, "geometry": { "type": "MultiLineString", "coordinates": [ [ [ -90.512358328594232, 14.647559541991571 ], [ -90.512127998091671, 14.64752981464226 ] ], [ [ -90.512127998091671, 14.64752981464226 ], [ -90.512172328944246, 14.647516248613687 ] ], [ [ -90.512127998091671, 14.64752981464226 ], [ -90.512167167354875, 14.647554157554429 ] ] ] } },
{ "type": "Feature", "properties": { "kind": "L1", "value": "29.373963409914392", "building_uid": "2835" }, "geometry": { "type": "MultiLineString", "coordinates": [ [ [ -90.51214738116316, 14.646742798535641 ], [ -90.512097385715762, 14.647003644811598 ] ], [ [ -90.512097385715762, 14.647003644811598 ], [ -90.512083802596251, 14.64695224914513 ] ], [ [ -90.512097385715762, 14.647003644811598 ], [ -90.51212909336671, 14.646960477676691 ] ] ] } },
{ "type": "Feature", "properties": { "kind": "L1", "value": "12.28777382871737", "building_uid": "2836" }, "geometry": { "type": "MultiLineString", "coordinates": [ [ [ -90.512443641182983, 14.646829382472863 ], [ -90.512332100368795, 14.646806403697704 ] ], [ [ -90.512332100368795, 14.646806403697704 ], [ -90.512354313331883, 14.646801389867569 ] ], [ [ -90.512332100368795, 14.646806403697704 ], [ -90.512350323524132, 14.646819747872348 ] ] ] } },
{ "type": "Feature", "properties": { "kind": "L1", "value": "14.027022851608345", "building_uid": "2837" }, "geometry": { "type": "MultiLineString", "coordinates": [ [ [ -90.51244051454114, 14.646925950916554 ], [ -90.512311397180056, 14.64691003621861 ] ], [ [ -90.512311397180056, 14.64691003621861 ], [ -90.512336182828804, 14.646902295526401 ] ], [ [ -90.512311397180056, 14.64691003621861 ], [ -90.512333419554508, 14.646923546366867 ] ] ] } },
{ "type": "Feature", "properties": { "kind": "L1", "value": "22.65714755095955", "building_uid": "2838" }, "geometry": { "type": "MultiLineString", "coordinates": [ [ [ -90.512275204935108, 14.646774519323541 ], [ -90.512233370802477, 14.64697509861247 ] ], [ [ -90.512233370802477, 14.64697509861247 ], [ -90.512223540428906, 14.64693529865162 ] ], [ [ -90.512233370802477, 14.64697509861247 ], [ -90.512258367032501, 14.646942183946864 ] ] ] } },
{ "type": "Feature", "properties": { "kind": "L1", "value": "13.80315813247411", "building_uid": "2839" }, "geometry": { "type": "MultiLineString", "coordinates": [ [ [ -90.512421985686984, 14.647001244017568 ], [ -90.512297991695036, 14.647032454827821 ] ], [ [ -90.512297991695036, 14.647032454827821 ], [ -90.512317757473667, 14.647016593712825 ] ], [ [ -90.512297991695036, 14.647032454827821 ], [ -90.512323176608461, 14.647037001313318 ] ] ] } },
{ "type": "Feature", "properties": { "kind": "L1", "value": "22.366178391627475", "building_uid": "2840" }, "geometry": { "type": "MultiLineString", "coordinates": [ [ [ -90.51204384708528, 14.646729499909311 ], [ -90.512018626799531, 14.646930046655497 ] ], [ [ -90.512018626799531, 14.646930046655497 ], [ -90.512005787800447, 14.646891619791786 ] ], [ [ -90.512018626799531, 14.646930046655497 ], [ -90.512040608746943, 14.646895770688804 ] ] ] } },
{ "type": "Feature", "properties": { "kind": "L1", "value": "16.335082946167482", "building_uid": "2841" }, "geometry": { "type": "MultiLineString", "coordinates": [ [ [ -90.511969764088178, 14.646726333799329 ], [ -90.511842857394598, 14.646807008056651 ] ], [ [ -90.511842857394598, 14.646807008056651 ], [ -90.511858856973049, 14.646781941414096 ] ], [ [ -90.511842857394598, 14.646807008056651 ], [ -90.511872864439425, 14.646802828428571 ] ] ] } },
{ "type": "Feature", "properties": { "kind": "L1", "value": "11.708414412553202", "building_uid": "2842" }, "geometry": { "type": "MultiLineString", "coordinates": [ [ [ -90.511937275047487, 14.646865994671268 ], [ -90.511831940080612, 14.646891865927198 ] ], [ [ -90.511831940080612, 14.646891865927198 ], [ -90.511848787249505, 14.646878508162686 ] ], [ [ -90.511831940080612, 14.646891865927198 ], [ -90.511853279274703, 14.646895844771104 ] ] ] } },
{ "type": "Feature", "properties": { "kind": "L1", "value": "25.644188965173477", "building_uid": "2843" }, "geometry": { "type": "MultiLineString", "coordinates": [ [ [ -90.512058204558116, 14.646984088013722 ], [ -90.5118219188399, 14.646956848640155 ] ], [ [ -90.5118219188399, 14.646956848640155 ], [ -90.511867113143992, 14.646942341517027 ] ], [ [ -90.5118219188399, 14.646956848640155 ], [ -90.511862383555155, 14.646981230700026 ] ] ] } },
{ "type": "Feature", "properties": { "kind": "L1", "value": "36.31936952533096", "building_uid": "2844" }, "geometry": { "type": "MultiLineString", "coordinates": [ [ [ -90.512141735770442, 14.647071002365863 ], [ -90.511809575425133, 14.647015684520831 ] ], [ [ -90.511809575425133, 14.647015684520831 ], [ -90.511874585743939, 14.646998377189417 ] ], [ [ -90.511809575425133, 14.647015684520831 ], [ -90.511864980871479, 14.647053045916017 ] ] ] } },
{ "type": "Feature", "properties": { "kind": "L1", "value": "21.77283623681591", "building_uid": "2845" }, "geometry": { "type": "MultiLineString", "coordinates": [ [ [ -90.511980542608072, 14.64724801954609 ], [ -90.511782275038485, 14.647210302921334 ] ], [ [ -90.511782275038485, 14.647210302921334 ], [ -90.511821487699081, 14.647200823551643 ] ], [ [ -90.511782275038485, 14.647210302921334 ], [ -90.51181493894002, 14.647233455462706 ] ] ] } },
{ "type": "Feature", "properties": { "kind": "L1", "value": "20.599422085634195", "building_uid": "2846" }, "geometry": { "type": "MultiLineString", "coordinates": [ [ [ -90.511982115295623, 14.647144829934561 ], [ -90.511795523249987, 14.647104524644307 ] ], [ [ -90.511795523249987, 14.647104524644307 ], [ -90.511832844320367, 14.647096475300643 ] ], [ [ -90.511795523249987, 14.647104524644307 ], [ -90.511825846094908, 14.647127185607864 ] ] ] } },
{ "type": "Feature", "properties": { "kind": "L1", "value": "29.19535322675968", "building_uid": "2847" }, "geometry": { "type": "MultiLineString", "coordinates": [ [ [ -90.512026559827248, 14.647363449187743 ], [ -90.511765577521771, 14.647292788409265 ] ], [ [ -90.511765577521771, 14.647292788409265 ], [ -90.511819018001702, 14.647284119607969 ] ], [ [ -90.511765577521771, 14.647292788409265 ], [ -90.511806749127103, 14.647327073415354 ] ] ] } },
{ "type": "Feature", "properties": { "kind": "L1", "value": "35.08136033648487", "building_uid": "2848" }, "geometry": { "type": "MultiLineString", "coordinates": [ [ [ -90.512109598208099, 14.647552792462056 ], [ -90.5117856303699, 14.647522092515777 ] ], [ [ -90.5117856303699, 14.647522092515777 ], [ -90.511847018508945, 14.647500997148164 ] ], [ [ -90.5117856303699, 14.647522092515777 ], [ -90.511841688035048, 14.647554317388307 ] ] ] } },
{ "type": "Feature", "properties": { "kind": "L1", "value": "25.4992328808469", "building_uid": "2849" }, "geometry": { "type": "MultiLineString", "coordinates": [ [ [ -90.511980962076862, 14.647487032107984 ], [ -90.511748494227902, 14.647444210979069 ] ], [ [ -90.511748494227902, 14.647444210979069 ], [ -90.511794349235942, 14.647432842455137 ] ], [ [ -90.511748494227902, 14.647444210979069 ], [ -90.511786914168709, 14.647471103184269 ] ] ] } },
{ "type": "Feature", "properties": { "kind": "L1", "value": "19.893317258231324", "building_uid": "2853" }, "geometry": { "type": "MultiLineString", "coordinates": [ [ [ -90.51236227345322, 14.647484830626306 ], [ -90.512178195252005, 14.647471613927806 ] ], [ [ -90.512178195252005, 14.647471613927806 ], [ -90.512212708965066, 14.647458861359178 ] ], [ [ -90.512178195252005, 14.647471613927806 ], [ -90.512210414134643, 14.647489157876223 ] ] ] } },
{ "type": "Feature", "properties": { "kind": "L1", "value": "35.148620008473884", "building_uid": "2854" }, "geometry": { "type": "MultiLineString", "coordinates": [ [ [ -90.512373176988845, 14.647401274110566 ], [ -90.512048322840556, 14.647373296328341 ] ], [ [ -90.512048322840556, 14.647373296328341 ], [ -90.512109635307084, 14.647351634582011 ] ], [ [ -90.512048322840556, 14.647373296328341 ], [ -90.512104777487266, 14.647405100732755 ] ] ] } },
{ "type": "Feature", "properties": { "kind": "L1", "value": "26.333083141046025", "building_uid": "2855" }, "geometry": { "type": "MultiLineString", "coordinates": [ [ [ -90.512008797574708, 14.647425713057165 ], [ -90.511769248708305, 14.647378890749579 ] ], [ [ -90.511769248708305, 14.647378890749579 ], [ -90.511816734594049, 14.647367664766078 ] ], [ [ -90.511769248708305, 14.647378890749579 ], [ -90.5118086048018, 14.647407090935964 ] ] ] } },
{ "type": "Feature", "properties": { "kind": "L1", "value": "18.328820014118733", "building_uid": "2856" }, "geometry": { "type": "MultiLineString", "coordinates": [ [ [ -90.51188364653035, 14.647667142312256 ], [ -90.511715607670752, 14.647641678008442 ] ], [ [ -90.511715607670752, 14.647641678008442 ], [ -90.51174827734701, 14.647632465387055 ] ], [ [ -90.511715607670752, 14.647641678008442 ], [ -90.511743855956183, 14.647660122045636 ] ] ] } },
{ "type": "Feature", "properties": { "kind": "L1", "value": "29.531974134543887", "building_uid": "750" }, "geometry": { "type": "MultiLineString", "coordinates": [ [ [ -90.51502800952079, 14.643239234355026 ], [ -90.514756934523746, 14.643200327836723 ] ], [ [ -90.514756934523746, 14.643200327836723 ], [ -90.514809447610205, 14.643185072233782 ] ], [ [ -90.514756934523746, 14.643200327836723 ], [ -90.5148026923667, 14.643229687996394 ] ] ] } },
{ "type": "Feature", "properties": { "kind": "L1", "value": "18.858933995723067", "building_uid": "2858" }, "geometry": { "type": "MultiLineString", "coordinates": [ [ [ -90.512133349075881, 14.646013772617131 ], [ -90.511960134099567, 14.645989640005265 ] ], [ [ -90.511960134099567, 14.645989640005265 ], [ -90.511993626379692, 14.645979759935747 ] ], [ [ -90.511960134099567, 14.645989640005265 ], [ -90.511989436242999, 14.646008268722616 ] ] ] } },
{ "type": "Feature", "properties": { "kind": "L1", "value": "20.30545920040351", "building_uid": "2859" }, "geometry": { "type": "MultiLineString", "coordinates": [ [ [ -90.512715442307083, 14.64664582636615 ], [ -90.512528304444231, 14.646624617941644 ] ], [ [ -90.512528304444231, 14.646624617941644 ], [ -90.512564066551946, 14.646613062118876 ] ], [ [ -90.512528304444231, 14.646624617941644 ], [ -90.512560384128022, 14.646643862329993 ] ] ] } },
{ "type": "Feature", "properties": { "kind": "L1", "value": "41.38597433138576", "building_uid": "2860" }, "geometry": { "type": "MultiLineString", "coordinates": [ [ [ -90.512574755669689, 14.646288197758109 ], [ -90.512413319175423, 14.646627412436658 ] ], [ [ -90.512413319175423, 14.646627412436658 ], [ -90.512413132564305, 14.64655264078185 ] ], [ [ -90.512413319175423, 14.646627412436658 ], [ -90.512472030335232, 14.646579210956004 ] ] ] } },
{ "type": "Feature", "properties": { "kind": "L1", "value": "12.432256289439781", "building_uid": "2863" }, "geometry": { "type": "MultiLineString", "coordinates": [ [ [ -90.514763777378491, 14.645972524923422 ], [ -90.514650212405542, 14.645952839573447 ] ], [ [ -90.514650212405542, 14.645952839573447 ], [ -90.514672506345619, 14.645947062161543 ] ], [ [ -90.514650212405542, 14.645952839573447 ], [ -90.514669088388672, 14.64596575338747 ] ] ] } },
{ "type": "Feature", "properties": { "kind": "L1", "value": "9.362045108717044", "building_uid": "2864" }, "geometry": { "type": "MultiLineString", "coordinates": [ [ [ -90.514647810981714, 14.645962945350183 ], [ -90.514561737095391, 14.645951562274613 ] ], [ [ -90.514561737095391, 14.645951562274613 ], [ -90.5145783271997, 14.645946542304177 ] ], [ [ -90.514561737095391, 14.645951562274613 ], [ -90.514576350762283, 14.645960708877569 ] ] ] } },
{ "type": "Feature", "properties": { "kind": "L1", "value": "21.052263210378552", "building_uid": "2865" }, "geometry": { "type": "MultiLineString", "coordinates": [ [ [ -90.514452293148366, 14.645775150941207 ], [ -90.514427293694041, 14.645963762429005 ] ], [ [ -90.514427293694041, 14.645963762429005 ], [ -90.514415450899008, 14.645927517132655 ] ], [ [ -90.514427293694041, 14.645963762429005 ], [ -90.514448199379871, 14.645931631702011 ] ] ] } },
{ "type": "Feature", "properties": { "kind": "L1", "value": "9.171009512826839", "building_uid": "2867" }, "geometry": { "type": "MultiLineString", "coordinates": [ [ [ -90.515122018045275, 14.645693665723538 ], [ -90.515112304893393, 14.645775970506758 ] ], [ [ -90.515112304893393, 14.645775970506758 ], [ -90.515106920259853, 14.645760252487189 ] ], [ [ -90.515112304893393, 14.645775970506758 ], [ -90.515121210770914, 14.645761851140037 ] ] ] } },
{ "type": "Feature", "properties": { "kind": "L1", "value": "38.6840423577168", "building_uid": "2869" }, "geometry": { "type": "MultiLineString", "coordinates": [ [ [ -90.51513042023582, 14.645679391395188 ], [ -90.514771918554104, 14.645662452296293 ] ], [ [ -90.514771918554104, 14.645662452296293 ], [ -90.514838371691127, 14.645636020493367 ] ], [ [ -90.514771918554104, 14.645662452296293 ], [ -90.514835430540614, 14.645695024994781 ] ] ] } },
{ "type": "Feature", "properties": { "kind": "L1", "value": "9.054854185977627", "building_uid": "2871" }, "geometry": { "type": "MultiLineString", "coordinates": [ [ [ -90.515204359734099, 14.645403970600096 ], [ -90.515120841610099, 14.645395097420293 ] ], [ [ -90.515120841610099, 14.645395097420293 ], [ -90.515136750555342, 14.645389832805993 ] ], [ [ -90.515120841610099, 14.645395097420293 ], [ -90.515135209913481, 14.645403578771656 ] ] ] } },
{ "type": "Feature", "properties": { "kind": "L1", "value": "9.675238284579063", "building_uid": "2872" }, "geometry": { "type": "MultiLineString", "coordinates": [ [ [ -90.513792349985579, 14.644718680743352 ], [ -90.513814249367954, 14.644803441318016 ] ], [ [ -90.513814249367954, 14.644803441318016 ], [ -90.513802921429843, 14.644789879662227 ] ], [ [ -90.513814249367954, 14.644803441318016 ], [ -90.513817638271931, 14.644786275306013 ] ] ] } },
{ "type": "Feature", "properties": { "kind": "L1", "value": "28.54153536620074", "building_uid": "2874" }, "geometry": { "type": "MultiLineString", "coordinates": [ [ [ -90.513963227597856, 14.644742690575752 ], [ -90.513916402815795, 14.644996457737919 ] ], [ [ -90.513916402815795, 14.644996457737919 ], [ -90.513902859753259, 14.644946606129777 ] ], [ [ -90.513916402815795, 14.644996457737919 ], [ -90.513946920968266, 14.644954312886689 ] ] ] } },
{ "type": "Feature", "properties": { "kind": "L1", "value": "8.630243191175563", "building_uid": "2875" }, "geometry": { "type": "MultiLineString", "coordinates": [ [ [ -90.513905700358734, 14.644789678668804 ], [ -90.51384964813434, 14.644734003679135 ] ], [ [ -90.51384964813434, 14.644734003679135 ], [ -90.513864641624323, 14.644739482678677 ] ], [ [ -90.51384964813434, 14.644734003679135 ], [ -90.513854974866959, 14.644748708151509 ] ] ] } },
{ "type": "Feature", "properties": { "kind": "L1", "value": "16.1839408735495", "building_uid": "2876" }, "geometry": { "type": "MultiLineString", "coordinates": [ [ [ -90.514310783365431, 14.644790860496103 ], [ -90.514371383429605, 14.644924623653381 ] ], [ [ -90.514371383429605, 14.644924623653381 ], [ -90.514348786416051, 14.644905364528396 ] ], [ [ -90.514371383429605, 14.644924623653381 ], [ -90.51437201150938, 14.644895390542116 ] ] ] } },
{ "type": "Feature", "properties": { "kind": "L1", "value": "27.312391929566957", "building_uid": "2877" }, "geometry": { "type": "MultiLineString", "coordinates": [ [ [ -90.514355173188079, 14.645123941138499 ], [ -90.514104572454116, 14.645087287116793 ] ], [ [ -90.514104572454116, 14.645087287116793 ], [ -90.514153178824543, 14.645073308310669 ] ], [ [ -90.514104572454116, 14.645087287116793 ], [ -90.514146814622563, 14.645114553891045 ] ] ] } },
{ "type": "Feature", "properties": { "kind": "L1", "value": "28.089775720477146", "building_uid": "2878" }, "geometry": { "type": "MultiLineString", "coordinates": [ [ [ -90.514205854118245, 14.644769327391375 ], [ -90.514134669891419, 14.645013428022157 ] ], [ [ -90.514134669891419, 14.645013428022157 ], [ -90.514126381454687, 14.644963323961923 ] ], [ [ -90.514134669891419, 14.645013428022157 ], [ -90.514168764286737, 14.644975039967239 ] ] ] } },
{ "type": "Feature", "properties": { "kind": "L1", "value": "15.564211024835426", "building_uid": "2879" }, "geometry": { "type": "MultiLineString", "coordinates": [ [ [ -90.514370477217767, 14.645010873919336 ], [ -90.514226865906579, 14.644996111701358 ] ], [ [ -90.514226865906579, 14.644996111701358 ], [ -90.514254178687565, 14.644986969258879 ] ], [ [ -90.514226865906579, 14.644996111701358 ], [ -90.514251615540203, 14.645010605801764 ] ] ] } },
{ "type": "Feature", "properties": { "kind": "L1", "value": "30.905613571891934", "building_uid": "2883" }, "geometry": { "type": "MultiLineString", "coordinates": [ [ [ -90.513848120682198, 14.645586888179819 ], [ -90.513803713483583, 14.645862705644774 ] ], [ [ -90.513803713483583, 14.645862705644774 ], [ -90.513787817831002, 14.645809056129846 ] ], [ [ -90.513803713483583, 14.645862705644774 ], [ -90.513835707798123, 14.645816364955575 ] ] ] } },
{ "type": "Feature", "properties": { "kind": "L1", "value": "13.637587790560662", "building_uid": "2884" }, "geometry": { "type": "MultiLineString", "coordinates": [ [ [ -90.512864562229254, 14.645594478211809 ], [ -90.512849077240531, 14.645716747149544 ] ], [ [ -90.512849077240531, 14.645716747149544 ], [ -90.512841269352222, 14.645693310181583 ] ], [ [ -90.512849077240531, 14.645716747149544 ], [ -90.512862498799592, 14.645695858801609 ] ] ] } },
{ "type": "Feature", "properties": { "kind": "L1", "value": "16.171377914379068", "building_uid": "2886" }, "geometry": { "type": "MultiLineString", "coordinates": [ [ [ -90.513346768600599, 14.645755020947023 ], [ -90.513198479618765, 14.645732746904695 ] ], [ [ -90.513198479618765, 14.645732746904695 ], [ -90.513227292421035, 14.645724581167666 ] ], [ [ -90.513198479618765, 14.645732746904695 ], [ -90.513223424993015, 14.645748987510215 ] ] ] } },
{ "type": "Feature", "properties": { "kind": "L1", "value": "18.068098460163842", "building_uid": "2887" }, "geometry": { "type": "MultiLineString", "coordinates": [ [ [ -90.513168618531154, 14.645598203560166 ], [ -90.513151303328499, 14.645760548512785 ] ], [ [ -90.513151303328499, 14.645760548512785 ], [ -90.513140348005095, 14.645729696689584 ] ], [ [ -90.513151303328499, 14.645760548512785 ], [ -90.513168535820128, 14.645732546538344 ] ] ] } },
{ "type": "Feature", "properties": { "kind": "L1", "value": "18.07268677355837", "building_uid": "2888" }, "geometry": { "type": "MultiLineString", "coordinates": [ [ [ -90.513066552292429, 14.645582960878052 ], [ -90.513049027080058, 14.645745326132934 ] ], [ [ -90.513049027080058, 14.645745326132934 ], [ -90.513038108061821, 14.645714453347244 ] ], [ [ -90.513049027080058, 14.645745326132934 ], [ -90.513066299399938, 14.645717337760964 ] ] ] } },
{ "type": "Feature", "properties": { "kind": "L1", "value": "16.26553194604011", "building_uid": "2890" }, "geometry": { "type": "MultiLineString", "coordinates": [ [ [ -90.512983086433778, 14.645591783787316 ], [ -90.512929488135484, 14.645729139397639 ] ], [ [ -90.512929488135484, 14.645729139397639 ], [ -90.512927278986155, 14.645699831329974 ] ], [ [ -90.512929488135484, 14.645729139397639 ], [ -90.512951127919152, 14.645708652884691 ] ] ] } },
{ "type": "Feature", "properties": { "kind": "L1", "value": "25.501484619634684", "building_uid": "2892" }, "geometry": { "type": "MultiLineString", "coordinates": [ [ [ -90.512722868021399, 14.645046296865727 ], [ -90.512489672274199, 14.645007301505393 ] ], [ [ -90.512489672274199, 14.645007301505393 ], [ -90.512535327049633, 14.644995179400075 ] ], [ [ -90.512489672274199, 14.645007301505393 ], [ -90.512528556328689, 14.645033560362858 ] ] ] } },
{ "type": "Feature", "properties": { "kind": "L1", "value": "17.18550520362703", "building_uid": "2893" }, "geometry": { "type": "MultiLineString", "coordinates": [ [ [ -90.51263198575792, 14.645142074716162 ], [ -90.512476417058664, 14.645108020484152 ] ], [ [ -90.512476417058664, 14.645108020484152 ], [ -90.512507572076217, 14.645101390935697 ] ], [ [ -90.512476417058664, 14.645108020484152 ], [ -90.512501659280503, 14.645126995493111 ] ] ] } },
{ "type": "Feature", "properties": { "kind": "L1", "value": "17.116003364687266", "building_uid": "2894" }, "geometry": { "type": "MultiLineString", "coordinates": [ [ [ -90.512372755142323, 14.645482418900153 ], [ -90.512353186965839, 14.645635857718307 ] ], [ [ -90.512353186965839, 14.645635857718307 ], [ -90.512343413209791, 14.645606434829695 ] ], [ [ -90.512353186965839, 14.645635857718307 ], [ -90.512370054645146, 14.64560965548905 ] ] ] } },
{ "type": "Feature", "properties": { "kind": "L1", "value": "17.805135826901346", "building_uid": "2895" }, "geometry": { "type": "MultiLineString", "coordinates": [ [ [ -90.512690873828859, 14.64526911789989 ], [ -90.512528042110887, 14.645241972439456 ] ], [ [ -90.512528042110887, 14.645241972439456 ], [ -90.512559913856393, 14.645233492906549 ] ], [ [ -90.512528042110887, 14.645241972439456 ], [ -90.512555200617854, 14.645260292845157 ] ] ] } },
{ "type": "Feature", "properties": { "kind": "L1", "value": "12.704510332974046", "building_uid": "2896" }, "geometry": { "type": "MultiLineString", "coordinates": [ [ [ -90.512675191059301, 14.645375406498118 ], [ -90.512563580842112, 14.64533848616866 ] ], [ [ -90.512563580842112, 14.64533848616866 ], [ -90.512587016698618, 14.645335993633021 ] ], [ [ -90.512563580842112, 14.64533848616866 ], [ -90.512580606262134, 14.645354363184138 ] ] ] } },
{ "type": "Feature", "properties": { "kind": "L1", "value": "21.2161790560924", "building_uid": "755" }, "geometry": { "type": "MultiLineString", "coordinates": [ [ [ -90.514665851189733, 14.643902406925752 ], [ -90.514644981222176, 14.644092983028141 ] ], [ [ -90.514644981222176, 14.644092983028141 ], [ -90.514632219495056, 14.64405672143617 ] ], [ [ -90.514644981222176, 14.644092983028141 ], [ -90.514665308804751, 14.644060156378265 ] ] ] } },
{ "type": "Feature", "properties": { "kind": "L1", "value": "12.494847902517197", "building_uid": "2898" }, "geometry": { "type": "MultiLineString", "coordinates": [ [ [ -90.512183267961547, 14.645253308571156 ], [ -90.512068373285047, 14.645238250555295 ] ], [ [ -90.512068373285047, 14.645238250555295 ], [ -90.512090506524871, 14.645231524928979 ] ], [ [ -90.512068373285047, 14.645238250555295 ], [ -90.512087892017348, 14.645250435068464 ] ] ] } },
{ "type": "Feature", "properties": { "kind": "L1", "value": "40.18648300614226", "building_uid": "3049" }, "geometry": { "type": "MultiLineString", "coordinates": [ [ [ -90.514300116407298, 14.645564027954473 ], [ -90.513931673483555, 14.645508294660909 ] ], [ [ -90.513931673483555, 14.645508294660909 ], [ -90.514003296472566, 14.645488076640994 ] ], [ [ -90.513931673483555, 14.645508294660909 ], [ -90.513993619527184, 14.645548717370021 ] ] ] } },
{ "type": "Feature", "properties": { "kind": "L1", "value": "16.989492857605107", "building_uid": "3239" }, "geometry": { "type": "MultiLineString", "coordinates": [ [ [ -90.515274693581418, 14.643504957942435 ], [ -90.515120625760233, 14.643472502894612 ] ], [ [ -90.515120625760233, 14.643472502894612 ], [ -90.515151369873095, 14.643465706891964 ] ], [ [ -90.515120625760233, 14.643472502894612 ], [ -90.515145734784227, 14.643491064616301 ] ] ] } },
{ "type": "Feature", "properties": { "kind": "L1", "value": "26.02630367524588", "building_uid": "3240" }, "geometry": { "type": "MultiLineString", "coordinates": [ [ [ -90.514117260662502, 14.643152726063834 ], [ -90.514084833011822, 14.643385704968447 ] ], [ [ -90.514084833011822, 14.643385704968447 ], [ -90.514070485166187, 14.643340806242994 ] ], [ [ -90.514084833011822, 14.643385704968447 ], [ -90.514110936647299, 14.643346143456926 ] ] ] } },
{ "type": "Feature", "properties": { "kind": "L1", "value": "13.191766943903799", "building_uid": "3241" }, "geometry": { "type": "MultiLineString", "coordinates": [ [ [ -90.513877335778389, 14.643118227932391 ], [ -90.513862540502018, 14.643236521808046 ] ], [ [ -90.513862540502018, 14.643236521808046 ], [ -90.513854952806042, 14.643213862110764 ] ], [ [ -90.513862540502018, 14.643236521808046 ], [ -90.513875491831755, 14.643216297241294 ] ] ] } },
{ "type": "Feature", "properties": { "kind": "L1", "value": "9.213656169572227", "building_uid": "12787" }, "geometry": { "type": "MultiLineString", "coordinates": [ [ [ -90.514418275792792, 14.644655262020001 ], [ -90.51433285087947, 14.644652090909959 ] ], [ [ -90.51433285087947, 14.644652090909959 ], [ -90.514348610429749, 14.644645635789498 ] ], [ [ -90.51433285087947, 14.644652090909959 ], [ -90.514348059833651, 14.644659695635703 ] ] ] } },
{ "type": "Feature", "properties": { "kind": "L1", "value": "10.342930045803708", "building_uid": "12789" }, "geometry": { "type": "MultiLineString", "coordinates": [ [ [ -90.514396977653576, 14.644498969921255 ], [ -90.514301406727128, 14.644490515097528 ] ], [ [ -90.514301406727128, 14.644490515097528 ], [ -90.514319464059795, 14.644484182754189 ] ], [ [ -90.514301406727128, 14.644490515097528 ], [ -90.514317996062246, 14.644499912515549 ] ] ] } },
{ "type": "Feature", "properties": { "kind": "L1", "value": "14.423250245155728", "building_uid": "12843" }, "geometry": { "type": "MultiLineString", "coordinates": [ [ [ -90.51236627237239, 14.644096039124543 ], [ -90.512233642718627, 14.644078680974239 ] ], [ [ -90.512233642718627, 14.644078680974239 ], [ -90.512259190304562, 14.644070912745905 ] ], [ [ -90.512233642718627, 14.644078680974239 ], [ -90.512256176442705, 14.644092741943988 ] ] ] } },
{ "type": "Feature", "properties": { "kind": "L1", "value": "17.111530228456225", "building_uid": "12849" }, "geometry": { "type": "MultiLineString", "coordinates": [ [ [ -90.512558817048955, 14.644260546255122 ], [ -90.512509306282226, 14.644407414495049 ] ], [ [ -90.512509306282226, 14.644407414495049 ], [ -90.512505530463784, 14.644376718504251 ] ], [ [ -90.512509306282226, 14.644407414495049 ], [ -90.512531030910566, 14.644384867356766 ] ] ] } },
{ "type": "Feature", "properties": { "kind": "L1", "value": "16.813883023819503", "building_uid": "12850" }, "geometry": { "type": "MultiLineString", "coordinates": [ [ [ -90.512167909841892, 14.645444064875139 ], [ -90.512195549318733, 14.645593549886232 ] ], [ [ -90.512195549318733, 14.645593549886232 ], [ -90.512177561874907, 14.645568728542765 ] ], [ [ -90.512195549318733, 14.645593549886232 ], [ -90.512203516810018, 14.645564179456963 ] ] ] } },
{ "type": "Feature", "properties": { "kind": "L1", "value": "8.570433162231163", "building_uid": "12851" }, "geometry": { "type": "MultiLineString", "coordinates": [ [ [ -90.512113773951768, 14.645464109112117 ], [ -90.512036852145229, 14.645483734805833 ] ], [ [ -90.512036852145229, 14.645483734805833 ], [ -90.512049091318971, 14.645473847275943 ] ], [ [ -90.512036852145229, 14.645483734805833 ], [ -90.512052498905916, 14.645486507572212 ] ] ] } },
{ "type": "Feature", "properties": { "kind": "L1", "value": "8.170916766377296", "building_uid": "12852" }, "geometry": { "type": "MultiLineString", "coordinates": [ [ [ -90.512634769083434, 14.645414482121263 ], [ -90.512630987750256, 14.64548820208319 ] ], [ [ -90.512630987750256, 14.64548820208319 ], [ -90.512625273201706, 14.645474528309562 ] ], [ [ -90.512630987750256, 14.64548820208319 ], [ -90.512638073120527, 14.645475150666552 ] ] ] } },
{ "type": "Feature", "properties": { "kind": "L1", "value": "20.92814530808725", "building_uid": "756" }, "geometry": { "type": "MultiLineString", "coordinates": [ [ [ -90.514840449061893, 14.643796724176182 ], [ -90.514647440482705, 14.643776018276208 ] ], [ [ -90.514647440482705, 14.643776018276208 ], [ -90.514684223075449, 14.643763888038906 ] ], [ [ -90.514647440482705, 14.643776018276208 ], [ -90.514680627951549, 14.643795654903739 ] ] ] } },
{ "type": "Feature", "properties": { "kind": "L1", "value": "41.935079017626116", "building_uid": "12916" }, "geometry": { "type": "MultiLineString", "coordinates": [ [ [ -90.515179752533967, 14.645581280922524 ], [ -90.514793606809448, 14.645534784819713 ] ], [ [ -90.514793606809448, 14.645534784819713 ], [ -90.5148676367169, 14.645511435638758 ] ], [ [ -90.514793606809448, 14.645534784819713 ], [ -90.514859563611182, 14.645574990003814 ] ] ] } },
{ "type": "Feature", "properties": { "kind": "L1", "value": "8.996031563607467", "building_uid": "12918" }, "geometry": { "type": "MultiLineString", "coordinates": [ [ [ -90.513409588939709, 14.644961739724089 ], [ -90.513415899589447, 14.645042772665672 ] ], [ [ -90.513415899589447, 14.645042772665672 ], [ -90.513407720893895, 14.64502860383352 ] ], [ [ -90.513415899589447, 14.645042772665672 ], [ -90.513421790528639, 14.645027565183218 ] ] ] } },
{ "type": "Feature", "properties": { "kind": "L1", "value": "24.364200746838524", "building_uid": "12952" }, "geometry": { "type": "MultiLineString", "coordinates": [ [ [ -90.514921258504387, 14.646156327103633 ], [ -90.514886744261048, 14.64637384065975 ] ], [ [ -90.514886744261048, 14.64637384065975 ], [ -90.514874116976003, 14.646331573532693 ] ], [ [ -90.514886744261048, 14.64637384065975 ], [ -90.514911883773095, 14.646337254096364 ] ] ] } },
{ "type": "Feature", "properties": { "kind": "L1", "value": "25.409556278648562", "building_uid": "12953" }, "geometry": { "type": "MultiLineString", "coordinates": [ [ [ -90.514559769568393, 14.646187060472965 ], [ -90.51432580208693, 14.646158817860128 ] ], [ [ -90.51432580208693, 14.646158817860128 ], [ -90.514370663270881, 14.646144683288416 ] ], [ [ -90.51432580208693, 14.646158817860128 ], [ -90.514365759507825, 14.646183191065269 ] ] ] } },
{ "type": "Feature", "properties": { "kind": "L1", "value": "9.395967916305024", "building_uid": "12995" }, "geometry": { "type": "MultiLineString", "coordinates": [ [ [ -90.512838531563958, 14.645120031244465 ], [ -90.512827967136431, 14.645204284047988 ] ], [ [ -90.512827967136431, 14.645204284047988 ], [ -90.512822567709279, 14.645188142870744 ] ], [ [ -90.512827967136431, 14.645204284047988 ], [ -90.512837196414836, 14.645189881636599 ] ] ] } },
{ "type": "Feature", "properties": { "kind": "L1", "value": "5.333442244928", "building_uid": "12998" }, "geometry": { "type": "MultiLineString", "coordinates": [ [ [ -90.512770110547976, 14.645533915959644 ], [ -90.512762605082457, 14.645581538137193 ] ], [ [ -90.512762605082457, 14.645581538137193 ], [ -90.512759831239251, 14.645572288417904 ] ], [ [ -90.512762605082457, 14.645581538137193 ], [ -90.512768099831177, 14.645573523716406 ] ] ] } },
{ "type": "Feature", "properties": { "kind": "L1", "value": "42.199578415986075", "building_uid": "48" }, "geometry": { "type": "MultiLineString", "coordinates": [ [ [ -90.514083314333732, 14.644161181281985 ], [ -90.513694970471647, 14.644112580618252 ] ], [ [ -90.513694970471647, 14.644112580618252 ], [ -90.513769581495055, 14.644089431812237 ] ], [ [ -90.513694970471647, 14.644112580618252 ], [ -90.513761143031616, 14.644153348380275 ] ] ] } },
{ "type": "Feature", "properties": { "kind": "L1", "value": "28.39623088901897", "building_uid": "180" }, "geometry": { "type": "MultiLineString", "coordinates": [ [ [ -90.514799266098962, 14.644715032384607 ], [ -90.514539177003002, 14.644674078401231 ] ], [ [ -90.514539177003002, 14.644674078401231 ], [ -90.514589876539389, 14.644660098144071 ] ], [ [ -90.514539177003002, 14.644674078401231 ], [ -90.514582765753431, 14.644702905464792 ] ] ] } },
{ "type": "Feature", "properties": { "kind": "L1", "value": "27.372390300838287", "building_uid": "181" }, "geometry": { "type": "MultiLineString", "coordinates": [ [ [ -90.514802209745724, 14.644618280796424 ], [ -90.514550005223725, 14.644589183987222 ] ], [ [ -90.514550005223725, 14.644589183987222 ], [ -90.514598246220601, 14.644573703319953 ] ], [ [ -90.514550005223725, 14.644589183987222 ], [ -90.514593194178403, 14.644615212959337 ] ] ] } },
{ "type": "Feature", "properties": { "kind": "L1", "value": "20.956392154222772", "building_uid": "189" }, "geometry": { "type": "MultiLineString", "coordinates": [ [ [ -90.513079801447134, 14.643537087655393 ], [ -90.513053217251539, 14.643724619197647 ] ], [ [ -90.513053217251539, 14.643724619197647 ], [ -90.513041755632798, 14.643688439218007 ] ], [ [ -90.513053217251539, 14.643724619197647 ], [ -90.513074316266767, 14.643692814659287 ] ] ] } },
{ "type": "Feature", "properties": { "kind": "L1", "value": "25.523610694936252", "building_uid": "190" }, "geometry": { "type": "MultiLineString", "coordinates": [ [ [ -90.513158795439196, 14.644167747203399 ], [ -90.512946116477892, 14.644269157400545 ] ], [ [ -90.512946116477892, 14.644269157400545 ], [ -90.51297586319447, 14.644233273493505 ] ], [ [ -90.512946116477892, 14.644269157400545 ], [ -90.512993470827482, 14.644268277800483 ] ] ] } },
{ "type": "Feature", "properties": { "kind": "L1", "value": "32.559270866066676", "building_uid": "197" }, "geometry": { "type": "MultiLineString", "coordinates": [ [ [ -90.512940869655637, 14.643529104567799 ], [ -90.512641036634079, 14.643493198862174 ] ], [ [ -90.512641036634079, 14.643493198862174 ], [ -90.512698501938672, 14.643475032749086 ] ], [ [ -90.512641036634079, 14.643493198862174 ], [ -90.512692267705361, 14.643524381678453 ] ] ] } },
{ "type": "Feature", "properties": { "kind": "L1", "value": "32.522914843617", "building_uid": "309" }, "geometry": { "type": "MultiLineString", "coordinates": [ [ [ -90.513061809976293, 14.643729186685972 ], [ -90.513026404986761, 14.644020952737545 ] ], [ [ -90.513026404986761, 14.644020952737545 ], [ -90.513007493224322, 14.643965153152067 ] ], [ [ -90.513026404986761, 14.644020952737545 ], [ -90.513058151900708, 14.643970980386532 ] ] ] } },
{ "type": "Feature", "properties": { "kind": "L1", "value": "27.256408257966942", "building_uid": "765" }, "geometry": { "type": "MultiLineString", "coordinates": [ [ [ -90.51469048353789, 14.645376434624639 ], [ -90.514441428387343, 14.645333697913683 ] ], [ [ -90.514441428387343, 14.645333697913683 ], [ -90.514490282670565, 14.645320948879984 ] ], [ [ -90.514441428387343, 14.645333697913683 ], [ -90.514482862331349, 14.645361940030138 ] ] ] } },
{ "type": "Feature", "properties": { "kind": "L1", "value": "19.564027248929893", "building_uid": "770" }, "geometry": { "type": "MultiLineString", "coordinates": [ [ [ -90.51397587837549, 14.645566863100747 ], [ -90.513949811928796, 14.645741762888768 ] ], [ [ -90.513949811928796, 14.645741762888768 ], [ -90.513939352929896, 14.645707915188371 ] ], [ [ -90.513949811928796, 14.645741762888768 ], [ -90.513969720627088, 14.645712205374041 ] ] ] } },
{ "type": "Feature", "properties": { "kind": "L1", "value": "32.278490155558515", "building_uid": "913" }, "geometry": { "type": "MultiLineString", "coordinates": [ [ [ -90.514590022998405, 14.646446761556536 ], [ -90.514293403448164, 14.646406476181802 ] ], [ [ -90.514293403448164, 14.646406476181802 ], [ -90.514350666535208, 14.646389368711874 ] ], [ [ -90.514293403448164, 14.646406476181802 ], [ -90.514343671777937, 14.646438188084739 ] ] ] } },
{ "type": "Feature", "properties": { "kind": "L1", "value": "13.995329447213049", "building_uid": "920" }, "geometry": { "type": "MultiLineString", "coordinates": [ [ [ -90.513793632190669, 14.646165439382179 ], [ -90.513692891240382, 14.64608566751172 ] ], [ [ -90.513692891240382, 14.64608566751172 ], [ -90.51371807706964, 14.646091836809815 ] ], [ [ -90.513692891240382, 14.64608566751172 ], [ -90.513704226322488, 14.64610841736514 ] ] ] } },
{ "type": "Feature", "properties": { "kind": "L1", "value": "24.841073797682803", "building_uid": "1296" }, "geometry": { "type": "MultiLineString", "coordinates": [ [ [ -90.513817326602478, 14.644379020905467 ], [ -90.51378960624389, 14.644601793601984 ] ], [ [ -90.51378960624389, 14.644601793601984 ], [ -90.513775291074893, 14.644559132265085 ] ], [ [ -90.51378960624389, 14.644601793601984 ], [ -90.513813970698081, 14.644563694687864 ] ] ] } },
{ "type": "Feature", "properties": { "kind": "L1", "value": "11.00712579566141", "building_uid": "1298" }, "geometry": { "type": "MultiLineString", "coordinates": [ [ [ -90.513726380650425, 14.644276689829308 ], [ -90.51371085535736, 14.644374966937033 ] ], [ [ -90.51371085535736, 14.644374966937033 ], [ -90.513705137666904, 14.644355875441091 ] ], [ [ -90.51371085535736, 14.644374966937033 ], [ -90.513722201328676, 14.644358430710067 ] ] ] } },
{ "type": "Feature", "properties": { "kind": "L1", "value": "28.88993524270568", "building_uid": "1301" }, "geometry": { "type": "MultiLineString", "coordinates": [ [ [ -90.515117685056751, 14.644346242842065 ], [ -90.514987326584844, 14.644574279249836 ] ], [ [ -90.514987326584844, 14.644574279249836 ], [ -90.514991158817068, 14.644522217342457 ] ], [ [ -90.514987326584844, 14.644574279249836 ], [ -90.515030752358072, 14.64454367270474 ] ] ] } },
{ "type": "Feature", "properties": { "kind": "L1", "value": "14.703400679560865", "building_uid": "1306" }, "geometry": { "type": "MultiLineString", "coordinates": [ [ [ -90.51483318526283, 14.643900317085873 ], [ -90.514697876655887, 14.643883382215606 ] ], [ [ -90.514697876655887, 14.643883382215606 ], [ -90.514723873085188, 14.643875316791799 ] ], [ [ -90.514697876655887, 14.643883382215606 ], [ -90.514720932719001, 14.643897586932495 ] ] ] } },
{ "type": "Feature", "properties": { "kind": "L1", "value": "29.79328570133092", "building_uid": "1407" }, "geometry": { "type": "MultiLineString", "coordinates": [ [ [ -90.512338574724311, 14.646005560445298 ], [ -90.512307103364748, 14.646272947600206 ] ], [ [ -90.512307103364748, 14.646272947600206 ], [ -90.512289594768532, 14.64622189071263 ] ], [ [ -90.512307103364748, 14.646272947600206 ], [ -90.512336021076408, 14.646227070464521 ] ] ] } },
{ "type": "Feature", "properties": { "kind": "L1", "value": "24.39796974401522", "building_uid": "1427" }, "geometry": { "type": "MultiLineString", "coordinates": [ [ [ -90.513327245991732, 14.64503444835236 ], [ -90.513105637061358, 14.644989476187128 ] ], [ [ -90.513105637061358, 14.644989476187128 ], [ -90.513149710463111, 14.644979390962904 ] ], [ [ -90.513105637061358, 14.644989476187128 ], [ -90.513141902000015, 14.645015864889855 ] ] ] } },
{ "type": "Feature", "properties": { "kind": "L1", "value": "12.561449737872747", "building_uid": "1547" }, "geometry": { "type": "MultiLineString", "coordinates": [ [ [ -90.514530507857543, 14.645572371879718 ], [ -90.514416088427495, 14.645550777716524 ] ], [ [ -90.514416088427495, 14.645550777716524 ], [ -90.514438702957122, 14.645545275965777 ] ], [ [ -90.514416088427495, 14.645550777716524 ], [ -90.514434953581144, 14.645564107858371 ] ] ] } },
{ "type": "Feature", "properties": { "kind": "L1", "value": "29.44833255065519", "building_uid": "1548" }, "geometry": { "type": "MultiLineString", "coordinates": [ [ [ -90.514676413918394, 14.645675405580786 ], [ -90.514404986302409, 14.645644888027922 ] ], [ [ -90.514404986302409, 14.645644888027922 ], [ -90.514456835060699, 14.64562808306135 ] ], [ [ -90.514404986302409, 14.645644888027922 ], [ -90.514451536309153, 14.645672756357973 ] ] ] } },
{ "type": "Feature", "properties": { "kind": "L1", "value": "17.788010241186548", "building_uid": "1550" }, "geometry": { "type": "MultiLineString", "coordinates": [ [ [ -90.514081178652518, 14.645596663250876 ], [ -90.514140617055205, 14.645746568739883 ] ], [ [ -90.514140617055205, 14.645746568739883 ], [ -90.514116829172409, 14.645724288014927 ] ], [ [ -90.514140617055205, 14.645746568739883 ], [ -90.514142857132768, 14.645714505259841 ] ] ] } },
{ "type": "Feature", "properties": { "kind": "L1", "value": "18.70287638660501", "building_uid": "1555" }, "geometry": { "type": "MultiLineString", "coordinates": [ [ [ -90.513033248292118, 14.645193836744163 ], [ -90.512860843019141, 14.645174623736931 ] ], [ [ -90.512860843019141, 14.645174623736931 ], [ -90.512893761431613, 14.645163918511548 ] ], [ [ -90.512860843019141, 14.645174623736931 ], [ -90.512890425495286, 14.645192294139768 ] ] ] } },
{ "type": "Feature", "properties": { "kind": "L1", "value": "40.909665965324926", "building_uid": "2589" }, "geometry": { "type": "MultiLineString", "coordinates": [ [ [ -90.514936591986313, 14.644545154569464 ], [ -90.514560122359114, 14.644498004354823 ] ], [ [ -90.514560122359114, 14.644498004354823 ], [ -90.514632455128563, 14.64447556986593 ] ], [ [ -90.514560122359114, 14.644498004354823 ], [ -90.514624268490991, 14.644537531972853 ] ] ] } },
{ "type": "Feature", "properties": { "kind": "L1", "value": "41.10145769432477", "building_uid": "2590" }, "geometry": { "type": "MultiLineString", "coordinates": [ [ [ -90.514952118500645, 14.644433322588862 ], [ -90.514574204498047, 14.644383586436689 ] ], [ [ -90.514574204498047, 14.644383586436689 ], [ -90.514647023570063, 14.644361501800059 ] ], [ [ -90.514574204498047, 14.644383586436689 ], [ -90.514638387945283, 14.644423701665044 ] ] ] } },
{ "type": "Feature", "properties": { "kind": "L1", "value": "41.220801657040774", "building_uid": "2591" }, "geometry": { "type": "MultiLineString", "coordinates": [ [ [ -90.514969546842948, 14.644315369320454 ], [ -90.514588170026371, 14.644287388813988 ] ], [ [ -90.514588170026371, 14.644287388813988 ], [ -90.514659728083018, 14.64426107573277 ] ], [ [ -90.514588170026371, 14.644287388813988 ], [ -90.514654869850048, 14.644323845566003 ] ] ] } },
{ "type": "Feature", "properties": { "kind": "L1", "value": "14.652834471943518", "building_uid": "2600" }, "geometry": { "type": "MultiLineString", "coordinates": [ [ [ -90.512419109510148, 14.644121130381832 ], [ -90.512402268646156, 14.64425247702429 ] ], [ [ -90.512402268646156, 14.64425247702429 ], [ -90.512393918526556, 14.644227283028641 ] ], [ [ -90.512402268646156, 14.64425247702429 ], [ -90.512416723973331, 14.644230054826311 ] ] ] } },
{ "type": "Feature", "properties": { "kind": "L1", "value": "17.024064586123803", "building_uid": "2602" }, "geometry": { "type": "MultiLineString", "coordinates": [ [ [ -90.512833865521273, 14.644280328570698 ], [ -90.512677203462786, 14.644260701251659 ] ], [ [ -90.512677203462786, 14.644260701251659 ], [ -90.512707304196567, 14.644251366631478 ] ], [ [ -90.512677203462786, 14.644260701251659 ], [ -90.512703896339403, 14.644277151243644 ] ] ] } },
{ "type": "Feature", "properties": { "kind": "L1", "value": "28.7121045604519", "building_uid": "2604" }, "geometry": { "type": "MultiLineString", "coordinates": [ [ [ -90.51281297663715, 14.643961858618544 ], [ -90.512549848390904, 14.643921345514103 ] ], [ [ -90.512549848390904, 14.643921345514103 ], [ -90.512601060521746, 14.643907035165224 ] ], [ [ -90.512549848390904, 14.643921345514103 ], [ -90.512594026308918, 14.643950342841576 ] ] ] } },
{ "type": "Feature", "properties": { "kind": "L1", "value": "20.13716724776679", "building_uid": "2605" }, "geometry": { "type": "MultiLineString", "coordinates": [ [ [ -90.512876892486275, 14.643568815314202 ], [ -90.512853048419046, 14.643749236687714 ] ], [ [ -90.512853048419046, 14.643749236687714 ], [ -90.512841707378271, 14.643714571004702 ] ], [ [ -90.512853048419046, 14.643749236687714 ], [ -90.512873033495183, 14.643718495453053 ] ] ] } },
{ "type": "Feature", "properties": { "kind": "L1", "value": "41.975649186760876", "building_uid": "2606" }, "geometry": { "type": "MultiLineString", "coordinates": [ [ [ -90.512628387614086, 14.643744792189448 ], [ -90.512778804403297, 14.644094556484866 ] ], [ [ -90.512778804403297, 14.644094556484866 ], [ -90.512721175191899, 14.644043536048592 ] ], [ [ -90.512778804403297, 14.644094556484866 ], [ -90.51278190398925, 14.644018779279508 ] ] ] } },
{ "type": "Feature", "properties": { "kind": "L1", "value": "29.148540647843724", "building_uid": "2607" }, "geometry": { "type": "MultiLineString", "coordinates": [ [ [ -90.512523394434837, 14.643521436881507 ], [ -90.512484504679321, 14.643782013126227 ] ], [ [ -90.512484504679321, 14.643782013126227 ], [ -90.5124689323019, 14.643731580276064 ] ], [ [ -90.512484504679321, 14.643782013126227 ], [ -90.512514175514141, 14.643737981066307 ] ] ] } },
{ "type": "Feature", "properties": { "kind": "L1", "value": "12.063738582340946", "building_uid": "2692" }, "geometry": { "type": "MultiLineString", "coordinates": [ [ [ -90.514544937200412, 14.648326192172222 ], [ -90.514536684385718, 14.648434873253706 ] ], [ [ -90.514536684385718, 14.648434873253706 ], [ -90.514528745086508, 14.648414494409169 ] ], [ [ -90.514536684385718, 14.648434873253706 ], [ -90.514547615523654, 14.648415852694058 ] ] ] } },
{ "type": "Feature", "properties": { "kind": "L1", "value": "16.997656010303594", "building_uid": "2709" }, "geometry": { "type": "MultiLineString", "coordinates": [ [ [ -90.51430190989052, 14.647229934953341 ], [ -90.5143742667629, 14.647366369085894 ] ], [ [ -90.5143742667629, 14.647366369085894 ], [ -90.514349306678568, 14.647347593258278 ] ], [ [ -90.5143742667629, 14.647366369085894 ], [ -90.514372995796123, 14.647335684387569 ] ] ] } },
{ "type": "Feature", "properties": { "kind": "L1", "value": "40.39858031644379", "building_uid": "2710" }, "geometry": { "type": "MultiLineString", "coordinates": [ [ [ -90.514536853530544, 14.647497475875618 ], [ -90.514166499884283, 14.647441216003415 ] ], [ [ -90.514166499884283, 14.647441216003415 ], [ -90.51423851497195, 14.647420936464986 ] ], [ [ -90.514166499884283, 14.647441216003415 ], [ -90.514228746509744, 14.647481891128821 ] ] ] } },
{ "type": "Feature", "properties": { "kind": "L1", "value": "21.537560885815328", "building_uid": "2713" }, "geometry": { "type": "MultiLineString", "coordinates": [ [ [ -90.514250398481352, 14.648211653116103 ], [ -90.514051076641039, 14.6481977197608 ] ], [ [ -90.514051076641039, 14.6481977197608 ], [ -90.514088415660808, 14.64818384271401 ] ], [ [ -90.514051076641039, 14.6481977197608 ], [ -90.514085996387379, 14.648216647995692 ] ] ] } },
{ "type": "Feature", "properties": { "kind": "L1", "value": "24.04388097628493", "building_uid": "2714" }, "geometry": { "type": "MultiLineString", "coordinates": [ [ [ -90.514316090989297, 14.648195939814302 ], [ -90.514222925945347, 14.648393293396449 ] ], [ [ -90.514222925945347, 14.648393293396449 ], [ -90.514222679828151, 14.648349854022907 ] ], [ [ -90.514222925945347, 14.648393293396449 ], [ -90.514256946574037, 14.648365187543483 ] ] ] } },
{ "type": "Feature", "properties": { "kind": "L1", "value": "10.599131246525605", "building_uid": "2715" }, "geometry": { "type": "MultiLineString", "coordinates": [ [ [ -90.514143564649089, 14.648284457433231 ], [ -90.514045232671876, 14.64828299658075 ] ], [ [ -90.514045232671876, 14.64828299658075 ], [ -90.514063183304501, 14.648275169424116 ] ], [ [ -90.514045232671876, 14.64828299658075 ], [ -90.514062929652653, 14.648291353336321 ] ] ] } },
{ "type": "Feature", "properties": { "kind": "L1", "value": "24.902841133724163", "building_uid": "2716" }, "geometry": { "type": "MultiLineString", "coordinates": [ [ [ -90.514295055567359, 14.648138387910171 ], [ -90.514066373910481, 14.648106197906735 ] ], [ [ -90.514066373910481, 14.648106197906735 ], [ -90.514110619693781, 14.648093214000262 ] ], [ [ -90.514066373910481, 14.648106197906735 ], [ -90.514105030497646, 14.64813085146525 ] ] ] } },
{ "type": "Feature", "properties": { "kind": "L1", "value": "29.65184140090917", "building_uid": "2717" }, "geometry": { "type": "MultiLineString", "coordinates": [ [ [ -90.514375819323718, 14.648054207694029 ], [ -90.514101102299662, 14.648039668264078 ] ], [ [ -90.514101102299662, 14.648039668264078 ], [ -90.514152160184992, 14.648019696631929 ] ], [ [ -90.514101102299662, 14.648039668264078 ], [ -90.514149635671586, 14.64806491082294 ] ] ] } },
{ "type": "Feature", "properties": { "kind": "L1", "value": "49.62589127169734", "building_uid": "2718" }, "geometry": { "type": "MultiLineString", "coordinates": [ [ [ -90.514568097411313, 14.647940238429701 ], [ -90.514110084825035, 14.647894170308239 ] ], [ [ -90.514110084825035, 14.647894170308239 ], [ -90.51419710432188, 14.647864829824188 ] ], [ [ -90.514110084825035, 14.647894170308239 ], [ -90.514189105424762, 14.647940211680366 ] ] ] } },
{ "type": "Feature", "properties": { "kind": "L1", "value": "16.7281150989723", "building_uid": "2721" }, "geometry": { "type": "MultiLineString", "coordinates": [ [ [ -90.514473975860554, 14.648273213544615 ], [ -90.514456191601099, 14.648423331591133 ] ], [ [ -90.514456191601099, 14.648423331591133 ], [ -90.514446382612533, 14.648394657453952 ] ], [ [ -90.514456191601099, 14.648423331591133 ], [ -90.514472447801182, 14.648397584466824 ] ] ] } },
{ "type": "Feature", "properties": { "kind": "L1", "value": "19.63299754962514", "building_uid": "2722" }, "geometry": { "type": "MultiLineString", "coordinates": [ [ [ -90.514458982451103, 14.648016392441727 ], [ -90.514445404770058, 14.648193253634128 ] ], [ [ -90.514445404770058, 14.648193253634128 ], [ -90.514432511584147, 14.648160078159666 ] ], [ [ -90.514445404770058, 14.648193253634128 ], [ -90.514463220186215, 14.648162312838222 ] ] ] } },
{ "type": "Feature", "properties": { "kind": "L1", "value": "34.186820508033655", "building_uid": "2723" }, "geometry": { "type": "MultiLineString", "coordinates": [ [ [ -90.514442529414495, 14.647673732109503 ], [ -90.514128570524832, 14.647629700084062 ] ], [ [ -90.514128570524832, 14.647629700084062 ], [ -90.514189301853364, 14.647611844982745 ] ], [ [ -90.514128570524832, 14.647629700084062 ], [ -90.514181656520663, 14.647663517872211 ] ] ] } },
{ "type": "Feature", "properties": { "kind": "L1", "value": "23.465268086130486", "building_uid": "2724" }, "geometry": { "type": "MultiLineString", "coordinates": [ [ [ -90.514332803676169, 14.647741900600447 ], [ -90.514116731282385, 14.647715867330486 ] ], [ [ -90.514116731282385, 14.647715867330486 ], [ -90.51415815698779, 14.647702805055683 ] ], [ [ -90.514116731282385, 14.647715867330486 ], [ -90.51415363680114, 14.647738367295945 ] ] ] } },
{ "type": "Feature", "properties": { "kind": "L1", "value": "8.314664298269284", "building_uid": "2725" }, "geometry": { "type": "MultiLineString", "coordinates": [ [ [ -90.514171011790651, 14.647521002869915 ], [ -90.514165645380999, 14.647595931373559 ] ], [ [ -90.514165645380999, 14.647595931373559 ], [ -90.51416011316374, 14.647581908100914 ] ], [ [ -90.514165645380999, 14.647595931373559 ], [ -90.514173123047001, 14.647582791331669 ] ] ] } },
{ "type": "Feature", "properties": { "kind": "L1", "value": "17.657671733676942", "building_uid": "2727" }, "geometry": { "type": "MultiLineString", "coordinates": [ [ [ -90.514493626657512, 14.647820847904615 ], [ -90.514374053949552, 14.647711802784912 ] ], [ [ -90.514374053949552, 14.647711802784912 ], [ -90.514405194669692, 14.647721728551069 ] ], [ [ -90.514374053949552, 14.647711802784912 ], [ -90.514386261081341, 14.647741408401179 ] ] ] } },
{ "type": "Feature", "properties": { "kind": "L1", "value": "18.730679403265167", "building_uid": "2732" }, "geometry": { "type": "MultiLineString", "coordinates": [ [ [ -90.514404134614054, 14.646865368646786 ], [ -90.514232122144506, 14.646841227513423 ] ], [ [ -90.514232122144506, 14.646841227513423 ], [ -90.514265397204426, 14.646831448002052 ] ], [ [ -90.514232122144506, 14.646841227513423 ], [ -90.514261205571771, 14.646859758761604 ] ] ] } },
{ "type": "Feature", "properties": { "kind": "L1", "value": "18.662405615736425", "building_uid": "2733" }, "geometry": { "type": "MultiLineString", "coordinates": [ [ [ -90.514413538664854, 14.646798750246269 ], [ -90.514242490983833, 14.6467725169693 ] ], [ [ -90.514242490983833, 14.6467725169693 ], [ -90.514275772793169, 14.646763196073733 ] ], [ [ -90.514242490983833, 14.6467725169693 ], [ -90.514271217903087, 14.646791348051812 ] ] ] } },
{ "type": "Feature", "properties": { "kind": "L1", "value": "18.83000165860832", "building_uid": "2735" }, "geometry": { "type": "MultiLineString", "coordinates": [ [ [ -90.514427835780964, 14.64671217765283 ], [ -90.514254430366833, 14.646691414603287 ] ], [ [ -90.514254430366833, 14.646691414603287 ], [ -90.514287664644812, 14.646680908136114 ] ], [ [ -90.514254430366833, 14.646691414603287 ], [ -90.514284059551315, 14.646709448174251 ] ] ] } },
{ "type": "Feature", "properties": { "kind": "L1", "value": "9.001457108897641", "building_uid": "2737" }, "geometry": { "type": "MultiLineString", "coordinates": [ [ [ -90.514512206432101, 14.646703266646218 ], [ -90.514428775604941, 14.646707000438992 ] ], [ [ -90.514428775604941, 14.646707000438992 ], [ -90.514443574258209, 14.646699457890549 ] ], [ [ -90.514428775604941, 14.646707000438992 ], [ -90.514444222554687, 14.646713189405766 ] ] ] } },
{ "type": "Feature", "properties": { "kind": "L1", "value": "37.48397530798634", "building_uid": "2739" }, "geometry": { "type": "MultiLineString", "coordinates": [ [ [ -90.514614583321105, 14.646620513256654 ], [ -90.514269292923558, 14.646579986776525 ] ], [ [ -90.514269292923558, 14.646579986776525 ], [ -90.514335399098997, 14.646558917776852 ] ], [ [ -90.514269292923558, 14.646579986776525 ], [ -90.514328362465733, 14.646615747634963 ] ] ] } },
{ "type": "Feature", "properties": { "kind": "L1", "value": "29.21269239505802", "building_uid": "2743" }, "geometry": { "type": "MultiLineString", "coordinates": [ [ [ -90.513735926781678, 14.646371140816148 ], [ -90.513464908277541, 14.646367394395682 ] ], [ [ -90.513464908277541, 14.646367394395682 ], [ -90.51351435876245, 14.646345770592042 ] ], [ [ -90.513464908277541, 14.646367394395682 ], [ -90.513513708255331, 14.646390376409995 ] ] ] } },
{ "type": "Feature", "properties": { "kind": "L1", "value": "9.017602105214243", "building_uid": "2754" }, "geometry": { "type": "MultiLineString", "coordinates": [ [ [ -90.513873161216907, 14.647595832968149 ], [ -90.513856676119531, 14.647675696586404 ] ], [ [ -90.513856676119531, 14.647675696586404 ], [ -90.513852730847617, 14.647659863783218 ] ], [ [ -90.513856676119531, 14.647675696586404 ], [ -90.513866597622865, 14.647662576982274 ] ] ] } },
{ "type": "Feature", "properties": { "kind": "L1", "value": "22.224745889338603", "building_uid": "2756" }, "geometry": { "type": "MultiLineString", "coordinates": [ [ [ -90.513980397902984, 14.647752339622361 ], [ -90.51377673823265, 14.647720859019408 ] ], [ [ -90.51377673823265, 14.647720859019408 ], [ -90.51381638689989, 14.647709805608631 ] ], [ [ -90.51377673823265, 14.647720859019408 ], [ -90.513810920889938, 14.647743324901448 ] ] ] } },
{ "type": "Feature", "properties": { "kind": "L1", "value": "12.581668340138009", "building_uid": "2760" }, "geometry": { "type": "MultiLineString", "coordinates": [ [ [ -90.513774061873548, 14.647580206278862 ], [ -90.513738050522164, 14.647688319690641 ] ], [ [ -90.513738050522164, 14.647688319690641 ], [ -90.513735192095822, 14.647665759422512 ] ], [ [ -90.513738050522164, 14.647688319690641 ], [ -90.513753963902488, 14.647671686349423 ] ] ] } },
{ "type": "Feature", "properties": { "kind": "L1", "value": "17.857531590682076", "building_uid": "2784" }, "geometry": { "type": "MultiLineString", "coordinates": [ [ [ -90.513587062721541, 14.648133328164665 ], [ -90.513581168276019, 14.648294541824145 ] ], [ [ -90.513581168276019, 14.648294541824145 ], [ -90.513568240855861, 14.648264834917235 ] ], [ [ -90.513581168276019, 14.648294541824145 ], [ -90.513596232573292, 14.648265805052761 ] ] ] } },
{ "type": "Feature", "properties": { "kind": "L1", "value": "26.684686339232986", "building_uid": "2802" }, "geometry": { "type": "MultiLineString", "coordinates": [ [ [ -90.512732376627483, 14.647927278581838 ], [ -90.512748275116834, 14.648167836716254 ] ], [ [ -90.512748275116834, 14.648167836716254 ], [ -90.512724509150033, 14.648125541095869 ] ], [ [ -90.512748275116834, 14.648167836716254 ], [ -90.512766277515098, 14.648122924450561 ] ] ] } },
{ "type": "Feature", "properties": { "kind": "L1", "value": "12.407592117792284", "building_uid": "2817" }, "geometry": { "type": "MultiLineString", "coordinates": [ [ [ -90.512794449250578, 14.64778907172 ], [ -90.51268200374642, 14.647765040198239 ] ], [ [ -90.51268200374642, 14.647765040198239 ], [ -90.512704472098392, 14.647760142782214 ] ], [ [ -90.51268200374642, 14.647765040198239 ], [ -90.512700299483726, 14.647778649603852 ] ] ] } },
{ "type": "Feature", "properties": { "kind": "L1", "value": "20.25939398148517", "building_uid": "2823" }, "geometry": { "type": "MultiLineString", "coordinates": [ [ [ -90.512039624243272, 14.647893036588183 ], [ -90.512013335706158, 14.648074250799516 ] ], [ [ -90.512013335706158, 14.648074250799516 ], [ -90.512002368610695, 14.648039240283584 ] ], [ [ -90.512013335706158, 14.648074250799516 ], [ -90.512033833014485, 14.648043566975911 ] ] ] } },
{ "type": "Feature", "properties": { "kind": "L1", "value": "12.709612214845023", "building_uid": "2852" }, "geometry": { "type": "MultiLineString", "coordinates": [ [ [ -90.512265993403389, 14.6470817515031 ], [ -90.512148197194804, 14.647076395478223 ] ], [ [ -90.512148197194804, 14.647076395478223 ], [ -90.512170014103347, 14.647067672559359 ] ], [ [ -90.512148197194804, 14.647076395478223 ], [ -90.512169084132282, 14.647087060088626 ] ] ] } },
{ "type": "Feature", "properties": { "kind": "L1", "value": "18.33802416534494", "building_uid": "2857" }, "geometry": { "type": "MultiLineString", "coordinates": [ [ [ -90.512204934457898, 14.645996753914782 ], [ -90.512181610136594, 14.646160846186492 ] ], [ [ -90.512181610136594, 14.646160846186492 ], [ -90.512171592317117, 14.64612918313548 ] ], [ [ -90.512181610136594, 14.646160846186492 ], [ -90.512200083570178, 14.646133021996681 ] ] ] } },
{ "type": "Feature", "properties": { "kind": "L1", "value": "10.525337687878292", "building_uid": "2862" }, "geometry": { "type": "MultiLineString", "coordinates": [ [ [ -90.514759902568059, 14.645761565787481 ], [ -90.514745263451346, 14.64585557204707 ] ], [ [ -90.514745263451346, 14.64585557204707 ], [ -90.514739755844687, 14.645837327626721 ] ], [ [ -90.514745263451346, 14.64585557204707 ], [ -90.514756078079145, 14.645839737025637 ] ] ] } },
{ "type": "Feature", "properties": { "kind": "L1", "value": "12.91653914465071", "building_uid": "2866" }, "geometry": { "type": "MultiLineString", "coordinates": [ [ [ -90.514514570860996, 14.645723782862719 ], [ -90.514396283581092, 14.645705037320965 ] ], [ [ -90.514396283581092, 14.645705037320965 ], [ -90.514419351902959, 14.645698700933892 ] ], [ [ -90.514396283581092, 14.645705037320965 ], [ -90.514416097127722, 14.645718169408651 ] ] ] } },
{ "type": "Feature", "properties": { "kind": "L1", "value": "41.36705277640189", "building_uid": "2873" }, "geometry": { "type": "MultiLineString", "coordinates": [ [ [ -90.514032531751198, 14.644749518807457 ], [ -90.513964309602343, 14.645117257184811 ] ], [ [ -90.513964309602343, 14.645117257184811 ], [ -90.513944750732676, 14.645044986112472 ] ], [ [ -90.513964309602343, 14.645117257184811 ], [ -90.514008600628685, 14.645056214600867 ] ] ] } },
{ "type": "Feature", "properties": { "kind": "L1", "value": "17.932091442319038", "building_uid": "2880" }, "geometry": { "type": "MultiLineString", "coordinates": [ [ [ -90.514011768684298, 14.645125764366918 ], [ -90.513968182050306, 14.645282096394372 ] ], [ [ -90.513968182050306, 14.645282096394372 ], [ -90.513962510769886, 14.645250172515748 ] ], [ [ -90.513968182050306, 14.645282096394372 ], [ -90.513989654505338, 14.645257346301669 ] ] ] } },
{ "type": "Feature", "properties": { "kind": "L1", "value": "41.654549706118964", "building_uid": "2881" }, "geometry": { "type": "MultiLineString", "coordinates": [ [ [ -90.514141090613279, 14.644769244024433 ], [ -90.514064304211786, 14.645138028618577 ] ], [ [ -90.514064304211786, 14.645138028618577 ], [ -90.5140462068848, 14.645064863126089 ] ], [ [ -90.514064304211786, 14.645138028618577 ], [ -90.5141102384395, 14.645077501178509 ] ] ] } },
{ "type": "Feature", "properties": { "kind": "L1", "value": "14.155140068784977", "building_uid": "2882" }, "geometry": { "type": "MultiLineString", "coordinates": [ [ [ -90.513580700919292, 14.645019118837899 ], [ -90.513654302203761, 14.645125023342658 ] ], [ [ -90.513654302203761, 14.645125023342658 ], [ -90.51363176708773, 14.64511188383136 ] ], [ [ -90.513654302203761, 14.645125023342658 ], [ -90.513650155142614, 14.645099770024501 ] ] ] } },
{ "type": "Feature", "properties": { "kind": "L1", "value": "25.854554717656526", "building_uid": "2891" }, "geometry": { "type": "MultiLineString", "coordinates": [ [ [ -90.512429491668087, 14.645402610948707 ], [ -90.512198028320128, 14.645341263628785 ] ], [ [ -90.512198028320128, 14.645341263628785 ], [ -90.512245309552171, 14.645333335669639 ] ], [ [ -90.512198028320128, 14.645341263628785 ], [ -90.512234657876391, 14.645371431440394 ] ] ] } },
{ "type": "Feature", "properties": { "kind": "L1", "value": "8.197219322035789", "building_uid": "2897" }, "geometry": { "type": "MultiLineString", "coordinates": [ [ [ -90.512501317170972, 14.645170510777353 ], [ -90.51249108414558, 14.645243886907679 ] ], [ [ -90.51249108414558, 14.645243886907679 ], [ -90.512486568897899, 14.645229744525585 ] ], [ [ -90.51249108414558, 14.645243886907679 ], [ -90.512499309103177, 14.64523142874657 ] ] ] } },
{ "type": "Feature", "properties": { "kind": "L1", "value": "12.908118375969622", "building_uid": "12745" }, "geometry": { "type": "MultiLineString", "coordinates": [ [ [ -90.514207866349665, 14.646249324738724 ], [ -90.514088107516699, 14.646250611555697 ] ], [ [ -90.514088107516699, 14.646250611555697 ], [ -90.514109703475569, 14.64624052299777 ] ], [ [ -90.514088107516699, 14.646250611555697 ], [ -90.514109926901597, 14.646260233621904 ] ] ] } },
{ "type": "Feature", "properties": { "kind": "L1", "value": "23.860775476165006", "building_uid": "12746" }, "geometry": { "type": "MultiLineString", "coordinates": [ [ [ -90.514521059651329, 14.646297583039832 ], [ -90.514299686322758, 14.646300137468684 ] ], [ [ -90.514299686322758, 14.646300137468684 ], [ -90.514339591038365, 14.646281456996721 ] ], [ [ -90.514299686322758, 14.646300137468684 ], [ -90.514340034551125, 14.646317891932542 ] ] ] } },
{ "type": "Feature", "properties": { "kind": "L1", "value": "31.652711124862634", "building_uid": "12782" }, "geometry": { "type": "MultiLineString", "coordinates": [ [ [ -90.513520180678711, 14.644440896969858 ], [ -90.513227047358001, 14.64442341788684 ] ], [ [ -90.513227047358001, 14.64442341788684 ], [ -90.513281698591882, 14.644402463182077 ] ], [ [ -90.513227047358001, 14.64442341788684 ], [ -90.513278663711844, 14.644450709216917 ] ] ] } },
{ "type": "Feature", "properties": { "kind": "L1", "value": "18.019063220600902", "building_uid": "12783" }, "geometry": { "type": "MultiLineString", "coordinates": [ [ [ -90.513214109281947, 14.643581223680092 ], [ -90.513110941558679, 14.643709310551555 ] ], [ [ -90.513110941558679, 14.643709310551555 ], [ -90.513118522210377, 14.64367760324634 ] ], [ [ -90.513110941558679, 14.643709310551555 ], [ -90.513140761610785, 14.643694583414545 ] ] ] } },
{ "type": "Feature", "properties": { "kind": "L1", "value": "23.141722868806585", "building_uid": "12784" }, "geometry": { "type": "MultiLineString", "coordinates": [ [ [ -90.51357633348249, 14.643425876730118 ], [ -90.513569022931136, 14.643634806040827 ] ], [ [ -90.513569022931136, 14.643634806040827 ], [ -90.513552210126733, 14.64359633357259 ] ], [ [ -90.513569022931136, 14.643634806040827 ], [ -90.513588485986645, 14.643597536804027 ] ] ] } },
{ "type": "Feature", "properties": { "kind": "L1", "value": "49.390347710289554", "building_uid": "12785" }, "geometry": { "type": "MultiLineString", "coordinates": [ [ [ -90.513249638861438, 14.643699457121857 ], [ -90.513259898163071, 14.6441455123826 ] ], [ [ -90.513259898163071, 14.6441455123826 ], [ -90.513219314755801, 14.644065503983063 ] ], [ [ -90.513259898163071, 14.6441455123826 ], [ -90.513296762353178, 14.644063815434514 ] ] ] } },
{ "type": "Feature", "properties": { "kind": "L1", "value": "74.66728135015026", "building_uid": "12786" }, "geometry": { "type": "MultiLineString", "coordinates": [ [ [ -90.513543886215558, 14.643662663714526 ], [ -90.513420127371987, 14.644326319965062 ] ], [ [ -90.513420127371987, 14.644326319965062 ], [ -90.513384945553497, 14.644195839999655 ] ], [ [ -90.513420127371987, 14.644326319965062 ], [ -90.513500174797812, 14.644216209218159 ] ] ] } },
{ "type": "Feature", "properties": { "kind": "L1", "value": "12.421312990738535", "building_uid": "12788" }, "geometry": { "type": "MultiLineString", "coordinates": [ [ [ -90.514427588761535, 14.644596185368352 ], [ -90.514325405356843, 14.644544292690057 ] ], [ [ -90.514325405356843, 14.644544292690057 ], [ -90.514348432293005, 14.644545289798199 ] ], [ [ -90.514325405356843, 14.644544292690057 ], [ -90.514339422258502, 14.644562107882713 ] ] ] } },
{ "type": "Feature", "properties": { "kind": "L1", "value": "17.022953955819574", "building_uid": "12846" }, "geometry": { "type": "MultiLineString", "coordinates": [ [ [ -90.512526120627371, 14.644089082588803 ], [ -90.512373745472786, 14.64404861127068 ] ], [ [ -90.512373745472786, 14.64404861127068 ], [ -90.512404878700607, 14.644043407639447 ] ], [ [ -90.512373745472786, 14.64404861127068 ], [ -90.512397851749526, 14.644068486703626 ] ] ] } },
{ "type": "Feature", "properties": { "kind": "L1", "value": "12.040660363985031", "building_uid": "12847" }, "geometry": { "type": "MultiLineString", "coordinates": [ [ [ -90.512462671142842, 14.643868460727806 ], [ -90.512445805592108, 14.643975983182957 ] ], [ [ -90.512445805592108, 14.643975983182957 ], [ -90.512439528230658, 14.643955105563512 ] ], [ [ -90.512445805592108, 14.643975983182957 ], [ -90.512458197109453, 14.643957881427387 ] ] ] } },
{ "type": "Feature", "properties": { "kind": "L1", "value": "11.92902062693468", "building_uid": "12848" }, "geometry": { "type": "MultiLineString", "coordinates": [ [ [ -90.512414449698255, 14.643937559648949 ], [ -90.512305497742716, 14.643918589746853 ] ], [ [ -90.512305497742716, 14.643918589746853 ], [ -90.512326893393293, 14.643913062186648 ] ], [ [ -90.512305497742716, 14.643918589746853 ], [ -90.512323599690234, 14.643930994342162 ] ] ] } },
{ "type": "Feature", "properties": { "kind": "L1", "value": "17.62474715290695", "building_uid": "12856" }, "geometry": { "type": "MultiLineString", "coordinates": [ [ [ -90.511884625803134, 14.647605461923764 ], [ -90.51172358498134, 14.647577791679364 ] ], [ [ -90.51172358498134, 14.647577791679364 ], [ -90.511755177690873, 14.647569554791282 ] ], [ [ -90.51172358498134, 14.647577791679364 ], [ -90.51175037328305, 14.647596059686178 ] ] ] } },
{ "type": "Feature", "properties": { "kind": "L1", "value": "14.567552058060881", "building_uid": "12915" }, "geometry": { "type": "MultiLineString", "coordinates": [ [ [ -90.515057657240305, 14.645448300082544 ], [ -90.514922893818536, 14.645458405565924 ] ], [ [ -90.514922893818536, 14.645458405565924 ], [ -90.514946443946315, 14.645445483710819 ] ], [ [ -90.514922893818536, 14.645458405565924 ], [ -90.514948198546108, 14.645467663961613 ] ] ] } },
{ "type": "Feature", "properties": { "kind": "L1", "value": "20.132053760020135", "building_uid": "12919" }, "geometry": { "type": "MultiLineString", "coordinates": [ [ [ -90.513980484180934, 14.644322346408124 ], [ -90.513794864464302, 14.644302014686456 ] ], [ [ -90.513794864464302, 14.644302014686456 ], [ -90.51383027526073, 14.644290424719648 ] ], [ [ -90.513794864464302, 14.644302014686456 ], [ -90.513826745096594, 14.644320975393468 ] ] ] } },
{ "type": "Feature", "properties": { "kind": "L1", "value": "18.30400427348768", "building_uid": "12951" }, "geometry": { "type": "MultiLineString", "coordinates": [ [ [ -90.514548519915209, 14.645819969811168 ], [ -90.514521310498893, 14.645983182978693 ] ], [ [ -90.514521310498893, 14.645983182978693 ], [ -90.514512073229056, 14.645951359557383 ] ], [ [ -90.514521310498893, 14.645983182978693 ], [ -90.514540411820406, 14.645955837855039 ] ] ] } },
{ "type": "Feature", "properties": { "kind": "L1", "value": "17.448562431682948", "building_uid": "12956" }, "geometry": { "type": "MultiLineString", "coordinates": [ [ [ -90.514440838297233, 14.647250090380652 ], [ -90.514417718041656, 14.647406096232045 ] ], [ [ -90.514417718041656, 14.647406096232045 ], [ -90.514408365175029, 14.647375915742417 ] ], [ [ -90.514417718041656, 14.647406096232045 ], [ -90.514435452543239, 14.647379720995126 ] ] ] } },
{ "type": "Feature", "properties": { "kind": "L1", "value": "12.421546213587835", "building_uid": "12987" }, "geometry": { "type": "MultiLineString", "coordinates": [ [ [ -90.515222156104272, 14.644195026984013 ], [ -90.515107531972731, 14.644206710286333 ] ], [ [ -90.515107531972731, 14.644206710286333 ], [ -90.515127294649417, 14.644195159705529 ] ], [ [ -90.515107531972731, 14.644206710286333 ], [ -90.51512932319369, 14.644214025408658 ] ] ] } },
{ "type": "Feature", "properties": { "kind": "L1", "value": "13.277587990785168", "building_uid": "12997" }, "geometry": { "type": "MultiLineString", "coordinates": [ [ [ -90.512928555499826, 14.645589082950787 ], [ -90.512829786891004, 14.645517395415474 ] ], [ [ -90.512829786891004, 14.645517395415474 ], [ -90.512853913355499, 14.645522261622768 ] ], [ [ -90.512829786891004, 14.645517395415474 ], [ -90.512841466319742, 14.645538517601317 ] ] ] } },
{ "type": "Feature", "properties": { "kind": "L1", "value": "18.77000230108382", "building_uid": "1000003" }, "geometry": { "type": "MultiLineString", "coordinates": [ [ [ -90.514386696775944, 14.642793276918807 ], [ -90.51436178439458, 14.642961091826779 ] ], [ [ -90.51436178439458, 14.642961091826779 ], [ -90.514351731465325, 14.642928623288288 ] ], [ [ -90.51436178439458, 14.642961091826779 ], [ -90.514380868647052, 14.642932723582868 ] ] ] } },
{ "type": "Feature", "properties": { "kind": "L1", "value": "11.689854731197304", "building_uid": "1000002" }, "geometry": { "type": "MultiLineString", "coordinates": [ [ [ -90.514338468979176, 14.64296485059894 ], [ -90.514393117981243, 14.643056066651036 ] ], [ [ -90.514393117981243, 14.643056066651036 ], [ -90.514375293430817, 14.643044029985159 ] ], [ [ -90.514393117981243, 14.643056066651036 ], [ -90.514391130998817, 14.643035035390206 ] ] ] } },
{ "type": "Feature", "properties": { "kind": "L1", "value": "13.523101107749616", "building_uid": "1000004" }, "geometry": { "type": "MultiLineString", "coordinates": [ [ [ -90.515074988394531, 14.643106140847772 ], [ -90.51507252986498, 14.643228278323965 ] ], [ [ -90.51507252986498, 14.643228278323965 ], [ -90.515062372313807, 14.643205937171738 ] ], [ [ -90.51507252986498, 14.643228278323965 ], [ -90.515083578692099, 14.643206341817647 ] ] ] } },
{ "type": "Feature", "properties": { "kind": "L1", "value": "7.041607041882572", "building_uid": "1000005" }, "geometry": { "type": "MultiLineString", "coordinates": [ [ [ -90.512536480898063, 14.64348079008953 ], [ -90.512480989072998, 14.643447215789106 ] ], [ [ -90.512480989072998, 14.643447215789106 ], [ -90.512493962314409, 14.643448734873209 ] ], [ [ -90.512480989072998, 14.643447215789106 ], [ -90.512488132898028, 14.643457868166504 ] ] ] } },
{ "type": "Feature", "properties": { "kind": "L1", "value": "16.53405157970007", "building_uid": "1000012" }, "geometry": { "type": "MultiLineString", "coordinates": [ [ [ -90.513154558942645, 14.644346464265606 ], [ -90.513003368037829, 14.644321166441234 ] ], [ [ -90.513003368037829, 14.644321166441234 ], [ -90.513032969340912, 14.644313309910444 ] ], [ [ -90.513003368037829, 14.644321166441234 ], [ -90.51302857692464, 14.644338194031834 ] ] ] } },
{ "type": "Feature", "properties": { "kind": "L1", "value": "14.209308730860487", "building_uid": "1000007" }, "geometry": { "type": "MultiLineString", "coordinates": [ [ [ -90.514004962318097, 14.643665077940822 ], [ -90.51398999548303, 14.643792607797584 ] ], [ [ -90.51398999548303, 14.643792607797584 ], [ -90.513981637047536, 14.643768259856772 ] ], [ [ -90.51398999548303, 14.643792607797584 ], [ -90.514003779746773, 14.643770723217724 ] ] ] } },
{ "type": "Feature", "properties": { "kind": "L1", "value": "5.980242138621932", "building_uid": "1000008" }, "geometry": { "type": "MultiLineString", "coordinates": [ [ [ -90.51442478138101, 14.644461932185777 ], [ -90.514417643367992, 14.644515505786391 ] ], [ [ -90.514417643367992, 14.644515505786391 ], [ -90.514414286272881, 14.644505207538829 ] ], [ [ -90.514417643367992, 14.644515505786391 ], [ -90.514423588158692, 14.644506382365439 ] ] ] } },
{ "type": "Feature", "properties": { "kind": "L1", "value": "6.996963641414773", "building_uid": "1000009" }, "geometry": { "type": "MultiLineString", "coordinates": [ [ [ -90.514676970957254, 14.643838352662117 ], [ -90.514663089731712, 14.643900097902197 ] ], [ [ -90.514663089731712, 14.643900097902197 ], [ -90.514660245524112, 14.643887763523667 ] ], [ [ -90.514663089731712, 14.643900097902197 ], [ -90.514670966206069, 14.643890048204206 ] ] ] } },
{ "type": "Feature", "properties": { "kind": "L1", "value": "20.024170503879674", "building_uid": "1000011" }, "geometry": { "type": "MultiLineString", "coordinates": [ [ [ -90.51499364644576, 14.64401164308234 ], [ -90.514814346430896, 14.643964251969336 ] ], [ [ -90.514814346430896, 14.643964251969336 ], [ -90.514850960832518, 14.643958086878859 ] ], [ [ -90.514814346430896, 14.643964251969336 ], [ -90.514842732413868, 14.643987597452297 ] ] ] } },
{ "type": "Feature", "properties": { "kind": "L1", "value": "18.45258074328587", "building_uid": "182" }, "geometry": { "type": "MultiLineString", "coordinates": [ [ [ -90.51474311763117, 14.64411321867772 ], [ -90.514601901058938, 14.644207464140488 ] ], [ [ -90.514601901058938, 14.644207464140488 ], [ -90.514619316385094, 14.644178759821555 ] ], [ [ -90.514601901058938, 14.644207464140488 ], [ -90.514635680022025, 14.644202002316197 ] ] ] } },
{ "type": "Feature", "properties": { "kind": "L1", "value": "21.790850042935233", "building_uid": "1000013" }, "geometry": { "type": "MultiLineString", "coordinates": [ [ [ -90.514955933600476, 14.644149013301728 ], [ -90.51476061468135, 14.644199864418562 ] ], [ [ -90.51476061468135, 14.644199864418562 ], [ -90.514791603916223, 14.644174573546962 ] ], [ [ -90.51476061468135, 14.644199864418562 ], [ -90.514800433079515, 14.64420672061139 ] ] ] } },
{ "type": "Feature", "properties": { "kind": "L1", "value": "10.795550746568109", "building_uid": "1000016" }, "geometry": { "type": "MultiLineString", "coordinates": [ [ [ -90.514741323241225, 14.645291444152326 ], [ -90.514642299545685, 14.645276767153087 ] ], [ [ -90.514642299545685, 14.645276767153087 ], [ -90.514661522909265, 14.645271278539909 ] ], [ [ -90.514642299545685, 14.645276767153087 ], [ -90.514658974557534, 14.645287576523669 ] ] ] } },
{ "type": "Feature", "properties": { "kind": "L1", "value": "9.64748773482622", "building_uid": "1000019" }, "geometry": { "type": "MultiLineString", "coordinates": [ [ [ -90.514928049433408, 14.645438364681329 ], [ -90.514839622835908, 14.645424830665688 ] ], [ [ -90.514839622835908, 14.645424830665688 ], [ -90.514856826126447, 14.645420006948569 ] ], [ [ -90.514839622835908, 14.645424830665688 ], [ -90.514854476228379, 14.645434560781023 ] ] ] } },
{ "type": "Feature", "properties": { "kind": "L1", "value": "9.440267157571782", "building_uid": "1000015" }, "geometry": { "type": "MultiLineString", "coordinates": [ [ [ -90.514545576861025, 14.645142611619422 ], [ -90.514600966657639, 14.645208673577022 ] ], [ [ -90.514600966657639, 14.645208673577022 ], [ -90.514585191488095, 14.645201257299165 ] ], [ [ -90.514600966657639, 14.645208673577022 ], [ -90.514596661740597, 14.645192140869296 ] ] ] } },
{ "type": "Feature", "properties": { "kind": "L1", "value": "37.58364531541001", "building_uid": "2861" }, "geometry": { "type": "MultiLineString", "coordinates": [ [ [ -90.51230937049354, 14.646287363027728 ], [ -90.51222737206389, 14.646617354321808 ] ], [ [ -90.51222737206389, 14.646617354321808 ], [ -90.51221358709158, 14.646550791695175 ] ], [ [ -90.51222737206389, 14.646617354321808 ], [ -90.512270883412569, 14.64656428748467 ] ] ] } },
{ "type": "Feature", "properties": { "kind": "L1", "value": "10.982909096037465", "building_uid": "1000023" }, "geometry": { "type": "MultiLineString", "coordinates": [ [ [ -90.512173394354335, 14.647462766922441 ], [ -90.512071536934329, 14.647459775173605 ] ], [ [ -90.512071536934329, 14.647459775173605 ], [ -90.512090259498819, 14.647451935361527 ] ], [ [ -90.512071536934329, 14.647459775173605 ], [ -90.512089740037425, 14.647468699570352 ] ] ] } },
{ "type": "Feature", "properties": { "kind": "L1", "value": "12.842785992262385", "building_uid": "1000020" }, "geometry": { "type": "MultiLineString", "coordinates": [ [ [ -90.512159469793431, 14.647108239788491 ], [ -90.512108843327439, 14.647213263425805 ] ], [ [ -90.512108843327439, 14.647213263425805 ], [ -90.512108902320477, 14.64719006049256 ] ], [ [ -90.512108843327439, 14.647213263425805 ], [ -90.512127137607067, 14.647198392865505 ] ] ] } },
{ "type": "Feature", "properties": { "kind": "L1", "value": "14.234474077618055", "building_uid": "1000021" }, "geometry": { "type": "MultiLineString", "coordinates": [ [ [ -90.512267801286498, 14.647213314093049 ], [ -90.51213573812538, 14.64721175086822 ] ], [ [ -90.51213573812538, 14.64721175086822 ], [ -90.512159811812225, 14.647201166402743 ] ], [ [ -90.51213573812538, 14.64721175086822 ], [ -90.512159540384843, 14.647222902049919 ] ] ] } },
{ "type": "Feature", "properties": { "kind": "L1", "value": "17.520590568153043", "building_uid": "1000024" }, "geometry": { "type": "MultiLineString", "coordinates": [ [ [ -90.514217089715174, 14.647218390948991 ], [ -90.514210449744937, 14.647376530968765 ] ], [ [ -90.514210449744937, 14.647376530968765 ], [ -90.514197924357802, 14.647347319841392 ] ], [ [ -90.514210449744937, 14.647376530968765 ], [ -90.514225382279179, 14.647348412683332 ] ] ] } },
{ "type": "Feature", "properties": { "kind": "L1", "value": "27.5054720903903", "building_uid": "1000001" }, "geometry": { "type": "MultiLineString", "coordinates": [ [ [ -90.51426829065349, 14.643004049531786 ], [ -90.51423069836116, 14.643249809558636 ] ], [ [ -90.51423069836116, 14.643249809558636 ], [ -90.514216177106348, 14.643202169085304 ] ], [ [ -90.51423069836116, 14.643249809558636 ], [ -90.514258847710849, 14.643208356343219 ] ] ] } },
{ "type": "Feature", "properties": { "kind": "L1", "value": "18.86146438740549", "building_uid": "1000017" }, "geometry": { "type": "MultiLineString", "coordinates": [ [ [ -90.514603658217453, 14.645732601361859 ], [ -90.514619919150064, 14.645902249178855 ] ], [ [ -90.514619919150064, 14.645902249178855 ], [ -90.514602243755462, 14.645872836713993 ] ], [ [ -90.514619919150064, 14.645902249178855 ], [ -90.51463169958015, 14.645870160387634 ] ] ] } },
{ "type": "Feature", "properties": { "kind": "L2", "value": "22.55604210826245", "building_uid": "7" }, "geometry": { "type": "MultiLineString", "coordinates": [ [ [ -90.514085651162333, 14.64281267196645 ], [ -90.513891324871324, 14.642737033951612 ] ], [ [ -90.513891324871324, 14.642737033951612 ], [ -90.513933115140844, 14.642734752280704 ] ], [ [ -90.513891324871324, 14.642737033951612 ], [ -90.513919982349833, 14.64276673617197 ] ] ] } },
{ "type": "Feature", "properties": { "kind": "L2", "value": "35.06000523970873", "building_uid": "8" }, "geometry": { "type": "MultiLineString", "coordinates": [ [ [ -90.515095225894498, 14.643064212802724 ], [ -90.514828940977978, 14.64288230166555 ] ], [ [ -90.514828940977978, 14.64288230166555 ], [ -90.514893000499384, 14.642893361471554 ] ], [ [ -90.514828940977978, 14.64288230166555 ], [ -90.514861415821528, 14.642937188885414 ] ] ] } },
{ "type": "Feature", "properties": { "kind": "L2", "value": "21.49414021295599", "building_uid": "9" }, "geometry": { "type": "MultiLineString", "coordinates": [ [ [ -90.515351477972402, 14.642951064287926 ], [ -90.515152881208977, 14.642933360449195 ] ], [ [ -90.515152881208977, 14.642933360449195 ], [ -90.515190416098889, 14.642920226117008 ] ], [ [ -90.515152881208977, 14.642933360449195 ], [ -90.515187342227037, 14.642952912856517 ] ] ] } },
{ "type": "Feature", "properties": { "kind": "L2", "value": "20.239024870278158", "building_uid": "10" }, "geometry": { "type": "MultiLineString", "coordinates": [ [ [ -90.515538927135069, 14.643004456534781 ], [ -90.515353084779306, 14.642978244422554 ] ], [ [ -90.515353084779306, 14.642978244422554 ], [ -90.515389046417198, 14.64296770192945 ] ], [ [ -90.515353084779306, 14.642978244422554 ], [ -90.515384495280458, 14.642998289433169 ] ] ] } },
{ "type": "Feature", "properties": { "kind": "L2", "value": "7.258312799671872", "building_uid": "53" }, "geometry": { "type": "MultiLineString", "coordinates": [ [ [ -90.514285657776057, 14.642660861016626 ], [ -90.514277353220351, 14.642725928504762 ] ], [ [ -90.514277353220351, 14.642725928504762 ], [ -90.514273209790218, 14.642713450852483 ] ], [ [ -90.514277353220351, 14.642725928504762 ], [ -90.514284507245137, 14.642714817688644 ] ] ] } },
{ "type": "Feature", "properties": { "kind": "L2", "value": "11.423981272956953", "building_uid": "54" }, "geometry": { "type": "MultiLineString", "coordinates": [ [ [ -90.514488221480562, 14.642807336823989 ], [ -90.514382336314782, 14.64281201520159 ] ], [ [ -90.514382336314782, 14.64281201520159 ], [ -90.514401123080049, 14.642802453450157 ] ], [ [ -90.514382336314782, 14.64281201520159 ], [ -90.514401935369094, 14.642819880940271 ] ] ] } },
{ "type": "Feature", "properties": { "kind": "L2", "value": "17.02989142437882", "building_uid": "55" }, "geometry": { "type": "MultiLineString", "coordinates": [ [ [ -90.514635163027521, 14.64284095351741 ], [ -90.514518631691928, 14.642737059742217 ] ], [ [ -90.514518631691928, 14.642737059742217 ], [ -90.514548773705613, 14.642746301828868 ] ], [ [ -90.514518631691928, 14.642737059742217 ], [ -90.514530734963671, 14.642765481556303 ] ] ] } },
{ "type": "Feature", "properties": { "kind": "L2", "value": "21.722616428707173", "building_uid": "105" }, "geometry": { "type": "MultiLineString", "coordinates": [ [ [ -90.51491342482646, 14.643406489080302 ], [ -90.514716065819286, 14.643366690913348 ] ], [ [ -90.514716065819286, 14.643366690913348 ], [ -90.514755294440278, 14.643357663326876 ] ], [ [ -90.514716065819286, 14.643366690913348 ], [ -90.514748384385086, 14.643390146278348 ] ] ] } },
{ "type": "Feature", "properties": { "kind": "L2", "value": "13.705781645220167", "building_uid": "106" }, "geometry": { "type": "MultiLineString", "coordinates": [ [ [ -90.514553652695923, 14.643701754781771 ], [ -90.514427606359106, 14.643685363438086 ] ], [ [ -90.514427606359106, 14.643685363438086 ], [ -90.514451876707994, 14.643677961711685 ] ], [ [ -90.514427606359106, 14.643685363438086 ], [ -90.514449030716207, 14.64369870741513 ] ] ] } },
{ "type": "Feature", "properties": { "kind": "L2", "value": "21.33685432822096", "building_uid": "107" }, "geometry": { "type": "MultiLineString", "coordinates": [ [ [ -90.513962219271534, 14.643633041984197 ], [ -90.513766102216366, 14.643606742620314 ] ], [ [ -90.513766102216366, 14.643606742620314 ], [ -90.513803933843548, 14.643595370442299 ] ], [ [ -90.513766102216366, 14.643606742620314 ], [ -90.513799367543399, 14.643627648949021 ] ] ] } },
{ "type": "Feature", "properties": { "kind": "L2", "value": "13.529745211851361", "building_uid": "108" }, "geometry": { "type": "MultiLineString", "coordinates": [ [ [ -90.514149633483541, 14.643625859086455 ], [ -90.514024986982932, 14.64364035294121 ] ], [ [ -90.514024986982932, 14.64364035294121 ], [ -90.514046322338473, 14.643627468110697 ] ], [ [ -90.514024986982932, 14.64364035294121 ], [ -90.514048838865904, 14.643647983424653 ] ] ] } },
{ "type": "Feature", "properties": { "kind": "L2", "value": "17.722371024499523", "building_uid": "109" }, "geometry": { "type": "MultiLineString", "coordinates": [ [ [ -90.514307102700073, 14.643727923915545 ], [ -90.514144082674434, 14.643706984277024 ] ], [ [ -90.514144082674434, 14.643706984277024 ], [ -90.514175449786151, 14.643697364275434 ] ], [ [ -90.514144082674434, 14.643706984277024 ], [ -90.514171814082474, 14.643724195397779 ] ] ] } },
{ "type": "Feature", "properties": { "kind": "L2", "value": "12.241945813666561", "building_uid": "110" }, "geometry": { "type": "MultiLineString", "coordinates": [ [ [ -90.514425354865722, 14.643701808323755 ], [ -90.514312796619663, 14.643686980821341 ] ], [ [ -90.514312796619663, 14.643686980821341 ], [ -90.514334486333368, 14.643680405617989 ] ], [ [ -90.514312796619663, 14.643686980821341 ], [ -90.514331911868183, 14.64369893134476 ] ] ] } },
{ "type": "Feature", "properties": { "kind": "L2", "value": "12.919041945861144", "building_uid": "761" }, "geometry": { "type": "MultiLineString", "coordinates": [ [ [ -90.514597605202951, 14.6449414895737 ], [ -90.514581355709012, 14.645057116352984 ] ], [ [ -90.514581355709012, 14.645057116352984 ], [ -90.51457426306257, 14.645034820435418 ] ], [ [ -90.514581355709012, 14.645057116352984 ], [ -90.514594339176796, 14.645037494890678 ] ] ] } },
{ "type": "Feature", "properties": { "kind": "L2", "value": "12.632095443838738", "building_uid": "176" }, "geometry": { "type": "MultiLineString", "coordinates": [ [ [ -90.51519306782923, 14.64471866088892 ], [ -90.515267076233059, 14.64480714549247 ] ], [ [ -90.515267076233059, 14.64480714549247 ], [ -90.515245979630734, 14.644797197051661 ] ], [ [ -90.515267076233059, 14.64480714549247 ], [ -90.515261343069355, 14.644785016221066 ] ] ] } },
{ "type": "Feature", "properties": { "kind": "L2", "value": "17.774314913030633", "building_uid": "177" }, "geometry": { "type": "MultiLineString", "coordinates": [ [ [ -90.515171036921075, 14.644715598622849 ], [ -90.515006286494668, 14.644708418670819 ] ], [ [ -90.515006286494668, 14.644708418670819 ], [ -90.515036772735925, 14.644696162227969 ] ], [ [ -90.515006286494668, 14.644708418670819 ], [ -90.515035526086493, 14.644723278029302 ] ] ] } },
{ "type": "Feature", "properties": { "kind": "L2", "value": "9.981680477118351", "building_uid": "178" }, "geometry": { "type": "MultiLineString", "coordinates": [ [ [ -90.515007015991543, 14.644698763905197 ], [ -90.514915372481013, 14.644685751173594 ] ], [ [ -90.514915372481013, 14.644685751173594 ], [ -90.514933113615413, 14.644680568211779 ] ], [ [ -90.514915372481013, 14.644685751173594 ], [ -90.514930854234919, 14.644695651556493 ] ] ] } },
{ "type": "Feature", "properties": { "kind": "L2", "value": "12.164492327200715", "building_uid": "179" }, "geometry": { "type": "MultiLineString", "coordinates": [ [ [ -90.514915749057096, 14.644683728555732 ], [ -90.51480376335121, 14.644670032746639 ] ], [ [ -90.51480376335121, 14.644670032746639 ], [ -90.514825251044329, 14.64466329956916 ] ], [ [ -90.51480376335121, 14.644670032746639 ], [ -90.514822873061462, 14.644681730979144 ] ] ] } },
{ "type": "Feature", "properties": { "kind": "L2", "value": "17.28702306970959", "building_uid": "183" }, "geometry": { "type": "MultiLineString", "coordinates": [ [ [ -90.51480741933149, 14.643610105547834 ], [ -90.514779674854424, 14.643763913797461 ] ], [ [ -90.514779674854424, 14.643763913797461 ], [ -90.51477135119174, 14.643733751071142 ] ], [ [ -90.514779674854424, 14.643763913797461 ], [ -90.514798056540087, 14.643738317478979 ] ] ] } },
{ "type": "Feature", "properties": { "kind": "L2", "value": "17.23168128705925", "building_uid": "184" }, "geometry": { "type": "MultiLineString", "coordinates": [ [ [ -90.514289198542016, 14.644144682092264 ], [ -90.514267974970309, 14.644298966767266 ] ], [ [ -90.514267974970309, 14.644298966767266 ], [ -90.514258427924034, 14.644269254318692 ] ], [ [ -90.514267974970309, 14.644298966767266 ], [ -90.514285216059264, 14.644272747455398 ] ] ] } },
{ "type": "Feature", "properties": { "kind": "L2", "value": "24.939092727538647", "building_uid": "185" }, "geometry": { "type": "MultiLineString", "coordinates": [ [ [ -90.513937030066614, 14.643813852110899 ], [ -90.513911994973, 14.644037816725609 ] ], [ [ -90.513911994973, 14.644037816725609 ], [ -90.513897089643635, 14.643995160314612 ] ], [ [ -90.513911994973, 14.644037816725609 ], [ -90.513935976116201, 14.643999280787476 ] ] ] } },
{ "type": "Feature", "properties": { "kind": "L2", "value": "10.981686982449263", "building_uid": "186" }, "geometry": { "type": "MultiLineString", "coordinates": [ [ [ -90.514146623881174, 14.644468693230573 ], [ -90.514045719916936, 14.644454917252991 ] ], [ [ -90.514045719916936, 14.644454917252991 ], [ -90.514065205874829, 14.644449110554197 ] ], [ [ -90.514045719916936, 14.644454917252991 ], [ -90.514062813975372, 14.644465718068266 ] ] ] } },
{ "type": "Feature", "properties": { "kind": "L2", "value": "18.98768572698001", "building_uid": "187" }, "geometry": { "type": "MultiLineString", "coordinates": [ [ [ -90.514036357968266, 14.644502232944074 ], [ -90.51387308913543, 14.644437795681259 ] ], [ [ -90.51387308913543, 14.644437795681259 ], [ -90.513908277552787, 14.644436039698119 ] ], [ [ -90.51387308913543, 14.644437795681259 ], [ -90.513897089426564, 14.644462911676213 ] ] ] } },
{ "type": "Feature", "properties": { "kind": "L2", "value": "21.533562951547466", "building_uid": "188" }, "geometry": { "type": "MultiLineString", "coordinates": [ [ [ -90.513191371126638, 14.643358716149592 ], [ -90.513151851420346, 14.64354939589238 ] ], [ [ -90.513151851420346, 14.64354939589238 ], [ -90.513142461220767, 14.643511580747878 ] ], [ [ -90.513151851420346, 14.64354939589238 ], [ -90.513175568441667, 14.643518085224505 ] ] ] } },
{ "type": "Feature", "properties": { "kind": "L2", "value": "13.070896087783481", "building_uid": "191" }, "geometry": { "type": "MultiLineString", "coordinates": [ [ [ -90.513079473174813, 14.644361577350008 ], [ -90.513055752178715, 14.644477372415198 ] ], [ [ -90.513055752178715, 14.644477372415198 ], [ -90.513049999246348, 14.644454431132937 ] ], [ [ -90.513055752178715, 14.644477372415198 ], [ -90.513070104525852, 14.644458335310432 ] ] ] } },
{ "type": "Feature", "properties": { "kind": "L2", "value": "12.505299663418345", "building_uid": "192" }, "geometry": { "type": "MultiLineString", "coordinates": [ [ [ -90.512746691166072, 14.64432015104439 ], [ -90.512735852364955, 14.644432623485423 ] ], [ [ -90.512735852364955, 14.644432623485423 ], [ -90.512728052837147, 14.644411344590186 ] ], [ [ -90.512735852364955, 14.644432623485423 ], [ -90.512747581211897, 14.644413128521087 ] ] ] } },
{ "type": "Feature", "properties": { "kind": "L2", "value": "10.487501943613964", "building_uid": "193" }, "geometry": { "type": "MultiLineString", "coordinates": [ [ [ -90.512667128191154, 14.644324675613635 ], [ -90.512571146222044, 14.644309101234793 ] ], [ [ -90.512571146222044, 14.644309101234793 ], [ -90.512589896136916, 14.644304025560439 ] ], [ [ -90.512571146222044, 14.644309101234793 ], [ -90.512587191986469, 14.644319822987018 ] ] ] } },
{ "type": "Feature", "properties": { "kind": "L2", "value": "10.445610329854782", "building_uid": "846" }, "geometry": { "type": "MultiLineString", "coordinates": [ [ [ -90.514118193867759, 14.646853555516712 ], [ -90.51402247033154, 14.646838784519893 ] ], [ [ -90.51402247033154, 14.646838784519893 ], [ -90.51404110367271, 14.646833584582666 ] ], [ [ -90.51402247033154, 14.646838784519893 ], [ -90.514038538981922, 14.646849339290426 ] ] ] } },
{ "type": "Feature", "properties": { "kind": "L2", "value": "14.794319625503991", "building_uid": "194" }, "geometry": { "type": "MultiLineString", "coordinates": [ [ [ -90.512329294956501, 14.644242580643972 ], [ -90.512307685084821, 14.644374558304573 ] ], [ [ -90.512307685084821, 14.644374558304573 ], [ -90.512300144615836, 14.644348857471009 ] ], [ [ -90.512307685084821, 14.644374558304573 ], [ -90.512323059637808, 14.644352414186095 ] ] ] } },
{ "type": "Feature", "properties": { "kind": "L2", "value": "14.561990380550238", "building_uid": "195" }, "geometry": { "type": "MultiLineString", "coordinates": [ [ [ -90.512308443810142, 14.64410680397607 ], [ -90.512285510094969, 14.644236440541563 ] ], [ [ -90.512285510094969, 14.644236440541563 ], [ -90.512278412835016, 14.644211055113372 ] ], [ [ -90.512285510094969, 14.644236440541563 ], [ -90.512300921362908, 14.644214829718884 ] ] ] } },
{ "type": "Feature", "properties": { "kind": "L2", "value": "11.269949312285867", "building_uid": "196" }, "geometry": { "type": "MultiLineString", "coordinates": [ [ [ -90.512446802461497, 14.643711848292014 ], [ -90.512343244927862, 14.643697748166336 ] ], [ [ -90.512343244927862, 14.643697748166336 ], [ -90.512363240012192, 14.643691781821564 ] ], [ [ -90.512343244927862, 14.643697748166336 ], [ -90.512360791839953, 14.643708826139099 ] ] ] } },
{ "type": "Feature", "properties": { "kind": "L2", "value": "68.54616546545223", "building_uid": "302" }, "geometry": { "type": "MultiLineString", "coordinates": [ [ [ -90.513121208658887, 14.642573113116104 ], [ -90.513031365181092, 14.643186114317162 ] ], [ [ -90.513031365181092, 14.643186114317162 ], [ -90.512994433629487, 14.643067607152414 ] ], [ [ -90.513031365181092, 14.643186114317162 ], [ -90.513100867191042, 14.643082394386644 ] ] ] } },
{ "type": "Feature", "properties": { "kind": "L2", "value": "10.523959207295658", "building_uid": "303" }, "geometry": { "type": "MultiLineString", "coordinates": [ [ [ -90.513925988064187, 14.643265472380744 ], [ -90.513898060085168, 14.643356568908022 ] ], [ [ -90.513898060085168, 14.643356568908022 ], [ -90.513895213937801, 14.643337758301554 ] ], [ [ -90.513898060085168, 14.643356568908022 ], [ -90.513911030774949, 14.643342354918566 ] ] ] } },
{ "type": "Feature", "properties": { "kind": "L2", "value": "10.05537581486522", "building_uid": "304" }, "geometry": { "type": "MultiLineString", "coordinates": [ [ [ -90.512664454032517, 14.643342196698022 ], [ -90.512571487787042, 14.643349827474626 ] ], [ [ -90.512571487787042, 14.643349827474626 ], [ -90.512587676539255, 14.643340793738281 ] ], [ [ -90.512571487787042, 14.643349827474626 ], [ -90.512589001447779, 14.643356094883737 ] ] ] } },
{ "type": "Feature", "properties": { "kind": "L2", "value": "12.94963992750931", "building_uid": "305" }, "geometry": { "type": "MultiLineString", "coordinates": [ [ [ -90.512506135634879, 14.64326510848176 ], [ -90.512435255788816, 14.643359564797501 ] ], [ [ -90.512435255788816, 14.643359564797501 ], [ -90.512439903491682, 14.643336610506475 ] ], [ [ -90.512435255788816, 14.643359564797501 ], [ -90.512456303678448, 14.643348276495242 ] ] ] } },
{ "type": "Feature", "properties": { "kind": "L2", "value": "16.30961858942066", "building_uid": "306" }, "geometry": { "type": "MultiLineString", "coordinates": [ [ [ -90.512481659638155, 14.643413571585448 ], [ -90.512330375411054, 14.643416962974182 ] ], [ [ -90.512330375411054, 14.643416962974182 ], [ -90.512357503008687, 14.643403898459304 ] ], [ [ -90.512330375411054, 14.643416962974182 ], [ -90.512358091840838, 14.643428798046967 ] ] ] } },
{ "type": "Feature", "properties": { "kind": "L2", "value": "18.05615197479963", "building_uid": "307" }, "geometry": { "type": "MultiLineString", "coordinates": [ [ [ -90.512821517399175, 14.64330320697105 ], [ -90.512796305031657, 14.643464459239517 ] ], [ [ -90.512796305031657, 14.643464459239517 ], [ -90.512786876170907, 14.643433155573065 ] ], [ [ -90.512796305031657, 14.643464459239517 ], [ -90.51281487396713, 14.643437305232103 ] ] ] } },
{ "type": "Feature", "properties": { "kind": "L2", "value": "26.300189068651584", "building_uid": "500" }, "geometry": { "type": "MultiLineString", "coordinates": [ [ [ -90.515122912374551, 14.645873632870972 ], [ -90.514885179080338, 14.645927223583049 ] ], [ [ -90.514885179080338, 14.645927223583049 ], [ -90.514923618541985, 14.645897945851114 ] ], [ [ -90.514885179080338, 14.645927223583049 ], [ -90.514932923445073, 14.645937073481949 ] ] ] } },
{ "type": "Feature", "properties": { "kind": "L2", "value": "10.673888906335986", "building_uid": "501" }, "geometry": { "type": "MultiLineString", "coordinates": [ [ [ -90.514875305905136, 14.645898122416357 ], [ -90.514776341941499, 14.645894444469501 ] ], [ [ -90.514776341941499, 14.645894444469501 ], [ -90.514794599603661, 14.64588696708952 ] ], [ [ -90.514776341941499, 14.645894444469501 ], [ -90.514793961002098, 14.645903255196409 ] ] ] } },
{ "type": "Feature", "properties": { "kind": "L2", "value": "17.690301972531135", "building_uid": "502" }, "geometry": { "type": "MultiLineString", "coordinates": [ [ [ -90.513627818803243, 14.645673338120488 ], [ -90.51359478334453, 14.645829873034154 ] ], [ [ -90.51359478334453, 14.645829873034154 ], [ -90.513587181892561, 14.645798780678618 ] ], [ [ -90.51359478334453, 14.645829873034154 ], [ -90.513614360923967, 14.645804217866539 ] ] ] } },
{ "type": "Feature", "properties": { "kind": "L2", "value": "9.414035234283762", "building_uid": "762" }, "geometry": { "type": "MultiLineString", "coordinates": [ [ [ -90.514584097383633, 14.645057279247519 ], [ -90.514571517559915, 14.645141434282408 ] ], [ [ -90.514571517559915, 14.645141434282408 ], [ -90.514566491936577, 14.645125144972754 ] ], [ [ -90.514571517559915, 14.645141434282408 ], [ -90.514581103662437, 14.64512721544687 ] ] ] } },
{ "type": "Feature", "properties": { "kind": "L2", "value": "10.930784733177607", "building_uid": "503" }, "geometry": { "type": "MultiLineString", "coordinates": [ [ [ -90.513629685937985, 14.64555063990246 ], [ -90.513619534996437, 14.64564888718491 ] ], [ [ -90.513619534996437, 14.64564888718491 ], [ -90.513612845681322, 14.645630243375388 ] ], [ [ -90.513619534996437, 14.64564888718491 ], [ -90.513629904265031, 14.645631914083658 ] ] ] } },
{ "type": "Feature", "properties": { "kind": "L2", "value": "9.483731666727687", "building_uid": "504" }, "geometry": { "type": "MultiLineString", "coordinates": [ [ [ -90.513712111803386, 14.645478478471539 ], [ -90.513696896030098, 14.645562859097407 ] ], [ [ -90.513696896030098, 14.645562859097407 ], [ -90.513692328604463, 14.645546311977917 ] ], [ [ -90.513696896030098, 14.645562859097407 ], [ -90.513706979527853, 14.645548816289855 ] ] ] } },
{ "type": "Feature", "properties": { "kind": "L2", "value": "10.169925792944904", "building_uid": "505" }, "geometry": { "type": "MultiLineString", "coordinates": [ [ [ -90.513617428439545, 14.645311597346721 ], [ -90.51363040186186, 14.645402594797469 ] ], [ [ -90.51363040186186, 14.645402594797469 ], [ -90.513620150386515, 14.645387168083746 ] ], [ [ -90.51363040186186, 14.645402594797469 ], [ -90.513635950171007, 14.645385032831586 ] ] ] } },
{ "type": "Feature", "properties": { "kind": "L2", "value": "15.38425028822732", "building_uid": "506" }, "geometry": { "type": "MultiLineString", "coordinates": [ [ [ -90.513713959684168, 14.645144771709189 ], [ -90.513713560835285, 14.645283744630181 ] ], [ [ -90.513713560835285, 14.645283744630181 ], [ -90.51370156828402, 14.645258521358874 ] ], [ [ -90.513713560835285, 14.645283744630181 ], [ -90.513725697980831, 14.645258587004903 ] ] ] } },
{ "type": "Feature", "properties": { "kind": "L2", "value": "15.797076564903527", "building_uid": "507" }, "geometry": { "type": "MultiLineString", "coordinates": [ [ [ -90.513690360892994, 14.644704124017414 ], [ -90.513674504200793, 14.644845989187479 ] ], [ [ -90.513674504200793, 14.644845989187479 ], [ -90.513665062500095, 14.64481896958179 ] ], [ [ -90.513674504200793, 14.644845989187479 ], [ -90.513689694324455, 14.644821579390067 ] ] ] } },
{ "type": "Feature", "properties": { "kind": "L2", "value": "7.8469660614807015", "building_uid": "508" }, "geometry": { "type": "MultiLineString", "coordinates": [ [ [ -90.513478576635691, 14.644817998217627 ], [ -90.513406348249092, 14.644809083513319 ] ], [ [ -90.513406348249092, 14.644809083513319 ], [ -90.513420214401748, 14.644804755479024 ] ], [ [ -90.513406348249092, 14.644809083513319 ], [ -90.513418666554642, 14.644816643337178 ] ] ] } },
{ "type": "Feature", "properties": { "kind": "L2", "value": "13.826953724807842", "building_uid": "509" }, "geometry": { "type": "MultiLineString", "coordinates": [ [ [ -90.512429947463019, 14.644578274764642 ], [ -90.51230253961775, 14.644563649969607 ] ], [ [ -90.51230253961775, 14.644563649969607 ], [ -90.512326903400364, 14.644555816034522 ] ], [ [ -90.51230253961775, 14.644563649969607 ], [ -90.512324364119635, 14.644576785740881 ] ] ] } },
{ "type": "Feature", "properties": { "kind": "L2", "value": "15.006019318533516", "building_uid": "510" }, "geometry": { "type": "MultiLineString", "coordinates": [ [ [ -90.512303293662328, 14.644559737963643 ], [ -90.512164905980143, 14.644544850080971 ] ], [ [ -90.512164905980143, 14.644544850080971 ], [ -90.512191282824745, 14.644536160262966 ] ], [ [ -90.512164905980143, 14.644544850080971 ], [ -90.512188697864119, 14.64455893711234 ] ] ] } },
{ "type": "Feature", "properties": { "kind": "L2", "value": "12.329409206496782", "building_uid": "511" }, "geometry": { "type": "MultiLineString", "coordinates": [ [ [ -90.512542564417487, 14.644598214371536 ], [ -90.512429499234045, 14.644581277058789 ] ], [ [ -90.512429499234045, 14.644581277058789 ], [ -90.512451464002481, 14.644575042603567 ] ], [ [ -90.512429499234045, 14.644581277058789 ], [ -90.512448523204, 14.64459365168911 ] ] ] } },
{ "type": "Feature", "properties": { "kind": "L2", "value": "12.27071170356214", "building_uid": "512" }, "geometry": { "type": "MultiLineString", "coordinates": [ [ [ -90.512644598453619, 14.644683949072338 ], [ -90.512531828571909, 14.644668708742632 ] ], [ [ -90.512531828571909, 14.644668708742632 ], [ -90.512553592492083, 14.644662190994762 ] ], [ [ -90.512531828571909, 14.644668708742632 ], [ -90.512550946336702, 14.644680751470032 ] ] ] } },
{ "type": "Feature", "properties": { "kind": "L2", "value": "13.489173785260821", "building_uid": "513" }, "geometry": { "type": "MultiLineString", "coordinates": [ [ [ -90.512779954878496, 14.64461343628642 ], [ -90.512654799113378, 14.644613077554281 ] ], [ [ -90.512654799113378, 14.644613077554281 ], [ -90.512677516186258, 14.644602843064076 ] ], [ [ -90.512654799113378, 14.644613077554281 ], [ -90.512677453896501, 14.644623442103169 ] ] ] } },
{ "type": "Feature", "properties": { "kind": "L2", "value": "9.49829577470984", "building_uid": "514" }, "geometry": { "type": "MultiLineString", "coordinates": [ [ [ -90.512709852607927, 14.644677393896703 ], [ -90.512695963236439, 14.644762124254729 ] ], [ [ -90.512695963236439, 14.644762124254729 ], [ -90.51269112505048, 14.644745622891943 ] ], [ [ -90.512695963236439, 14.644762124254729 ], [ -90.512705836643121, 14.644747908904437 ] ] ] } },
{ "type": "Feature", "properties": { "kind": "L2", "value": "8.134357525503194", "building_uid": "515" }, "geometry": { "type": "MultiLineString", "coordinates": [ [ [ -90.512698159447012, 14.644762457387266 ], [ -90.512686337026651, 14.644835031842023 ] ], [ [ -90.512686337026651, 14.644835031842023 ], [ -90.512682179484102, 14.644820903974386 ] ], [ [ -90.512686337026651, 14.644835031842023 ], [ -90.512694780471648, 14.644822849792442 ] ] ] } },
{ "type": "Feature", "properties": { "kind": "L2", "value": "8.630430121884404", "building_uid": "847" }, "geometry": { "type": "MultiLineString", "coordinates": [ [ [ -90.513975001105109, 14.646841385113962 ], [ -90.513959796472761, 14.646917929715316 ] ], [ [ -90.513959796472761, 14.646917929715316 ], [ -90.513955907266464, 14.646902803890558 ] ], [ [ -90.513959796472761, 14.646917929715316 ], [ -90.513969197712044, 14.646905306353062 ] ] ] } },
{ "type": "Feature", "properties": { "kind": "L2", "value": "14.846570052017729", "building_uid": "516" }, "geometry": { "type": "MultiLineString", "coordinates": [ [ [ -90.51231255087545, 14.644637341792677 ], [ -90.512306429849417, 14.644771325525364 ] ], [ [ -90.512306429849417, 14.644771325525364 ], [ -90.512295907670179, 14.644746535703648 ] ], [ [ -90.512306429849417, 14.644771325525364 ], [ -90.512319171045363, 14.644747543146794 ] ] ] } },
{ "type": "Feature", "properties": { "kind": "L2", "value": "14.839328823783095", "building_uid": "517" }, "geometry": { "type": "MultiLineString", "coordinates": [ [ [ -90.512452128510859, 14.644803614541853 ], [ -90.512429391347723, 14.644935824829007 ] ], [ [ -90.512429391347723, 14.644935824829007 ], [ -90.512422034988475, 14.64490998906504 ] ], [ [ -90.512429391347723, 14.644935824829007 ], [ -90.512444990460409, 14.644913731308499 ] ] ] } },
{ "type": "Feature", "properties": { "kind": "L2", "value": "16.986569701101573", "building_uid": "518" }, "geometry": { "type": "MultiLineString", "coordinates": [ [ [ -90.512306434949608, 14.644912823538718 ], [ -90.512286879943844, 14.645065085669765 ] ], [ [ -90.512286879943844, 14.645065085669765 ], [ -90.512277205988767, 14.645035877148917 ] ], [ [ -90.512286879943844, 14.645065085669765 ], [ -90.512303643047417, 14.645039095649006 ] ] ] } },
{ "type": "Feature", "properties": { "kind": "L2", "value": "12.027810505540655", "building_uid": "519" }, "geometry": { "type": "MultiLineString", "coordinates": [ [ [ -90.512194878171485, 14.645133567030513 ], [ -90.512084870445932, 14.645115292074763 ] ], [ [ -90.512084870445932, 14.645115292074763 ], [ -90.512106397144862, 14.645109551714196 ] ], [ [ -90.512084870445932, 14.645115292074763 ], [ -90.512103224086161, 14.645127657536484 ] ] ] } },
{ "type": "Feature", "properties": { "kind": "L2", "value": "8.567513686865503", "building_uid": "521" }, "geometry": { "type": "MultiLineString", "coordinates": [ [ [ -90.512131398432786, 14.645367617691363 ], [ -90.51205263715336, 14.645357147815055 ] ], [ [ -90.51205263715336, 14.645357147815055 ], [ -90.512067822481598, 14.645352564075571 ] ], [ [ -90.51205263715336, 14.645357147815055 ], [ -90.512066004607632, 14.645365527130481 ] ] ] } },
{ "type": "Feature", "properties": { "kind": "L2", "value": "7.768723014230957", "building_uid": "522" }, "geometry": { "type": "MultiLineString", "coordinates": [ [ [ -90.512094250322505, 14.645527334514023 ], [ -90.512051077126912, 14.645583532221604 ] ], [ [ -90.512051077126912, 14.645583532221604 ], [ -90.512054023993272, 14.645569792875417 ] ], [ [ -90.512051077126912, 14.645583532221604 ], [ -90.512063781545478, 14.645576898601451 ] ] ] } },
{ "type": "Feature", "properties": { "kind": "L2", "value": "11.763988422774908", "building_uid": "523" }, "geometry": { "type": "MultiLineString", "coordinates": [ [ [ -90.512645291165711, 14.64559046667484 ], [ -90.512537682439245, 14.6455726708543 ] ], [ [ -90.512537682439245, 14.6455726708543 ], [ -90.512558732699375, 14.645567041085288 ] ], [ [ -90.512537682439245, 14.6455726708543 ], [ -90.512555642825859, 14.64558475202656 ] ] ] } },
{ "type": "Feature", "properties": { "kind": "L2", "value": "11.514283338009633", "building_uid": "524" }, "geometry": { "type": "MultiLineString", "coordinates": [ [ [ -90.512526874178192, 14.645560105118241 ], [ -90.512423057108279, 14.6455355642988 ] ], [ [ -90.512423057108279, 14.6455355642988 ], [ -90.512444005649755, 14.645531469164903 ] ], [ [ -90.512423057108279, 14.6455355642988 ], [ -90.51243974464964, 14.645548556053299 ] ] ] } },
{ "type": "Feature", "properties": { "kind": "L2", "value": "6.85963383211868", "building_uid": "525" }, "geometry": { "type": "MultiLineString", "coordinates": [ [ [ -90.512312299800058, 14.645574789338328 ], [ -90.512254305219813, 14.645549262455743 ] ], [ [ -90.512254305219813, 14.645549262455743 ], [ -90.512267033510497, 14.645549116936849 ] ], [ [ -90.512254305219813, 14.645549262455743 ], [ -90.512262601302609, 14.645558662061433 ] ] ] } },
{ "type": "Feature", "properties": { "kind": "L2", "value": "18.78303885622743", "building_uid": "697" }, "geometry": { "type": "MultiLineString", "coordinates": [ [ [ -90.512606029458397, 14.646093210507656 ], [ -90.512579009001712, 14.646260834931217 ] ], [ [ -90.512579009001712, 14.646260834931217 ], [ -90.512569354500599, 14.64622822747163 ] ], [ [ -90.512579009001712, 14.646260834931217 ], [ -90.512598459052555, 14.646232674663549 ] ] ] } },
{ "type": "Feature", "properties": { "kind": "L2", "value": "10.034912412807671", "building_uid": "698" }, "geometry": { "type": "MultiLineString", "coordinates": [ [ [ -90.512749913799965, 14.646435647953689 ], [ -90.512657787680155, 14.646422521196016 ] ], [ [ -90.512657787680155, 14.646422521196016 ], [ -90.512675626201272, 14.646417319247934 ] ], [ [ -90.512657787680155, 14.646422521196016 ], [ -90.512673347004309, 14.646432481902314 ] ] ] } },
{ "type": "Feature", "properties": { "kind": "L2", "value": "25.752074381579032", "building_uid": "699" }, "geometry": { "type": "MultiLineString", "coordinates": [ [ [ -90.512442546255073, 14.645767969744762 ], [ -90.512394811007368, 14.645995910841727 ] ], [ [ -90.512394811007368, 14.645995910841727 ], [ -90.512383674954719, 14.645950665599747 ] ], [ [ -90.512394811007368, 14.645995910841727 ], [ -90.512423252211903, 14.645958522170028 ] ] ] } },
{ "type": "Feature", "properties": { "kind": "L2", "value": "8.359893511473333", "building_uid": "700" }, "geometry": { "type": "MultiLineString", "coordinates": [ [ [ -90.512173043057501, 14.645726437458466 ], [ -90.512161415752985, 14.645801103077794 ] ], [ [ -90.512161415752985, 14.645801103077794 ], [ -90.512157041271763, 14.645786612223434 ] ], [ [ -90.512161415752985, 14.645801103077794 ], [ -90.512170005402737, 14.645788525919427 ] ] ] } },
{ "type": "Feature", "properties": { "kind": "L2", "value": "9.533092247426506", "building_uid": "310" }, "geometry": { "type": "MultiLineString", "coordinates": [ [ [ -90.51303992748349, 14.644021724666223 ], [ -90.513025490155457, 14.644106686794139 ] ], [ [ -90.513025490155457, 14.644106686794139 ], [ -90.513020731194402, 14.644090098323485 ] ], [ [ -90.513025490155457, 14.644106686794139 ], [ -90.513035482984208, 14.644092474529785 ] ] ] } },
{ "type": "Feature", "properties": { "kind": "L2", "value": "9.411329976512038", "building_uid": "702" }, "geometry": { "type": "MultiLineString", "coordinates": [ [ [ -90.512067016015848, 14.64584128589112 ], [ -90.511980523021421, 14.645829603160667 ] ], [ [ -90.511980523021421, 14.645829603160667 ], [ -90.511997215107755, 14.645824603012452 ] ], [ [ -90.511980523021421, 14.645829603160667 ], [ -90.511995186642608, 14.645838838573258 ] ] ] } },
{ "type": "Feature", "properties": { "kind": "L2", "value": "14.060368557165578", "building_uid": "703" }, "geometry": { "type": "MultiLineString", "coordinates": [ [ [ -90.514220746464659, 14.646132255930949 ], [ -90.514090936663408, 14.646119619425011 ] ], [ [ -90.514090936663408, 14.646119619425011 ], [ -90.514115563224848, 14.646111227500798 ] ], [ [ -90.514090936663408, 14.646119619425011 ], [ -90.514113369151275, 14.646132592385097 ] ] ] } },
{ "type": "Feature", "properties": { "kind": "L2", "value": "11.83841522584364", "building_uid": "704" }, "geometry": { "type": "MultiLineString", "coordinates": [ [ [ -90.514087301793111, 14.646143691275856 ], [ -90.513978364274905, 14.646130003263009 ] ], [ [ -90.513978364274905, 14.646130003263009 ], [ -90.513999298779964, 14.646123519578884 ] ], [ [ -90.513978364274905, 14.646130003263009 ], [ -90.513996922134865, 14.646141449175422 ] ] ] } },
{ "type": "Feature", "properties": { "kind": "L2", "value": "11.828885370750157", "building_uid": "705" }, "geometry": { "type": "MultiLineString", "coordinates": [ [ [ -90.513570100234034, 14.645945471847806 ], [ -90.513553564435867, 14.646051108174074 ] ], [ [ -90.513553564435867, 14.646051108174074 ], [ -90.5135473909571, 14.646030599586961 ] ], [ [ -90.513553564435867, 14.646051108174074 ], [ -90.513565732527439, 14.64603332115148 ] ] ] } },
{ "type": "Feature", "properties": { "kind": "L2", "value": "12.315275656627888", "building_uid": "706" }, "geometry": { "type": "MultiLineString", "coordinates": [ [ [ -90.513537067662057, 14.646048317899742 ], [ -90.513534818137558, 14.64615954623061 ] ], [ [ -90.513534818137558, 14.64615954623061 ], [ -90.513525569632563, 14.64613919968953 ] ], [ [ -90.513534818137558, 14.64615954623061 ], [ -90.513544882148977, 14.646139569930519 ] ] ] } },
{ "type": "Feature", "properties": { "kind": "L2", "value": "16.7803904139349", "building_uid": "746" }, "geometry": { "type": "MultiLineString", "coordinates": [ [ [ -90.514602716417954, 14.64327826840691 ], [ -90.514448317075193, 14.643258772590999 ] ], [ [ -90.514448317075193, 14.643258772590999 ], [ -90.514477996241453, 14.643249600282671 ] ], [ [ -90.514448317075193, 14.643258772590999 ], [ -90.514474611232743, 14.643275012597773 ] ] ] } },
{ "type": "Feature", "properties": { "kind": "L2", "value": "15.499031255903553", "building_uid": "747" }, "geometry": { "type": "MultiLineString", "coordinates": [ [ [ -90.514440107028179, 14.643261646314425 ], [ -90.514296889928119, 14.643249013972875 ] ], [ [ -90.514296889928119, 14.643249013972875 ], [ -90.514323946341463, 14.643239517811491 ] ], [ [ -90.514296889928119, 14.643249013972875 ], [ -90.514321753019161, 14.643263089662744 ] ] ] } },
{ "type": "Feature", "properties": { "kind": "L2", "value": "11.319515386775988", "building_uid": "748" }, "geometry": { "type": "MultiLineString", "coordinates": [ [ [ -90.51426941841963, 14.643371166332379 ], [ -90.514184962024316, 14.643310383977926 ] ], [ [ -90.514184962024316, 14.643310383977926 ], [ -90.514205547454338, 14.64331445122191 ] ], [ [ -90.514184962024316, 14.643310383977926 ], [ -90.514194993982187, 14.643328351745742 ] ] ] } },
{ "type": "Feature", "properties": { "kind": "L2", "value": "19.417901267424337", "building_uid": "749" }, "geometry": { "type": "MultiLineString", "coordinates": [ [ [ -90.514033194005592, 14.642963939805542 ], [ -90.514002371627825, 14.643136765214983 ] ], [ [ -90.514002371627825, 14.643136765214983 ], [ -90.513992954963683, 14.643102902108428 ] ], [ [ -90.514002371627825, 14.643136765214983 ], [ -90.514022962127271, 14.64310797511696 ] ] ] } },
{ "type": "Feature", "properties": { "kind": "L2", "value": "13.716541490845918", "building_uid": "751" }, "geometry": { "type": "MultiLineString", "coordinates": [ [ [ -90.515487341637311, 14.643360707778703 ], [ -90.515361040126322, 14.643345486485138 ] ], [ [ -90.515361040126322, 14.643345486485138 ], [ -90.515385255150051, 14.643337851658018 ] ], [ [ -90.515361040126322, 14.643345486485138 ], [ -90.515382612315292, 14.64335863939276 ] ] ] } },
{ "type": "Feature", "properties": { "kind": "L2", "value": "15.686061904016086", "building_uid": "752" }, "geometry": { "type": "MultiLineString", "coordinates": [ [ [ -90.515389837886346, 14.643442246155956 ], [ -90.515363909112025, 14.643581679320624 ] ], [ [ -90.515363909112025, 14.643581679320624 ], [ -90.515356504296875, 14.643554271664339 ] ], [ [ -90.515363909112025, 14.643581679320624 ], [ -90.515380713714492, 14.643558539232563 ] ] ] } },
{ "type": "Feature", "properties": { "kind": "L2", "value": "15.265843004375823", "building_uid": "753" }, "geometry": { "type": "MultiLineString", "coordinates": [ [ [ -90.515051808533244, 14.643395996788971 ], [ -90.515039936572862, 14.643533415501645 ] ], [ [ -90.515039936572862, 14.643533415501645 ], [ -90.515030158680844, 14.643507529779562 ] ], [ [ -90.515039936572862, 14.643533415501645 ], [ -90.515054018329408, 14.643509483764031 ] ] ] } },
{ "type": "Feature", "properties": { "kind": "L2", "value": "12.613063157725918", "building_uid": "754" }, "geometry": { "type": "MultiLineString", "coordinates": [ [ [ -90.515135631322877, 14.643902119668359 ], [ -90.515019568859159, 14.643887518644719 ] ], [ [ -90.515019568859159, 14.643887518644719 ], [ -90.515041874092546, 14.643880614022628 ] ], [ [ -90.515019568859159, 14.643887518644719 ], [ -90.515039338947759, 14.643899716483585 ] ] ] } },
{ "type": "Feature", "properties": { "kind": "L2", "value": "13.200223178896335", "building_uid": "757" }, "geometry": { "type": "MultiLineString", "coordinates": [ [ [ -90.515274937074736, 14.64379141439608 ], [ -90.515153616913111, 14.643775077047339 ] ], [ [ -90.515153616913111, 14.643775077047339 ], [ -90.515177025901181, 14.643768054473144 ] ], [ [ -90.515153616913111, 14.643775077047339 ], [ -90.515174189283499, 14.643788022297043 ] ] ] } },
{ "type": "Feature", "properties": { "kind": "L2", "value": "9.639679474257107", "building_uid": "1305" }, "geometry": { "type": "MultiLineString", "coordinates": [ [ [ -90.51528830611538, 14.644183212673765 ], [ -90.515316603531375, 14.644265819477893 ] ], [ [ -90.515316603531375, 14.644265819477893 ], [ -90.515304302871016, 14.644253174740728 ] ], [ [ -90.515316603531375, 14.644265819477893 ], [ -90.515318645721777, 14.644248517338976 ] ] ] } },
{ "type": "Feature", "properties": { "kind": "L2", "value": "13.779061163796595", "building_uid": "758" }, "geometry": { "type": "MultiLineString", "coordinates": [ [ [ -90.515375024820216, 14.643695174915964 ], [ -90.515337997748475, 14.643814313256202 ] ], [ [ -90.515337997748475, 14.643814313256202 ], [ -90.51533436648586, 14.643789670951595 ] ], [ [ -90.515337997748475, 14.643814313256202 ], [ -90.515355052188212, 14.643795765160172 ] ] ] } },
{ "type": "Feature", "properties": { "kind": "L2", "value": "9.990309468696367", "building_uid": "759" }, "geometry": { "type": "MultiLineString", "coordinates": [ [ [ -90.514799975480301, 14.644975221663728 ], [ -90.514707913973737, 14.644964703914493 ] ], [ [ -90.514707913973737, 14.644964703914493 ], [ -90.514725514276307, 14.644959034319641 ] ], [ [ -90.514707913973737, 14.644964703914493 ], [ -90.514723688092985, 14.644974186441754 ] ] ] } },
{ "type": "Feature", "properties": { "kind": "L2", "value": "11.246274866557535", "building_uid": "760" }, "geometry": { "type": "MultiLineString", "coordinates": [ [ [ -90.514611527443748, 14.644840790516691 ], [ -90.514594570369681, 14.644941033241171 ] ], [ [ -90.514594570369681, 14.644941033241171 ], [ -90.514588941540396, 14.644921467631526 ] ], [ [ -90.514594570369681, 14.644941033241171 ], [ -90.51460634653381, 14.644924258546448 ] ] ] } },
{ "type": "Feature", "properties": { "kind": "L2", "value": "14.067242145044093", "building_uid": "766" }, "geometry": { "type": "MultiLineString", "coordinates": [ [ [ -90.51426185247378, 14.645830126280805 ], [ -90.514134807903545, 14.645800994092408 ] ], [ [ -90.514134807903545, 14.645800994092408 ], [ -90.514160365297911, 14.645795819745308 ] ], [ [ -90.514134807903545, 14.645800994092408 ], [ -90.514155307095606, 14.645816729540636 ] ] ] } },
{ "type": "Feature", "properties": { "kind": "L2", "value": "10.1271268467021", "building_uid": "767" }, "geometry": { "type": "MultiLineString", "coordinates": [ [ [ -90.514231840172414, 14.64561450982999 ], [ -90.514216611189653, 14.645704783609551 ] ], [ [ -90.514216611189653, 14.645704783609551 ], [ -90.514211534542255, 14.64568716720157 ] ], [ [ -90.514216611189653, 14.645704783609551 ], [ -90.514227208698202, 14.645689673686057 ] ] ] } },
{ "type": "Feature", "properties": { "kind": "L2", "value": "9.667488585592242", "building_uid": "768" }, "geometry": { "type": "MultiLineString", "coordinates": [ [ [ -90.514201299726395, 14.645176691746039 ], [ -90.514196430264789, 14.645263894150627 ] ], [ [ -90.514196430264789, 14.645263894150627 ], [ -90.514189742489151, 14.645247686982286 ] ], [ [ -90.514196430264789, 14.645263894150627 ], [ -90.514204883334315, 14.645248488431596 ] ] ] } },
{ "type": "Feature", "properties": { "kind": "L2", "value": "10.640704933695456", "building_uid": "769" }, "geometry": { "type": "MultiLineString", "coordinates": [ [ [ -90.514225924495861, 14.645270799157041 ], [ -90.514208924936767, 14.645365486240705 ] ], [ [ -90.514208924936767, 14.645365486240705 ], [ -90.514203786100893, 14.645346924161718 ] ], [ [ -90.514208924936767, 14.645365486240705 ], [ -90.514220226509053, 14.645349722063539 ] ] ] } },
{ "type": "Feature", "properties": { "kind": "L2", "value": "13.326020486726373", "building_uid": "771" }, "geometry": { "type": "MultiLineString", "coordinates": [ [ [ -90.51360168910405, 14.646178450482537 ], [ -90.513582235640314, 14.646297331623314 ] ], [ [ -90.513582235640314, 14.646297331623314 ], [ -90.513575441166623, 14.646274182158514 ] ], [ [ -90.513582235640314, 14.646297331623314 ], [ -90.513596082449141, 14.646277383927128 ] ] ] } },
{ "type": "Feature", "properties": { "kind": "L2", "value": "17.703688492998268", "building_uid": "772" }, "geometry": { "type": "MultiLineString", "coordinates": [ [ [ -90.513576889025643, 14.646422551621006 ], [ -90.513549374946081, 14.646580218196105 ] ], [ [ -90.513549374946081, 14.646580218196105 ], [ -90.513540674387528, 14.646549375093414 ] ], [ [ -90.513549374946081, 14.646580218196105 ], [ -90.5135680500034, 14.646553903521813 ] ] ] } },
{ "type": "Feature", "properties": { "kind": "L2", "value": "8.878515053083962", "building_uid": "842" }, "geometry": { "type": "MultiLineString", "coordinates": [ [ [ -90.513808214031044, 14.646768107787903 ], [ -90.513725838543181, 14.646767456907062 ] ], [ [ -90.513725838543181, 14.646767456907062 ], [ -90.513740826559015, 14.646760795980128 ] ], [ [ -90.513725838543181, 14.646767456907062 ], [ -90.513740713544976, 14.64677435379766 ] ] ] } },
{ "type": "Feature", "properties": { "kind": "L2", "value": "10.976071080281878", "building_uid": "843" }, "geometry": { "type": "MultiLineString", "coordinates": [ [ [ -90.51393590697856, 14.646766774858865 ], [ -90.513834923441109, 14.646753941886542 ] ], [ [ -90.513834923441109, 14.646753941886542 ], [ -90.513854341968354, 14.646747957797002 ] ], [ [ -90.513834923441109, 14.646753941886542 ], [ -90.51385211377746, 14.646764578231398 ] ] ] } },
{ "type": "Feature", "properties": { "kind": "L2", "value": "12.28706444472492", "building_uid": "844" }, "geometry": { "type": "MultiLineString", "coordinates": [ [ [ -90.513722130875763, 14.646785216771313 ], [ -90.513608986590597, 14.646771611237154 ] ], [ [ -90.513608986590597, 14.646771611237154 ], [ -90.513630676463933, 14.646764766443116 ] ], [ [ -90.513608986590597, 14.646771611237154 ], [ -90.513628314132362, 14.646783388359642 ] ] ] } },
{ "type": "Feature", "properties": { "kind": "L2", "value": "12.187492098378446", "building_uid": "845" }, "geometry": { "type": "MultiLineString", "coordinates": [ [ [ -90.514052666810912, 14.646642677057711 ], [ -90.514034735266137, 14.646751379627315 ] ], [ [ -90.514034735266137, 14.646751379627315 ], [ -90.514028548557292, 14.646730200392627 ] ], [ [ -90.514034735266137, 14.646751379627315 ], [ -90.514047422578543, 14.646733151668281 ] ] ] } },
{ "type": "Feature", "properties": { "kind": "L2", "value": "9.046600532559642", "building_uid": "520" }, "geometry": { "type": "MultiLineString", "coordinates": [ [ [ -90.512317041977866, 14.645235360558676 ], [ -90.512279742949261, 14.645308570975857 ] ], [ [ -90.512279742949261, 14.645308570975857 ], [ -90.512280148113419, 14.6452922312795 ] ], [ [ -90.512279742949261, 14.645308570975857 ], [ -90.512292859549461, 14.645298370205122 ] ] ] } },
{ "type": "Feature", "properties": { "kind": "L2", "value": "11.07891464675181", "building_uid": "914" }, "geometry": { "type": "MultiLineString", "coordinates": [ [ [ -90.515084239115581, 14.646288820162539 ], [ -90.514982342766004, 14.646275621322395 ] ], [ [ -90.514982342766004, 14.646275621322395 ], [ -90.515001958511249, 14.646269628414316 ] ], [ [ -90.514982342766004, 14.646275621322395 ], [ -90.514999666799767, 14.64628639912145 ] ] ] } },
{ "type": "Feature", "properties": { "kind": "L2", "value": "10.998645719504868", "building_uid": "915" }, "geometry": { "type": "MultiLineString", "coordinates": [ [ [ -90.514819472194887, 14.646288995176473 ], [ -90.51471842629293, 14.646275095758963 ] ], [ [ -90.51471842629293, 14.646275095758963 ], [ -90.514737948705132, 14.646269299824421 ] ], [ [ -90.51471842629293, 14.646275095758963 ], [ -90.514735535352727, 14.646285930559838 ] ] ] } },
{ "type": "Feature", "properties": { "kind": "L2", "value": "16.41568200895141", "building_uid": "916" }, "geometry": { "type": "MultiLineString", "coordinates": [ [ [ -90.514705114210514, 14.646263011833634 ], [ -90.514553830461125, 14.646245821404369 ] ], [ [ -90.514553830461125, 14.646245821404369 ], [ -90.514582744772028, 14.646236487784433 ] ], [ [ -90.514553830461125, 14.646245821404369 ], [ -90.514579760000103, 14.646261386966293 ] ] ] } },
{ "type": "Feature", "properties": { "kind": "L2", "value": "9.116772120480963", "building_uid": "918" }, "geometry": { "type": "MultiLineString", "coordinates": [ [ [ -90.514079673977193, 14.646265077694514 ], [ -90.514066136536073, 14.646346372465841 ] ], [ [ -90.514066136536073, 14.646346372465841 ], [ -90.514061532764543, 14.646330522812635 ] ], [ [ -90.514066136536073, 14.646346372465841 ], [ -90.514075647945234, 14.646332750885557 ] ] ] } },
{ "type": "Feature", "properties": { "kind": "L2", "value": "11.768552710903295", "building_uid": "919" }, "geometry": { "type": "MultiLineString", "coordinates": [ [ [ -90.513760307275916, 14.645973786063346 ], [ -90.513739661997946, 14.64607817964807 ] ], [ [ -90.513739661997946, 14.64607817964807 ], [ -90.513734341297265, 14.646057558140727 ] ], [ [ -90.513739661997946, 14.64607817964807 ], [ -90.513752467093369, 14.646060956068425 ] ] ] } },
{ "type": "Feature", "properties": { "kind": "L2", "value": "7.790795389572803", "building_uid": "1267" }, "geometry": { "type": "MultiLineString", "coordinates": [ [ [ -90.514297014039073, 14.644074845690122 ], [ -90.514287291100104, 14.644144584230885 ] ], [ [ -90.514287291100104, 14.644144584230885 ], [ -90.514282999219049, 14.644131143176637 ] ], [ [ -90.514287291100104, 14.644144584230885 ], [ -90.514295107772796, 14.64413274345222 ] ] ] } },
{ "type": "Feature", "properties": { "kind": "L2", "value": "16.408938880053427", "building_uid": "1268" }, "geometry": { "type": "MultiLineString", "coordinates": [ [ [ -90.514318424784577, 14.643928034187855 ], [ -90.514293841525188, 14.644074319106736 ] ], [ [ -90.514293841525188, 14.644074319106736 ], [ -90.514285597965056, 14.644045780223149 ] ], [ [ -90.514293841525188, 14.644074319106736 ], [ -90.514310997092608, 14.644049826326619 ] ] ] } },
{ "type": "Feature", "properties": { "kind": "L2", "value": "12.911702794111577", "building_uid": "1269" }, "geometry": { "type": "MultiLineString", "coordinates": [ [ [ -90.514417971718245, 14.643827618265414 ], [ -90.514415896965417, 14.643944238574258 ] ], [ [ -90.514415896965417, 14.643944238574258 ], [ -90.514406148781589, 14.643922929055561 ] ], [ [ -90.514415896965417, 14.643944238574258 ], [ -90.514426397297058, 14.643923270535108 ] ] ] } },
{ "type": "Feature", "properties": { "kind": "L2", "value": "9.232548503248948", "building_uid": "1271" }, "geometry": { "type": "MultiLineString", "coordinates": [ [ [ -90.513407011180362, 14.643392848606904 ], [ -90.513397689942451, 14.643475755494295 ] ], [ [ -90.513397689942451, 14.643475755494295 ], [ -90.513392182074995, 14.643459960580081 ] ], [ [ -90.513397689942451, 14.643475755494295 ], [ -90.51340657697601, 14.643461494745535 ] ] ] } },
{ "type": "Feature", "properties": { "kind": "L2", "value": "12.8516282293277", "building_uid": "1272" }, "geometry": { "type": "MultiLineString", "coordinates": [ [ [ -90.512361838747395, 14.643969594873425 ], [ -90.512253779853026, 14.644018679175442 ] ], [ [ -90.512253779853026, 14.644018679175442 ], [ -90.512269105582519, 14.644000889500214 ] ], [ [ -90.512253779853026, 14.644018679175442 ], [ -90.512277627976985, 14.644018674665196 ] ] ] } },
{ "type": "Feature", "properties": { "kind": "L2", "value": "6.56782658361433", "building_uid": "1297" }, "geometry": { "type": "MultiLineString", "coordinates": [ [ [ -90.513708641889068, 14.644480785495608 ], [ -90.513648203187415, 14.64447320511341 ] ], [ [ -90.513648203187415, 14.64447320511341 ], [ -90.513659816484321, 14.644469605424399 ] ], [ [ -90.513648203187415, 14.64447320511341 ], [ -90.513658500315842, 14.644479552868416 ] ] ] } },
{ "type": "Feature", "properties": { "kind": "L2", "value": "7.080181231376129", "building_uid": "1300" }, "geometry": { "type": "MultiLineString", "coordinates": [ [ [ -90.515326282470767, 14.644519137127057 ], [ -90.515261062582198, 14.644511483064795 ] ], [ [ -90.515261062582198, 14.644511483064795 ], [ -90.515273548921087, 14.644507503270908 ] ], [ [ -90.515261062582198, 14.644511483064795 ], [ -90.515272219959286, 14.64451823763577 ] ] ] } },
{ "type": "Feature", "properties": { "kind": "L2", "value": "7.850753254706022", "building_uid": "1302" }, "geometry": { "type": "MultiLineString", "coordinates": [ [ [ -90.515265927103428, 14.644363117387227 ], [ -90.51525548253386, 14.64443330432575 ] ], [ [ -90.51525548253386, 14.64443330432575 ], [ -90.515251282521433, 14.644419722609646 ] ], [ [ -90.51525548253386, 14.64443330432575 ], [ -90.515263468945761, 14.644421441654414 ] ] ] } },
{ "type": "Feature", "properties": { "kind": "L2", "value": "10.312460753182595", "building_uid": "1303" }, "geometry": { "type": "MultiLineString", "coordinates": [ [ [ -90.515170254230668, 14.644255995052404 ], [ -90.515157867783685, 14.644348368774851 ] ], [ [ -90.515157867783685, 14.644348368774851 ], [ -90.515152093638306, 14.644330605642933 ] ], [ [ -90.515157867783685, 14.644348368774851 ], [ -90.515168132305021, 14.644332644297362 ] ] ] } },
{ "type": "Feature", "properties": { "kind": "L2", "value": "25.17584429801796", "building_uid": "1405" }, "geometry": { "type": "MultiLineString", "coordinates": [ [ [ -90.512053758265509, 14.646385010696763 ], [ -90.512045055256522, 14.646612278226655 ] ], [ [ -90.512045055256522, 14.646612278226655 ], [ -90.512026902572003, 14.646570367162891 ] ], [ [ -90.512045055256522, 14.646612278226655 ], [ -90.512066362991774, 14.646571799556991 ] ] ] } },
{ "type": "Feature", "properties": { "kind": "L2", "value": "11.719721300082389", "building_uid": "1406" }, "geometry": { "type": "MultiLineString", "coordinates": [ [ [ -90.512073955287406, 14.646277174501982 ], [ -90.512059991440708, 14.646382167794419 ] ], [ [ -90.512059991440708, 14.646382167794419 ], [ -90.51205340757663, 14.64636198742018 ] ], [ [ -90.512059991440708, 14.646382167794419 ], [ -90.512071637525324, 14.646364285673469 ] ] ] } },
{ "type": "Feature", "properties": { "kind": "L2", "value": "12.269443148508504", "building_uid": "1408" }, "geometry": { "type": "MultiLineString", "coordinates": [ [ [ -90.51204463798058, 14.646029730566719 ], [ -90.512028711106154, 14.646139476223214 ] ], [ [ -90.512028711106154, 14.646139476223214 ], [ -90.512022070498887, 14.646118272883209 ] ], [ [ -90.512028711106154, 14.646139476223214 ], [ -90.512041125577412, 14.646120894226284 ] ] ] } },
{ "type": "Feature", "properties": { "kind": "L2", "value": "12.64418113330093", "building_uid": "1409" }, "geometry": { "type": "MultiLineString", "coordinates": [ [ [ -90.512099159140689, 14.646149825866642 ], [ -90.512080037701992, 14.646262519418938 ] ], [ [ -90.512080037701992, 14.646262519418938 ], [ -90.512073720220442, 14.646240518849201 ] ], [ [ -90.512080037701992, 14.646262519418938 ], [ -90.512093287151544, 14.64624366597152 ] ] ] } },
{ "type": "Feature", "properties": { "kind": "L2", "value": "9.385962126713448", "building_uid": "1410" }, "geometry": { "type": "MultiLineString", "coordinates": [ [ [ -90.513553376806016, 14.646580803999877 ], [ -90.513540364304276, 14.646664640118384 ] ], [ [ -90.513540364304276, 14.646664640118384 ], [ -90.513535444744164, 14.646648373016996 ] ], [ [ -90.513540364304276, 14.646664640118384 ], [ -90.513550001199391, 14.646650514689163 ] ] ] } },
{ "type": "Feature", "properties": { "kind": "L2", "value": "8.245805230854995", "building_uid": "1411" }, "geometry": { "type": "MultiLineString", "coordinates": [ [ [ -90.513419562683325, 14.646760093044536 ], [ -90.513397879993903, 14.64683152740511 ] ], [ [ -90.513397879993903, 14.64683152740511 ], [ -90.513395608658797, 14.64681679477283 ] ], [ [ -90.513397879993903, 14.64683152740511 ], [ -90.51340801180784, 14.646820363431024 ] ] ] } },
{ "type": "Feature", "properties": { "kind": "L2", "value": "8.776664339594712", "building_uid": "1412" }, "geometry": { "type": "MultiLineString", "coordinates": [ [ [ -90.514039631307824, 14.646342105258096 ], [ -90.514026197129468, 14.64642030284535 ] ], [ [ -90.514026197129468, 14.64642030284535 ], [ -90.51402184351943, 14.646405023090745 ] ], [ [ -90.514026197129468, 14.64642030284535 ], [ -90.51403542094188, 14.646407234167276 ] ] ] } },
{ "type": "Feature", "properties": { "kind": "L2", "value": "8.949325835243402", "building_uid": "1413" }, "geometry": { "type": "MultiLineString", "coordinates": [ [ [ -90.514029799206114, 14.646420827714872 ], [ -90.514016464413089, 14.646500622083158 ] ], [ [ -90.514016464413089, 14.646500622083158 ], [ -90.514011954161475, 14.646485061072648 ] ], [ [ -90.514016464413089, 14.646500622083158 ], [ -90.51402580883763, 14.646487255790955 ] ] ] } },
{ "type": "Feature", "properties": { "kind": "L2", "value": "13.54889010289044", "building_uid": "1414" }, "geometry": { "type": "MultiLineString", "coordinates": [ [ [ -90.514022874160048, 14.646516127958671 ], [ -90.514022995148139, 14.646638521672603 ] ], [ [ -90.514022995148139, 14.646638521672603 ], [ -90.514012347617111, 14.646616346353406 ] ], [ [ -90.514022995148139, 14.646638521672603 ], [ -90.514033598819935, 14.646616326441078 ] ] ] } },
{ "type": "Feature", "properties": { "kind": "L2", "value": "13.479377795259058", "building_uid": "1426" }, "geometry": { "type": "MultiLineString", "coordinates": [ [ [ -90.51299266464936, 14.644748380345405 ], [ -90.51286870681902, 14.644732210179392 ] ], [ [ -90.51286870681902, 14.644732210179392 ], [ -90.512892579407492, 14.644724940282583 ] ], [ [ -90.51286870681902, 14.644732210179392 ], [ -90.512889771804794, 14.644745342144507 ] ] ] } },
{ "type": "Feature", "properties": { "kind": "L2", "value": "14.591612624300977", "building_uid": "1428" }, "geometry": { "type": "MultiLineString", "coordinates": [ [ [ -90.513337172459217, 14.645233141418858 ], [ -90.513300525967892, 14.645360033801492 ] ], [ [ -90.513300525967892, 14.645360033801492 ], [ -90.513296152484557, 14.645334017327951 ] ], [ [ -90.513300525967892, 14.645360033801492 ], [ -90.51331818465971, 14.64534004885479 ] ] ] } },
{ "type": "Feature", "properties": { "kind": "L2", "value": "12.307634369333282", "building_uid": "1429" }, "geometry": { "type": "MultiLineString", "coordinates": [ [ [ -90.513335280072056, 14.64512100644497 ], [ -90.513338183959178, 14.64523215134763 ] ], [ [ -90.513338183959178, 14.64523215134763 ], [ -90.513328008622452, 14.64521224401984 ] ], [ [ -90.513338183959178, 14.64523215134763 ], [ -90.513347306570665, 14.645211766078782 ] ] ] } },
{ "type": "Feature", "properties": { "kind": "L2", "value": "11.364752101131481", "building_uid": "1430" }, "geometry": { "type": "MultiLineString", "coordinates": [ [ [ -90.512913932003315, 14.645217011114571 ], [ -90.512898912105669, 14.64531862758052 ] ], [ [ -90.512898912105669, 14.64531862758052 ], [ -90.512892812864948, 14.645298972383518 ] ], [ [ -90.512898912105669, 14.64531862758052 ], [ -90.512910456409813, 14.64530144446003 ] ] ] } },
{ "type": "Feature", "properties": { "kind": "L2", "value": "7.185934651910753", "building_uid": "763" }, "geometry": { "type": "MultiLineString", "coordinates": [ [ [ -90.514529090747899, 14.645152518691249 ], [ -90.514482894401453, 14.645199325464027 ] ], [ [ -90.514482894401453, 14.645199325464027 ], [ -90.514487204525182, 14.645187039541854 ] ], [ [ -90.514482894401453, 14.645199325464027 ], [ -90.514495331524202, 14.645194642850939 ] ] ] } },
{ "type": "Feature", "properties": { "kind": "L2", "value": "6.58944502150373", "building_uid": "1431" }, "geometry": { "type": "MultiLineString", "coordinates": [ [ [ -90.512896085803547, 14.645325116714512 ], [ -90.512888062446351, 14.645384127568075 ] ], [ [ -90.512888062446351, 14.645384127568075 ], [ -90.512884393779544, 14.645372770899995 ] ], [ [ -90.512888062446351, 14.645384127568075 ], [ -90.512894639766657, 14.645374091437787 ] ] ] } },
{ "type": "Feature", "properties": { "kind": "L2", "value": "12.751674995062546", "building_uid": "1542" }, "geometry": { "type": "MultiLineString", "coordinates": [ [ [ -90.515074948769907, 14.644989041742328 ], [ -90.514956960231217, 14.644980503684559 ] ], [ [ -90.514956960231217, 14.644980503684559 ], [ -90.51497908824291, 14.644972341624669 ] ], [ [ -90.514956960231217, 14.644980503684559 ], [ -90.514977605789127, 14.644991760996399 ] ] ] } },
{ "type": "Feature", "properties": { "kind": "L2", "value": "11.90546563392402", "building_uid": "1543" }, "geometry": { "type": "MultiLineString", "coordinates": [ [ [ -90.515219745869842, 14.644954019222151 ], [ -90.515149757215866, 14.64503722526765 ] ], [ [ -90.515149757215866, 14.64503722526765 ], [ -90.515155219999713, 14.645016383602776 ] ], [ [ -90.515149757215866, 14.64503722526765 ], [ -90.515169666945354, 14.645027902822012 ] ] ] } },
{ "type": "Feature", "properties": { "kind": "L2", "value": "5.9117475733210325", "building_uid": "1544" }, "geometry": { "type": "MultiLineString", "coordinates": [ [ [ -90.51523538227724, 14.645198276835698 ], [ -90.515181125057055, 14.645190439689442 ] ], [ [ -90.515181125057055, 14.645190439689442 ], [ -90.515191640181968, 14.645187395253188 ] ], [ [ -90.515181125057055, 14.645190439689442 ], [ -90.515190279427671, 14.645196325274158 ] ] ] } },
{ "type": "Feature", "properties": { "kind": "L2", "value": "14.683178464512455", "building_uid": "1545" }, "geometry": { "type": "MultiLineString", "coordinates": [ [ [ -90.515069967219333, 14.645247257679268 ], [ -90.515048406171232, 14.645378226468555 ] ], [ [ -90.515048406171232, 14.645378226468555 ], [ -90.515040944383827, 14.645352712530681 ] ], [ [ -90.515048406171232, 14.645378226468555 ], [ -90.515063684342877, 14.645356261193546 ] ] ] } },
{ "type": "Feature", "properties": { "kind": "L2", "value": "10.464545740415673", "building_uid": "1546" }, "geometry": { "type": "MultiLineString", "coordinates": [ [ [ -90.515132949196143, 14.645436084868638 ], [ -90.515122126461975, 14.645530027217758 ] ], [ [ -90.515122126461975, 14.645530027217758 ], [ -90.515115932652236, 14.645512108442716 ] ], [ [ -90.515122126461975, 14.645530027217758 ], [ -90.515132243765493, 14.645513889719897 ] ] ] } },
{ "type": "Feature", "properties": { "kind": "L2", "value": "10.542883023414412", "building_uid": "1549" }, "geometry": { "type": "MultiLineString", "coordinates": [ [ [ -90.514124394606128, 14.645369298550362 ], [ -90.51411141375074, 14.645463695315069 ] ], [ [ -90.51411141375074, 14.645463695315069 ], [ -90.514105571678215, 14.645445516572762 ] ], [ [ -90.51411141375074, 14.645463695315069 ], [ -90.514121961686129, 14.645447653048397 ] ] ] } },
{ "type": "Feature", "properties": { "kind": "L2", "value": "7.9369215512829605", "building_uid": "1551" }, "geometry": { "type": "MultiLineString", "coordinates": [ [ [ -90.51394598803806, 14.645815521540145 ], [ -90.513874704399498, 14.645833518961128 ] ], [ [ -90.513874704399498, 14.645833518961128 ], [ -90.513886062945005, 14.645824390567061 ] ], [ [ -90.513874704399498, 14.645833518961128 ], [ -90.51388918782196, 14.645836122877594 ] ] ] } },
{ "type": "Feature", "properties": { "kind": "L2", "value": "7.985017684163775", "building_uid": "1552" }, "geometry": { "type": "MultiLineString", "coordinates": [ [ [ -90.512812972063458, 14.645648471542209 ], [ -90.512739356637354, 14.645640341071921 ] ], [ [ -90.512739356637354, 14.645640341071921 ], [ -90.512753406127047, 14.645635756765071 ] ], [ [ -90.512739356637354, 14.645640341071921 ], [ -90.512751994439782, 14.645647872865508 ] ] ] } },
{ "type": "Feature", "properties": { "kind": "L2", "value": "5.654133478684958", "building_uid": "1553" }, "geometry": { "type": "MultiLineString", "coordinates": [ [ [ -90.512822143741914, 14.645528473955384 ], [ -90.512777963949972, 14.645556016797977 ] ], [ [ -90.512777963949972, 14.645556016797977 ], [ -90.512783580930815, 14.645547388641047 ] ], [ [ -90.512777963949972, 14.645556016797977 ], [ -90.512788363166507, 14.645554660039313 ] ] ] } },
{ "type": "Feature", "properties": { "kind": "L2", "value": "13.839301976713976", "building_uid": "1554" }, "geometry": { "type": "MultiLineString", "coordinates": [ [ [ -90.512876533452157, 14.645382654472458 ], [ -90.51285962152653, 14.645506582516328 ] ], [ [ -90.51285962152653, 14.645506582516328 ], [ -90.512851928263103, 14.645482727387627 ] ], [ [ -90.51285962152653, 14.645506582516328 ], [ -90.512873445758643, 14.64548551086488 ] ] ] } },
{ "type": "Feature", "properties": { "kind": "L2", "value": "21.02134337962247", "building_uid": "1556" }, "geometry": { "type": "MultiLineString", "coordinates": [ [ [ -90.512984939413471, 14.644923137638475 ], [ -90.512906678126313, 14.645097076144605 ] ], [ [ -90.512906678126313, 14.645097076144605 ], [ -90.512905763550776, 14.645059107389047 ] ], [ [ -90.512906678126313, 14.645097076144605 ], [ -90.512935964249536, 14.645071988177429 ] ] ] } },
{ "type": "Feature", "properties": { "kind": "L2", "value": "16.094306404211718", "building_uid": "1557" }, "geometry": { "type": "MultiLineString", "coordinates": [ [ [ -90.513146268452857, 14.644795683380005 ], [ -90.513000555275497, 14.644763889155408 ] ], [ [ -90.513000555275497, 14.644763889155408 ], [ -90.51302972766068, 14.644757660978941 ] ], [ [ -90.513000555275497, 14.644763889155408 ], [ -90.513024207276445, 14.644781643485715 ] ] ] } },
{ "type": "Feature", "properties": { "kind": "L2", "value": "8.997980469548581", "building_uid": "1558" }, "geometry": { "type": "MultiLineString", "coordinates": [ [ [ -90.51331439061542, 14.644795555424432 ], [ -90.513231952041906, 14.644782720990859 ] ], [ [ -90.513231952041906, 14.644782720990859 ], [ -90.513248009196772, 14.644778263220187 ] ], [ [ -90.513231952041906, 14.644782720990859 ], [ -90.513245780773232, 14.644791831544465 ] ] ] } },
{ "type": "Feature", "properties": { "kind": "L2", "value": "8.49319972958572", "building_uid": "1559" }, "geometry": { "type": "MultiLineString", "coordinates": [ [ [ -90.513231043986053, 14.644788620225848 ], [ -90.513153300655517, 14.64477608415133 ] ], [ [ -90.513153300655517, 14.64477608415133 ], [ -90.513168480841529, 14.644771958687365 ] ], [ [ -90.513153300655517, 14.64477608415133 ], [ -90.513166304221826, 14.644784754235717 ] ] ] } },
{ "type": "Feature", "properties": { "kind": "L2", "value": "13.130012420478872", "building_uid": "2593" }, "geometry": { "type": "MultiLineString", "coordinates": [ [ [ -90.515408651717578, 14.643922813783679 ], [ -90.515286934469074, 14.643917855161705 ] ], [ [ -90.515286934469074, 14.643917855161705 ], [ -90.515309427604649, 14.643908737390309 ] ], [ [ -90.515286934469074, 14.643917855161705 ], [ -90.515308566647064, 14.643928770557501 ] ] ] } },
{ "type": "Feature", "properties": { "kind": "L2", "value": "7.683470130680164", "building_uid": "2594" }, "geometry": { "type": "MultiLineString", "coordinates": [ [ [ -90.515382866428254, 14.644098366089164 ], [ -90.51531212897325, 14.644089746270851 ] ], [ [ -90.51531212897325, 14.644089746270851 ], [ -90.515325699274555, 14.64408548745967 ] ], [ [ -90.51531212897325, 14.644089746270851 ], [ -90.515324202633053, 14.644097129968459 ] ] ] } },
{ "type": "Feature", "properties": { "kind": "L2", "value": "8.34818257562977", "building_uid": "2595" }, "geometry": { "type": "MultiLineString", "coordinates": [ [ [ -90.515046976994896, 14.644166315049386 ], [ -90.515037211506694, 14.64424112658614 ] ], [ [ -90.515037211506694, 14.64424112658614 ], [ -90.515032486928661, 14.644226762491527 ] ], [ [ -90.515037211506694, 14.64424112658614 ], [ -90.515045476301594, 14.644228369769531 ] ] ] } },
{ "type": "Feature", "properties": { "kind": "L2", "value": "5.4295351156310785", "building_uid": "2596" }, "geometry": { "type": "MultiLineString", "coordinates": [ [ [ -90.515281595750153, 14.644627396027339 ], [ -90.515273046142582, 14.644675732223089 ] ], [ [ -90.515273046142582, 14.644675732223089 ], [ -90.515270399592652, 14.644666267150962 ] ], [ [ -90.515273046142582, 14.644675732223089 ], [ -90.515278792123738, 14.644667674307062 ] ] ] } },
{ "type": "Feature", "properties": { "kind": "L2", "value": "10.807883231508663", "building_uid": "2597" }, "geometry": { "type": "MultiLineString", "coordinates": [ [ [ -90.514246165925385, 14.644480687320291 ], [ -90.514147185598901, 14.644465027801905 ] ], [ [ -90.514147185598901, 14.644465027801905 ], [ -90.51416648639298, 14.644459720820144 ] ], [ [ -90.514147185598901, 14.644465027801905 ], [ -90.514163767457831, 14.644476011726944 ] ] ] } },
{ "type": "Feature", "properties": { "kind": "L2", "value": "11.716149521837469", "building_uid": "2598" }, "geometry": { "type": "MultiLineString", "coordinates": [ [ [ -90.514332569296002, 14.644599978430325 ], [ -90.514224089851808, 14.64460680511289 ] ], [ [ -90.514224089851808, 14.64460680511289 ], [ -90.514243160353658, 14.644596640536154 ] ], [ [ -90.514224089851808, 14.64460680511289 ], [ -90.514244345655698, 14.644614494867064 ] ] ] } },
{ "type": "Feature", "properties": { "kind": "L2", "value": "15.73458006848541", "building_uid": "2599" }, "geometry": { "type": "MultiLineString", "coordinates": [ [ [ -90.514366143730683, 14.644312410923181 ], [ -90.514354959211019, 14.644454131419009 ] ], [ [ -90.514354959211019, 14.644454131419009 ], [ -90.514344683206573, 14.644427522525152 ] ], [ [ -90.514354959211019, 14.644454131419009 ], [ -90.514369289866949, 14.644429363357292 ] ] ] } },
{ "type": "Feature", "properties": { "kind": "L2", "value": "6.631260814904262", "building_uid": "2689" }, "geometry": { "type": "MultiLineString", "coordinates": [ [ [ -90.514660379043733, 14.648280892826625 ], [ -90.514651162588635, 14.648340120406461 ] ], [ [ -90.514651162588635, 14.648340120406461 ], [ -90.514647691299501, 14.648328626280598 ] ], [ [ -90.514651162588635, 14.648340120406461 ], [ -90.514657975056934, 14.648330143165705 ] ] ] } },
{ "type": "Feature", "properties": { "kind": "L2", "value": "7.349678736496474", "building_uid": "2690" }, "geometry": { "type": "MultiLineString", "coordinates": [ [ [ -90.514665917960627, 14.648214457649193 ], [ -90.514652278948162, 14.648279509448765 ] ], [ [ -90.514652278948162, 14.648279509448765 ], [ -90.514649103667367, 14.64826659567345 ] ], [ [ -90.514652278948162, 14.648279509448765 ], [ -90.514660398687965, 14.648268840443309 ] ] ] } },
{ "type": "Feature", "properties": { "kind": "L2", "value": "12.19943141447876", "building_uid": "2691" }, "geometry": { "type": "MultiLineString", "coordinates": [ [ [ -90.514692437464234, 14.648345277978917 ], [ -90.514677040005367, 14.648454457094605 ] ], [ [ -90.514677040005367, 14.648454457094605 ], [ -90.514670352518081, 14.648433400027438 ] ], [ [ -90.514677040005367, 14.648454457094605 ], [ -90.514689309431148, 14.648435934208951 ] ] ] } },
{ "type": "Feature", "properties": { "kind": "L2", "value": "13.238114509697144", "building_uid": "2693" }, "geometry": { "type": "MultiLineString", "coordinates": [ [ [ -90.514700974143139, 14.648101643015856 ], [ -90.514681298319758, 14.648219685151007 ] ], [ [ -90.514681298319758, 14.648219685151007 ], [ -90.514674616898432, 14.648196669481417 ] ], [ [ -90.514681298319758, 14.648219685151007 ], [ -90.514695112686738, 14.648199907818549 ] ] ] } },
{ "type": "Feature", "properties": { "kind": "L2", "value": "10.237247374454562", "building_uid": "2694" }, "geometry": { "type": "MultiLineString", "coordinates": [ [ [ -90.514707581966576, 14.647991313331486 ], [ -90.514684786078135, 14.648081088734768 ] ], [ [ -90.514684786078135, 14.648081088734768 ], [ -90.514681124201118, 14.648062939978953 ] ], [ [ -90.514684786078135, 14.648081088734768 ], [ -90.514696711995413, 14.648066691832369 ] ] ] } },
{ "type": "Feature", "properties": { "kind": "L2", "value": "11.800954493693347", "building_uid": "2695" }, "geometry": { "type": "MultiLineString", "coordinates": [ [ [ -90.514691249184096, 14.647786976646982 ], [ -90.514675394790345, 14.647892457047863 ] ], [ [ -90.514675394790345, 14.647892457047863 ], [ -90.514669111257831, 14.647872032809991 ] ], [ [ -90.514675394790345, 14.647892457047863 ], [ -90.514687425910708, 14.647874642202552 ] ] ] } },
{ "type": "Feature", "properties": { "kind": "L2", "value": "12.807389730462733", "building_uid": "2696" }, "geometry": { "type": "MultiLineString", "coordinates": [ [ [ -90.514704046056693, 14.647671977637872 ], [ -90.514685883021258, 14.647786313700017 ] ], [ [ -90.514685883021258, 14.647786313700017 ], [ -90.514679249154042, 14.647764094286769 ] ], [ [ -90.514685883021258, 14.647786313700017 ], [ -90.514699101413086, 14.647767083648281 ] ] ] } },
{ "type": "Feature", "properties": { "kind": "L2", "value": "10.237655451425557", "building_uid": "2697" }, "geometry": { "type": "MultiLineString", "coordinates": [ [ [ -90.514720504071732, 14.647899269763142 ], [ -90.514702424508883, 14.647990060966933 ] ], [ [ -90.514702424508883, 14.647990060966933 ], [ -90.514697819559132, 14.647972116202167 ] ], [ [ -90.514702424508883, 14.647990060966933 ], [ -90.514713583721331, 14.647975091822104 ] ] ] } },
{ "type": "Feature", "properties": { "kind": "L2", "value": "7.3351597198505685", "building_uid": "2698" }, "geometry": { "type": "MultiLineString", "coordinates": [ [ [ -90.514840044470986, 14.647303014542713 ], [ -90.514772541535564, 14.647294564656692 ] ], [ [ -90.514772541535564, 14.647294564656692 ], [ -90.51478551080119, 14.647290541306328 ] ], [ [ -90.514772541535564, 14.647294564656692 ], [ -90.514784043643047, 14.647301651288846 ] ] ] } },
{ "type": "Feature", "properties": { "kind": "L2", "value": "6.3156620666727825", "building_uid": "2699" }, "geometry": { "type": "MultiLineString", "coordinates": [ [ [ -90.514773948449388, 14.647286352015394 ], [ -90.514716203087559, 14.6472766478118 ] ], [ [ -90.514716203087559, 14.6472766478118 ], [ -90.514727512573884, 14.647273654796194 ] ], [ [ -90.514716203087559, 14.6472766478118 ], [ -90.51472582762851, 14.647283158827511 ] ] ] } },
{ "type": "Feature", "properties": { "kind": "L2", "value": "9.55067948556177", "building_uid": "2700" }, "geometry": { "type": "MultiLineString", "coordinates": [ [ [ -90.514918348522542, 14.647181602258037 ], [ -90.514886646088158, 14.64726216815987 ] ], [ [ -90.514886646088158, 14.64726216815987 ], [ -90.514885398179814, 14.647244955782789 ] ], [ [ -90.514886646088158, 14.64726216815987 ], [ -90.514899386866034, 14.647250173536339 ] ] ] } },
{ "type": "Feature", "properties": { "kind": "L2", "value": "10.42296952114206", "building_uid": "2701" }, "geometry": { "type": "MultiLineString", "coordinates": [ [ [ -90.514909715818689, 14.647268232666878 ], [ -90.514874170442368, 14.64735579790349 ] ], [ [ -90.514874170442368, 14.64735579790349 ], [ -90.514873011460409, 14.6473370005716 ] ], [ [ -90.514874170442368, 14.64735579790349 ], [ -90.514888215450028, 14.647342850814399 ] ] ] } },
{ "type": "Feature", "properties": { "kind": "L2", "value": "7.021966001159057", "building_uid": "2702" }, "geometry": { "type": "MultiLineString", "coordinates": [ [ [ -90.514798150956864, 14.647459051528989 ], [ -90.514789107230214, 14.647521870347351 ] ], [ [ -90.514789107230214, 14.647521870347351 ], [ -90.514785292877164, 14.647509739479373 ] ], [ [ -90.514789107230214, 14.647521870347351 ], [ -90.514796200144488, 14.647511227941722 ] ] ] } },
{ "type": "Feature", "properties": { "kind": "L2", "value": "6.162654914673676", "building_uid": "2703" }, "geometry": { "type": "MultiLineString", "coordinates": [ [ [ -90.514930962117717, 14.647421683773629 ], [ -90.514874354121645, 14.647413831522057 ] ], [ [ -90.514874354121645, 14.647413831522057 ], [ -90.514885296670215, 14.647410596418425 ] ], [ [ -90.514874354121645, 14.647413831522057 ], [ -90.514883933279151, 14.647419913250333 ] ] ] } },
{ "type": "Feature", "properties": { "kind": "L2", "value": "10.691779161362227", "building_uid": "2704" }, "geometry": { "type": "MultiLineString", "coordinates": [ [ [ -90.514698551562688, 14.647297495002807 ], [ -90.514602297008025, 14.647274123935203 ] ], [ [ -90.514602297008025, 14.647274123935203 ], [ -90.514621773221222, 14.647270439177341 ] ], [ [ -90.514602297008025, 14.647274123935203 ], [ -90.514617715291678, 14.647286281250699 ] ] ] } },
{ "type": "Feature", "properties": { "kind": "L2", "value": "13.112206851265006", "building_uid": "2705" }, "geometry": { "type": "MultiLineString", "coordinates": [ [ [ -90.514596901434388, 14.647284460548631 ], [ -90.514476446544705, 14.647267827691275 ] ], [ [ -90.514476446544705, 14.647267827691275 ], [ -90.514499724369742, 14.647260930047887 ] ], [ [ -90.514476446544705, 14.647267827691275 ], [ -90.514496836397072, 14.647280755138732 ] ] ] } },
{ "type": "Feature", "properties": { "kind": "L2", "value": "7.9753007543182", "building_uid": "2706" }, "geometry": { "type": "MultiLineString", "coordinates": [ [ [ -90.51441498522091, 14.647170930080927 ], [ -90.514341823423663, 14.647160129817372 ] ], [ [ -90.514341823423663, 14.647160129817372 ], [ -90.514356022471205, 14.647156066814262 ] ], [ [ -90.514341823423663, 14.647160129817372 ], [ -90.514354147217063, 14.647168108168902 ] ] ] } },
{ "type": "Feature", "properties": { "kind": "L2", "value": "8.321199138481532", "building_uid": "2708" }, "geometry": { "type": "MultiLineString", "coordinates": [ [ [ -90.514490890447846, 14.647184708615894 ], [ -90.514414673404318, 14.647172707411004 ] ], [ [ -90.514414673404318, 14.647172707411004 ], [ -90.514429530510441, 14.647168610668638 ] ], [ [ -90.514414673404318, 14.647172707411004 ], [ -90.514427446736292, 14.647181154871047 ] ] ] } },
{ "type": "Feature", "properties": { "kind": "L2", "value": "11.450545083395367", "building_uid": "2711" }, "geometry": { "type": "MultiLineString", "coordinates": [ [ [ -90.514724708574079, 14.647570344463039 ], [ -90.514707323912788, 14.647672388709937 ] ], [ [ -90.514707323912788, 14.647672388709937 ], [ -90.514701616079151, 14.647652461383917 ] ], [ [ -90.514707323912788, 14.647672388709937 ], [ -90.514719334091666, 14.647655322638089 ] ] ] } },
{ "type": "Feature", "properties": { "kind": "L2", "value": "6.415127052805705", "building_uid": "2712" }, "geometry": { "type": "MultiLineString", "coordinates": [ [ [ -90.514825811439778, 14.647526833708707 ], [ -90.514817103761473, 14.647584161250325 ] ], [ [ -90.514817103761473, 14.647584161250325 ], [ -90.514813705220988, 14.647573053394222 ] ], [ [ -90.514817103761473, 14.647584161250325 ], [ -90.514823659037702, 14.647574486547567 ] ] ] } },
{ "type": "Feature", "properties": { "kind": "L2", "value": "9.044292580697924", "building_uid": "701" }, "geometry": { "type": "MultiLineString", "coordinates": [ [ [ -90.512144718195188, 14.64590532364663 ], [ -90.512132334683628, 14.645986130568106 ] ], [ [ -90.512132334683628, 14.645986130568106 ], [ -90.5121275641132, 14.645970464301909 ] ], [ [ -90.512132334683628, 14.645986130568106 ], [ -90.512141594565378, 14.645972502457617 ] ] ] } },
{ "type": "Feature", "properties": { "kind": "L2", "value": "9.849679299991704", "building_uid": "2720" }, "geometry": { "type": "MultiLineString", "coordinates": [ [ [ -90.514429253589213, 14.648304683053745 ], [ -90.514338675680392, 14.648292849899184 ] ], [ [ -90.514338675680392, 14.648292849899184 ], [ -90.51435612127537, 14.648287540941674 ] ], [ [ -90.514338675680392, 14.648292849899184 ], [ -90.514354066668645, 14.648302448653746 ] ] ] } },
{ "type": "Feature", "properties": { "kind": "L2", "value": "8.342668491961394", "building_uid": "2728" }, "geometry": { "type": "MultiLineString", "coordinates": [ [ [ -90.514983316320908, 14.646383032233507 ], [ -90.514966849308522, 14.646456670633887 ] ], [ [ -90.514966849308522, 14.646456670633887 ], [ -90.514963441238777, 14.646441967704069 ] ], [ [ -90.514966849308522, 14.646456670633887 ], [ -90.514976227053197, 14.646444677941762 ] ] ] } },
{ "type": "Feature", "properties": { "kind": "L2", "value": "9.990430953629073", "building_uid": "2729" }, "geometry": { "type": "MultiLineString", "coordinates": [ [ [ -90.514945651300323, 14.646502766719196 ], [ -90.514947685187266, 14.64659299351524 ] ], [ [ -90.514947685187266, 14.64659299351524 ], [ -90.51493948349075, 14.64657680623983 ] ], [ [ -90.514947685187266, 14.64659299351524 ], [ -90.514955149553444, 14.646576471491301 ] ] ] } },
{ "type": "Feature", "properties": { "kind": "L2", "value": "23.218204161340932", "building_uid": "2730" }, "geometry": { "type": "MultiLineString", "coordinates": [ [ [ -90.514845782180998, 14.646814511988193 ], [ -90.514630389470142, 14.646818277105123 ] ], [ [ -90.514630389470142, 14.646818277105123 ], [ -90.514669105023259, 14.646799869386239 ] ], [ [ -90.514630389470142, 14.646818277105123 ], [ -90.514669758749463, 14.64683531991189 ] ] ] } },
{ "type": "Feature", "properties": { "kind": "L2", "value": "12.153685993071798", "building_uid": "2731" }, "geometry": { "type": "MultiLineString", "coordinates": [ [ [ -90.515009520661664, 14.646805432287097 ], [ -90.514896756398656, 14.646806136505866 ] ], [ [ -90.514896756398656, 14.646806136505866 ], [ -90.514917135088695, 14.64679672917795 ] ], [ [ -90.514896756398656, 14.646806136505866 ], [ -90.514917257359187, 14.646815288546339 ] ] ] } },
{ "type": "Feature", "properties": { "kind": "L2", "value": "9.627463786678963", "building_uid": "2734" }, "geometry": { "type": "MultiLineString", "coordinates": [ [ [ -90.514316057474204, 14.646884583103311 ], [ -90.514302022073821, 14.646970472472237 ] ], [ [ -90.514302022073821, 14.646970472472237 ], [ -90.514297109662692, 14.646953749019859 ] ], [ [ -90.514302022073821, 14.646970472472237 ], [ -90.51431202264456, 14.646956059043291 ] ] ] } },
{ "type": "Feature", "properties": { "kind": "L2", "value": "9.333217306027619", "building_uid": "2736" }, "geometry": { "type": "MultiLineString", "coordinates": [ [ [ -90.514579871166958, 14.646852480384466 ], [ -90.514494284403369, 14.646839638482739 ] ], [ [ -90.514494284403369, 14.646839638482739 ], [ -90.514510912863017, 14.646834923057131 ] ], [ [ -90.514494284403369, 14.646839638482739 ], [ -90.514508683121505, 14.646849009398995 ] ] ] } },
{ "type": "Feature", "properties": { "kind": "L2", "value": "9.086279856784705", "building_uid": "2738" }, "geometry": { "type": "MultiLineString", "coordinates": [ [ [ -90.514487413324858, 14.646882796049312 ], [ -90.514404031092695, 14.646870678445113 ] ], [ [ -90.514404031092695, 14.646870678445113 ], [ -90.514420197075836, 14.64686601315003 ] ], [ [ -90.514404031092695, 14.646870678445113 ], [ -90.514418093093894, 14.646879736656032 ] ] ] } },
{ "type": "Feature", "properties": { "kind": "L2", "value": "14.807525056337997", "building_uid": "2741" }, "geometry": { "type": "MultiLineString", "coordinates": [ [ [ -90.513935288943614, 14.646144008713529 ], [ -90.513804621852685, 14.646102679514648 ] ], [ [ -90.513804621852685, 14.646102679514648 ], [ -90.513831894753281, 14.646099417923594 ] ], [ [ -90.513804621852685, 14.646102679514648 ], [ -90.513824718783582, 14.646120923905272 ] ] ] } },
{ "type": "Feature", "properties": { "kind": "L2", "value": "6.785590673581837", "building_uid": "2742" }, "geometry": { "type": "MultiLineString", "coordinates": [ [ [ -90.513453352788403, 14.646338303960551 ], [ -90.51339346584561, 14.646319389750648 ] ], [ [ -90.51339346584561, 14.646319389750648 ], [ -90.51340596307908, 14.646317889897279 ] ], [ [ -90.51339346584561, 14.646319389750648 ], [ -90.513402679011222, 14.64632774644434 ] ] ] } },
{ "type": "Feature", "properties": { "kind": "L2", "value": "9.009491269065116", "building_uid": "2745" }, "geometry": { "type": "MultiLineString", "coordinates": [ [ [ -90.513609573052733, 14.646768034948973 ], [ -90.513526737971233, 14.646757097078334 ] ], [ [ -90.513526737971233, 14.646757097078334 ], [ -90.513542702357952, 14.646752262965814 ] ], [ [ -90.513526737971233, 14.646757097078334 ], [ -90.513540803214241, 14.646765896425961 ] ] ] } },
{ "type": "Feature", "properties": { "kind": "L2", "value": "11.358644722432038", "building_uid": "2746" }, "geometry": { "type": "MultiLineString", "coordinates": [ [ [ -90.513445785115522, 14.646651645586015 ], [ -90.513431015942217, 14.646753241203159 ] ], [ [ -90.513431015942217, 14.646753241203159 ], [ -90.513424873006343, 14.646733610426249 ] ], [ [ -90.513431015942217, 14.646753241203159 ], [ -90.513442513048119, 14.646736041220752 ] ] ] } },
{ "type": "Feature", "properties": { "kind": "L2", "value": "6.629490470459959", "building_uid": "2747" }, "geometry": { "type": "MultiLineString", "coordinates": [ [ [ -90.513834624414883, 14.648156105748383 ], [ -90.513824049469946, 14.648215101516449 ] ], [ [ -90.513824049469946, 14.648215101516449 ], [ -90.513820844550708, 14.64820353761553 ] ], [ [ -90.513824049469946, 14.648215101516449 ], [ -90.513831088052456, 14.648205278087898 ] ] ] } },
{ "type": "Feature", "properties": { "kind": "L2", "value": "7.294848545534806", "building_uid": "2748" }, "geometry": { "type": "MultiLineString", "coordinates": [ [ [ -90.513857986674651, 14.648092993331547 ], [ -90.513846527583468, 14.648157939985607 ] ], [ [ -90.513846527583468, 14.648157939985607 ], [ -90.513842966298071, 14.648145224659158 ] ], [ [ -90.513846527583468, 14.648157939985607 ], [ -90.513854243055818, 14.648147110648882 ] ] ] } },
{ "type": "Feature", "properties": { "kind": "L2", "value": "12.632735350692432", "building_uid": "2749" }, "geometry": { "type": "MultiLineString", "coordinates": [ [ [ -90.513849246556958, 14.648219327808608 ], [ -90.513828511209226, 14.648331645611812 ] ], [ [ -90.513828511209226, 14.648331645611812 ], [ -90.513822518794854, 14.648309580353855 ] ], [ [ -90.513828511209226, 14.648331645611812 ], [ -90.513842020671163, 14.648312993070437 ] ] ] } },
{ "type": "Feature", "properties": { "kind": "L2", "value": "9.641193677762631", "building_uid": "2750" }, "geometry": { "type": "MultiLineString", "coordinates": [ [ [ -90.513757232457436, 14.64823302454705 ], [ -90.513668090770267, 14.648240309958725 ] ], [ [ -90.513668090770267, 14.648240309958725 ], [ -90.513683616245061, 14.648231653727782 ] ], [ [ -90.513668090770267, 14.648240309958725 ], [ -90.513684881217571, 14.648246325064756 ] ] ] } },
{ "type": "Feature", "properties": { "kind": "L2", "value": "11.339974314412459", "building_uid": "2751" }, "geometry": { "type": "MultiLineString", "coordinates": [ [ [ -90.513830034919849, 14.647984192823637 ], [ -90.513811446779556, 14.648085021089129 ] ], [ [ -90.513811446779556, 14.648085021089129 ], [ -90.513806062639617, 14.648065215139477 ] ], [ [ -90.513811446779556, 14.648085021089129 ], [ -90.513823569553821, 14.648068274462332 ] ] ] } },
{ "type": "Feature", "properties": { "kind": "L2", "value": "11.427488221711066", "building_uid": "2752" }, "geometry": { "type": "MultiLineString", "coordinates": [ [ [ -90.513857436919537, 14.647881044151887 ], [ -90.513835516447458, 14.647982044040287 ] ], [ [ -90.513835516447458, 14.647982044040287 ], [ -90.513830721436065, 14.647961932755905 ] ], [ [ -90.513835516447458, 14.647982044040287 ], [ -90.513848258140925, 14.647965540531116 ] ] ] } },
{ "type": "Feature", "properties": { "kind": "L2", "value": "10.144777423652863", "building_uid": "2753" }, "geometry": { "type": "MultiLineString", "coordinates": [ [ [ -90.513890302544709, 14.647793048253138 ], [ -90.513875158747965, 14.647883497156331 ] ], [ [ -90.513875158747965, 14.647883497156331 ], [ -90.513870051377324, 14.647865856027938 ] ], [ [ -90.513875158747965, 14.647883497156331 ], [ -90.513885756097864, 14.647868348466883 ] ] ] } },
{ "type": "Feature", "properties": { "kind": "L2", "value": "7.760862492554635", "building_uid": "2755" }, "geometry": { "type": "MultiLineString", "coordinates": [ [ [ -90.513943292686832, 14.647627604990275 ], [ -90.51399329336455, 14.647678055615064 ] ], [ [ -90.51399329336455, 14.647678055615064 ], [ -90.513979850273628, 14.647673025535578 ] ], [ [ -90.51399329336455, 14.647678055615064 ], [ -90.513988610050504, 14.64766479617788 ] ] ] } },
{ "type": "Feature", "properties": { "kind": "L2", "value": "7.9815076861003895", "building_uid": "2757" }, "geometry": { "type": "MultiLineString", "coordinates": [ [ [ -90.513926253564435, 14.64736465395722 ], [ -90.513914111592996, 14.647435779110884 ] ], [ [ -90.513914111592996, 14.647435779110884 ], [ -90.513910137718526, 14.647421887660835 ] ], [ [ -90.513914111592996, 14.647435779110884 ], [ -90.513922487214558, 14.647423886048855 ] ] ] } },
{ "type": "Feature", "properties": { "kind": "L2", "value": "8.917631048139942", "building_uid": "2758" }, "geometry": { "type": "MultiLineString", "coordinates": [ [ [ -90.513870895033492, 14.647514190777576 ], [ -90.513858505497808, 14.647593839871773 ] ], [ [ -90.513858505497808, 14.647593839871773 ], [ -90.513853836484344, 14.647578382986984 ] ], [ [ -90.513858505497808, 14.647593839871773 ], [ -90.513867666006448, 14.647580422119026 ] ] ] } },
{ "type": "Feature", "properties": { "kind": "L2", "value": "8.757564413544053", "building_uid": "2759" }, "geometry": { "type": "MultiLineString", "coordinates": [ [ [ -90.513878036555596, 14.647430219512477 ], [ -90.513866263402235, 14.647508496081471 ] ], [ [ -90.513866263402235, 14.647508496081471 ], [ -90.513861601821162, 14.647493338706004 ] ], [ [ -90.513866263402235, 14.647508496081471 ], [ -90.513875193025527, 14.647495276391501 ] ] ] } },
{ "type": "Feature", "properties": { "kind": "L2", "value": "4.852418605841392", "building_uid": "2761" }, "geometry": { "type": "MultiLineString", "coordinates": [ [ [ -90.51396689114506, 14.647162589040475 ], [ -90.513960587778641, 14.647205991585661 ] ], [ [ -90.513960587778641, 14.647205991585661 ], [ -90.513957962338026, 14.647197605652055 ] ], [ [ -90.513960587778641, 14.647205991585661 ], [ -90.513965498335892, 14.647198643093441 ] ] ] } },
{ "type": "Feature", "properties": { "kind": "L2", "value": "8.913008209099807", "building_uid": "2762" }, "geometry": { "type": "MultiLineString", "coordinates": [ [ [ -90.513961148238934, 14.647206001864957 ], [ -90.513949752532028, 14.647285749338346 ] ], [ [ -90.513949752532028, 14.647285749338346 ], [ -90.513944894844599, 14.647270356404499 ] ], [ [ -90.513949752532028, 14.647285749338346 ], [ -90.513958741428652, 14.647272231969895 ] ] ] } },
{ "type": "Feature", "properties": { "kind": "L2", "value": "8.369793066541376", "building_uid": "2763" }, "geometry": { "type": "MultiLineString", "coordinates": [ [ [ -90.513927293731584, 14.647283093148326 ], [ -90.513917105847753, 14.647358048133551 ] ], [ [ -90.513917105847753, 14.647358048133551 ], [ -90.513912445286834, 14.647343623288782 ] ], [ [ -90.513917105847753, 14.647358048133551 ], [ -90.513925459753764, 14.647345300063712 ] ] ] } },
{ "type": "Feature", "properties": { "kind": "L2", "value": "7.62964454354239", "building_uid": "764" }, "geometry": { "type": "MultiLineString", "coordinates": [ [ [ -90.514545202135892, 14.645217533663258 ], [ -90.514541409367098, 14.645286357024021 ] ], [ [ -90.514541409367098, 14.645286357024021 ], [ -90.514536121992691, 14.645273569874604 ] ], [ [ -90.514541409367098, 14.645286357024021 ], [ -90.514548071708759, 14.645274194114291 ] ] ] } },
{ "type": "Feature", "properties": { "kind": "L2", "value": "13.099237994448133", "building_uid": "2764" }, "geometry": { "type": "MultiLineString", "coordinates": [ [ [ -90.514041444827612, 14.647057072714931 ], [ -90.513976992844775, 14.647157396006609 ] ], [ [ -90.513976992844775, 14.647157396006609 ], [ -90.513979965936898, 14.647133907326262 ] ], [ [ -90.513976992844775, 14.647157396006609 ], [ -90.51399738509609, 14.647144515178637 ] ] ] } },
{ "type": "Feature", "properties": { "kind": "L2", "value": "6.51204051035169", "building_uid": "2765" }, "geometry": { "type": "MultiLineString", "coordinates": [ [ [ -90.513929725379725, 14.647087887378914 ], [ -90.513871378587567, 14.64707260520324 ] ], [ [ -90.513871378587567, 14.64707260520324 ], [ -90.513883281341336, 14.647070573761839 ] ], [ [ -90.513871378587567, 14.64707260520324 ], [ -90.51388062789303, 14.647080176788526 ] ] ] } },
{ "type": "Feature", "properties": { "kind": "L2", "value": "9.9680119029955", "building_uid": "2767" }, "geometry": { "type": "MultiLineString", "coordinates": [ [ [ -90.513865948581483, 14.647107984206102 ], [ -90.513774284540162, 14.647095997854382 ] ], [ [ -90.513774284540162, 14.647095997854382 ], [ -90.513791940303349, 14.647090627243749 ] ], [ [ -90.513774284540162, 14.647095997854382 ], [ -90.513789859108286, 14.647105713799684 ] ] ] } },
{ "type": "Feature", "properties": { "kind": "L2", "value": "8.678745433715871", "building_uid": "2768" }, "geometry": { "type": "MultiLineString", "coordinates": [ [ [ -90.513775716578522, 14.647086976699915 ], [ -90.5136961082124, 14.647075182504061 ] ], [ [ -90.5136961082124, 14.647075182504061 ], [ -90.51371156206298, 14.647070769155272 ] ], [ [ -90.5136961082124, 14.647075182504061 ], [ -90.513709514232659, 14.647083871525309 ] ] ] } },
{ "type": "Feature", "properties": { "kind": "L2", "value": "10.217005834839831", "building_uid": "2769" }, "geometry": { "type": "MultiLineString", "coordinates": [ [ [ -90.513696279936624, 14.647073997025952 ], [ -90.513602532636796, 14.647060297881504 ] ], [ [ -90.513602532636796, 14.647060297881504 ], [ -90.513620714710669, 14.647055066296351 ] ], [ [ -90.513602532636796, 14.647060297881504 ], [ -90.513618336123301, 14.647070495728498 ] ] ] } },
{ "type": "Feature", "properties": { "kind": "L2", "value": "13.81725348981571", "building_uid": "2770" }, "geometry": { "type": "MultiLineString", "coordinates": [ [ [ -90.513444858227501, 14.647055108253067 ], [ -90.513424403246589, 14.647178327227836 ] ], [ [ -90.513424403246589, 14.647178327227836 ], [ -90.513417413678056, 14.647154309069455 ] ], [ [ -90.513424403246589, 14.647178327227836 ], [ -90.51343880822381, 14.647157675660184 ] ] ] } },
{ "type": "Feature", "properties": { "kind": "L2", "value": "10.997694347427519", "building_uid": "2771" }, "geometry": { "type": "MultiLineString", "coordinates": [ [ [ -90.513450903036201, 14.646952347030533 ], [ -90.513437664161586, 14.647050854861211 ] ], [ [ -90.513437664161586, 14.647050854861211 ], [ -90.513431511895519, 14.64703190971538 ] ], [ [ -90.513437664161586, 14.647050854861211 ], [ -90.513448615828665, 14.647034088641627 ] ] ] } },
{ "type": "Feature", "properties": { "kind": "L2", "value": "19.499239496412255", "building_uid": "2772" }, "geometry": { "type": "MultiLineString", "coordinates": [ [ [ -90.513465419967957, 14.647529027703486 ], [ -90.513434158106378, 14.647702524282431 ] ], [ [ -90.513434158106378, 14.647702524282431 ], [ -90.513424762519676, 14.64766850340591 ] ], [ [ -90.513434158106378, 14.647702524282431 ], [ -90.513454886851591, 14.647673648639936 ] ] ] } },
{ "type": "Feature", "properties": { "kind": "L2", "value": "8.811136043325533", "building_uid": "2773" }, "geometry": { "type": "MultiLineString", "coordinates": [ [ [ -90.513366587427129, 14.647430799310548 ], [ -90.513353017968456, 14.647509290516606 ] ], [ [ -90.513353017968456, 14.647509290516606 ], [ -90.51334866335479, 14.647493946413201 ] ], [ [ -90.513353017968456, 14.647509290516606 ], [ -90.513362291826738, 14.647496179743731 ] ] ] } },
{ "type": "Feature", "properties": { "kind": "L2", "value": "13.377079308070272", "building_uid": "2774" }, "geometry": { "type": "MultiLineString", "coordinates": [ [ [ -90.513378667746622, 14.647309339144483 ], [ -90.513320132203248, 14.647415898025743 ] ], [ [ -90.513320132203248, 14.647415898025743 ], [ -90.51332149151763, 14.647391765957677 ] ], [ [ -90.513320132203248, 14.647415898025743 ], [ -90.513339993386126, 14.647401400039595 ] ] ] } },
{ "type": "Feature", "properties": { "kind": "L2", "value": "5.914230211518162", "building_uid": "2775" }, "geometry": { "type": "MultiLineString", "coordinates": [ [ [ -90.513315315918405, 14.647160010797849 ], [ -90.513305572231914, 14.647212587939929 ] ], [ [ -90.513305572231914, 14.647212587939929 ], [ -90.513302773895077, 14.6472022558916 ] ], [ [ -90.513305572231914, 14.647212587939929 ], [ -90.513311902881341, 14.64720385955906 ] ] ] } },
{ "type": "Feature", "properties": { "kind": "L2", "value": "8.962498036554422", "building_uid": "2776" }, "geometry": { "type": "MultiLineString", "coordinates": [ [ [ -90.513212667800801, 14.648175860935988 ], [ -90.51313015047451, 14.648165830931307 ] ], [ [ -90.51313015047451, 14.648165830931307 ], [ -90.513145978453778, 14.648160858450703 ] ], [ [ -90.51313015047451, 14.648165830931307 ], [ -90.513144236931481, 14.648174439524594 ] ] ] } },
{ "type": "Feature", "properties": { "kind": "L2", "value": "11.296545474155463", "building_uid": "2777" }, "geometry": { "type": "MultiLineString", "coordinates": [ [ [ -90.513280844157123, 14.64802323823856 ], [ -90.513265163299167, 14.648124136934495 ] ], [ [ -90.513265163299167, 14.648124136934495 ], [ -90.51325924606445, 14.648104557465693 ] ], [ [ -90.513265163299167, 14.648124136934495 ], [ -90.513276765210762, 14.648107138294064 ] ] ] } },
{ "type": "Feature", "properties": { "kind": "L2", "value": "11.81085292831695", "building_uid": "2778" }, "geometry": { "type": "MultiLineString", "coordinates": [ [ [ -90.513381626384628, 14.64780622971621 ], [ -90.513365973850995, 14.647911828934124 ] ], [ [ -90.513365973850995, 14.647911828934124 ], [ -90.513359643413011, 14.647891399770952 ] ], [ [ -90.513365973850995, 14.647911828934124 ], [ -90.513377978697818, 14.647893975940184 ] ] ] } },
{ "type": "Feature", "properties": { "kind": "L2", "value": "11.228266929020712", "building_uid": "2779" }, "geometry": { "type": "MultiLineString", "coordinates": [ [ [ -90.513362233707056, 14.647691836797737 ], [ -90.513345840753317, 14.647792003631416 ] ], [ [ -90.513345840753317, 14.647792003631416 ], [ -90.513340116144576, 14.647772498219055 ] ], [ [ -90.513345840753317, 14.647792003631416 ], [ -90.513357508190197, 14.647775196251558 ] ] ] } },
{ "type": "Feature", "properties": { "kind": "L2", "value": "12.280648181226775", "building_uid": "2780" }, "geometry": { "type": "MultiLineString", "coordinates": [ [ [ -90.513373182023415, 14.647921636475902 ], [ -90.513357519679573, 14.648031520514465 ] ], [ [ -90.513357519679573, 14.648031520514465 ], [ -90.513350819026101, 14.648010313871396 ] ], [ [ -90.513357519679573, 14.648031520514465 ], [ -90.513369898298563, 14.648012891653888 ] ] ] } },
{ "type": "Feature", "properties": { "kind": "L2", "value": "9.54515736875205", "building_uid": "2781" }, "geometry": { "type": "MultiLineString", "coordinates": [ [ [ -90.513300153248878, 14.648189585904392 ], [ -90.513212336975727, 14.648178404273217 ] ], [ [ -90.513212336975727, 14.648178404273217 ], [ -90.513229225429455, 14.648173204476672 ] ], [ [ -90.513212336975727, 14.648178404273217 ], [ -90.513227283948652, 14.648187657674228 ] ] ] } },
{ "type": "Feature", "properties": { "kind": "L2", "value": "9.278706713535165", "building_uid": "2782" }, "geometry": { "type": "MultiLineString", "coordinates": [ [ [ -90.513385359497477, 14.64820215522111 ], [ -90.513300089391024, 14.648190601838914 ] ], [ [ -90.513300089391024, 14.648190601838914 ], [ -90.513316548596407, 14.64818567895658 ] ], [ [ -90.513300089391024, 14.648190601838914 ], [ -90.513314542568068, 14.648199713093762 ] ] ] } },
{ "type": "Feature", "properties": { "kind": "L2", "value": "14.256385043514564", "building_uid": "2785" }, "geometry": { "type": "MultiLineString", "coordinates": [ [ [ -90.513521424071627, 14.648186241825639 ], [ -90.513391340496653, 14.648162886656928 ] ], [ [ -90.513391340496653, 14.648162886656928 ], [ -90.513416947238696, 14.648156415185868 ] ], [ [ -90.513391340496653, 14.648162886656928 ], [ -90.513412892051292, 14.648177824926611 ] ] ] } },
{ "type": "Feature", "properties": { "kind": "L2", "value": "12.890405379864552", "building_uid": "2786" }, "geometry": { "type": "MultiLineString", "coordinates": [ [ [ -90.512632905942382, 14.648047970177741 ], [ -90.512514597028044, 14.648030889471579 ] ], [ [ -90.512514597028044, 14.648030889471579 ], [ -90.512537524755487, 14.648024249638006 ] ], [ [ -90.512514597028044, 14.648030889471579 ], [ -90.512534559012352, 14.648043721464431 ] ] ] } },
{ "type": "Feature", "properties": { "kind": "L2", "value": "8.098113983433484", "building_uid": "2787" }, "geometry": { "type": "MultiLineString", "coordinates": [ [ [ -90.512756186741797, 14.64701183408437 ], [ -90.512681647277574, 14.647002623709875 ] ], [ [ -90.512681647277574, 14.647002623709875 ], [ -90.512695958016238, 14.646998159144729 ] ], [ [ -90.512681647277574, 14.647002623709875 ], [ -90.512694358816105, 14.647010427252059 ] ] ] } },
{ "type": "Feature", "properties": { "kind": "L2", "value": "9.716277736827871", "building_uid": "2788" }, "geometry": { "type": "MultiLineString", "coordinates": [ [ [ -90.512852906183525, 14.646971478491539 ], [ -90.512763528152448, 14.646960007121473 ] ], [ [ -90.512763528152448, 14.646960007121473 ], [ -90.512780724841051, 14.646954731281577 ] ], [ [ -90.512763528152448, 14.646960007121473 ], [ -90.512778733063726, 14.646969441603051 ] ] ] } },
{ "type": "Feature", "properties": { "kind": "L2", "value": "9.912953830581337", "building_uid": "2789" }, "geometry": { "type": "MultiLineString", "coordinates": [ [ [ -90.512945102723776, 14.646983258569088 ], [ -90.512856098355243, 14.646960679459951 ] ], [ [ -90.512856098355243, 14.646960679459951 ], [ -90.512874191631624, 14.64695744777603 ] ], [ [ -90.512856098355243, 14.646960679459951 ], [ -90.512870271216116, 14.646972096597457 ] ] ] } },
{ "type": "Feature", "properties": { "kind": "L2", "value": "9.502611621553338", "building_uid": "2790" }, "geometry": { "type": "MultiLineString", "coordinates": [ [ [ -90.513092519369351, 14.647028270249743 ], [ -90.513089827771111, 14.647114071932432 ] ], [ [ -90.513089827771111, 14.647114071932432 ], [ -90.513082866771541, 14.64709829788675 ] ], [ [ -90.513089827771111, 14.647114071932432 ], [ -90.513097764538443, 14.647098740884745 ] ] ] } },
{ "type": "Feature", "properties": { "kind": "L2", "value": "12.441185045758068", "building_uid": "2791" }, "geometry": { "type": "MultiLineString", "coordinates": [ [ [ -90.512997879927951, 14.647110702137594 ], [ -90.512980971273706, 14.647221877146775 ] ], [ [ -90.512980971273706, 14.647221877146775 ], [ -90.512974384488373, 14.647200333933368 ] ], [ [ -90.512980971273706, 14.647221877146775 ], [ -90.512993687841103, 14.647203116849903 ] ] ] } },
{ "type": "Feature", "properties": { "kind": "L2", "value": "5.938427069760158", "building_uid": "2850" }, "geometry": { "type": "MultiLineString", "coordinates": [ [ [ -90.512295005630946, 14.647113294591531 ], [ -90.512292442429683, 14.647166881169998 ] ], [ [ -90.512292442429683, 14.647166881169998 ], [ -90.512288254913244, 14.647156957050617 ] ], [ [ -90.512292442429683, 14.647166881169998 ], [ -90.512297559166356, 14.647157378916015 ] ] ] } },
{ "type": "Feature", "properties": { "kind": "L2", "value": "8.68641677126081", "building_uid": "2792" }, "geometry": { "type": "MultiLineString", "coordinates": [ [ [ -90.513141665559658, 14.646913955358018 ], [ -90.513092679791697, 14.64697626680714 ] ], [ [ -90.513092679791697, 14.64697626680714 ], [ -90.513096149458278, 14.646960940965185 ] ], [ [ -90.513092679791697, 14.64697626680714 ], [ -90.513106968602798, 14.6469690033106 ] ] ] } },
{ "type": "Feature", "properties": { "kind": "L2", "value": "12.736644508401872", "building_uid": "2793" }, "geometry": { "type": "MultiLineString", "coordinates": [ [ [ -90.512969242500077, 14.647220234293529 ], [ -90.512954374314887, 14.647334376298028 ] ], [ [ -90.512954374314887, 14.647334376298028 ], [ -90.51294716008556, 14.647312463198604 ] ], [ [ -90.512954374314887, 14.647334376298028 ], [ -90.512966978608915, 14.647314910282695 ] ] ] } },
{ "type": "Feature", "properties": { "kind": "L2", "value": "10.05060269422478", "building_uid": "2794" }, "geometry": { "type": "MultiLineString", "coordinates": [ [ [ -90.512951831353675, 14.647339397295999 ], [ -90.51293945604057, 14.647429386228314 ] ], [ [ -90.51293945604057, 14.647429386228314 ], [ -90.512933886799019, 14.647412056297933 ] ], [ [ -90.51293945604057, 14.647429386228314 ], [ -90.512949511621684, 14.647414093090839 ] ] ] } },
{ "type": "Feature", "properties": { "kind": "L2", "value": "18.97351460155789", "building_uid": "2885" }, "geometry": { "type": "MultiLineString", "coordinates": [ [ [ -90.51325563198543, 14.645439565484713 ], [ -90.51322307094722, 14.64560800514735 ] ], [ [ -90.51322307094722, 14.64560800514735 ], [ -90.513214350010614, 14.645574793957101 ] ], [ [ -90.51322307094722, 14.64560800514735 ], [ -90.513243596023784, 14.645580153067749 ] ] ] } },
{ "type": "Feature", "properties": { "kind": "L2", "value": "11.029440899652466", "building_uid": "2795" }, "geometry": { "type": "MultiLineString", "coordinates": [ [ [ -90.512944072903466, 14.647430363295546 ], [ -90.512928657581639, 14.647528860678889 ] ], [ [ -90.512928657581639, 14.647528860678889 ], [ -90.512922900710052, 14.647509738323862 ] ], [ [ -90.512928657581639, 14.647528860678889 ], [ -90.512940002866955, 14.647512275455995 ] ] ] } },
{ "type": "Feature", "properties": { "kind": "L2", "value": "12.954290248422588", "building_uid": "2796" }, "geometry": { "type": "MultiLineString", "coordinates": [ [ [ -90.512451164631727, 14.648012745769446 ], [ -90.512433365788155, 14.648128477910825 ] ], [ [ -90.512433365788155, 14.648128477910825 ], [ -90.51242654468993, 14.648106035414608 ] ], [ [ -90.512433365788155, 14.648128477910825 ], [ -90.512446639383029, 14.648108964831041 ] ] ] } },
{ "type": "Feature", "properties": { "kind": "L2", "value": "9.08185962944207", "building_uid": "2797" }, "geometry": { "type": "MultiLineString", "coordinates": [ [ [ -90.512461507142049, 14.647931218889632 ], [ -90.5124529756756, 14.648012838114717 ] ], [ [ -90.5124529756756, 14.648012838114717 ], [ -90.512447436291069, 14.647997341612394 ] ], [ [ -90.5124529756756, 14.648012838114717 ], [ -90.512461607915682, 14.647998745761395 ] ] ] } },
{ "type": "Feature", "properties": { "kind": "L2", "value": "6.349969416626876", "building_uid": "2798" }, "geometry": { "type": "MultiLineString", "coordinates": [ [ [ -90.512522037417611, 14.647875757287741 ], [ -90.5125165222004, 14.647932867733621 ] ], [ [ -90.5125165222004, 14.647932867733621 ], [ -90.512512563828551, 14.647922061944929 ] ], [ [ -90.5125165222004, 14.647932867733621 ], [ -90.512522479966805, 14.647922969665611 ] ] ] } },
{ "type": "Feature", "properties": { "kind": "L2", "value": "5.637101823705563", "building_uid": "2800" }, "geometry": { "type": "MultiLineString", "coordinates": [ [ [ -90.512900158026937, 14.647851851096744 ], [ -90.512893889746692, 14.647902406739638 ] ], [ [ -90.512893889746692, 14.647902406739638 ], [ -90.512890636934955, 14.647892727113367 ] ], [ [ -90.512893889746692, 14.647902406739638 ], [ -90.512899414955669, 14.647893758776821 ] ] ] } },
{ "type": "Feature", "properties": { "kind": "L2", "value": "7.251335590896442", "building_uid": "2801" }, "geometry": { "type": "MultiLineString", "coordinates": [ [ [ -90.512906731621825, 14.647903049857616 ], [ -90.512896001981105, 14.647967716334836 ] ], [ [ -90.512896001981105, 14.647967716334836 ], [ -90.512892332802977, 14.647955111821044 ] ], [ [ -90.512896001981105, 14.647967716334836 ], [ -90.512903560903467, 14.647956877756029 ] ] ] } },
{ "type": "Feature", "properties": { "kind": "L2", "value": "11.829898964991683", "building_uid": "2803" }, "geometry": { "type": "MultiLineString", "coordinates": [ [ [ -90.512935247978874, 14.64808890223671 ], [ -90.512922485715819, 14.648195042607609 ] ], [ [ -90.512922485715819, 14.648195042607609 ], [ -90.512915584390186, 14.648174753202788 ] ], [ [ -90.512922485715819, 14.648195042607609 ], [ -90.512934013660015, 14.648176853674737 ] ] ] } },
{ "type": "Feature", "properties": { "kind": "L2", "value": "12.20498659629467", "building_uid": "2804" }, "geometry": { "type": "MultiLineString", "coordinates": [ [ [ -90.512950834969615, 14.64797862077954 ], [ -90.512941128873052, 14.64808846859134 ] ], [ [ -90.512941128873052, 14.64808846859134 ], [ -90.512933351722936, 14.648067758668441 ] ], [ [ -90.512941128873052, 14.64808846859134 ], [ -90.51295242471042, 14.648069356143399 ] ] ] } },
{ "type": "Feature", "properties": { "kind": "L2", "value": "12.586119769241913", "building_uid": "2805" }, "geometry": { "type": "MultiLineString", "coordinates": [ [ [ -90.512562592410447, 14.647693271712196 ], [ -90.512545821091592, 14.647805789546457 ] ], [ [ -90.512545821091592, 14.647805789546457 ], [ -90.512539092808765, 14.647784014235882 ] ], [ [ -90.512545821091592, 14.647805789546457 ], [ -90.512558629369295, 14.647786774541606 ] ] ] } },
{ "type": "Feature", "properties": { "kind": "L2", "value": "7.431661073227653", "building_uid": "2806" }, "geometry": { "type": "MultiLineString", "coordinates": [ [ [ -90.512531397938886, 14.64780422733709 ], [ -90.512520963431555, 14.647870587984686 ] ], [ [ -90.512520963431555, 14.647870587984686 ], [ -90.51251709367952, 14.64785770066975 ] ], [ [ -90.512520963431555, 14.647870587984686 ], [ -90.512528615935196, 14.647859418031086 ] ] ] } },
{ "type": "Feature", "properties": { "kind": "L2", "value": "8.910975930614486", "building_uid": "2807" }, "geometry": { "type": "MultiLineString", "coordinates": [ [ [ -90.51257371978356, 14.647606247259095 ], [ -90.512560033434852, 14.647685633844691 ] ], [ [ -90.512560033434852, 14.647685633844691 ], [ -90.512555622270668, 14.647670117825133 ] ], [ [ -90.512560033434852, 14.647685633844691 ], [ -90.512569406219072, 14.647672370392186 ] ] ] } },
{ "type": "Feature", "properties": { "kind": "L2", "value": "16.433590004275523", "building_uid": "2808" }, "geometry": { "type": "MultiLineString", "coordinates": [ [ [ -90.51268968068284, 14.646936570321552 ], [ -90.512538357873083, 14.646918339014054 ] ], [ [ -90.512538357873083, 14.646918339014054 ], [ -90.512567369632549, 14.646909190889646 ] ], [ [ -90.512538357873083, 14.646918339014054 ], [ -90.512564204123549, 14.646934096422843 ] ] ] } },
{ "type": "Feature", "properties": { "kind": "L2", "value": "7.219901301344711", "building_uid": "2809" }, "geometry": { "type": "MultiLineString", "coordinates": [ [ [ -90.51258588627914, 14.647033858163285 ], [ -90.51257779408877, 14.647098601392354 ] ], [ [ -90.51257779408877, 14.647098601392354 ], [ -90.512573640201481, 14.647086200005688 ] ], [ [ -90.51257779408877, 14.647098601392354 ], [ -90.512584881583351, 14.647087531862013 ] ] ] } },
{ "type": "Feature", "properties": { "kind": "L2", "value": "7.987616286201218", "building_uid": "2810" }, "geometry": { "type": "MultiLineString", "coordinates": [ [ [ -90.512590409198566, 14.647100166302208 ], [ -90.512583189521223, 14.647171979092658 ] ], [ [ -90.512583189521223, 14.647171979092658 ], [ -90.512578263734028, 14.647158368067881 ] ], [ [ -90.512583189521223, 14.647171979092658 ], [ -90.512590732609638, 14.647159556320997 ] ] ] } },
{ "type": "Feature", "properties": { "kind": "L2", "value": "4.1693874394913175", "building_uid": "2811" }, "geometry": { "type": "MultiLineString", "coordinates": [ [ [ -90.51258531791521, 14.647172109778205 ], [ -90.512581218825687, 14.647209561824981 ] ], [ [ -90.512581218825687, 14.647209561824981 ], [ -90.512578710427704, 14.647202435883747 ] ], [ [ -90.512581218825687, 14.647209561824981 ], [ -90.512585213238765, 14.647203110533564 ] ] ] } },
{ "type": "Feature", "properties": { "kind": "L2", "value": "7.626505408727129", "building_uid": "2812" }, "geometry": { "type": "MultiLineString", "coordinates": [ [ [ -90.512642668896376, 14.647302704835749 ], [ -90.512629347895555, 14.647370366963521 ] ], [ [ -90.512629347895555, 14.647370366963521 ], [ -90.512625888379006, 14.647357006201306 ] ], [ [ -90.512629347895555, 14.647370366963521 ], [ -90.5126376365846, 14.64735919864064 ] ] ] } },
{ "type": "Feature", "properties": { "kind": "L2", "value": "7.843611438500402", "building_uid": "2813" }, "geometry": { "type": "MultiLineString", "coordinates": [ [ [ -90.512646860191751, 14.647217328875346 ], [ -90.512638729043374, 14.647287740352862 ] ], [ [ -90.512638729043374, 14.647287740352862 ], [ -90.512634090122802, 14.647274308325249 ] ], [ [ -90.512638729043374, 14.647287740352862 ], [ -90.512646315694582, 14.647275646592393 ] ] ] } },
{ "type": "Feature", "properties": { "kind": "L2", "value": "8.781773442071964", "building_uid": "2814" }, "geometry": { "type": "MultiLineString", "coordinates": [ [ [ -90.512545860144044, 14.647521431782872 ], [ -90.512531661993904, 14.647599548105871 ] ], [ [ -90.512531661993904, 14.647599548105871 ], [ -90.512527453880622, 14.647584220218235 ] ], [ [ -90.512531661993904, 14.647599548105871 ], [ -90.512541017267054, 14.647586557021013 ] ] ] } },
{ "type": "Feature", "properties": { "kind": "L2", "value": "6.391362364340799", "building_uid": "2815" }, "geometry": { "type": "MultiLineString", "coordinates": [ [ [ -90.51251277567188, 14.647456464305915 ], [ -90.512497458593728, 14.647512241393981 ] ], [ [ -90.512497458593728, 14.647512241393981 ], [ -90.512495392688308, 14.647500870671156 ] ], [ [ -90.512497458593728, 14.647512241393981 ], [ -90.512505077295557, 14.647503391633384 ] ] ] } },
{ "type": "Feature", "properties": { "kind": "L2", "value": "9.968183896931828", "building_uid": "2816" }, "geometry": { "type": "MultiLineString", "coordinates": [ [ [ -90.512622359764151, 14.647369297299711 ], [ -90.512608051782493, 14.647458260666362 ] ], [ [ -90.512608051782493, 14.647458260666362 ], [ -90.512602921893262, 14.647440957587543 ] ], [ [ -90.512608051782493, 14.647458260666362 ], [ -90.512618368648504, 14.647443312468642 ] ] ] } },
{ "type": "Feature", "properties": { "kind": "L2", "value": "23.610043967351928", "building_uid": "2818" }, "geometry": { "type": "MultiLineString", "coordinates": [ [ [ -90.51291617988521, 14.647526605757179 ], [ -90.51287764734866, 14.647736561339919 ] ], [ [ -90.51287764734866, 14.647736561339919 ], [ -90.512866404455181, 14.647695333525755 ] ], [ [ -90.51287764734866, 14.647736561339919 ], [ -90.51290285919373, 14.64770167540407 ] ] ] } },
{ "type": "Feature", "properties": { "kind": "L2", "value": "6.439456912090371", "building_uid": "2819" }, "geometry": { "type": "MultiLineString", "coordinates": [ [ [ -90.513014336213047, 14.647757453464973 ], [ -90.513004180445378, 14.647814777693382 ] ], [ [ -90.513004180445378, 14.647814777693382 ], [ -90.513001044670219, 14.647803551271847 ] ], [ [ -90.513004180445378, 14.647814777693382 ], [ -90.513010997922251, 14.647805222757206 ] ] ] } },
{ "type": "Feature", "properties": { "kind": "L2", "value": "8.835870616041372", "building_uid": "2820" }, "geometry": { "type": "MultiLineString", "coordinates": [ [ [ -90.511990072578953, 14.647954089223541 ], [ -90.511909040681502, 14.647941967150068 ] ], [ [ -90.511909040681502, 14.647941967150068 ], [ -90.511924781032519, 14.647937496113469 ] ], [ [ -90.511909040681502, 14.647941967150068 ], [ -90.511922676264248, 14.64795083272247 ] ] ] } },
{ "type": "Feature", "properties": { "kind": "L2", "value": "13.781671191968039", "building_uid": "2821" }, "geometry": { "type": "MultiLineString", "coordinates": [ [ [ -90.511793684007287, 14.647917181848154 ], [ -90.511774665930986, 14.648040293612413 ] ], [ [ -90.511774665930986, 14.648040293612413 ], [ -90.511767425171683, 14.6480164131401 ] ], [ [ -90.511774665930986, 14.648040293612413 ], [ -90.511788801187592, 14.648019543224915 ] ] ] } },
{ "type": "Feature", "properties": { "kind": "L2", "value": "10.741556433194349", "building_uid": "2851" }, "geometry": { "type": "MultiLineString", "coordinates": [ [ [ -90.512333763286421, 14.647168608779371 ], [ -90.512333774024398, 14.647265642405427 ] ], [ [ -90.512333774024398, 14.647265642405427 ], [ -90.512325348086762, 14.647248054822615 ] ], [ [ -90.512333774024398, 14.647265642405427 ], [ -90.512342196070378, 14.647248053055677 ] ] ] } },
{ "type": "Feature", "properties": { "kind": "L2", "value": "10.071832252767697", "building_uid": "2822" }, "geometry": { "type": "MultiLineString", "coordinates": [ [ [ -90.51180705804363, 14.647826026504779 ], [ -90.511790231428492, 14.647915523099313 ] ], [ [ -90.511790231428492, 14.647915523099313 ], [ -90.511785511762142, 14.647897916104965 ] ], [ [ -90.511790231428492, 14.647915523099313 ], [ -90.511801051134796, 14.647900685509796 ] ] ] } },
{ "type": "Feature", "properties": { "kind": "L2", "value": "13.143534072938595", "building_uid": "2824" }, "geometry": { "type": "MultiLineString", "coordinates": [ [ [ -90.512126990872247, 14.647969716595771 ], [ -90.512118565911123, 14.648088164737869 ] ], [ [ -90.512118565911123, 14.648088164737869 ], [ -90.512109809898519, 14.64806600133322 ] ], [ [ -90.512118565911123, 14.648088164737869 ], [ -90.512130376169949, 14.64806738795307 ] ] ] } },
{ "type": "Feature", "properties": { "kind": "L2", "value": "11.146156812774537", "building_uid": "2825" }, "geometry": { "type": "MultiLineString", "coordinates": [ [ [ -90.51228518893187, 14.648057973010834 ], [ -90.512184677790614, 14.648034265433488 ] ], [ [ -90.512184677790614, 14.648034265433488 ], [ -90.512204954780643, 14.648030291415674 ] ], [ [ -90.512184677790614, 14.648034265433488 ], [ -90.512200838408148, 14.64804683400199 ] ] ] } },
{ "type": "Feature", "properties": { "kind": "L2", "value": "8.106592955424887", "building_uid": "2826" }, "geometry": { "type": "MultiLineString", "coordinates": [ [ [ -90.512234602748634, 14.647570060659241 ], [ -90.512222214551088, 14.647642291316135 ] ], [ [ -90.512222214551088, 14.647642291316135 ], [ -90.51221818932747, 14.64762817921924 ] ], [ [ -90.512222214551088, 14.647642291316135 ], [ -90.512230730784523, 14.647630218130491 ] ] ] } },
{ "type": "Feature", "properties": { "kind": "L2", "value": "10.70244869992239", "building_uid": "2827" }, "geometry": { "type": "MultiLineString", "coordinates": [ [ [ -90.512192361085908, 14.647742891387104 ], [ -90.512173421380041, 14.647837796934315 ] ], [ [ -90.512173421380041, 14.647837796934315 ], [ -90.512168615158473, 14.647819035612944 ] ], [ [ -90.512173421380041, 14.647837796934315 ], [ -90.512185093686341, 14.647822152801536 ] ] ] } },
{ "type": "Feature", "properties": { "kind": "L2", "value": "10.101711141275466", "building_uid": "2889" }, "geometry": { "type": "MultiLineString", "coordinates": [ [ [ -90.513291385178121, 14.645619187226758 ], [ -90.513275163610899, 14.645709063794907 ] ], [ [ -90.513275163610899, 14.645709063794907 ], [ -90.513270301364543, 14.645691437703169 ] ], [ [ -90.513275163610899, 14.645709063794907 ], [ -90.513285906553321, 14.64569410755354 ] ] ] } },
{ "type": "Feature", "properties": { "kind": "L2", "value": "6.753162926508255", "building_uid": "2829" }, "geometry": { "type": "MultiLineString", "coordinates": [ [ [ -90.511875229888943, 14.647756642884515 ], [ -90.511866891650328, 14.64781710484931 ] ], [ [ -90.511866891650328, 14.64781710484931 ], [ -90.511863154023104, 14.647805459245607 ] ], [ [ -90.511866891650328, 14.64781710484931 ], [ -90.51187365208294, 14.647806831593284 ] ] ] } },
{ "type": "Feature", "properties": { "kind": "L2", "value": "6.502998462170228", "building_uid": "2830" }, "geometry": { "type": "MultiLineString", "coordinates": [ [ [ -90.511879920749578, 14.647698004956633 ], [ -90.511872195828644, 14.647756266195433 ] ], [ [ -90.511872195828644, 14.647756266195433 ], [ -90.511868538088763, 14.647745069969968 ] ], [ [ -90.511872195828644, 14.647756266195433 ], [ -90.511878654031946, 14.647746341375202 ] ] ] } },
{ "type": "Feature", "properties": { "kind": "L2", "value": "11.84280401672199", "building_uid": "2832" }, "geometry": { "type": "MultiLineString", "coordinates": [ [ [ -90.512199859633355, 14.647871846837804 ], [ -90.512186458427422, 14.647978029935015 ] ], [ [ -90.512186458427422, 14.647978029935015 ], [ -90.512179669217559, 14.647957680204392 ] ], [ [ -90.512186458427422, 14.647978029935015 ], [ -90.512198105887506, 14.647959885838688 ] ] ] } },
{ "type": "Feature", "properties": { "kind": "L2", "value": "10.707381563396645", "building_uid": "2833" }, "geometry": { "type": "MultiLineString", "coordinates": [ [ [ -90.512224276967075, 14.64764939652067 ], [ -90.512203992258975, 14.64774408375888 ] ], [ [ -90.512203992258975, 14.64774408375888 ], [ -90.512199448790838, 14.647725251324365 ] ], [ [ -90.512203992258975, 14.64774408375888 ], [ -90.512215889406392, 14.647728589881364 ] ] ] } },
{ "type": "Feature", "properties": { "kind": "L2", "value": "5.855650071539081", "building_uid": "2834" }, "geometry": { "type": "MultiLineString", "coordinates": [ [ [ -90.512246733246769, 14.647518459270325 ], [ -90.512239593412929, 14.647570897417928 ] ], [ [ -90.512239593412929, 14.647570897417928 ], [ -90.512236335156913, 14.647560804842808 ] ], [ [ -90.512239593412929, 14.647570897417928 ], [ -90.5122454400246, 14.647561979952508 ] ] ] } },
{ "type": "Feature", "properties": { "kind": "L2", "value": "11.479179674395743", "building_uid": "2835" }, "geometry": { "type": "MultiLineString", "coordinates": [ [ [ -90.512174733817076, 14.646882732801991 ], [ -90.512070033110248, 14.646863710542826 ] ], [ [ -90.512070033110248, 14.646863710542826 ], [ -90.512090662740633, 14.646858542441544 ] ], [ [ -90.512070033110248, 14.646863710542826 ], [ -90.512087359902225, 14.646875774659293 ] ] ] } },
{ "type": "Feature", "properties": { "kind": "L2", "value": "7.997196771888727", "building_uid": "2836" }, "geometry": { "type": "MultiLineString", "coordinates": [ [ [ -90.512395551067172, 14.646782554288574 ], [ -90.512380190473309, 14.646853231893747 ] ], [ [ -90.512380190473309, 14.646853231893747 ], [ -90.512376838882062, 14.646839156695012 ] ], [ [ -90.512380190473309, 14.646853231893747 ], [ -90.512389110636974, 14.646841684827185 ] ] ] } },
{ "type": "Feature", "properties": { "kind": "L2", "value": "10.619972292204613", "building_uid": "2837" }, "geometry": { "type": "MultiLineString", "coordinates": [ [ [ -90.51238214375114, 14.646870405760628 ], [ -90.512369767958106, 14.646965581390976 ] ], [ [ -90.512369767958106, 14.646965581390976 ], [ -90.512363748536913, 14.646947311269914 ] ], [ [ -90.512369767958106, 14.646965581390976 ], [ -90.512380273893044, 14.646949348146252 ] ] ] } },
{ "type": "Feature", "properties": { "kind": "L2", "value": "12.900388097017457", "building_uid": "2838" }, "geometry": { "type": "MultiLineString", "coordinates": [ [ [ -90.512312938195507, 14.646886404254694 ], [ -90.512195637576937, 14.646863213673129 ] ], [ [ -90.512195637576937, 14.646863213673129 ], [ -90.512218912959625, 14.646857764248061 ] ], [ [ -90.512195637576937, 14.646863213673129 ], [ -90.512214886374551, 14.646877070228221 ] ] ] } },
{ "type": "Feature", "properties": { "kind": "L2", "value": "11.475826318174478", "building_uid": "2839" }, "geometry": { "type": "MultiLineString", "coordinates": [ [ [ -90.512346662766873, 14.646966666134395 ], [ -90.512373314625677, 14.647067032728929 ] ], [ [ -90.512373314625677, 14.647067032728929 ], [ -90.512359770330832, 14.647051033377 ] ], [ [ -90.512373314625677, 14.647067032728929 ], [ -90.512377197002976, 14.647046646870038 ] ] ] } },
{ "type": "Feature", "properties": { "kind": "L2", "value": "9.403917675516746", "building_uid": "2840" }, "geometry": { "type": "MultiLineString", "coordinates": [ [ [ -90.5120745400787, 14.646834935309391 ], [ -90.511987933828394, 14.646824611250933 ] ], [ [ -90.511987933828394, 14.646824611250933 ], [ -90.512004528495282, 14.646819355540273 ] ], [ [ -90.511987933828394, 14.646824611250933 ], [ -90.512002735927041, 14.646833609676008 ] ] ] } },
{ "type": "Feature", "properties": { "kind": "L2", "value": "10.809988194606989", "building_uid": "2841" }, "geometry": { "type": "MultiLineString", "coordinates": [ [ [ -90.511878893417347, 14.646725788013242 ], [ -90.51193372809648, 14.646807553862084 ] ], [ [ -90.51193372809648, 14.646807553862084 ], [ -90.511916690172356, 14.646797245356698 ] ], [ [ -90.51193372809648, 14.646807553862084 ], [ -90.511930887176064, 14.646788220358051 ] ] ] } },
{ "type": "Feature", "properties": { "kind": "L2", "value": "7.3622435669718005", "building_uid": "2842" }, "geometry": { "type": "MultiLineString", "coordinates": [ [ [ -90.511876253147307, 14.646846687117169 ], [ -90.511892961986831, 14.646911173494233 ] ], [ [ -90.511892961986831, 14.646911173494233 ], [ -90.511884334928538, 14.646900859609422 ] ], [ [ -90.511892961986831, 14.646911173494233 ], [ -90.511895531703516, 14.64689810957662 ] ] ] } },
{ "type": "Feature", "properties": { "kind": "L2", "value": "9.54636242333903", "building_uid": "2843" }, "geometry": { "type": "MultiLineString", "coordinates": [ [ [ -90.511945269228917, 14.646927649055613 ], [ -90.511934854141259, 14.647013287655483 ] ], [ [ -90.511934854141259, 14.647013287655483 ], [ -90.511929307275423, 14.646996907583462 ] ], [ [ -90.511934854141259, 14.647013287655483 ], [ -90.51194417671924, 14.646998621755637 ] ] ] } },
{ "type": "Feature", "properties": { "kind": "L2", "value": "5.078801090037219", "building_uid": "2844" }, "geometry": { "type": "MultiLineString", "coordinates": [ [ [ -90.511979628169811, 14.647020732295731 ], [ -90.511971682963733, 14.647065954702954 ] ], [ [ -90.511971682963733, 14.647065954702954 ], [ -90.511969197136537, 14.64705710378659 ] ], [ [ -90.511971682963733, 14.647065954702954 ], [ -90.511977049112531, 14.647058411451473 ] ] ] } },
{ "type": "Feature", "properties": { "kind": "L2", "value": "7.0756277008952475", "building_uid": "2845" }, "geometry": { "type": "MultiLineString", "coordinates": [ [ [ -90.511887703439697, 14.647197795604724 ], [ -90.511875114180611, 14.64726052690183 ] ], [ [ -90.511875114180611, 14.64726052690183 ], [ -90.511871950101224, 14.647248120126072 ] ], [ [ -90.511875114180611, 14.64726052690183 ], [ -90.511882842158997, 14.647250192132553 ] ] ] } },
{ "type": "Feature", "properties": { "kind": "L2", "value": "15.904632339289858", "building_uid": "2846" }, "geometry": { "type": "MultiLineString", "coordinates": [ [ [ -90.511904800765095, 14.647054545574873 ], [ -90.511872837743823, 14.647194809035719 ] ], [ [ -90.511872837743823, 14.647194809035719 ], [ -90.511866454422105, 14.647166754340157 ] ], [ [ -90.511872837743823, 14.647194809035719 ], [ -90.511890808408097, 14.647172014985802 ] ] ] } },
{ "type": "Feature", "properties": { "kind": "L2", "value": "9.903259357493049", "building_uid": "2847" }, "geometry": { "type": "MultiLineString", "coordinates": [ [ [ -90.511908377861758, 14.647285023729893 ], [ -90.511883759428073, 14.647371213932377 ] ], [ [ -90.511883759428073, 14.647371213932377 ], [ -90.511880739184022, 14.647353565047606 ] ], [ [ -90.511883759428073, 14.647371213932377 ], [ -90.511895704427189, 14.64735761687718 ] ] ] } },
{ "type": "Feature", "properties": { "kind": "L2", "value": "12.232879837263797", "building_uid": "2848" }, "geometry": { "type": "MultiLineString", "coordinates": [ [ [ -90.511953111926275, 14.647482449698579 ], [ -90.511942116605567, 14.647592435387876 ] ], [ [ -90.511942116605567, 14.647592435387876 ], [ -90.511934561194309, 14.647571594377787 ] ], [ [ -90.511942116605567, 14.647592435387876 ], [ -90.511953658077843, 14.647573404043394 ] ] ] } },
{ "type": "Feature", "properties": { "kind": "L2", "value": "6.436105045686797", "building_uid": "2849" }, "geometry": { "type": "MultiLineString", "coordinates": [ [ [ -90.51187027876162, 14.647437058094932 ], [ -90.511859177509194, 14.647494185046332 ] ], [ [ -90.511859177509194, 14.647494185046332 ], [ -90.511856230248142, 14.647482916575976 ] ], [ [ -90.511859177509194, 14.647494185046332 ], [ -90.511866149232119, 14.647484743676474 ] ] ] } },
{ "type": "Feature", "properties": { "kind": "L2", "value": "7.408959829382299", "building_uid": "2853" }, "geometry": { "type": "MultiLineString", "coordinates": [ [ [ -90.512272762251939, 14.64744484858265 ], [ -90.51226770644017, 14.647511596006829 ] ], [ [ -90.51226770644017, 14.647511596006829 ], [ -90.512262828168545, 14.647499081209142 ] ], [ [ -90.51226770644017, 14.647511596006829 ], [ -90.5122744175614, 14.647499913320395 ] ] ] } },
{ "type": "Feature", "properties": { "kind": "L2", "value": "8.176958926557363", "building_uid": "2854" }, "geometry": { "type": "MultiLineString", "coordinates": [ [ [ -90.512214092494887, 14.64735049574281 ], [ -90.512207407293062, 14.647424074806102 ] ], [ [ -90.512207407293062, 14.647424074806102 ], [ -90.512202231279346, 14.647410187607994 ] ], [ [ -90.512207407293062, 14.647424074806102 ], [ -90.512215006848294, 14.647411287893018 ] ] ] } },
{ "type": "Feature", "properties": { "kind": "L2", "value": "7.006095335461958", "building_uid": "2855" }, "geometry": { "type": "MultiLineString", "coordinates": [ [ [ -90.511895420690152, 14.647371276293599 ], [ -90.511882625555046, 14.647433327570404 ] ], [ [ -90.511882625555046, 14.647433327570404 ], [ -90.511879557824827, 14.647421027114959 ] ], [ [ -90.511882625555046, 14.647433327570404 ], [ -90.511890331819046, 14.647423133003905 ] ] ] } },
{ "type": "Feature", "properties": { "kind": "L2", "value": "7.387905460089484", "building_uid": "2856" }, "geometry": { "type": "MultiLineString", "coordinates": [ [ [ -90.511804898260195, 14.647621437944855 ], [ -90.511794355923897, 14.647687382404275 ] ], [ [ -90.511794355923897, 14.647687382404275 ], [ -90.511790541853486, 14.64767456165402 ] ], [ [ -90.511794355923897, 14.647687382404275 ], [ -90.511801991836379, 14.647676296763825 ] ] ] } },
{ "type": "Feature", "properties": { "kind": "L2", "value": "14.374653227049546", "building_uid": "750" }, "geometry": { "type": "MultiLineString", "coordinates": [ [ [ -90.514902197380238, 14.643155548603701 ], [ -90.514882746618824, 14.643284013661749 ] ], [ [ -90.514882746618824, 14.643284013661749 ], [ -90.514875119785103, 14.64325912720118 ] ], [ [ -90.514882746618824, 14.643284013661749 ], [ -90.514897424808595, 14.643262328569783 ] ] ] } },
{ "type": "Feature", "properties": { "kind": "L2", "value": "6.216558643733631", "building_uid": "2858" }, "geometry": { "type": "MultiLineString", "coordinates": [ [ [ -90.512050826862563, 14.645973910895194 ], [ -90.512042656296543, 14.646029501757717 ] ], [ [ -90.512042656296543, 14.646029501757717 ], [ -90.512039311203182, 14.646018752890257 ] ], [ [ -90.512042656296543, 14.646029501757717 ], [ -90.512048963409953, 14.64602009765262 ] ] ] } },
{ "type": "Feature", "properties": { "kind": "L2", "value": "15.359605862805694", "building_uid": "2859" }, "geometry": { "type": "MultiLineString", "coordinates": [ [ [ -90.512630112123858, 14.6465663120944 ], [ -90.512613634603582, 14.646704132248209 ] ], [ [ -90.512613634603582, 14.646704132248209 ], [ -90.51260465649726, 14.64667779477001 ] ], [ [ -90.512613634603582, 14.646704132248209 ], [ -90.51262858619728, 14.646680506735244 ] ] ] } },
{ "type": "Feature", "properties": { "kind": "L2", "value": "27.363709659352665", "building_uid": "2860" }, "geometry": { "type": "MultiLineString", "coordinates": [ [ [ -90.512609218901176, 14.646509766118951 ], [ -90.51237885614708, 14.646405844076883 ] ], [ [ -90.51237885614708, 14.646405844076883 ], [ -90.51242963402143, 14.646405723944454 ] ], [ [ -90.51237885614708, 14.646405844076883 ], [ -90.512411590057425, 14.646443638380035 ] ] ] } },
{ "type": "Feature", "properties": { "kind": "L2", "value": "10.316846014407243", "building_uid": "2863" }, "geometry": { "type": "MultiLineString", "coordinates": [ [ [ -90.514715384171495, 14.64591680509105 ], [ -90.514698605600231, 14.646008559417886 ] ], [ [ -90.514698605600231, 14.646008559417886 ], [ -90.514693681289572, 14.645990547124924 ] ], [ [ -90.514698605600231, 14.646008559417886 ], [ -90.514709612533935, 14.645993308646831 ] ] ] } },
{ "type": "Feature", "properties": { "kind": "L2", "value": "8.11332274831929", "building_uid": "2864" }, "geometry": { "type": "MultiLineString", "coordinates": [ [ [ -90.514609840120542, 14.645920941444864 ], [ -90.514599707950396, 14.645993566187082 ] ], [ [ -90.514599707950396, 14.645993566187082 ], [ -90.514595239630978, 14.64597956830538 ] ], [ [ -90.514599707950396, 14.645993566187082 ], [ -90.514607849417345, 14.645981235921139 ] ] ] } },
{ "type": "Feature", "properties": { "kind": "L2", "value": "13.465901543770523", "building_uid": "2865" }, "geometry": { "type": "MultiLineString", "coordinates": [ [ [ -90.514501750299772, 14.645877241031705 ], [ -90.514377836566993, 14.645861672325715 ] ], [ [ -90.514377836566993, 14.645861672325715 ], [ -90.514401648954134, 14.645854297089441 ] ], [ [ -90.514377836566993, 14.645861672325715 ], [ -90.514398945767837, 14.645874691587139 ] ] ] } },
{ "type": "Feature", "properties": { "kind": "L2", "value": "8.18978608498376", "building_uid": "2867" }, "geometry": { "type": "MultiLineString", "coordinates": [ [ [ -90.515154906945739, 14.645739040627573 ], [ -90.515079415998457, 14.645730595597339 ] ], [ [ -90.515079415998457, 14.645730595597339 ], [ -90.515093832756719, 14.645725913968125 ] ], [ [ -90.515079415998457, 14.645730595597339 ], [ -90.515092366452023, 14.645738338748707 ] ] ] } },
{ "type": "Feature", "properties": { "kind": "L2", "value": "16.67964114641092", "building_uid": "2869" }, "geometry": { "type": "MultiLineString", "coordinates": [ [ [ -90.514954920220831, 14.645595672728978 ], [ -90.514947418525637, 14.645746171097729 ] ], [ [ -90.514947418525637, 14.645746171097729 ], [ -90.51493571284594, 14.645718274189784 ] ], [ [ -90.514947418525637, 14.645746171097729 ], [ -90.514961843747486, 14.64571950886808 ] ] ] } },
{ "type": "Feature", "properties": { "kind": "L2", "value": "8.868353175756571", "building_uid": "2871" }, "geometry": { "type": "MultiLineString", "coordinates": [ [ [ -90.515167063644896, 14.645359714262476 ], [ -90.515158137693589, 14.645439353764692 ] ], [ [ -90.515158137693589, 14.645439353764692 ], [ -90.515152841766749, 14.64542418363822 ] ], [ [ -90.515158137693589, 14.645439353764692 ], [ -90.515166669485836, 14.645425652730832 ] ] ] } },
{ "type": "Feature", "properties": { "kind": "L2", "value": "6.655265144110012", "building_uid": "2872" }, "geometry": { "type": "MultiLineString", "coordinates": [ [ [ -90.513833241620532, 14.644753727835326 ], [ -90.513773357728667, 14.644768394221865 ] ], [ [ -90.513773357728667, 14.644768394221865 ], [ -90.513782939126656, 14.644760807712659 ] ], [ [ -90.513773357728667, 14.644768394221865 ], [ -90.513785485626542, 14.644770663829416 ] ] ] } },
{ "type": "Feature", "properties": { "kind": "L2", "value": "9.793755400305345", "building_uid": "2874" }, "geometry": { "type": "MultiLineString", "coordinates": [ [ [ -90.513984534013815, 14.644877395926692 ], [ -90.513895096443093, 14.644861752386726 ] ], [ [ -90.513895096443093, 14.644861752386726 ], [ -90.513912666117747, 14.64485722782991 ] ], [ [ -90.513895096443093, 14.644861752386726 ], [ -90.513909949952335, 14.644871948093169 ] ] ] } },
{ "type": "Feature", "properties": { "kind": "L2", "value": "6.579065836506165", "building_uid": "2875" }, "geometry": { "type": "MultiLineString", "coordinates": [ [ [ -90.513899470591397, 14.64474103981901 ], [ -90.513855877890506, 14.644782642528527 ] ], [ [ -90.513855877890506, 14.644782642528527 ], [ -90.513860167867421, 14.644771514158879 ] ], [ [ -90.513855877890506, 14.644782642528527 ], [ -90.513867391277842, 14.644778688955912 ] ] ] } },
{ "type": "Feature", "properties": { "kind": "L2", "value": "9.02056382983266", "building_uid": "2876" }, "geometry": { "type": "MultiLineString", "coordinates": [ [ [ -90.514379371903985, 14.644841299117029 ], [ -90.514302794870488, 14.644874185026632 ] ], [ [ -90.514302794870488, 14.644874185026632 ], [ -90.514313820380337, 14.644861922283884 ] ], [ [ -90.514302794870488, 14.644874185026632 ], [ -90.51431953030837, 14.64487452587127 ] ] ] } },
{ "type": "Feature", "properties": { "kind": "L2", "value": "11.422168256354183", "building_uid": "2877" }, "geometry": { "type": "MultiLineString", "coordinates": [ [ [ -90.514237744956347, 14.645054595618028 ], [ -90.514222000648473, 14.645156632700544 ] ], [ [ -90.514222000648473, 14.645156632700544 ], [ -90.514215996206602, 14.645136841646814 ] ], [ [ -90.514222000648473, 14.645156632700544 ], [ -90.514233712769339, 14.645139432953593 ] ] ] } },
{ "type": "Feature", "properties": { "kind": "L2", "value": "5.331744563476395", "building_uid": "2878" }, "geometry": { "type": "MultiLineString", "coordinates": [ [ [ -90.514194056315816, 14.644897955231594 ], [ -90.514146467745405, 14.644884800192536 ] ], [ [ -90.514146467745405, 14.644884800192536 ], [ -90.514156235768127, 14.644883268465888 ] ], [ [ -90.514146467745405, 14.644884800192536 ], [ -90.514153951678338, 14.644891100926207 ] ] ] } },
{ "type": "Feature", "properties": { "kind": "L2", "value": "13.135682365677756", "building_uid": "2879" }, "geometry": { "type": "MultiLineString", "coordinates": [ [ [ -90.514305069788151, 14.644944490205461 ], [ -90.514292273321743, 14.645062495435679 ] ], [ [ -90.514292273321743, 14.645062495435679 ], [ -90.514284348290133, 14.64504005255797 ] ], [ [ -90.514292273321743, 14.645062495435679 ], [ -90.514304837371967, 14.645042158689924 ] ] ] } },
{ "type": "Feature", "properties": { "kind": "L2", "value": "12.915863740774995", "building_uid": "2883" }, "geometry": { "type": "MultiLineString", "coordinates": [ [ [ -90.513885113087696, 14.645733831221445 ], [ -90.513766721127169, 14.645715762596796 ] ], [ [ -90.513766721127169, 14.645715762596796 ], [ -90.513789749657462, 14.645709294896651 ] ], [ [ -90.513766721127169, 14.645715762596796 ], [ -90.513786612414606, 14.645728780599489 ] ] ] } },
{ "type": "Feature", "properties": { "kind": "L2", "value": "9.599153664870563", "building_uid": "2884" }, "geometry": { "type": "MultiLineString", "coordinates": [ [ [ -90.512901017041756, 14.645660918613844 ], [ -90.512812622438616, 14.645650306740659 ] ], [ [ -90.512812622438616, 14.645650306740659 ], [ -90.512829566246751, 14.6456449559919 ] ], [ [ -90.512812622438616, 14.645650306740659 ], [ -90.512827723715162, 14.645659504543517 ] ] ] } },
{ "type": "Feature", "properties": { "kind": "L2", "value": "7.696100124834314", "building_uid": "2886" }, "geometry": { "type": "MultiLineString", "coordinates": [ [ [ -90.513278067965018, 14.645709529078154 ], [ -90.513267180240433, 14.645778238795572 ] ], [ [ -90.513267180240433, 14.645778238795572 ], [ -90.513263188761471, 14.645764888379583 ] ], [ [ -90.513267180240433, 14.645778238795572 ], [ -90.513275118772825, 14.645766680350931 ] ] ] } },
{ "type": "Feature", "properties": { "kind": "L2", "value": "9.760283922147085", "building_uid": "2887" }, "geometry": { "type": "MultiLineString", "coordinates": [ [ [ -90.513204998312361, 14.645683929407047 ], [ -90.513114923561886, 14.645674822659299 ] ], [ [ -90.513114923561886, 14.645674822659299 ], [ -90.513132041249563, 14.645669060825345 ] ], [ [ -90.513114923561886, 14.645674822659299 ], [ -90.513130460051258, 14.645683885904804 ] ] ] } },
{ "type": "Feature", "properties": { "kind": "L2", "value": "11.402356194285073", "building_uid": "2888" }, "geometry": { "type": "MultiLineString", "coordinates": [ [ [ -90.513110397383727, 14.645669526086108 ], [ -90.513005182004648, 14.645658760915227 ] ], [ [ -90.513005182004648, 14.645658760915227 ], [ -90.5130251880814, 14.645652053719155 ] ], [ [ -90.513005182004648, 14.645658760915227 ], [ -90.513023318932042, 14.645669370741382 ] ] ] } },
{ "type": "Feature", "properties": { "kind": "L2", "value": "10.511511015454541", "building_uid": "2890" }, "geometry": { "type": "MultiLineString", "coordinates": [ [ [ -90.513001872882569, 14.645677323380504 ], [ -90.512910701714702, 14.645643599802675 ] ], [ [ -90.512910701714702, 14.645643599802675 ], [ -90.512930155237783, 14.645642209825368 ] ], [ [ -90.512910701714702, 14.645643599802675 ], [ -90.512924299842226, 14.645657215361052 ] ] ] } },
{ "type": "Feature", "properties": { "kind": "L2", "value": "11.551270762188086", "building_uid": "2892" }, "geometry": { "type": "MultiLineString", "coordinates": [ [ [ -90.512615341234948, 14.644975378041392 ], [ -90.512597199024412, 14.645078220383803 ] ], [ [ -90.512597199024412, 14.645078220383803 ], [ -90.512591559325458, 14.645058086035263 ] ], [ [ -90.512597199024412, 14.645078220383803 ], [ -90.512609415697881, 14.645061072006436 ] ] ] } },
{ "type": "Feature", "properties": { "kind": "L2", "value": "11.837650658194704", "building_uid": "2893" }, "geometry": { "type": "MultiLineString", "coordinates": [ [ [ -90.512566247801757, 14.645072882243062 ], [ -90.512542154991039, 14.645177212979691 ] ], [ [ -90.512542154991039, 14.645177212979691 ], [ -90.512537464689629, 14.645156319148033 ] ], [ [ -90.512542154991039, 14.645177212979691 ], [ -90.512555579497999, 14.645160284508439 ] ] ] } },
{ "type": "Feature", "properties": { "kind": "L2", "value": "9.349346646961086", "building_uid": "2894" }, "geometry": { "type": "MultiLineString", "coordinates": [ [ [ -90.512406013630056, 14.645564341682583 ], [ -90.512319928492644, 14.645553934930161 ] ], [ [ -90.512319928492644, 14.645553934930161 ], [ -90.512336435875554, 14.645548737050953 ] ], [ [ -90.512319928492644, 14.645553934930161 ], [ -90.512334628959792, 14.645562905502194 ] ] ] } },
{ "type": "Feature", "properties": { "kind": "L2", "value": "9.705193011805784", "building_uid": "2895" }, "geometry": { "type": "MultiLineString", "coordinates": [ [ [ -90.512617056664368, 14.645212338147106 ], [ -90.512601859256392, 14.645298752218345 ] ], [ [ -90.512601859256392, 14.645298752218345 ], [ -90.512597111978508, 14.645281838023182 ] ], [ [ -90.512601859256392, 14.645298752218345 ], [ -90.512612115948656, 14.64528433931552 ] ] ] } },
{ "type": "Feature", "properties": { "kind": "L2", "value": "12.06558919799192", "building_uid": "2896" }, "geometry": { "type": "MultiLineString", "coordinates": [ [ [ -90.512637392875206, 14.645305346191494 ], [ -90.512601379004664, 14.645408546484317 ] ], [ [ -90.512601379004664, 14.645408546484317 ], [ -90.512598947663193, 14.645386876537332 ] ], [ [ -90.512601379004664, 14.645408546484317 ], [ -90.512616866213008, 14.645392803941126 ] ] ] } },
{ "type": "Feature", "properties": { "kind": "L2", "value": "6.81411313416011", "building_uid": "755" }, "geometry": { "type": "MultiLineString", "coordinates": [ [ [ -90.514686849625889, 14.644000958021051 ], [ -90.514623982803442, 14.643994431931326 ] ], [ [ -90.514623982803442, 14.643994431931326 ], [ -90.514635944696678, 14.64399044130931 ] ], [ [ -90.514623982803442, 14.643994431931326 ], [ -90.514634811585466, 14.644000788414143 ] ] ] } },
{ "type": "Feature", "properties": { "kind": "L2", "value": "10.110554942252165", "building_uid": "2898" }, "geometry": { "type": "MultiLineString", "coordinates": [ [ [ -90.512132078036316, 14.645200521031096 ], [ -90.51211956319996, 14.645291038108214 ] ], [ [ -90.51211956319996, 14.645291038108214 ], [ -90.512113973475223, 14.645273600953583 ] ], [ [ -90.51211956319996, 14.645291038108214 ], [ -90.512129689844713, 14.645275660730288 ] ] ] } },
{ "type": "Feature", "properties": { "kind": "L2", "value": "13.437237863894312", "building_uid": "3049" }, "geometry": { "type": "MultiLineString", "coordinates": [ [ [ -90.514125465275853, 14.645476188311626 ], [ -90.514106324536883, 14.645596134441069 ] ], [ [ -90.514106324536883, 14.645596134441069 ], [ -90.514099380955187, 14.6455728176647 ] ], [ [ -90.514106324536883, 14.645596134441069 ], [ -90.514120207083778, 14.645575967973425 ] ] ] } },
{ "type": "Feature", "properties": { "kind": "L2", "value": "15.15990491388796", "building_uid": "3239" }, "geometry": { "type": "MultiLineString", "coordinates": [ [ [ -90.515212531959179, 14.64342180546809 ], [ -90.515182787354831, 14.64355565539001 ] ], [ [ -90.515182787354831, 14.64355565539001 ], [ -90.515176558906489, 14.643528945740835 ] ], [ [ -90.515182787354831, 14.64355565539001 ], [ -90.515199798917422, 14.643533841349655 ] ] ] } },
{ "type": "Feature", "properties": { "kind": "L2", "value": "12.939989620255238", "building_uid": "3240" }, "geometry": { "type": "MultiLineString", "coordinates": [ [ [ -90.51416053322562, 14.643277064206881 ], [ -90.51404156048261, 14.643261366815722 ] ], [ [ -90.51404156048261, 14.643261366815722 ], [ -90.514064488413595, 14.64325442139668 ] ], [ [ -90.51404156048261, 14.643261366815722 ], [ -90.514061762916796, 14.643274002910513 ] ] ] } },
{ "type": "Feature", "properties": { "kind": "L2", "value": "9.548689539689077", "building_uid": "3241" }, "geometry": { "type": "MultiLineString", "coordinates": [ [ [ -90.513913910763364, 14.643182588309822 ], [ -90.513825965527047, 14.643172161423747 ] ], [ [ -90.513825965527047, 14.643172161423747 ], [ -90.513842811812339, 14.643166814040915 ] ], [ [ -90.513825965527047, 14.643172161423747 ], [ -90.513841001420616, 14.64318128879852 ] ] ] } },
{ "type": "Feature", "properties": { "kind": "L2", "value": "8.50394929526742", "building_uid": "12787" }, "geometry": { "type": "MultiLineString", "coordinates": [ [ [ -90.514377066414696, 14.644615294168831 ], [ -90.514374060254013, 14.64469205876868 ] ], [ [ -90.514374060254013, 14.64469205876868 ], [ -90.514367940902375, 14.644677896909812 ] ], [ [ -90.514374060254013, 14.64469205876868 ], [ -90.514381269409412, 14.644678391685638 ] ] ] } },
{ "type": "Feature", "properties": { "kind": "L2", "value": "7.193576441231959", "building_uid": "12789" }, "geometry": { "type": "MultiLineString", "coordinates": [ [ [ -90.514352212054234, 14.644462384252734 ], [ -90.514346172321353, 14.644527100775329 ] ], [ [ -90.514346172321353, 14.644527100775329 ], [ -90.51434164878755, 14.644514873125837 ] ], [ [ -90.514346172321353, 14.644527100775329 ], [ -90.514352885398964, 14.644515867189495 ] ] ] } },
{ "type": "Feature", "properties": { "kind": "L2", "value": "4.000602350608274", "building_uid": "12843" }, "geometry": { "type": "MultiLineString", "coordinates": [ [ [ -90.512302430100689, 14.644069451451386 ], [ -90.512297484981389, 14.644105268665388 ] ], [ [ -90.512297484981389, 14.644105268665388 ], [ -90.512295271908926, 14.644098369428653 ] ], [ [ -90.512297484981389, 14.644105268665388 ], [ -90.512301490774306, 14.644099183334168 ] ] ] } },
{ "type": "Feature", "properties": { "kind": "L2", "value": "6.9743864921790735", "building_uid": "12849" }, "geometry": { "type": "MultiLineString", "coordinates": [ [ [ -90.512564803288996, 14.644343804079499 ], [ -90.512503320065662, 14.644324156672679 ] ], [ [ -90.512503320065662, 14.644324156672679 ], [ -90.512516170280023, 14.64432265831053 ] ], [ [ -90.512503320065662, 14.644324156672679 ], [ -90.512512758938854, 14.644332777676089 ] ] ] } },
{ "type": "Feature", "properties": { "kind": "L2", "value": "9.705480550877192", "building_uid": "12850" }, "geometry": { "type": "MultiLineString", "coordinates": [ [ [ -90.512226042523068, 14.645511040705385 ], [ -90.51213741663048, 14.645526574046816 ] ], [ [ -90.51213741663048, 14.645526574046816 ], [ -90.512152132580226, 14.64551646513757 ] ], [ [ -90.51213741663048, 14.645526574046816 ], [ -90.512154829616463, 14.645531051766055 ] ] ] } },
{ "type": "Feature", "properties": { "kind": "L2", "value": "8.316768697312018", "building_uid": "12851" }, "geometry": { "type": "MultiLineString", "coordinates": [ [ [ -90.512065532558154, 14.64543758425965 ], [ -90.51208509354359, 14.645510259665206 ] ], [ [ -90.51208509354359, 14.645510259665206 ], [ -90.51207523861072, 14.645498696145715 ] ], [ [ -90.51208509354359, 14.645510259665206 ], [ -90.512087857165653, 14.645495476670121 ] ] ] } },
{ "type": "Feature", "properties": { "kind": "L2", "value": "7.037823999979767", "building_uid": "12852" }, "geometry": { "type": "MultiLineString", "coordinates": [ [ [ -90.512665487347562, 14.64545292760922 ], [ -90.512600269489013, 14.645449756590951 ] ], [ [ -90.512600269489013, 14.645449756590951 ], [ -90.512612366269977, 14.645444964383792 ] ], [ [ -90.512600269489013, 14.645449756590951 ], [ -90.512611815688501, 14.645455698368195 ] ] ] } },
{ "type": "Feature", "properties": { "kind": "L2", "value": "6.126348839489484", "building_uid": "756" }, "geometry": { "type": "MultiLineString", "coordinates": [ [ [ -90.514747057523365, 14.643758866532227 ], [ -90.514740832004279, 14.64381387595861 ] ], [ [ -90.514740832004279, 14.64381387595861 ], [ -90.514737184874633, 14.643803392541829 ] ], [ [ -90.514740832004279, 14.64381387595861 ], [ -90.514746736029309, 14.64380441718683 ] ] ] } },
{ "type": "Feature", "properties": { "kind": "L2", "value": "9.570505569005597", "building_uid": "12916" }, "geometry": { "type": "MultiLineString", "coordinates": [ [ [ -90.514992129153384, 14.64551513222413 ], [ -90.514981230119602, 14.645600933671586 ] ], [ [ -90.514981230119602, 14.645600933671586 ], [ -90.51497575688559, 14.64558448425047 ] ], [ [ -90.514981230119602, 14.645600933671586 ], [ -90.514990654507457, 14.645586278084844 ] ] ] } },
{ "type": "Feature", "properties": { "kind": "L2", "value": "8.570281316213107", "building_uid": "12918" }, "geometry": { "type": "MultiLineString", "coordinates": [ [ [ -90.513452389283813, 14.644999329511197 ], [ -90.51337309924547, 14.645005182871618 ] ], [ [ -90.51337309924547, 14.645005182871618 ], [ -90.513386963326781, 14.644997596832667 ] ], [ [ -90.51337309924547, 14.645005182871618 ], [ -90.513387979635809, 14.645010646936237 ] ] ] } },
{ "type": "Feature", "properties": { "kind": "L2", "value": "15.75231552989734", "building_uid": "12952" }, "geometry": { "type": "MultiLineString", "coordinates": [ [ [ -90.514976222487064, 14.64627594675755 ], [ -90.514831780314864, 14.646254220989372 ] ], [ [ -90.514831780314864, 14.646254220989372 ], [ -90.514859848244839, 14.646246272465756 ] ], [ [ -90.514831780314864, 14.646254220989372 ], [ -90.514856076004364, 14.646270045618747 ] ] ] } },
{ "type": "Feature", "properties": { "kind": "L2", "value": "19.984760454053543", "building_uid": "12953" }, "geometry": { "type": "MultiLineString", "coordinates": [ [ [ -90.514454193347916, 14.646083358977338 ], [ -90.51443137826756, 14.646262519409678 ] ], [ [ -90.51443137826756, 14.646262519409678 ], [ -90.51441995999734, 14.646228166988044 ] ], [ [ -90.51443137826756, 14.646262519409678 ], [ -90.514451067541259, 14.646231922033893 ] ] ] } },
{ "type": "Feature", "properties": { "kind": "L2", "value": "5.769076117439459", "building_uid": "12995" }, "geometry": { "type": "MultiLineString", "coordinates": [ [ [ -90.512859815730394, 14.645165315320428 ], [ -90.512806682974599, 14.64515899996969 ] ], [ [ -90.512806682974599, 14.64515899996969 ], [ -90.512816862163632, 14.645155772225698 ] ], [ [ -90.512806682974599, 14.64515899996969 ], [ -90.512815765636915, 14.645164517176017 ] ] ] } },
{ "type": "Feature", "properties": { "kind": "L2", "value": "3.3623419071144407", "building_uid": "12998" }, "geometry": { "type": "MultiLineString", "coordinates": [ [ [ -90.512781775799041, 14.645560030440214 ], [ -90.512750939833126, 14.645555423655887 ] ], [ [ -90.512750939833126, 14.645555423655887 ], [ -90.512756929143976, 14.64555372109719 ] ], [ [ -90.512750939833126, 14.645555423655887 ], [ -90.512756129272375, 14.645558796280959 ] ] ] } },
{ "type": "Feature", "properties": { "kind": "L2", "value": "21.921270153900963", "building_uid": "48" }, "geometry": { "type": "MultiLineString", "coordinates": [ [ [ -90.513902107611429, 14.644038676191084 ], [ -90.513876177105928, 14.644235085861439 ] ], [ [ -90.513876177105928, 14.644235085861439 ], [ -90.513863826214873, 14.644197350418109 ] ], [ [ -90.513876177105928, 14.644235085861439 ], [ -90.513897928416242, 14.644201618260048 ] ] ] } },
{ "type": "Feature", "properties": { "kind": "L2", "value": "9.727653339239705", "building_uid": "180" }, "geometry": { "type": "MultiLineString", "coordinates": [ [ [ -90.514676426395766, 14.644651181650538 ], [ -90.514662016666037, 14.644737929203504 ] ], [ [ -90.514662016666037, 14.644737929203504 ], [ -90.514657097680825, 14.64472101937854 ] ], [ [ -90.514662016666037, 14.644737929203504 ], [ -90.514672159513978, 14.644723391035617 ] ] ] } },
{ "type": "Feature", "properties": { "kind": "L2", "value": "8.868084348531012", "building_uid": "181" }, "geometry": { "type": "MultiLineString", "coordinates": [ [ [ -90.51468094857519, 14.644563955807101 ], [ -90.514671266363479, 14.644643509041883 ] ], [ [ -90.514671266363479, 14.644643509041883 ], [ -90.51466611503227, 14.644628292314286 ] ], [ [ -90.514671266363479, 14.644643509041883 ], [ -90.514679927722057, 14.644629885883109 ] ] ] } },
{ "type": "Feature", "properties": { "kind": "L2", "value": "8.331225731184174", "building_uid": "189" }, "geometry": { "type": "MultiLineString", "coordinates": [ [ [ -90.51310479596664, 14.643635998311007 ], [ -90.513028222752666, 14.643625708539224 ] ], [ [ -90.513028222752666, 14.643625708539224 ], [ -90.513042995825927, 14.643621272166397 ] ], [ [ -90.513028222752666, 14.643625708539224 ], [ -90.51304120923767, 14.643633875195732 ] ] ] } },
{ "type": "Feature", "properties": { "kind": "L2", "value": "21.25449141292217", "building_uid": "190" }, "geometry": { "type": "MultiLineString", "coordinates": [ [ [ -90.513009087776425, 14.644132235549097 ], [ -90.513095824213181, 14.644304669108083 ] ], [ [ -90.513095824213181, 14.644304669108083 ], [ -90.513065132577694, 14.644280551401959 ] ], [ [ -90.513095824213181, 14.644304669108083 ], [ -90.513095071866971, 14.644266275664162 ] ] ] } },
{ "type": "Feature", "properties": { "kind": "L2", "value": "10.441029620101997", "building_uid": "197" }, "geometry": { "type": "MultiLineString", "coordinates": [ [ [ -90.512796866179499, 14.64346434504235 ], [ -90.512785040065836, 14.643557958479814 ] ], [ [ -90.512785040065836, 14.643557958479814 ], [ -90.512779056758589, 14.64354001674357 ] ], [ [ -90.512785040065836, 14.643557958479814 ], [ -90.512795310615218, 14.643541963181264 ] ] ] } },
{ "type": "Feature", "properties": { "kind": "L2", "value": "10.833787458162513", "building_uid": "309" }, "geometry": { "type": "MultiLineString", "coordinates": [ [ [ -90.513094019652115, 14.643880811068479 ], [ -90.512994195354537, 14.643869328351412 ] ], [ [ -90.512994195354537, 14.643869328351412 ], [ -90.513013286520604, 14.643863194800053 ] ], [ [ -90.512994195354537, 14.643869328351412 ], [ -90.513011292801082, 14.643879624659235 ] ] ] } },
{ "type": "Feature", "properties": { "kind": "L2", "value": "8.204708691348033", "building_uid": "765" }, "geometry": { "type": "MultiLineString", "coordinates": [ [ [ -90.51457256256262, 14.645318570201125 ], [ -90.514559349324557, 14.645391562399535 ] ], [ [ -90.514559349324557, 14.645391562399535 ], [ -90.51455540760152, 14.645377244358524 ] ], [ [ -90.514559349324557, 14.645391562399535 ], [ -90.514568081153783, 14.645379419081646 ] ] ] } },
{ "type": "Feature", "properties": { "kind": "L2", "value": "13.74936682131985", "building_uid": "770" }, "geometry": { "type": "MultiLineString", "coordinates": [ [ [ -90.514025969664075, 14.645663230876867 ], [ -90.513899720664085, 14.645645395099242 ] ], [ [ -90.513899720664085, 14.645645395099242 ], [ -90.513924153158626, 14.645638238609324 ] ], [ [ -90.513899720664085, 14.645645395099242 ], [ -90.513921056345353, 14.64565901748049 ] ] ] } },
{ "type": "Feature", "properties": { "kind": "L2", "value": "14.22282885936296", "building_uid": "913" }, "geometry": { "type": "MultiLineString", "coordinates": [ [ [ -90.514450829232331, 14.646362994063059 ], [ -90.514432597163449, 14.646490243764237 ] ], [ [ -90.514432597163449, 14.646490243764237 ], [ -90.514424854773381, 14.646465677914614 ] ], [ [ -90.514432597163449, 14.646490243764237 ], [ -90.514446949105078, 14.64646867865622 ] ] ] } },
{ "type": "Feature", "properties": { "kind": "L2", "value": "9.44129782867416", "building_uid": "920" }, "geometry": { "type": "MultiLineString", "coordinates": [ [ [ -90.513770898232295, 14.646092470100941 ], [ -90.513715625171315, 14.646158636796461 ] ], [ [ -90.513715625171315, 14.646158636796461 ], [ -90.513719899811193, 14.646142094731051 ] ], [ [ -90.513715625171315, 14.646158636796461 ], [ -90.513731388299021, 14.646151191907979 ] ] ] } },
{ "type": "Feature", "properties": { "kind": "L2", "value": "7.057345426548754", "building_uid": "1296" }, "geometry": { "type": "MultiLineString", "coordinates": [ [ [ -90.51383596879343, 14.644494241040434 ], [ -90.513770964078049, 14.644486573466638 ] ], [ [ -90.513770964078049, 14.644486573466638 ], [ -90.513783412587216, 14.644482613828643 ] ], [ [ -90.513770964078049, 14.644486573466638 ], [ -90.513782081279615, 14.644493312779954 ] ] ] } },
{ "type": "Feature", "properties": { "kind": "L2", "value": "7.890603083563057", "building_uid": "1298" }, "geometry": { "type": "MultiLineString", "coordinates": [ [ [ -90.513754798144163, 14.644331246325086 ], [ -90.513682437871552, 14.644320410436896 ] ], [ [ -90.513682437871552, 14.644320410436896 ], [ -90.513696494713898, 14.644316419772609 ] ], [ [ -90.513682437871552, 14.644320410436896 ], [ -90.513694613298938, 14.644328329364287 ] ] ] } },
{ "type": "Feature", "properties": { "kind": "L2", "value": "22.32292200072987", "building_uid": "1301" }, "geometry": { "type": "MultiLineString", "coordinates": [ [ [ -90.515142993777673, 14.644509295564234 ], [ -90.514962017982484, 14.644411226528472 ] ], [ [ -90.514962017982484, 14.644411226528472 ], [ -90.515003335696662, 14.644414109523307 ] ], [ [ -90.514962017982484, 14.644411226528472 ], [ -90.514986308149702, 14.644443895842713 ] ] ] } },
{ "type": "Feature", "properties": { "kind": "L2", "value": "4.490654494280513", "building_uid": "1306" }, "geometry": { "type": "MultiLineString", "coordinates": [ [ [ -90.514768187115891, 14.643871732040699 ], [ -90.514762874793618, 14.643911967279532 ] ], [ [ -90.514762874793618, 14.643911967279532 ], [ -90.514760344738079, 14.643904237005801 ] ], [ [ -90.514762874793618, 14.643911967279532 ], [ -90.514767330689267, 14.643905111349184 ] ] ] } },
{ "type": "Feature", "properties": { "kind": "L2", "value": "14.36777176173246", "building_uid": "1407" }, "geometry": { "type": "MultiLineString", "coordinates": [ [ [ -90.512389060220883, 14.646146642262124 ], [ -90.512256617908108, 14.646131865770656 ] ], [ [ -90.512256617908108, 14.646131865770656 ], [ -90.51228190742485, 14.646123645107092 ] ], [ [ -90.512256617908108, 14.646131865770656 ], [ -90.512279341786453, 14.646145443264682 ] ] ] } },
{ "type": "Feature", "properties": { "kind": "L2", "value": "15.490746392610335", "building_uid": "1427" }, "geometry": { "type": "MultiLineString", "coordinates": [ [ [ -90.513231105266442, 14.644943466644545 ], [ -90.51320177774312, 14.645080457941543 ] ], [ [ -90.51320177774312, 14.645080457941543 ], [ -90.513195200896021, 14.645053213222043 ] ], [ [ -90.51320177774312, 14.645080457941543 ], [ -90.513218986503105, 14.645058040150396 ] ] ] } },
{ "type": "Feature", "properties": { "kind": "L2", "value": "9.768381540971813", "building_uid": "1547" }, "geometry": { "type": "MultiLineString", "coordinates": [ [ [ -90.514481922027443, 14.645518259776596 ], [ -90.514464674244977, 14.645604889831864 ] ], [ [ -90.514464674244977, 14.645604889831864 ], [ -90.51446027986016, 14.645587767756904 ] ], [ [ -90.514464674244977, 14.645604889831864 ], [ -90.514475321352577, 14.645590606509709 ] ] ] } },
{ "type": "Feature", "properties": { "kind": "L2", "value": "7.303957407874612", "building_uid": "1548" }, "geometry": { "type": "MultiLineString", "coordinates": [ [ [ -90.514544587245055, 14.645627374511999 ], [ -90.514536812942026, 14.645692919172721 ] ], [ [ -90.514536812942026, 14.645692919172721 ], [ -90.514532531894545, 14.645680398672946 ] ], [ [ -90.514536812942026, 14.645692919172721 ], [ -90.514543912355279, 14.645681678217985 ] ] ] } },
{ "type": "Feature", "properties": { "kind": "L2", "value": "9.981824126538635", "building_uid": "1550" }, "geometry": { "type": "MultiLineString", "coordinates": [ [ [ -90.51415409790205, 14.6456553790053 ], [ -90.514067697783801, 14.645687852977467 ] ], [ [ -90.514067697783801, 14.645687852977467 ], [ -90.514080539593039, 14.645674856554203 ] ], [ [ -90.514067697783801, 14.645687852977467 ], [ -90.514086178017806, 14.645689076840547 ] ] ] } },
{ "type": "Feature", "properties": { "kind": "L2", "value": "7.90534459999024", "building_uid": "1555" }, "geometry": { "type": "MultiLineString", "coordinates": [ [ [ -90.512951216176035, 14.645148755479083 ], [ -90.512942875120174, 14.645219705032437 ] ], [ [ -90.512942875120174, 14.645219705032437 ], [ -90.512938227593438, 14.64520615819197 ] ], [ [ -90.512942875120174, 14.645219705032437 ], [ -90.512950546473874, 14.645207531019894 ] ] ] } },
{ "type": "Feature", "properties": { "kind": "L2", "value": "11.186731913994647", "building_uid": "2589" }, "geometry": { "type": "MultiLineString", "coordinates": [ [ [ -90.514754978432535, 14.644471464816544 ], [ -90.514741735842833, 14.644571694253093 ] ], [ [ -90.514741735842833, 14.644571694253093 ], [ -90.514735434888479, 14.644552436728087 ] ], [ [ -90.514741735842833, 14.644571694253093 ], [ -90.514752837545103, 14.644554616290764 ] ] ] } },
{ "type": "Feature", "properties": { "kind": "L2", "value": "7.816070429190573", "building_uid": "2590" }, "geometry": { "type": "MultiLineString", "coordinates": [ [ [ -90.514768018654948, 14.644373469535791 ], [ -90.514758304273613, 14.644443439636332 ] ], [ [ -90.514758304273613, 14.644443439636332 ], [ -90.514753990730398, 14.644429957314543 ] ], [ [ -90.514758304273613, 14.644443439636332 ], [ -90.514766139506136, 14.644431556179441 ] ] ] } },
{ "type": "Feature", "properties": { "kind": "L2", "value": "9.635760321278246", "building_uid": "2591" }, "geometry": { "type": "MultiLineString", "coordinates": [ [ [ -90.514782217382276, 14.644257979881974 ], [ -90.514775499434293, 14.644344778404767 ] ], [ [ -90.514775499434293, 14.644344778404767 ], [ -90.514769181812994, 14.644328492324131 ] ], [ [ -90.514775499434293, 14.644344778404767 ], [ -90.514784252468701, 14.644329598014556 ] ] ] } },
{ "type": "Feature", "properties": { "kind": "L2", "value": "8.482458165465856", "building_uid": "2600" }, "geometry": { "type": "MultiLineString", "coordinates": [ [ [ -90.512449737222909, 14.644191549650813 ], [ -90.512371640944366, 14.644182057750443 ] ], [ [ -90.512371640944366, 14.644182057750443 ], [ -90.512386620826675, 14.644177351431731 ] ], [ [ -90.512371640944366, 14.644182057750443 ], [ -90.512384972766498, 14.644190205106169 ] ] ] } },
{ "type": "Feature", "properties": { "kind": "L2", "value": "8.295804721399247", "building_uid": "2602" }, "geometry": { "type": "MultiLineString", "coordinates": [ [ [ -90.512760446251377, 14.644233351334753 ], [ -90.512750622718727, 14.644307678512451 ] ], [ [ -90.512750622718727, 14.644307678512451 ], [ -90.512745950709075, 14.644293397437071 ] ], [ [ -90.512750622718727, 14.644307678512451 ], [ -90.512758855987698, 14.644295014267962 ] ] ] } },
{ "type": "Feature", "properties": { "kind": "L2", "value": "14.912366618228472", "building_uid": "2604" }, "geometry": { "type": "MultiLineString", "coordinates": [ [ [ -90.512692218314314, 14.643875073524125 ], [ -90.512670606667697, 14.644008130677369 ] ], [ [ -90.512670606667697, 14.644008130677369 ], [ -90.512662972824941, 14.643982234024195 ] ], [ [ -90.512670606667697, 14.644008130677369 ], [ -90.51268607523798, 14.643985791037469 ] ] ] } },
{ "type": "Feature", "properties": { "kind": "L2", "value": "12.318853022004035", "building_uid": "2605" }, "geometry": { "type": "MultiLineString", "coordinates": [ [ [ -90.512921651803396, 14.64366612687315 ], [ -90.51280828912364, 14.643651925118286 ] ], [ [ -90.51280828912364, 14.643651925118286 ], [ -90.512830070326601, 14.643645170289462 ] ], [ [ -90.51280828912364, 14.643651925118286 ], [ -90.512827604508757, 14.643663828419356 ] ] ] } },
{ "type": "Feature", "properties": { "kind": "L2", "value": "30.163861693758886", "building_uid": "2606" }, "geometry": { "type": "MultiLineString", "coordinates": [ [ [ -90.512832672005075, 14.643867054997139 ], [ -90.51257451986001, 14.64397229360349 ] ], [ [ -90.51257451986001, 14.64397229360349 ], [ -90.512612176775392, 14.643931973571592 ] ], [ [ -90.51257451986001, 14.64397229360349 ], [ -90.512630449096633, 14.643974462256359 ] ] ] } },
{ "type": "Feature", "properties": { "kind": "L2", "value": "10.344712840151855", "building_uid": "2607" }, "geometry": { "type": "MultiLineString", "coordinates": [ [ [ -90.512551441161222, 14.643658443878625 ], [ -90.512456457992926, 14.643645006126413 ] ], [ [ -90.512456457992926, 14.643645006126413 ], [ -90.512474841371059, 14.643639625334751 ] ], [ [ -90.512456457992926, 14.643645006126413 ], [ -90.512472508206031, 14.643655258419335 ] ] ] } },
{ "type": "Feature", "properties": { "kind": "L2", "value": "8.117618050189353", "building_uid": "2692" }, "geometry": { "type": "MultiLineString", "coordinates": [ [ [ -90.514578367748541, 14.648383236040553 ], [ -90.514503253843756, 14.648377829380076 ] ], [ [ -90.514503253843756, 14.648377829380076 ], [ -90.514517338489838, 14.648372628114778 ] ], [ [ -90.514503253843756, 14.648377829380076 ], [ -90.514516399723206, 14.648384990688283 ] ] ] } },
{ "type": "Feature", "properties": { "kind": "L2", "value": "10.489908224919226", "building_uid": "2709" }, "geometry": { "type": "MultiLineString", "coordinates": [ [ [ -90.514381329062417, 14.647276414249506 ], [ -90.514294847563605, 14.647319889782779 ] ], [ [ -90.514294847563605, 14.647319889782779 ], [ -90.514306749000752, 14.647304892555788 ] ], [ [ -90.514294847563605, 14.647319889782779 ], [ -90.514314297673479, 14.647319126129602 ] ] ] } },
{ "type": "Feature", "properties": { "kind": "L2", "value": "15.655283039041842", "building_uid": "2710" }, "geometry": { "type": "MultiLineString", "coordinates": [ [ [ -90.514362873144464, 14.647399480377754 ], [ -90.51434048018848, 14.647539211639481 ] ], [ [ -90.51434048018848, 14.647539211639481 ], [ -90.51433240836441, 14.647512040960022 ] ], [ [ -90.51434048018848, 14.647539211639481 ], [ -90.514356669983357, 14.647515726507308 ] ] ] } },
{ "type": "Feature", "properties": { "kind": "L2", "value": "11.76924146357268", "building_uid": "2713" }, "geometry": { "type": "MultiLineString", "coordinates": [ [ [ -90.514154647734884, 14.648151664287813 ], [ -90.514146827370183, 14.648257708630283 ] ], [ [ -90.514146827370183, 14.648257708630283 ], [ -90.514139038602053, 14.648237843311914 ] ], [ [ -90.514146827370183, 14.648257708630283 ], [ -90.514157451203758, 14.648239130423296 ] ] ] } },
{ "type": "Feature", "properties": { "kind": "L2", "value": "14.496740137534452", "building_uid": "2714" }, "geometry": { "type": "MultiLineString", "coordinates": [ [ [ -90.514330616816693, 14.648321961061205 ], [ -90.514208400182767, 14.648267272152456 ] ], [ [ -90.514208400182767, 14.648267272152456 ], [ -90.514235301206398, 14.648267127677105 ] ], [ [ -90.514208400182767, 14.648267272152456 ], [ -90.514225805503173, 14.648287242629346 ] ] ] } },
{ "type": "Feature", "properties": { "kind": "L2", "value": "6.143379658678281", "building_uid": "2715" }, "geometry": { "type": "MultiLineString", "coordinates": [ [ [ -90.514094833502583, 14.648255982163267 ], [ -90.514093963815654, 14.648311471860989 ] ], [ [ -90.514093963815654, 14.648311471860989 ], [ -90.514089304085076, 14.648301342143403 ] ], [ [ -90.514093963815654, 14.648311471860989 ], [ -90.514098938828255, 14.648301485280466 ] ] ] } },
{ "type": "Feature", "properties": { "kind": "L2", "value": "7.16350166816475", "building_uid": "2716" }, "geometry": { "type": "MultiLineString", "coordinates": [ [ [ -90.514185470120722, 14.648090270184831 ], [ -90.514175959329123, 14.648154315685355 ] ], [ [ -90.514175959329123, 14.648154315685355 ], [ -90.514172123126016, 14.648141924033389 ] ], [ [ -90.514175959329123, 14.648154315685355 ], [ -90.514183243415346, 14.648143489363088 ] ] ] } },
{ "type": "Feature", "properties": { "kind": "L2", "value": "11.40070472479781", "building_uid": "2717" }, "geometry": { "type": "MultiLineString", "coordinates": [ [ [ -90.514241331688012, 14.647995519852554 ], [ -90.514235589909546, 14.648098356184903 ] ], [ [ -90.514235589909546, 14.648098356184903 ], [ -90.514227702885222, 14.64807924340664 ] ], [ [ -90.514235589909546, 14.648098356184903 ], [ -90.514245558463358, 14.648080188415575 ] ] ] } },
{ "type": "Feature", "properties": { "kind": "L2", "value": "11.310825156485192", "building_uid": "2718" }, "geometry": { "type": "MultiLineString", "coordinates": [ [ [ -90.514344483388314, 14.647866386822407 ], [ -90.514333698758676, 14.647968022133087 ] ], [ [ -90.514333698758676, 14.647968022133087 ], [ -90.514326830082396, 14.647948712065535 ] ], [ [ -90.514333698758676, 14.647968022133087 ], [ -90.51434447711523, 14.64795048705134 ] ] ] } },
{ "type": "Feature", "properties": { "kind": "L2", "value": "8.903731407184653", "building_uid": "2721" }, "geometry": { "type": "MultiLineString", "coordinates": [ [ [ -90.514506118089344, 14.648352880551817 ], [ -90.514424049385482, 14.648343664578677 ] ], [ [ -90.514424049385482, 14.648343664578677 ], [ -90.51443972537686, 14.648338581469115 ] ], [ [ -90.514424049385482, 14.648343664578677 ], [ -90.514438125194445, 14.648352088695654 ] ] ] } },
{ "type": "Feature", "properties": { "kind": "L2", "value": "18.475805897804168", "building_uid": "2722" }, "geometry": { "type": "MultiLineString", "coordinates": [ [ [ -90.514537668495592, 14.648111043064393 ], [ -90.514366718746885, 14.648098602982431 ] ], [ [ -90.514366718746885, 14.648098602982431 ], [ -90.514398785357088, 14.648086790055689 ] ], [ [ -90.514366718746885, 14.648098602982431 ], [ -90.514396625365848, 14.648114925744611 ] ] ] } },
{ "type": "Feature", "properties": { "kind": "L2", "value": "8.495175748546119", "building_uid": "2723" }, "geometry": { "type": "MultiLineString", "coordinates": [ [ [ -90.514291169092928, 14.647613737611524 ], [ -90.514279930794771, 14.647689694682676 ] ], [ [ -90.514279930794771, 14.647689694682676 ], [ -90.514275373627285, 14.647675001758367 ] ], [ [ -90.514279930794771, 14.647689694682676 ], [ -90.514288562106998, 14.647676851413102 ] ] ] } },
{ "type": "Feature", "properties": { "kind": "L2", "value": "10.209035862090284", "building_uid": "2724" }, "geometry": { "type": "MultiLineString", "coordinates": [ [ [ -90.514230584162192, 14.647683121450294 ], [ -90.514218950771422, 14.647774646528205 ] ], [ [ -90.514218950771422, 14.647774646528205 ], [ -90.51421311367433, 14.647757099209869 ] ], [ [ -90.514218950771422, 14.647774646528205 ], [ -90.514229005244047, 14.647759013890362 ] ] ] } },
{ "type": "Feature", "properties": { "kind": "L2", "value": "6.2745967115920225", "building_uid": "2725" }, "geometry": { "type": "MultiLineString", "coordinates": [ [ [ -90.514197367222877, 14.647560438529769 ], [ -90.514139289951856, 14.647556495710443 ] ], [ [ -90.514139289951856, 14.647556495710443 ], [ -90.514150159425554, 14.647552431069816 ] ], [ [ -90.514139289951856, 14.647556495710443 ], [ -90.514149474830646, 14.647561989716309 ] ] ] } },
{ "type": "Feature", "properties": { "kind": "L2", "value": "10.483101467996704", "building_uid": "2727" }, "geometry": { "type": "MultiLineString", "coordinates": [ [ [ -90.514467087175007, 14.647731768034559 ], [ -90.514400593391585, 14.647800882659432 ] ], [ [ -90.514400593391585, 14.647800882659432 ], [ -90.514406645948668, 14.647782882902353 ] ], [ [ -90.514400593391585, 14.647800882659432 ], [ -90.514418646374537, 14.647793826771169 ] ] ] } },
{ "type": "Feature", "properties": { "kind": "L2", "value": "6.953132992193535", "building_uid": "2732" }, "geometry": { "type": "MultiLineString", "coordinates": [ [ [ -90.5143227306325, 14.6468222138509 ], [ -90.514313526109461, 14.646884382339302 ] ], [ [ -90.514313526109461, 14.646884382339302 ], [ -90.514309797377067, 14.646872356116587 ] ], [ [ -90.514313526109461, 14.646884382339302 ], [ -90.514320591695451, 14.646873871048069 ] ] ] } },
{ "type": "Feature", "properties": { "kind": "L2", "value": "8.055432351839936", "building_uid": "2733" }, "geometry": { "type": "MultiLineString", "coordinates": [ [ [ -90.514333829956584, 14.646749692475495 ], [ -90.51432219967397, 14.646821574769437 ] ], [ [ -90.51432219967397, 14.646821574769437 ], [ -90.514318067336362, 14.646807588184418 ] ], [ [ -90.51432219967397, 14.646821574769437 ], [ -90.514330548259636, 14.646809502361512 ] ] ] } },
{ "type": "Feature", "properties": { "kind": "L2", "value": "8.50398949940986", "building_uid": "2735" }, "geometry": { "type": "MultiLineString", "coordinates": [ [ [ -90.514345948659368, 14.646663673001127 ], [ -90.5143363174722, 14.646739919285601 ] ], [ [ -90.5143363174722, 14.646739919285601 ], [ -90.514331443918067, 14.646725306187655 ] ], [ [ -90.5143363174722, 14.646739919285601 ], [ -90.514344682556043, 14.6467268913431 ] ] ] } },
{ "type": "Feature", "properties": { "kind": "L2", "value": "6.000495825515291", "building_uid": "2737" }, "geometry": { "type": "MultiLineString", "coordinates": [ [ [ -90.514469212782657, 14.64667805941431 ], [ -90.514471769253632, 14.646732207678493 ] ], [ [ -90.514471769253632, 14.646732207678493 ], [ -90.514466604983838, 14.646722603058908 ] ], [ [ -90.514471769253632, 14.646732207678493 ], [ -90.514476006743735, 14.646722182300604 ] ] ] } },
{ "type": "Feature", "properties": { "kind": "L2", "value": "16.34986766045259", "building_uid": "2739" }, "geometry": { "type": "MultiLineString", "coordinates": [ [ [ -90.514451016162667, 14.646526932689714 ], [ -90.514432860019227, 14.646673567465077 ] ], [ [ -90.514432860019227, 14.646673567465077 ], [ -90.514423420944127, 14.646645494095884 ] ], [ [ -90.514432860019227, 14.646673567465077 ], [ -90.514448881122249, 14.646648482339131 ] ] ] } },
{ "type": "Feature", "properties": { "kind": "L2", "value": "12.678976745810127", "building_uid": "2743" }, "geometry": { "type": "MultiLineString", "coordinates": [ [ [ -90.513601252574915, 14.646312005724564 ], [ -90.513599582466, 14.646426529565625 ] ], [ [ -90.513599582466, 14.646426529565625 ], [ -90.513589942824154, 14.646405633357261 ] ], [ [ -90.513599582466, 14.646426529565625 ], [ -90.513609827562732, 14.646405908234177 ] ] ] } },
{ "type": "Feature", "properties": { "kind": "L2", "value": "8.34701342446762", "building_uid": "2754" }, "geometry": { "type": "MultiLineString", "coordinates": [ [ [ -90.513902883132204, 14.647643192971021 ], [ -90.513826954211936, 14.647628336578604 ] ], [ [ -90.513826954211936, 14.647628336578604 ], [ -90.513842006968488, 14.64762478109558 ] ], [ [ -90.513826954211936, 14.647628336578604 ], [ -90.513839427441852, 14.647637277850709 ] ] ] } },
{ "type": "Feature", "properties": { "kind": "L2", "value": "10.479617880295239", "building_uid": "2756" }, "geometry": { "type": "MultiLineString", "coordinates": [ [ [ -90.513886191303243, 14.647689851099647 ], [ -90.513870944805788, 14.647783347583561 ] ], [ [ -90.513870944805788, 14.647783347583561 ], [ -90.513865591477654, 14.647765145593844 ] ], [ [ -90.513870944805788, 14.647783347583561 ], [ -90.513881825344683, 14.647767654936978 ] ] ] } },
{ "type": "Feature", "properties": { "kind": "L2", "value": "8.29151168045425", "building_uid": "2760" }, "geometry": { "type": "MultiLineString", "coordinates": [ [ [ -90.513792646276983, 14.64764581576924 ], [ -90.513719466134233, 14.647622710198107 ] ], [ [ -90.513719466134233, 14.647622710198107 ], [ -90.513734736797844, 14.647620876177543 ] ], [ [ -90.513719466134233, 14.647622710198107 ], [ -90.513730724960993, 14.647632920525316 ] ] ] } },
{ "type": "Feature", "properties": { "kind": "L2", "value": "14.204895002436082", "building_uid": "2784" }, "geometry": { "type": "MultiLineString", "coordinates": [ [ [ -90.513649973392617, 14.648216217482569 ], [ -90.51351825761644, 14.648211652488669 ] ], [ [ -90.51351825761644, 14.648211652488669 ], [ -90.513542528936355, 14.64820164076585 ] ], [ [ -90.51351825761644, 14.648211652488669 ], [ -90.513541736307204, 14.648223319138236 ] ] ] } },
{ "type": "Feature", "properties": { "kind": "L2", "value": "21.35653418845772", "building_uid": "2802" }, "geometry": { "type": "MultiLineString", "coordinates": [ [ [ -90.512839198882389, 14.648041363566083 ], [ -90.512641452865495, 14.648053751689075 ] ], [ [ -90.512641452865495, 14.648053751689075 ], [ -90.512676221139685, 14.648035233236129 ] ], [ [ -90.512641452865495, 14.648053751689075 ], [ -90.512678372092424, 14.648067779186587 ] ] ] } },
{ "type": "Feature", "properties": { "kind": "L2", "value": "10.467699054469408", "building_uid": "2817" }, "geometry": { "type": "MultiLineString", "coordinates": [ [ [ -90.512748638475102, 14.64773087560221 ], [ -90.512727814507727, 14.647823236327376 ] ], [ [ -90.512727814507727, 14.647823236327376 ], [ -90.512723570760699, 14.647804781223932 ] ], [ [ -90.512727814507727, 14.647823236327376 ], [ -90.512739607427946, 14.647808208533565 ] ] ] } },
{ "type": "Feature", "properties": { "kind": "L2", "value": "8.624727890655334", "building_uid": "2823" }, "geometry": { "type": "MultiLineString", "coordinates": [ [ [ -90.512066098674168, 14.647989091684389 ], [ -90.511986861295213, 14.647978195699936 ] ], [ [ -90.511986861295213, 14.647978195699936 ], [ -90.512002169925751, 14.647973650096635 ] ], [ [ -90.511986861295213, 14.647978195699936 ], [ -90.512000278044198, 14.647986691353275 ] ] ] } },
{ "type": "Feature", "properties": { "kind": "L2", "value": "6.715080657034545", "building_uid": "2852" }, "geometry": { "type": "MultiLineString", "coordinates": [ [ [ -90.512208548574279, 14.647048776250871 ], [ -90.512205642018898, 14.647109370745016 ] ], [ [ -90.512205642018898, 14.647109370745016 ], [ -90.512200908347666, 14.647098148104318 ] ], [ [ -90.512205642018898, 14.647109370745016 ], [ -90.512211429384337, 14.647098626480926 ] ] ] } },
{ "type": "Feature", "properties": { "kind": "L2", "value": "14.555595299105617", "building_uid": "2857" }, "geometry": { "type": "MultiLineString", "coordinates": [ [ [ -90.512260160682345, 14.646087812461698 ], [ -90.512126383934429, 14.646069787623649 ] ], [ [ -90.512126383934429, 14.646069787623649 ], [ -90.512152197336533, 14.646062045942775 ] ], [ [ -90.512126383934429, 14.646069787623649 ], [ -90.512149067690288, 14.646084063735833 ] ] ] } },
{ "type": "Feature", "properties": { "kind": "L2", "value": "7.83322849502844", "building_uid": "2862" }, "geometry": { "type": "MultiLineString", "coordinates": [ [ [ -90.514788512090945, 14.645813872568066 ], [ -90.514716653935835, 14.645803265262087 ] ], [ [ -90.514716653935835, 14.645803265262087 ], [ -90.514730599925755, 14.645799274526212 ] ], [ [ -90.514716653935835, 14.645803265262087 ], [ -90.514728758186493, 14.645811101394687 ] ] ] } },
{ "type": "Feature", "properties": { "kind": "L2", "value": "4.323219758950896", "building_uid": "2866" }, "geometry": { "type": "MultiLineString", "coordinates": [ [ [ -90.514458649350118, 14.64569513685343 ], [ -90.514452205083671, 14.645733683344368 ] ], [ [ -90.514452205083671, 14.645733683344368 ], [ -90.514450026784644, 14.645726166028098 ] ], [ [ -90.514452205083671, 14.645733683344368 ], [ -90.514456719578774, 14.645727226666727 ] ] ] } },
{ "type": "Feature", "properties": { "kind": "L2", "value": "5.058717889765403", "building_uid": "2873" }, "geometry": { "type": "MultiLineString", "coordinates": [ [ [ -90.514021515167869, 14.644937449335421 ], [ -90.513975326268479, 14.644929326671264 ] ], [ [ -90.513975326268479, 14.644929326671264 ], [ -90.513984403703176, 14.644926997953045 ] ], [ [ -90.513975326268479, 14.644929326671264 ], [ -90.513982993376672, 14.644934600044275 ] ] ] } },
{ "type": "Feature", "properties": { "kind": "L2", "value": "10.57591144662464", "building_uid": "2880" }, "geometry": { "type": "MultiLineString", "coordinates": [ [ [ -90.514037325180297, 14.645216444399614 ], [ -90.51394262558091, 14.645191416357804 ] ], [ [ -90.51394262558091, 14.645191416357804 ], [ -90.513961963770001, 14.645188159831935 ] ], [ [ -90.51394262558091, 14.645191416357804 ], [ -90.51395761818128, 14.64520374613253 ] ] ] } },
{ "type": "Feature", "properties": { "kind": "L2", "value": "6.1526254397019144", "building_uid": "2881" }, "geometry": { "type": "MultiLineString", "coordinates": [ [ [ -90.514130671397098, 14.644959157606447 ], [ -90.51407472351876, 14.6449481150525 ] ], [ [ -90.51407472351876, 14.6449481150525 ], [ -90.514085823369214, 14.64494551249839 ] ], [ [ -90.51407472351876, 14.6449481150525 ], [ -90.514083906066219, 14.644954720789523 ] ] ] } },
{ "type": "Feature", "properties": { "kind": "L2", "value": "12.044424746936196", "building_uid": "2882" }, "geometry": { "type": "MultiLineString", "coordinates": [ [ [ -90.513663778993561, 14.645041584118388 ], [ -90.513571224100971, 14.645102558054122 ] ], [ [ -90.513571224100971, 14.645102558054122 ], [ -90.513582707339367, 14.645083889166139 ] ], [ [ -90.513571224100971, 14.645102558054122 ], [ -90.513593294157985, 14.64509912248765 ] ] ] } },
{ "type": "Feature", "properties": { "kind": "L2", "value": "12.252093394628503", "building_uid": "2891" }, "geometry": { "type": "MultiLineString", "coordinates": [ [ [ -90.512328689717464, 14.645318540934102 ], [ -90.512298830220416, 14.645425333693712 ] ], [ [ -90.512298830220416, 14.645425333693712 ], [ -90.512294971448597, 14.645403519034504 ] ], [ [ -90.512298830220416, 14.645425333693712 ], [ -90.512313513755871, 14.645408433510115 ] ] ] } },
{ "type": "Feature", "properties": { "kind": "L2", "value": "6.841950077550808", "building_uid": "2897" }, "geometry": { "type": "MultiLineString", "coordinates": [ [ [ -90.512527652893382, 14.645211356741054 ], [ -90.512464748427732, 14.645203040940389 ] ], [ [ -90.512464748427732, 14.645203040940389 ], [ -90.512476872519954, 14.645199371655282 ] ], [ [ -90.512464748427732, 14.645203040940389 ], [ -90.512475428657197, 14.645209724897862 ] ] ] } },
{ "type": "Feature", "properties": { "kind": "L2", "value": "5.508827211270849", "building_uid": "12745" }, "geometry": { "type": "MultiLineString", "coordinates": [ [ [ -90.514147704899855, 14.646225087698001 ], [ -90.514148268963893, 14.646274848611865 ] ], [ [ -90.514148268963893, 14.646274848611865 ], [ -90.514143846737738, 14.646265875289561 ] ], [ [ -90.514148268963893, 14.646274848611865 ], [ -90.514152486704035, 14.646265782452618 ] ] ] } },
{ "type": "Feature", "properties": { "kind": "L2", "value": "8.352743166139705", "building_uid": "12746" }, "geometry": { "type": "MultiLineString", "coordinates": [ [ [ -90.514409913759565, 14.646261135705634 ], [ -90.514410832206153, 14.646336584855737 ] ], [ [ -90.514410832206153, 14.646336584855737 ], [ -90.514404115623734, 14.64632298440681 ] ], [ [ -90.514410832206153, 14.646336584855737 ], [ -90.514417215831003, 14.646322833243621 ] ] ] } },
{ "type": "Feature", "properties": { "kind": "L2", "value": "20.633783609893932", "building_uid": "12782" }, "geometry": { "type": "MultiLineString", "coordinates": [ [ [ -90.513379465514944, 14.644339134251082 ], [ -90.513367762483412, 14.644525180694655 ] ], [ [ -90.513367762483412, 14.644525180694655 ], [ -90.513353732346786, 14.644490494539999 ] ], [ [ -90.513367762483412, 14.644525180694655 ], [ -90.513386035246583, 14.644492420712931 ] ] ] } },
{ "type": "Feature", "properties": { "kind": "L2", "value": "11.488601313992845", "building_uid": "12783" }, "geometry": { "type": "MultiLineString", "coordinates": [ [ [ -90.513204464606005, 14.643677288395109 ], [ -90.51312058627849, 14.643613245847291 ] ], [ [ -90.51312058627849, 14.643613245847291 ], [ -90.513141349963817, 14.64361795162023 ] ], [ [ -90.51312058627849, 14.643613245847291 ], [ -90.513130230417829, 14.643631756981481 ] ] ] } },
{ "type": "Feature", "properties": { "kind": "L2", "value": "17.840070212822003", "building_uid": "12784" }, "geometry": { "type": "MultiLineString", "coordinates": [ [ [ -90.513655392442246, 14.64353308491004 ], [ -90.513489963989997, 14.643527597833229 ] ], [ [ -90.513489963989997, 14.643527597833229 ], [ -90.513520426163339, 14.643514978665795 ] ], [ [ -90.513489963989997, 14.643527597833229 ], [ -90.513519473450117, 14.643542206210096 ] ] ] } },
{ "type": "Feature", "properties": { "kind": "L2", "value": "32.832460949669475", "building_uid": "12785" }, "geometry": { "type": "MultiLineString", "coordinates": [ [ [ -90.513407044290986, 14.643919164700685 ], [ -90.513102492772532, 14.643925804705592 ] ], [ [ -90.513102492772532, 14.643925804705592 ], [ -90.513157119818104, 14.643899538435166 ] ], [ [ -90.513102492772532, 14.643925804705592 ], [ -90.51315827268462, 14.643949663880408 ] ] ] } },
{ "type": "Feature", "properties": { "kind": "L2", "value": "21.43723488399167", "building_uid": "12786" }, "geometry": { "type": "MultiLineString", "coordinates": [ [ [ -90.51357985731795, 14.644011788966804 ], [ -90.513384156558189, 14.643977194728311 ] ], [ [ -90.513384156558189, 14.643977194728311 ], [ -90.513422632839948, 14.643967360378593 ] ], [ [ -90.513384156558189, 14.643977194728311 ], [ -90.513416626311766, 14.643999570312035 ] ] ] } },
{ "type": "Feature", "properties": { "kind": "L2", "value": "8.10798536485066", "building_uid": "12788" }, "geometry": { "type": "MultiLineString", "coordinates": [ [ [ -90.51439389241645, 14.644537768921708 ], [ -90.514359101682828, 14.644602709143898 ] ], [ [ -90.514359101682828, 14.644602709143898 ], [ -90.514359770179439, 14.644588074922687 ] ], [ [ -90.514359101682828, 14.644602709143898 ], [ -90.514371045634888, 14.64459380103467 ] ] ] } },
{ "type": "Feature", "properties": { "kind": "L2", "value": "12.457270370530212", "building_uid": "12846" }, "geometry": { "type": "MultiLineString", "coordinates": [ [ [ -90.512465142586336, 14.644014564284422 ], [ -90.512434723486422, 14.644123129595464 ] ], [ [ -90.512434723486422, 14.644123129595464 ], [ -90.512430812322819, 14.644100947574174 ] ], [ [ -90.512434723486422, 14.644123129595464 ], [ -90.512449662282819, 14.644105954183114 ] ] ] } },
{ "type": "Feature", "properties": { "kind": "L2", "value": "7.9765691510907", "building_uid": "12847" }, "geometry": { "type": "MultiLineString", "coordinates": [ [ [ -90.51249081854499, 14.643927661035276 ], [ -90.512417658198956, 14.643916782871182 ] ], [ [ -90.512417658198956, 14.643916782871182 ], [ -90.512431863732246, 14.64391273401769 ] ], [ [ -90.512417658198956, 14.643916782871182 ], [ -90.512429974980492, 14.643924775313836 ] ] ] } },
{ "type": "Feature", "properties": { "kind": "L2", "value": "9.343540244481922", "building_uid": "12848" }, "geometry": { "type": "MultiLineString", "coordinates": [ [ [ -90.512367604206787, 14.643886531408157 ], [ -90.512352343223299, 14.643969617998843 ] ], [ [ -90.512352343223299, 14.643969617998843 ], [ -90.512347896386601, 14.643953301708464 ] ], [ [ -90.512352343223299, 14.643969617998843 ], [ -90.512362322521838, 14.643955813479845 ] ] ] } },
{ "type": "Feature", "properties": { "kind": "L2", "value": "6.370038554225948", "building_uid": "12856" }, "geometry": { "type": "MultiLineString", "coordinates": [ [ [ -90.511809241327924, 14.647563292870087 ], [ -90.511798969440036, 14.647619960758989 ] ], [ [ -90.511798969440036, 14.647619960758989 ], [ -90.511795911697817, 14.64760884375001 ] ], [ [ -90.511798969440036, 14.647619960758989 ], [ -90.511805750980244, 14.647610534348509 ] ] ] } },
{ "type": "Feature", "properties": { "kind": "L2", "value": "7.755520881698891", "building_uid": "12915" }, "geometry": { "type": "MultiLineString", "coordinates": [ [ [ -90.514987512628423, 14.645418426532189 ], [ -90.514993038430248, 14.645488279136325 ] ], [ [ -90.514993038430248, 14.645488279136325 ], [ -90.51498597259797, 14.6454760722808 ] ], [ [ -90.514993038430248, 14.645488279136325 ], [ -90.514998101031651, 14.645475162808056 ] ] ] } },
{ "type": "Feature", "properties": { "kind": "L2", "value": "16.717605940649182", "building_uid": "12919" }, "geometry": { "type": "MultiLineString", "coordinates": [ [ [ -90.513896344761378, 14.644237144753436 ], [ -90.513879003859117, 14.644387216375184 ] ], [ [ -90.513879003859117, 14.644387216375184 ], [ -90.513869118780136, 14.644358587111254 ] ], [ [ -90.513879003859117, 14.644387216375184 ], [ -90.513895175422277, 14.644361441207643 ] ] ] } },
{ "type": "Feature", "properties": { "kind": "L2", "value": "7.537662877379821", "building_uid": "12951" }, "geometry": { "type": "MultiLineString", "coordinates": [ [ [ -90.514569432015222, 14.64590703102162 ], [ -90.514500398416388, 14.645896121766278 ] ], [ [ -90.514500398416388, 14.645896121766278 ], [ -90.514513858636846, 14.645892418206179 ] ], [ [ -90.514500398416388, 14.645896121766278 ], [ -90.514511964469619, 14.645903780186476 ] ] ] } },
{ "type": "Feature", "properties": { "kind": "L2", "value": "8.424524208255185", "building_uid": "12956" }, "geometry": { "type": "MultiLineString", "coordinates": [ [ [ -90.514467960647892, 14.647333527443962 ], [ -90.514390595706644, 14.647322659164924 ] ], [ [ -90.514390595706644, 14.647322659164924 ], [ -90.514405562528083, 14.647318262607584 ] ], [ [ -90.514390595706644, 14.647322659164924 ], [ -90.51440367546283, 14.647330995728263 ] ] ] } },
{ "type": "Feature", "properties": { "kind": "L2", "value": "11.980428106105933", "building_uid": "12987" }, "geometry": { "type": "MultiLineString", "coordinates": [ [ [ -90.515159057170806, 14.644147050162058 ], [ -90.515170630907605, 14.644254687122976 ] ], [ [ -90.515170630907605, 14.644254687122976 ], [ -90.51515918864159, 14.644236129125915 ] ], [ [ -90.515170630907605, 14.644254687122976 ], [ -90.515177877426069, 14.64423422423326 ] ] ] } },
{ "type": "Feature", "properties": { "kind": "L2", "value": "7.776652409444843", "building_uid": "12997" }, "geometry": { "type": "MultiLineString", "coordinates": [ [ [ -90.512900733786481, 14.645525078163203 ], [ -90.512857608581726, 14.64558140020819 ] ], [ [ -90.512857608581726, 14.64558140020819 ], [ -90.512860535954957, 14.645567642273701 ] ], [ [ -90.512857608581726, 14.64558140020819 ], [ -90.512870315095654, 14.645574740101157 ] ] ] } },
{ "type": "Feature", "properties": { "kind": "L2", "value": "8.305377703127023", "building_uid": "1000003" }, "geometry": { "type": "MultiLineString", "coordinates": [ [ [ -90.514412373882578, 14.642882550630478 ], [ -90.514336107305496, 14.642871818111852 ] ], [ [ -90.514336107305496, 14.642871818111852 ], [ -90.514350863230518, 14.642867487204519 ] ], [ [ -90.514336107305496, 14.642871818111852 ], [ -90.514348999775763, 14.642880039808789 ] ] ] } },
{ "type": "Feature", "properties": { "kind": "L2", "value": "8.582526527612425", "building_uid": "1000002" }, "geometry": { "type": "MultiLineString", "coordinates": [ [ [ -90.514400185377724, 14.642990926503874 ], [ -90.514331401566864, 14.643029990741617 ] ], [ [ -90.514331401566864, 14.643029990741617 ], [ -90.514340478127238, 14.643017249388516 ] ], [ [ -90.514331401566864, 14.643029990741617 ], [ -90.514347260731313, 14.643028570409152 ] ] ] } },
{ "type": "Feature", "properties": { "kind": "L2", "value": "8.971886966613713", "building_uid": "1000004" }, "geometry": { "type": "MultiLineString", "coordinates": [ [ [ -90.515115372769827, 14.643168003624776 ], [ -90.515032145494715, 14.643166415539955 ] ], [ [ -90.515032145494715, 14.643166415539955 ], [ -90.515047369267833, 14.64315985428229 ] ], [ [ -90.515032145494715, 14.643166415539955 ], [ -90.515047093531635, 14.643173552519466 ] ] ] } },
{ "type": "Feature", "properties": { "kind": "L2", "value": "6.4171293745862235", "building_uid": "1000005" }, "geometry": { "type": "MultiLineString", "coordinates": [ [ [ -90.512524447862205, 14.643439384632362 ], [ -90.5124930221005, 14.643488621247284 ] ], [ [ -90.5124930221005, 14.643488621247284 ], [ -90.512494443973111, 14.643477110388902 ] ], [ [ -90.5124930221005, 14.643488621247284 ], [ -90.512502992795262, 14.643482282695583 ] ] ] } },
{ "type": "Feature", "properties": { "kind": "L2", "value": "6.12473523881751", "building_uid": "1000012" }, "geometry": { "type": "MultiLineString", "coordinates": [ [ [ -90.513083776005686, 14.644306551204572 ], [ -90.513074150960421, 14.644361079525162 ] ], [ [ -90.513074150960421, 14.644361079525162 ], [ -90.513071161789, 14.644350403556038 ] ], [ [ -90.513074150960421, 14.644361079525162 ], [ -90.513080629434327, 14.64435198771778 ] ] ] } },
{ "type": "Feature", "properties": { "kind": "L2", "value": "10.751651332869935", "building_uid": "1000007" }, "geometry": { "type": "MultiLineString", "coordinates": [ [ [ -90.514047034702784, 14.64373435591353 ], [ -90.513947923109924, 14.643723329815932 ] ], [ [ -90.513947923109924, 14.643723329815932 ], [ -90.513966845448508, 14.643717172142702 ] ], [ [ -90.513947923109924, 14.643723329815932 ], [ -90.513964931012069, 14.643733484710427 ] ] ] } },
{ "type": "Feature", "properties": { "kind": "L2", "value": "4.727230789546006", "building_uid": "1000008" }, "geometry": { "type": "MultiLineString", "coordinates": [ [ [ -90.514442960447681, 14.64449146576279 ], [ -90.514399464303594, 14.644485972207669 ] ], [ [ -90.514399464303594, 14.644485972207669 ], [ -90.514407825400269, 14.644483388521847 ] ], [ [ -90.514399464303594, 14.644485972207669 ], [ -90.51440687156402, 14.644490547435359 ] ] ] } },
{ "type": "Feature", "properties": { "kind": "L2", "value": "6.3404972537853705", "building_uid": "1000009" }, "geometry": { "type": "MultiLineString", "coordinates": [ [ [ -90.514698764462395, 14.643875348797017 ], [ -90.514641296231346, 14.643863101764579 ] ], [ [ -90.514641296231346, 14.643863101764579 ], [ -90.514652776223841, 14.643860592397376 ] ], [ [ -90.514641296231346, 14.643863101764579 ], [ -90.514650649799648, 14.643870050966083 ] ] ] } },
{ "type": "Feature", "properties": { "kind": "L2", "value": "8.281791693826339", "building_uid": "1000011" }, "geometry": { "type": "MultiLineString", "coordinates": [ [ [ -90.514914062206913, 14.643951847373675 ], [ -90.514893930640937, 14.644024047708543 ] ], [ [ -90.514893930640937, 14.644024047708543 ], [ -90.514891311729926, 14.644009303859335 ] ], [ [ -90.514893930640937, 14.644024047708543 ], [ -90.514903847712588, 14.644012617267945 ] ] ] } },
{ "type": "Feature", "properties": { "kind": "L2", "value": "12.562234246452004", "building_uid": "182" }, "geometry": { "type": "MultiLineString", "coordinates": [ [ [ -90.514639559666421, 14.644113540519839 ], [ -90.514705459065127, 14.644207142322102 ] ], [ [ -90.514705459065127, 14.644207142322102 ], [ -90.514685388091038, 14.644195599025709 ] ], [ [ -90.514705459065127, 14.644207142322102 ], [ -90.514701639975769, 14.644184752802806 ] ] ] } },
{ "type": "Feature", "properties": { "kind": "L2", "value": "12.04033972062633", "building_uid": "1000013" }, "geometry": { "type": "MultiLineString", "coordinates": [ [ [ -90.514843844816227, 14.644121901597 ], [ -90.514872703486787, 14.644226976167898 ] ], [ [ -90.514872703486787, 14.644226976167898 ], [ -90.514858350577839, 14.644210305076516 ] ], [ [ -90.514872703486787, 14.644226976167898 ], [ -90.514876594457505, 14.64420555529817 ] ] ] } },
{ "type": "Feature", "properties": { "kind": "L2", "value": "9.580818134685883", "building_uid": "1000016" }, "geometry": { "type": "MultiLineString", "coordinates": [ [ [ -90.514698500656266, 14.645241324409685 ], [ -90.514685122121676, 14.645326886905019 ] ], [ [ -90.514685122121676, 14.645326886905019 ], [ -90.514680119079898, 14.645310276749182 ] ], [ [ -90.514685122121676, 14.645326886905019 ], [ -90.514694975193919, 14.645312478678754 ] ] ] } },
{ "type": "Feature", "properties": { "kind": "L2", "value": "6.241860774315517", "building_uid": "1000019" }, "geometry": { "type": "MultiLineString", "coordinates": [ [ [ -90.514888333001394, 14.645403746793379 ], [ -90.514879339262123, 14.645459448561306 ] ], [ [ -90.514879339262123, 14.645459448561306 ], [ -90.514876133762968, 14.64544861184754 ] ], [ [ -90.514879339262123, 14.645459448561306 ], [ -90.514885805200691, 14.645450092096752 ] ] ] } },
{ "type": "Feature", "properties": { "kind": "L2", "value": "6.499834692333464", "building_uid": "1000015" }, "geometry": { "type": "MultiLineString", "coordinates": [ [ [ -90.514596630672031, 14.64515707718807 ], [ -90.514549912834781, 14.645194208007467 ] ], [ [ -90.514549912834781, 14.645194208007467 ], [ -90.514555157496105, 14.645183633048459 ] ], [ [ -90.514549912834781, 14.645194208007467 ], [ -90.514561604471709, 14.645191322187912 ] ] ] } },
{ "type": "Feature", "properties": { "kind": "L2", "value": "13.957647530367874", "building_uid": "2861" }, "geometry": { "type": "MultiLineString", "coordinates": [ [ [ -90.512331307686978, 14.646467182937007 ], [ -90.51220543496234, 14.646437534415805 ] ], [ [ -90.51220543496234, 14.646437534415805 ], [ -90.512230824778896, 14.646432550125228 ] ], [ [ -90.51220543496234, 14.646437534415805 ], [ -90.512225676911072, 14.6464532669899 ] ] ] } },
{ "type": "Feature", "properties": { "kind": "L2", "value": "9.769071605873876", "building_uid": "1000023" }, "geometry": { "type": "MultiLineString", "coordinates": [ [ [ -90.512123832265573, 14.647417166773961 ], [ -90.512121099018557, 14.647505375332894 ] ], [ [ -90.512121099018557, 14.647505375332894 ], [ -90.512113936601253, 14.647489161586085 ] ], [ [ -90.512121099018557, 14.647505375332894 ], [ -90.51212925230233, 14.647489611438063 ] ] ] } },
{ "type": "Feature", "properties": { "kind": "L2", "value": "5.248430037605982", "building_uid": "1000020" }, "geometry": { "type": "MultiLineString", "coordinates": [ [ [ -90.512156198237193, 14.647170823256667 ], [ -90.512112114899651, 14.647150679960726 ] ], [ [ -90.512112114899651, 14.647150679960726 ], [ -90.512121854256691, 14.647150703432221 ] ], [ [ -90.512112114899651, 14.647150679960726 ], [ -90.512118356770031, 14.647157958900651 ] ] ] } },
{ "type": "Feature", "properties": { "kind": "L2", "value": "10.976105605974233", "building_uid": "1000021" }, "geometry": { "type": "MultiLineString", "coordinates": [ [ [ -90.512202388738729, 14.647162959947286 ], [ -90.512201150667465, 14.647262105032443 ] ], [ [ -90.512201150667465, 14.647262105032443 ], [ -90.512192767784498, 14.64724403195547 ] ], [ [ -90.512201150667465, 14.647262105032443 ], [ -90.512209982381194, 14.647244235724152 ] ] ] } },
{ "type": "Feature", "properties": { "kind": "L2", "value": "9.577469332129038", "building_uid": "1000024" }, "geometry": { "type": "MultiLineString", "coordinates": [ [ [ -90.514258164456791, 14.647299227890445 ], [ -90.514169375012528, 14.647295694019855 ] ], [ [ -90.514169375012528, 14.647295694019855 ], [ -90.514185775919429, 14.647289027864003 ] ], [ [ -90.514169375012528, 14.647295694019855 ], [ -90.514185162330207, 14.64730364129044 ] ] ] } },
{ "type": "Feature", "properties": { "kind": "L2", "value": "13.810263318449802", "building_uid": "1000001" }, "geometry": { "type": "MultiLineString", "coordinates": [ [ [ -90.514312863003227, 14.643136117995427 ], [ -90.514186126051598, 14.643117741084522 ] ], [ [ -90.514186126051598, 14.643117741084522 ], [ -90.514210693952577, 14.643110642404467 ] ], [ [ -90.514186126051598, 14.643117741084522 ], [ -90.514207503220049, 14.643131501829286 ] ] ] } },
{ "type": "Feature", "properties": { "kind": "L2", "value": "13.577013505729278", "building_uid": "1000017" }, "geometry": { "type": "MultiLineString", "coordinates": [ [ [ -90.514674502274616, 14.64581172716578 ], [ -90.514549075091537, 14.645823123357347 ] ], [ [ -90.514549075091537, 14.645823123357347 ], [ -90.514570820864236, 14.645810735872811 ] ], [ [ -90.514549075091537, 14.645823123357347 ], [ -90.514572799572221, 14.645831379469376 ] ] ] } }
]
}
