{"type": "FeatureCollection", "features": [{"id": "0", "type": "Feature", "properties": {"kind": "contact_force", "id": 2}, "geometry": {"type": "MultiLineString", "coordinates": [[[-69.93977404670453, 18.464212202462413], [-69.94006690415779, 18.464050575488567]], [[-69.94006690415779, 18.464050575488567], [-69.94002813633094, 18.464103493764657]], [[-69.94006690415779, 18.464050575488567], [-69.93999950447609, 18.464056250789085]]]}}, {"id": "1", "type": "Feature", "properties": {"kind": "contact_force", "id": 3}, "geometry": {"type": "MultiLineString", "coordinates": [[[-69.9401247327144, 18.46636854614364], [-69.94014227433142, 18.466004604072314]], [[-69.94014227433142, 18.466004604072314], [-69.94017133082451, 18.466071987643634]], [[-69.94014227433142, 18.466004604072314], [-69.94010685860233, 18.46606915791058]]]}}, {"id": "2", "type": "Feature", "properties": {"kind": "contact_force", "id": 5}, "geometry": {"type": "MultiLineString", "coordinates": [[[-69.94738752266117, 18.46037351581135], [-69.94767277461918, 18.460247574859086]], [[-69.94767277461918, 18.460247574859086], [-69.94763222426845, 18.46029341170104]], [[-69.94767277461918, 18.460247574859086], [-69.94760991460893, 18.460247394583753]]]}}, {"id": "3", "type": "Feature", "properties": {"kind": "contact_force", "id": 7}, "geometry": {"type": "MultiLineString", "coordinates": [[[-69.94112042245008, 18.46500912473455], [-69.94110074389448, 18.465024906931074]], [[-69.94110074389448, 18.465024906931074], [-69.94110291296356, 18.46502045898765]], [[-69.94110074389448, 18.465024906931074], [-69.94110570875723, 18.46502363346373]]]}}, {"id": "4", "type": "Feature", "properties": {"kind": "contact_force", "id": 8}, "geometry": {"type": "MultiLineString", "coordinates": [[[-69.94769302394752, 18.462804952290597], [-69.94741748736037, 18.46286775879018]], [[-69.94741748736037, 18.46286775879018], [-69.9474618686092, 18.462834149825508]], [[-69.94741748736037, 18.46286775879018], [-69.94747299452746, 18.462878599004867]]]}}, {"id": "5", "type": "Feature", "properties": {"kind": "contact_force", "id": 9}, "geometry": {"type": "MultiLineString", "coordinates": [[[-69.94752678201586, 18.463246586601663], [-69.94735077971588, 18.462709630080738]], [[-69.94735077971588, 18.462709630080738], [-69.94743024200521, 18.46279276347449]], [[-69.94735077971588, 18.462709630080738], [-69.9473351221466, 18.462821155861896]]]}}, {"id": "6", "type": "Feature", "properties": {"kind": "contact_force", "id": 12}, "geometry": {"type": "MultiLineString", "coordinates": [[[-69.94976007437214, 18.463050155201437], [-69.94937397528788, 18.462830812074284]], [[-69.94937397528788, 18.462830812074284], [-69.94946338807416, 18.462839428163456]], [[-69.94937397528788, 18.462830812074284], [-69.94942453219554, 18.462901713061047]]]}}, {"id": "7", "type": "Feature", "properties": {"kind": "contact_force", "id": 14}, "geometry": {"type": "MultiLineString", "coordinates": [[[-69.94128708545662, 18.46449750809792], [-69.94125324282679, 18.464118012372534]], [[-69.94125324282679, 18.464118012372534], [-69.94129299058031, 18.464184070661815]], [[-69.94125324282679, 18.464118012372534], [-69.94122576377937, 18.464189530053865]]]}}, {"id": "8", "type": "Feature", "properties": {"kind": "contact_force", "id": 15}, "geometry": {"type": "MultiLineString", "coordinates": [[[-69.94973573331032, 18.46468539152733], [-69.9500944727971, 18.463320503200187]], [[-69.9500944727971, 18.463320503200187], [-69.95015034051934, 18.46359684040629]], [[-69.9500944727971, 18.463320503200187], [-69.94990855452318, 18.463538969574216]]]}}, {"id": "9", "type": "Feature", "properties": {"kind": "contact_force", "id": 16}, "geometry": {"type": "MultiLineString", "coordinates": [[[-69.94979487132719, 18.464460391797022], [-69.95003533549226, 18.463545503015308]], [[-69.95003533549226, 18.463545503015308], [-69.95007278377157, 18.463730732693552]], [[-69.95003533549226, 18.463545503015308], [-69.94991071375625, 18.463691941673495]]]}}, {"id": "10", "type": "Feature", "properties": {"kind": "contact_force", "id": 17}, "geometry": {"type": "MultiLineString", "coordinates": [[[-69.94790916757577, 18.463597062976927], [-69.94861846165341, 18.463966293120748]], [[-69.94861846165341, 18.463966293120748], [-69.9484571896725, 18.46395657697223]], [[-69.94861846165341, 18.463966293120748], [-69.94852259767829, 18.463842155218792]]]}}, {"id": "11", "type": "Feature", "properties": {"kind": "contact_force", "id": 18}, "geometry": {"type": "MultiLineString", "coordinates": [[[-69.94759831073836, 18.463422777508118], [-69.9474760963816, 18.462999282261407]], [[-69.9474760963816, 18.462999282261407], [-69.94753575946064, 18.46306618798181]], [[-69.9474760963816, 18.462999282261407], [-69.94746073873117, 18.463085903368192]]]}}, {"id": "12", "type": "Feature", "properties": {"kind": "contact_force", "id": 19}, "geometry": {"type": "MultiLineString", "coordinates": [[[-69.94713547653443, 18.462977094050434], [-69.94777462383777, 18.46330890918132]], [[-69.94777462383777, 18.46330890918132], [-69.94762938089819, 18.463300317127196]], [[-69.94777462383777, 18.46330890918132], [-69.94768816073555, 18.46319721091461]]]}}, {"id": "13", "type": "Feature", "properties": {"kind": "contact_force", "id": 21}, "geometry": {"type": "MultiLineString", "coordinates": [[[-69.94794383714118, 18.46453858944152], [-69.94794575651434, 18.46454540998884]], [[-69.94794575651434, 18.46454540998884], [-69.94794480448232, 18.464544328499546]], [[-69.94794575651434, 18.46454540998884], [-69.9479460127292, 18.464544018872083]]]}}, {"id": "14", "type": "Feature", "properties": {"kind": "contact_force", "id": 22}, "geometry": {"type": "MultiLineString", "coordinates": [[[-69.94753723907684, 18.46444966970493], [-69.94687711061265, 18.46259859872909]], [[-69.94687711061265, 18.46259859872909], [-69.94716072073287, 18.46288088183365]], [[-69.94687711061265, 18.46259859872909], [-69.94683280998186, 18.462987371991645]]]}}, {"id": "15", "type": "Feature", "properties": {"kind": "contact_force", "id": 23}, "geometry": {"type": "MultiLineString", "coordinates": [[[-69.94453166153491, 18.465322259633126], [-69.94544602771938, 18.464821997548956]], [[-69.94544602771938, 18.464821997548956], [-69.94532459915439, 18.464986427226687]], [[-69.94544602771938, 18.464821997548956], [-69.9452359782544, 18.464838925050724]]]}}, {"id": "16", "type": "Feature", "properties": {"kind": "contact_force", "id": 24}, "geometry": {"type": "MultiLineString", "coordinates": [[[-69.94715627762214, 18.465019175137137], [-69.94815719139699, 18.464597128486375]], [[-69.94815719139699, 18.464597128486375], [-69.94801314715453, 18.464754361684655]], [[-69.94815719139699, 18.464597128486375], [-69.94793838205437, 18.464592897699355]]]}}, {"id": "17", "type": "Feature", "properties": {"kind": "contact_force", "id": 32}, "geometry": {"type": "MultiLineString", "coordinates": [[[-69.94002833473053, 18.468580809854085], [-69.93985243663381, 18.46867195664062]], [[-69.93985243663381, 18.46867195664062], [-69.93987624678093, 18.468641247909186]], [[-69.93985243663381, 18.46867195664062], [-69.9398923936424, 18.468669622577796]]]}}, {"id": "18", "type": "Feature", "properties": {"kind": "contact_force", "id": 69}, "geometry": {"type": "MultiLineString", "coordinates": [[[-69.94195180754072, 18.4659432259351], [-69.94670498541434, 18.46353807869351]], [[-69.94670498541434, 18.46353807869351], [-69.94605646373493, 18.464357429613468]], [[-69.94670498541434, 18.46353807869351], [-69.94563039151073, 18.463590665841725]]]}}, {"id": "19", "type": "Feature", "properties": {"kind": "contact_force", "id": 70}, "geometry": {"type": "MultiLineString", "coordinates": [[[-69.94721029591736, 18.463244343725812], [-69.94182277264864, 18.465970483727965]], [[-69.94182277264864, 18.465970483727965], [-69.94255787472797, 18.46504179843477]], [[-69.94182277264864, 18.465970483727965], [-69.94304079960527, 18.465910901582706]]]}}, {"id": "20", "type": "Feature", "properties": {"kind": "contact_force", "id": 85}, "geometry": {"type": "MultiLineString", "coordinates": [[[-69.94677850967562, 18.464012705631507], [-69.94604104667395, 18.46432660779867]], [[-69.94604104667395, 18.46432660779867], [-69.94614691712263, 18.464210226790712]], [[-69.94604104667395, 18.46432660779867], [-69.94620252404466, 18.46432919241937]]]}}, {"id": "21", "type": "Feature", "properties": {"kind": "contact_force", "id": 92}, "geometry": {"type": "MultiLineString", "coordinates": [[[-69.94516879326284, 18.464323475161553], [-69.9470506264601, 18.464167213291]], [[-69.9470506264601, 18.464167213291], [-69.94672336402068, 18.46434732494378]], [[-69.9470506264601, 18.464167213291], [-69.94669568153996, 18.46404375292427]]]}}, {"id": "22", "type": "Feature", "properties": {"kind": "contact_force", "id": 102}, "geometry": {"type": "MultiLineString", "coordinates": [[[-69.9467562829231, 18.46509228653354], [-69.94681878607257, 18.46532538836652]], [[-69.94681878607257, 18.46532538836652], [-69.94678680977938, 18.46528817735854]], [[-69.94681878607257, 18.46532538836652], [-69.9468281035008, 18.465278094574764]]]}}, {"id": "23", "type": "Feature", "properties": {"kind": "contact_force", "id": 103}, "geometry": {"type": "MultiLineString", "coordinates": [[[-69.94675797577152, 18.465367663934032], [-69.94670307451383, 18.464993595167158]], [[-69.94670307451383, 18.464993595167158], [-69.94674615886485, 18.465056971223156]], [[-69.94670307451383, 18.464993595167158], [-69.94667989309463, 18.465065827686075]]]}}, {"id": "24", "type": "Feature", "properties": {"kind": "contact_force", "id": 104}, "geometry": {"type": "MultiLineString", "coordinates": [[[-69.94668917165237, 18.464783506330974], [-69.94680788467201, 18.46549653746988]], [[-69.94680788467201, 18.46549653746988], [-69.94672321012561, 18.465376867531823]], [[-69.94680788467201, 18.46549653746988], [-69.94684952283006, 18.465357717143174]]]}}, {"id": "25", "type": "Feature", "properties": {"kind": "contact_force", "id": 107}, "geometry": {"type": "MultiLineString", "coordinates": [[[-69.94694128239301, 18.465349353921518], [-69.9466842769217, 18.46512270228131]], [[-69.9466842769217, 18.46512270228131], [-69.94675093761764, 18.465143055960038]], [[-69.9466842769217, 18.46512270228131], [-69.94671078654515, 18.46518451511623]]]}}, {"id": "26", "type": "Feature", "properties": {"kind": "contact_force", "id": 108}, "geometry": {"type": "MultiLineString", "coordinates": [[[-69.94659366082915, 18.46531843528394], [-69.94686366726006, 18.465208483149304]], [[-69.94686366726006, 18.465208483149304], [-69.94682446445668, 18.4652501914833]], [[-69.94686366726006, 18.465208483149304], [-69.94680498654704, 18.46520663505995]]]}}, {"id": "27", "type": "Feature", "properties": {"kind": "contact_force", "id": 132}, "geometry": {"type": "MultiLineString", "coordinates": [[[-69.94917950329175, 18.461416548242443], [-69.94869308432597, 18.46158983239979]], [[-69.94869308432597, 18.46158983239979], [-69.94876590529137, 18.461519188199606]], [[-69.94869308432597, 18.46158983239979], [-69.94879660163933, 18.461597657264942]]]}}, {"id": "28", "type": "Feature", "properties": {"kind": "contact_force", "id": 139}, "geometry": {"type": "MultiLineString", "coordinates": [[[-69.94864090289343, 18.461608190429775], [-69.94894526998569, 18.46149972859366]], [[-69.94894526998569, 18.46149972859366], [-69.94889970670914, 18.461543938804894]], [[-69.94894526998569, 18.46149972859366], [-69.94888049321862, 18.461494838374573]]]}}, {"id": "29", "type": "Feature", "properties": {"kind": "contact_force", "id": 140}, "geometry": {"type": "MultiLineString", "coordinates": [[[-69.94833735255484, 18.462164071273236], [-69.94940321300098, 18.461902223267213]], [[-69.94940321300098, 18.461902223267213], [-69.94923320649646, 18.462035658587357]], [[-69.94940321300098, 18.461902223267213], [-69.94918682100278, 18.461863714766032]]]}}, {"id": "30", "type": "Feature", "properties": {"kind": "contact_force", "id": 146}, "geometry": {"type": "MultiLineString", "coordinates": [[[-69.9496011126097, 18.46167260135839], [-69.94874523970965, 18.462333153710976]], [[-69.94874523970965, 18.462333153710976], [-69.94884187019315, 18.462144386692792]], [[-69.94874523970965, 18.462333153710976], [-69.948958883965, 18.46228245574847]]]}}, {"id": "31", "type": "Feature", "properties": {"kind": "contact_force", "id": 147}, "geometry": {"type": "MultiLineString", "coordinates": [[[-69.94916144501035, 18.46223727873845], [-69.9489138717176, 18.461848168315818]], [[-69.9489138717176, 18.461848168315818], [-69.94899321170975, 18.461898729937207]], [[-69.9489138717176, 18.461848168315818], [-69.94892428258878, 18.461938668268694]]]}}, {"id": "32", "type": "Feature", "properties": {"kind": "contact_force", "id": 149}, "geometry": {"type": "MultiLineString", "coordinates": [[[-69.94952037740063, 18.462196697282753], [-69.94916570429763, 18.46230952485375]], [[-69.94916570429763, 18.46230952485375], [-69.94921999949202, 18.462260465812726]], [[-69.94916570429763, 18.46230952485375], [-69.94923998637798, 18.46231768138712]]]}}, {"id": "33", "type": "Feature", "properties": {"kind": "contact_force", "id": 150}, "geometry": {"type": "MultiLineString", "coordinates": [[[-69.94928913274575, 18.46227405150457], [-69.9492602244408, 18.4622775095648]], [[-69.9492602244408, 18.4622775095648], [-69.94926515811513, 18.46227455102054]], [[-69.9492602244408, 18.4622775095648], [-69.94926577069545, 18.462279214482944]]]}}, {"id": "34", "type": "Feature", "properties": {"kind": "contact_force", "id": 151}, "geometry": {"type": "MultiLineString", "coordinates": [[[-69.94878642219116, 18.46242754455613], [-69.94953880713953, 18.462198301301893]], [[-69.94953880713953, 18.462198301301893], [-69.94942273364553, 18.462300541502543]], [[-69.94953880713953, 18.462198301301893], [-69.94938212403007, 18.462179167507244]]]}}, {"id": "35", "type": "Feature", "properties": {"kind": "contact_force", "id": 152}, "geometry": {"type": "MultiLineString", "coordinates": [[[-69.94803366270693, 18.46205816067261], [-69.94808781874548, 18.462180349345754]], [[-69.94808781874548, 18.462180349345754], [-69.94806717973948, 18.462162569445162]], [[-69.94808781874548, 18.462180349345754], [-69.94808882492322, 18.4621538330304]]]}}, {"id": "36", "type": "Feature", "properties": {"kind": "contact_force", "id": 164}, "geometry": {"type": "MultiLineString", "coordinates": [[[-69.94917789329166, 18.462073687801798], [-69.94833870584755, 18.462383310730278]], [[-69.94833870584755, 18.462383310730278], [-69.9484633944224, 18.462259499707987]], [[-69.94833870584755, 18.462383310730278], [-69.94851824261148, 18.462394876811384]]]}}, {"id": "37", "type": "Feature", "properties": {"kind": "contact_force", "id": 165}, "geometry": {"type": "MultiLineString", "coordinates": [[[-69.9486954009984, 18.46225972997307], [-69.9486707070821, 18.46223796891468]], [[-69.9486707070821, 18.46223796891468], [-69.94867711057817, 18.462239921557583]], [[-69.9486707070821, 18.46223796891468], [-69.9486732557005, 18.46224390515895]]]}}, {"id": "38", "type": "Feature", "properties": {"kind": "contact_force", "id": 166}, "geometry": {"type": "MultiLineString", "coordinates": [[[-69.94833895956585, 18.462361438476734], [-69.9489238788833, 18.462170842053396]], [[-69.9489238788833, 18.462170842053396], [-69.94883473731575, 18.46225256930642]], [[-69.9489238788833, 18.462170842053396], [-69.9488009738912, 18.462158210667067]]]}}, {"id": "39", "type": "Feature", "properties": {"kind": "contact_force", "id": 167}, "geometry": {"type": "MultiLineString", "coordinates": [[[-69.94829607710231, 18.4626287204224], [-69.94815668571927, 18.461896235602477]], [[-69.94815668571927, 18.461896235602477], [-69.94824683010006, 18.462017763716627]], [[-69.94815668571927, 18.461896235602477], [-69.94811707372963, 18.462040250176376]]]}}, {"id": "40", "type": "Feature", "properties": {"kind": "contact_force", "id": 168}, "geometry": {"type": "MultiLineString", "coordinates": [[[-69.9481752983854, 18.461661258962234], [-69.94822088563055, 18.461668731048754]], [[-69.94822088563055, 18.461668731048754], [-69.94821196059387, 18.461671053708]], [[-69.94822088563055, 18.461668731048754], [-69.9482132842366, 18.461663699587078]]]}}, {"id": "41", "type": "Feature", "properties": {"kind": "contact_force", "id": 170}, "geometry": {"type": "MultiLineString", "coordinates": [[[-69.94897891879263, 18.46193071984917], [-69.94824216186157, 18.462194496530778]], [[-69.94824216186157, 18.462194496530778], [-69.94835234439645, 18.462087257565315]], [[-69.94824216186157, 18.462194496530778], [-69.94839907111344, 18.46220611075901]]]}}, {"id": "42", "type": "Feature", "properties": {"kind": "contact_force", "id": 171}, "geometry": {"type": "MultiLineString", "coordinates": [[[-69.94811962709362, 18.462250532080233], [-69.94897143993698, 18.46194556300579]], [[-69.94897143993698, 18.46194556300579], [-69.94884405130428, 18.462069549326984]], [[-69.94897143993698, 18.46194556300579], [-69.94879002721804, 18.461932135567437]]]}}, {"id": "43", "type": "Feature", "properties": {"kind": "contact_force", "id": 172}, "geometry": {"type": "MultiLineString", "coordinates": [[[-69.94790930778515, 18.462785358746796], [-69.94816798545358, 18.46269337623984]], [[-69.94816798545358, 18.46269337623984], [-69.94812924434314, 18.46273091392365]], [[-69.94816798545358, 18.46269337623984], [-69.94811294997515, 18.462689184391152]]]}}, {"id": "44", "type": "Feature", "properties": {"kind": "contact_force", "id": 173}, "geometry": {"type": "MultiLineString", "coordinates": [[[-69.94819260786666, 18.462614913625217], [-69.94796904964043, 18.46269440819344]], [[-69.94796904964043, 18.46269440819344], [-69.94800253109894, 18.462661966831973]], [[-69.94796904964043, 18.46269440819344], [-69.94801661324024, 18.46269803097391]]]}}, {"id": "45", "type": "Feature", "properties": {"kind": "contact_force", "id": 175}, "geometry": {"type": "MultiLineString", "coordinates": [[[-69.94812123551127, 18.462246601279087], [-69.9480737301694, 18.462139418244444]], [[-69.9480737301694, 18.462139418244444], [-69.94809183455841, 18.4621550146481]], [[-69.9480737301694, 18.462139418244444], [-69.94807284755528, 18.46216267817025]]]}}, {"id": "46", "type": "Feature", "properties": {"kind": "contact_force", "id": 178}, "geometry": {"type": "MultiLineString", "coordinates": [[[-69.94821218532024, 18.46225651561372], [-69.94838654294685, 18.462708473951356]], [[-69.94838654294685, 18.462708473951356], [-69.94831490721894, 18.46264061489693]], [[-69.94838654294685, 18.462708473951356], [-69.94839496985495, 18.462612487686346]]]}}, {"id": "47", "type": "Feature", "properties": {"kind": "contact_force", "id": 179}, "geometry": {"type": "MultiLineString", "coordinates": [[[-69.94836760457024, 18.462687255978054], [-69.94829968610624, 18.462511202457623]], [[-69.94829968610624, 18.462511202457623], [-69.94832759069037, 18.462537635933717]], [[-69.94829968610624, 18.462511202457623], [-69.9482964035125, 18.4625485924559]]]}}, {"id": "48", "type": "Feature", "properties": {"kind": "contact_force", "id": 180}, "geometry": {"type": "MultiLineString", "coordinates": [[[-69.94730310303494, 18.464227875816366], [-69.9472976230478, 18.46414970979592]], [[-69.9472976230478, 18.46414970979592], [-69.9473055398232, 18.464163436282213]], [[-69.9472976230478, 18.46414970979592], [-69.94729169289336, 18.464164320298735]]]}}, {"id": "49", "type": "Feature", "properties": {"kind": "contact_force", "id": 181}, "geometry": {"type": "MultiLineString", "coordinates": [[[-69.94734076551961, 18.464236580422106], [-69.94719229478231, 18.464261058755696]], [[-69.94719229478231, 18.464261058755696], [-69.94721703868504, 18.464244646337487]], [[-69.94719229478231, 18.464261058755696], [-69.94722137496115, 18.464268597229108]]]}}, {"id": "50", "type": "Feature", "properties": {"kind": "contact_force", "id": 182}, "geometry": {"type": "MultiLineString", "coordinates": [[[-69.94732332665049, 18.464681694150798], [-69.94714480631897, 18.46395135894479]], [[-69.94714480631897, 18.46395135894479], [-69.94724185363773, 18.46406934147703]], [[-69.94714480631897, 18.46395135894479], [-69.94711247648935, 18.464098139827964]]]}}, {"id": "51", "type": "Feature", "properties": {"kind": "contact_force", "id": 183}, "geometry": {"type": "MultiLineString", "coordinates": [[[-69.94794269409299, 18.463245948207238], [-69.94786263852728, 18.46327157809085]], [[-69.94786263852728, 18.46327157809085], [-69.9478748794014, 18.46326047517096]], [[-69.94786263852728, 18.46327157809085], [-69.94787941965015, 18.463273389590334]]]}}, {"id": "52", "type": "Feature", "properties": {"kind": "contact_force", "id": 184}, "geometry": {"type": "MultiLineString", "coordinates": [[[-69.94750991003849, 18.464186855996868], [-69.9473043128972, 18.46421060310748]], [[-69.9473043128972, 18.46421060310748], [-69.94733947639331, 18.464189715497483]], [[-69.9473043128972, 18.46421060310748], [-69.94734368312766, 18.464222881873628]]]}}, {"id": "53", "type": "Feature", "properties": {"kind": "contact_force", "id": 185}, "geometry": {"type": "MultiLineString", "coordinates": [[[-69.94741283395926, 18.463653150525378], [-69.94699513328432, 18.464499406224256]], [[-69.94699513328432, 18.464499406224256], [-69.94699589048751, 18.4643123214]], [[-69.94699513328432, 18.464499406224256], [-69.94714580284314, 18.46437970388579]]]}}, {"id": "54", "type": "Feature", "properties": {"kind": "contact_force", "id": 186}, "geometry": {"type": "MultiLineString", "coordinates": [[[-69.94738489233832, 18.464100844034377], [-69.9471034770845, 18.464189324383554]], [[-69.9471034770845, 18.464189324383554], [-69.94714664984194, 18.46415058774284]], [[-69.9471034770845, 18.464189324383554], [-69.94716232390918, 18.464195984912223]]]}}, {"id": "55", "type": "Feature", "properties": {"kind": "contact_force", "id": 188}, "geometry": {"type": "MultiLineString", "coordinates": [[[-69.9482187290027, 18.462096918024816], [-69.94819557891685, 18.462014024406677]], [[-69.94819557891685, 18.462014024406677], [-69.94820711724968, 18.462027182555342]], [[-69.94819557891685, 18.462014024406677], [-69.94819243302152, 18.46203091711106]]]}}, {"id": "56", "type": "Feature", "properties": {"kind": "contact_force", "id": 189}, "geometry": {"type": "MultiLineString", "coordinates": [[[-69.94794944765796, 18.462181877302147], [-69.94802364069713, 18.46232448894366]], [[-69.94802364069713, 18.46232448894366], [-69.94799756082013, 18.462304623318158]], [[-69.94802364069713, 18.46232448894366], [-69.9480228238627, 18.462292654557316]]]}}, {"id": "57", "type": "Feature", "properties": {"kind": "contact_force", "id": 190}, "geometry": {"type": "MultiLineString", "coordinates": [[[-69.94829814565301, 18.462129402959896], [-69.94829294430208, 18.462169057202384]], [[-69.94829294430208, 18.462169057202384], [-69.94829037481999, 18.4621614498736]], [[-69.94829294430208, 18.462169057202384], [-69.9482973993944, 18.46216228895163]]]}}, {"id": "58", "type": "Feature", "properties": {"kind": "contact_force", "id": 191}, "geometry": {"type": "MultiLineString", "coordinates": [[[-69.9486423781514, 18.462052168307398], [-69.94803090751472, 18.46223044731166]], [[-69.94803090751472, 18.46223044731166], [-69.94812595312031, 18.46214881131267]], [[-69.94803090751472, 18.46223044731166], [-69.94815753435923, 18.46224745333351]]]}}, {"id": "59", "type": "Feature", "properties": {"kind": "contact_force", "id": 192}, "geometry": {"type": "MultiLineString", "coordinates": [[[-69.94791442216456, 18.463129698700783], [-69.9480123171492, 18.463370560594804]], [[-69.9480123171492, 18.463370560594804], [-69.94797323857294, 18.46333479772165]], [[-69.9480123171492, 18.463370560594804], [-69.94801590648602, 18.463319005471813]]]}}, {"id": "60", "type": "Feature", "properties": {"kind": "contact_force", "id": 194}, "geometry": {"type": "MultiLineString", "coordinates": [[[-69.94785523656799, 18.462228891103987], [-69.94806818145153, 18.46190075599953]], [[-69.94806818145153, 18.46190075599953], [-69.9480586466076, 18.461977410345547]], [[-69.94806818145153, 18.46190075599953], [-69.94800051897593, 18.461943058240653]]]}}, {"id": "61", "type": "Feature", "properties": {"kind": "contact_force", "id": 196}, "geometry": {"type": "MultiLineString", "coordinates": [[[-69.94827010935545, 18.46191417890729], [-69.9483001544221, 18.462021761293965]], [[-69.9483001544221, 18.462021761293965], [-69.94828517953954, 18.462004684170175]], [[-69.9483001544221, 18.462021761293965], [-69.94830423726721, 18.461999837316505]]]}}, {"id": "62", "type": "Feature", "properties": {"kind": "contact_force", "id": 197}, "geometry": {"type": "MultiLineString", "coordinates": [[[-69.94823441315275, 18.46211772701835], [-69.94808750979551, 18.4618381853104]], [[-69.94808750979551, 18.4618381853104], [-69.94813889744398, 18.46187700631017]], [[-69.94808750979551, 18.4618381853104], [-69.94808937793307, 18.461900704659495]]]}}, {"id": "63", "type": "Feature", "properties": {"kind": "contact_force", "id": 198}, "geometry": {"type": "MultiLineString", "coordinates": [[[-69.94829312143013, 18.4619502290601], [-69.9478902631424, 18.462113024724523]], [[-69.9478902631424, 18.462113024724523], [-69.94794886668727, 18.462051021759432]], [[-69.9478902631424, 18.462113024724523], [-69.94797770516243, 18.4621160106192]]]}}, {"id": "64", "type": "Feature", "properties": {"kind": "contact_force", "id": 199}, "geometry": {"type": "MultiLineString", "coordinates": [[[-69.94795328194574, 18.4618391701894], [-69.94806292313012, 18.462080133840583]], [[-69.94806292313012, 18.462080133840583], [-69.94802170656673, 18.46204530002941]], [[-69.94806292313012, 18.462080133840583], [-69.94806439218011, 18.462027612768416]]]}}, {"id": "65", "type": "Feature", "properties": {"kind": "contact_force", "id": 200}, "geometry": {"type": "MultiLineString", "coordinates": [[[-69.94728208219104, 18.464885834768545], [-69.94701780574445, 18.46444111479305]], [[-69.94701780574445, 18.46444111479305], [-69.94710509944936, 18.46450040935415]], [[-69.94701780574445, 18.46444111479305], [-69.94702631814228, 18.46454304156174]]]}}, {"id": "66", "type": "Feature", "properties": {"kind": "contact_force", "id": 201}, "geometry": {"type": "MultiLineString", "coordinates": [[[-69.94710078883533, 18.46457480533181], [-69.94714349822586, 18.464642895460077]], [[-69.94714349822586, 18.464642895460077], [-69.94712972563187, 18.464633998211887]], [[-69.94714349822586, 18.464642895460077], [-69.94714178767319, 18.464627108464416]]]}}, {"id": "67", "type": "Feature", "properties": {"kind": "contact_force", "id": 203}, "geometry": {"type": "MultiLineString", "coordinates": [[[-69.94709890858363, 18.464289455389853], [-69.94727677889676, 18.46423045459568]], [[-69.94727677889676, 18.46423045459568], [-69.9472497637909, 18.464255495955168]], [[-69.94727677889676, 18.46423045459568], [-69.94723931192271, 18.46422680241166]]]}}, {"id": "68", "type": "Feature", "properties": {"kind": "contact_force", "id": 205}, "geometry": {"type": "MultiLineString", "coordinates": [[[-69.94711587655938, 18.464468397211633], [-69.94702305006885, 18.464516077311533]], [[-69.94702305006885, 18.464516077311533], [-69.94703565273014, 18.464499947498748]], [[-69.94702305006885, 18.464516077311533], [-69.94704409916426, 18.46451492199232]]]}}, {"id": "69", "type": "Feature", "properties": {"kind": "contact_force", "id": 206}, "geometry": {"type": "MultiLineString", "coordinates": [[[-69.94728346323981, 18.464335923771856], [-69.94695522073302, 18.464772437462624]], [[-69.94695522073302, 18.464772437462624], [-69.94697605480634, 18.46466683878406]], [[-69.94695522073302, 18.464772437462624], [-69.94705338240982, 18.464719789906063]]]}}, {"id": "70", "type": "Feature", "properties": {"kind": "contact_force", "id": 207}, "geometry": {"type": "MultiLineString", "coordinates": [[[-69.94724713438697, 18.464681875234668], [-69.947236755301, 18.464258716129155]], [[-69.947236755301, 18.464258716129155], [-69.94727611748941, 18.464334581445826]], [[-69.947236755301, 18.464258716129155], [-69.94720115575527, 18.464336255765264]]]}}, {"id": "71", "type": "Feature", "properties": {"kind": "contact_force", "id": 208}, "geometry": {"type": "MultiLineString", "coordinates": [[[-69.94843243116877, 18.462258234728075], [-69.94809781170913, 18.461570258078964]], [[-69.94809781170913, 18.461570258078964], [-69.94821940100832, 18.461667971565024]], [[-69.94809781170913, 18.461570258078964], [-69.94809752926724, 18.461721952124684]]]}}, {"id": "72", "type": "Feature", "properties": {"kind": "contact_force", "id": 209}, "geometry": {"type": "MultiLineString", "coordinates": [[[-69.94814682359704, 18.46240715008172], [-69.94803228670264, 18.46218699106639]], [[-69.94803228670264, 18.46218699106639], [-69.94807254792492, 18.46221765894742]], [[-69.94803228670264, 18.46218699106639], [-69.948033547705, 18.46223613592841]]]}}, {"id": "73", "type": "Feature", "properties": {"kind": "contact_force", "id": 214}, "geometry": {"type": "MultiLineString", "coordinates": [[[-69.94966503774923, 18.4641195698961], [-69.9499750153671, 18.46374119189281]], [[-69.9499750153671, 18.46374119189281], [-69.94995234278298, 18.463834779707764]], [[-69.9499750153671, 18.46374119189281], [-69.94988531410858, 18.463784774912085]]]}}, {"id": "74", "type": "Feature", "properties": {"kind": "contact_force", "id": 215}, "geometry": {"type": "MultiLineString", "coordinates": [[[-69.95015778619904, 18.463817861640145], [-69.94973013261932, 18.463967900056165]], [[-69.94973013261932, 18.463967900056165], [-69.94979436039887, 18.463906209896386]], [[-69.94973013261932, 18.463967900056165], [-69.94982093926964, 18.463975197959293]]]}}, {"id": "75", "type": "Feature", "properties": {"kind": "contact_force", "id": 216}, "geometry": {"type": "MultiLineString", "coordinates": [[[-69.9494421776222, 18.463732734325557], [-69.94940150785015, 18.463738670507578]], [[-69.94940150785015, 18.463738670507578], [-69.94940835392774, 18.463734314128857]], [[-69.94940150785015, 18.463738670507578], [-69.94940940550552, 18.46374087488438]]]}}, {"id": "76", "type": "Feature", "properties": {"kind": "contact_force", "id": 217}, "geometry": {"type": "MultiLineString", "coordinates": [[[-69.94933605118254, 18.46374662880602], [-69.94962502221966, 18.463644929482914]], [[-69.94962502221966, 18.463644929482914], [-69.9495816507928, 18.463686671768937]], [[-69.94962502221966, 18.463644929482914], [-69.94956363502197, 18.46364005561494]]]}}, {"id": "77", "type": "Feature", "properties": {"kind": "contact_force", "id": 218}, "geometry": {"type": "MultiLineString", "coordinates": [[[-69.94968717039973, 18.463755573472703], [-69.94942035905038, 18.463638940656192]], [[-69.94942035905038, 18.463638940656192], [-69.9494790522615, 18.463638561029388]], [[-69.94942035905038, 18.463638940656192], [-69.94945839106691, 18.463681602432803]]]}}, {"id": "78", "type": "Feature", "properties": {"kind": "contact_force", "id": 219}, "geometry": {"type": "MultiLineString", "coordinates": [[[-69.94956985973849, 18.46352711995224], [-69.94949254780585, 18.463753250613923]], [[-69.94949254780585, 18.463753250613923], [-69.9494865322941, 18.463706025920388]], [[-69.94949254780585, 18.463753250613923], [-69.9495265907097, 18.463718497717554]]]}}, {"id": "79", "type": "Feature", "properties": {"kind": "contact_force", "id": 220}, "geometry": {"type": "MultiLineString", "coordinates": [[[-69.94735694993162, 18.464710796198453], [-69.94739396801256, 18.464460105530623]], [[-69.94739396801256, 18.464460105530623], [-69.94740946274563, 18.46450853193142]], [[-69.94739396801256, 18.464460105530623], [-69.94736505338348, 18.46450256029026]]]}}, {"id": "80", "type": "Feature", "properties": {"kind": "contact_force", "id": 221}, "geometry": {"type": "MultiLineString", "coordinates": [[[-69.9472329316183, 18.464711465878732], [-69.94702038335559, 18.464767280253216]], [[-69.94702038335559, 18.464767280253216], [-69.94705396649184, 18.464740019467452]], [[-69.94702038335559, 18.464767280253216], [-69.94706385390069, 18.464774307072396]]]}}, {"id": "81", "type": "Feature", "properties": {"kind": "contact_force", "id": 222}, "geometry": {"type": "MultiLineString", "coordinates": [[[-69.94720870108239, 18.464609979646916], [-69.94708156765167, 18.464658776793257]], [[-69.94708156765167, 18.464658776793257], [-69.94710028990029, 18.464639677367497]], [[-69.94708156765167, 18.464658776793257], [-69.94710893422207, 18.464660186137614]]]}}, {"id": "82", "type": "Feature", "properties": {"kind": "contact_force", "id": 223}, "geometry": {"type": "MultiLineString", "coordinates": [[[-69.94827404070881, 18.464157949099185], [-69.94833689360571, 18.464321292596455]], [[-69.94833689360571, 18.464321292596455], [-69.94831103281045, 18.46429675433139]], [[-69.94833689360571, 18.464321292596455], [-69.94833996875349, 18.464286615071344]]]}}, {"id": "83", "type": "Feature", "properties": {"kind": "contact_force", "id": 224}, "geometry": {"type": "MultiLineString", "coordinates": [[[-69.94817629968556, 18.46447537091956], [-69.94807824775808, 18.464142991720607]], [[-69.94807824775808, 18.464142991720607], [-69.94812546088387, 18.46419533057046]], [[-69.94807824775808, 18.464142991720607], [-69.94806658065917, 18.46421114802057]]]}}, {"id": "84", "type": "Feature", "properties": {"kind": "contact_force", "id": 225}, "geometry": {"type": "MultiLineString", "coordinates": [[[-69.94694830912576, 18.46440295657503], [-69.94772917119641, 18.464687383164716]], [[-69.94772917119641, 18.464687383164716], [-69.94756243799964, 18.464698810982387]], [[-69.94772917119641, 18.464687383164716], [-69.94761282346391, 18.464572844626804]]]}}, {"id": "85", "type": "Feature", "properties": {"kind": "contact_force", "id": 226}, "geometry": {"type": "MultiLineString", "coordinates": [[[-69.94751762887803, 18.464348123188344], [-69.94726760770246, 18.464710106876225]], [[-69.94726760770246, 18.464710106876225], [-69.94728086464085, 18.464624326825334]], [[-69.94726760770246, 18.464710106876225], [-69.94734498937922, 18.46466465951122]]]}}, {"id": "86", "type": "Feature", "properties": {"kind": "contact_force", "id": 227}, "geometry": {"type": "MultiLineString", "coordinates": [[[-69.94832498889387, 18.464143447623954], [-69.9482836652229, 18.46410370688067]], [[-69.9482836652229, 18.46410370688067], [-69.94829467560395, 18.464107577237815]], [[-69.9482836652229, 18.46410370688067], [-69.94828763562481, 18.464114243463]]]}}, {"id": "87", "type": "Feature", "properties": {"kind": "contact_force", "id": 228}, "geometry": {"type": "MultiLineString", "coordinates": [[[-69.94822948341226, 18.464414642129764], [-69.94824111105572, 18.46394271021509]], [[-69.94824111105572, 18.46394271021509], [-69.94828080420183, 18.464029191196804]], [[-69.94824111105572, 18.46394271021509], [-69.94819720262004, 18.464027315454945]]]}}, {"id": "88", "type": "Feature", "properties": {"kind": "contact_force", "id": 229}, "geometry": {"type": "MultiLineString", "coordinates": [[[-69.94821101993435, 18.464086078395823], [-69.94823421141692, 18.464194721594502]], [[-69.94823421141692, 18.464194721594502], [-69.94822038474395, 18.464176899353948]], [[-69.94823421141692, 18.464194721594502], [-69.94823963063635, 18.464173158164577]]]}}, {"id": "89", "type": "Feature", "properties": {"kind": "contact_force", "id": 230}, "geometry": {"type": "MultiLineString", "coordinates": [[[-69.94850630393799, 18.464243546306697], [-69.94847007408, 18.46412198455475]], [[-69.94847007408, 18.46412198455475], [-69.94848740834689, 18.464141096776903]], [[-69.94847007408, 18.46412198455475], [-69.94846587396553, 18.464146941278557]]]}}, {"id": "90", "type": "Feature", "properties": {"kind": "contact_force", "id": 231}, "geometry": {"type": "MultiLineString", "coordinates": [[[-69.94912088443559, 18.463070501973625], [-69.9496878356004, 18.4627920617263]], [[-69.9496878356004, 18.4627920617263], [-69.94960973167295, 18.46288826218804]], [[-69.9496878356004, 18.4627920617263], [-69.94956040691979, 18.462796802526903]]]}}, {"id": "91", "type": "Feature", "properties": {"kind": "contact_force", "id": 232}, "geometry": {"type": "MultiLineString", "coordinates": [[[-69.94800555733799, 18.461978970418752], [-69.94844684368041, 18.462331384845633]], [[-69.94844684368041, 18.462331384845633], [-69.9483356409721, 18.462303099748944]], [[-69.94844684368041, 18.462331384845633], [-69.94839806961143, 18.46223191172835]]]}}, {"id": "92", "type": "Feature", "properties": {"kind": "contact_force", "id": 233}, "geometry": {"type": "MultiLineString", "coordinates": [[[-69.94799012500133, 18.462243918335385], [-69.94843252856681, 18.46216090862211]], [[-69.94843252856681, 18.46216090862211], [-69.94835969027626, 18.462211639253145]], [[-69.94843252856681, 18.46216090862211], [-69.94834498541263, 18.462140271080834]]]}}, {"id": "93", "type": "Feature", "properties": {"kind": "contact_force", "id": 234}, "geometry": {"type": "MultiLineString", "coordinates": [[[-69.94825709544565, 18.461706244749585], [-69.94820243754423, 18.462023110334833]], [[-69.94820243754423, 18.462023110334833], [-69.94818427929543, 18.46196126608969]], [[-69.94820243754423, 18.462023110334833], [-69.94824041057255, 18.46197008347935]]]}}, {"id": "94", "type": "Feature", "properties": {"kind": "contact_force", "id": 235}, "geometry": {"type": "MultiLineString", "coordinates": [[[-69.94941394135664, 18.463704554310652], [-69.94913402727953, 18.463794873809]], [[-69.94913402727953, 18.463794873809], [-69.94917676504963, 18.46375592483111]], [[-69.94913402727953, 18.463794873809], [-69.94919276488092, 18.463801079940048]]]}}, {"id": "95", "type": "Feature", "properties": {"kind": "contact_force", "id": 236}, "geometry": {"type": "MultiLineString", "coordinates": [[[-69.94952415608354, 18.463740537008768], [-69.94906569545883, 18.463884245582435]], [[-69.94906569545883, 18.463884245582435], [-69.94913606804144, 18.463821217913342]], [[-69.94906569545883, 18.463884245582435], [-69.94916152557632, 18.46389517573031]]]}}, {"id": "96", "type": "Feature", "properties": {"kind": "contact_force", "id": 238}, "geometry": {"type": "MultiLineString", "coordinates": [[[-69.94908649515784, 18.46382125596284], [-69.94962816150314, 18.46369872642876]], [[-69.94962816150314, 18.46369872642876], [-69.94954083120948, 18.4637646266104]], [[-69.94962816150314, 18.46369872642876], [-69.94951912535701, 18.463677246259223]]]}}, {"id": "97", "type": "Feature", "properties": {"kind": "contact_force", "id": 239}, "geometry": {"type": "MultiLineString", "coordinates": [[[-69.94854560661689, 18.464169733598474], [-69.94832379018597, 18.464244365003456]], [[-69.94832379018597, 18.464244365003456], [-69.94835738660757, 18.464212945802394]], [[-69.94832379018597, 18.464244365003456], [-69.94837060737942, 18.464248728632107]]]}}, {"id": "98", "type": "Feature", "properties": {"kind": "contact_force", "id": 240}, "geometry": {"type": "MultiLineString", "coordinates": [[[-69.94820494298267, 18.464106086591272], [-69.9485411110946, 18.46434169984744]], [[-69.9485411110946, 18.46434169984744], [-69.94845930749851, 18.46432610714041]], [[-69.9485411110946, 18.46434169984744], [-69.94850104583898, 18.46427187739637]]]}}, {"id": "99", "type": "Feature", "properties": {"kind": "contact_force", "id": 241}, "geometry": {"type": "MultiLineString", "coordinates": [[[-69.94953975615569, 18.46377303153451], [-69.94989316348983, 18.46365399915188]], [[-69.94989316348983, 18.46365399915188], [-69.94983964750952, 18.46370408062571]], [[-69.94989316348983, 18.46365399915188], [-69.94981856122284, 18.463647069762075]]]}}, {"id": "100", "type": "Feature", "properties": {"kind": "contact_force", "id": 243}, "geometry": {"type": "MultiLineString", "coordinates": [[[-69.94810433198279, 18.461707671289624], [-69.94820178859436, 18.461677449467622]], [[-69.94820178859436, 18.461677449467622], [-69.94818680028516, 18.46169078835977]], [[-69.94820178859436, 18.461677449467622], [-69.94818144663485, 18.461675066691683]]]}}, {"id": "101", "type": "Feature", "properties": {"kind": "contact_force", "id": 244}, "geometry": {"type": "MultiLineString", "coordinates": [[[-69.94795578792255, 18.461323791674552], [-69.94857951596282, 18.462090731783963]], [[-69.94857951596282, 18.462090731783963], [-69.94839852772999, 18.462002025059515]], [[-69.94857951596282, 18.462090731783963], [-69.94853438749111, 18.461901405319036]]]}}, {"id": "102", "type": "Feature", "properties": {"kind": "contact_force", "id": 245}, "geometry": {"type": "MultiLineString", "coordinates": [[[-69.94821632760173, 18.46165906729637], [-69.94829445021539, 18.4616422727464]], [[-69.94829445021539, 18.4616422727464], [-69.94828177712671, 18.461651618313727]], [[-69.94829445021539, 18.4616422727464], [-69.94827880205342, 18.461639015596294]]]}}, {"id": "103", "type": "Feature", "properties": {"kind": "contact_force", "id": 246}, "geometry": {"type": "MultiLineString", "coordinates": [[[-69.9484218510024, 18.46150035707982], [-69.94821673647539, 18.46177253203429]], [[-69.94821673647539, 18.46177253203429], [-69.94822980867424, 18.46170665267341]], [[-69.94821673647539, 18.46177253203429], [-69.94827802313279, 18.461739741709344]]]}}, {"id": "104", "type": "Feature", "properties": {"kind": "contact_force", "id": 247}, "geometry": {"type": "MultiLineString", "coordinates": [[[-69.94790255820986, 18.461828616817737], [-69.94798142850532, 18.461797832296813]], [[-69.94798142850532, 18.461797832296813], [-69.9479698590213, 18.46180977400971]], [[-69.94798142850532, 18.461797832296813], [-69.94796440568874, 18.461797050688975]]]}}, {"id": "105", "type": "Feature", "properties": {"kind": "contact_force", "id": 248}, "geometry": {"type": "MultiLineString", "coordinates": [[[-69.94787659648883, 18.46183060944992], [-69.94811499115505, 18.461767094173965]], [[-69.94811499115505, 18.461767094173965], [-69.94807740510254, 18.461797835933993]], [[-69.94811499115505, 18.461767094173965], [-69.94806615366002, 18.46175937821274]]]}}, {"id": "106", "type": "Feature", "properties": {"kind": "contact_force", "id": 249}, "geometry": {"type": "MultiLineString", "coordinates": [[[-69.94802771677051, 18.461703014805238], [-69.94807684148324, 18.461814353377928]], [[-69.94807684148324, 18.461814353377928], [-69.9480580755091, 18.46179813436657]], [[-69.94807684148324, 18.461814353377928], [-69.94807779860321, 18.46179020958514]]]}}, {"id": "107", "type": "Feature", "properties": {"kind": "contact_force", "id": 250}, "geometry": {"type": "MultiLineString", "coordinates": [[[-69.94817328894536, 18.461722510452486], [-69.9480626935415, 18.461770820860067]], [[-69.9480626935415, 18.461770820860067], [-69.94807846126552, 18.461753143439488]], [[-69.9480626935415, 18.461770820860067], [-69.9480870192178, 18.46177098465029]]]}}, {"id": "108", "type": "Feature", "properties": {"kind": "contact_force", "id": 253}, "geometry": {"type": "MultiLineString", "coordinates": [[[-69.9497695440418, 18.462303331033933], [-69.94925093180088, 18.463404975827938]], [[-69.94925093180088, 18.463404975827938], [-69.94924736042938, 18.463163459073655]], [[-69.94925093180088, 18.463404975827938], [-69.94944251308375, 18.46324712101242]]]}}, {"id": "109", "type": "Feature", "properties": {"kind": "contact_force", "id": 254}, "geometry": {"type": "MultiLineString", "coordinates": [[[-69.94852200641772, 18.461635302970368], [-69.9481646812326, 18.46175445608827]], [[-69.9481646812326, 18.46175445608827], [-69.94821889691288, 18.461704036458308]], [[-69.9481646812326, 18.46175445608827], [-69.94824000427272, 18.461761680054824]]]}}, {"id": "110", "type": "Feature", "properties": {"kind": "contact_force", "id": 255}, "geometry": {"type": "MultiLineString", "coordinates": [[[-69.94822876733573, 18.46193683529458], [-69.9483445155933, 18.46157425769605]], [[-69.9483445155933, 18.46157425769605], [-69.94835564933439, 18.46164931530508]], [[-69.9483445155933, 18.46157425769605], [-69.94829142050368, 18.46163064285105]]]}}, {"id": "111", "type": "Feature", "properties": {"kind": "contact_force", "id": 256}, "geometry": {"type": "MultiLineString", "coordinates": [[[-69.94856524242086, 18.461847830371344], [-69.94817405833818, 18.46165474685619]], [[-69.94817405833818, 18.46165474685619], [-69.94826206683206, 18.461658192713642]], [[-69.94817405833818, 18.46165474685619], [-69.94822786298485, 18.46172129836095]]]}}, {"id": "112", "type": "Feature", "properties": {"kind": "contact_force", "id": 257}, "geometry": {"type": "MultiLineString", "coordinates": [[[-69.94834462314067, 18.46181885571154], [-69.94834098544155, 18.461787984478427]], [[-69.94834098544155, 18.461787984478427], [-69.948344379162, 18.461793286830208]], [[-69.94834098544155, 18.461787984478427], [-69.94833891047087, 18.461793873662224]]]}}, {"id": "113", "type": "Feature", "properties": {"kind": "contact_force", "id": 258}, "geometry": {"type": "MultiLineString", "coordinates": [[[-69.93767566958265, 18.463486663780316], [-69.93704224650843, 18.46385887176336]], [[-69.93704224650843, 18.46385887176336], [-69.93712409421622, 18.46374031366807]], [[-69.93704224650843, 18.46385887176336], [-69.93719002974147, 18.46384249615261]]]}}, {"id": "114", "type": "Feature", "properties": {"kind": "contact_force", "id": 259}, "geometry": {"type": "MultiLineString", "coordinates": [[[-69.93686172806021, 18.46267333602871], [-69.93772448370385, 18.4646408852878]], [[-69.93772448370385, 18.4646408852878], [-69.93739382429422, 18.4643538337501]], [[-69.93772448370385, 18.4646408852878], [-69.9377423710495, 18.464214655357846]]]}}, {"id": "115", "type": "Feature", "properties": {"kind": "contact_force", "id": 260}, "geometry": {"type": "MultiLineString", "coordinates": [[[-69.93592582234957, 18.464213581354173], [-69.93852006789153, 18.46320599493531]], [[-69.93852006789153, 18.46320599493531], [-69.93813907973436, 18.463597882650138]], [[-69.93852006789153, 18.46320599493531], [-69.9379605870115, 18.463179385616]]]}}, {"id": "116", "type": "Feature", "properties": {"kind": "contact_force", "id": 261}, "geometry": {"type": "MultiLineString", "coordinates": [[[-69.93709137592785, 18.463762994487595], [-69.93709271314064, 18.463767881345994]], [[-69.93709271314064, 18.463767881345994], [-69.93709203790856, 18.463767103404482]], [[-69.93709271314064, 18.463767881345994], [-69.93709290360219, 18.46376688768838]]]}}, {"id": "117", "type": "Feature", "properties": {"kind": "contact_force", "id": 262}, "geometry": {"type": "MultiLineString", "coordinates": [[[-69.93748494464855, 18.46387600568629], [-69.93736751178572, 18.463641584739722]], [[-69.93736751178572, 18.463641584739722], [-69.93740956133176, 18.463674604255395]], [[-69.93736751178572, 18.463641584739722], [-69.9373680343154, 18.463693548247345]]]}}, {"id": "118", "type": "Feature", "properties": {"kind": "contact_force", "id": 263}, "geometry": {"type": "MultiLineString", "coordinates": [[[-69.93726612889908, 18.463824576987776], [-69.9374095304332, 18.463680596821455]], [[-69.9374095304332, 18.463680596821455], [-69.93739629011156, 18.463718261498617]], [[-69.9374095304332, 18.463680596821455], [-69.93737078442113, 18.463695128296553]]]}}, {"id": "119", "type": "Feature", "properties": {"kind": "contact_force", "id": 264}, "geometry": {"type": "MultiLineString", "coordinates": [[[-69.93718168980865, 18.46360175051114], [-69.93732451440981, 18.463959354742055]], [[-69.93732451440981, 18.463959354742055], [-69.93726695142487, 18.46390605492625]], [[-69.93732451440981, 18.463959354742055], [-69.93733030007857, 18.463883014774943]]]}}, {"id": "120", "type": "Feature", "properties": {"kind": "contact_force", "id": 265}, "geometry": {"type": "MultiLineString", "coordinates": [[[-69.93762729369443, 18.46378669967792], [-69.93697734403325, 18.463631943903515]], [[-69.93697734403325, 18.463631943903515], [-69.93710886217592, 18.463607571146163]], [[-69.93697734403325, 18.463631943903515], [-69.93708144750086, 18.46371241954419]]]}}, {"id": "121", "type": "Feature", "properties": {"kind": "contact_force", "id": 266}, "geometry": {"type": "MultiLineString", "coordinates": [[[-69.93753475122165, 18.464937900135034], [-69.93681454542993, 18.463115855584352]], [[-69.93681454542993, 18.463115855584352], [-69.9371064747205, 18.46338803175952]], [[-69.93681454542993, 18.463115855584352], [-69.93678370489532, 18.463504213100098]]]}}, {"id": "122", "type": "Feature", "properties": {"kind": "contact_force", "id": 270}, "geometry": {"type": "MultiLineString", "coordinates": [[[-69.93692373871126, 18.46350430005794], [-69.93714881160868, 18.46424426573998]], [[-69.93714881160868, 18.46424426573998], [-69.93704247281116, 18.464128292565388]], [[-69.93714881160868, 18.46424426573998], [-69.93717355595605, 18.464091984289468]]]}}, {"id": "123", "type": "Feature", "properties": {"kind": "contact_force", "id": 271}, "geometry": {"type": "MultiLineString", "coordinates": [[[-69.93714206064168, 18.463824135680056], [-69.93714158542062, 18.463822448913362]], [[-69.93714158542062, 18.463822448913362], [-69.93714182096303, 18.463822716328547]], [[-69.93714158542062, 18.463822448913362], [-69.93714152215682, 18.46382279299009]]]}}, {"id": "124", "type": "Feature", "properties": {"kind": "contact_force", "id": 273}, "geometry": {"type": "MultiLineString", "coordinates": [[[-69.93701891239066, 18.463726295445465], [-69.93722260729919, 18.4641636610367]], [[-69.93722260729919, 18.4641636610367], [-69.93714694603375, 18.4641008132801]], [[-69.93722260729919, 18.4641636610367], [-69.93722442428455, 18.464067953691504]]]}}, {"id": "125", "type": "Feature", "properties": {"kind": "contact_force", "id": 274}, "geometry": {"type": "MultiLineString", "coordinates": [[[-69.93766286026391, 18.4637600105596], [-69.93736492591545, 18.463907408089394]], [[-69.93736492591545, 18.463907408089394], [-69.937405874469, 18.463856659576464]], [[-69.93736492591545, 18.463907408089394], [-69.93743198553167, 18.463904721656057]]]}}, {"id": "126", "type": "Feature", "properties": {"kind": "contact_force", "id": 276}, "geometry": {"type": "MultiLineString", "coordinates": [[[-69.93746761896564, 18.46398288667792], [-69.9373532034238, 18.46381786654602]], [[-69.9373532034238, 18.46381786654602], [-69.9373885589882, 18.46383854974158]], [[-69.9373532034238, 18.46381786654602], [-69.93735932610329, 18.463857006973733]]]}}, {"id": "127", "type": "Feature", "properties": {"kind": "contact_force", "id": 277}, "geometry": {"type": "MultiLineString", "coordinates": [[[-69.93746504394923, 18.463874339222023], [-69.93746277776566, 18.463875434552513]], [[-69.93746277776566, 18.463875434552513], [-69.93746309152016, 18.46387505322356]], [[-69.93746277776566, 18.463875434552513], [-69.9374632855551, 18.463875418798853]]]}}, {"id": "128", "type": "Feature", "properties": {"kind": "contact_force", "id": 279}, "geometry": {"type": "MultiLineString", "coordinates": [[[-69.93798737720581, 18.463467248184713], [-69.93710652656776, 18.46366296692518]], [[-69.93710652656776, 18.46366296692518], [-69.9372488557032, 18.463556442421968]], [[-69.93710652656776, 18.46366296692518], [-69.93728352648952, 18.463698539453123]]]}}, {"id": "129", "type": "Feature", "properties": {"kind": "contact_force", "id": 280}, "geometry": {"type": "MultiLineString", "coordinates": [[[-69.93730498810056, 18.463592077693004], [-69.93763041736469, 18.463533676924182]], [[-69.93763041736469, 18.463533676924182], [-69.93757660234581, 18.46357051155797]], [[-69.93763041736469, 18.463533676924182], [-69.93756625679144, 18.46351801400025]]]}}, {"id": "130", "type": "Feature", "properties": {"kind": "contact_force", "id": 281}, "geometry": {"type": "MultiLineString", "coordinates": [[[-69.93781306419052, 18.46367587751373], [-69.93736382865178, 18.463771148681403]], [[-69.93736382865178, 18.463771148681403], [-69.93743681934394, 18.463717644918805]], [[-69.93736382865178, 18.463771148681403], [-69.93745369631127, 18.463790114597753]]]}}, {"id": "131", "type": "Feature", "properties": {"kind": "contact_force", "id": 282}, "geometry": {"type": "MultiLineString", "coordinates": [[[-69.93743727759002, 18.463806099858694], [-69.93731692458712, 18.463847538930477]], [[-69.93731692458712, 18.463847538930477], [-69.93733506955584, 18.46383032009284]], [[-69.93731692458712, 18.463847538930477], [-69.93734241037339, 18.463849735157613]]]}}, {"id": "132", "type": "Feature", "properties": {"kind": "contact_force", "id": 283}, "geometry": {"type": "MultiLineString", "coordinates": [[[-69.93733635852082, 18.463906300486276], [-69.93731885910303, 18.463772893200904]], [[-69.93731885910303, 18.463772893200904], [-69.9373338474429, 18.46379566333133]], [[-69.93731885910303, 18.463772893200904], [-69.93731021470163, 18.46379848629507]]]}}, {"id": "133", "type": "Feature", "properties": {"kind": "contact_force", "id": 284}, "geometry": {"type": "MultiLineString", "coordinates": [[[-69.93705190342799, 18.463745333081814], [-69.93750454352559, 18.463978553228]], [[-69.93750454352559, 18.463978553228], [-69.93740184003947, 18.463972788889254]], [[-69.93750454352559, 18.463978553228], [-69.9374431543292, 18.46389977004028]]]}}, {"id": "134", "type": "Feature", "properties": {"kind": "contact_force", "id": 285}, "geometry": {"type": "MultiLineString", "coordinates": [[[-69.9373213721641, 18.463796549975086], [-69.93729297163907, 18.463805577868833]], [[-69.93729297163907, 18.463805577868833], [-69.93729731992927, 18.46380165070574]], [[-69.93729297163907, 18.463805577868833], [-69.93729891919615, 18.46380623221237]]]}}, {"id": "135", "type": "Feature", "properties": {"kind": "contact_force", "id": 286}, "geometry": {"type": "MultiLineString", "coordinates": [[[-69.93709855552454, 18.46425366923812], [-69.93757622678321, 18.463624343553974]], [[-69.93757622678321, 18.463624343553974], [-69.9375453852995, 18.46377694451309]], [[-69.93757622678321, 18.463624343553974], [-69.9374339019279, 18.463699887846143]]]}}, {"id": "136", "type": "Feature", "properties": {"kind": "contact_force", "id": 287}, "geometry": {"type": "MultiLineString", "coordinates": [[[-69.93705114362898, 18.463767336105334], [-69.93792886290775, 18.463573634744044]], [[-69.93792886290775, 18.463573634744044], [-69.93778692324254, 18.463679541488112]], [[-69.93792886290775, 18.463573634744044], [-69.93775260938185, 18.463537949808874]]]}}, {"id": "137", "type": "Feature", "properties": {"kind": "contact_force", "id": 288}, "geometry": {"type": "MultiLineString", "coordinates": [[[-69.93721897469607, 18.46368071549258], [-69.93760661831786, 18.463565481667178]], [[-69.93760661831786, 18.463565481667178], [-69.93754656016411, 18.46361763609511]], [[-69.93760661831786, 18.463565481667178], [-69.93752614678436, 18.463555102278182]]]}}, {"id": "138", "type": "Feature", "properties": {"kind": "contact_force", "id": 289}, "geometry": {"type": "MultiLineString", "coordinates": [[[-69.93752343030154, 18.463616313168075], [-69.93730623997284, 18.46379546969892]], [[-69.93730623997284, 18.46379546969892], [-69.93732973972686, 18.463745477189008]], [[-69.93730623997284, 18.46379546969892], [-69.93736147680393, 18.463780513858158]]]}}, {"id": "139", "type": "Feature", "properties": {"kind": "contact_force", "id": 292}, "geometry": {"type": "MultiLineString", "coordinates": [[[-69.93847605710653, 18.463264144853515], [-69.9380643588781, 18.463411302492982]], [[-69.9380643588781, 18.463411302492982], [-69.93812594976424, 18.463351421333442]], [[-69.9380643588781, 18.463411302492982], [-69.93815201823115, 18.46341783573386]]]}}, {"id": "140", "type": "Feature", "properties": {"kind": "contact_force", "id": 293}, "geometry": {"type": "MultiLineString", "coordinates": [[[-69.93748803375084, 18.46337651944887], [-69.93872656562273, 18.463173518495896]], [[-69.93872656562273, 18.463173518495896], [-69.9385200483618, 18.463310214155765]], [[-69.93872656562273, 18.463173518495896], [-69.93848408696473, 18.463110416552528]]]}}, {"id": "141", "type": "Feature", "properties": {"kind": "contact_force", "id": 299}, "geometry": {"type": "MultiLineString", "coordinates": [[[-69.93774186800297, 18.463636331017188], [-69.93793359512802, 18.463553370725354]], [[-69.93793359512802, 18.463553370725354], [-69.93790619047705, 18.46358387275361]], [[-69.93793359512802, 18.463553370725354], [-69.93789149429426, 18.4635529437478]]]}}, {"id": "142", "type": "Feature", "properties": {"kind": "contact_force", "id": 300}, "geometry": {"type": "MultiLineString", "coordinates": [[[-69.9376819040406, 18.46365898304139], [-69.93779459890843, 18.4636124759163]], [[-69.93779459890843, 18.4636124759163], [-69.93777829096958, 18.463629995719778]], [[-69.93779459890843, 18.4636124759163], [-69.93777005236264, 18.463611816030127]]]}}, {"id": "143", "type": "Feature", "properties": {"kind": "contact_force", "id": 301}, "geometry": {"type": "MultiLineString", "coordinates": [[[-69.93815435453175, 18.463487327473825], [-69.93810114544353, 18.46334407412359]], [[-69.93810114544353, 18.46334407412359], [-69.93812347863953, 18.463365748658504]], [[-69.93810114544353, 18.46334407412359], [-69.93809810175738, 18.463374332241703]]]}}, {"id": "144", "type": "Feature", "properties": {"kind": "contact_force", "id": 312}, "geometry": {"type": "MultiLineString", "coordinates": [[[-69.94204115746616, 18.463828299464986], [-69.941678662339, 18.463954443834744]], [[-69.941678662339, 18.463954443834744], [-69.94173319575636, 18.46390234033251]], [[-69.941678662339, 18.463954443834744], [-69.94175554187127, 18.463960817185836]]]}}, {"id": "145", "type": "Feature", "properties": {"kind": "contact_force", "id": 321}, "geometry": {"type": "MultiLineString", "coordinates": [[[-69.94175740378722, 18.46405534929777], [-69.94164779261911, 18.46392501847658]], [[-69.94164779261911, 18.46392501847658], [-69.94167920478635, 18.46393980135209]], [[-69.94164779261911, 18.46392501847658], [-69.94165611700794, 18.46395748354643]]]}}, {"id": "146", "type": "Feature", "properties": {"kind": "contact_force", "id": 322}, "geometry": {"type": "MultiLineString", "coordinates": [[[-69.9418075543423, 18.463882021223057], [-69.94155363770017, 18.46402478279438]], [[-69.94155363770017, 18.46402478279438], [-69.94158701814, 18.463978425025285]], [[-69.94155363770017, 18.46402478279438], [-69.9416123079794, 18.464019386240935]]]}}, {"id": "147", "type": "Feature", "properties": {"kind": "contact_force", "id": 323}, "geometry": {"type": "MultiLineString", "coordinates": [[[-69.94169979836282, 18.463784313586505], [-69.94160231988528, 18.46403127876549]], [[-69.94160231988528, 18.46403127876549], [-69.94159811437538, 18.463978650975807]], [[-69.94160231988528, 18.46403127876549], [-69.94164186363756, 18.46399437597313]]]}}, {"id": "148", "type": "Feature", "properties": {"kind": "contact_force", "id": 324}, "geometry": {"type": "MultiLineString", "coordinates": [[[-69.94154138992633, 18.464229333443896], [-69.94170606812835, 18.4637331792893]], [[-69.94170606812835, 18.4637331792893], [-69.9417201645656, 18.463836395695726]], [[-69.94170606812835, 18.4637331792893], [-69.94163227217383, 18.463809830240642]]]}}, {"id": "149", "type": "Feature", "properties": {"kind": "contact_force", "id": 325}, "geometry": {"type": "MultiLineString", "coordinates": [[[-69.94173916995807, 18.463749986623622], [-69.94176112679044, 18.46398516889321]], [[-69.94176112679044, 18.46398516889321], [-69.94173631588481, 18.463944310401416]], [[-69.94176112679044, 18.46398516889321], [-69.94177797782507, 18.463940768375437]]]}}, {"id": "150", "type": "Feature", "properties": {"kind": "contact_force", "id": 326}, "geometry": {"type": "MultiLineString", "coordinates": [[[-69.94167424309518, 18.463883817025753], [-69.94178375442114, 18.463964939989634]], [[-69.94178375442114, 18.463964939989634], [-69.94175671885797, 18.463959068570677]], [[-69.94178375442114, 18.463964939989634], [-69.94177108958148, 18.46394140246896]]]}}, {"id": "151", "type": "Feature", "properties": {"kind": "contact_force", "id": 327}, "geometry": {"type": "MultiLineString", "coordinates": [[[-69.94186012507672, 18.46379581390208], [-69.94155904008365, 18.463957722997623]], [[-69.94155904008365, 18.463957722997623], [-69.94159927438542, 18.46390408997436]], [[-69.94155904008365, 18.463957722997623], [-69.94162795614176, 18.463952660297544]]]}}, {"id": "152", "type": "Feature", "properties": {"kind": "contact_force", "id": 328}, "geometry": {"type": "MultiLineString", "coordinates": [[[-69.94153496118123, 18.463969577525567], [-69.94183604621891, 18.46380766846655]], [[-69.94183604621891, 18.46380766846655], [-69.94179581201418, 18.463861301536298]], [[-69.94183604621891, 18.46380766846655], [-69.94176713022831, 18.463812731239493]]]}}, {"id": "153", "type": "Feature", "properties": {"kind": "contact_force", "id": 329}, "geometry": {"type": "MultiLineString", "coordinates": [[[-69.94148443599013, 18.463896784235523], [-69.94146924150401, 18.464213193572178]], [[-69.94146924150401, 18.464213193572178], [-69.94144397009275, 18.46415461515394]], [[-69.94146924150401, 18.464213193572178], [-69.94150002127196, 18.464157066289324]]]}}, {"id": "154", "type": "Feature", "properties": {"kind": "contact_force", "id": 332}, "geometry": {"type": "MultiLineString", "coordinates": [[[-69.94165925492986, 18.464096700366756], [-69.94170741010329, 18.464069399898943]], [[-69.94170741010329, 18.464069399898943], [-69.94170109952921, 18.46407823255865]], [[-69.94170741010329, 18.464069399898943], [-69.94169626331636, 18.464070464291556]]]}}, {"id": "155", "type": "Feature", "properties": {"kind": "contact_force", "id": 333}, "geometry": {"type": "MultiLineString", "coordinates": [[[-69.94142433960116, 18.46383550710748], [-69.94174005615905, 18.464023933799783]], [[-69.94174005615905, 18.464023933799783], [-69.94166613918821, 18.464015244643857]], [[-69.94174005615905, 18.464023933799783], [-69.94169951847515, 18.463964314006162]]]}}, {"id": "156", "type": "Feature", "properties": {"kind": "contact_force", "id": 334}, "geometry": {"type": "MultiLineString", "coordinates": [[[-69.9411356524943, 18.46408430076152], [-69.94176196505134, 18.464162557833912]], [[-69.94176196505134, 18.464162557833912], [-69.94164150715552, 18.464198890540423]], [[-69.94176196505134, 18.464162557833912], [-69.94165537009535, 18.46409785544045]]]}}, {"id": "157", "type": "Feature", "properties": {"kind": "contact_force", "id": 335}, "geometry": {"type": "MultiLineString", "coordinates": [[[-69.94187089431428, 18.464396404284052], [-69.94116248429373, 18.46393163228156]], [[-69.94116248429373, 18.46393163228156], [-69.94133205819301, 18.46395873842685]], [[-69.94116248429373, 18.46393163228156], [-69.94124972481887, 18.46407301714389]]]}}, {"id": "158", "type": "Feature", "properties": {"kind": "contact_force", "id": 336}, "geometry": {"type": "MultiLineString", "coordinates": [[[-69.94153148941372, 18.46433923041185], [-69.94142614606659, 18.464116181450063]], [[-69.94142614606659, 18.464116181450063], [-69.94146499704893, 18.464148114810314]], [[-69.94142614606659, 18.464116181450063], [-69.94142548443848, 18.46416510850348]]]}}, {"id": "159", "type": "Feature", "properties": {"kind": "contact_force", "id": 337}, "geometry": {"type": "MultiLineString", "coordinates": [[[-69.94119729523449, 18.46372861350737], [-69.94116063507349, 18.46403482455224]], [[-69.94116063507349, 18.46403482455224], [-69.94114015789998, 18.463976363294766]], [[-69.94116063507349, 18.46403482455224], [-69.94119440241889, 18.46398227722566]]]}}, {"id": "160", "type": "Feature", "properties": {"kind": "contact_force", "id": 338}, "geometry": {"type": "MultiLineString", "coordinates": [[[-69.94107749037944, 18.463817004808813], [-69.94117428979584, 18.463993104909342]], [[-69.94117428979584, 18.463993104909342], [-69.94114114592458, 18.463968992460874]], [[-69.94117428979584, 18.463993104909342], [-69.94117234160944, 18.463953377008753]]]}}, {"id": "161", "type": "Feature", "properties": {"kind": "contact_force", "id": 339}, "geometry": {"type": "MultiLineString", "coordinates": [[[-69.94124710657618, 18.464076943700906], [-69.94111715407433, 18.46381445212277]], [[-69.94111715407433, 18.46381445212277], [-69.94116395928518, 18.463851549958985]], [[-69.94111715407433, 18.46381445212277], [-69.94111745958539, 18.46387251356525]]]}}, {"id": "162", "type": "Feature", "properties": {"kind": "contact_force", "id": 340}, "geometry": {"type": "MultiLineString", "coordinates": [[[-69.94135398050737, 18.464043757200415], [-69.94120155115024, 18.46377473779878]], [[-69.94120155115024, 18.46377473779878], [-69.94125300873374, 18.46381120592409]], [[-69.94120155115024, 18.46377473779878], [-69.94120535265589, 18.463835795444503]]]}}, {"id": "163", "type": "Feature", "properties": {"kind": "contact_force", "id": 342}, "geometry": {"type": "MultiLineString", "coordinates": [[[-69.94139875557987, 18.463940171408392], [-69.94130787940725, 18.463761476689733]], [[-69.94130787940725, 18.463761476689733], [-69.9413401793938, 18.46378653721467]], [[-69.94130787940725, 18.463761476689733], [-69.94130852410352, 18.46380119713775]]]}}, {"id": "164", "type": "Feature", "properties": {"kind": "contact_force", "id": 343}, "geometry": {"type": "MultiLineString", "coordinates": [[[-69.94124833971864, 18.463693422940526], [-69.94138048290466, 18.46395324257325]], [[-69.94138048290466, 18.46395324257325], [-69.94133351720757, 18.463916805788806]], [[-69.94138048290466, 18.46395324257325], [-69.94137954357818, 18.46389548874983]]]}}, {"id": "165", "type": "Feature", "properties": {"kind": "contact_force", "id": 344}, "geometry": {"type": "MultiLineString", "coordinates": [[[-69.94117663463892, 18.463721158811463], [-69.94132906390676, 18.4639901782385]], [[-69.94132906390676, 18.4639901782385], [-69.94127760625298, 18.463953710137623]], [[-69.94132906390676, 18.4639901782385], [-69.94132526235138, 18.46392912059835]]]}}, {"id": "166", "type": "Feature", "properties": {"kind": "contact_force", "id": 345}, "geometry": {"type": "MultiLineString", "coordinates": [[[-69.9416326310031, 18.463910001923264], [-69.94138232136342, 18.464040286442756]], [[-69.94138232136342, 18.464040286442756], [-69.94141615312704, 18.463996481222463]], [[-69.94138232136342, 18.464040286442756], [-69.94143923269058, 18.46403686055917]]]}}, {"id": "167", "type": "Feature", "properties": {"kind": "contact_force", "id": 346}, "geometry": {"type": "MultiLineString", "coordinates": [[[-69.94183782910403, 18.463953146795284], [-69.94183767529302, 18.463953205125662]], [[-69.94183767529302, 18.463953205125662], [-69.94183769800651, 18.463953182146398]], [[-69.94183767529302, 18.463953205125662], [-69.94183770833958, 18.463953206958813]]]}}, {"id": "168", "type": "Feature", "properties": {"kind": "contact_force", "id": 347}, "geometry": {"type": "MultiLineString", "coordinates": [[[-69.94169317582353, 18.464139844582704], [-69.94187490544007, 18.46372730854461]], [[-69.94187490544007, 18.46372730854461], [-69.94187850474019, 18.463816743554872]], [[-69.94187490544007, 18.46372730854461], [-69.94180542508221, 18.463787427399215]]]}}, {"id": "169", "type": "Feature", "properties": {"kind": "contact_force", "id": 350}, "geometry": {"type": "MultiLineString", "coordinates": [[[-69.9413734121645, 18.463882414820926], [-69.9413733148903, 18.463882247927565]], [[-69.9413733148903, 18.463882247927565], [-69.94137334730473, 18.463882270332903]], [[-69.9413733148903, 18.463882247927565], [-69.94137331774002, 18.463882286024937]]]}}, {"id": "170", "type": "Feature", "properties": {"kind": "contact_force", "id": 352}, "geometry": {"type": "MultiLineString", "coordinates": [[[-69.94137664466152, 18.464037967561133], [-69.94151055302987, 18.463968269205797]], [[-69.94151055302987, 18.463968269205797], [-69.94149245404627, 18.463991703723522]], [[-69.94151055302987, 18.463968269205797], [-69.941480107152, 18.463970101966087]]]}}, {"id": "171", "type": "Feature", "properties": {"kind": "contact_force", "id": 353}, "geometry": {"type": "MultiLineString", "coordinates": [[[-69.94133495555529, 18.46400894303669], [-69.94128853399569, 18.46423248693044]], [[-69.94128853399569, 18.46423248693044], [-69.94127714830324, 18.464188222712846]], [[-69.94128853399569, 18.46423248693044], [-69.94131674859307, 18.46419571131893]]]}}, {"id": "172", "type": "Feature", "properties": {"kind": "contact_force", "id": 354}, "geometry": {"type": "MultiLineString", "coordinates": [[[-69.94150272230968, 18.463997341719885], [-69.94123627391956, 18.464319271284825]], [[-69.94123627391956, 18.464319271284825], [-69.94125605630045, 18.46423942646965]], [[-69.94123627391956, 18.464319271284825], [-69.94131308539188, 18.46428240923729]]]}}, {"id": "173", "type": "Feature", "properties": {"kind": "contact_force", "id": 355}, "geometry": {"type": "MultiLineString", "coordinates": [[[-69.94108087675801, 18.464242027479262], [-69.94156407578981, 18.46411680806661]], [[-69.94156407578981, 18.46411680806661], [-69.94148758163671, 18.464178479794946]], [[-69.94156407578981, 18.46411680806661], [-69.94146539924262, 18.46410053144715]]]}}, {"id": "174", "type": "Feature", "properties": {"kind": "contact_force", "id": 356}, "geometry": {"type": "MultiLineString", "coordinates": [[[-69.94158851816448, 18.46461870091991], [-69.9411908551412, 18.463908904004914]], [[-69.9411908551412, 18.463908904004914], [-69.94132580532123, 18.464005488061016]], [[-69.9411908551412, 18.463908904004914], [-69.94120006647427, 18.46406963787075]]]}}, {"id": "175", "type": "Feature", "properties": {"kind": "contact_force", "id": 358}, "geometry": {"type": "MultiLineString", "coordinates": [[[-69.94122683236769, 18.464141589927838], [-69.94128434719912, 18.464126561524974]], [[-69.94128434719912, 18.464126561524974], [-69.94127525309565, 18.464133924668005]], [[-69.94128434719912, 18.464126561524974], [-69.94127259084841, 18.464124646527882]]]}}, {"id": "176", "type": "Feature", "properties": {"kind": "contact_force", "id": 359}, "geometry": {"type": "MultiLineString", "coordinates": [[[-69.94109457467233, 18.464042248631248], [-69.94132111920872, 18.464266125584754]], [[-69.94132111920872, 18.464266125584754], [-69.94126022570644, 18.46424381810882]], [[-69.94132111920872, 18.464266125584754], [-69.94129988498845, 18.464207272533105]]]}}, {"id": "177", "type": "Feature", "properties": {"kind": "contact_force", "id": 360}, "geometry": {"type": "MultiLineString", "coordinates": [[[-69.94122397439554, 18.46419126119049], [-69.94120803931281, 18.464208592266818]], [[-69.94120803931281, 18.464208592266818], [-69.94120939265058, 18.46420416550679]], [[-69.94120803931281, 18.464208592266818], [-69.94121246281136, 18.46420673611125]]]}}, {"id": "178", "type": "Feature", "properties": {"kind": "contact_force", "id": 361}, "geometry": {"type": "MultiLineString", "coordinates": [[[-69.9417500111195, 18.464551021912712], [-69.94050886694379, 18.464284163754428]], [[-69.94050886694379, 18.464284163754428], [-69.94075747531194, 18.464232426653787]], [[-69.94050886694379, 18.464284163754428], [-69.94071020149016, 18.46443264433587]]]}}, {"id": "179", "type": "Feature", "properties": {"kind": "contact_force", "id": 365}, "geometry": {"type": "MultiLineString", "coordinates": [[[-69.94070645729181, 18.4645990193293], [-69.9409473628136, 18.464475652919216]], [[-69.9409473628136, 18.464475652919216], [-69.9409146229981, 18.464517445597963]], [[-69.9409473628136, 18.464475652919216], [-69.94089276886422, 18.46447858345832]]]}}, {"id": "180", "type": "Feature", "properties": {"kind": "contact_force", "id": 366}, "geometry": {"type": "MultiLineString", "coordinates": [[[-69.94078993996813, 18.464529636350438], [-69.94101364818698, 18.464504343043387]], [[-69.94101364818698, 18.464504343043387], [-69.9409753388303, 18.46452697173401]], [[-69.94101364818698, 18.464504343043387], [-69.94097085815555, 18.464490883799904]]]}}, {"id": "181", "type": "Feature", "properties": {"kind": "contact_force", "id": 367}, "geometry": {"type": "MultiLineString", "coordinates": [[[-69.9412614269075, 18.46441655288509], [-69.94070113962353, 18.46461539720046]], [[-69.94070113962353, 18.46461539720046], [-69.94078508587182, 18.464534162540613]], [[-69.94070113962353, 18.46461539720046], [-69.94082031067833, 18.464624546435324]]]}}, {"id": "182", "type": "Feature", "properties": {"kind": "contact_force", "id": 370}, "geometry": {"type": "MultiLineString", "coordinates": [[[-69.94105187307306, 18.464084464563136], [-69.94104079855246, 18.46410674229728]], [[-69.94104079855246, 18.46410674229728], [-69.94104083271371, 18.464101810944115]], [[-69.94104079855246, 18.46410674229728], [-69.94104477916134, 18.46410359745694]]]}}, {"id": "183", "type": "Feature", "properties": {"kind": "contact_force", "id": 372}, "geometry": {"type": "MultiLineString", "coordinates": [[[-69.94086392806994, 18.46401220947165], [-69.94094475900756, 18.463910156393634]], [[-69.94094475900756, 18.463910156393634], [-69.940939146695, 18.46393517441754]], [[-69.94094475900756, 18.463910156393634], [-69.94092106825151, 18.463922134973622]]]}}, {"id": "184", "type": "Feature", "properties": {"kind": "contact_force", "id": 373}, "geometry": {"type": "MultiLineString", "coordinates": [[[-69.9407065513362, 18.464010201686143], [-69.94100281559403, 18.46392814973671]], [[-69.94100281559403, 18.46392814973671], [-69.94095638195662, 18.463966918936332]], [[-69.94100281559403, 18.46392814973671], [-69.94094184663696, 18.463919126331906]]]}}, {"id": "185", "type": "Feature", "properties": {"kind": "contact_force", "id": 377}, "geometry": {"type": "MultiLineString", "coordinates": [[[-69.94121636725296, 18.464028750126715], [-69.94121187064421, 18.464030341740507]], [[-69.94121187064421, 18.464030341740507], [-69.9412125447313, 18.46402969055138]], [[-69.94121187064421, 18.464030341740507], [-69.94121282668176, 18.46403041593286]]]}}, {"id": "186", "type": "Feature", "properties": {"kind": "contact_force", "id": 378}, "geometry": {"type": "MultiLineString", "coordinates": [[[-69.9412612816686, 18.464078834541734], [-69.94126140370098, 18.464079117522232]], [[-69.94126140370098, 18.464079117522232], [-69.94126135651653, 18.464079076071727]], [[-69.94126140370098, 18.464079117522232], [-69.94126140664586, 18.464079056385778]]]}}, {"id": "187", "type": "Feature", "properties": {"kind": "contact_force", "id": 379}, "geometry": {"type": "MultiLineString", "coordinates": [[[-69.94121670962558, 18.464274015210613], [-69.94105434917671, 18.46393219387373]], [[-69.94105434917671, 18.46393219387373], [-69.94111405523697, 18.463981057180046]], [[-69.94105434917671, 18.46393219387373], [-69.94105350242793, 18.464007248725235]]]}}, {"id": "188", "type": "Feature", "properties": {"kind": "contact_force", "id": 380}, "geometry": {"type": "MultiLineString", "coordinates": [[[-69.9409666078254, 18.46405895971888], [-69.94099142176664, 18.463913578444114]], [[-69.94099142176664, 18.463913578444114], [-69.94099980091723, 18.463941931941253]], [[-69.94099142176664, 18.463913578444114], [-69.94097404699437, 18.46393792901917]]]}}, {"id": "189", "type": "Feature", "properties": {"kind": "contact_force", "id": 381}, "geometry": {"type": "MultiLineString", "coordinates": [[[-69.94103245262829, 18.46379526615572], [-69.94085769697892, 18.46409260652206]], [[-69.94085769697892, 18.46409260652206], [-69.94086303694988, 18.464024614570448]], [[-69.94085769697892, 18.46409260652206], [-69.94091571006128, 18.464052805735314]]]}}, {"id": "190", "type": "Feature", "properties": {"kind": "contact_force", "id": 382}, "geometry": {"type": "MultiLineString", "coordinates": [[[-69.94119387214529, 18.46390707143031], [-69.9409899509628, 18.463996437853083]], [[-69.9409899509628, 18.463996437853083], [-69.94101899853796, 18.46396379113818]], [[-69.9409899509628, 18.463996437853083], [-69.94103482956407, 18.46399668720489]]]}}, {"id": "191", "type": "Feature", "properties": {"kind": "contact_force", "id": 383}, "geometry": {"type": "MultiLineString", "coordinates": [[[-69.94086622059226, 18.464092035883073], [-69.94123198632157, 18.463882815981613]], [[-69.94123198632157, 18.463882815981613], [-69.94118421852978, 18.46395024174902]], [[-69.94123198632157, 18.463882815981613], [-69.94114715572327, 18.46389123736191]]]}}, {"id": "192", "type": "Feature", "properties": {"kind": "contact_force", "id": 392}, "geometry": {"type": "MultiLineString", "coordinates": [[[-69.94441253085535, 18.459091334655998], [-69.94455083703687, 18.459464149284692]], [[-69.94455083703687, 18.459464149284692], [-69.94449274670147, 18.45940772825377]], [[-69.94455083703687, 18.459464149284692], [-69.94455878808621, 18.459385416410704]]]}}, {"id": "193", "type": "Feature", "properties": {"kind": "contact_force", "id": 401}, "geometry": {"type": "MultiLineString", "coordinates": [[[-69.9457745894736, 18.46168083858586], [-69.94203327337421, 18.46362537572094]], [[-69.94203327337421, 18.46362537572094], [-69.94253920467803, 18.462971137650587]], [[-69.94203327337421, 18.46362537572094], [-69.94288366914714, 18.463574684395407]]]}}, {"id": "194", "type": "Feature", "properties": {"kind": "contact_force", "id": 402}, "geometry": {"type": "MultiLineString", "coordinates": [[[-69.94191784763383, 18.463684372142403], [-69.94558784223645, 18.461776908697576]], [[-69.94558784223645, 18.461776908697576], [-69.9450915710489, 18.462418681701607]], [[-69.94558784223645, 18.461776908697576], [-69.94475366854998, 18.46182664515791]]]}}, {"id": "195", "type": "Feature", "properties": {"kind": "contact_force", "id": 406}, "geometry": {"type": "MultiLineString", "coordinates": [[[-69.94425802345117, 18.46241385281997], [-69.94438530010841, 18.46263947754132]], [[-69.94438530010841, 18.46263947754132], [-69.94434224545523, 18.462608846528347]], [[-69.94438530010841, 18.46263947754132], [-69.94438221397799, 18.46258831439121]]]}}, {"id": "196", "type": "Feature", "properties": {"kind": "contact_force", "id": 478}, "geometry": {"type": "MultiLineString", "coordinates": [[[-69.94135241555811, 18.460588997391646], [-69.94146582081918, 18.460542880298227]], [[-69.94146582081918, 18.460542880298227], [-69.94144934949291, 18.460560386869158]], [[-69.94146582081918, 18.460542880298227], [-69.9414411801268, 18.460542092249234]]]}}, {"id": "197", "type": "Feature", "properties": {"kind": "contact_force", "id": 479}, "geometry": {"type": "MultiLineString", "coordinates": [[[-69.94151317015488, 18.46063423293164], [-69.94142422715075, 18.46067040228321]], [[-69.94142422715075, 18.46067040228321], [-69.94143714551, 18.460656672000304]], [[-69.94142422715075, 18.46067040228321], [-69.94144355269248, 18.46067102034602]]]}}, {"id": "198", "type": "Feature", "properties": {"kind": "contact_force", "id": 490}, "geometry": {"type": "MultiLineString", "coordinates": [[[-69.9411412661804, 18.461125113156267], [-69.94073832655985, 18.460360140560272]], [[-69.94073832655985, 18.460360140560272], [-69.94087911886483, 18.460466299574303]], [[-69.94073832655985, 18.460360140560272], [-69.94074360860634, 18.46053130193118]]]}}, {"id": "199", "type": "Feature", "properties": {"kind": "contact_force", "id": 491}, "geometry": {"type": "MultiLineString", "coordinates": [[[-69.94072137395628, 18.46022659491951], [-69.94105841871635, 18.460866468740722]], [[-69.94105841871635, 18.460866468740722], [-69.94094065033532, 18.460777670456537]], [[-69.94105841871635, 18.460866468740722], [-69.94105400017892, 18.46072329806979]]]}}, {"id": "200", "type": "Feature", "properties": {"kind": "contact_force", "id": 512}, "geometry": {"type": "MultiLineString", "coordinates": [[[-69.93945962204226, 18.464761676978807], [-69.93972534274612, 18.465204045707583]], [[-69.93972534274612, 18.465204045707583], [-69.93963799518089, 18.465145293883953]], [[-69.93972534274612, 18.465204045707583], [-69.93971636019641, 18.4651024287014]]]}}, {"id": "201", "type": "Feature", "properties": {"kind": "contact_force", "id": 514}, "geometry": {"type": "MultiLineString", "coordinates": [[[-69.9377382234597, 18.46496698187493], [-69.93826784410211, 18.464660686174216]], [[-69.93826784410211, 18.464660686174216], [-69.93819897430507, 18.464758924216067]], [[-69.93826784410211, 18.464660686174216], [-69.93814471447376, 18.464673487607804]]]}}, {"id": "202", "type": "Feature", "properties": {"kind": "contact_force", "id": 518}, "geometry": {"type": "MultiLineString", "coordinates": [[[-69.9396170764335, 18.465281161466343], [-69.93944974964138, 18.464977790722074]], [[-69.93944974964138, 18.464977790722074], [-69.93950695036493, 18.465019283916934]], [[-69.93944974964138, 18.464977790722074], [-69.93945320865326, 18.46504627645798]]]}}, {"id": "203", "type": "Feature", "properties": {"kind": "contact_force", "id": 519}, "geometry": {"type": "MultiLineString", "coordinates": [[[-69.93925896619774, 18.464861089023113], [-69.93949255198415, 18.46532408183045]], [[-69.93949255198415, 18.46532408183045], [-69.93940920245697, 18.46525899968704]], [[-69.93949255198415, 18.46532408183045], [-69.93949122106223, 18.465221318425034]]]}}, {"id": "204", "type": "Feature", "properties": {"kind": "contact_force", "id": 524}, "geometry": {"type": "MultiLineString", "coordinates": [[[-69.93799359615058, 18.46479625208449], [-69.93816094278313, 18.464784101467238]], [[-69.93816094278313, 18.464784101467238], [-69.93813168550923, 18.464799801823183]], [[-69.93816094278313, 18.464784101467238], [-69.9381295330393, 18.46477280601266]]]}}, {"id": "205", "type": "Feature", "properties": {"kind": "contact_force", "id": 525}, "geometry": {"type": "MultiLineString", "coordinates": [[[-69.93852892218202, 18.46458255171914], [-69.93772820977942, 18.464957543380166]], [[-69.93772820977942, 18.464957543380166], [-69.93784013393349, 18.464824987836646]], [[-69.93772820977942, 18.464957543380166], [-69.93790656294044, 18.464954156252496]]]}}, {"id": "206", "type": "Feature", "properties": {"kind": "contact_force", "id": 526}, "geometry": {"type": "MultiLineString", "coordinates": [[[-69.93803172380397, 18.46471172527232], [-69.93803149814659, 18.464711273907756]], [[-69.93803149814659, 18.464711273907756], [-69.93803157902882, 18.464711337521642]], [[-69.93803149814659, 18.464711273907756], [-69.93803149907038, 18.46471137392396]]]}}, {"id": "207", "type": "Feature", "properties": {"kind": "contact_force", "id": 527}, "geometry": {"type": "MultiLineString", "coordinates": [[[-69.9380091715161, 18.46464843203391], [-69.9380093484226, 18.46464880365189]], [[-69.9380093484226, 18.46464880365189], [-69.93800928344052, 18.464648750560837]], [[-69.9380093484226, 18.46464880365189], [-69.93800934927198, 18.464648722022837]]]}}, {"id": "208", "type": "Feature", "properties": {"kind": "contact_force", "id": 544}, "geometry": {"type": "MultiLineString", "coordinates": [[[-69.93723154030744, 18.462812106111368], [-69.9377393564619, 18.463754506167056]], [[-69.9377393564619, 18.463754506167056], [-69.93756383680737, 18.463624645433296]], [[-69.9377393564619, 18.463754506167056], [-69.93773078013095, 18.463542725314394]]]}}, {"id": "209", "type": "Feature", "properties": {"kind": "contact_force", "id": 545}, "geometry": {"type": "MultiLineString", "coordinates": [[[-69.93808531104077, 18.463593578484613], [-69.9378155342775, 18.463707386831747]], [[-69.9378155342775, 18.463707386831747], [-69.93785435405863, 18.46366499787682]], [[-69.9378155342775, 18.463707386831747], [-69.93787451486659, 18.463708517684307]]]}}, {"id": "210", "type": "Feature", "properties": {"kind": "contact_force", "id": 550}, "geometry": {"type": "MultiLineString", "coordinates": [[[-69.93714692273717, 18.46316513942795], [-69.93732809826095, 18.463484988719983]], [[-69.93732809826095, 18.463484988719983], [-69.93726692789743, 18.463441625809786]], [[-69.93732809826095, 18.463484988719983], [-69.93732358820164, 18.46341239889623]]]}}, {"id": "211", "type": "Feature", "properties": {"kind": "contact_force", "id": 551}, "geometry": {"type": "MultiLineString", "coordinates": [[[-69.94454674580433, 18.45956096997201], [-69.9444084395436, 18.459188155347174]], [[-69.9444084395436, 18.459188155347174], [-69.9444665297753, 18.459244576409777]], [[-69.9444084395436, 18.459188155347174], [-69.94440048843002, 18.459266888219144]]]}}, {"id": "212", "type": "Feature", "properties": {"kind": "contact_force", "id": 554}, "geometry": {"type": "MultiLineString", "coordinates": [[[-69.94736846218804, 18.45982936338511], [-69.94570747225272, 18.460465665425183]], [[-69.94570747225272, 18.460465665425183], [-69.94595218882091, 18.460216352786837]], [[-69.94570747225272, 18.460465665425183], [-69.94606490492812, 18.460484305927693]]]}}, {"id": "213", "type": "Feature", "properties": {"kind": "contact_force", "id": 556}, "geometry": {"type": "MultiLineString", "coordinates": [[[-69.94194486183989, 18.463539180174063], [-69.94219582710332, 18.46341530473906]], [[-69.94219582710332, 18.46341530473906], [-69.9421613088632, 18.463458001216182]], [[-69.94219582710332, 18.46341530473906], [-69.94213936469235, 18.463417516016843]]]}}, {"id": "214", "type": "Feature", "properties": {"kind": "contact_force", "id": 557}, "geometry": {"type": "MultiLineString", "coordinates": [[[-69.9474466736175, 18.459568018773272], [-69.9478656080594, 18.460629936924434]], [[-69.9478656080594, 18.460629936924434], [-69.94769561485799, 18.460471243632707]], [[-69.9478656080594, 18.460629936924434], [-69.94788372699712, 18.4604036604845]]]}}, {"id": "215", "type": "Feature", "properties": {"kind": "contact_force", "id": 558}, "geometry": {"type": "MultiLineString", "coordinates": [[[-69.94440023964614, 18.46275270179241], [-69.94428962536517, 18.462556614872454]], [[-69.94428962536517, 18.462556614872454], [-69.94432704347534, 18.462583235822084]], [[-69.94428962536517, 18.462556614872454], [-69.94429230744835, 18.462601079974146]]]}}, {"id": "216", "type": "Feature", "properties": {"kind": "contact_force", "id": 562}, "geometry": {"type": "MultiLineString", "coordinates": [[[-69.94055646054822, 18.463870069251335], [-69.94071386499157, 18.46415367129428]], [[-69.94071386499157, 18.46415367129428], [-69.94066021386614, 18.464114961206995]], [[-69.94071386499157, 18.46415367129428], [-69.94071045328488, 18.464089569106488]]]}}, {"id": "217", "type": "Feature", "properties": {"kind": "contact_force", "id": 563}, "geometry": {"type": "MultiLineString", "coordinates": [[[-69.94065875033932, 18.464078705050913], [-69.94066734324078, 18.464050747182142]], [[-69.94066734324078, 18.464050747182142], [-69.94066826201261, 18.464056507961303]], [[-69.94066734324078, 18.464050747182142], [-69.94066330934395, 18.464055121776674]]]}}, {"id": "218", "type": "Feature", "properties": {"kind": "contact_force", "id": 564}, "geometry": {"type": "MultiLineString", "coordinates": [[[-69.94088737320361, 18.464441465928935], [-69.94048111934843, 18.463790268594725]], [[-69.94048111934843, 18.463790268594725], [-69.94061243630424, 18.46387553784615]], [[-69.94048111934843, 18.463790268594725], [-69.94049707831667, 18.463941073568712]]]}}, {"id": "219", "type": "Feature", "properties": {"kind": "contact_force", "id": 565}, "geometry": {"type": "MultiLineString", "coordinates": [[[-69.94074830397722, 18.46424937149351], [-69.94067373569195, 18.464121902471515]], [[-69.94067373569195, 18.464121902471515], [-69.94069854246766, 18.464138993131378]], [[-69.94067373569195, 18.464121902471515], [-69.94067596162563, 18.464151022283243]]]}}, {"id": "220", "type": "Feature", "properties": {"kind": "contact_force", "id": 566}, "geometry": {"type": "MultiLineString", "coordinates": [[[-69.94123656521515, 18.463907085106882], [-69.94065942952332, 18.464599515345196]], [[-69.94065942952332, 18.464599515345196], [-69.94070271111907, 18.46442745344398]], [[-69.94065942952332, 18.464599515345196], [-69.94082537366877, 18.46452055549552]]]}}, {"id": "221", "type": "Feature", "properties": {"kind": "contact_force", "id": 568}, "geometry": {"type": "MultiLineString", "coordinates": [[[-69.94062459011208, 18.464307991317366], [-69.94086785969897, 18.464198374500125]], [[-69.94086785969897, 18.464198374500125], [-69.94083347349417, 18.464237865622085]], [[-69.94086785969897, 18.464198374500125], [-69.94081405510529, 18.464198622052024]]]}}, {"id": "222", "type": "Feature", "properties": {"kind": "contact_force", "id": 569}, "geometry": {"type": "MultiLineString", "coordinates": [[[-69.94055829903758, 18.463868883740574], [-69.94064514089233, 18.46402899253124]], [[-69.94064514089233, 18.46402899253124], [-69.94061521835363, 18.4640069755246]], [[-69.94064514089233, 18.46402899253124], [-69.94064358122546, 18.46399296640673]]]}}, {"id": "223", "type": "Feature", "properties": {"kind": "contact_force", "id": 570}, "geometry": {"type": "MultiLineString", "coordinates": [[[-69.94092175472811, 18.464121760482847], [-69.94096819046433, 18.464148653448913]], [[-69.94096819046433, 18.464148653448913], [-69.94095739143663, 18.464147524234075]], [[-69.94096819046433, 18.464148653448913], [-69.94096215546213, 18.464140033343686]]]}}, {"id": "224", "type": "Feature", "properties": {"kind": "contact_force", "id": 572}, "geometry": {"type": "MultiLineString", "coordinates": [[[-69.94095872604625, 18.46400107915593], [-69.94075996444384, 18.46411489126687]], [[-69.94075996444384, 18.46411489126687], [-69.94078591153593, 18.464078229662203]], [[-69.94075996444384, 18.46411489126687], [-69.94080607306876, 18.464110293379314]]]}}, {"id": "225", "type": "Feature", "properties": {"kind": "contact_force", "id": 573}, "geometry": {"type": "MultiLineString", "coordinates": [[[-69.94049094617466, 18.464249927397447], [-69.94108864587398, 18.463907681224708]], [[-69.94108864587398, 18.463907681224708], [-69.94101062015953, 18.464017927080196]], [[-69.94108864587398, 18.463907681224708], [-69.94094999200968, 18.463921507777727]]]}}, {"id": "226", "type": "Feature", "properties": {"kind": "contact_force", "id": 574}, "geometry": {"type": "MultiLineString", "coordinates": [[[-69.94108593797868, 18.464286753781185], [-69.94052589801252, 18.46416620307658]], [[-69.94052589801252, 18.46416620307658], [-69.94063808936272, 18.46414288236006]], [[-69.94052589801252, 18.46416620307658], [-69.94061673398559, 18.464233226460475]]]}}, {"id": "227", "type": "Feature", "properties": {"kind": "contact_force", "id": 575}, "geometry": {"type": "MultiLineString", "coordinates": [[[-69.94067872456255, 18.46396074009734], [-69.94087621701517, 18.464363911887148]], [[-69.94087621701517, 18.464363911887148], [-69.9408047086566, 18.464306761846842]], [[-69.94087621701517, 18.464363911887148], [-69.94087612964552, 18.464274902867118]]]}}, {"id": "228", "type": "Feature", "properties": {"kind": "contact_force", "id": 576}, "geometry": {"type": "MultiLineString", "coordinates": [[[-69.94087493450147, 18.464198901051418], [-69.94087770830814, 18.464196948299872]], [[-69.94087770830814, 18.464196948299872], [-69.94087737848638, 18.46419752599015]], [[-69.94087770830814, 18.464196948299872], [-69.94087703256088, 18.46419707852717]]]}}, {"id": "229", "type": "Feature", "properties": {"kind": "contact_force", "id": 577}, "geometry": {"type": "MultiLineString", "coordinates": [[[-69.94102260352706, 18.464227437903226], [-69.94097089680658, 18.464095776409476]], [[-69.94097089680658, 18.464095776409476], [-69.94099193100288, 18.464115470984094]], [[-69.94097089680658, 18.464095776409476], [-69.9409686074787, 18.46412381217186]]]}}, {"id": "230", "type": "Feature", "properties": {"kind": "contact_force", "id": 578}, "geometry": {"type": "MultiLineString", "coordinates": [[[-69.94231470916141, 18.46339633384211], [-69.94210976360202, 18.463497494209943]], [[-69.94210976360202, 18.463497494209943], [-69.94213795225214, 18.463462627031674]], [[-69.94210976360202, 18.463497494209943], [-69.94215587249306, 18.463495688447477]]]}}, {"id": "231", "type": "Feature", "properties": {"kind": "contact_force", "id": 586}, "geometry": {"type": "MultiLineString", "coordinates": [[[-69.94088878780055, 18.464842704800546], [-69.94122197434879, 18.464099275374473]], [[-69.94122197434879, 18.464099275374473], [-69.94122742909309, 18.46426090487616]], [[-69.94122197434879, 18.464099275374473], [-69.94109573220568, 18.464207156276483]]]}}, {"id": "232", "type": "Feature", "properties": {"kind": "contact_force", "id": 588}, "geometry": {"type": "MultiLineString", "coordinates": [[[-69.94068769729162, 18.464523676606575], [-69.94104384355876, 18.4641451207893]], [[-69.94104384355876, 18.4641451207893], [-69.94101281822368, 18.464242464681874]], [[-69.94104384355876, 18.4641451207893], [-69.94094575788155, 18.464185012215367]]]}}, {"id": "233", "type": "Feature", "properties": {"kind": "contact_force", "id": 589}, "geometry": {"type": "MultiLineString", "coordinates": [[[-69.94082412335254, 18.464344251889564], [-69.94099395589912, 18.46424080458331]], [[-69.94099395589912, 18.46424080458331], [-69.9409723345382, 18.464273254066615]], [[-69.94099395589912, 18.46424080458331], [-69.9409540090686, 18.464245857160556]]]}}, {"id": "234", "type": "Feature", "properties": {"kind": "contact_force", "id": 591}, "geometry": {"type": "MultiLineString", "coordinates": [[[-69.94096489885627, 18.464372361101567], [-69.94112960200181, 18.464383640993738]], [[-69.94112960200181, 18.464383640993738], [-69.94109874855138, 18.46439488111239]], [[-69.94112960200181, 18.464383640993738], [-69.94110074675264, 18.46436831167481]]]}}, {"id": "235", "type": "Feature", "properties": {"kind": "contact_force", "id": 592}, "geometry": {"type": "MultiLineString", "coordinates": [[[-69.94093225679514, 18.464044321921367], [-69.94112412101286, 18.464585673770895]], [[-69.94112412101286, 18.464585673770895], [-69.9410413936087, 18.46450302302087]], [[-69.94112412101286, 18.464585673770895], [-69.94113729300446, 18.46447207199179]]]}}, {"id": "236", "type": "Feature", "properties": {"kind": "contact_force", "id": 593}, "geometry": {"type": "MultiLineString", "coordinates": [[[-69.94101717025463, 18.464135433714517], [-69.94108882030905, 18.46431967318064]], [[-69.94108882030905, 18.46431967318064], [-69.94105951408763, 18.464292056847736]], [[-69.94108882030905, 18.46431967318064], [-69.94109215170448, 18.464280498452624]]]}}, {"id": "237", "type": "Feature", "properties": {"kind": "contact_force", "id": 636}, "geometry": {"type": "MultiLineString", "coordinates": [[[-69.94039960685734, 18.46390610332935], [-69.93981874653346, 18.46422667893194]], [[-69.93981874653346, 18.46422667893194], [-69.93989563978643, 18.464121719549425]], [[-69.93981874653346, 18.46422667893194], [-69.93995242891909, 18.46421542249475]]]}}, {"id": "238", "type": "Feature", "properties": {"kind": "contact_force", "id": 655}, "geometry": {"type": "MultiLineString", "coordinates": [[[-69.93809770493627, 18.463967894706], [-69.93782396457989, 18.464063437054364]], [[-69.93782396457989, 18.464063437054364], [-69.93786512067173, 18.464024039372983]], [[-69.93782396457989, 18.464063437054364], [-69.93788204574446, 18.464068198482295]]]}}, {"id": "239", "type": "Feature", "properties": {"kind": "contact_force", "id": 656}, "geometry": {"type": "MultiLineString", "coordinates": [[[-69.93778477860646, 18.464195717460957], [-69.93799329781956, 18.463920384083213]], [[-69.93799329781956, 18.463920384083213], [-69.93797988866682, 18.463987110337044]], [[-69.93799329781956, 18.463920384083213], [-69.93793111403956, 18.463953472570523]]]}}, {"id": "240", "type": "Feature", "properties": {"kind": "contact_force", "id": 657}, "geometry": {"type": "MultiLineString", "coordinates": [[[-69.93765862426442, 18.463528392350216], [-69.93800017104698, 18.464307872604266]], [[-69.93800017104698, 18.464307872604266], [-69.93786921995384, 18.464194131637193]], [[-69.93800017104698, 18.464307872604266], [-69.93800730303464, 18.464139034058608]]]}}, {"id": "241", "type": "Feature", "properties": {"kind": "contact_force", "id": 658}, "geometry": {"type": "MultiLineString", "coordinates": [[[-69.93781890070737, 18.463432280362788], [-69.93830008346605, 18.464237312038897]], [[-69.93830008346605, 18.464237312038897], [-69.93814155849357, 18.464130202534324]], [[-69.93830008346605, 18.464237312038897], [-69.93828416784852, 18.464052579148213]]]}}, {"id": "242", "type": "Feature", "properties": {"kind": "contact_force", "id": 659}, "geometry": {"type": "MultiLineString", "coordinates": [[[-69.93792240842839, 18.463517133526683], [-69.93798734907097, 18.464190382837142]], [[-69.93798734907097, 18.464190382837142], [-69.93791594553649, 18.464073586660774]], [[-69.93798734907097, 18.464190382837142], [-69.93803521002276, 18.464063110571477]]]}}, {"id": "243", "type": "Feature", "properties": {"kind": "contact_force", "id": 660}, "geometry": {"type": "MultiLineString", "coordinates": [[[-69.93750749656562, 18.46389091542865], [-69.93831477936828, 18.463912305988313]], [[-69.93831477936828, 18.463912305988313], [-69.93816655548383, 18.463973543408034]], [[-69.93831477936828, 18.463912305988313], [-69.93817034457166, 18.4638433145075]]]}}, {"id": "244", "type": "Feature", "properties": {"kind": "contact_force", "id": 661}, "geometry": {"type": "MultiLineString", "coordinates": [[[-69.93837644231887, 18.46424382833934], [-69.93757056836033, 18.46359344860696]], [[-69.93757056836033, 18.46359344860696], [-69.93777424844525, 18.463646336985345]], [[-69.93757056836033, 18.46359344860696], [-69.93765903527571, 18.463776338454235]]]}}, {"id": "245", "type": "Feature", "properties": {"kind": "contact_force", "id": 662}, "geometry": {"type": "MultiLineString", "coordinates": [[[-69.93793207196049, 18.464149913827907], [-69.9377643140599, 18.46380127168194]], [[-69.9377643140599, 18.46380127168194], [-69.93782560258929, 18.46385093597838]], [[-69.9377643140599, 18.46380127168194], [-69.93776384153753, 18.463877998245792]]]}}, {"id": "246", "type": "Feature", "properties": {"kind": "contact_force", "id": 666}, "geometry": {"type": "MultiLineString", "coordinates": [[[-69.93817611647057, 18.463864580456143], [-69.9380409772954, 18.463969408538105]], [[-69.9380409772954, 18.463969408538105], [-69.93805618783371, 18.46393950708]], [[-69.9380409772954, 18.463969408538105], [-69.93807475785758, 18.46396130740628]]]}}, {"id": "247", "type": "Feature", "properties": {"kind": "contact_force", "id": 667}, "geometry": {"type": "MultiLineString", "coordinates": [[[-69.93846067286869, 18.46480280429866], [-69.93784145114604, 18.463232152666766]], [[-69.93784145114604, 18.463232152666766], [-69.9380928095167, 18.463466906103296]], [[-69.93784145114604, 18.463232152666766], [-69.93781457311643, 18.4635667970663]]]}}, {"id": "248", "type": "Feature", "properties": {"kind": "contact_force", "id": 672}, "geometry": {"type": "MultiLineString", "coordinates": [[[-69.93815407367528, 18.464159184756856], [-69.9381532151018, 18.464159648062772]], [[-69.9381532151018, 18.464159648062772], [-69.93815332969137, 18.46415949483183]], [[-69.9381532151018, 18.464159648062772], [-69.93815341176496, 18.46415963333461]]]}}, {"id": "249", "type": "Feature", "properties": {"kind": "contact_force", "id": 673}, "geometry": {"type": "MultiLineString", "coordinates": [[[-69.93830977255273, 18.46461548963203], [-69.9379886525993, 18.46408019352785]], [[-69.9379886525993, 18.46408019352785], [-69.93809427239901, 18.464151321125517]], [[-69.9379886525993, 18.46408019352785], [-69.93799944588699, 18.464203123228284]]]}}, {"id": "250", "type": "Feature", "properties": {"kind": "contact_force", "id": 678}, "geometry": {"type": "MultiLineString", "coordinates": [[[-69.93811225146865, 18.464216428210545], [-69.937931518273, 18.46433900980868]], [[-69.937931518273, 18.46433900980868], [-69.93795342074526, 18.464302212797545]], [[-69.937931518273, 18.46433900980868], [-69.93797513580235, 18.464331368180428]]]}}, {"id": "251", "type": "Feature", "properties": {"kind": "contact_force", "id": 679}, "geometry": {"type": "MultiLineString", "coordinates": [[[-69.93784356902695, 18.464260996877982], [-69.93811648142538, 18.464355419196934]], [[-69.93811648142538, 18.464355419196934], [-69.93805864953224, 18.46436031682412]], [[-69.93811648142538, 18.464355419196934], [-69.93807537622193, 18.46431629135668]]]}}, {"id": "252", "type": "Feature", "properties": {"kind": "contact_force", "id": 680}, "geometry": {"type": "MultiLineString", "coordinates": [[[-69.93798171546527, 18.46424002091292], [-69.93798156864632, 18.464239776904325]], [[-69.93798156864632, 18.464239776904325], [-69.93798161687172, 18.464239809291488]], [[-69.93798156864632, 18.464239776904325], [-69.93798157364616, 18.464239832975924]]]}}, {"id": "253", "type": "Feature", "properties": {"kind": "contact_force", "id": 681}, "geometry": {"type": "MultiLineString", "coordinates": [[[-69.9379926996733, 18.464158588543775], [-69.93799285444202, 18.464158856099388]], [[-69.93799285444202, 18.464158856099388], [-69.93799280268996, 18.464158820085274]], [[-69.93799285444202, 18.464158856099388], [-69.93799285008683, 18.464158795118404]]]}}, {"id": "254", "type": "Feature", "properties": {"kind": "contact_force", "id": 682}, "geometry": {"type": "MultiLineString", "coordinates": [[[-69.93799217198014, 18.4640282964676], [-69.9383091977322, 18.464556785203367]], [[-69.9383091977322, 18.464556785203367], [-69.93820492265291, 18.46448656143419]], [[-69.9383091977322, 18.464556785203367], [-69.93829854333806, 18.46443541967478]]]}}, {"id": "255", "type": "Feature", "properties": {"kind": "contact_force", "id": 683}, "geometry": {"type": "MultiLineString", "coordinates": [[[-69.9381940023268, 18.46436361295531], [-69.93803610498927, 18.464124886961912]], [[-69.93803610498927, 18.464124886961912], [-69.93808587055568, 18.464155423041507]], [[-69.93803610498927, 18.464124886961912], [-69.938043580788, 18.464180894594108]]]}}, {"id": "256", "type": "Feature", "properties": {"kind": "contact_force", "id": 684}, "geometry": {"type": "MultiLineString", "coordinates": [[[-69.93800836655643, 18.464089270709426], [-69.9381478272314, 18.46429846138943]], [[-69.9381478272314, 18.46429846138943], [-69.93810401951565, 18.464271791883213]], [[-69.9381478272314, 18.46429846138943], [-69.93814107717515, 18.46424929445516]]]}}, {"id": "257", "type": "Feature", "properties": {"kind": "contact_force", "id": 685}, "geometry": {"type": "MultiLineString", "coordinates": [[[-69.93812526185388, 18.4644511974068], [-69.93793916322274, 18.464201699320178]], [[-69.93793916322274, 18.464201699320178], [-69.93799499472935, 18.464231913301212]], [[-69.93793916322274, 18.464201699320178], [-69.93795079668651, 18.46426193419186]]]}}, {"id": "258", "type": "Feature", "properties": {"kind": "contact_force", "id": 702}, "geometry": {"type": "MultiLineString", "coordinates": [[[-69.94120108284264, 18.4652584025022], [-69.94257989646239, 18.46455153414681]], [[-69.94257989646239, 18.46455153414681], [-69.94239258197226, 18.464790875528685]], [[-69.94257989646239, 18.46455153414681], [-69.94226736095585, 18.464568450278527]]]}}, {"id": "259", "type": "Feature", "properties": {"kind": "contact_force", "id": 703}, "geometry": {"type": "MultiLineString", "coordinates": [[[-69.94275792653383, 18.464458961102633], [-69.94141574968279, 18.465147049258835]], [[-69.94141574968279, 18.465147049258835], [-69.94159808894206, 18.46491406806364]], [[-69.94141574968279, 18.465147049258835], [-69.9417199822727, 18.465130583914842]]]}}, {"id": "260", "type": "Feature", "properties": {"kind": "contact_force", "id": 707}, "geometry": {"type": "MultiLineString", "coordinates": [[[-69.94080691260983, 18.465464362538487], [-69.94220945071125, 18.464738536152204]], [[-69.94220945071125, 18.464738536152204], [-69.94201951519669, 18.46498322735894]], [[-69.94220945071125, 18.464738536152204], [-69.94189093563575, 18.464756975230937]]]}}, {"id": "261", "type": "Feature", "properties": {"kind": "contact_force", "id": 708}, "geometry": {"type": "MultiLineString", "coordinates": [[[-69.94240923296529, 18.464635360388893], [-69.94099755206264, 18.465365920527233]], [[-69.94099755206264, 18.465365920527233], [-69.94118872785498, 18.465119634897576]], [[-69.94099755206264, 18.465365920527233], [-69.94131814514412, 18.465347362681978]]]}}, {"id": "262", "type": "Feature", "properties": {"kind": "contact_force", "id": 716}, "geometry": {"type": "MultiLineString", "coordinates": [[[-69.94078954654573, 18.46475591143521], [-69.94088940843322, 18.464989908801485]], [[-69.94088940843322, 18.464989908801485], [-69.9408505811499, 18.464955548774956]], [[-69.94088940843322, 18.464989908801485], [-69.9408920334299, 18.4649394393822]]]}}, {"id": "263", "type": "Feature", "properties": {"kind": "contact_force", "id": 717}, "geometry": {"type": "MultiLineString", "coordinates": [[[-69.94122571802266, 18.464704304191184], [-69.94073977307286, 18.464938582912424]], [[-69.94073977307286, 18.464938582912424], [-69.94080710529461, 18.46485692173797]], [[-69.94073977307286, 18.464938582912424], [-69.94084860734027, 18.46493531280927]]]}}, {"id": "264", "type": "Feature", "properties": {"kind": "contact_force", "id": 718}, "geometry": {"type": "MultiLineString", "coordinates": [[[-69.94040965265141, 18.464721856682694], [-69.94172443640753, 18.464796832034626]], [[-69.94172443640753, 18.464796832034626], [-69.94147947598177, 18.46488929089579]], [[-69.94172443640753, 18.464796832034626], [-69.94149275722258, 18.46467719423559]]]}}, {"id": "265", "type": "Feature", "properties": {"kind": "contact_force", "id": 719}, "geometry": {"type": "MultiLineString", "coordinates": [[[-69.94109472853125, 18.464758417764195], [-69.94115888564794, 18.46470402480219]], [[-69.94115888564794, 18.46470402480219], [-69.94115207424214, 18.464719058966036]], [[-69.94115888564794, 18.46470402480219], [-69.9411424386223, 18.464708709347214]]]}}, {"id": "266", "type": "Feature", "properties": {"kind": "contact_force", "id": 720}, "geometry": {"type": "MultiLineString", "coordinates": [[[-69.93996309908498, 18.46551404303233], [-69.94102849088308, 18.464624014541254]], [[-69.94102849088308, 18.464624014541254], [-69.9409142108576, 18.464871275365685]], [[-69.94102849088308, 18.464624014541254], [-69.94075654347539, 18.464699410408635]]]}}, {"id": "267", "type": "Feature", "properties": {"kind": "contact_force", "id": 728}, "geometry": {"type": "MultiLineString", "coordinates": [[[-69.94159200322123, 18.464495703528208], [-69.94074594921516, 18.464909845761913]], [[-69.94074594921516, 18.464909845761913], [-69.94086262439568, 18.464766536536622]], [[-69.94074594921516, 18.464909845761913], [-69.9409359888211, 18.464903019381932]]]}}, {"id": "268", "type": "Feature", "properties": {"kind": "contact_force", "id": 733}, "geometry": {"type": "MultiLineString", "coordinates": [[[-69.94093533633469, 18.465556689662908], [-69.94116837381961, 18.465495888582108]], [[-69.94116837381961, 18.465495888582108], [-69.94113151853193, 18.4655257058398]], [[-69.94116837381961, 18.465495888582108], [-69.94112074765995, 18.46548811316287]]]}}, {"id": "269", "type": "Feature", "properties": {"kind": "contact_force", "id": 742}, "geometry": {"type": "MultiLineString", "coordinates": [[[-69.94097687007314, 18.464649012210142], [-69.94008873624556, 18.46539095986325]], [[-69.94008873624556, 18.46539095986325], [-69.94018400389433, 18.465184838128142]], [[-69.94008873624556, 18.46539095986325], [-69.9403154388336, 18.46532810897379]]]}}, {"id": "270", "type": "Feature", "properties": {"kind": "contact_force", "id": 747}, "geometry": {"type": "MultiLineString", "coordinates": [[[-69.94020422663932, 18.465151210139954], [-69.94047968147781, 18.46567861005478]], [[-69.94047968147781, 18.46567861005478], [-69.94038303775474, 18.465605230434544]], [[-69.94047968147781, 18.46567861005478], [-69.94047646618371, 18.465560795078996]]]}}, {"id": "271", "type": "Feature", "properties": {"kind": "contact_force", "id": 748}, "geometry": {"type": "MultiLineString", "coordinates": [[[-69.94119475520735, 18.465423293671535], [-69.94109380356353, 18.46471575324773]], [[-69.94109380356353, 18.46471575324773], [-69.9411747719709, 18.464835860560193]], [[-69.94109380356353, 18.46471575324773], [-69.94104943230998, 18.4648521456943]]]}}, {"id": "272", "type": "Feature", "properties": {"kind": "contact_force", "id": 749}, "geometry": {"type": "MultiLineString", "coordinates": [[[-69.94120980194532, 18.465053878106435], [-69.94103177191747, 18.464710640300144]], [[-69.94103177191747, 18.464710640300144], [-69.94109444386757, 18.464758496539265]], [[-69.94103177191747, 18.464710640300144], [-69.9410336398535, 18.464787215726364]]]}}, {"id": "273", "type": "Feature", "properties": {"kind": "contact_force", "id": 752}, "geometry": {"type": "MultiLineString", "coordinates": [[[-69.94117712932729, 18.464771513119327], [-69.9408939702473, 18.46509963066744]], [[-69.9408939702473, 18.46509963066744], [-69.94091623341431, 18.46501731645374]], [[-69.9408939702473, 18.46509963066744], [-69.94097435895789, 18.465062994738005]]]}}, {"id": "274", "type": "Feature", "properties": {"kind": "contact_force", "id": 753}, "geometry": {"type": "MultiLineString", "coordinates": [[[-69.94103975634827, 18.465015227366123], [-69.94098302135816, 18.46500212629176]], [[-69.94098302135816, 18.46500212629176], [-69.940994465649, 18.464999924868643]], [[-69.94098302135816, 18.46500212629176], [-69.94099214481147, 18.465009077159735]]]}}, {"id": "275", "type": "Feature", "properties": {"kind": "contact_force", "id": 754}, "geometry": {"type": "MultiLineString", "coordinates": [[[-69.94088137134518, 18.464662923869675], [-69.94104788572709, 18.46563173258894]], [[-69.94104788572709, 18.46563173258894], [-69.9409318911482, 18.465469555596584]], [[-69.94104788572709, 18.46563173258894], [-69.9411035146623, 18.465442694037062]]]}}, {"id": "276", "type": "Feature", "properties": {"kind": "contact_force", "id": 756}, "geometry": {"type": "MultiLineString", "coordinates": [[[-69.94078309927473, 18.46494891877291], [-69.94092670390819, 18.465400863590848]], [[-69.94092670390819, 18.465400863590848], [-69.94086064308823, 18.465330526276812]], [[-69.94092670390819, 18.465400863590848], [-69.94094070460392, 18.465307360477837]]]}}, {"id": "277", "type": "Feature", "properties": {"kind": "contact_force", "id": 757}, "geometry": {"type": "MultiLineString", "coordinates": [[[-69.9407401794019, 18.465129663502108], [-69.94085354791709, 18.465486237088378]], [[-69.94085354791709, 18.465486237088378], [-69.94080141519989, 18.4654307481077]], [[-69.94085354791709, 18.465486237088378], [-69.94086458184904, 18.465412459911917]]]}}, {"id": "278", "type": "Feature", "properties": {"kind": "contact_force", "id": 758}, "geometry": {"type": "MultiLineString", "coordinates": [[[-69.94087465445637, 18.465520841464645], [-69.94069312526427, 18.464975989286774]], [[-69.94069312526427, 18.464975989286774], [-69.94077428935154, 18.465060108262314]], [[-69.94069312526427, 18.464975989286774], [-69.94067776951506, 18.46508939184593]]]}}, {"id": "279", "type": "Feature", "properties": {"kind": "contact_force", "id": 759}, "geometry": {"type": "MultiLineString", "coordinates": [[[-69.94081731815525, 18.465466688505284], [-69.94049722311647, 18.465181668697838]], [[-69.94049722311647, 18.465181668697838], [-69.94058048943577, 18.46520751362689]], [[-69.94049722311647, 18.465181668697838], [-69.94052999848375, 18.465259150122577]]]}}, {"id": "280", "type": "Feature", "properties": {"kind": "contact_force", "id": 760}, "geometry": {"type": "MultiLineString", "coordinates": [[[-69.94096373122065, 18.464783495233483], [-69.94119267004335, 18.465177931460836]], [[-69.94119267004335, 18.465177931460836], [-69.94111623523456, 18.46512490118244]], [[-69.94119267004335, 18.465177931460836], [-69.94118610906949, 18.46508796953376]]]}}, {"id": "281", "type": "Feature", "properties": {"kind": "contact_force", "id": 761}, "geometry": {"type": "MultiLineString", "coordinates": [[[-69.94114439488948, 18.46525020467368], [-69.94094003720522, 18.464857297441107]], [[-69.94094003720522, 18.464857297441107], [-69.94101188079108, 18.46491203331714]], [[-69.94094003720522, 18.464857297441107], [-69.94094227785371, 18.464944999554003]]]}}, {"id": "282", "type": "Feature", "properties": {"kind": "contact_force", "id": 762}, "geometry": {"type": "MultiLineString", "coordinates": [[[-69.94120492128079, 18.465115026108013], [-69.94101680046704, 18.465207282433813]], [[-69.94101680046704, 18.465207282433813], [-69.94104272801304, 18.465175386434808]], [[-69.94101680046704, 18.465207282433813], [-69.94105907109673, 18.465205733408297]]]}}, {"id": "283", "type": "Feature", "properties": {"kind": "contact_force", "id": 763}, "geometry": {"type": "MultiLineString", "coordinates": [[[-69.94090477700875, 18.46533367212978], [-69.9408347960711, 18.465113432006557]], [[-69.9408347960711, 18.465113432006557], [-69.94086698853923, 18.46514770854521]], [[-69.9408347960711, 18.465113432006557], [-69.94082797328073, 18.465158997607197]]]}}, {"id": "284", "type": "Feature", "properties": {"kind": "contact_force", "id": 764}, "geometry": {"type": "MultiLineString", "coordinates": [[[-69.94178359847567, 18.46478232709226], [-69.94089799926905, 18.465239757921093]], [[-69.94089799926905, 18.465239757921093], [-69.94101800820418, 18.46508541263057]], [[-69.94089799926905, 18.465239757921093], [-69.9410990412694, 18.4652282745382]]]}}, {"id": "285", "type": "Feature", "properties": {"kind": "contact_force", "id": 765}, "geometry": {"type": "MultiLineString", "coordinates": [[[-69.94144245904812, 18.464878329105517], [-69.94106246042362, 18.465019846779413]], [[-69.94106246042362, 18.465019846779413], [-69.94111880481208, 18.464963545071853]], [[-69.94106246042362, 18.465019846779413], [-69.94114387442201, 18.465024845167154]]]}}, {"id": "286", "type": "Feature", "properties": {"kind": "contact_force", "id": 766}, "geometry": {"type": "MultiLineString", "coordinates": [[[-69.94104106244085, 18.464943814808365], [-69.94129533881723, 18.464969389543228]], [[-69.94129533881723, 18.464969389543228], [-69.94124698302711, 18.464985263349625]], [[-69.94129533881723, 18.464969389543228], [-69.94125151353421, 18.464944244355372]]]}}, {"id": "287", "type": "Feature", "properties": {"kind": "contact_force", "id": 767}, "geometry": {"type": "MultiLineString", "coordinates": [[[-69.94122081465571, 18.465088225853076], [-69.94117377109927, 18.464977883756855]], [[-69.94117377109927, 18.464977883756855], [-69.9411920717548, 18.464994090087906]], [[-69.94117377109927, 18.464977883756855], [-69.94117252481054, 18.465001678988042]]]}}, {"id": "288", "type": "Feature", "properties": {"kind": "contact_force", "id": 771}, "geometry": {"type": "MultiLineString", "coordinates": [[[-69.94109914004737, 18.465127836406293], [-69.94147140534265, 18.46493555362425]], [[-69.94147140534265, 18.46493555362425], [-69.94142095934778, 18.465000433407734]], [[-69.94147140534265, 18.46493555362425], [-69.9413868966961, 18.464940380895523]]]}}, {"id": "289", "type": "Feature", "properties": {"kind": "contact_force", "id": 772}, "geometry": {"type": "MultiLineString", "coordinates": [[[-69.9410672746393, 18.464849994615815], [-69.94080320154868, 18.464977595469854]], [[-69.94080320154868, 18.464977595469854], [-69.94083976573889, 18.464933166672598]], [[-69.94080320154868, 18.464977595469854], [-69.94086237002064, 18.464975766059467]]]}}, {"id": "290", "type": "Feature", "properties": {"kind": "contact_force", "id": 773}, "geometry": {"type": "MultiLineString", "coordinates": [[[-69.94062671076635, 18.46536167669041], [-69.94117845089038, 18.464602556552027]], [[-69.94117845089038, 18.464602556552027], [-69.94114568044515, 18.46478465829202]], [[-69.94117845089038, 18.464602556552027], [-69.941011203529, 18.464695653598508]]]}}, {"id": "291", "type": "Feature", "properties": {"kind": "contact_force", "id": 774}, "geometry": {"type": "MultiLineString", "coordinates": [[[-69.94077405029316, 18.46490208506656], [-69.94101660176705, 18.464785148828533]], [[-69.94101660176705, 18.464785148828533], [-69.94098299407531, 18.46482590868952]], [[-69.94101660176705, 18.464785148828533], [-69.94096227899585, 18.464786781100184]]]}}, {"id": "292", "type": "Feature", "properties": {"kind": "contact_force", "id": 775}, "geometry": {"type": "MultiLineString", "coordinates": [[[-69.94088712352914, 18.464764533920768], [-69.94102807671811, 18.465153257927675]], [[-69.94102807671811, 18.465153257927675], [-69.94096809630932, 18.465094166268223]], [[-69.94102807671811, 18.465153257927675], [-69.94103695823314, 18.465071428165384]]]}}, {"id": "293", "type": "Feature", "properties": {"kind": "contact_force", "id": 777}, "geometry": {"type": "MultiLineString", "coordinates": [[[-69.94131711712875, 18.46506147296428], [-69.9411459318152, 18.465123583298034]], [[-69.9411459318152, 18.465123583298034], [-69.94117145976426, 18.46509851758862]], [[-69.9411459318152, 18.465123583298034], [-69.94118246251938, 18.465126132597764]]]}}, {"id": "294", "type": "Feature", "properties": {"kind": "contact_force", "id": 779}, "geometry": {"type": "MultiLineString", "coordinates": [[[-69.94074608384153, 18.46490778926948], [-69.94051140297636, 18.465647190761665]], [[-69.94051140297636, 18.465647190761665], [-69.9404884495946, 18.465494236760907]], [[-69.94051140297636, 18.465647190761665], [-69.94061943388715, 18.465532094645273]]]}}, {"id": "295", "type": "Feature", "properties": {"kind": "contact_force", "id": 780}, "geometry": {"type": "MultiLineString", "coordinates": [[[-69.94035224468817, 18.465449655117528], [-69.94085000316964, 18.465193023968936]], [[-69.94085000316964, 18.465193023968936], [-69.94078250979749, 18.465279689661084]], [[-69.94085000316964, 18.465193023968936], [-69.940737047824, 18.465199393181962]]]}}, {"id": "296", "type": "Feature", "properties": {"kind": "contact_force", "id": 781}, "geometry": {"type": "MultiLineString", "coordinates": [[[-69.94065014804217, 18.46546847711749], [-69.94085601410674, 18.465381049488887]], [[-69.94085601410674, 18.465381049488887], [-69.94082644238368, 18.465413501527895]], [[-69.94085601410674, 18.465381049488887], [-69.94081095465664, 18.465380292017624]]]}}, {"id": "297", "type": "Feature", "properties": {"kind": "contact_force", "id": 782}, "geometry": {"type": "MultiLineString", "coordinates": [[[-69.94075199352032, 18.46523293281699], [-69.94067789580122, 18.46536636898729]], [[-69.94067789580122, 18.46536636898729], [-69.94067950784186, 18.465336205556508]], [[-69.94067789580122, 18.46536636898729], [-69.94070314591373, 18.465348158725018]]]}}, {"id": "298", "type": "Feature", "properties": {"kind": "contact_force", "id": 784}, "geometry": {"type": "MultiLineString", "coordinates": [[[-69.94028455860172, 18.465596937043667], [-69.94085508643767, 18.46482921713545]], [[-69.94085508643767, 18.46482921713545], [-69.94081967233163, 18.465014393009305]], [[-69.94085508643767, 18.46482921713545], [-69.9406836717921, 18.46492235767805]]]}}, {"id": "299", "type": "Feature", "properties": {"kind": "contact_force", "id": 785}, "geometry": {"type": "MultiLineString", "coordinates": [[[-69.94059418480981, 18.465026499594103], [-69.94064802721711, 18.465117623138195]], [[-69.94064802721711, 18.465117623138195], [-69.9406301964473, 18.465105448777976]], [[-69.94064802721711, 18.465117623138195], [-69.94064633886062, 18.465096763109837]]]}}, {"id": "300", "type": "Feature", "properties": {"kind": "contact_force", "id": 786}, "geometry": {"type": "MultiLineString", "coordinates": [[[-69.94092190008736, 18.464770713004683], [-69.94027741357286, 18.465548153544347]], [[-69.94027741357286, 18.465548153544347], [-69.94032537330311, 18.46535525040891]], [[-69.94027741357286, 18.465548153544347], [-69.94046309599447, 18.465459216782612]]]}}, {"id": "301", "type": "Feature", "properties": {"kind": "contact_force", "id": 787}, "geometry": {"type": "MultiLineString", "coordinates": [[[-69.94104425494194, 18.46522764176476], [-69.9410092826413, 18.465173106121775]], [[-69.9410092826413, 18.465173106121775], [-69.941020452234, 18.465180170536406]], [[-69.9410092826413, 18.465173106121775], [-69.94101079131244, 18.465185812139342]]]}}, {"id": "302", "type": "Feature", "properties": {"kind": "contact_force", "id": 788}, "geometry": {"type": "MultiLineString", "coordinates": [[[-69.94107848653726, 18.465205674380886], [-69.94104523972308, 18.465172476292327]], [[-69.94104523972308, 18.465172476292327], [-69.9410542065915, 18.46517581220283]], [[-69.94104523972308, 18.465172476292327], [-69.94104832559132, 18.465181175457225]]]}}, {"id": "303", "type": "Feature", "properties": {"kind": "contact_force", "id": 789}, "geometry": {"type": "MultiLineString", "coordinates": [[[-69.94062943148155, 18.465194615763714], [-69.94088965195114, 18.465216518510037]], [[-69.94088965195114, 18.465216518510037], [-69.94084054396751, 18.465233537317378]], [[-69.94088965195114, 18.465216518510037], [-69.94084442399203, 18.4651915595043]]]}}, {"id": "304", "type": "Feature", "properties": {"kind": "contact_force", "id": 790}, "geometry": {"type": "MultiLineString", "coordinates": [[[-69.940805330197, 18.46475327728833], [-69.94074113556832, 18.46560186998888]], [[-69.94074113556832, 18.46560186998888], [-69.94067760793516, 18.46544287491977]], [[-69.94074113556832, 18.46560186998888], [-69.94082793530468, 18.465453230569107]]]}}, {"id": "305", "type": "Feature", "properties": {"kind": "contact_force", "id": 791}, "geometry": {"type": "MultiLineString", "coordinates": [[[-69.94102423307484, 18.465580985517498], [-69.94052641085894, 18.465134465759718]], [[-69.94052641085894, 18.465134465759718], [-69.9406561969467, 18.465175249370585]], [[-69.94052641085894, 18.465134465759718], [-69.94057709643197, 18.465255556088927]]]}}, {"id": "306", "type": "Feature", "properties": {"kind": "contact_force", "id": 792}, "geometry": {"type": "MultiLineString", "coordinates": [[[-69.94101110653472, 18.465480393284114], [-69.94088695286953, 18.465173154263944]], [[-69.94088695286953, 18.465173154263944], [-69.94093667063515, 18.465218830899822]], [[-69.94088695286953, 18.465173154263944], [-69.940882243605, 18.46523885888734]]]}}, {"id": "307", "type": "Feature", "properties": {"kind": "contact_force", "id": 793}, "geometry": {"type": "MultiLineString", "coordinates": [[[-69.94077567355687, 18.46501722735101], [-69.94098679044492, 18.465539672171243]], [[-69.94098679044492, 18.465539672171243], [-69.94090224767788, 18.465462001339592]], [[-69.94098679044492, 18.465539672171243], [-69.940994798251, 18.46542794471603]]]}}, {"id": "308", "type": "Feature", "properties": {"kind": "contact_force", "id": 794}, "geometry": {"type": "MultiLineString", "coordinates": [[[-69.94082741124137, 18.465499073810765], [-69.94110267857289, 18.46495694476964]], [[-69.94110267857289, 18.46495694476964], [-69.94110080203266, 18.465077414479087]], [[-69.94110267857289, 18.46495694476964], [-69.94100476460173, 18.465033009408423]]]}}, {"id": "309", "type": "Feature", "properties": {"kind": "contact_force", "id": 800}, "geometry": {"type": "MultiLineString", "coordinates": [[[-69.93980454682608, 18.465824808547108], [-69.94006365814282, 18.46570725313708]], [[-69.94006365814282, 18.46570725313708], [-69.94002710369074, 18.465749460808656]], [[-69.94006365814282, 18.46570725313708], [-69.94000627881027, 18.465707662068617]]]}}, {"id": "310", "type": "Feature", "properties": {"kind": "contact_force", "id": 801}, "geometry": {"type": "MultiLineString", "coordinates": [[[-69.93980869986336, 18.466282648247116], [-69.94009397991302, 18.466141797466616]], [[-69.94009397991302, 18.466141797466616], [-69.9400547454984, 18.466190338351463]], [[-69.94009397991302, 18.466141797466616], [-69.94002979379029, 18.466144318305364]]]}}, {"id": "311", "type": "Feature", "properties": {"kind": "contact_force", "id": 804}, "geometry": {"type": "MultiLineString", "coordinates": [[[-69.94048933723502, 18.465657084998888], [-69.9403163993035, 18.465325969640997]], [[-69.9403163993035, 18.465325969640997], [-69.94037707462591, 18.46537203931494]], [[-69.9403163993035, 18.465325969640997], [-69.94031841787184, 18.465399936963127]]]}}, {"id": "312", "type": "Feature", "properties": {"kind": "contact_force", "id": 805}, "geometry": {"type": "MultiLineString", "coordinates": [[[-69.94023525006818, 18.465055123418857], [-69.94083447226717, 18.465256828685774]], [[-69.94083447226717, 18.465256828685774], [-69.94070799034878, 18.46526859961382]], [[-69.94083447226717, 18.465256828685774], [-69.94074372208232, 18.46517193522571]]]}}, {"id": "313", "type": "Feature", "properties": {"kind": "contact_force", "id": 806}, "geometry": {"type": "MultiLineString", "coordinates": [[[-69.94093028925111, 18.465394164097045], [-69.9404017392168, 18.465063560355745]], [[-69.9404017392168, 18.465063560355745], [-69.9405268279193, 18.465080854372996]], [[-69.9404017392168, 18.465063560355745], [-69.9404682618105, 18.46516611806639]]]}}, {"id": "314", "type": "Feature", "properties": {"kind": "contact_force", "id": 826}, "geometry": {"type": "MultiLineString", "coordinates": [[[-69.94294419443293, 18.466881758781675], [-69.94294488600157, 18.466881421168488]], [[-69.94294488600157, 18.466881421168488], [-69.94294479055095, 18.466881538144886]], [[-69.94294488600157, 18.466881421168488], [-69.9429447307426, 18.466881426584667]]]}}, {"id": "315", "type": "Feature", "properties": {"kind": "contact_force", "id": 879}, "geometry": {"type": "MultiLineString", "coordinates": [[[-69.94622406403222, 18.464408274571273], [-69.94405549421774, 18.465594731129933]], [[-69.94405549421774, 18.465594731129933], [-69.9443434858378, 18.465204760408607]], [[-69.94405549421774, 18.465594731129933], [-69.94455366404739, 18.465554587358213]]]}}, {"id": "316", "type": "Feature", "properties": {"kind": "contact_force", "id": 882}, "geometry": {"type": "MultiLineString", "coordinates": [[[-69.94637179597842, 18.46426167909485], [-69.94622296818852, 18.46418536905001]], [[-69.94622296818852, 18.46418536905001], [-69.94625670401449, 18.464187196891892]], [[-69.94622296818852, 18.46418536905001], [-69.94624318585672, 18.464211205381375]]]}}, {"id": "317", "type": "Feature", "properties": {"kind": "contact_force", "id": 887}, "geometry": {"type": "MultiLineString", "coordinates": [[[-69.94547389604128, 18.462869392354055], [-69.94604791664885, 18.462913291244206]], [[-69.94604791664885, 18.462913291244206], [-69.94593998054835, 18.46295163427648]], [[-69.94604791664885, 18.462913291244206], [-69.9459477569786, 18.462859034109304]]]}}, {"id": "318", "type": "Feature", "properties": {"kind": "contact_force", "id": 888}, "geometry": {"type": "MultiLineString", "coordinates": [[[-69.94620674164757, 18.462170581006784], [-69.94549113360455, 18.463554308240425]], [[-69.94549113360455, 18.463554308240425], [-69.94549828534228, 18.463245771257274]], [[-69.94549113360455, 18.463554308240425], [-69.94574340804378, 18.463361212387344]]]}}, {"id": "319", "type": "Feature", "properties": {"kind": "contact_force", "id": 889}, "geometry": {"type": "MultiLineString", "coordinates": [[[-69.9455969120803, 18.463222560114254], [-69.94598995465988, 18.46274224149817]], [[-69.94598995465988, 18.46274224149817], [-69.94596125467008, 18.46286100733118]], [[-69.94598995465988, 18.46274224149817], [-69.94587616796574, 18.46279760236551]]]}}, {"id": "320", "type": "Feature", "properties": {"kind": "contact_force", "id": 898}, "geometry": {"type": "MultiLineString", "coordinates": [[[-69.94639044598554, 18.46341068274297], [-69.9453645213406, 18.462495795187028]], [[-69.9453645213406, 18.462495795187028], [-69.94563151575905, 18.462578879404763]], [[-69.9453645213406, 18.462495795187028], [-69.94546944663371, 18.46274437973358]]]}}, {"id": "321", "type": "Feature", "properties": {"kind": "contact_force", "id": 910}, "geometry": {"type": "MultiLineString", "coordinates": [[[-69.94540904304212, 18.463368781682966], [-69.94446927715371, 18.463866216945902]], [[-69.94446927715371, 18.463866216945902], [-69.94459556148878, 18.46370025080211]], [[-69.94446927715371, 18.463866216945902], [-69.94468368054308, 18.463851851955365]]]}}, {"id": "322", "type": "Feature", "properties": {"kind": "contact_force", "id": 916}, "geometry": {"type": "MultiLineString", "coordinates": [[[-69.94489807239671, 18.463633099525207], [-69.94432369554171, 18.463933785330035]], [[-69.94432369554171, 18.463933785330035], [-69.94440117533935, 18.463832954073826]], [[-69.94432369554171, 18.463933785330035], [-69.94445444095128, 18.46392561127346]]]}}, {"id": "323", "type": "Feature", "properties": {"kind": "contact_force", "id": 917}, "geometry": {"type": "MultiLineString", "coordinates": [[[-69.94505688841623, 18.463545146246272], [-69.94448292411195, 18.463859092141472]], [[-69.94448292411195, 18.463859092141472], [-69.94455915465383, 18.463755890592665]], [[-69.94448292411195, 18.463859092141472], [-69.94461476923121, 18.463848481287037]]]}}, {"id": "324", "type": "Feature", "properties": {"kind": "contact_force", "id": 921}, "geometry": {"type": "MultiLineString", "coordinates": [[[-69.94439745165474, 18.463129905275583], [-69.94466983072377, 18.46292894096031]], [[-69.94466983072377, 18.46292894096031], [-69.94463825898588, 18.46298733796162]], [[-69.94466983072377, 18.46292894096031], [-69.94460265885301, 18.462943398221093]]]}}, {"id": "325", "type": "Feature", "properties": {"kind": "contact_force", "id": 931}, "geometry": {"type": "MultiLineString", "coordinates": [[[-69.94473112555514, 18.462776547525735], [-69.94434237044797, 18.463063375557564]], [[-69.94434237044797, 18.463063375557564], [-69.94438743163835, 18.46298002800149]], [[-69.94434237044797, 18.463063375557564], [-69.94443824217339, 18.463042741429188]]]}}, {"id": "326", "type": "Feature", "properties": {"kind": "contact_force", "id": 940}, "geometry": {"type": "MultiLineString", "coordinates": [[[-69.94686042267031, 18.459101516415508], [-69.94690460669118, 18.459068074352956]], [[-69.94690460669118, 18.459068074352956], [-69.94689955983148, 18.45907770004455]], [[-69.94690460669118, 18.459068074352956], [-69.9468936358247, 18.459070572183425]]]}}, {"id": "327", "type": "Feature", "properties": {"kind": "contact_force", "id": 941}, "geometry": {"type": "MultiLineString", "coordinates": [[[-69.94695721861915, 18.458929273331755], [-69.94690589553588, 18.458968119092773]], [[-69.94690589553588, 18.458968119092773], [-69.94691175782725, 18.458956938071683]], [[-69.94690589553588, 18.458968119092773], [-69.94691863905214, 18.45896521762944]]]}}, {"id": "328", "type": "Feature", "properties": {"kind": "contact_force", "id": 952}, "geometry": {"type": "MultiLineString", "coordinates": [[[-69.94817573842137, 18.460327659245248], [-69.94803512616716, 18.459866359463877]], [[-69.94803512616716, 18.459866359463877], [-69.94810147178455, 18.459938633530808]], [[-69.94803512616716, 18.459866359463877], [-69.94801975561654, 18.459961317245764]]]}}, {"id": "329", "type": "Feature", "properties": {"kind": "contact_force", "id": 953}, "geometry": {"type": "MultiLineString", "coordinates": [[[-69.94801949853704, 18.45984844266819], [-69.94810444872132, 18.460127135064955]], [[-69.94810444872132, 18.460127135064955], [-69.94806436623549, 18.46008347099086]], [[-69.94810444872132, 18.460127135064955], [-69.9481137347559, 18.460069766708852]]]}}, {"id": "330", "type": "Feature", "properties": {"kind": "contact_force", "id": 956}, "geometry": {"type": "MultiLineString", "coordinates": [[[-69.94841656486156, 18.46011547624058], [-69.94831367017431, 18.459879105497574]], [[-69.94831367017431, 18.459879105497574], [-69.9483532567463, 18.459913650883074]], [[-69.94831367017431, 18.459879105497574], [-69.94831138525896, 18.45993024997889]]]}}, {"id": "331", "type": "Feature", "properties": {"kind": "contact_force", "id": 957}, "geometry": {"type": "MultiLineString", "coordinates": [[[-69.94825093479929, 18.459638068312454], [-69.94846102505295, 18.460120690271214]], [[-69.94846102505295, 18.460120690271214], [-69.94838019703872, 18.460050155525035]], [[-69.94846102505295, 18.460120690271214], [-69.9484656903027, 18.460016263438362]]]}}, {"id": "332", "type": "Feature", "properties": {"kind": "contact_force", "id": 963}, "geometry": {"type": "MultiLineString", "coordinates": [[[-69.94811752530912, 18.460613899286137], [-69.94723915747059, 18.45977251126929]], [[-69.94723915747059, 18.45977251126929], [-69.94747289436278, 18.459854173368047]], [[-69.94723915747059, 18.45977251126929], [-69.9473238478911, 18.459995872420347]]]}}, {"id": "333", "type": "Feature", "properties": {"kind": "contact_force", "id": 972}, "geometry": {"type": "MultiLineString", "coordinates": [[[-69.94568513211132, 18.460445271576845], [-69.94710121309946, 18.459902792062415]], [[-69.94710121309946, 18.459902792062415], [-69.94689258138493, 18.460115345256067]], [[-69.94710121309946, 18.459902792062415], [-69.94679648417596, 18.459886901730563]]]}}, {"id": "334", "type": "Feature", "properties": {"kind": "contact_force", "id": 973}, "geometry": {"type": "MultiLineString", "coordinates": [[[-69.94665482220321, 18.459735158004076], [-69.94715097708759, 18.45957701029779]], [[-69.94715097708759, 18.45957701029779], [-69.94707505076497, 18.459645696730504]], [[-69.94715097708759, 18.45957701029779], [-69.94704703594638, 18.459565656249676]]]}}, {"id": "335", "type": "Feature", "properties": {"kind": "contact_force", "id": 983}, "geometry": {"type": "MultiLineString", "coordinates": [[[-69.948736445973, 18.46060931578354], [-69.94850603998064, 18.460683798607054]], [[-69.94850603998064, 18.460683798607054], [-69.94854120665968, 18.460651713126897]], [[-69.94850603998064, 18.460683798607054], [-69.94855440083246, 18.460688882382016]]]}}, {"id": "336", "type": "Feature", "properties": {"kind": "contact_force", "id": 984}, "geometry": {"type": "MultiLineString", "coordinates": [[[-69.94889336290936, 18.460582578072827], [-69.94848131949577, 18.460599234535007]], [[-69.94848131949577, 18.460599234535007], [-69.94855453186561, 18.460562979851666]], [[-69.94848131949577, 18.460599234535007], [-69.94855748240694, 18.460629450998038]]]}}, {"id": "337", "type": "Feature", "properties": {"kind": "contact_force", "id": 985}, "geometry": {"type": "MultiLineString", "coordinates": [[[-69.94858291621964, 18.46027780314081], [-69.94874000783078, 18.460770887364585]], [[-69.94874000783078, 18.460770887364585], [-69.94866785962333, 18.460694181244104]], [[-69.94874000783078, 18.460770887364585], [-69.94875520654857, 18.460668839075684]]]}}, {"id": "338", "type": "Feature", "properties": {"kind": "contact_force", "id": 987}, "geometry": {"type": "MultiLineString", "coordinates": [[[-69.94772432212191, 18.46115731478482], [-69.94759191520566, 18.461379726557876]], [[-69.94759191520566, 18.461379726557876], [-69.9475962159801, 18.461328731907297]], [[-69.94759191520566, 18.461379726557876], [-69.94763561505053, 18.461350091809756]]]}}, {"id": "339", "type": "Feature", "properties": {"kind": "contact_force", "id": 994}, "geometry": {"type": "MultiLineString", "coordinates": [[[-69.94755700143953, 18.461434889563307], [-69.94766993684372, 18.46124518542763]], [[-69.94766993684372, 18.46124518542763], [-69.94766626855561, 18.46128868086579]], [[-69.94766993684372, 18.46124518542763], [-69.94763266347486, 18.46127046213093]]]}}, {"id": "340", "type": "Feature", "properties": {"kind": "contact_force", "id": 995}, "geometry": {"type": "MultiLineString", "coordinates": [[[-69.94790365654453, 18.461179214652464], [-69.94807433213457, 18.461128651280564]], [[-69.94807433213457, 18.461128651280564], [-69.94804787373612, 18.461151583194898]], [[-69.94807433213457, 18.461128651280564], [-69.94803891670311, 18.46112404977932]]]}}, {"id": "341", "type": "Feature", "properties": {"kind": "contact_force", "id": 996}, "geometry": {"type": "MultiLineString", "coordinates": [[[-69.9476031291328, 18.461439821085058], [-69.94744690229773, 18.461296116394397]], [[-69.94744690229773, 18.461296116394397], [-69.94748794846453, 18.46130956328851]], [[-69.94744690229773, 18.461296116394397], [-69.94746249192941, 18.46133476579274]]]}}, {"id": "342", "type": "Feature", "properties": {"kind": "contact_force", "id": 997}, "geometry": {"type": "MultiLineString", "coordinates": [[[-69.94739150496865, 18.46107497537267], [-69.94760186734362, 18.46154273314248]], [[-69.94760186734362, 18.46154273314248], [-69.94752230620541, 18.46147491450837]], [[-69.94760186734362, 18.46154273314248], [-69.9476051670731, 18.46144097880984]]]}}, {"id": "343", "type": "Feature", "properties": {"kind": "contact_force", "id": 1000}, "geometry": {"type": "MultiLineString", "coordinates": [[[-69.94734033147321, 18.461199234635057], [-69.94743676476759, 18.461409753226935]], [[-69.94743676476759, 18.461409753226935], [-69.94740063896735, 18.461379372617966]], [[-69.94743676476759, 18.461409753226935], [-69.9474379312314, 18.461363815988026]]]}}, {"id": "344", "type": "Feature", "properties": {"kind": "contact_force", "id": 1001}, "geometry": {"type": "MultiLineString", "coordinates": [[[-69.94747609852985, 18.461530728440174], [-69.94742179720323, 18.461266809593273]], [[-69.94742179720323, 18.461266809593273], [-69.94745501584669, 18.461310267994094]], [[-69.94742179720323, 18.461266809593273], [-69.94740826401706, 18.46131902787655]]]}}, {"id": "345", "type": "Feature", "properties": {"kind": "contact_force", "id": 1002}, "geometry": {"type": "MultiLineString", "coordinates": [[[-69.9481941049564, 18.461133341846157], [-69.94806361906832, 18.46117199895314]], [[-69.94806361906832, 18.46117199895314], [-69.94808384720294, 18.461154466907175]], [[-69.94806361906832, 18.46117199895314], [-69.94809069509402, 18.461175516917148]]]}}, {"id": "346", "type": "Feature", "properties": {"kind": "contact_force", "id": 1005}, "geometry": {"type": "MultiLineString", "coordinates": [[[-69.94881317416703, 18.460914345699138], [-69.94862599434241, 18.46044481305259]], [[-69.94862599434241, 18.46044481305259], [-69.94870151019278, 18.460514823315435]], [[-69.94862599434241, 18.46044481305259], [-69.94861833533827, 18.460545019256113]]]}}, {"id": "347", "type": "Feature", "properties": {"kind": "contact_force", "id": 1006}, "geometry": {"type": "MultiLineString", "coordinates": [[[-69.94818036355589, 18.460809157378034], [-69.94897907709652, 18.460551229316337]], [[-69.94897907709652, 18.460551229316337], [-69.94885714652496, 18.460662406454507]], [[-69.94897907709652, 18.460551229316337], [-69.94881145594174, 18.460533557543005]]]}}, {"id": "348", "type": "Feature", "properties": {"kind": "contact_force", "id": 1009}, "geometry": {"type": "MultiLineString", "coordinates": [[[-69.94879600026212, 18.460794837234104], [-69.94810247781997, 18.461073256892732]], [[-69.94810247781997, 18.461073256892732], [-69.94820352678641, 18.460966850601856]], [[-69.94810247781997, 18.461073256892732], [-69.94825284713353, 18.461078729980244]]]}}, {"id": "349", "type": "Feature", "properties": {"kind": "contact_force", "id": 1010}, "geometry": {"type": "MultiLineString", "coordinates": [[[-69.94806253099746, 18.46115784409121], [-69.94875835408206, 18.46087850111102]], [[-69.94875835408206, 18.46087850111102], [-69.9486569703683, 18.460985260604723]], [[-69.94875835408206, 18.46087850111102], [-69.94860748621032, 18.460873010265487]]]}}, {"id": "350", "type": "Feature", "properties": {"kind": "contact_force", "id": 1012}, "geometry": {"type": "MultiLineString", "coordinates": [[[-69.9444041696047, 18.461157205366593], [-69.94501557476791, 18.46334734461215]], [[-69.94501557476791, 18.46334734461215], [-69.9447107616361, 18.462999672607253]], [[-69.94501557476791, 18.46334734461215], [-69.94509873678376, 18.462901040792264]]]}}, {"id": "351", "type": "Feature", "properties": {"kind": "contact_force", "id": 1013}, "geometry": {"type": "MultiLineString", "coordinates": [[[-69.94424788499713, 18.462903107796137], [-69.94527547765054, 18.461961329498806]], [[-69.94527547765054, 18.461961329498806], [-69.94517263154954, 18.462214923015672]], [[-69.94527547765054, 18.461961329498806], [-69.94500579940961, 18.46204915310831]]]}}, {"id": "352", "type": "Feature", "properties": {"kind": "contact_force", "id": 1014}, "geometry": {"type": "MultiLineString", "coordinates": [[[-69.94583162498539, 18.462399816534283], [-69.94386202647605, 18.462311889701294]], [[-69.94386202647605, 18.462311889701294], [-69.94422682740529, 18.462168962103682]], [[-69.94386202647605, 18.462311889701294], [-69.94421125037806, 18.462486695856818]]]}}, {"id": "353", "type": "Feature", "properties": {"kind": "contact_force", "id": 1017}, "geometry": {"type": "MultiLineString", "coordinates": [[[-69.94686603913722, 18.461518037187183], [-69.94411102858408, 18.46246555846301]], [[-69.94411102858408, 18.46246555846301], [-69.94452648499256, 18.46207159339231]], [[-69.94411102858408, 18.46246555846301], [-69.94469433215515, 18.462516030871978]]]}}, {"id": "354", "type": "Feature", "properties": {"kind": "contact_force", "id": 1018}, "geometry": {"type": "MultiLineString", "coordinates": [[[-69.94472550361492, 18.462240453490065], [-69.94595601265979, 18.461817249921943]], [[-69.94595601265979, 18.461817249921943], [-69.94577045365325, 18.461993213407414]], [[-69.94595601265979, 18.461817249921943], [-69.94569548468655, 18.461794708649773]]]}}, {"id": "355", "type": "Feature", "properties": {"kind": "contact_force", "id": 1019}, "geometry": {"type": "MultiLineString", "coordinates": [[[-69.94481461200628, 18.461951436971226], [-69.94481424580505, 18.461951597564465]], [[-69.94481424580505, 18.461951597564465], [-69.94481429795907, 18.461951538917397]], [[-69.94481424580505, 18.461951597564465], [-69.94481432640742, 18.461951597992776]]]}}, {"id": "356", "type": "Feature", "properties": {"kind": "contact_force", "id": 1023}, "geometry": {"type": "MultiLineString", "coordinates": [[[-69.94415326739824, 18.46291774912485], [-69.9450170043332, 18.462021838188587]], [[-69.9450170043332, 18.462021838188587], [-69.94493979617681, 18.462253901100162]], [[-69.9450170043332, 18.462021838188587], [-69.94478108927474, 18.46211456420027]]]}}, {"id": "357", "type": "Feature", "properties": {"kind": "contact_force", "id": 1026}, "geometry": {"type": "MultiLineString", "coordinates": [[[-69.9446598627787, 18.462055817784613], [-69.94466004872267, 18.462055732598923]], [[-69.94466004872267, 18.462055732598923], [-69.9446600225633, 18.46205576303799]], [[-69.94466004872267, 18.462055732598923], [-69.94466000747305, 18.462055733041637]]]}}, {"id": "358", "type": "Feature", "properties": {"kind": "contact_force", "id": 1063}, "geometry": {"type": "MultiLineString", "coordinates": [[[-69.93941936018152, 18.466120929129573], [-69.94076206906222, 18.466018979195987]], [[-69.94076206906222, 18.466018979195987], [-69.94052771818275, 18.466145759352656]], [[-69.94076206906222, 18.466018979195987], [-69.94050965725496, 18.465929159646066]]]}}, {"id": "359", "type": "Feature", "properties": {"kind": "contact_force", "id": 1064}, "geometry": {"type": "MultiLineString", "coordinates": [[[-69.94036517561187, 18.465729471104673], [-69.93990455303498, 18.46628748303257]], [[-69.93990455303498, 18.46628748303257], [-69.93993862060748, 18.466149184156443]], [[-69.93990455303498, 18.46628748303257], [-69.94003747225193, 18.466223489823683]]]}}, {"id": "360", "type": "Feature", "properties": {"kind": "contact_force", "id": 1066}, "geometry": {"type": "MultiLineString", "coordinates": [[[-69.93993871658151, 18.46606934766039], [-69.9401550383522, 18.46583172510921]], [[-69.9401550383522, 18.46583172510921], [-69.9401368749387, 18.465892244991874]], [[-69.9401550383522, 18.46583172510921], [-69.94009478021565, 18.465857348924942]]]}}, {"id": "361", "type": "Feature", "properties": {"kind": "contact_force", "id": 1069}, "geometry": {"type": "MultiLineString", "coordinates": [[[-69.94037251861214, 18.465562184750006], [-69.93974165954026, 18.46584834266377]], [[-69.93974165954026, 18.46584834266377], [-69.9398306639135, 18.46574558956701]], [[-69.93974165954026, 18.46584834266377], [-69.93988135650062, 18.46584735719701]]]}}, {"id": "362", "type": "Feature", "properties": {"kind": "contact_force", "id": 1071}, "geometry": {"type": "MultiLineString", "coordinates": [[[-69.94032437270789, 18.465938258635653], [-69.93999115131635, 18.46587814109876]], [[-69.93999115131635, 18.46587814109876], [-69.94005687644119, 18.465862161228213]], [[-69.93999115131635, 18.46587814109876], [-69.94004622661649, 18.46591591505445]]]}}, {"id": "363", "type": "Feature", "properties": {"kind": "contact_force", "id": 1073}, "geometry": {"type": "MultiLineString", "coordinates": [[[-69.94012162092763, 18.46571425787432], [-69.94020179221609, 18.465918451748276]], [[-69.94020179221609, 18.465918451748276], [-69.9401691738097, 18.46588790569986]], [[-69.94020179221609, 18.465918451748276], [-69.94020534664615, 18.46587497280275]]]}}, {"id": "364", "type": "Feature", "properties": {"kind": "contact_force", "id": 1079}, "geometry": {"type": "MultiLineString", "coordinates": [[[-69.9503075080389, 18.463917494153087], [-69.94967616921197, 18.46397038873872]], [[-69.94967616921197, 18.46397038873872], [-69.94978592169687, 18.46390987811912]], [[-69.94967616921197, 18.46397038873872], [-69.94979529172141, 18.464011724157423]]]}}, {"id": "365", "type": "Feature", "properties": {"kind": "contact_force", "id": 1084}, "geometry": {"type": "MultiLineString", "coordinates": [[[-69.94053000840563, 18.466078086530214], [-69.93988153736636, 18.46616176353394]], [[-69.93988153736636, 18.46616176353394], [-69.93999166867545, 18.466094292058024]], [[-69.93988153736636, 18.46616176353394], [-69.9400064919128, 18.466198900486276]]]}}, {"id": "366", "type": "Feature", "properties": {"kind": "contact_force", "id": 1089}, "geometry": {"type": "MultiLineString", "coordinates": [[[-69.94455555537495, 18.46382012764659], [-69.94515289822158, 18.463498323945583]], [[-69.94515289822158, 18.463498323945583], [-69.94507312644438, 18.463604835704935]], [[-69.94515289822158, 18.463498323945583], [-69.94501611976574, 18.463508473727156]]]}}, {"id": "367", "type": "Feature", "properties": {"kind": "contact_force", "id": 1090}, "geometry": {"type": "MultiLineString", "coordinates": [[[-69.9463389829454, 18.463983519745778], [-69.94610939088703, 18.464202180106795]], [[-69.94610939088703, 18.464202180106795], [-69.94613163956508, 18.46414402680366]], [[-69.94610939088703, 18.464202180106795], [-69.94617037472763, 18.464181064010692]]]}}, {"id": "368", "type": "Feature", "properties": {"kind": "contact_force", "id": 1096}, "geometry": {"type": "MultiLineString", "coordinates": [[[-69.94441265466185, 18.46389264954612], [-69.94497946769877, 18.463588703535137]], [[-69.94497946769877, 18.463588703535137], [-69.94490364807422, 18.463689515848987]], [[-69.94497946769877, 18.463588703535137], [-69.94484980481512, 18.4635980789109]]]}}, {"id": "369", "type": "Feature", "properties": {"kind": "contact_force", "id": 1097}, "geometry": {"type": "MultiLineString", "coordinates": [[[-69.94407641741647, 18.464053164218228], [-69.94499682185786, 18.463568721101886]], [[-69.94499682185786, 18.463568721101886], [-69.94487289731003, 18.463730771002712]], [[-69.94499682185786, 18.463568721101886], [-69.94478707934827, 18.463582293649065]]]}}, {"id": "370", "type": "Feature", "properties": {"kind": "contact_force", "id": 1100}, "geometry": {"type": "MultiLineString", "coordinates": [[[-69.94572971829594, 18.46244470278927], [-69.94656465746192, 18.462976925079023]], [[-69.94656465746192, 18.462976925079023], [-69.94636617418975, 18.462947799641107]], [[-69.94656465746192, 18.462976925079023], [-69.9464604552017, 18.462813108208756]]]}}, {"id": "371", "type": "Feature", "properties": {"kind": "contact_force", "id": 1101}, "geometry": {"type": "MultiLineString", "coordinates": [[[-69.94590670346905, 18.462557520533398], [-69.94638767144555, 18.46286410799291]], [[-69.94638767144555, 18.46286410799291], [-69.94627333493496, 18.462847330154755]], [[-69.94638767144555, 18.46286410799291], [-69.9463276456866, 18.462769740980775]]]}}, {"id": "372", "type": "Feature", "properties": {"kind": "contact_force", "id": 1103}, "geometry": {"type": "MultiLineString", "coordinates": [[[-69.9396897929942, 18.46874528500328], [-69.93992994513188, 18.46862084334161]], [[-69.93992994513188, 18.46862084334161], [-69.93989743738491, 18.46866276968147]], [[-69.93992994513188, 18.46862084334161], [-69.9398753922334, 18.468624030022877]]]}}, {"id": "373", "type": "Feature", "properties": {"kind": "contact_force", "id": 1105}, "geometry": {"type": "MultiLineString", "coordinates": [[[-69.94716742642133, 18.46311435269855], [-69.94694519546319, 18.462649241016173]], [[-69.94694519546319, 18.462649241016173], [-69.94702667368735, 18.46271562293373]], [[-69.94694519546319, 18.462649241016173], [-69.94694428090423, 18.46275147287586]]]}}, {"id": "374", "type": "Feature", "properties": {"kind": "contact_force", "id": 1138}, "geometry": {"type": "MultiLineString", "coordinates": [[[-69.94506435660209, 18.45968098912711], [-69.94523444367911, 18.460138772919922]], [[-69.94523444367911, 18.460138772919922], [-69.94516306667457, 18.460069513681525]], [[-69.94523444367911, 18.460138772919922], [-69.94524416003821, 18.460042074975345]]]}}, {"id": "375", "type": "Feature", "properties": {"kind": "contact_force", "id": 1145}, "geometry": {"type": "MultiLineString", "coordinates": [[[-69.94523264298941, 18.46017105457565], [-69.94513637202026, 18.45991194480798]], [[-69.94513637202026, 18.45991194480798], [-69.94517677200324, 18.459951146179442]], [[-69.94513637202026, 18.45991194480798], [-69.94513087244133, 18.459966676724104]]]}}, {"id": "376", "type": "Feature", "properties": {"kind": "contact_force", "id": 1154}, "geometry": {"type": "MultiLineString", "coordinates": [[[-69.94527638850936, 18.460264823524138], [-69.94620683292771, 18.459972170160245]], [[-69.94620683292771, 18.459972170160245], [-69.94606410031027, 18.460100267439188]], [[-69.94620683292771, 18.459972170160245], [-69.94601225845847, 18.4599501671432]]]}}, {"id": "377", "type": "Feature", "properties": {"kind": "contact_force", "id": 1155}, "geometry": {"type": "MultiLineString", "coordinates": [[[-69.94601218675031, 18.4604601593117], [-69.9457347714006, 18.4598512511091]], [[-69.9457347714006, 18.4598512511091], [-69.94583898799861, 18.459939246337232]], [[-69.9457347714006, 18.4598512511091], [-69.94573112396144, 18.45998399924349]]]}}, {"id": "378", "type": "Feature", "properties": {"kind": "contact_force", "id": 1156}, "geometry": {"type": "MultiLineString", "coordinates": [[[-69.94543505888508, 18.46090993468143], [-69.94622658812096, 18.4594170316407]], [[-69.94622658812096, 18.4594170316407], [-69.94621534407956, 18.45975148277434]], [[-69.94622658812096, 18.4594170316407], [-69.9459508865739, 18.459623792703802]]]}}, {"id": "379", "type": "Feature", "properties": {"kind": "contact_force", "id": 1157}, "geometry": {"type": "MultiLineString", "coordinates": [[[-69.94619464888258, 18.45865501899803], [-69.94544350660225, 18.461531443024008]], [[-69.94544350660225, 18.461531443024008], [-69.94532489047823, 18.46094947010573]], [[-69.94544350660225, 18.461531443024008], [-69.9458344327134, 18.461070645796053]]]}}, {"id": "380", "type": "Feature", "properties": {"kind": "contact_force", "id": 1162}, "geometry": {"type": "MultiLineString", "coordinates": [[[-69.94523404823893, 18.46023577551757], [-69.94574573205135, 18.460290518942074]], [[-69.94574573205135, 18.460290518942074], [-69.94564813474153, 18.460321868851032]], [[-69.94574573205135, 18.460290518942074], [-69.94565783211169, 18.460239323483336]]]}}, {"id": "381", "type": "Feature", "properties": {"kind": "contact_force", "id": 1163}, "geometry": {"type": "MultiLineString", "coordinates": [[[-69.94545160310197, 18.46074737193618], [-69.9456589017779, 18.46013514507287]], [[-69.9456589017779, 18.46013514507287], [-69.94567555264335, 18.460262839059368]], [[-69.9456589017779, 18.46013514507287], [-69.94556710056453, 18.460229397489417]]]}}, {"id": "382", "type": "Feature", "properties": {"kind": "contact_force", "id": 1164}, "geometry": {"type": "MultiLineString", "coordinates": [[[-69.94560796718345, 18.460338770227764], [-69.9456813204914, 18.460293233331473]], [[-69.9456813204914, 18.460293233331473], [-69.94567205764646, 18.460307404135637]], [[-69.9456813204914, 18.460293233331473], [-69.9456639910728, 18.46029557070867]]]}}, {"id": "383", "type": "Feature", "properties": {"kind": "contact_force", "id": 1165}, "geometry": {"type": "MultiLineString", "coordinates": [[[-69.94819151846517, 18.45952994607124], [-69.94337027704711, 18.461140244634084]], [[-69.94337027704711, 18.461140244634084], [-69.94410156599444, 18.460459483212766]], [[-69.94337027704711, 18.461140244634084], [-69.94438681437386, 18.461237253089845]]]}}, {"id": "384", "type": "Feature", "properties": {"kind": "contact_force", "id": 1166}, "geometry": {"type": "MultiLineString", "coordinates": [[[-69.94667070288695, 18.459926621025602], [-69.94523679044413, 18.460288317892957]], [[-69.94523679044413, 18.460288317892957], [-69.94546466831447, 18.460107096621282]], [[-69.94523679044413, 18.460288317892957], [-69.94552873999113, 18.460338417252473]]]}}, {"id": "385", "type": "Feature", "properties": {"kind": "contact_force", "id": 1186}, "geometry": {"type": "MultiLineString", "coordinates": [[[-69.94682445226462, 18.464770064012836], [-69.9472346272381, 18.464577448158582]], [[-69.9472346272381, 18.464577448158582], [-69.94717733915314, 18.46464544612339]], [[-69.9472346272381, 18.464577448158582], [-69.94714321756166, 18.464579278017467]]]}}, {"id": "386", "type": "Feature", "properties": {"kind": "contact_force", "id": 1188}, "geometry": {"type": "MultiLineString", "coordinates": [[[-69.94642997616829, 18.464745423250772], [-69.94740807137744, 18.4644525620886]], [[-69.94740807137744, 18.4644525620886], [-69.94725672062191, 18.464584538521933]], [[-69.94740807137744, 18.4644525620886], [-69.94720484056253, 18.464426755318947]]]}}, {"id": "387", "type": "Feature", "properties": {"kind": "contact_force", "id": 1191}, "geometry": {"type": "MultiLineString", "coordinates": [[[-69.94715165723943, 18.464021299446312], [-69.94737038215602, 18.46477842883691]], [[-69.94737038215602, 18.46477842883691], [-69.94726367353793, 18.464658832465275]], [[-69.94737038215602, 18.46477842883691], [-69.94739779761392, 18.464623548339542]]]}}, {"id": "388", "type": "Feature", "properties": {"kind": "contact_force", "id": 1193}, "geometry": {"type": "MultiLineString", "coordinates": [[[-69.94742100909185, 18.46468728017577], [-69.94728441493531, 18.46427110473459]], [[-69.94728441493531, 18.46427110473459], [-69.94734603645254, 18.464335523878518]], [[-69.94728441493531, 18.46427110473459], [-69.94727231184774, 18.464357558822627]]]}}, {"id": "389", "type": "Feature", "properties": {"kind": "contact_force", "id": 1205}, "geometry": {"type": "MultiLineString", "coordinates": [[[-69.94951498999157, 18.46275394598013], [-69.95016346340547, 18.46497433832322]], [[-69.95016346340547, 18.46497433832322], [-69.94984924964551, 18.464624172043326]], [[-69.95016346340547, 18.46497433832322], [-69.95024258776476, 18.464519561373063]]]}}, {"id": "390", "type": "Feature", "properties": {"kind": "contact_force", "id": 1208}, "geometry": {"type": "MultiLineString", "coordinates": [[[-69.9471284862984, 18.464384202141638], [-69.94718378490785, 18.464544439429588]], [[-69.94718378490785, 18.464544439429588], [-69.94715956852598, 18.464519854875892]], [[-69.94718378490785, 18.464544439429588], [-69.94718795424858, 18.46451093426499]]]}}, {"id": "391", "type": "Feature", "properties": {"kind": "contact_force", "id": 1213}, "geometry": {"type": "MultiLineString", "coordinates": [[[-69.94794008474973, 18.464095742944384], [-69.94823910915537, 18.464319026486734]], [[-69.94823910915537, 18.464319026486734], [-69.94816513038587, 18.464302672713195]], [[-69.94823910915537, 18.464319026486734], [-69.94820468454698, 18.464254434889106]]]}}, {"id": "392", "type": "Feature", "properties": {"kind": "contact_force", "id": 1214}, "geometry": {"type": "MultiLineString", "coordinates": [[[-69.9483925640814, 18.464498878337302], [-69.94827050768323, 18.464181675829366]], [[-69.94827050768323, 18.464181675829366], [-69.9483207276402, 18.464229327566756]], [[-69.94827050768323, 18.464181675829366], [-69.94826453591823, 18.46424901734538]]]}}, {"id": "393", "type": "Feature", "properties": {"kind": "contact_force", "id": 1216}, "geometry": {"type": "MultiLineString", "coordinates": [[[-69.94945503914606, 18.463172476536272], [-69.94957491124713, 18.46289571677424]], [[-69.94957491124713, 18.46289571677424], [-69.94957769657361, 18.46295555146643]], [[-69.94957491124713, 18.46289571677424], [-69.94952866957013, 18.462936213899596]]]}}, {"id": "394", "type": "Feature", "properties": {"kind": "contact_force", "id": 1218}, "geometry": {"type": "MultiLineString", "coordinates": [[[-69.94780470052397, 18.463289370300053], [-69.94784298373018, 18.463277141119306]], [[-69.94784298373018, 18.463277141119306], [-69.94783712763716, 18.46328244568838]], [[-69.94784298373018, 18.463277141119306], [-69.94783496127694, 18.463276269912022]]]}}, {"id": "395", "type": "Feature", "properties": {"kind": "contact_force", "id": 1219}, "geometry": {"type": "MultiLineString", "coordinates": [[[-69.94738517113652, 18.464805465145073], [-69.94767631903642, 18.464684548165643]], [[-69.94767631903642, 18.464684548165643], [-69.94763425527587, 18.464729949311373]], [[-69.94767631903642, 18.464684548165643], [-69.9476128350197, 18.464682982283016]]]}}, {"id": "396", "type": "Feature", "properties": {"kind": "contact_force", "id": 1221}, "geometry": {"type": "MultiLineString", "coordinates": [[[-69.94731844221462, 18.46424742777505], [-69.9473529959661, 18.464611064680405]], [[-69.9473529959661, 18.464611064680405], [-69.94731452389487, 18.4645479383457]], [[-69.9473529959661, 18.464611064680405], [-69.94737894147521, 18.46454236423004]]]}}, {"id": "397", "type": "Feature", "properties": {"kind": "contact_force", "id": 1222}, "geometry": {"type": "MultiLineString", "coordinates": [[[-69.94881366771455, 18.46332812581028], [-69.9489866582294, 18.46383375450483]], [[-69.9489866582294, 18.46383375450483], [-69.94891051625618, 18.46375605671819]], [[-69.9489866582294, 18.46383375450483], [-69.94900008697448, 18.463728150226075]]]}}, {"id": "398", "type": "Feature", "properties": {"kind": "contact_force", "id": 1223}, "geometry": {"type": "MultiLineString", "coordinates": [[[-69.94890437213287, 18.46346653765271], [-69.9489063859195, 18.463472467827987]], [[-69.9489063859195, 18.463472467827987], [-69.94890549564111, 18.46347155534518]], [[-69.9489063859195, 18.463472467827987], [-69.94890654615367, 18.463471230485172]]]}}, {"id": "399", "type": "Feature", "properties": {"kind": "contact_force", "id": 1228}, "geometry": {"type": "MultiLineString", "coordinates": [[[-69.94897553448992, 18.46376013373572], [-69.94897538620992, 18.463759729407922]], [[-69.94897538620992, 18.463759729407922], [-69.94897544890017, 18.463759790736912]], [[-69.94897538620992, 18.463759729407922], [-69.9489753772746, 18.4637598146571]]]}}, {"id": "400", "type": "Feature", "properties": {"kind": "contact_force", "id": 1229}, "geometry": {"type": "MultiLineString", "coordinates": [[[-69.94907151880682, 18.464065480509053], [-69.94880595879013, 18.463289253978086]], [[-69.94880595879013, 18.463289253978086], [-69.94892284749983, 18.463408534292977]], [[-69.94880595879013, 18.463289253978086], [-69.94878534132924, 18.463451373779304]]]}}, {"id": "401", "type": "Feature", "properties": {"kind": "contact_force", "id": 1230}, "geometry": {"type": "MultiLineString", "coordinates": [[[-69.94682079863986, 18.46306645644259], [-69.94697588912335, 18.4629911521153]], [[-69.94697588912335, 18.4629911521153], [-69.94695444714323, 18.463017311376724]], [[-69.94697588912335, 18.4629911521153], [-69.9469411072401, 18.46299229243088]]]}}, {"id": "402", "type": "Feature", "properties": {"kind": "contact_force", "id": 1231}, "geometry": {"type": "MultiLineString", "coordinates": [[[-69.94663388071685, 18.46279798135548], [-69.94668687147588, 18.462776783499482]], [[-69.94668687147588, 18.462776783499482], [-69.9466791438501, 18.4627849000552]], [[-69.94668687147588, 18.462776783499482], [-69.94667538872875, 18.46277635165864]]]}}, {"id": "403", "type": "Feature", "properties": {"kind": "contact_force", "id": 1235}, "geometry": {"type": "MultiLineString", "coordinates": [[[-69.94694090604193, 18.46210147266601], [-69.94704093672777, 18.46353626768622]], [[-69.94704093672777, 18.46353626768622], [-69.94689572019965, 18.463284262930763]], [[-69.94704093672777, 18.46353626768622], [-69.94714988946997, 18.463268126047844]]]}}, {"id": "404", "type": "Feature", "properties": {"kind": "contact_force", "id": 1237}, "geometry": {"type": "MultiLineString", "coordinates": [[[-69.9470111379444, 18.463122980550747], [-69.94703661848664, 18.46289661133553]], [[-69.94703661848664, 18.46289661133553], [-69.94705205009463, 18.46293969861136]], [[-69.94703661848664, 18.46289661133553], [-69.94701194960125, 18.4629355881314]]]}}, {"id": "405", "type": "Feature", "properties": {"kind": "contact_force", "id": 1239}, "geometry": {"type": "MultiLineString", "coordinates": [[[-69.94987275531795, 18.464002039962416], [-69.94973548157971, 18.463567211011718]], [[-69.94973548157971, 18.463567211011718], [-69.94979887833188, 18.463634956460943]], [[-69.94973548157971, 18.463567211011718], [-69.94972184961544, 18.4636571011228]]]}}, {"id": "406", "type": "Feature", "properties": {"kind": "contact_force", "id": 1240}, "geometry": {"type": "MultiLineString", "coordinates": [[[-69.94993413473352, 18.463548660152238], [-69.94972172042777, 18.463802341526563]], [[-69.94972172042777, 18.463802341526563], [-69.94973775354936, 18.463739225749276]], [[-69.94972172042777, 18.463802341526563], [-69.94978269249803, 18.46377349197111]]]}}, {"id": "407", "type": "Feature", "properties": {"kind": "contact_force", "id": 1243}, "geometry": {"type": "MultiLineString", "coordinates": [[[-69.94662349140965, 18.463095240040417], [-69.94651622196636, 18.463235228653076]], [[-69.94651622196636, 18.463235228653076], [-69.94652326654783, 18.46320120183982]], [[-69.94651622196636, 18.463235228653076], [-69.94654806506425, 18.463218506365703]]]}}, {"id": "408", "type": "Feature", "properties": {"kind": "contact_force", "id": 1244}, "geometry": {"type": "MultiLineString", "coordinates": [[[-69.94653073195158, 18.463287739850838], [-69.946604860731, 18.463191000459556]], [[-69.946604860731, 18.463191000459556], [-69.94659999257156, 18.46321451475383]], [[-69.946604860731, 18.463191000459556], [-69.94658285550716, 18.463202556434215]]]}}, {"id": "409", "type": "Feature", "properties": {"kind": "contact_force", "id": 1246}, "geometry": {"type": "MultiLineString", "coordinates": [[[-69.94613794197747, 18.46348180666575], [-69.94634120068434, 18.46229827287256]], [[-69.94634120068434, 18.46229827287256], [-69.94640918700439, 18.462529196712875]], [[-69.94634120068434, 18.46229827287256], [-69.9461995287576, 18.46249640736585]]]}}, {"id": "410", "type": "Feature", "properties": {"kind": "contact_force", "id": 1247}, "geometry": {"type": "MultiLineString", "coordinates": [[[-69.94643619866942, 18.463354431409282], [-69.94572625217057, 18.461669651454276]], [[-69.94572625217057, 18.461669651454276], [-69.94600416265916, 18.461917773801012]], [[-69.94572625217057, 18.461669651454276], [-69.94570571143632, 18.46203230120225]]]}}, {"id": "411", "type": "Feature", "properties": {"kind": "contact_force", "id": 1248}, "geometry": {"type": "MultiLineString", "coordinates": [[[-69.94572457707595, 18.461648246103756], [-69.94634726936009, 18.463125964658254]], [[-69.94634726936009, 18.463125964658254], [-69.94610351218998, 18.462908337453644]], [[-69.94634726936009, 18.463125964658254], [-69.94636528444376, 18.462807885050964]]]}}, {"id": "412", "type": "Feature", "properties": {"kind": "contact_force", "id": 1250}, "geometry": {"type": "MultiLineString", "coordinates": [[[-69.94639410424067, 18.46280918110006], [-69.94639049013993, 18.462785307884914]], [[-69.94639049013993, 18.462785307884914], [-69.94639325976269, 18.462789343670206]], [[-69.94639049013993, 18.462785307884914], [-69.94638903071208, 18.462789926691936]]]}}, {"id": "413", "type": "Feature", "properties": {"kind": "contact_force", "id": 1251}, "geometry": {"type": "MultiLineString", "coordinates": [[[-69.94652318516633, 18.46304837724078], [-69.94634377747406, 18.46268160242713]], [[-69.94634377747406, 18.46268160242713], [-69.94640878352011, 18.462733613729583]], [[-69.94634377747406, 18.46268160242713], [-69.94634381074013, 18.462762555499587]]]}}, {"id": "414", "type": "Feature", "properties": {"kind": "contact_force", "id": 1252}, "geometry": {"type": "MultiLineString", "coordinates": [[[-69.94658981668626, 18.462847164488945], [-69.94616052929933, 18.462954467612242]], [[-69.94616052929933, 18.462954467612242], [-69.94622883849026, 18.462900391738657]], [[-69.94616052929933, 18.462954467612242], [-69.94624784679905, 18.46296964376346]]]}}, {"id": "415", "type": "Feature", "properties": {"kind": "contact_force", "id": 1256}, "geometry": {"type": "MultiLineString", "coordinates": [[[-69.94665322512678, 18.462688973089584], [-69.94665363408645, 18.46268995595405]], [[-69.94665363408645, 18.46268995595405], [-69.94665347290247, 18.46268981078493]], [[-69.94665363408645, 18.46268995595405], [-69.94665364701311, 18.462689744812078]]]}}, {"id": "416", "type": "Feature", "properties": {"kind": "contact_force", "id": 1260}, "geometry": {"type": "MultiLineString", "coordinates": [[[-69.94641660694225, 18.46162268524056], [-69.94669736682548, 18.462467456351266]], [[-69.94669736682548, 18.462467456351266], [-69.94657165183276, 18.462336977894424]], [[-69.94669736682548, 18.462467456351266], [-69.94672129941473, 18.46229168581614]]]}}, {"id": "417", "type": "Feature", "properties": {"kind": "contact_force", "id": 1261}, "geometry": {"type": "MultiLineString", "coordinates": [[[-69.94675865400897, 18.462703312897634], [-69.94648427928479, 18.461877756334523]], [[-69.94648427928479, 18.461877756334523], [-69.94660713447018, 18.462005267127463]], [[-69.94648427928479, 18.461877756334523], [-69.94646089084347, 18.462049528937886]]]}}, {"id": "418", "type": "Feature", "properties": {"kind": "contact_force", "id": 1263}, "geometry": {"type": "MultiLineString", "coordinates": [[[-69.94641127882757, 18.46253809376078], [-69.94677297644378, 18.462472075675027]], [[-69.94677297644378, 18.462472075675027], [-69.94671326203147, 18.462513216593337]], [[-69.94677297644378, 18.462472075675027], [-69.94670156715779, 18.462454867939083]]]}}, {"id": "419", "type": "Feature", "properties": {"kind": "contact_force", "id": 1264}, "geometry": {"type": "MultiLineString", "coordinates": [[[-69.9464884334765, 18.462672805022386], [-69.946189907149, 18.462535948965154]], [[-69.946189907149, 18.462535948965154], [-69.94625614022699, 18.462536676793174]], [[-69.946189907149, 18.462535948965154], [-69.94623189669426, 18.462584834693832]]]}}, {"id": "420", "type": "Feature", "properties": {"kind": "contact_force", "id": 1265}, "geometry": {"type": "MultiLineString", "coordinates": [[[-69.94648327966777, 18.462613810388408], [-69.94640452234974, 18.462676800066312]], [[-69.94640452234974, 18.462676800066312], [-69.94641321884063, 18.46265902994378]], [[-69.94640452234974, 18.462676800066312], [-69.94642437721609, 18.462671734978958]]]}}, {"id": "421", "type": "Feature", "properties": {"kind": "contact_force", "id": 1266}, "geometry": {"type": "MultiLineString", "coordinates": [[[-69.94653052556747, 18.46285103012383], [-69.94637719961338, 18.462554058766283]], [[-69.94637719961338, 18.462554058766283], [-69.9464312953298, 18.462595521101093]], [[-69.94637719961338, 18.462554058766283], [-69.94637868801438, 18.46262025543281]]]}}, {"id": "422", "type": "Feature", "properties": {"kind": "contact_force", "id": 1267}, "geometry": {"type": "MultiLineString", "coordinates": [[[-69.94660167235716, 18.46304136926368], [-69.94643312188319, 18.462612464104975]], [[-69.94643312188319, 18.462612464104975], [-69.94650166299017, 18.462676612982385]], [[-69.94643312188319, 18.462612464104975], [-69.94642568408169, 18.462703803284978]]]}}, {"id": "423", "type": "Feature", "properties": {"kind": "contact_force", "id": 1268}, "geometry": {"type": "MultiLineString", "coordinates": [[[-69.94643556713741, 18.462621891561266], [-69.94655058920998, 18.462914584893884]], [[-69.94655058920998, 18.462914584893884], [-69.94650381532628, 18.46287080845839]], [[-69.94655058920998, 18.462914584893884], [-69.94655566486969, 18.4628522532416]]]}}, {"id": "424", "type": "Feature", "properties": {"kind": "contact_force", "id": 1269}, "geometry": {"type": "MultiLineString", "coordinates": [[[-69.94677259288727, 18.462764868855043], [-69.94671919734648, 18.46278558497927]], [[-69.94671919734648, 18.46278558497927], [-69.94672704101504, 18.462777523095028]], [[-69.94671919734648, 18.46278558497927], [-69.9467307107978, 18.46278613679176]]]}}, {"id": "425", "type": "Feature", "properties": {"kind": "contact_force", "id": 1270}, "geometry": {"type": "MultiLineString", "coordinates": [[[-69.94675058531986, 18.462365684619893], [-69.94614566210093, 18.462565809929878]], [[-69.94614566210093, 18.462565809929878], [-69.94623758589705, 18.462480742235762]], [[-69.94614566210093, 18.462565809929878], [-69.9462730371856, 18.462578327848654]]]}}, {"id": "426", "type": "Feature", "properties": {"kind": "contact_force", "id": 1271}, "geometry": {"type": "MultiLineString", "coordinates": [[[-69.94690541725708, 18.46240879672566], [-69.94642692995659, 18.462496131813392]], [[-69.94642692995659, 18.462496131813392], [-69.9465059258579, 18.462441706864173]], [[-69.94642692995659, 18.462496131813392], [-69.94652139684612, 18.46251889595008]]]}}, {"id": "427", "type": "Feature", "properties": {"kind": "contact_force", "id": 1274}, "geometry": {"type": "MultiLineString", "coordinates": [[[-69.94630814024111, 18.462351572552148], [-69.94647780153447, 18.462778797331094]], [[-69.94647780153447, 18.462778797331094], [-69.9464092077868, 18.462715042707963]], [[-69.94647780153447, 18.462778797331094], [-69.946484889004, 18.462687673120307]]]}}, {"id": "428", "type": "Feature", "properties": {"kind": "contact_force", "id": 1275}, "geometry": {"type": "MultiLineString", "coordinates": [[[-69.94655217971498, 18.462714814518392], [-69.94646947472883, 18.46250883990991]], [[-69.94646947472883, 18.46250883990991], [-69.94650270973743, 18.462539504259162]], [[-69.94646947472883, 18.46250883990991], [-69.94646622215713, 18.462552846122936]]]}}, {"id": "429", "type": "Feature", "properties": {"kind": "contact_force", "id": 1276}, "geometry": {"type": "MultiLineString", "coordinates": [[[-69.94643205319414, 18.462384551251034], [-69.94657373333217, 18.462737402102263]], [[-69.94657373333217, 18.462737402102263], [-69.94651679904487, 18.462684871662304]], [[-69.94657373333217, 18.462737402102263], [-69.94657930519969, 18.4626620159691]]]}}, {"id": "430", "type": "Feature", "properties": {"kind": "contact_force", "id": 1277}, "geometry": {"type": "MultiLineString", "coordinates": [[[-69.94620132765667, 18.462546669495094], [-69.94650163279378, 18.4624473204478]], [[-69.94650163279378, 18.4624473204478], [-69.94645599869732, 18.462489551088787]], [[-69.94650163279378, 18.4624473204478], [-69.94643839939356, 18.462441106200757]]]}}, {"id": "431", "type": "Feature", "properties": {"kind": "contact_force", "id": 1278}, "geometry": {"type": "MultiLineString", "coordinates": [[[-69.94717767591601, 18.46255143027887], [-69.9476590306323, 18.46322123343033]], [[-69.9476590306323, 18.46322123343033], [-69.947512452604, 18.463138649735033]], [[-69.9476590306323, 18.46322123343033], [-69.94763110585778, 18.46306099819666]]]}}, {"id": "432", "type": "Feature", "properties": {"kind": "contact_force", "id": 1279}, "geometry": {"type": "MultiLineString", "coordinates": [[[-69.94602007363906, 18.462606508987292], [-69.94632506094258, 18.462591263734282]], [[-69.94632506094258, 18.462591263734282], [-69.94627112880698, 18.462618627242595]], [[-69.94632506094258, 18.462591263734282], [-69.9462684281431, 18.46256942705496]]]}}, {"id": "433", "type": "Feature", "properties": {"kind": "contact_force", "id": 1280}, "geometry": {"type": "MultiLineString", "coordinates": [[[-69.94623756196935, 18.462338060964516], [-69.94625969630818, 18.462762502266568]], [[-69.94625969630818, 18.462762502266568], [-69.94621809012185, 18.46268735271923]], [[-69.94625969630818, 18.462762502266568], [-69.9462932782601, 18.462683782027504]]]}}, {"id": "434", "type": "Feature", "properties": {"kind": "contact_force", "id": 1281}, "geometry": {"type": "MultiLineString", "coordinates": [[[-69.94635535172965, 18.46284249619269], [-69.94621284230415, 18.462561015389696]], [[-69.94621284230415, 18.462561015389696], [-69.94626360535942, 18.46260054233447]], [[-69.94621284230415, 18.462561015389696], [-69.94621374213467, 18.462623531759473]]]}}, {"id": "435", "type": "Feature", "properties": {"kind": "contact_force", "id": 1283}, "geometry": {"type": "MultiLineString", "coordinates": [[[-69.94751992762941, 18.4624423629134], [-69.9477442301, 18.46282597763626]], [[-69.9477442301, 18.46282597763626], [-69.9476695946657, 18.462774535169313]], [[-69.9477442301, 18.46282597763626], [-69.94773755054439, 18.462738350941528]]]}}, {"id": "436", "type": "Feature", "properties": {"kind": "contact_force", "id": 1284}, "geometry": {"type": "MultiLineString", "coordinates": [[[-69.94779696103755, 18.462971233994512], [-69.9475653862808, 18.462569532426347]], [[-69.9475653862808, 18.462569532426347], [-69.94764294173807, 18.462623666851577]], [[-69.9475653862808, 18.462569532426347], [-69.94757178185297, 18.462661024150147]]]}}, {"id": "437", "type": "Feature", "properties": {"kind": "contact_force", "id": 1285}, "geometry": {"type": "MultiLineString", "coordinates": [[[-69.9462651435332, 18.46247138158818], [-69.94645150029183, 18.462805350030038]], [[-69.94645150029183, 18.462805350030038], [-69.946388140303, 18.46275984583668]], [[-69.94645150029183, 18.462805350030038], [-69.9464473015323, 18.462729782972925]]]}}, {"id": "438", "type": "Feature", "properties": {"kind": "contact_force", "id": 1286}, "geometry": {"type": "MultiLineString", "coordinates": [[[-69.9465338327467, 18.462589934319638], [-69.94631367491617, 18.462633952620582]], [[-69.94631367491617, 18.462633952620582], [-69.9463496822494, 18.462608216012868]], [[-69.94631367491617, 18.462633952620582], [-69.94635747990475, 18.462643731613806]]]}}, {"id": "439", "type": "Feature", "properties": {"kind": "contact_force", "id": 1287}, "geometry": {"type": "MultiLineString", "coordinates": [[[-69.94641484669349, 18.462768160441023], [-69.94632887766792, 18.46258652465986]], [[-69.94632887766792, 18.46258652465986], [-69.94636054856694, 18.462612514042576]], [[-69.94632887766792, 18.46258652465986], [-69.94632837249851, 18.462626382452488]]]}}, {"id": "440", "type": "Feature", "properties": {"kind": "contact_force", "id": 1288}, "geometry": {"type": "MultiLineString", "coordinates": [[[-69.94635542390635, 18.46253304992011], [-69.94634700004765, 18.46296924067509]], [[-69.94634700004765, 18.46296924067509], [-69.94630989216738, 18.46288949659495]], [[-69.94634700004765, 18.46296924067509], [-69.94638716176958, 18.462890855518904]]]}}, {"id": "441", "type": "Feature", "properties": {"kind": "contact_force", "id": 1289}, "geometry": {"type": "MultiLineString", "coordinates": [[[-69.9460938504849, 18.462697350616246], [-69.94634458280449, 18.462608279816504]], [[-69.94634458280449, 18.462608279816504], [-69.9463070239755, 18.462644648862177]], [[-69.94634458280449, 18.462608279816504], [-69.94629124541443, 18.462604201041746]]]}}, {"id": "442", "type": "Feature", "properties": {"kind": "contact_force", "id": 1290}, "geometry": {"type": "MultiLineString", "coordinates": [[[-69.94653765989479, 18.462751982997162], [-69.9460282065088, 18.462432472238508]], [[-69.9460282065088, 18.462432472238508], [-69.94614885073737, 18.462449295176103]], [[-69.9460282065088, 18.462432472238508], [-69.94609225062116, 18.462531479549952]]]}}, {"id": "443", "type": "Feature", "properties": {"kind": "contact_force", "id": 1291}, "geometry": {"type": "MultiLineString", "coordinates": [[[-69.94623420518336, 18.462479164389787], [-69.94633540377781, 18.46280270619207]], [[-69.94633540377781, 18.46280270619207], [-69.94628840323251, 18.46275222312719]], [[-69.94633540377781, 18.46280270619207], [-69.94634571743013, 18.46273589788296]]]}}, {"id": "444", "type": "Feature", "properties": {"kind": "contact_force", "id": 1292}, "geometry": {"type": "MultiLineString", "coordinates": [[[-69.94624996421007, 18.462766731097794], [-69.94634912554366, 18.462746985360308]], [[-69.94634912554366, 18.462746985360308], [-69.94633290035058, 18.462758562793784]], [[-69.94634912554366, 18.462746985360308], [-69.94632940246512, 18.4627425662206]]]}}, {"id": "445", "type": "Feature", "properties": {"kind": "contact_force", "id": 1298}, "geometry": {"type": "MultiLineString", "coordinates": [[[-69.9475327602699, 18.461905765799656], [-69.94772883240795, 18.46221150659537]], [[-69.94772883240795, 18.46221150659537], [-69.94766621170156, 18.462171902680858]], [[-69.94772883240795, 18.46221150659537], [-69.94772037232148, 18.46214027243682]]]}}, {"id": "446", "type": "Feature", "properties": {"kind": "contact_force", "id": 1299}, "geometry": {"type": "MultiLineString", "coordinates": [[[-69.94788139180366, 18.46246654138215], [-69.94750917845008, 18.46188564767427]], [[-69.94750917845008, 18.46188564767427], [-69.94762809757675, 18.461960918880905]], [[-69.94750917845008, 18.46188564767427], [-69.94752519486862, 18.462020963981185]]]}}, {"id": "447", "type": "Feature", "properties": {"kind": "contact_force", "id": 1301}, "geometry": {"type": "MultiLineString", "coordinates": [[[-69.94803071187447, 18.46234472841998], [-69.94734986204126, 18.462462202732777]], [[-69.94734986204126, 18.462462202732777], [-69.94746286904576, 18.462385992311795]], [[-69.94734986204126, 18.462462202732777], [-69.9474836790014, 18.462495826355745]]]}}, {"id": "448", "type": "Feature", "properties": {"kind": "contact_force", "id": 1302}, "geometry": {"type": "MultiLineString", "coordinates": [[[-69.94775394154438, 18.46264516410455], [-69.94775036991187, 18.462645958464503]], [[-69.94775036991187, 18.462645958464503], [-69.94775094695267, 18.462645526391906]], [[-69.94775036991187, 18.462645958464503], [-69.94775108767043, 18.462646102563266]]]}}, {"id": "449", "type": "Feature", "properties": {"kind": "contact_force", "id": 1308}, "geometry": {"type": "MultiLineString", "coordinates": [[[-69.94712370197989, 18.46252033022779], [-69.94798058939293, 18.462372482938623]], [[-69.94798058939293, 18.462372482938623], [-69.94783836414851, 18.462468398319942]], [[-69.94798058939293, 18.462372482938623], [-69.94781217340054, 18.46233016618062]]]}}, {"id": "450", "type": "Feature", "properties": {"kind": "contact_force", "id": 1309}, "geometry": {"type": "MultiLineString", "coordinates": [[[-69.94939660664755, 18.462949584708973], [-69.94915033925685, 18.462268091897595]], [[-69.94915033925685, 18.462268091897595], [-69.94925533972709, 18.462371756617447]], [[-69.94915033925685, 18.462268091897595], [-69.94913461608738, 18.462411484123493]]]}}, {"id": "451", "type": "Feature", "properties": {"kind": "contact_force", "id": 1315}, "geometry": {"type": "MultiLineString", "coordinates": [[[-69.94912538487733, 18.462216364383725], [-69.94936213447431, 18.462871519355723]], [[-69.94936213447431, 18.462871519355723], [-69.94926119162605, 18.46277186108165]], [[-69.94936213447431, 18.462871519355723], [-69.9493772498248, 18.462733668853993]]]}}, {"id": "452", "type": "Feature", "properties": {"kind": "contact_force", "id": 1324}, "geometry": {"type": "MultiLineString", "coordinates": [[[-69.94770992003478, 18.463993753716913], [-69.9462429202601, 18.464449614828542]], [[-69.9462429202601, 18.464449614828542], [-69.94646845445777, 18.46424865923494]], [[-69.9462429202601, 18.464449614828542], [-69.94654920867374, 18.464485311856006]]]}}, {"id": "453", "type": "Feature", "properties": {"kind": "contact_force", "id": 1325}, "geometry": {"type": "MultiLineString", "coordinates": [[[-69.94606626558613, 18.464452465060553], [-69.94773818920112, 18.463933028684576]], [[-69.94773818920112, 18.463933028684576], [-69.94748114340003, 18.464162038542014]], [[-69.94773818920112, 18.463933028684576], [-69.9473891257125, 18.463892328629445]]]}}, {"id": "454", "type": "Feature", "properties": {"kind": "contact_force", "id": 1326}, "geometry": {"type": "MultiLineString", "coordinates": [[[-69.94642281330474, 18.46414333282236], [-69.9478645333387, 18.464147330199253]], [[-69.9478645333387, 18.464147330199253], [-69.94760285120374, 18.464262893651455]], [[-69.9478645333387, 18.464147330199253], [-69.94760355871034, 18.464030319232144]]]}}, {"id": "455", "type": "Feature", "properties": {"kind": "contact_force", "id": 1331}, "geometry": {"type": "MultiLineString", "coordinates": [[[-69.94785910211354, 18.46385902896006], [-69.94805909509617, 18.46436873937302]], [[-69.94805909509617, 18.46436873937302], [-69.94797769692754, 18.464292479674015]], [[-69.94805909509617, 18.46436873937302], [-69.94806799099207, 18.464260217298285]]]}}, {"id": "456", "type": "Feature", "properties": {"kind": "contact_force", "id": 1332}, "geometry": {"type": "MultiLineString", "coordinates": [[[-69.94787678609343, 18.462967559058747], [-69.94726972596644, 18.463224210406963]], [[-69.94726972596644, 18.463224210406963], [-69.94735703036548, 18.463128724529568]], [[-69.94726972596644, 18.463224210406963], [-69.94740249518837, 18.463226654512102]]]}}, {"id": "457", "type": "Feature", "properties": {"kind": "contact_force", "id": 1334}, "geometry": {"type": "MultiLineString", "coordinates": [[[-69.94776568585809, 18.463126536099566], [-69.94787671029191, 18.46309443563865]], [[-69.94787671029191, 18.46309443563865], [-69.94785942907873, 18.463109209360255]], [[-69.94787671029191, 18.46309443563865], [-69.9478537425884, 18.46309129908544]]]}}, {"id": "458", "type": "Feature", "properties": {"kind": "contact_force", "id": 1335}, "geometry": {"type": "MultiLineString", "coordinates": [[[-69.94699712441061, 18.46418618068558], [-69.94786393260178, 18.46451226735012]], [[-69.94786393260178, 18.46451226735012], [-69.94767793067503, 18.464523076227728]], [[-69.94786393260178, 18.46451226735012], [-69.94773569603943, 18.464383245127227]]]}}, {"id": "459", "type": "Feature", "properties": {"kind": "contact_force", "id": 1336}, "geometry": {"type": "MultiLineString", "coordinates": [[[-69.94764410551704, 18.463638428892665], [-69.94752720987034, 18.464940407576588]], [[-69.94752720987034, 18.464940407576588], [-69.94743307703735, 18.464694980220358]], [[-69.94752720987034, 18.464940407576588], [-69.94766372027654, 18.464713837519195]]]}}, {"id": "460", "type": "Feature", "properties": {"kind": "contact_force", "id": 1339}, "geometry": {"type": "MultiLineString", "coordinates": [[[-69.94796625576005, 18.46347901171757], [-69.9480307453717, 18.463095603090512]], [[-69.9480307453717, 18.463095603090512], [-69.94805301567986, 18.463170302004254]], [[-69.9480307453717, 18.463095603090512], [-69.94798509612681, 18.463159898663914]]]}}, {"id": "461", "type": "Feature", "properties": {"kind": "contact_force", "id": 1340}, "geometry": {"type": "MultiLineString", "coordinates": [[[-69.9482208860212, 18.46321495484726], [-69.94802855872948, 18.463294251151595]], [[-69.94802855872948, 18.463294251151595], [-69.9480563967517, 18.46326436484595]], [[-69.94802855872948, 18.463294251151595], [-69.94807044382483, 18.46329539074153]]]}}, {"id": "462", "type": "Feature", "properties": {"kind": "contact_force", "id": 1344}, "geometry": {"type": "MultiLineString", "coordinates": [[[-69.94800198167813, 18.46307678498867], [-69.94790424707088, 18.463105043344747]], [[-69.94790424707088, 18.463105043344747], [-69.94791945966654, 18.46309203800165]], [[-69.94790424707088, 18.463105043344747], [-69.9479244655348, 18.463107804387807]]]}}, {"id": "463", "type": "Feature", "properties": {"kind": "contact_force", "id": 1349}, "geometry": {"type": "MultiLineString", "coordinates": [[[-69.9465220088068, 18.463845604298278], [-69.94658355010453, 18.464001837893377]], [[-69.94658355010453, 18.464001837893377], [-69.94655855683018, 18.463978482597543]], [[-69.94658355010453, 18.464001837893377], [-69.94658623321769, 18.4639685549028]]]}}, {"id": "464", "type": "Feature", "properties": {"kind": "contact_force", "id": 1350}, "geometry": {"type": "MultiLineString", "coordinates": [[[-69.94665631451404, 18.464090628658713], [-69.94659547419212, 18.463936175449987]], [[-69.94659547419212, 18.463936175449987], [-69.94662018269375, 18.463959264578826]], [[-69.94659547419212, 18.463936175449987], [-69.94659282169566, 18.463969079182505]]]}}, {"id": "465", "type": "Feature", "properties": {"kind": "contact_force", "id": 1352}, "geometry": {"type": "MultiLineString", "coordinates": [[[-69.94758236336378, 18.462886026961353], [-69.94748380193685, 18.463361246883693]], [[-69.94748380193685, 18.463361246883693], [-69.9474595755388, 18.463267157892503]], [[-69.94748380193685, 18.463361246883693], [-69.94754375920512, 18.463283057666345]]]}}, {"id": "466", "type": "Feature", "properties": {"kind": "contact_force", "id": 1354}, "geometry": {"type": "MultiLineString", "coordinates": [[[-69.94762728492985, 18.463677647537935], [-69.94708541030319, 18.463833366059283]], [[-69.94708541030319, 18.463833366059283], [-69.94716983890714, 18.463761433386516]], [[-69.94708541030319, 18.463833366059283], [-69.94719742393967, 18.46384884739088]]]}}, {"id": "467", "type": "Feature", "properties": {"kind": "contact_force", "id": 1355}, "geometry": {"type": "MultiLineString", "coordinates": [[[-69.94686952238116, 18.464712401242803], [-69.9465815168626, 18.46388769613752]], [[-69.9465815168626, 18.46388769613752], [-69.94670676822841, 18.46401395342042]], [[-69.9465815168626, 18.46388769613752], [-69.94656067369937, 18.464060413584704]]]}}, {"id": "468", "type": "Feature", "properties": {"kind": "contact_force", "id": 1356}, "geometry": {"type": "MultiLineString", "coordinates": [[[-69.94637538035529, 18.463824369745502], [-69.9470223166947, 18.4646463395247]], [[-69.9470223166947, 18.4646463395247], [-69.94683224642652, 18.464549529256924]], [[-69.9470223166947, 18.4646463395247], [-69.94697785661438, 18.46444516710091]]]}}, {"id": "469", "type": "Feature", "properties": {"kind": "contact_force", "id": 1361}, "geometry": {"type": "MultiLineString", "coordinates": [[[-69.94737321992433, 18.463266434160932], [-69.94716805750848, 18.463576550839473]], [[-69.94716805750848, 18.463576550839473], [-69.94717777750714, 18.46350379041252]], [[-69.94716805750848, 18.463576550839473], [-69.94723271373995, 18.46353688682743]]]}}, {"id": "470", "type": "Feature", "properties": {"kind": "contact_force", "id": 1362}, "geometry": {"type": "MultiLineString", "coordinates": [[[-69.94654366578948, 18.462696945599326], [-69.94769953735062, 18.46421804836785]], [[-69.94769953735062, 18.46421804836785], [-69.94735529115086, 18.46403556318321]], [[-69.94769953735062, 18.46421804836785], [-69.94762475017366, 18.463849099766897]]]}}, {"id": "471", "type": "Feature", "properties": {"kind": "contact_force", "id": 1363}, "geometry": {"type": "MultiLineString", "coordinates": [[[-69.94711356589588, 18.46412057328167], [-69.94651841962036, 18.464317200783356]], [[-69.94651841962036, 18.464317200783356], [-69.94660888085836, 18.46423355620309]], [[-69.94651841962036, 18.464317200783356], [-69.94664371288752, 18.464329563615852]]]}}, {"id": "472", "type": "Feature", "properties": {"kind": "contact_force", "id": 1365}, "geometry": {"type": "MultiLineString", "coordinates": [[[-69.94671592649573, 18.46393955420106], [-69.94767334018981, 18.463664422626362]], [[-69.94767334018981, 18.463664422626362], [-69.94752416767628, 18.463791517579953]], [[-69.94767334018981, 18.463664422626362], [-69.94747542861747, 18.46363706992197]]]}}, {"id": "473", "type": "Feature", "properties": {"kind": "contact_force", "id": 1367}, "geometry": {"type": "MultiLineString", "coordinates": [[[-69.94795265277826, 18.46405680389885], [-69.9484248419579, 18.46395349396242]], [[-69.9484248419579, 18.46395349396242], [-69.94834840284044, 18.464010306342395]], [[-69.9484248419579, 18.46395349396242], [-69.94833010167972, 18.46393413399257]]]}}, {"id": "474", "type": "Feature", "properties": {"kind": "contact_force", "id": 1368}, "geometry": {"type": "MultiLineString", "coordinates": [[[-69.9483449521498, 18.463944755534776], [-69.94813953191623, 18.464027858670644]], [[-69.94813953191623, 18.464027858670644], [-69.94816940597221, 18.463996226341102]], [[-69.94813953191623, 18.464027858670644], [-69.94818412747536, 18.464029364223965]]]}}, {"id": "475", "type": "Feature", "properties": {"kind": "contact_force", "id": 1369}, "geometry": {"type": "MultiLineString", "coordinates": [[[-69.94860557292009, 18.463927964891713], [-69.94804460261737, 18.463991483319255]], [[-69.94804460261737, 18.463991483319255], [-69.9481406589877, 18.463934722815488]], [[-69.94804460261737, 18.463991483319255], [-69.94815191102533, 18.464025217168004]]]}}, {"id": "476", "type": "Feature", "properties": {"kind": "contact_force", "id": 1371}, "geometry": {"type": "MultiLineString", "coordinates": [[[-69.94833961182873, 18.46324475861118], [-69.94862488133933, 18.4643909384584]], [[-69.94862488133933, 18.4643909384584], [-69.94847165107556, 18.464206189703503]], [[-69.94862488133933, 18.4643909384584], [-69.94867469416681, 18.4641601705811]]]}}, {"id": "477", "type": "Feature", "properties": {"kind": "contact_force", "id": 1372}, "geometry": {"type": "MultiLineString", "coordinates": [[[-69.94850971058658, 18.46391227726373], [-69.94850297420061, 18.46388712404569]], [[-69.94850297420061, 18.46388712404569], [-69.94850642316189, 18.46389114000848]], [[-69.94850297420061, 18.46388712404569], [-69.94850196733461, 18.463892226705884]]]}}, {"id": "478", "type": "Feature", "properties": {"kind": "contact_force", "id": 1373}, "geometry": {"type": "MultiLineString", "coordinates": [[[-69.94864951673283, 18.46447251974862], [-69.94840157076513, 18.463474351033238]], [[-69.94840157076513, 18.463474351033238], [-69.94853492498385, 18.463635281700814]], [[-69.94840157076513, 18.463474351033238], [-69.94835810220282, 18.463675279639833]]]}}, {"id": "479", "type": "Feature", "properties": {"kind": "contact_force", "id": 1374}, "geometry": {"type": "MultiLineString", "coordinates": [[[-69.94862817288482, 18.463529840731777], [-69.94810258432503, 18.464141350860164]], [[-69.94810258432503, 18.464141350860164], [-69.94814368989032, 18.463988114273455]], [[-69.94810258432503, 18.464141350860164], [-69.9482520173354, 18.46407290107065]]]}}, {"id": "480", "type": "Feature", "properties": {"kind": "contact_force", "id": 1379}, "geometry": {"type": "MultiLineString", "coordinates": [[[-69.94852908806604, 18.464505379535154], [-69.94815139375136, 18.46331392029058]], [[-69.94815139375136, 18.46331392029058], [-69.9483253865393, 18.463499421815822]], [[-69.94815139375136, 18.46331392029058], [-69.94811432301411, 18.463560350393205]]]}}, {"id": "481", "type": "Feature", "properties": {"kind": "contact_force", "id": 1380}, "geometry": {"type": "MultiLineString", "coordinates": [[[-69.94856642737936, 18.463615235141695], [-69.94856742806233, 18.463614944051976]], [[-69.94856742806233, 18.463614944051976], [-69.94856727245983, 18.463615077529365]], [[-69.94856742806233, 18.463614944051976], [-69.94856722089413, 18.463614916101346]]]}}, {"id": "482", "type": "Feature", "properties": {"kind": "contact_force", "id": 1382}, "geometry": {"type": "MultiLineString", "coordinates": [[[-69.94900347763024, 18.463951992791696], [-69.94812767498846, 18.464202572238364]], [[-69.94812767498846, 18.464202572238364], [-69.94826422987855, 18.46408651096508]], [[-69.94812767498846, 18.464202572238364], [-69.94830861922398, 18.464227793250732]]]}}, {"id": "483", "type": "Feature", "properties": {"kind": "contact_force", "id": 1383}, "geometry": {"type": "MultiLineString", "coordinates": [[[-69.94816431168029, 18.46419546320532], [-69.94882693174587, 18.464005878578632]], [[-69.94882693174587, 18.464005878578632], [-69.9487236166127, 18.464093689196787]], [[-69.94882693174587, 18.464005878578632], [-69.94869003203164, 18.463986797102212]]]}}, {"id": "484", "type": "Feature", "properties": {"kind": "contact_force", "id": 1384}, "geometry": {"type": "MultiLineString", "coordinates": [[[-69.94840805078412, 18.464069611016658], [-69.94843439509326, 18.464158004032498]], [[-69.94843439509326, 18.464158004032498], [-69.94842179057248, 18.464144106674812]], [[-69.94843439509326, 18.464158004032498], [-69.9484374491885, 18.464139856879278]]]}}, {"id": "485", "type": "Feature", "properties": {"kind": "contact_force", "id": 1388}, "geometry": {"type": "MultiLineString", "coordinates": [[[-69.94855795307542, 18.464084370717043], [-69.9488411870699, 18.464004747156796]], [[-69.9488411870699, 18.464004747156796], [-69.94879690022718, 18.464042025165252]], [[-69.9488411870699, 18.464004747156796], [-69.94878279508634, 18.463996334590174]]]}}, {"id": "486", "type": "Feature", "properties": {"kind": "contact_force", "id": 1389}, "geometry": {"type": "MultiLineString", "coordinates": [[[-69.94885019884613, 18.463998884655624], [-69.94861958503532, 18.4640636972691]], [[-69.94861958503532, 18.4640636972691], [-69.94865564577748, 18.46403334823532]], [[-69.94861958503532, 18.4640636972691], [-69.9486671271591, 18.464070550272638]]]}}, {"id": "487", "type": "Feature", "properties": {"kind": "contact_force", "id": 1393}, "geometry": {"type": "MultiLineString", "coordinates": [[[-69.94874337377337, 18.46373384574103], [-69.94874117201731, 18.46373450458825]], [[-69.94874117201731, 18.46373450458825], [-69.94874151275455, 18.463734207573413]], [[-69.94874117201731, 18.46373450458825], [-69.94874162946752, 18.463734562755725]]]}}, {"id": "488", "type": "Feature", "properties": {"kind": "contact_force", "id": 1395}, "geometry": {"type": "MultiLineString", "coordinates": [[[-69.9473656449443, 18.464066481727006], [-69.9485532192273, 18.463651562399736]], [[-69.9485532192273, 18.463651562399736], [-69.94837470924044, 18.463822560098166]], [[-69.9485532192273, 18.463651562399736], [-69.94830120702386, 18.463630983607032]]]}}, {"id": "489", "type": "Feature", "properties": {"kind": "contact_force", "id": 1396}, "geometry": {"type": "MultiLineString", "coordinates": [[[-69.9479736781439, 18.463823039367], [-69.94802359077799, 18.46386181146324]], [[-69.94802359077799, 18.46386181146324], [-69.94801110934755, 18.46385880946796]], [[-69.94802359077799, 18.46386181146324], [-69.9480179777214, 18.4638507576795]]]}}, {"id": "490", "type": "Feature", "properties": {"kind": "contact_force", "id": 1397}, "geometry": {"type": "MultiLineString", "coordinates": [[[-69.94861237026316, 18.46363514701038], [-69.94744384059442, 18.463991358277738]], [[-69.94744384059442, 18.463991358277738], [-69.94762409974265, 18.463832539079668]], [[-69.94744384059442, 18.463991358277738], [-69.94768720126156, 18.464021043688746]]]}}, {"id": "491", "type": "Feature", "properties": {"kind": "contact_force", "id": 1398}, "geometry": {"type": "MultiLineString", "coordinates": [[[-69.94773463818763, 18.464478343951622], [-69.94759819789192, 18.464264333154727]], [[-69.94759819789192, 18.464264333154727], [-69.94764188502327, 18.4642921200191]], [[-69.94759819789192, 18.464264333154727], [-69.94760397346762, 18.464314130166798]]]}}, {"id": "492", "type": "Feature", "properties": {"kind": "contact_force", "id": 1399}, "geometry": {"type": "MultiLineString", "coordinates": [[[-69.947697672035, 18.464750085440205], [-69.94738473565103, 18.464012320497574]], [[-69.94738473565103, 18.464012320497574], [-69.9475068054587, 18.464120807999908]], [[-69.94738473565103, 18.464012320497574], [-69.94737611207955, 18.46417128992148]]]}}, {"id": "493", "type": "Feature", "properties": {"kind": "contact_force", "id": 1400}, "geometry": {"type": "MultiLineString", "coordinates": [[[-69.94817273216917, 18.46436505395804], [-69.9481173722958, 18.46394779107435]], [[-69.9481173722958, 18.46394779107435], [-69.94816436543623, 18.464018959545463]], [[-69.9481173722958, 18.46394779107435], [-69.9480904483398, 18.464027890043283]]]}}, {"id": "494", "type": "Feature", "properties": {"kind": "contact_force", "id": 1401}, "geometry": {"type": "MultiLineString", "coordinates": [[[-69.94805972912988, 18.46387255059086], [-69.9483898959334, 18.464308788658364]], [[-69.9483898959334, 18.464308788658364], [-69.94829140997398, 18.464256346358983]], [[-69.9483898959334, 18.464308788658364], [-69.94836868853112, 18.464203084666774]]]}}, {"id": "495", "type": "Feature", "properties": {"kind": "contact_force", "id": 1402}, "geometry": {"type": "MultiLineString", "coordinates": [[[-69.94694176692542, 18.46491854790664], [-69.94694132081524, 18.464917045889727]], [[-69.94694132081524, 18.464917045889727], [-69.94694153471787, 18.46491728216516]], [[-69.94694132081524, 18.464917045889727], [-69.94694126863786, 18.46491735413014]]]}}, {"id": "496", "type": "Feature", "properties": {"kind": "contact_force", "id": 1404}, "geometry": {"type": "MultiLineString", "coordinates": [[[-69.94760038176169, 18.464555842268513], [-69.9476001833333, 18.464555884116862]], [[-69.9476001833333, 18.464555884116862], [-69.94760021559405, 18.46455586052643]], [[-69.9476001833333, 18.464555884116862], [-69.9476002230074, 18.464555892536293]]]}}, {"id": "497", "type": "Feature", "properties": {"kind": "contact_force", "id": 1410}, "geometry": {"type": "MultiLineString", "coordinates": [[[-69.9487695411151, 18.464059877028024], [-69.94796118233525, 18.464191952546265]], [[-69.94796118233525, 18.464191952546265], [-69.94809600847493, 18.46410281141046]], [[-69.94796118233525, 18.464191952546265], [-69.94811940515655, 18.464233213755886]]]}}, {"id": "498", "type": "Feature", "properties": {"kind": "contact_force", "id": 1415}, "geometry": {"type": "MultiLineString", "coordinates": [[[-69.94855137261817, 18.46480176913216], [-69.9484014977699, 18.46423347327973]], [[-69.9484014977699, 18.46423347327973], [-69.9484790004397, 18.46432439481414]], [[-69.9484014977699, 18.46423347327973], [-69.94837832802988, 18.464348572144008]]]}}, {"id": "499", "type": "Feature", "properties": {"kind": "contact_force", "id": 1421}, "geometry": {"type": "MultiLineString", "coordinates": [[[-69.94840053535067, 18.464268997674207], [-69.948409807027, 18.464372634085557]], [[-69.948409807027, 18.464372634085557], [-69.94839894694186, 18.464354596628706]], [[-69.948409807027, 18.464372634085557], [-69.94841730591297, 18.464353100947616]]]}}, {"id": "500", "type": "Feature", "properties": {"kind": "contact_force", "id": 1422}, "geometry": {"type": "MultiLineString", "coordinates": [[[-69.9479601301821, 18.464746439264093], [-69.94696413480936, 18.464937743257266]], [[-69.94696413480936, 18.464937743257266], [-69.94712772621403, 18.464822732209548]], [[-69.94696413480936, 18.464937743257266], [-69.9471616151317, 18.464983402945187]]]}}, {"id": "501", "type": "Feature", "properties": {"kind": "contact_force", "id": 1423}, "geometry": {"type": "MultiLineString", "coordinates": [[[-69.94668716416325, 18.465002071725298], [-69.94810728350913, 18.464729305429053]], [[-69.94810728350913, 18.464729305429053], [-69.94787403119513, 18.464893292628563]], [[-69.94810728350913, 18.464729305429053], [-69.94782571051137, 18.46466420386129]]]}}, {"id": "502", "type": "Feature", "properties": {"kind": "contact_force", "id": 1425}, "geometry": {"type": "MultiLineString", "coordinates": [[[-69.94677267865887, 18.464835531591547], [-69.9470763332397, 18.464756831103575]], [[-69.9470763332397, 18.464756831103575], [-69.94702826320386, 18.464795588788643]], [[-69.9470763332397, 18.464756831103575], [-69.94701432151766, 18.46474660423458]]]}}, {"id": "503", "type": "Feature", "properties": {"kind": "contact_force", "id": 1426}, "geometry": {"type": "MultiLineString", "coordinates": [[[-69.94799138872146, 18.46467707494892], [-69.94798583563256, 18.464657254117423]], [[-69.94798583563256, 18.464657254117423], [-69.94798859780639, 18.46466039896884]], [[-69.94798583563256, 18.464657254117423], [-69.94798508658161, 18.464661294775592]]]}}, {"id": "504", "type": "Feature", "properties": {"kind": "contact_force", "id": 1427}, "geometry": {"type": "MultiLineString", "coordinates": [[[-69.94764571866499, 18.464924425660303], [-69.94719841008194, 18.464316231094767]], [[-69.94719841008194, 18.464316231094767], [-69.9473333599318, 18.464390394299595]], [[-69.94719841008194, 18.464316231094767], [-69.9472256194341, 18.464462552647298]]]}}, {"id": "505", "type": "Feature", "properties": {"kind": "contact_force", "id": 1428}, "geometry": {"type": "MultiLineString", "coordinates": [[[-69.94866220548631, 18.464415825649578], [-69.9468928551525, 18.465156803348304]], [[-69.9468928551525, 18.465156803348304], [-69.94714794045582, 18.46487978062408]], [[-69.9468928551525, 18.465156803348304], [-69.94727920270937, 18.465165206857645]]]}}, {"id": "506", "type": "Feature", "properties": {"kind": "contact_force", "id": 1430}, "geometry": {"type": "MultiLineString", "coordinates": [[[-69.94027856928125, 18.468544529320923], [-69.94012500190766, 18.468096446268078]], [[-69.94012500190766, 18.468096446268078], [-69.94019252708611, 18.468165280285543]], [[-69.94012500190766, 18.468096446268078], [-69.94011314831981, 18.468190052733405]]]}}, {"id": "507", "type": "Feature", "properties": {"kind": "contact_force", "id": 1431}, "geometry": {"type": "MultiLineString", "coordinates": [[[-69.94010058239486, 18.46778701446136], [-69.94040430735396, 18.468673231100333]], [[-69.94040430735396, 18.468673231100333], [-69.94027075582888, 18.468537091634893]], [[-69.94040430735396, 18.468673231100333], [-69.94042775104448, 18.468488096622913]]]}}, {"id": "508", "type": "Feature", "properties": {"kind": "contact_force", "id": 1437}, "geometry": {"type": "MultiLineString", "coordinates": [[[-69.94829797315498, 18.461743196321912], [-69.94809189180965, 18.46184630500439]], [[-69.94809189180965, 18.46184630500439], [-69.94812011385456, 18.461810992898325]], [[-69.94809189180965, 18.46184630500439], [-69.94813837905551, 18.461844237860927]]]}}, {"id": "509", "type": "Feature", "properties": {"kind": "contact_force", "id": 1438}, "geometry": {"type": "MultiLineString", "coordinates": [[[-69.94780699830328, 18.4615457976302], [-69.94843074574166, 18.462078087113433]], [[-69.94843074574166, 18.462078087113433], [-69.94827053775681, 18.46203191503489]], [[-69.94843074574166, 18.462078087113433], [-69.9483648302671, 18.46193129227453]]]}}, {"id": "510", "type": "Feature", "properties": {"kind": "contact_force", "id": 1439}, "geometry": {"type": "MultiLineString", "coordinates": [[[-69.94809787834367, 18.46224506487936], [-69.94816185940607, 18.461451218679617]], [[-69.94816185940607, 18.461451218679617], [-69.94822057507673, 18.461600273164088]], [[-69.94816185940607, 18.461451218679617], [-69.94807994918494, 18.46158995177487]]]}}, {"id": "511", "type": "Feature", "properties": {"kind": "contact_force", "id": 1440}, "geometry": {"type": "MultiLineString", "coordinates": [[[-69.94812134904156, 18.461835485411843], [-69.94796960868472, 18.46177618777839]], [[-69.94796960868472, 18.46177618777839], [-69.94800236551967, 18.461774696825813]], [[-69.94796960868472, 18.46177618777839], [-69.94799186122113, 18.461799175512397]]]}}, {"id": "512", "type": "Feature", "properties": {"kind": "contact_force", "id": 1443}, "geometry": {"type": "MultiLineString", "coordinates": [[[-69.94802315701429, 18.461819747794355], [-69.94814577586489, 18.462053078938865]], [[-69.94814577586489, 18.462053078938865], [-69.94810288298324, 18.46202067538549]], [[-69.94814577586489, 18.462053078938865], [-69.94814421652549, 18.46200089457163]]]}}, {"id": "513", "type": "Feature", "properties": {"kind": "contact_force", "id": 1444}, "geometry": {"type": "MultiLineString", "coordinates": [[[-69.94803189656062, 18.461961560992382], [-69.94828574179994, 18.46184564191655]], [[-69.94828574179994, 18.46184564191655], [-69.94824999671228, 18.461887128698454]], [[-69.94828574179994, 18.46184564191655], [-69.9482294621758, 18.461846178526752]]]}}, {"id": "514", "type": "Feature", "properties": {"kind": "contact_force", "id": 1445}, "geometry": {"type": "MultiLineString", "coordinates": [[[-69.94027961593002, 18.46689034762158], [-69.9411383756316, 18.46682005930799]], [[-69.9411383756316, 18.46682005930799], [-69.94098894149295, 18.46690206545911]], [[-69.9411383756316, 18.46682005930799], [-69.94097648966671, 18.46676353486728]]]}}, {"id": "515", "type": "Feature", "properties": {"kind": "contact_force", "id": 1446}, "geometry": {"type": "MultiLineString", "coordinates": [[[-69.94108838528216, 18.46692710182061], [-69.94068516039603, 18.466960105602297]], [[-69.94068516039603, 18.466960105602297], [-69.94075532628625, 18.46692160029859]], [[-69.94068516039603, 18.466960105602297], [-69.94076117287801, 18.46698664639837]]]}}, {"id": "516", "type": "Feature", "properties": {"kind": "contact_force", "id": 1451}, "geometry": {"type": "MultiLineString", "coordinates": [[[-69.94304336857834, 18.466394159599602], [-69.94304185507558, 18.466394880648988]], [[-69.94304185507558, 18.466394880648988], [-69.9430420655485, 18.466394627874955]], [[-69.94304185507558, 18.466394880648988], [-69.94304219328241, 18.466394872025965]]]}}, {"id": "517", "type": "Feature", "properties": {"kind": "contact_force", "id": 1452}, "geometry": {"type": "MultiLineString", "coordinates": [[[-69.94304329333144, 18.466394195448057], [-69.94304193032248, 18.466394844800536]], [[-69.94304193032248, 18.466394844800536], [-69.9430421198672, 18.466394617160862]], [[-69.94304193032248, 18.466394844800536], [-69.9430422349, 18.466394837034926]]]}}, {"id": "518", "type": "Feature", "properties": {"kind": "contact_force", "id": 1453}, "geometry": {"type": "MultiLineString", "coordinates": [[[-69.93775623431827, 18.464038077111024], [-69.93710739731118, 18.462850997409323]], [[-69.93710739731118, 18.462850997409323], [-69.93733014941039, 18.46301383507493]], [[-69.93710739731118, 18.462850997409323], [-69.93711986219125, 18.463118503929397]]]}}, {"id": "519", "type": "Feature", "properties": {"kind": "contact_force", "id": 1456}, "geometry": {"type": "MultiLineString", "coordinates": [[[-69.94248339303742, 18.465034750591975], [-69.9400351426152, 18.465673519357505]], [[-69.9400351426152, 18.465673519357505], [-69.94042234002221, 18.46536026592792]], [[-69.9400351426152, 18.465673519357505], [-69.94053549561998, 18.465755208897317]]]}}, {"id": "520", "type": "Feature", "properties": {"kind": "contact_force", "id": 1459}, "geometry": {"type": "MultiLineString", "coordinates": [[[-69.94640161610086, 18.464771098717097], [-69.94610168371308, 18.46421427452895]], [[-69.94610168371308, 18.46421427452895], [-69.9462053698887, 18.46429101331414]], [[-69.94610168371308, 18.46421427452895], [-69.9461067296497, 18.464339397458733]]]}}, {"id": "521", "type": "Feature", "properties": {"kind": "contact_force", "id": 1460}, "geometry": {"type": "MultiLineString", "coordinates": [[[-69.94760849080596, 18.459510765837027], [-69.94638616204202, 18.45990037922303]], [[-69.94638616204202, 18.45990037922303], [-69.9465732152562, 18.459731163782635]], [[-69.94638616204202, 18.45990037922303], [-69.94664223217077, 18.459928351931183]]]}}, {"id": "522", "type": "Feature", "properties": {"kind": "contact_force", "id": 1461}, "geometry": {"type": "MultiLineString", "coordinates": [[[-69.94890694259196, 18.463950586340143], [-69.9494606229841, 18.463774453081438]], [[-69.9494606229841, 18.463774453081438], [-69.94937586291854, 18.463851038569086]], [[-69.9494606229841, 18.463774453081438], [-69.94934466129617, 18.463761720202452]]]}}]}